
/Users/mathistelschow/repos/active/bexusclouds/CLOUDS-Spectral-Engine/flight/mcu/build-tools/bme280_probe.elf:     file format elf32-littlearm

Sections:
Idx Name          Size      VMA       LMA       File off  Algn
  0 .text         00006e34  10000000  10000000  00001000  2**3
                  CONTENTS, ALLOC, LOAD, READONLY, CODE
  1 .rodata       000005ec  10006e38  10006e38  00007e38  2**3
                  CONTENTS, ALLOC, LOAD, READONLY, DATA
  2 .ARM.exidx    00000008  10007424  10007424  00008424  2**2
                  CONTENTS, ALLOC, LOAD, READONLY, DATA
  3 .binary_info  00000020  1000742c  1000742c  0000842c  2**2
                  CONTENTS, ALLOC, LOAD, READONLY, DATA
  4 .psram_load   00000000  11000000  11000000  0000a840  2**0
                  CONTENTS
  5 .psram_noload 00000000  11000000  11000000  0000a840  2**0
                  CONTENTS
  6 .xip_ram      00000000  13ffc000  13ffc000  0000a840  2**0
                  CONTENTS
  7 .ram_vector_table 00000110  20000000  20000000  0000b000  2**2
                  ALLOC
  8 .uninitialized_data 00000000  20000110  20000110  0000a840  2**0
                  CONTENTS
  9 .data         000013e0  20000110  1000744c  00009110  2**3
                  CONTENTS, ALLOC, LOAD, READONLY, CODE
 10 .tdata        00000000  200014f0  200014f0  0000a840  2**0
                  CONTENTS, ALLOC, LOAD, DATA, THREAD_LOCAL
 11 .tbss         00000000  200014f0  200014f0  00000000  2**0
                  ALLOC, THREAD_LOCAL
 12 .tbss_space   00000000  200014f0  200014f0  0000a840  2**0
                  CONTENTS
 13 .bss          00002984  200014f0  1000882c  0000b4f0  2**3
                  ALLOC
 14 .tls0         00000000  20003e74  20003e74  0000a840  2**0
                  CONTENTS
 15 .tls1         00000000  20003e74  20003e74  0000a840  2**0
                  CONTENTS
 16 .persistent_data 00000000  20003e74  20003e74  0000a840  2**0
                  CONTENTS
 17 .dummy_pre_heap 00000000  20003e74  20003e74  0000a840  2**0
                  CONTENTS
 18 .heap         00000800  20003e74  20003e74  0000ae74  2**2
                  ALLOC, READONLY
 19 .scratch_x    00000000  20080000  20080000  0000a840  2**0
                  CONTENTS
 20 .scratch_y    00000000  20081000  20081000  0000a840  2**0
                  CONTENTS
 21 .stack_dummy  00000800  20081000  20081000  0000b000  2**5
                  ALLOC, READONLY
 22 .flash_end    00000014  1000882c  1000882c  0000a82c  2**2
                  CONTENTS, ALLOC, LOAD, READONLY, DATA
 23 .debug_info   00042c55  00000000  00000000  0000a840  2**0
                  CONTENTS, READONLY, DEBUGGING, OCTETS
 24 .debug_abbrev 0000abe3  00000000  00000000  0004d495  2**0
                  CONTENTS, READONLY, DEBUGGING, OCTETS
 25 .debug_loclists 0001ee57  00000000  00000000  00058078  2**0
                  CONTENTS, READONLY, DEBUGGING, OCTETS
 26 .debug_aranges 00001598  00000000  00000000  00076ed0  2**3
                  CONTENTS, READONLY, DEBUGGING, OCTETS
 27 .debug_rnglists 00005907  00000000  00000000  00078468  2**0
                  CONTENTS, READONLY, DEBUGGING, OCTETS
 28 .debug_line   000286e3  00000000  00000000  0007dd6f  2**0
                  CONTENTS, READONLY, DEBUGGING, OCTETS
 29 .debug_str    0000aac1  00000000  00000000  000a6452  2**0
                  CONTENTS, READONLY, DEBUGGING, OCTETS
 30 .comment      00000046  00000000  00000000  000b0f13  2**0
                  CONTENTS, READONLY
 31 .ARM.attributes 00000036  00000000  00000000  000b0f59  2**0
                  CONTENTS, READONLY
 32 .debug_frame  000039fc  00000000  00000000  000b0f90  2**2
                  CONTENTS, READONLY, DEBUGGING, OCTETS
 33 .debug_line_str 000002ff  00000000  00000000  000b498c  2**0
                  CONTENTS, READONLY, DEBUGGING, OCTETS

/Users/mathistelschow/repos/active/bexusclouds/CLOUDS-Spectral-Engine/flight/mcu/build-tools/bme280_probe.elf:     file format elf32-littlearm


Disassembly of section .text:

10000000 <__VECTOR_TABLE>:
10000000:	20082000 	.word	0x20082000
10000004:	1000015b 	.word	0x1000015b
10000008:	1000011b 	.word	0x1000011b
1000000c:	1000011d 	.word	0x1000011d
10000010:	10000111 	.word	0x10000111
10000014:	10000111 	.word	0x10000111
10000018:	10000111 	.word	0x10000111
1000001c:	10000111 	.word	0x10000111
10000020:	10000119 	.word	0x10000119
10000024:	10000119 	.word	0x10000119
10000028:	10000119 	.word	0x10000119
1000002c:	1000011f 	.word	0x1000011f
10000030:	10000111 	.word	0x10000111
10000034:	10000119 	.word	0x10000119
10000038:	10000121 	.word	0x10000121
1000003c:	10000123 	.word	0x10000123
10000040:	10000111 	.word	0x10000111
10000044:	10000111 	.word	0x10000111
10000048:	10000111 	.word	0x10000111
1000004c:	10000111 	.word	0x10000111
10000050:	10000111 	.word	0x10000111
10000054:	10000111 	.word	0x10000111
10000058:	10000111 	.word	0x10000111
1000005c:	10000111 	.word	0x10000111
10000060:	10000111 	.word	0x10000111
10000064:	10000111 	.word	0x10000111
10000068:	10000111 	.word	0x10000111
1000006c:	10000111 	.word	0x10000111
10000070:	10000111 	.word	0x10000111
10000074:	10000111 	.word	0x10000111
10000078:	10000111 	.word	0x10000111
1000007c:	10000111 	.word	0x10000111
10000080:	10000111 	.word	0x10000111
10000084:	10000111 	.word	0x10000111
10000088:	10000111 	.word	0x10000111
1000008c:	10000111 	.word	0x10000111
10000090:	10000111 	.word	0x10000111
10000094:	10000111 	.word	0x10000111
10000098:	10000111 	.word	0x10000111
1000009c:	10000111 	.word	0x10000111
100000a0:	10000111 	.word	0x10000111
100000a4:	10000111 	.word	0x10000111
100000a8:	10000111 	.word	0x10000111
100000ac:	10000111 	.word	0x10000111
100000b0:	10000111 	.word	0x10000111
100000b4:	10000111 	.word	0x10000111
100000b8:	10000111 	.word	0x10000111
100000bc:	10000111 	.word	0x10000111
100000c0:	10000111 	.word	0x10000111
100000c4:	10000111 	.word	0x10000111
100000c8:	10000111 	.word	0x10000111
100000cc:	10000111 	.word	0x10000111
100000d0:	10000111 	.word	0x10000111
100000d4:	10000111 	.word	0x10000111
100000d8:	10000111 	.word	0x10000111
100000dc:	10000111 	.word	0x10000111
100000e0:	10000111 	.word	0x10000111
100000e4:	10000111 	.word	0x10000111
100000e8:	10000111 	.word	0x10000111
100000ec:	10000111 	.word	0x10000111
100000f0:	10000111 	.word	0x10000111
100000f4:	10000111 	.word	0x10000111
100000f8:	10000111 	.word	0x10000111
100000fc:	10000111 	.word	0x10000111
10000100:	10000111 	.word	0x10000111
10000104:	10000111 	.word	0x10000111
10000108:	10000111 	.word	0x10000111
1000010c:	10000111 	.word	0x10000111

10000110 <__unhandled_user_irq>:
10000110:	f3ef 8005 	mrs	r0, IPSR
10000114:	3810      	subs	r0, #16

10000116 <unhandled_user_irq_num_in_r0>:
10000116:	be00      	bkpt	0x0000

10000118 <isr_invalid>:
10000118:	be00      	bkpt	0x0000

1000011a <isr_nmi>:
1000011a:	be00      	bkpt	0x0000

1000011c <isr_hardfault>:
1000011c:	be00      	bkpt	0x0000

1000011e <isr_svcall>:
1000011e:	be00      	bkpt	0x0000

10000120 <isr_pendsv>:
10000120:	be00      	bkpt	0x0000

10000122 <isr_systick>:
10000122:	be00      	bkpt	0x0000

10000124 <__default_isrs_end>:
10000124:	7188ebf2 	.word	0x7188ebf2
10000128:	1000742c 	.word	0x1000742c
1000012c:	1000744c 	.word	0x1000744c
10000130:	1000019c 	.word	0x1000019c
10000134:	e71aa390 	.word	0xe71aa390

10000138 <__binary_info_header_end>:
10000138:	ffffded3 	.word	0xffffded3
1000013c:	10210142 	.word	0x10210142
10000140:	000001ff 	.word	0x000001ff
10000144:	000086f4 	.word	0x000086f4
10000148:	ab123579 	.word	0xab123579

1000014c <_entry_point>:
1000014c:	2000      	movs	r0, #0

1000014e <_enter_vtable_in_r0>:
1000014e:	491e      	ldr	r1, [pc, #120]	@ (100001c8 <data_cpy_table+0x2c>)
10000150:	6008      	str	r0, [r1, #0]
10000152:	c806      	ldmia	r0!, {r1, r2}
10000154:	f381 8808 	msr	MSP, r1
10000158:	4710      	bx	r2

1000015a <_reset_handler>:
1000015a:	f04f 4050 	mov.w	r0, #3489660928	@ 0xd0000000
1000015e:	6800      	ldr	r0, [r0, #0]
10000160:	b108      	cbz	r0, 10000166 <hold_non_core0_in_bootrom+0x4>

10000162 <hold_non_core0_in_bootrom>:
10000162:	2000      	movs	r0, #0
10000164:	e7f3      	b.n	1000014e <_enter_vtable_in_r0>
10000166:	a40d      	add	r4, pc, #52	@ (adr r4, 1000019c <data_cpy_table>)
10000168:	cc0e      	ldmia	r4!, {r1, r2, r3}
1000016a:	2900      	cmp	r1, #0
1000016c:	d002      	beq.n	10000174 <hold_non_core0_in_bootrom+0x12>
1000016e:	f000 f812 	bl	10000196 <data_cpy>
10000172:	e7f9      	b.n	10000168 <hold_non_core0_in_bootrom+0x6>
10000174:	4915      	ldr	r1, [pc, #84]	@ (100001cc <data_cpy_table+0x30>)
10000176:	4a16      	ldr	r2, [pc, #88]	@ (100001d0 <data_cpy_table+0x34>)
10000178:	2000      	movs	r0, #0
1000017a:	e000      	b.n	1000017e <bss_fill_test>

1000017c <bss_fill_loop>:
1000017c:	c101      	stmia	r1!, {r0}

1000017e <bss_fill_test>:
1000017e:	4291      	cmp	r1, r2
10000180:	d1fc      	bne.n	1000017c <bss_fill_loop>

10000182 <platform_entry>:
10000182:	4914      	ldr	r1, [pc, #80]	@ (100001d4 <data_cpy_table+0x38>)
10000184:	4788      	blx	r1
10000186:	4914      	ldr	r1, [pc, #80]	@ (100001d8 <data_cpy_table+0x3c>)
10000188:	4788      	blx	r1
1000018a:	4914      	ldr	r1, [pc, #80]	@ (100001dc <data_cpy_table+0x40>)
1000018c:	4788      	blx	r1
1000018e:	be00      	bkpt	0x0000
10000190:	e7fd      	b.n	1000018e <platform_entry+0xc>

10000192 <data_cpy_loop>:
10000192:	c901      	ldmia	r1!, {r0}
10000194:	c201      	stmia	r2!, {r0}

10000196 <data_cpy>:
10000196:	429a      	cmp	r2, r3
10000198:	d3fb      	bcc.n	10000192 <data_cpy_loop>

1000019a <data_cpy_done>:
1000019a:	4770      	bx	lr

1000019c <data_cpy_table>:
1000019c:	1000744c 	.word	0x1000744c
100001a0:	20000110 	.word	0x20000110
100001a4:	200014f0 	.word	0x200014f0
100001a8:	1000882c 	.word	0x1000882c
100001ac:	20080000 	.word	0x20080000
100001b0:	20080000 	.word	0x20080000
100001b4:	1000882c 	.word	0x1000882c
100001b8:	20081000 	.word	0x20081000
100001bc:	20081000 	.word	0x20081000
100001c0:	00000000 	.word	0x00000000
100001c4:	4770      	bx	lr
100001c6:	0000      	.short	0x0000
100001c8:	e000ed08 	.word	0xe000ed08
100001cc:	200014f0 	.word	0x200014f0
100001d0:	20003e74 	.word	0x20003e74
100001d4:	10003e89 	.word	0x10003e89
100001d8:	100001e1 	.word	0x100001e1
100001dc:	10003e81 	.word	0x10003e81

100001e0 <main>:
100001e0:	e92d 4ff0 	stmdb	sp!, {r4, r5, r6, r7, r8, r9, sl, fp, lr}
100001e4:	b093      	sub	sp, #76	@ 0x4c
100001e6:	f003 ff79 	bl	100040dc <stdio_init_all>
100001ea:	f04f 0601 	mov.w	r6, #1
100001ee:	f000 fb1f 	bl	10000830 <hw_init>
100001f2:	4cc1      	ldr	r4, [pc, #772]	@ (100004f8 <main+0x318>)
100001f4:	f814 5b01 	ldrb.w	r5, [r4], #1
100001f8:	4628      	mov	r0, r5
100001fa:	f000 feb9 	bl	10000f70 <gpio_init>
100001fe:	ec46 5044 	gpioc_bit_oe_put r5, r6
10000202:	ec46 5040 	gpioc_bit_out_put r5, r6
10000206:	4bbd      	ldr	r3, [pc, #756]	@ (100004fc <main+0x31c>)
10000208:	42a3      	cmp	r3, r4
1000020a:	d1f3      	bne.n	100001f4 <main+0x14>
1000020c:	f004 fa50 	bl	100046b0 <stdio_usb_connected>
10000210:	b930      	cbnz	r0, 10000220 <main+0x40>
10000212:	2064      	movs	r0, #100	@ 0x64
10000214:	f001 fd18 	bl	10001c48 <sleep_ms>
10000218:	f004 fa4a 	bl	100046b0 <stdio_usb_connected>
1000021c:	2800      	cmp	r0, #0
1000021e:	d0f8      	beq.n	10000212 <main+0x32>
10000220:	f44f 70fa 	mov.w	r0, #500	@ 0x1f4
10000224:	f001 fd10 	bl	10001c48 <sleep_ms>
10000228:	48b5      	ldr	r0, [pc, #724]	@ (10000500 <main+0x320>)
1000022a:	f003 ff9b 	bl	10004164 <__wrap_puts>
1000022e:	2388      	movs	r3, #136	@ 0x88
10000230:	f88d 302b 	strb.w	r3, [sp, #43]	@ 0x2b
10000234:	f001 fe50 	bl	10001ed8 <time_us_64>
10000238:	f04f 35ff 	mov.w	r5, #4294967295	@ 0xffffffff
1000023c:	f06f 4400 	mvn.w	r4, #2147483648	@ 0x80000000
10000240:	f510 50fa 	adds.w	r0, r0, #8000	@ 0x1f40
10000244:	f141 0200 	adc.w	r2, r1, #0
10000248:	4285      	cmp	r5, r0
1000024a:	eb74 0102 	sbcs.w	r1, r4, r2
1000024e:	bf3c      	itt	cc
10000250:	4628      	movcc	r0, r5
10000252:	4622      	movcc	r2, r4
10000254:	2301      	movs	r3, #1
10000256:	9002      	str	r0, [sp, #8]
10000258:	9203      	str	r2, [sp, #12]
1000025a:	2176      	movs	r1, #118	@ 0x76
1000025c:	48a9      	ldr	r0, [pc, #676]	@ (10000504 <main+0x324>)
1000025e:	f10d 022b 	add.w	r2, sp, #43	@ 0x2b
10000262:	9300      	str	r3, [sp, #0]
10000264:	f006 fb7c 	bl	10006960 <i2c_write_blocking_until>
10000268:	2800      	cmp	r0, #0
1000026a:	f280 8277 	bge.w	1000075c <main+0x57c>
1000026e:	f10d 092c 	add.w	r9, sp, #44	@ 0x2c
10000272:	2008      	movs	r0, #8
10000274:	f000 fe7c 	bl	10000f70 <gpio_init>
10000278:	f04f 0600 	mov.w	r6, #0
1000027c:	2308      	movs	r3, #8
1000027e:	ec46 3044 	gpioc_bit_oe_put r3, r6
10000282:	f04f 4550 	mov.w	r5, #3489660928	@ 0xd0000000
10000286:	4618      	mov	r0, r3
10000288:	2200      	movs	r2, #0
1000028a:	2101      	movs	r1, #1
1000028c:	f000 fe4e 	bl	10000f2c <gpio_set_pulls>
10000290:	2001      	movs	r0, #1
10000292:	f001 fcd9 	bl	10001c48 <sleep_ms>
10000296:	6869      	ldr	r1, [r5, #4]
10000298:	489b      	ldr	r0, [pc, #620]	@ (10000508 <main+0x328>)
1000029a:	f3c1 2100 	ubfx	r1, r1, #8, #1
1000029e:	f003 ffdf 	bl	10004260 <__wrap_printf>
100002a2:	2409      	movs	r4, #9
100002a4:	ec46 4040 	gpioc_bit_out_put r4, r6
100002a8:	2001      	movs	r0, #1
100002aa:	f001 fccd 	bl	10001c48 <sleep_ms>
100002ae:	6869      	ldr	r1, [r5, #4]
100002b0:	4896      	ldr	r0, [pc, #600]	@ (1000050c <main+0x32c>)
100002b2:	f3c1 2100 	ubfx	r1, r1, #8, #1
100002b6:	f003 ffd3 	bl	10004260 <__wrap_printf>
100002ba:	f04f 0301 	mov.w	r3, #1
100002be:	ec43 4040 	gpioc_bit_out_put r4, r3
100002c2:	2201      	movs	r2, #1
100002c4:	2100      	movs	r1, #0
100002c6:	2008      	movs	r0, #8
100002c8:	f000 fe30 	bl	10000f2c <gpio_set_pulls>
100002cc:	2101      	movs	r1, #1
100002ce:	2008      	movs	r0, #8
100002d0:	f000 fe0e 	bl	10000ef0 <gpio_set_function>
100002d4:	2178      	movs	r1, #120	@ 0x78
100002d6:	488e      	ldr	r0, [pc, #568]	@ (10000510 <main+0x330>)
100002d8:	f003 ffc2 	bl	10004260 <__wrap_printf>
100002dc:	2300      	movs	r3, #0
100002de:	f04f 0b01 	mov.w	fp, #1
100002e2:	9309      	str	r3, [sp, #36]	@ 0x24
100002e4:	4b8b      	ldr	r3, [pc, #556]	@ (10000514 <main+0x334>)
100002e6:	f8df a248 	ldr.w	sl, [pc, #584]	@ 10000530 <main+0x350>
100002ea:	9308      	str	r3, [sp, #32]
100002ec:	2600      	movs	r6, #0
100002ee:	2101      	movs	r1, #1
100002f0:	4632      	mov	r2, r6
100002f2:	2008      	movs	r0, #8
100002f4:	f88a 6000 	strb.w	r6, [sl]
100002f8:	f000 fe18 	bl	10000f2c <gpio_set_pulls>
100002fc:	23d0      	movs	r3, #208	@ 0xd0
100002fe:	2702      	movs	r7, #2
10000300:	4c85      	ldr	r4, [pc, #532]	@ (10000518 <main+0x338>)
10000302:	4986      	ldr	r1, [pc, #536]	@ (1000051c <main+0x33c>)
10000304:	4620      	mov	r0, r4
10000306:	f88d 302b 	strb.w	r3, [sp, #43]	@ 0x2b
1000030a:	f88d 602c 	strb.w	r6, [sp, #44]	@ 0x2c
1000030e:	f006 fbdd 	bl	10006acc <spi_set_baudrate>
10000312:	4b83      	ldr	r3, [pc, #524]	@ (10000520 <main+0x340>)
10000314:	6862      	ldr	r2, [r4, #4]
10000316:	605f      	str	r7, [r3, #4]
10000318:	6823      	ldr	r3, [r4, #0]
1000031a:	4882      	ldr	r0, [pc, #520]	@ (10000524 <main+0x344>)
1000031c:	4982      	ldr	r1, [pc, #520]	@ (10000528 <main+0x348>)
1000031e:	f083 0307 	eor.w	r3, r3, #7
10000322:	403a      	ands	r2, r7
10000324:	f003 03cf 	and.w	r3, r3, #207	@ 0xcf
10000328:	6003      	str	r3, [r0, #0]
1000032a:	2509      	movs	r5, #9
1000032c:	604a      	str	r2, [r1, #4]
1000032e:	ec46 5040 	gpioc_bit_out_put r5, r6
10000332:	2201      	movs	r2, #1
10000334:	f10d 012b 	add.w	r1, sp, #43	@ 0x2b
10000338:	4620      	mov	r0, r4
1000033a:	f006 fd41 	bl	10006dc0 <__spi_write_blocking_veneer>
1000033e:	2301      	movs	r3, #1
10000340:	4620      	mov	r0, r4
10000342:	464a      	mov	r2, r9
10000344:	4631      	mov	r1, r6
10000346:	f006 fd43 	bl	10006dd0 <__spi_read_blocking_veneer>
1000034a:	ec4b 5040 	gpioc_bit_out_put r5, fp
1000034e:	f44f 5180 	mov.w	r1, #4096	@ 0x1000
10000352:	f89d 302c 	ldrb.w	r3, [sp, #44]	@ 0x2c
10000356:	4a75      	ldr	r2, [pc, #468]	@ (1000052c <main+0x34c>)
10000358:	4875      	ldr	r0, [pc, #468]	@ (10000530 <main+0x350>)
1000035a:	f003 fd4b 	bl	10003df4 <__wrap_snprintf>
1000035e:	2201      	movs	r2, #1
10000360:	2008      	movs	r0, #8
10000362:	4631      	mov	r1, r6
10000364:	f000 fde2 	bl	10000f2c <gpio_set_pulls>
10000368:	232a      	movs	r3, #42	@ 0x2a
1000036a:	250a      	movs	r5, #10
1000036c:	9305      	str	r3, [sp, #20]
1000036e:	4b62      	ldr	r3, [pc, #392]	@ (100004f8 <main+0x318>)
10000370:	9306      	str	r3, [sp, #24]
10000372:	4b70      	ldr	r3, [pc, #448]	@ (10000534 <main+0x354>)
10000374:	681b      	ldr	r3, [r3, #0]
10000376:	9307      	str	r3, [sp, #28]
10000378:	9b07      	ldr	r3, [sp, #28]
1000037a:	f8a9 3000 	strh.w	r3, [r9]
1000037e:	f10d 092c 	add.w	r9, sp, #44	@ 0x2c
10000382:	464f      	mov	r7, r9
10000384:	464c      	mov	r4, r9
10000386:	0c1b      	lsrs	r3, r3, #16
10000388:	f88d 302e 	strb.w	r3, [sp, #46]	@ 0x2e
1000038c:	9b06      	ldr	r3, [sp, #24]
1000038e:	f813 2b01 	ldrb.w	r2, [r3], #1
10000392:	9204      	str	r2, [sp, #16]
10000394:	9306      	str	r3, [sp, #24]
10000396:	f814 0b01 	ldrb.w	r0, [r4], #1
1000039a:	f000 fde9 	bl	10000f70 <gpio_init>
1000039e:	f10d 032f 	add.w	r3, sp, #47	@ 0x2f
100003a2:	429c      	cmp	r4, r3
100003a4:	d1f7      	bne.n	10000396 <main+0x1b6>
100003a6:	ec4b 5044 	gpioc_bit_oe_put r5, fp
100003aa:	ec46 5040 	gpioc_bit_out_put r5, r6
100003ae:	2308      	movs	r3, #8
100003b0:	ec4b 3044 	gpioc_bit_oe_put r3, fp
100003b4:	230b      	movs	r3, #11
100003b6:	ec46 3044 	gpioc_bit_oe_put r3, r6
100003ba:	9b04      	ldr	r3, [sp, #16]
100003bc:	ec46 3040 	gpioc_bit_out_put r3, r6
100003c0:	2005      	movs	r0, #5
100003c2:	2100      	movs	r1, #0
100003c4:	f001 fd92 	bl	10001eec <busy_wait_us>
100003c8:	2407      	movs	r4, #7
100003ca:	23d0      	movs	r3, #208	@ 0xd0
100003cc:	4123      	asrs	r3, r4
100003ce:	2208      	movs	r2, #8
100003d0:	f003 0301 	and.w	r3, r3, #1
100003d4:	ec43 2040 	gpioc_bit_out_put r2, r3
100003d8:	2005      	movs	r0, #5
100003da:	2100      	movs	r1, #0
100003dc:	f001 fd86 	bl	10001eec <busy_wait_us>
100003e0:	ec4b 5040 	gpioc_bit_out_put r5, fp
100003e4:	2005      	movs	r0, #5
100003e6:	2100      	movs	r1, #0
100003e8:	f001 fd80 	bl	10001eec <busy_wait_us>
100003ec:	ec46 5040 	gpioc_bit_out_put r5, r6
100003f0:	3c01      	subs	r4, #1
100003f2:	d2ea      	bcs.n	100003ca <main+0x1ea>
100003f4:	2308      	movs	r3, #8
100003f6:	ec46 3040 	gpioc_bit_out_put r3, r6
100003fa:	2400      	movs	r4, #0
100003fc:	f04f 0807 	mov.w	r8, #7
10000400:	2005      	movs	r0, #5
10000402:	2100      	movs	r1, #0
10000404:	f001 fd72 	bl	10001eec <busy_wait_us>
10000408:	ec4b 5040 	gpioc_bit_out_put r5, fp
1000040c:	f04f 4350 	mov.w	r3, #3489660928	@ 0xd0000000
10000410:	685b      	ldr	r3, [r3, #4]
10000412:	2005      	movs	r0, #5
10000414:	f3c3 23c0 	ubfx	r3, r3, #11, #1
10000418:	fa03 f308 	lsl.w	r3, r3, r8
1000041c:	431c      	orrs	r4, r3
1000041e:	2100      	movs	r1, #0
10000420:	f001 fd64 	bl	10001eec <busy_wait_us>
10000424:	b2e4      	uxtb	r4, r4
10000426:	ec46 5040 	gpioc_bit_out_put r5, r6
1000042a:	f1b8 0801 	subs.w	r8, r8, #1
1000042e:	d2e7      	bcs.n	10000400 <main+0x220>
10000430:	9b04      	ldr	r3, [sp, #16]
10000432:	ec4b 3040 	gpioc_bit_out_put r3, fp
10000436:	f817 0b01 	ldrb.w	r0, [r7], #1
1000043a:	2101      	movs	r1, #1
1000043c:	f000 fd58 	bl	10000ef0 <gpio_set_function>
10000440:	f10d 032f 	add.w	r3, sp, #47	@ 0x2f
10000444:	42bb      	cmp	r3, r7
10000446:	d1f6      	bne.n	10000436 <main+0x256>
10000448:	9b05      	ldr	r3, [sp, #20]
1000044a:	2c60      	cmp	r4, #96	@ 0x60
1000044c:	eb0a 0003 	add.w	r0, sl, r3
10000450:	f5c3 5180 	rsb	r1, r3, #4096	@ 0x1000
10000454:	bf0c      	ite	eq
10000456:	4b38      	ldreq	r3, [pc, #224]	@ (10000538 <main+0x358>)
10000458:	4b38      	ldrne	r3, [pc, #224]	@ (1000053c <main+0x35c>)
1000045a:	4a39      	ldr	r2, [pc, #228]	@ (10000540 <main+0x360>)
1000045c:	e9cd 4300 	strd	r4, r3, [sp]
10000460:	9b04      	ldr	r3, [sp, #16]
10000462:	f003 fcc7 	bl	10003df4 <__wrap_snprintf>
10000466:	9b05      	ldr	r3, [sp, #20]
10000468:	9a06      	ldr	r2, [sp, #24]
1000046a:	4403      	add	r3, r0
1000046c:	9305      	str	r3, [sp, #20]
1000046e:	4b23      	ldr	r3, [pc, #140]	@ (100004fc <main+0x31c>)
10000470:	4293      	cmp	r3, r2
10000472:	d181      	bne.n	10000378 <main+0x198>
10000474:	9c05      	ldr	r4, [sp, #20]
10000476:	4a33      	ldr	r2, [pc, #204]	@ (10000544 <main+0x364>)
10000478:	f5c4 5180 	rsb	r1, r4, #4096	@ 0x1000
1000047c:	eb0a 0004 	add.w	r0, sl, r4
10000480:	f003 fcb8 	bl	10003df4 <__wrap_snprintf>
10000484:	2608      	movs	r6, #8
10000486:	f04f 38ff 	mov.w	r8, #4294967295	@ 0xffffffff
1000048a:	1907      	adds	r7, r0, r4
1000048c:	f001 fd24 	bl	10001ed8 <time_us_64>
10000490:	f06f 4c00 	mvn.w	ip, #2147483648	@ 0x80000000
10000494:	f510 54fa 	adds.w	r4, r0, #8000	@ 0x1f40
10000498:	f141 0500 	adc.w	r5, r1, #0
1000049c:	45a0      	cmp	r8, r4
1000049e:	eb7c 0005 	sbcs.w	r0, ip, r5
100004a2:	bf3c      	itt	cc
100004a4:	f04f 34ff 	movcc.w	r4, #4294967295	@ 0xffffffff
100004a8:	4665      	movcc	r5, ip
100004aa:	f04f 0e00 	mov.w	lr, #0
100004ae:	b2f1      	uxtb	r1, r6
100004b0:	2301      	movs	r3, #1
100004b2:	464a      	mov	r2, r9
100004b4:	e9cd 4502 	strd	r4, r5, [sp, #8]
100004b8:	4812      	ldr	r0, [pc, #72]	@ (10000504 <main+0x324>)
100004ba:	f8cd e000 	str.w	lr, [sp]
100004be:	f006 fa6b 	bl	10006998 <i2c_read_blocking_until>
100004c2:	2800      	cmp	r0, #0
100004c4:	f5c7 5180 	rsb	r1, r7, #4096	@ 0x1000
100004c8:	eb0a 0007 	add.w	r0, sl, r7
100004cc:	f280 809f 	bge.w	1000060e <main+0x42e>
100004d0:	3601      	adds	r6, #1
100004d2:	2e78      	cmp	r6, #120	@ 0x78
100004d4:	d1da      	bne.n	1000048c <main+0x2ac>
100004d6:	f5c7 5180 	rsb	r1, r7, #4096	@ 0x1000
100004da:	eb0a 0007 	add.w	r0, sl, r7
100004de:	4a1a      	ldr	r2, [pc, #104]	@ (10000548 <main+0x368>)
100004e0:	f003 fc88 	bl	10003df4 <__wrap_snprintf>
100004e4:	2509      	movs	r5, #9
100004e6:	f8df e010 	ldr.w	lr, [pc, #16]	@ 100004f8 <main+0x318>
100004ea:	4407      	add	r7, r0
100004ec:	f8cd 9018 	str.w	r9, [sp, #24]
100004f0:	2600      	movs	r6, #0
100004f2:	f8cd e014 	str.w	lr, [sp, #20]
100004f6:	e029      	b.n	1000054c <main+0x36c>
100004f8:	100071d0 	.word	0x100071d0
100004fc:	100071d4 	.word	0x100071d4
10000500:	10006e48 	.word	0x10006e48
10000504:	200014e0 	.word	0x200014e0
10000508:	10006ec8 	.word	0x10006ec8
1000050c:	10006ef8 	.word	0x10006ef8
10000510:	10006f28 	.word	0x10006f28
10000514:	100071d3 	.word	0x100071d3
10000518:	40088000 	.word	0x40088000
1000051c:	000186a0 	.word	0x000186a0
10000520:	4008b000 	.word	0x4008b000
10000524:	40089000 	.word	0x40089000
10000528:	4008a000 	.word	0x4008a000
1000052c:	10006f54 	.word	0x10006f54
10000530:	20001e14 	.word	0x20001e14
10000534:	1000704c 	.word	0x1000704c
10000538:	10006e38 	.word	0x10006e38
1000053c:	10007010 	.word	0x10007010
10000540:	10006f84 	.word	0x10006f84
10000544:	10006fb8 	.word	0x10006fb8
10000548:	10006fcc 	.word	0x10006fcc
1000054c:	2e00      	cmp	r6, #0
1000054e:	bf14      	ite	ne
10000550:	2303      	movne	r3, #3
10000552:	2300      	moveq	r3, #0
10000554:	f1c6 0800 	rsb	r8, r6, #0
10000558:	f008 08c0 	and.w	r8, r8, #192	@ 0xc0
1000055c:	f8df 9294 	ldr.w	r9, [pc, #660]	@ 100007f4 <main+0x614>
10000560:	f048 0807 	orr.w	r8, r8, #7
10000564:	9304      	str	r3, [sp, #16]
10000566:	9607      	str	r6, [sp, #28]
10000568:	f04f 0200 	mov.w	r2, #0
1000056c:	23d0      	movs	r3, #208	@ 0xd0
1000056e:	f859 4b04 	ldr.w	r4, [r9], #4
10000572:	488f      	ldr	r0, [pc, #572]	@ (100007b0 <main+0x5d0>)
10000574:	4621      	mov	r1, r4
10000576:	4616      	mov	r6, r2
10000578:	f88d 202c 	strb.w	r2, [sp, #44]	@ 0x2c
1000057c:	f88d 302b 	strb.w	r3, [sp, #43]	@ 0x2b
10000580:	f006 faa4 	bl	10006acc <spi_set_baudrate>
10000584:	2302      	movs	r3, #2
10000586:	498a      	ldr	r1, [pc, #552]	@ (100007b0 <main+0x5d0>)
10000588:	4a8a      	ldr	r2, [pc, #552]	@ (100007b4 <main+0x5d4>)
1000058a:	6849      	ldr	r1, [r1, #4]
1000058c:	6053      	str	r3, [r2, #4]
1000058e:	4019      	ands	r1, r3
10000590:	4b87      	ldr	r3, [pc, #540]	@ (100007b0 <main+0x5d0>)
10000592:	f8df c264 	ldr.w	ip, [pc, #612]	@ 100007f8 <main+0x618>
10000596:	681b      	ldr	r3, [r3, #0]
10000598:	4887      	ldr	r0, [pc, #540]	@ (100007b8 <main+0x5d8>)
1000059a:	ea88 0303 	eor.w	r3, r8, r3
1000059e:	f003 03cf 	and.w	r3, r3, #207	@ 0xcf
100005a2:	f8cc 3000 	str.w	r3, [ip]
100005a6:	6041      	str	r1, [r0, #4]
100005a8:	ec46 5040 	gpioc_bit_out_put r5, r6
100005ac:	2201      	movs	r2, #1
100005ae:	f10d 012b 	add.w	r1, sp, #43	@ 0x2b
100005b2:	f5a0 5000 	sub.w	r0, r0, #8192	@ 0x2000
100005b6:	f006 fc03 	bl	10006dc0 <__spi_write_blocking_veneer>
100005ba:	2301      	movs	r3, #1
100005bc:	2100      	movs	r1, #0
100005be:	9a06      	ldr	r2, [sp, #24]
100005c0:	487b      	ldr	r0, [pc, #492]	@ (100007b0 <main+0x5d0>)
100005c2:	f006 fc05 	bl	10006dd0 <__spi_read_blocking_veneer>
100005c6:	ec4b 5040 	gpioc_bit_out_put r5, fp
100005ca:	4b7c      	ldr	r3, [pc, #496]	@ (100007bc <main+0x5dc>)
100005cc:	eb0a 0007 	add.w	r0, sl, r7
100005d0:	fba3 3404 	umull	r3, r4, r3, r4
100005d4:	f89d 302c 	ldrb.w	r3, [sp, #44]	@ 0x2c
100005d8:	09a4      	lsrs	r4, r4, #6
100005da:	2b60      	cmp	r3, #96	@ 0x60
100005dc:	bf0c      	ite	eq
100005de:	4a78      	ldreq	r2, [pc, #480]	@ (100007c0 <main+0x5e0>)
100005e0:	4a78      	ldrne	r2, [pc, #480]	@ (100007c4 <main+0x5e4>)
100005e2:	f5c7 5180 	rsb	r1, r7, #4096	@ 0x1000
100005e6:	e9cd 3202 	strd	r3, r2, [sp, #8]
100005ea:	9a04      	ldr	r2, [sp, #16]
100005ec:	462b      	mov	r3, r5
100005ee:	9200      	str	r2, [sp, #0]
100005f0:	9401      	str	r4, [sp, #4]
100005f2:	4a75      	ldr	r2, [pc, #468]	@ (100007c8 <main+0x5e8>)
100005f4:	f003 fbfe 	bl	10003df4 <__wrap_snprintf>
100005f8:	4b74      	ldr	r3, [pc, #464]	@ (100007cc <main+0x5ec>)
100005fa:	4407      	add	r7, r0
100005fc:	454b      	cmp	r3, r9
100005fe:	d110      	bne.n	10000622 <main+0x442>
10000600:	9e07      	ldr	r6, [sp, #28]
10000602:	1c73      	adds	r3, r6, #1
10000604:	b986      	cbnz	r6, 10000628 <main+0x448>
10000606:	9b05      	ldr	r3, [sp, #20]
10000608:	2601      	movs	r6, #1
1000060a:	781d      	ldrb	r5, [r3, #0]
1000060c:	e79e      	b.n	1000054c <main+0x36c>
1000060e:	4633      	mov	r3, r6
10000610:	4a6f      	ldr	r2, [pc, #444]	@ (100007d0 <main+0x5f0>)
10000612:	f003 fbef 	bl	10003df4 <__wrap_snprintf>
10000616:	3601      	adds	r6, #1
10000618:	2e78      	cmp	r6, #120	@ 0x78
1000061a:	4407      	add	r7, r0
1000061c:	f47f af36 	bne.w	1000048c <main+0x2ac>
10000620:	e759      	b.n	100004d6 <main+0x2f6>
10000622:	9b05      	ldr	r3, [sp, #20]
10000624:	781d      	ldrb	r5, [r3, #0]
10000626:	e79f      	b.n	10000568 <main+0x388>
10000628:	f8dd e014 	ldr.w	lr, [sp, #20]
1000062c:	9a08      	ldr	r2, [sp, #32]
1000062e:	4572      	cmp	r2, lr
10000630:	d002      	beq.n	10000638 <main+0x458>
10000632:	f81e 5f01 	ldrb.w	r5, [lr, #1]!
10000636:	e75b      	b.n	100004f0 <main+0x310>
10000638:	461c      	mov	r4, r3
1000063a:	f04f 0876 	mov.w	r8, #118	@ 0x76
1000063e:	f8dd 9018 	ldr.w	r9, [sp, #24]
10000642:	23d0      	movs	r3, #208	@ 0xd0
10000644:	f88d 302b 	strb.w	r3, [sp, #43]	@ 0x2b
10000648:	2300      	movs	r3, #0
1000064a:	f88d 302c 	strb.w	r3, [sp, #44]	@ 0x2c
1000064e:	f001 fc43 	bl	10001ed8 <time_us_64>
10000652:	f04f 32ff 	mov.w	r2, #4294967295	@ 0xffffffff
10000656:	f06f 4300 	mvn.w	r3, #2147483648	@ 0x80000000
1000065a:	f510 50fa 	adds.w	r0, r0, #8000	@ 0x1f40
1000065e:	f141 0100 	adc.w	r1, r1, #0
10000662:	4282      	cmp	r2, r0
10000664:	eb73 0501 	sbcs.w	r5, r3, r1
10000668:	bf3c      	itt	cc
1000066a:	4610      	movcc	r0, r2
1000066c:	4619      	movcc	r1, r3
1000066e:	f8cd b000 	str.w	fp, [sp]
10000672:	e9cd 0102 	strd	r0, r1, [sp, #8]
10000676:	2301      	movs	r3, #1
10000678:	4641      	mov	r1, r8
1000067a:	4856      	ldr	r0, [pc, #344]	@ (100007d4 <main+0x5f4>)
1000067c:	f10d 022b 	add.w	r2, sp, #43	@ 0x2b
10000680:	f006 f96e 	bl	10006960 <i2c_write_blocking_until>
10000684:	2800      	cmp	r0, #0
10000686:	eb0a 0507 	add.w	r5, sl, r7
1000068a:	f5c7 5680 	rsb	r6, r7, #4096	@ 0x1000
1000068e:	db47      	blt.n	10000720 <main+0x540>
10000690:	f001 fc22 	bl	10001ed8 <time_us_64>
10000694:	f04f 32ff 	mov.w	r2, #4294967295	@ 0xffffffff
10000698:	f06f 4300 	mvn.w	r3, #2147483648	@ 0x80000000
1000069c:	f510 50fa 	adds.w	r0, r0, #8000	@ 0x1f40
100006a0:	f141 0100 	adc.w	r1, r1, #0
100006a4:	4282      	cmp	r2, r0
100006a6:	eb73 0c01 	sbcs.w	ip, r3, r1
100006aa:	bf3c      	itt	cc
100006ac:	4610      	movcc	r0, r2
100006ae:	4619      	movcc	r1, r3
100006b0:	2300      	movs	r3, #0
100006b2:	e9cd 0102 	strd	r0, r1, [sp, #8]
100006b6:	9300      	str	r3, [sp, #0]
100006b8:	464a      	mov	r2, r9
100006ba:	2301      	movs	r3, #1
100006bc:	4641      	mov	r1, r8
100006be:	4845      	ldr	r0, [pc, #276]	@ (100007d4 <main+0x5f4>)
100006c0:	f006 f96a 	bl	10006998 <i2c_read_blocking_until>
100006c4:	2800      	cmp	r0, #0
100006c6:	db2b      	blt.n	10000720 <main+0x540>
100006c8:	f89d 302c 	ldrb.w	r3, [sp, #44]	@ 0x2c
100006cc:	4631      	mov	r1, r6
100006ce:	2b60      	cmp	r3, #96	@ 0x60
100006d0:	bf0c      	ite	eq
100006d2:	4a3b      	ldreq	r2, [pc, #236]	@ (100007c0 <main+0x5e0>)
100006d4:	4a3b      	ldrne	r2, [pc, #236]	@ (100007c4 <main+0x5e4>)
100006d6:	4628      	mov	r0, r5
100006d8:	e9cd 3200 	strd	r3, r2, [sp]
100006dc:	4643      	mov	r3, r8
100006de:	4a3e      	ldr	r2, [pc, #248]	@ (100007d8 <main+0x5f8>)
100006e0:	f003 fb88 	bl	10003df4 <__wrap_snprintf>
100006e4:	4407      	add	r7, r0
100006e6:	2c01      	cmp	r4, #1
100006e8:	f04f 0877 	mov.w	r8, #119	@ 0x77
100006ec:	d116      	bne.n	1000071c <main+0x53c>
100006ee:	493b      	ldr	r1, [pc, #236]	@ (100007dc <main+0x5fc>)
100006f0:	483b      	ldr	r0, [pc, #236]	@ (100007e0 <main+0x600>)
100006f2:	f006 fa39 	bl	10006b68 <strcmp>
100006f6:	b9d8      	cbnz	r0, 10000730 <main+0x550>
100006f8:	f44f 707a 	mov.w	r0, #1000	@ 0x3e8
100006fc:	f001 faa4 	bl	10001c48 <sleep_ms>
10000700:	9b09      	ldr	r3, [sp, #36]	@ 0x24
10000702:	3301      	adds	r3, #1
10000704:	2b78      	cmp	r3, #120	@ 0x78
10000706:	9309      	str	r3, [sp, #36]	@ 0x24
10000708:	f47f adf0 	bne.w	100002ec <main+0x10c>
1000070c:	4835      	ldr	r0, [pc, #212]	@ (100007e4 <main+0x604>)
1000070e:	f003 fd29 	bl	10004164 <__wrap_puts>
10000712:	f44f 707a 	mov.w	r0, #1000	@ 0x3e8
10000716:	f001 fa97 	bl	10001c48 <sleep_ms>
1000071a:	e7fa      	b.n	10000712 <main+0x532>
1000071c:	2401      	movs	r4, #1
1000071e:	e790      	b.n	10000642 <main+0x462>
10000720:	4643      	mov	r3, r8
10000722:	4631      	mov	r1, r6
10000724:	4628      	mov	r0, r5
10000726:	4a30      	ldr	r2, [pc, #192]	@ (100007e8 <main+0x608>)
10000728:	f003 fb64 	bl	10003df4 <__wrap_snprintf>
1000072c:	4407      	add	r7, r0
1000072e:	e7da      	b.n	100006e6 <main+0x506>
10000730:	9c09      	ldr	r4, [sp, #36]	@ 0x24
10000732:	4a2b      	ldr	r2, [pc, #172]	@ (100007e0 <main+0x600>)
10000734:	4621      	mov	r1, r4
10000736:	482d      	ldr	r0, [pc, #180]	@ (100007ec <main+0x60c>)
10000738:	f003 fd92 	bl	10004260 <__wrap_printf>
1000073c:	f44f 5280 	mov.w	r2, #4096	@ 0x1000
10000740:	4927      	ldr	r1, [pc, #156]	@ (100007e0 <main+0x600>)
10000742:	4826      	ldr	r0, [pc, #152]	@ (100007dc <main+0x5fc>)
10000744:	f006 fb1c 	bl	10006d80 <__memcpy_veneer>
10000748:	f44f 707a 	mov.w	r0, #1000	@ 0x3e8
1000074c:	f001 fa7c 	bl	10001c48 <sleep_ms>
10000750:	1c63      	adds	r3, r4, #1
10000752:	2b78      	cmp	r3, #120	@ 0x78
10000754:	9309      	str	r3, [sp, #36]	@ 0x24
10000756:	f47f adc9 	bne.w	100002ec <main+0x10c>
1000075a:	e7d7      	b.n	1000070c <main+0x52c>
1000075c:	f001 fbbc 	bl	10001ed8 <time_us_64>
10000760:	f04f 35ff 	mov.w	r5, #4294967295	@ 0xffffffff
10000764:	f06f 4400 	mvn.w	r4, #2147483648	@ 0x80000000
10000768:	f510 50fa 	adds.w	r0, r0, #8000	@ 0x1f40
1000076c:	f141 0200 	adc.w	r2, r1, #0
10000770:	4285      	cmp	r5, r0
10000772:	eb74 0102 	sbcs.w	r1, r4, r2
10000776:	bf3c      	itt	cc
10000778:	4622      	movcc	r2, r4
1000077a:	4628      	movcc	r0, r5
1000077c:	2400      	movs	r4, #0
1000077e:	f10d 092c 	add.w	r9, sp, #44	@ 0x2c
10000782:	e9cd 0202 	strd	r0, r2, [sp, #8]
10000786:	231a      	movs	r3, #26
10000788:	464a      	mov	r2, r9
1000078a:	2176      	movs	r1, #118	@ 0x76
1000078c:	4811      	ldr	r0, [pc, #68]	@ (100007d4 <main+0x5f4>)
1000078e:	9400      	str	r4, [sp, #0]
10000790:	f006 f902 	bl	10006998 <i2c_read_blocking_until>
10000794:	42a0      	cmp	r0, r4
10000796:	f6ff ad6c 	blt.w	10000272 <main+0x92>
1000079a:	f89d 3045 	ldrb.w	r3, [sp, #69]	@ 0x45
1000079e:	f8bd 2032 	ldrh.w	r2, [sp, #50]	@ 0x32
100007a2:	f8bd 102c 	ldrh.w	r1, [sp, #44]	@ 0x2c
100007a6:	4812      	ldr	r0, [pc, #72]	@ (100007f0 <main+0x610>)
100007a8:	f003 fd5a 	bl	10004260 <__wrap_printf>
100007ac:	e561      	b.n	10000272 <main+0x92>
100007ae:	bf00      	nop
100007b0:	40088000 	.word	0x40088000
100007b4:	4008b000 	.word	0x4008b000
100007b8:	4008a000 	.word	0x4008a000
100007bc:	10624dd3 	.word	0x10624dd3
100007c0:	10006e38 	.word	0x10006e38
100007c4:	10007010 	.word	0x10007010
100007c8:	10006fd0 	.word	0x10006fd0
100007cc:	100071d0 	.word	0x100071d0
100007d0:	10006fc4 	.word	0x10006fc4
100007d4:	200014e0 	.word	0x200014e0
100007d8:	10007014 	.word	0x10007014
100007dc:	20002e40 	.word	0x20002e40
100007e0:	20001e14 	.word	0x20001e14
100007e4:	1000703c 	.word	0x1000703c
100007e8:	10006ffc 	.word	0x10006ffc
100007ec:	10007030 	.word	0x10007030
100007f0:	10006e6c 	.word	0x10006e6c
100007f4:	100071c8 	.word	0x100071c8
100007f8:	40089000 	.word	0x40089000

100007fc <pulse_init>:
100007fc:	2300      	movs	r3, #0
100007fe:	22ff      	movs	r2, #255	@ 0xff
10000800:	e9c0 3300 	strd	r3, r3, [r0]
10000804:	e9c0 3302 	strd	r3, r3, [r0, #8]
10000808:	e9c0 3304 	strd	r3, r3, [r0, #16]
1000080c:	7182      	strb	r2, [r0, #6]
1000080e:	4770      	bx	lr

10000810 <sqwave_init>:
10000810:	2300      	movs	r3, #0
10000812:	ed9f 7b05 	vldr	d7, [pc, #20]	@ 10000828 <sqwave_init+0x18>
10000816:	e9c0 3301 	strd	r3, r3, [r0, #4]
1000081a:	ed80 7b04 	vstr	d7, [r0, #16]
1000081e:	8003      	strh	r3, [r0, #0]
10000820:	4770      	bx	lr
10000822:	bf00      	nop
10000824:	f3af 8000 	nop.w
	...

10000830 <hw_init>:
10000830:	b5f0      	push	{r4, r5, r6, r7, lr}
10000832:	f04f 0601 	mov.w	r6, #1
10000836:	f04f 0700 	mov.w	r7, #0
1000083a:	b085      	sub	sp, #20
1000083c:	4b45      	ldr	r3, [pc, #276]	@ (10000954 <hw_init+0x124>)
1000083e:	ad01      	add	r5, sp, #4
10000840:	e893 0007 	ldmia.w	r3, {r0, r1, r2}
10000844:	e885 0007 	stmia.w	r5, {r0, r1, r2}
10000848:	f855 4b04 	ldr.w	r4, [r5], #4
1000084c:	4620      	mov	r0, r4
1000084e:	f000 fb8f 	bl	10000f70 <gpio_init>
10000852:	ec46 4044 	gpioc_bit_oe_put r4, r6
10000856:	ec47 4040 	gpioc_bit_out_put r4, r7
1000085a:	ab04      	add	r3, sp, #16
1000085c:	429d      	cmp	r5, r3
1000085e:	d1f3      	bne.n	10000848 <hw_init+0x18>
10000860:	483d      	ldr	r0, [pc, #244]	@ (10000958 <hw_init+0x128>)
10000862:	f7ff ffcb 	bl	100007fc <pulse_init>
10000866:	483d      	ldr	r0, [pc, #244]	@ (1000095c <hw_init+0x12c>)
10000868:	f7ff ffd2 	bl	10000810 <sqwave_init>
1000086c:	201e      	movs	r0, #30
1000086e:	f000 fb7f 	bl	10000f70 <gpio_init>
10000872:	201e      	movs	r0, #30
10000874:	ec47 0044 	gpioc_bit_oe_put r0, r7
10000878:	2200      	movs	r2, #0
1000087a:	2101      	movs	r1, #1
1000087c:	f000 fb56 	bl	10000f2c <gpio_set_pulls>
10000880:	f005 febe 	bl	10006600 <adc_init>
10000884:	211f      	movs	r1, #31
10000886:	202e      	movs	r0, #46	@ 0x2e
10000888:	f000 fb32 	bl	10000ef0 <gpio_set_function>
1000088c:	2200      	movs	r2, #0
1000088e:	202e      	movs	r0, #46	@ 0x2e
10000890:	4611      	mov	r1, r2
10000892:	f000 fb4b 	bl	10000f2c <gpio_set_pulls>
10000896:	2100      	movs	r1, #0
10000898:	202e      	movs	r0, #46	@ 0x2e
1000089a:	f000 fb59 	bl	10000f50 <gpio_set_input_enabled>
1000089e:	4930      	ldr	r1, [pc, #192]	@ (10000960 <hw_init+0x130>)
100008a0:	4830      	ldr	r0, [pc, #192]	@ (10000964 <hw_init+0x134>)
100008a2:	f006 f831 	bl	10006908 <i2c_init>
100008a6:	2103      	movs	r1, #3
100008a8:	201c      	movs	r0, #28
100008aa:	f000 fb21 	bl	10000ef0 <gpio_set_function>
100008ae:	2103      	movs	r1, #3
100008b0:	201d      	movs	r0, #29
100008b2:	f000 fb1d 	bl	10000ef0 <gpio_set_function>
100008b6:	2200      	movs	r2, #0
100008b8:	2101      	movs	r1, #1
100008ba:	201c      	movs	r0, #28
100008bc:	f000 fb36 	bl	10000f2c <gpio_set_pulls>
100008c0:	2200      	movs	r2, #0
100008c2:	2101      	movs	r1, #1
100008c4:	201d      	movs	r0, #29
100008c6:	f000 fb31 	bl	10000f2c <gpio_set_pulls>
100008ca:	4827      	ldr	r0, [pc, #156]	@ (10000968 <hw_init+0x138>)
100008cc:	f000 f8c8 	bl	10000a60 <bme280_init>
100008d0:	f000 fa46 	bl	10000d60 <ina226_init>
100008d4:	2009      	movs	r0, #9
100008d6:	f000 fb4b 	bl	10000f70 <gpio_init>
100008da:	2309      	movs	r3, #9
100008dc:	ec46 3044 	gpioc_bit_oe_put r3, r6
100008e0:	ec46 3040 	gpioc_bit_out_put r3, r6
100008e4:	2702      	movs	r7, #2
100008e6:	4c21      	ldr	r4, [pc, #132]	@ (1000096c <hw_init+0x13c>)
100008e8:	4921      	ldr	r1, [pc, #132]	@ (10000970 <hw_init+0x140>)
100008ea:	4620      	mov	r0, r4
100008ec:	f006 f870 	bl	100069d0 <spi_init>
100008f0:	4b20      	ldr	r3, [pc, #128]	@ (10000974 <hw_init+0x144>)
100008f2:	6862      	ldr	r2, [r4, #4]
100008f4:	605f      	str	r7, [r3, #4]
100008f6:	6823      	ldr	r3, [r4, #0]
100008f8:	4e1f      	ldr	r6, [pc, #124]	@ (10000978 <hw_init+0x148>)
100008fa:	4d20      	ldr	r5, [pc, #128]	@ (1000097c <hw_init+0x14c>)
100008fc:	f083 0307 	eor.w	r3, r3, #7
10000900:	403a      	ands	r2, r7
10000902:	f003 03cf 	and.w	r3, r3, #207	@ 0xcf
10000906:	6033      	str	r3, [r6, #0]
10000908:	2101      	movs	r1, #1
1000090a:	606a      	str	r2, [r5, #4]
1000090c:	2008      	movs	r0, #8
1000090e:	f000 faef 	bl	10000ef0 <gpio_set_function>
10000912:	2101      	movs	r1, #1
10000914:	200a      	movs	r0, #10
10000916:	f000 faeb 	bl	10000ef0 <gpio_set_function>
1000091a:	2101      	movs	r1, #1
1000091c:	200b      	movs	r0, #11
1000091e:	f000 fae7 	bl	10000ef0 <gpio_set_function>
10000922:	4817      	ldr	r0, [pc, #92]	@ (10000980 <hw_init+0x150>)
10000924:	f000 f89c 	bl	10000a60 <bme280_init>
10000928:	f001 fad6 	bl	10001ed8 <time_us_64>
1000092c:	b149      	cbz	r1, 10000942 <hw_init+0x112>
1000092e:	f44f 727a 	mov.w	r2, #1000	@ 0x3e8
10000932:	2300      	movs	r3, #0
10000934:	f006 fa28 	bl	10006d88 <____aeabi_uldivmod_veneer>
10000938:	2100      	movs	r1, #0
1000093a:	f000 f9f7 	bl	10000d2c <bno055_init>
1000093e:	b005      	add	sp, #20
10000940:	bdf0      	pop	{r4, r5, r6, r7, pc}
10000942:	4b10      	ldr	r3, [pc, #64]	@ (10000984 <hw_init+0x154>)
10000944:	2100      	movs	r1, #0
10000946:	fba3 3000 	umull	r3, r0, r3, r0
1000094a:	0980      	lsrs	r0, r0, #6
1000094c:	f000 f9ee 	bl	10000d2c <bno055_init>
10000950:	b005      	add	sp, #20
10000952:	bdf0      	pop	{r4, r5, r6, r7, pc}
10000954:	100071d4 	.word	0x100071d4
10000958:	20001760 	.word	0x20001760
1000095c:	20001748 	.word	0x20001748
10000960:	000186a0 	.word	0x000186a0
10000964:	200014e0 	.word	0x200014e0
10000968:	200013ec 	.word	0x200013ec
1000096c:	40088000 	.word	0x40088000
10000970:	000f4240 	.word	0x000f4240
10000974:	4008b000 	.word	0x4008b000
10000978:	40089000 	.word	0x40089000
1000097c:	4008a000 	.word	0x4008a000
10000980:	200013c0 	.word	0x200013c0
10000984:	10624dd3 	.word	0x10624dd3

10000988 <read_regs>:
10000988:	b5f0      	push	{r4, r5, r6, r7, lr}
1000098a:	7804      	ldrb	r4, [r0, #0]
1000098c:	b089      	sub	sp, #36	@ 0x24
1000098e:	2c01      	cmp	r4, #1
10000990:	4605      	mov	r5, r0
10000992:	4616      	mov	r6, r2
10000994:	461f      	mov	r7, r3
10000996:	f88d 1017 	strb.w	r1, [sp, #23]
1000099a:	d040      	beq.n	10000a1e <read_regs+0x96>
1000099c:	7844      	ldrb	r4, [r0, #1]
1000099e:	f001 fa9b 	bl	10001ed8 <time_us_64>
100009a2:	f04f 32ff 	mov.w	r2, #4294967295	@ 0xffffffff
100009a6:	f06f 4300 	mvn.w	r3, #2147483648	@ 0x80000000
100009aa:	f510 50fa 	adds.w	r0, r0, #8000	@ 0x1f40
100009ae:	f141 0100 	adc.w	r1, r1, #0
100009b2:	4282      	cmp	r2, r0
100009b4:	eb73 0c01 	sbcs.w	ip, r3, r1
100009b8:	bf3c      	itt	cc
100009ba:	4610      	movcc	r0, r2
100009bc:	4619      	movcc	r1, r3
100009be:	2301      	movs	r3, #1
100009c0:	e9cd 0102 	strd	r0, r1, [sp, #8]
100009c4:	f10d 0217 	add.w	r2, sp, #23
100009c8:	4621      	mov	r1, r4
100009ca:	4823      	ldr	r0, [pc, #140]	@ (10000a58 <read_regs+0xd0>)
100009cc:	9300      	str	r3, [sp, #0]
100009ce:	f005 ffc7 	bl	10006960 <i2c_write_blocking_until>
100009d2:	2800      	cmp	r0, #0
100009d4:	db20      	blt.n	10000a18 <read_regs+0x90>
100009d6:	786d      	ldrb	r5, [r5, #1]
100009d8:	f001 fa7e 	bl	10001ed8 <time_us_64>
100009dc:	f04f 32ff 	mov.w	r2, #4294967295	@ 0xffffffff
100009e0:	f06f 4300 	mvn.w	r3, #2147483648	@ 0x80000000
100009e4:	f510 50fa 	adds.w	r0, r0, #8000	@ 0x1f40
100009e8:	f141 0400 	adc.w	r4, r1, #0
100009ec:	4282      	cmp	r2, r0
100009ee:	eb73 0104 	sbcs.w	r1, r3, r4
100009f2:	bf3c      	itt	cc
100009f4:	4610      	movcc	r0, r2
100009f6:	461c      	movcc	r4, r3
100009f8:	4629      	mov	r1, r5
100009fa:	2500      	movs	r5, #0
100009fc:	9002      	str	r0, [sp, #8]
100009fe:	463b      	mov	r3, r7
10000a00:	4632      	mov	r2, r6
10000a02:	9403      	str	r4, [sp, #12]
10000a04:	9500      	str	r5, [sp, #0]
10000a06:	4814      	ldr	r0, [pc, #80]	@ (10000a58 <read_regs+0xd0>)
10000a08:	f005 ffc6 	bl	10006998 <i2c_read_blocking_until>
10000a0c:	42a8      	cmp	r0, r5
10000a0e:	bfb4      	ite	lt
10000a10:	2000      	movlt	r0, #0
10000a12:	2001      	movge	r0, #1
10000a14:	b009      	add	sp, #36	@ 0x24
10000a16:	bdf0      	pop	{r4, r5, r6, r7, pc}
10000a18:	2000      	movs	r0, #0
10000a1a:	b009      	add	sp, #36	@ 0x24
10000a1c:	bdf0      	pop	{r4, r5, r6, r7, pc}
10000a1e:	b2cb      	uxtb	r3, r1
10000a20:	f063 037f 	orn	r3, r3, #127	@ 0x7f
10000a24:	f88d 301f 	strb.w	r3, [sp, #31]
10000a28:	f04f 0200 	mov.w	r2, #0
10000a2c:	7883      	ldrb	r3, [r0, #2]
10000a2e:	ec42 3040 	gpioc_bit_out_put r3, r2
10000a32:	480a      	ldr	r0, [pc, #40]	@ (10000a5c <read_regs+0xd4>)
10000a34:	4622      	mov	r2, r4
10000a36:	f10d 011f 	add.w	r1, sp, #31
10000a3a:	f006 f9c1 	bl	10006dc0 <__spi_write_blocking_veneer>
10000a3e:	463b      	mov	r3, r7
10000a40:	4632      	mov	r2, r6
10000a42:	2100      	movs	r1, #0
10000a44:	4805      	ldr	r0, [pc, #20]	@ (10000a5c <read_regs+0xd4>)
10000a46:	f006 f9c3 	bl	10006dd0 <__spi_read_blocking_veneer>
10000a4a:	78ab      	ldrb	r3, [r5, #2]
10000a4c:	ec44 3040 	gpioc_bit_out_put r3, r4
10000a50:	4620      	mov	r0, r4
10000a52:	b009      	add	sp, #36	@ 0x24
10000a54:	bdf0      	pop	{r4, r5, r6, r7, pc}
10000a56:	bf00      	nop
10000a58:	200014e0 	.word	0x200014e0
10000a5c:	40088000 	.word	0x40088000

10000a60 <bme280_init>:
10000a60:	b5f0      	push	{r4, r5, r6, r7, lr}
10000a62:	22d0      	movs	r2, #208	@ 0xd0
10000a64:	2500      	movs	r5, #0
10000a66:	7803      	ldrb	r3, [r0, #0]
10000a68:	b093      	sub	sp, #76	@ 0x4c
10000a6a:	2b01      	cmp	r3, #1
10000a6c:	4604      	mov	r4, r0
10000a6e:	f88d 501f 	strb.w	r5, [sp, #31]
10000a72:	f880 5025 	strb.w	r5, [r0, #37]	@ 0x25
10000a76:	f88d 2024 	strb.w	r2, [sp, #36]	@ 0x24
10000a7a:	f000 8102 	beq.w	10000c82 <bme280_init+0x222>
10000a7e:	7845      	ldrb	r5, [r0, #1]
10000a80:	f001 fa2a 	bl	10001ed8 <time_us_64>
10000a84:	f04f 32ff 	mov.w	r2, #4294967295	@ 0xffffffff
10000a88:	f06f 4300 	mvn.w	r3, #2147483648	@ 0x80000000
10000a8c:	f510 50fa 	adds.w	r0, r0, #8000	@ 0x1f40
10000a90:	f141 0c00 	adc.w	ip, r1, #0
10000a94:	4282      	cmp	r2, r0
10000a96:	eb73 010c 	sbcs.w	r1, r3, ip
10000a9a:	bf3c      	itt	cc
10000a9c:	4610      	movcc	r0, r2
10000a9e:	469c      	movcc	ip, r3
10000aa0:	2301      	movs	r3, #1
10000aa2:	9002      	str	r0, [sp, #8]
10000aa4:	4629      	mov	r1, r5
10000aa6:	489f      	ldr	r0, [pc, #636]	@ (10000d24 <bme280_init+0x2c4>)
10000aa8:	aa09      	add	r2, sp, #36	@ 0x24
10000aaa:	f8cd c00c 	str.w	ip, [sp, #12]
10000aae:	9300      	str	r3, [sp, #0]
10000ab0:	f005 ff56 	bl	10006960 <i2c_write_blocking_until>
10000ab4:	2800      	cmp	r0, #0
10000ab6:	db22      	blt.n	10000afe <bme280_init+0x9e>
10000ab8:	7863      	ldrb	r3, [r4, #1]
10000aba:	f04f 35ff 	mov.w	r5, #4294967295	@ 0xffffffff
10000abe:	461e      	mov	r6, r3
10000ac0:	f001 fa0a 	bl	10001ed8 <time_us_64>
10000ac4:	f06f 4200 	mvn.w	r2, #2147483648	@ 0x80000000
10000ac8:	f510 50fa 	adds.w	r0, r0, #8000	@ 0x1f40
10000acc:	f141 0300 	adc.w	r3, r1, #0
10000ad0:	4285      	cmp	r5, r0
10000ad2:	eb72 0103 	sbcs.w	r1, r2, r3
10000ad6:	bf3c      	itt	cc
10000ad8:	4628      	movcc	r0, r5
10000ada:	4613      	movcc	r3, r2
10000adc:	2500      	movs	r5, #0
10000ade:	9002      	str	r0, [sp, #8]
10000ae0:	9303      	str	r3, [sp, #12]
10000ae2:	4631      	mov	r1, r6
10000ae4:	2301      	movs	r3, #1
10000ae6:	488f      	ldr	r0, [pc, #572]	@ (10000d24 <bme280_init+0x2c4>)
10000ae8:	f10d 021f 	add.w	r2, sp, #31
10000aec:	9500      	str	r5, [sp, #0]
10000aee:	f005 ff53 	bl	10006998 <i2c_read_blocking_until>
10000af2:	42a8      	cmp	r0, r5
10000af4:	db03      	blt.n	10000afe <bme280_init+0x9e>
10000af6:	f89d 301f 	ldrb.w	r3, [sp, #31]
10000afa:	2b60      	cmp	r3, #96	@ 0x60
10000afc:	d003      	beq.n	10000b06 <bme280_init+0xa6>
10000afe:	2500      	movs	r5, #0
10000b00:	4628      	mov	r0, r5
10000b02:	b013      	add	sp, #76	@ 0x4c
10000b04:	bdf0      	pop	{r4, r5, r6, r7, pc}
10000b06:	231a      	movs	r3, #26
10000b08:	2188      	movs	r1, #136	@ 0x88
10000b0a:	4620      	mov	r0, r4
10000b0c:	aa0b      	add	r2, sp, #44	@ 0x2c
10000b0e:	f7ff ff3b 	bl	10000988 <read_regs>
10000b12:	2800      	cmp	r0, #0
10000b14:	d0f3      	beq.n	10000afe <bme280_init+0x9e>
10000b16:	2307      	movs	r3, #7
10000b18:	21e1      	movs	r1, #225	@ 0xe1
10000b1a:	4620      	mov	r0, r4
10000b1c:	aa09      	add	r2, sp, #36	@ 0x24
10000b1e:	f7ff ff33 	bl	10000988 <read_regs>
10000b22:	4605      	mov	r5, r0
10000b24:	2800      	cmp	r0, #0
10000b26:	d0ea      	beq.n	10000afe <bme280_init+0x9e>
10000b28:	f8bd 202c 	ldrh.w	r2, [sp, #44]	@ 0x2c
10000b2c:	f89d 3028 	ldrb.w	r3, [sp, #40]	@ 0x28
10000b30:	80a2      	strh	r2, [r4, #4]
10000b32:	f8bd 202e 	ldrh.w	r2, [sp, #46]	@ 0x2e
10000b36:	f89d 1027 	ldrb.w	r1, [sp, #39]	@ 0x27
10000b3a:	8122      	strh	r2, [r4, #8]
10000b3c:	f8bd 2030 	ldrh.w	r2, [sp, #48]	@ 0x30
10000b40:	f89d 0029 	ldrb.w	r0, [sp, #41]	@ 0x29
10000b44:	8162      	strh	r2, [r4, #10]
10000b46:	f8bd 2032 	ldrh.w	r2, [sp, #50]	@ 0x32
10000b4a:	80e2      	strh	r2, [r4, #6]
10000b4c:	9a0d      	ldr	r2, [sp, #52]	@ 0x34
10000b4e:	60e2      	str	r2, [r4, #12]
10000b50:	9a0e      	ldr	r2, [sp, #56]	@ 0x38
10000b52:	6122      	str	r2, [r4, #16]
10000b54:	9a0f      	ldr	r2, [sp, #60]	@ 0x3c
10000b56:	6162      	str	r2, [r4, #20]
10000b58:	9a10      	ldr	r2, [sp, #64]	@ 0x40
10000b5a:	61a2      	str	r2, [r4, #24]
10000b5c:	f89d 2045 	ldrb.w	r2, [sp, #69]	@ 0x45
10000b60:	7722      	strb	r2, [r4, #28]
10000b62:	f8bd 2024 	ldrh.w	r2, [sp, #36]	@ 0x24
10000b66:	83e2      	strh	r2, [r4, #30]
10000b68:	f89d 2026 	ldrb.w	r2, [sp, #38]	@ 0x26
10000b6c:	7762      	strb	r2, [r4, #29]
10000b6e:	f003 020f 	and.w	r2, r3, #15
10000b72:	ea42 1201 	orr.w	r2, r2, r1, lsl #4
10000b76:	f44f 71f9 	mov.w	r1, #498	@ 0x1f2
10000b7a:	091b      	lsrs	r3, r3, #4
10000b7c:	ea43 1300 	orr.w	r3, r3, r0, lsl #4
10000b80:	8463      	strh	r3, [r4, #34]	@ 0x22
10000b82:	7823      	ldrb	r3, [r4, #0]
10000b84:	8422      	strh	r2, [r4, #32]
10000b86:	f89d 202a 	ldrb.w	r2, [sp, #42]	@ 0x2a
10000b8a:	2b01      	cmp	r3, #1
10000b8c:	f884 2024 	strb.w	r2, [r4, #36]	@ 0x24
10000b90:	f8ad 1020 	strh.w	r1, [sp, #32]
10000b94:	f000 808c 	beq.w	10000cb0 <bme280_init+0x250>
10000b98:	7863      	ldrb	r3, [r4, #1]
10000b9a:	ae08      	add	r6, sp, #32
10000b9c:	461f      	mov	r7, r3
10000b9e:	f001 f99b 	bl	10001ed8 <time_us_64>
10000ba2:	f04f 3cff 	mov.w	ip, #4294967295	@ 0xffffffff
10000ba6:	f06f 4200 	mvn.w	r2, #2147483648	@ 0x80000000
10000baa:	f510 50fa 	adds.w	r0, r0, #8000	@ 0x1f40
10000bae:	f141 0300 	adc.w	r3, r1, #0
10000bb2:	4584      	cmp	ip, r0
10000bb4:	eb72 0103 	sbcs.w	r1, r2, r3
10000bb8:	bf3c      	itt	cc
10000bba:	4660      	movcc	r0, ip
10000bbc:	4613      	movcc	r3, r2
10000bbe:	f04f 0c00 	mov.w	ip, #0
10000bc2:	9002      	str	r0, [sp, #8]
10000bc4:	9303      	str	r3, [sp, #12]
10000bc6:	4639      	mov	r1, r7
10000bc8:	2302      	movs	r3, #2
10000bca:	4632      	mov	r2, r6
10000bcc:	4855      	ldr	r0, [pc, #340]	@ (10000d24 <bme280_init+0x2c4>)
10000bce:	f8cd c000 	str.w	ip, [sp]
10000bd2:	f005 fec5 	bl	10006960 <i2c_write_blocking_until>
10000bd6:	2800      	cmp	r0, #0
10000bd8:	db91      	blt.n	10000afe <bme280_init+0x9e>
10000bda:	f242 72f4 	movw	r2, #10228	@ 0x27f4
10000bde:	7823      	ldrb	r3, [r4, #0]
10000be0:	f8ad 2020 	strh.w	r2, [sp, #32]
10000be4:	2b01      	cmp	r3, #1
10000be6:	d077      	beq.n	10000cd8 <bme280_init+0x278>
10000be8:	7863      	ldrb	r3, [r4, #1]
10000bea:	461f      	mov	r7, r3
10000bec:	f001 f974 	bl	10001ed8 <time_us_64>
10000bf0:	f04f 3cff 	mov.w	ip, #4294967295	@ 0xffffffff
10000bf4:	f06f 4200 	mvn.w	r2, #2147483648	@ 0x80000000
10000bf8:	f510 50fa 	adds.w	r0, r0, #8000	@ 0x1f40
10000bfc:	f141 0300 	adc.w	r3, r1, #0
10000c00:	4584      	cmp	ip, r0
10000c02:	eb72 0103 	sbcs.w	r1, r2, r3
10000c06:	bf3c      	itt	cc
10000c08:	4660      	movcc	r0, ip
10000c0a:	4613      	movcc	r3, r2
10000c0c:	f04f 0c00 	mov.w	ip, #0
10000c10:	9002      	str	r0, [sp, #8]
10000c12:	9303      	str	r3, [sp, #12]
10000c14:	4639      	mov	r1, r7
10000c16:	2302      	movs	r3, #2
10000c18:	4632      	mov	r2, r6
10000c1a:	4842      	ldr	r0, [pc, #264]	@ (10000d24 <bme280_init+0x2c4>)
10000c1c:	f8cd c000 	str.w	ip, [sp]
10000c20:	f005 fe9e 	bl	10006960 <i2c_write_blocking_until>
10000c24:	2800      	cmp	r0, #0
10000c26:	f6ff af6a 	blt.w	10000afe <bme280_init+0x9e>
10000c2a:	f244 02f5 	movw	r2, #16629	@ 0x40f5
10000c2e:	7823      	ldrb	r3, [r4, #0]
10000c30:	f8ad 2020 	strh.w	r2, [sp, #32]
10000c34:	2b01      	cmp	r3, #1
10000c36:	d062      	beq.n	10000cfe <bme280_init+0x29e>
10000c38:	7863      	ldrb	r3, [r4, #1]
10000c3a:	461f      	mov	r7, r3
10000c3c:	f001 f94c 	bl	10001ed8 <time_us_64>
10000c40:	f04f 3cff 	mov.w	ip, #4294967295	@ 0xffffffff
10000c44:	f06f 4200 	mvn.w	r2, #2147483648	@ 0x80000000
10000c48:	f510 53fa 	adds.w	r3, r0, #8000	@ 0x1f40
10000c4c:	f141 0000 	adc.w	r0, r1, #0
10000c50:	459c      	cmp	ip, r3
10000c52:	eb72 0100 	sbcs.w	r1, r2, r0
10000c56:	bf3c      	itt	cc
10000c58:	4663      	movcc	r3, ip
10000c5a:	4610      	movcc	r0, r2
10000c5c:	f04f 0c00 	mov.w	ip, #0
10000c60:	9302      	str	r3, [sp, #8]
10000c62:	9003      	str	r0, [sp, #12]
10000c64:	4632      	mov	r2, r6
10000c66:	4639      	mov	r1, r7
10000c68:	2302      	movs	r3, #2
10000c6a:	482e      	ldr	r0, [pc, #184]	@ (10000d24 <bme280_init+0x2c4>)
10000c6c:	f8cd c000 	str.w	ip, [sp]
10000c70:	f005 fe76 	bl	10006960 <i2c_write_blocking_until>
10000c74:	2800      	cmp	r0, #0
10000c76:	f6ff af42 	blt.w	10000afe <bme280_init+0x9e>
10000c7a:	2301      	movs	r3, #1
10000c7c:	f884 3025 	strb.w	r3, [r4, #37]	@ 0x25
10000c80:	e73e      	b.n	10000b00 <bme280_init+0xa0>
10000c82:	f88d 202c 	strb.w	r2, [sp, #44]	@ 0x2c
10000c86:	7882      	ldrb	r2, [r0, #2]
10000c88:	ec45 2040 	gpioc_bit_out_put r2, r5
10000c8c:	4826      	ldr	r0, [pc, #152]	@ (10000d28 <bme280_init+0x2c8>)
10000c8e:	461a      	mov	r2, r3
10000c90:	a90b      	add	r1, sp, #44	@ 0x2c
10000c92:	9305      	str	r3, [sp, #20]
10000c94:	f006 f894 	bl	10006dc0 <__spi_write_blocking_veneer>
10000c98:	9b05      	ldr	r3, [sp, #20]
10000c9a:	f10d 021f 	add.w	r2, sp, #31
10000c9e:	4629      	mov	r1, r5
10000ca0:	4821      	ldr	r0, [pc, #132]	@ (10000d28 <bme280_init+0x2c8>)
10000ca2:	f006 f895 	bl	10006dd0 <__spi_read_blocking_veneer>
10000ca6:	78a2      	ldrb	r2, [r4, #2]
10000ca8:	9b05      	ldr	r3, [sp, #20]
10000caa:	ec43 2040 	gpioc_bit_out_put r2, r3
10000cae:	e722      	b.n	10000af6 <bme280_init+0x96>
10000cb0:	2072      	movs	r0, #114	@ 0x72
10000cb2:	f04f 0100 	mov.w	r1, #0
10000cb6:	78a2      	ldrb	r2, [r4, #2]
10000cb8:	9305      	str	r3, [sp, #20]
10000cba:	f88d 0020 	strb.w	r0, [sp, #32]
10000cbe:	ec41 2040 	gpioc_bit_out_put r2, r1
10000cc2:	2202      	movs	r2, #2
10000cc4:	a908      	add	r1, sp, #32
10000cc6:	4818      	ldr	r0, [pc, #96]	@ (10000d28 <bme280_init+0x2c8>)
10000cc8:	f006 f87a 	bl	10006dc0 <__spi_write_blocking_veneer>
10000ccc:	ae08      	add	r6, sp, #32
10000cce:	78a2      	ldrb	r2, [r4, #2]
10000cd0:	9b05      	ldr	r3, [sp, #20]
10000cd2:	ec43 2040 	gpioc_bit_out_put r2, r3
10000cd6:	e780      	b.n	10000bda <bme280_init+0x17a>
10000cd8:	2074      	movs	r0, #116	@ 0x74
10000cda:	f04f 0100 	mov.w	r1, #0
10000cde:	78a2      	ldrb	r2, [r4, #2]
10000ce0:	9305      	str	r3, [sp, #20]
10000ce2:	f88d 0020 	strb.w	r0, [sp, #32]
10000ce6:	ec41 2040 	gpioc_bit_out_put r2, r1
10000cea:	2202      	movs	r2, #2
10000cec:	4631      	mov	r1, r6
10000cee:	480e      	ldr	r0, [pc, #56]	@ (10000d28 <bme280_init+0x2c8>)
10000cf0:	f006 f866 	bl	10006dc0 <__spi_write_blocking_veneer>
10000cf4:	78a2      	ldrb	r2, [r4, #2]
10000cf6:	9b05      	ldr	r3, [sp, #20]
10000cf8:	ec43 2040 	gpioc_bit_out_put r2, r3
10000cfc:	e795      	b.n	10000c2a <bme280_init+0x1ca>
10000cfe:	2075      	movs	r0, #117	@ 0x75
10000d00:	f04f 0100 	mov.w	r1, #0
10000d04:	78a2      	ldrb	r2, [r4, #2]
10000d06:	9305      	str	r3, [sp, #20]
10000d08:	f88d 0020 	strb.w	r0, [sp, #32]
10000d0c:	ec41 2040 	gpioc_bit_out_put r2, r1
10000d10:	2202      	movs	r2, #2
10000d12:	4631      	mov	r1, r6
10000d14:	4804      	ldr	r0, [pc, #16]	@ (10000d28 <bme280_init+0x2c8>)
10000d16:	f006 f853 	bl	10006dc0 <__spi_write_blocking_veneer>
10000d1a:	78a2      	ldrb	r2, [r4, #2]
10000d1c:	9b05      	ldr	r3, [sp, #20]
10000d1e:	ec43 2040 	gpioc_bit_out_put r2, r3
10000d22:	e7aa      	b.n	10000c7a <bme280_init+0x21a>
10000d24:	200014e0 	.word	0x200014e0
10000d28:	40088000 	.word	0x40088000

10000d2c <bno055_init>:
10000d2c:	2300      	movs	r3, #0
10000d2e:	b430      	push	{r4, r5}
10000d30:	4c07      	ldr	r4, [pc, #28]	@ (10000d50 <bno055_init+0x24>)
10000d32:	4d08      	ldr	r5, [pc, #32]	@ (10000d54 <bno055_init+0x28>)
10000d34:	7023      	strb	r3, [r4, #0]
10000d36:	4c08      	ldr	r4, [pc, #32]	@ (10000d58 <bno055_init+0x2c>)
10000d38:	f510 70fa 	adds.w	r0, r0, #500	@ 0x1f4
10000d3c:	4a07      	ldr	r2, [pc, #28]	@ (10000d5c <bno055_init+0x30>)
10000d3e:	f141 0100 	adc.w	r1, r1, #0
10000d42:	7023      	strb	r3, [r4, #0]
10000d44:	602b      	str	r3, [r5, #0]
10000d46:	e9c2 0100 	strd	r0, r1, [r2]
10000d4a:	bc30      	pop	{r4, r5}
10000d4c:	4770      	bx	lr
10000d4e:	bf00      	nop
10000d50:	20003e72 	.word	0x20003e72
10000d54:	20003e40 	.word	0x20003e40
10000d58:	20003e6c 	.word	0x20003e6c
10000d5c:	20001738 	.word	0x20001738

10000d60 <ina226_init>:
10000d60:	e92d 47f0 	stmdb	sp!, {r4, r5, r6, r7, r8, r9, sl, lr}
10000d64:	f04f 0900 	mov.w	r9, #0
10000d68:	f04f 0afe 	mov.w	sl, #254	@ 0xfe
10000d6c:	464f      	mov	r7, r9
10000d6e:	4c5d      	ldr	r4, [pc, #372]	@ (10000ee4 <ina226_init+0x184>)
10000d70:	4e5d      	ldr	r6, [pc, #372]	@ (10000ee8 <ina226_init+0x188>)
10000d72:	b086      	sub	sp, #24
10000d74:	f104 0804 	add.w	r8, r4, #4
10000d78:	f816 5b01 	ldrb.w	r5, [r6], #1
10000d7c:	f804 7b01 	strb.w	r7, [r4], #1
10000d80:	2d00      	cmp	r5, #0
10000d82:	d03e      	beq.n	10000e02 <ina226_init+0xa2>
10000d84:	f88d a013 	strb.w	sl, [sp, #19]
10000d88:	f001 f8a6 	bl	10001ed8 <time_us_64>
10000d8c:	f04f 32ff 	mov.w	r2, #4294967295	@ 0xffffffff
10000d90:	f06f 4300 	mvn.w	r3, #2147483648	@ 0x80000000
10000d94:	f510 607a 	adds.w	r0, r0, #4000	@ 0xfa0
10000d98:	f141 0100 	adc.w	r1, r1, #0
10000d9c:	4282      	cmp	r2, r0
10000d9e:	eb73 0c01 	sbcs.w	ip, r3, r1
10000da2:	bf3c      	itt	cc
10000da4:	4610      	movcc	r0, r2
10000da6:	4619      	movcc	r1, r3
10000da8:	2301      	movs	r3, #1
10000daa:	e9cd 0102 	strd	r0, r1, [sp, #8]
10000dae:	f10d 0213 	add.w	r2, sp, #19
10000db2:	4629      	mov	r1, r5
10000db4:	484d      	ldr	r0, [pc, #308]	@ (10000eec <ina226_init+0x18c>)
10000db6:	9300      	str	r3, [sp, #0]
10000db8:	f005 fdd2 	bl	10006960 <i2c_write_blocking_until>
10000dbc:	2800      	cmp	r0, #0
10000dbe:	db20      	blt.n	10000e02 <ina226_init+0xa2>
10000dc0:	f001 f88a 	bl	10001ed8 <time_us_64>
10000dc4:	f04f 32ff 	mov.w	r2, #4294967295	@ 0xffffffff
10000dc8:	f06f 4300 	mvn.w	r3, #2147483648	@ 0x80000000
10000dcc:	f510 607a 	adds.w	r0, r0, #4000	@ 0xfa0
10000dd0:	f141 0100 	adc.w	r1, r1, #0
10000dd4:	4282      	cmp	r2, r0
10000dd6:	eb73 0c01 	sbcs.w	ip, r3, r1
10000dda:	bf3c      	itt	cc
10000ddc:	4610      	movcc	r0, r2
10000dde:	4619      	movcc	r1, r3
10000de0:	9700      	str	r7, [sp, #0]
10000de2:	e9cd 0102 	strd	r0, r1, [sp, #8]
10000de6:	2302      	movs	r3, #2
10000de8:	4629      	mov	r1, r5
10000dea:	4840      	ldr	r0, [pc, #256]	@ (10000eec <ina226_init+0x18c>)
10000dec:	aa05      	add	r2, sp, #20
10000dee:	f005 fdd3 	bl	10006998 <i2c_read_blocking_until>
10000df2:	2800      	cmp	r0, #0
10000df4:	db05      	blt.n	10000e02 <ina226_init+0xa2>
10000df6:	f644 1354 	movw	r3, #18772	@ 0x4954
10000dfa:	f8bd 2014 	ldrh.w	r2, [sp, #20]
10000dfe:	429a      	cmp	r2, r3
10000e00:	d005      	beq.n	10000e0e <ina226_init+0xae>
10000e02:	4544      	cmp	r4, r8
10000e04:	d1b8      	bne.n	10000d78 <ina226_init+0x18>
10000e06:	4648      	mov	r0, r9
10000e08:	b006      	add	sp, #24
10000e0a:	e8bd 87f0 	ldmia.w	sp!, {r4, r5, r6, r7, r8, r9, sl, pc}
10000e0e:	23ff      	movs	r3, #255	@ 0xff
10000e10:	f88d 3013 	strb.w	r3, [sp, #19]
10000e14:	f001 f860 	bl	10001ed8 <time_us_64>
10000e18:	f04f 32ff 	mov.w	r2, #4294967295	@ 0xffffffff
10000e1c:	f06f 4300 	mvn.w	r3, #2147483648	@ 0x80000000
10000e20:	f510 607a 	adds.w	r0, r0, #4000	@ 0xfa0
10000e24:	f141 0100 	adc.w	r1, r1, #0
10000e28:	4282      	cmp	r2, r0
10000e2a:	eb73 0c01 	sbcs.w	ip, r3, r1
10000e2e:	bf3c      	itt	cc
10000e30:	4610      	movcc	r0, r2
10000e32:	4619      	movcc	r1, r3
10000e34:	2301      	movs	r3, #1
10000e36:	e9cd 0102 	strd	r0, r1, [sp, #8]
10000e3a:	f10d 0213 	add.w	r2, sp, #19
10000e3e:	4629      	mov	r1, r5
10000e40:	482a      	ldr	r0, [pc, #168]	@ (10000eec <ina226_init+0x18c>)
10000e42:	9300      	str	r3, [sp, #0]
10000e44:	f005 fd8c 	bl	10006960 <i2c_write_blocking_until>
10000e48:	2800      	cmp	r0, #0
10000e4a:	dbda      	blt.n	10000e02 <ina226_init+0xa2>
10000e4c:	f001 f844 	bl	10001ed8 <time_us_64>
10000e50:	f04f 32ff 	mov.w	r2, #4294967295	@ 0xffffffff
10000e54:	f06f 4300 	mvn.w	r3, #2147483648	@ 0x80000000
10000e58:	f510 607a 	adds.w	r0, r0, #4000	@ 0xfa0
10000e5c:	f141 0100 	adc.w	r1, r1, #0
10000e60:	4282      	cmp	r2, r0
10000e62:	eb73 0c01 	sbcs.w	ip, r3, r1
10000e66:	bf3c      	itt	cc
10000e68:	4610      	movcc	r0, r2
10000e6a:	4619      	movcc	r1, r3
10000e6c:	2300      	movs	r3, #0
10000e6e:	e9cd 0102 	strd	r0, r1, [sp, #8]
10000e72:	9300      	str	r3, [sp, #0]
10000e74:	4629      	mov	r1, r5
10000e76:	2302      	movs	r3, #2
10000e78:	481c      	ldr	r0, [pc, #112]	@ (10000eec <ina226_init+0x18c>)
10000e7a:	aa05      	add	r2, sp, #20
10000e7c:	f005 fd8c 	bl	10006998 <i2c_read_blocking_until>
10000e80:	2800      	cmp	r0, #0
10000e82:	dbbe      	blt.n	10000e02 <ina226_init+0xa2>
10000e84:	f246 0322 	movw	r3, #24610	@ 0x6022
10000e88:	f8bd 2014 	ldrh.w	r2, [sp, #20]
10000e8c:	429a      	cmp	r2, r3
10000e8e:	d1b8      	bne.n	10000e02 <ina226_init+0xa2>
10000e90:	f44f 438a 	mov.w	r3, #17664	@ 0x4500
10000e94:	f8ad 3014 	strh.w	r3, [sp, #20]
10000e98:	2327      	movs	r3, #39	@ 0x27
10000e9a:	f88d 3016 	strb.w	r3, [sp, #22]
10000e9e:	f001 f81b 	bl	10001ed8 <time_us_64>
10000ea2:	f04f 32ff 	mov.w	r2, #4294967295	@ 0xffffffff
10000ea6:	f06f 4300 	mvn.w	r3, #2147483648	@ 0x80000000
10000eaa:	f510 607a 	adds.w	r0, r0, #4000	@ 0xfa0
10000eae:	f141 0100 	adc.w	r1, r1, #0
10000eb2:	4282      	cmp	r2, r0
10000eb4:	eb73 0c01 	sbcs.w	ip, r3, r1
10000eb8:	bf3c      	itt	cc
10000eba:	4610      	movcc	r0, r2
10000ebc:	4619      	movcc	r1, r3
10000ebe:	2300      	movs	r3, #0
10000ec0:	e9cd 0102 	strd	r0, r1, [sp, #8]
10000ec4:	9300      	str	r3, [sp, #0]
10000ec6:	4629      	mov	r1, r5
10000ec8:	2303      	movs	r3, #3
10000eca:	4808      	ldr	r0, [pc, #32]	@ (10000eec <ina226_init+0x18c>)
10000ecc:	aa05      	add	r2, sp, #20
10000ece:	f005 fd47 	bl	10006960 <i2c_write_blocking_until>
10000ed2:	2800      	cmp	r0, #0
10000ed4:	db95      	blt.n	10000e02 <ina226_init+0xa2>
10000ed6:	2301      	movs	r3, #1
10000ed8:	f109 0901 	add.w	r9, r9, #1
10000edc:	f804 3c01 	strb.w	r3, [r4, #-1]
10000ee0:	e78f      	b.n	10000e02 <ina226_init+0xa2>
10000ee2:	bf00      	nop
10000ee4:	20002e3c 	.word	0x20002e3c
10000ee8:	100071e0 	.word	0x100071e0
10000eec:	200014e0 	.word	0x200014e0

10000ef0 <gpio_set_function>:
10000ef0:	f44f 7c80 	mov.w	ip, #256	@ 0x100
10000ef4:	4b0c      	ldr	r3, [pc, #48]	@ (10000f28 <gpio_set_function+0x38>)
10000ef6:	b500      	push	{lr}
10000ef8:	f853 2020 	ldr.w	r2, [r3, r0, lsl #2]
10000efc:	eb03 0380 	add.w	r3, r3, r0, lsl #2
10000f00:	00c0      	lsls	r0, r0, #3
10000f02:	f082 0240 	eor.w	r2, r2, #64	@ 0x40
10000f06:	f100 4080 	add.w	r0, r0, #1073741824	@ 0x40000000
10000f0a:	f503 5e80 	add.w	lr, r3, #4096	@ 0x1000
10000f0e:	f002 02c0 	and.w	r2, r2, #192	@ 0xc0
10000f12:	f500 3020 	add.w	r0, r0, #163840	@ 0x28000
10000f16:	f503 5340 	add.w	r3, r3, #12288	@ 0x3000
10000f1a:	f8ce 2000 	str.w	r2, [lr]
10000f1e:	6041      	str	r1, [r0, #4]
10000f20:	f8c3 c000 	str.w	ip, [r3]
10000f24:	bd00      	pop	{pc}
10000f26:	bf00      	nop
10000f28:	40038004 	.word	0x40038004

10000f2c <gpio_set_pulls>:
10000f2c:	f8df c01c 	ldr.w	ip, [pc, #28]	@ 10000f4c <gpio_set_pulls+0x20>
10000f30:	00c9      	lsls	r1, r1, #3
10000f32:	ea41 0182 	orr.w	r1, r1, r2, lsl #2
10000f36:	f85c 2020 	ldr.w	r2, [ip, r0, lsl #2]
10000f3a:	eb0c 0380 	add.w	r3, ip, r0, lsl #2
10000f3e:	4051      	eors	r1, r2
10000f40:	f503 5380 	add.w	r3, r3, #4096	@ 0x1000
10000f44:	f001 010c 	and.w	r1, r1, #12
10000f48:	6019      	str	r1, [r3, #0]
10000f4a:	4770      	bx	lr
10000f4c:	40038004 	.word	0x40038004

10000f50 <gpio_set_input_enabled>:
10000f50:	4b06      	ldr	r3, [pc, #24]	@ (10000f6c <gpio_set_input_enabled+0x1c>)
10000f52:	2240      	movs	r2, #64	@ 0x40
10000f54:	eb03 0380 	add.w	r3, r3, r0, lsl #2
10000f58:	b119      	cbz	r1, 10000f62 <gpio_set_input_enabled+0x12>
10000f5a:	f503 5300 	add.w	r3, r3, #8192	@ 0x2000
10000f5e:	601a      	str	r2, [r3, #0]
10000f60:	4770      	bx	lr
10000f62:	f503 5340 	add.w	r3, r3, #12288	@ 0x3000
10000f66:	601a      	str	r2, [r3, #0]
10000f68:	4770      	bx	lr
10000f6a:	bf00      	nop
10000f6c:	40038004 	.word	0x40038004

10000f70 <gpio_init>:
10000f70:	f04f 0300 	mov.w	r3, #0
10000f74:	b500      	push	{lr}
10000f76:	ec43 0044 	gpioc_bit_oe_put r0, r3
10000f7a:	ec43 0040 	gpioc_bit_out_put r0, r3
10000f7e:	f04f 0e05 	mov.w	lr, #5
10000f82:	f44f 7c80 	mov.w	ip, #256	@ 0x100
10000f86:	4b0c      	ldr	r3, [pc, #48]	@ (10000fb8 <gpio_init+0x48>)
10000f88:	00c2      	lsls	r2, r0, #3
10000f8a:	f853 1020 	ldr.w	r1, [r3, r0, lsl #2]
10000f8e:	eb03 0080 	add.w	r0, r3, r0, lsl #2
10000f92:	f081 0140 	eor.w	r1, r1, #64	@ 0x40
10000f96:	f102 4380 	add.w	r3, r2, #1073741824	@ 0x40000000
10000f9a:	f503 3320 	add.w	r3, r3, #163840	@ 0x28000
10000f9e:	f001 02c0 	and.w	r2, r1, #192	@ 0xc0
10000fa2:	f500 5180 	add.w	r1, r0, #4096	@ 0x1000
10000fa6:	f500 5040 	add.w	r0, r0, #12288	@ 0x3000
10000faa:	600a      	str	r2, [r1, #0]
10000fac:	f8c3 e004 	str.w	lr, [r3, #4]
10000fb0:	f8c0 c000 	str.w	ip, [r0]
10000fb4:	bd00      	pop	{pc}
10000fb6:	bf00      	nop
10000fb8:	40038004 	.word	0x40038004

10000fbc <panic>:
10000fbc:	b40f      	push	{r0, r1, r2, r3}
10000fbe:	b500      	push	{lr}
10000fc0:	4808      	ldr	r0, [pc, #32]	@ (10000fe4 <panic+0x28>)
10000fc2:	b083      	sub	sp, #12
10000fc4:	f003 f8ce 	bl	10004164 <__wrap_puts>
10000fc8:	9b04      	ldr	r3, [sp, #16]
10000fca:	b13b      	cbz	r3, 10000fdc <panic+0x20>
10000fcc:	a905      	add	r1, sp, #20
10000fce:	4618      	mov	r0, r3
10000fd0:	9101      	str	r1, [sp, #4]
10000fd2:	f002 ff39 	bl	10003e48 <weak_raw_vprintf>
10000fd6:	4804      	ldr	r0, [pc, #16]	@ (10000fe8 <panic+0x2c>)
10000fd8:	f003 f8c4 	bl	10004164 <__wrap_puts>
10000fdc:	2001      	movs	r0, #1
10000fde:	f002 ff4b 	bl	10003e78 <_exit>
10000fe2:	bf00      	nop
10000fe4:	10007050 	.word	0x10007050
10000fe8:	10007010 	.word	0x10007010

10000fec <hw_claim_or_assert>:
10000fec:	b570      	push	{r4, r5, r6, lr}
10000fee:	4616      	mov	r6, r2
10000ff0:	f3ef 8410 	mrs	r4, PRIMASK
10000ff4:	b672      	cpsid	i
10000ff6:	f8df e048 	ldr.w	lr, [pc, #72]	@ 10001040 <hw_claim_or_assert+0x54>
10000ffa:	e8de 2fcf 	ldaexb	r2, [lr]
10000ffe:	2301      	movs	r3, #1
10001000:	2a00      	cmp	r2, #0
10001002:	d1fa      	bne.n	10000ffa <hw_claim_or_assert+0xe>
10001004:	e8ce 3f42 	strexb	r2, r3, [lr]
10001008:	2a00      	cmp	r2, #0
1000100a:	d1f6      	bne.n	10000ffa <hw_claim_or_assert+0xe>
1000100c:	f3bf 8f5f 	dmb	sy
10001010:	2301      	movs	r3, #1
10001012:	f001 0c07 	and.w	ip, r1, #7
10001016:	08ca      	lsrs	r2, r1, #3
10001018:	fa03 f30c 	lsl.w	r3, r3, ip
1000101c:	f810 c002 	ldrb.w	ip, [r0, r2]
10001020:	ea1c 0503 	ands.w	r5, ip, r3
10001024:	d108      	bne.n	10001038 <hw_claim_or_assert+0x4c>
10001026:	ea4c 0c03 	orr.w	ip, ip, r3
1000102a:	f800 c002 	strb.w	ip, [r0, r2]
1000102e:	e8ce 5f8f 	stlb	r5, [lr]
10001032:	f384 8810 	msr	PRIMASK, r4
10001036:	bd70      	pop	{r4, r5, r6, pc}
10001038:	4630      	mov	r0, r6
1000103a:	f7ff ffbf 	bl	10000fbc <panic>
1000103e:	bf00      	nop
10001040:	2000185f 	.word	0x2000185f

10001044 <hw_claim_unused_from_range>:
10001044:	b5f8      	push	{r3, r4, r5, r6, r7, lr}
10001046:	460f      	mov	r7, r1
10001048:	4619      	mov	r1, r3
1000104a:	f3ef 8610 	mrs	r6, PRIMASK
1000104e:	b672      	cpsid	i
10001050:	4d1c      	ldr	r5, [pc, #112]	@ (100010c4 <hw_claim_unused_from_range+0x80>)
10001052:	e8d5 4fcf 	ldaexb	r4, [r5]
10001056:	2301      	movs	r3, #1
10001058:	2c00      	cmp	r4, #0
1000105a:	d1fa      	bne.n	10001052 <hw_claim_unused_from_range+0xe>
1000105c:	e8c5 3f44 	strexb	r4, r3, [r5]
10001060:	2c00      	cmp	r4, #0
10001062:	d1f6      	bne.n	10001052 <hw_claim_unused_from_range+0xe>
10001064:	f3bf 8f5f 	dmb	sy
10001068:	428a      	cmp	r2, r1
1000106a:	d81b      	bhi.n	100010a4 <hw_claim_unused_from_range+0x60>
1000106c:	2401      	movs	r4, #1
1000106e:	e002      	b.n	10001076 <hw_claim_unused_from_range+0x32>
10001070:	3201      	adds	r2, #1
10001072:	4291      	cmp	r1, r2
10001074:	d322      	bcc.n	100010bc <hw_claim_unused_from_range+0x78>
10001076:	08d3      	lsrs	r3, r2, #3
10001078:	f810 e003 	ldrb.w	lr, [r0, r3]
1000107c:	f002 0c07 	and.w	ip, r2, #7
10001080:	fa04 fc0c 	lsl.w	ip, r4, ip
10001084:	ea1e 0f0c 	tst.w	lr, ip
10001088:	d1f2      	bne.n	10001070 <hw_claim_unused_from_range+0x2c>
1000108a:	ea4e 0e0c 	orr.w	lr, lr, ip
1000108e:	f800 e003 	strb.w	lr, [r0, r3]
10001092:	4610      	mov	r0, r2
10001094:	2300      	movs	r3, #0
10001096:	e8c5 3f8f 	stlb	r3, [r5]
1000109a:	f386 8810 	msr	PRIMASK, r6
1000109e:	4298      	cmp	r0, r3
100010a0:	db07      	blt.n	100010b2 <hw_claim_unused_from_range+0x6e>
100010a2:	bdf8      	pop	{r3, r4, r5, r6, r7, pc}
100010a4:	2300      	movs	r3, #0
100010a6:	e8c5 3f8f 	stlb	r3, [r5]
100010aa:	f386 8810 	msr	PRIMASK, r6
100010ae:	f04f 30ff 	mov.w	r0, #4294967295	@ 0xffffffff
100010b2:	2f00      	cmp	r7, #0
100010b4:	d0f5      	beq.n	100010a2 <hw_claim_unused_from_range+0x5e>
100010b6:	9806      	ldr	r0, [sp, #24]
100010b8:	f7ff ff80 	bl	10000fbc <panic>
100010bc:	f04f 30ff 	mov.w	r0, #4294967295	@ 0xffffffff
100010c0:	e7e8      	b.n	10001094 <hw_claim_unused_from_range+0x50>
100010c2:	bf00      	nop
100010c4:	2000185f 	.word	0x2000185f

100010c8 <next_striped_spin_lock_num>:
100010c8:	4a04      	ldr	r2, [pc, #16]	@ (100010dc <next_striped_spin_lock_num+0x14>)
100010ca:	7810      	ldrb	r0, [r2, #0]
100010cc:	1c43      	adds	r3, r0, #1
100010ce:	b2db      	uxtb	r3, r3
100010d0:	2b18      	cmp	r3, #24
100010d2:	bf28      	it	cs
100010d4:	2310      	movcs	r3, #16
100010d6:	7013      	strb	r3, [r2, #0]
100010d8:	4770      	bx	lr
100010da:	bf00      	nop
100010dc:	20001418 	.word	0x20001418

100010e0 <spin_lock_claim_unused>:
100010e0:	b500      	push	{lr}
100010e2:	f8df c01c 	ldr.w	ip, [pc, #28]	@ 10001100 <spin_lock_claim_unused+0x20>
100010e6:	b083      	sub	sp, #12
100010e8:	4601      	mov	r1, r0
100010ea:	231f      	movs	r3, #31
100010ec:	2218      	movs	r2, #24
100010ee:	f8cd c000 	str.w	ip, [sp]
100010f2:	4802      	ldr	r0, [pc, #8]	@ (100010fc <spin_lock_claim_unused+0x1c>)
100010f4:	f7ff ffa6 	bl	10001044 <hw_claim_unused_from_range>
100010f8:	b003      	add	sp, #12
100010fa:	bd00      	pop	{pc}
100010fc:	200019a4 	.word	0x200019a4
10001100:	10007060 	.word	0x10007060

10001104 <spinlock_set_extexclall>:
10001104:	f04f 22e0 	mov.w	r2, #3758153728	@ 0xe000e000
10001108:	6893      	ldr	r3, [r2, #8]
1000110a:	f043 5300 	orr.w	r3, r3, #536870912	@ 0x20000000
1000110e:	6093      	str	r3, [r2, #8]
10001110:	4770      	bx	lr
10001112:	bf00      	nop

10001114 <spin_locks_reset>:
10001114:	2100      	movs	r1, #0
10001116:	4b04      	ldr	r3, [pc, #16]	@ (10001128 <spin_locks_reset+0x14>)
10001118:	f103 0220 	add.w	r2, r3, #32
1000111c:	e8c3 1f8f 	stlb	r1, [r3]
10001120:	3301      	adds	r3, #1
10001122:	4293      	cmp	r3, r2
10001124:	d1fa      	bne.n	1000111c <spin_locks_reset+0x8>
10001126:	4770      	bx	lr
10001128:	20001854 	.word	0x20001854

1000112c <runtime_init_per_core_irq_priorities>:
1000112c:	f04f 23e0 	mov.w	r3, #3758153728	@ 0xe000e000
10001130:	f04f 3280 	mov.w	r2, #2155905152	@ 0x80808080
10001134:	f8c3 2400 	str.w	r2, [r3, #1024]	@ 0x400
10001138:	f8c3 2404 	str.w	r2, [r3, #1028]	@ 0x404
1000113c:	f8c3 2408 	str.w	r2, [r3, #1032]	@ 0x408
10001140:	f8c3 240c 	str.w	r2, [r3, #1036]	@ 0x40c
10001144:	f8c3 2410 	str.w	r2, [r3, #1040]	@ 0x410
10001148:	f8c3 2414 	str.w	r2, [r3, #1044]	@ 0x414
1000114c:	f8c3 2418 	str.w	r2, [r3, #1048]	@ 0x418
10001150:	f8c3 241c 	str.w	r2, [r3, #1052]	@ 0x41c
10001154:	f8c3 2420 	str.w	r2, [r3, #1056]	@ 0x420
10001158:	f8c3 2424 	str.w	r2, [r3, #1060]	@ 0x424
1000115c:	f8c3 2428 	str.w	r2, [r3, #1064]	@ 0x428
10001160:	f8c3 242c 	str.w	r2, [r3, #1068]	@ 0x42c
10001164:	f8c3 2430 	str.w	r2, [r3, #1072]	@ 0x430
10001168:	b662      	cpsie	i
1000116a:	4770      	bx	lr

1000116c <irq_set_enabled>:
1000116c:	2301      	movs	r3, #1
1000116e:	f000 021f 	and.w	r2, r0, #31
10001172:	4093      	lsls	r3, r2
10001174:	0940      	lsrs	r0, r0, #5
10001176:	b141      	cbz	r1, 1000118a <irq_set_enabled+0x1e>
10001178:	0080      	lsls	r0, r0, #2
1000117a:	f100 4060 	add.w	r0, r0, #3758096384	@ 0xe0000000
1000117e:	f500 4061 	add.w	r0, r0, #57600	@ 0xe100
10001182:	f8c0 3180 	str.w	r3, [r0, #384]	@ 0x180
10001186:	6003      	str	r3, [r0, #0]
10001188:	4770      	bx	lr
1000118a:	4a02      	ldr	r2, [pc, #8]	@ (10001194 <irq_set_enabled+0x28>)
1000118c:	3020      	adds	r0, #32
1000118e:	f842 3020 	str.w	r3, [r2, r0, lsl #2]
10001192:	4770      	bx	lr
10001194:	e000e100 	.word	0xe000e100

10001198 <irq_is_enabled>:
10001198:	2301      	movs	r3, #1
1000119a:	4a06      	ldr	r2, [pc, #24]	@ (100011b4 <irq_is_enabled+0x1c>)
1000119c:	0941      	lsrs	r1, r0, #5
1000119e:	f852 2021 	ldr.w	r2, [r2, r1, lsl #2]
100011a2:	f000 001f 	and.w	r0, r0, #31
100011a6:	4083      	lsls	r3, r0
100011a8:	4213      	tst	r3, r2
100011aa:	bf14      	ite	ne
100011ac:	2001      	movne	r0, #1
100011ae:	2000      	moveq	r0, #0
100011b0:	4770      	bx	lr
100011b2:	bf00      	nop
100011b4:	e000e100 	.word	0xe000e100

100011b8 <irq_set_pending>:
100011b8:	2201      	movs	r2, #1
100011ba:	0943      	lsrs	r3, r0, #5
100011bc:	4903      	ldr	r1, [pc, #12]	@ (100011cc <irq_set_pending+0x14>)
100011be:	f000 001f 	and.w	r0, r0, #31
100011c2:	4082      	lsls	r2, r0
100011c4:	3340      	adds	r3, #64	@ 0x40
100011c6:	f841 2023 	str.w	r2, [r1, r3, lsl #2]
100011ca:	4770      	bx	lr
100011cc:	e000e100 	.word	0xe000e100

100011d0 <irq_has_shared_handler>:
100011d0:	4a05      	ldr	r2, [pc, #20]	@ (100011e8 <irq_has_shared_handler+0x18>)
100011d2:	3010      	adds	r0, #16
100011d4:	6892      	ldr	r2, [r2, #8]
100011d6:	4b05      	ldr	r3, [pc, #20]	@ (100011ec <irq_has_shared_handler+0x1c>)
100011d8:	f852 0020 	ldr.w	r0, [r2, r0, lsl #2]
100011dc:	1ac0      	subs	r0, r0, r3
100011de:	2847      	cmp	r0, #71	@ 0x47
100011e0:	bf8c      	ite	hi
100011e2:	2000      	movhi	r0, #0
100011e4:	2001      	movls	r0, #1
100011e6:	4770      	bx	lr
100011e8:	e000ed00 	.word	0xe000ed00
100011ec:	2000141c 	.word	0x2000141c

100011f0 <irq_set_exclusive_handler>:
100011f0:	b508      	push	{r3, lr}
100011f2:	f3ef 8e10 	mrs	lr, PRIMASK
100011f6:	b672      	cpsid	i
100011f8:	4b13      	ldr	r3, [pc, #76]	@ (10001248 <irq_set_exclusive_handler+0x58>)
100011fa:	e8d3 cfcf 	ldaexb	ip, [r3]
100011fe:	2201      	movs	r2, #1
10001200:	f1bc 0f00 	cmp.w	ip, #0
10001204:	d1f9      	bne.n	100011fa <irq_set_exclusive_handler+0xa>
10001206:	e8c3 2f4c 	strexb	ip, r2, [r3]
1000120a:	f1bc 0f00 	cmp.w	ip, #0
1000120e:	d1f4      	bne.n	100011fa <irq_set_exclusive_handler+0xa>
10001210:	f3bf 8f5f 	dmb	sy
10001214:	4a0d      	ldr	r2, [pc, #52]	@ (1000124c <irq_set_exclusive_handler+0x5c>)
10001216:	3010      	adds	r0, #16
10001218:	6892      	ldr	r2, [r2, #8]
1000121a:	f8df c034 	ldr.w	ip, [pc, #52]	@ 10001250 <irq_set_exclusive_handler+0x60>
1000121e:	f852 2020 	ldr.w	r2, [r2, r0, lsl #2]
10001222:	4562      	cmp	r2, ip
10001224:	d001      	beq.n	1000122a <irq_set_exclusive_handler+0x3a>
10001226:	4291      	cmp	r1, r2
10001228:	d10b      	bne.n	10001242 <irq_set_exclusive_handler+0x52>
1000122a:	4a08      	ldr	r2, [pc, #32]	@ (1000124c <irq_set_exclusive_handler+0x5c>)
1000122c:	6892      	ldr	r2, [r2, #8]
1000122e:	f842 1020 	str.w	r1, [r2, r0, lsl #2]
10001232:	f3bf 8f5f 	dmb	sy
10001236:	2200      	movs	r2, #0
10001238:	e8c3 2f8f 	stlb	r2, [r3]
1000123c:	f38e 8810 	msr	PRIMASK, lr
10001240:	bd08      	pop	{r3, pc}
10001242:	f001 f819 	bl	10002278 <hard_assertion_failure>
10001246:	bf00      	nop
10001248:	2000185d 	.word	0x2000185d
1000124c:	e000ed00 	.word	0xe000ed00
10001250:	10000111 	.word	0x10000111

10001254 <irq_add_shared_handler>:
10001254:	e92d 4ff8 	stmdb	sp!, {r3, r4, r5, r6, r7, r8, r9, sl, fp, lr}
10001258:	468b      	mov	fp, r1
1000125a:	4611      	mov	r1, r2
1000125c:	f3ef 8810 	mrs	r8, PRIMASK
10001260:	b672      	cpsid	i
10001262:	4f66      	ldr	r7, [pc, #408]	@ (100013fc <irq_add_shared_handler+0x1a8>)
10001264:	e8d7 2fcf 	ldaexb	r2, [r7]
10001268:	2301      	movs	r3, #1
1000126a:	2a00      	cmp	r2, #0
1000126c:	d1fa      	bne.n	10001264 <irq_add_shared_handler+0x10>
1000126e:	e8c7 3f42 	strexb	r2, r3, [r7]
10001272:	2a00      	cmp	r2, #0
10001274:	d1f6      	bne.n	10001264 <irq_add_shared_handler+0x10>
10001276:	f3bf 8f5f 	dmb	sy
1000127a:	4b61      	ldr	r3, [pc, #388]	@ (10001400 <irq_add_shared_handler+0x1ac>)
1000127c:	f993 4000 	ldrsb.w	r4, [r3]
10001280:	2c00      	cmp	r4, #0
10001282:	f2c0 80b8 	blt.w	100013f6 <irq_add_shared_handler+0x1a2>
10001286:	f100 0510 	add.w	r5, r0, #16
1000128a:	485e      	ldr	r0, [pc, #376]	@ (10001404 <irq_add_shared_handler+0x1b0>)
1000128c:	eb04 0944 	add.w	r9, r4, r4, lsl #1
10001290:	eb00 0289 	add.w	r2, r0, r9, lsl #2
10001294:	7996      	ldrb	r6, [r2, #6]
10001296:	ea4f 0989 	mov.w	r9, r9, lsl #2
1000129a:	701e      	strb	r6, [r3, #0]
1000129c:	4b5a      	ldr	r3, [pc, #360]	@ (10001408 <irq_add_shared_handler+0x1b4>)
1000129e:	689b      	ldr	r3, [r3, #8]
100012a0:	f853 6025 	ldr.w	r6, [r3, r5, lsl #2]
100012a4:	1a33      	subs	r3, r6, r0
100012a6:	2b47      	cmp	r3, #71	@ 0x47
100012a8:	d835      	bhi.n	10001316 <irq_add_shared_handler+0xc2>
100012aa:	f026 0e01 	bic.w	lr, r6, #1
100012ae:	f89e 3007 	ldrb.w	r3, [lr, #7]
100012b2:	428b      	cmp	r3, r1
100012b4:	d809      	bhi.n	100012ca <irq_add_shared_handler+0x76>
100012b6:	e06f      	b.n	10001398 <irq_add_shared_handler+0x144>
100012b8:	eb0c 034c 	add.w	r3, ip, ip, lsl #1
100012bc:	eb00 0383 	add.w	r3, r0, r3, lsl #2
100012c0:	f893 a007 	ldrb.w	sl, [r3, #7]
100012c4:	458a      	cmp	sl, r1
100012c6:	d951      	bls.n	1000136c <irq_add_shared_handler+0x118>
100012c8:	469e      	mov	lr, r3
100012ca:	f99e c006 	ldrsb.w	ip, [lr, #6]
100012ce:	f1bc 0f00 	cmp.w	ip, #0
100012d2:	daf1      	bge.n	100012b8 <irq_add_shared_handler+0x64>
100012d4:	f64b 5901 	movw	r9, #48385	@ 0xbd01
100012d8:	f10e 0a04 	add.w	sl, lr, #4
100012dc:	1f13      	subs	r3, r2, #4
100012de:	eba3 030a 	sub.w	r3, r3, sl
100012e2:	f3c3 034a 	ubfx	r3, r3, #1, #11
100012e6:	ea6f 43c3 	mvn.w	r3, r3, lsl #19
100012ea:	ea6f 43d3 	mvn.w	r3, r3, lsr #19
100012ee:	f88e 4006 	strb.w	r4, [lr, #6]
100012f2:	f8df a120 	ldr.w	sl, [pc, #288]	@ 10001414 <irq_add_shared_handler+0x1c0>
100012f6:	eb04 0444 	add.w	r4, r4, r4, lsl #1
100012fa:	eb00 0284 	add.w	r2, r0, r4, lsl #2
100012fe:	f8ae 3004 	strh.w	r3, [lr, #4]
10001302:	f840 a024 	str.w	sl, [r0, r4, lsl #2]
10001306:	f8a2 9004 	strh.w	r9, [r2, #4]
1000130a:	f882 c006 	strb.w	ip, [r2, #6]
1000130e:	71d1      	strb	r1, [r2, #7]
10001310:	f8c2 b008 	str.w	fp, [r2, #8]
10001314:	e01d      	b.n	10001352 <irq_add_shared_handler+0xfe>
10001316:	4b3d      	ldr	r3, [pc, #244]	@ (1000140c <irq_add_shared_handler+0x1b8>)
10001318:	429e      	cmp	r6, r3
1000131a:	d16c      	bne.n	100013f6 <irq_add_shared_handler+0x1a2>
1000131c:	4b3c      	ldr	r3, [pc, #240]	@ (10001410 <irq_add_shared_handler+0x1bc>)
1000131e:	71d1      	strb	r1, [r2, #7]
10001320:	f109 0102 	add.w	r1, r9, #2
10001324:	4401      	add	r1, r0
10001326:	3b04      	subs	r3, #4
10001328:	1a5b      	subs	r3, r3, r1
1000132a:	f3c3 034a 	ubfx	r3, r3, #1, #11
1000132e:	ea6f 43c3 	mvn.w	r3, r3, lsl #19
10001332:	f44f 4121 	mov.w	r1, #41216	@ 0xa100
10001336:	ea6f 43d3 	mvn.w	r3, r3, lsr #19
1000133a:	f820 1009 	strh.w	r1, [r0, r9]
1000133e:	8053      	strh	r3, [r2, #2]
10001340:	21ff      	movs	r1, #255	@ 0xff
10001342:	f64b 5301 	movw	r3, #48385	@ 0xbd01
10001346:	f8c2 b008 	str.w	fp, [r2, #8]
1000134a:	7191      	strb	r1, [r2, #6]
1000134c:	8093      	strh	r3, [r2, #4]
1000134e:	f042 0601 	orr.w	r6, r2, #1
10001352:	4b2d      	ldr	r3, [pc, #180]	@ (10001408 <irq_add_shared_handler+0x1b4>)
10001354:	689b      	ldr	r3, [r3, #8]
10001356:	f843 6025 	str.w	r6, [r3, r5, lsl #2]
1000135a:	f3bf 8f5f 	dmb	sy
1000135e:	2300      	movs	r3, #0
10001360:	e8c7 3f8f 	stlb	r3, [r7]
10001364:	f388 8810 	msr	PRIMASK, r8
10001368:	e8bd 8ff8 	ldmia.w	sp!, {r3, r4, r5, r6, r7, r8, r9, sl, fp, pc}
1000136c:	46f2      	mov	sl, lr
1000136e:	f06f 0307 	mvn.w	r3, #7
10001372:	eba3 0309 	sub.w	r3, r3, r9
10001376:	f83a 9f04 	ldrh.w	r9, [sl, #4]!
1000137a:	1a1b      	subs	r3, r3, r0
1000137c:	f349 090a 	sbfx	r9, r9, #0, #11
10001380:	f109 0902 	add.w	r9, r9, #2
10001384:	eb0a 0949 	add.w	r9, sl, r9, lsl #1
10001388:	4499      	add	r9, r3
1000138a:	f3c9 094a 	ubfx	r9, r9, #1, #11
1000138e:	ea6f 49c9 	mvn.w	r9, r9, lsl #19
10001392:	ea6f 49d9 	mvn.w	r9, r9, lsr #19
10001396:	e7a1      	b.n	100012dc <irq_add_shared_handler+0x88>
10001398:	f06f 0307 	mvn.w	r3, #7
1000139c:	71d1      	strb	r1, [r2, #7]
1000139e:	491c      	ldr	r1, [pc, #112]	@ (10001410 <irq_add_shared_handler+0x1bc>)
100013a0:	f109 0402 	add.w	r4, r9, #2
100013a4:	4404      	add	r4, r0
100013a6:	3904      	subs	r1, #4
100013a8:	1b09      	subs	r1, r1, r4
100013aa:	eba3 0309 	sub.w	r3, r3, r9
100013ae:	f3c1 014a 	ubfx	r1, r1, #1, #11
100013b2:	1a1b      	subs	r3, r3, r0
100013b4:	ea6f 41c1 	mvn.w	r1, r1, lsl #19
100013b8:	4473      	add	r3, lr
100013ba:	f3c3 034a 	ubfx	r3, r3, #1, #11
100013be:	ea6f 43c3 	mvn.w	r3, r3, lsl #19
100013c2:	ea6f 41d1 	mvn.w	r1, r1, lsr #19
100013c6:	f44f 4621 	mov.w	r6, #41216	@ 0xa100
100013ca:	ea6f 43d3 	mvn.w	r3, r3, lsr #19
100013ce:	8051      	strh	r1, [r2, #2]
100013d0:	4910      	ldr	r1, [pc, #64]	@ (10001414 <irq_add_shared_handler+0x1c0>)
100013d2:	f820 6009 	strh.w	r6, [r0, r9]
100013d6:	8093      	strh	r3, [r2, #4]
100013d8:	f64a 24aa 	movw	r4, #43690	@ 0xaaaa
100013dc:	4673      	mov	r3, lr
100013de:	1a1b      	subs	r3, r3, r0
100013e0:	415b      	adcs	r3, r3
100013e2:	435c      	muls	r4, r3
100013e4:	0d24      	lsrs	r4, r4, #20
100013e6:	f8c2 b008 	str.w	fp, [r2, #8]
100013ea:	7194      	strb	r4, [r2, #6]
100013ec:	f042 0601 	orr.w	r6, r2, #1
100013f0:	f8ce 1000 	str.w	r1, [lr]
100013f4:	e7ad      	b.n	10001352 <irq_add_shared_handler+0xfe>
100013f6:	f000 ff3f 	bl	10002278 <hard_assertion_failure>
100013fa:	bf00      	nop
100013fc:	2000185d 	.word	0x2000185d
10001400:	20003e6d 	.word	0x20003e6d
10001404:	2000141c 	.word	0x2000141c
10001408:	e000ed00 	.word	0xe000ed00
1000140c:	10000111 	.word	0x10000111
10001410:	20001464 	.word	0x20001464
10001414:	47804801 	.word	0x47804801

10001418 <irq_add_tail_to_free_list>:
10001418:	e92d 41f0 	stmdb	sp!, {r4, r5, r6, r7, r8, lr}
1000141c:	f3ef 8305 	mrs	r3, IPSR
10001420:	b2db      	uxtb	r3, r3
10001422:	469e      	mov	lr, r3
10001424:	f3ef 8510 	mrs	r5, PRIMASK
10001428:	b672      	cpsid	i
1000142a:	492f      	ldr	r1, [pc, #188]	@ (100014e8 <irq_add_tail_to_free_list+0xd0>)
1000142c:	e8d1 2fcf 	ldaexb	r2, [r1]
10001430:	2301      	movs	r3, #1
10001432:	2a00      	cmp	r2, #0
10001434:	d1fa      	bne.n	1000142c <irq_add_tail_to_free_list+0x14>
10001436:	e8c1 3f42 	strexb	r2, r3, [r1]
1000143a:	2a00      	cmp	r2, #0
1000143c:	d1f6      	bne.n	1000142c <irq_add_tail_to_free_list+0x14>
1000143e:	f3bf 8f5f 	dmb	sy
10001442:	f8df 80b4 	ldr.w	r8, [pc, #180]	@ 100014f8 <irq_add_tail_to_free_list+0xe0>
10001446:	f040 0601 	orr.w	r6, r0, #1
1000144a:	f8d8 7008 	ldr.w	r7, [r8, #8]
1000144e:	f64a 23aa 	movw	r3, #43690	@ 0xaaaa
10001452:	f857 702e 	ldr.w	r7, [r7, lr, lsl #2]
10001456:	4604      	mov	r4, r0
10001458:	4a24      	ldr	r2, [pc, #144]	@ (100014ec <irq_add_tail_to_free_list+0xd4>)
1000145a:	1aa4      	subs	r4, r4, r2
1000145c:	4164      	adcs	r4, r4
1000145e:	4363      	muls	r3, r4
10001460:	0d1b      	lsrs	r3, r3, #20
10001462:	42b7      	cmp	r7, r6
10001464:	b25b      	sxtb	r3, r3
10001466:	d026      	beq.n	100014b6 <irq_add_tail_to_free_list+0x9e>
10001468:	f992 4006 	ldrsb.w	r4, [r2, #6]
1000146c:	429c      	cmp	r4, r3
1000146e:	d028      	beq.n	100014c2 <irq_add_tail_to_free_list+0xaa>
10001470:	f992 4012 	ldrsb.w	r4, [r2, #18]
10001474:	429c      	cmp	r4, r3
10001476:	d02f      	beq.n	100014d8 <irq_add_tail_to_free_list+0xc0>
10001478:	f992 401e 	ldrsb.w	r4, [r2, #30]
1000147c:	429c      	cmp	r4, r3
1000147e:	d02d      	beq.n	100014dc <irq_add_tail_to_free_list+0xc4>
10001480:	f992 402a 	ldrsb.w	r4, [r2, #42]	@ 0x2a
10001484:	429c      	cmp	r4, r3
10001486:	d02b      	beq.n	100014e0 <irq_add_tail_to_free_list+0xc8>
10001488:	f992 4036 	ldrsb.w	r4, [r2, #54]	@ 0x36
1000148c:	429c      	cmp	r4, r3
1000148e:	d029      	beq.n	100014e4 <irq_add_tail_to_free_list+0xcc>
10001490:	f992 4042 	ldrsb.w	r4, [r2, #66]	@ 0x42
10001494:	429c      	cmp	r4, r3
10001496:	bf08      	it	eq
10001498:	2405      	moveq	r4, #5
1000149a:	d013      	beq.n	100014c4 <irq_add_tail_to_free_list+0xac>
1000149c:	4a14      	ldr	r2, [pc, #80]	@ (100014f0 <irq_add_tail_to_free_list+0xd8>)
1000149e:	2400      	movs	r4, #0
100014a0:	f892 c000 	ldrb.w	ip, [r2]
100014a4:	7013      	strb	r3, [r2, #0]
100014a6:	f880 c006 	strb.w	ip, [r0, #6]
100014aa:	e8c1 4f8f 	stlb	r4, [r1]
100014ae:	f385 8810 	msr	PRIMASK, r5
100014b2:	e8bd 81f0 	ldmia.w	sp!, {r4, r5, r6, r7, r8, pc}
100014b6:	f8d8 2008 	ldr.w	r2, [r8, #8]
100014ba:	4c0e      	ldr	r4, [pc, #56]	@ (100014f4 <irq_add_tail_to_free_list+0xdc>)
100014bc:	f842 402e 	str.w	r4, [r2, lr, lsl #2]
100014c0:	e7ec      	b.n	1000149c <irq_add_tail_to_free_list+0x84>
100014c2:	2400      	movs	r4, #0
100014c4:	eb04 0444 	add.w	r4, r4, r4, lsl #1
100014c8:	eb02 0284 	add.w	r2, r2, r4, lsl #2
100014cc:	24ff      	movs	r4, #255	@ 0xff
100014ce:	7194      	strb	r4, [r2, #6]
100014d0:	f64b 5401 	movw	r4, #48385	@ 0xbd01
100014d4:	8094      	strh	r4, [r2, #4]
100014d6:	e7e1      	b.n	1000149c <irq_add_tail_to_free_list+0x84>
100014d8:	2401      	movs	r4, #1
100014da:	e7f3      	b.n	100014c4 <irq_add_tail_to_free_list+0xac>
100014dc:	2402      	movs	r4, #2
100014de:	e7f1      	b.n	100014c4 <irq_add_tail_to_free_list+0xac>
100014e0:	2403      	movs	r4, #3
100014e2:	e7ef      	b.n	100014c4 <irq_add_tail_to_free_list+0xac>
100014e4:	2404      	movs	r4, #4
100014e6:	e7ed      	b.n	100014c4 <irq_add_tail_to_free_list+0xac>
100014e8:	2000185d 	.word	0x2000185d
100014ec:	2000141c 	.word	0x2000141c
100014f0:	20003e6d 	.word	0x20003e6d
100014f4:	10000111 	.word	0x10000111
100014f8:	e000ed00 	.word	0xe000ed00

100014fc <user_irq_claim_unused>:
100014fc:	b500      	push	{lr}
100014fe:	f8df c024 	ldr.w	ip, [pc, #36]	@ 10001524 <user_irq_claim_unused+0x28>
10001502:	b083      	sub	sp, #12
10001504:	4601      	mov	r1, r0
10001506:	2305      	movs	r3, #5
10001508:	2200      	movs	r2, #0
1000150a:	f8cd c000 	str.w	ip, [sp]
1000150e:	4804      	ldr	r0, [pc, #16]	@ (10001520 <user_irq_claim_unused+0x24>)
10001510:	f7ff fd98 	bl	10001044 <hw_claim_unused_from_range>
10001514:	2800      	cmp	r0, #0
10001516:	bfa8      	it	ge
10001518:	f1c0 0033 	rsbge	r0, r0, #51	@ 0x33
1000151c:	b003      	add	sp, #12
1000151e:	bd00      	pop	{pc}
10001520:	20003e73 	.word	0x20003e73
10001524:	1000707c 	.word	0x1000707c

10001528 <lock_init>:
10001528:	4b01      	ldr	r3, [pc, #4]	@ (10001530 <lock_init+0x8>)
1000152a:	440b      	add	r3, r1
1000152c:	6003      	str	r3, [r0, #0]
1000152e:	4770      	bx	lr
10001530:	20001854 	.word	0x20001854

10001534 <runtime_init_mutex>:
10001534:	b570      	push	{r4, r5, r6, lr}
10001536:	4c10      	ldr	r4, [pc, #64]	@ (10001578 <runtime_init_mutex+0x44>)
10001538:	4d10      	ldr	r5, [pc, #64]	@ (1000157c <runtime_init_mutex+0x48>)
1000153a:	42ac      	cmp	r4, r5
1000153c:	d20e      	bcs.n	1000155c <runtime_init_mutex+0x28>
1000153e:	26ff      	movs	r6, #255	@ 0xff
10001540:	6823      	ldr	r3, [r4, #0]
10001542:	b163      	cbz	r3, 1000155e <runtime_init_mutex+0x2a>
10001544:	f7ff fdc0 	bl	100010c8 <next_striped_spin_lock_num>
10001548:	4601      	mov	r1, r0
1000154a:	4620      	mov	r0, r4
1000154c:	f7ff ffec 	bl	10001528 <lock_init>
10001550:	80a6      	strh	r6, [r4, #4]
10001552:	f3bf 8f5f 	dmb	sy
10001556:	3408      	adds	r4, #8
10001558:	42ac      	cmp	r4, r5
1000155a:	d3f1      	bcc.n	10001540 <runtime_init_mutex+0xc>
1000155c:	bd70      	pop	{r4, r5, r6, pc}
1000155e:	f7ff fdb3 	bl	100010c8 <next_striped_spin_lock_num>
10001562:	4601      	mov	r1, r0
10001564:	4620      	mov	r0, r4
10001566:	f7ff ffdf 	bl	10001528 <lock_init>
1000156a:	7126      	strb	r6, [r4, #4]
1000156c:	f3bf 8f5f 	dmb	sy
10001570:	3408      	adds	r4, #8
10001572:	42ac      	cmp	r4, r5
10001574:	d3e4      	bcc.n	10001540 <runtime_init_mutex+0xc>
10001576:	bd70      	pop	{r4, r5, r6, pc}
10001578:	200014e8 	.word	0x200014e8
1000157c:	200014f0 	.word	0x200014f0

10001580 <mutex_init>:
10001580:	b510      	push	{r4, lr}
10001582:	4604      	mov	r4, r0
10001584:	f7ff fda0 	bl	100010c8 <next_striped_spin_lock_num>
10001588:	4601      	mov	r1, r0
1000158a:	4620      	mov	r0, r4
1000158c:	f7ff ffcc 	bl	10001528 <lock_init>
10001590:	23ff      	movs	r3, #255	@ 0xff
10001592:	7123      	strb	r3, [r4, #4]
10001594:	f3bf 8f5f 	dmb	sy
10001598:	bd10      	pop	{r4, pc}
1000159a:	bf00      	nop

1000159c <critical_section_init>:
1000159c:	b510      	push	{r4, lr}
1000159e:	4604      	mov	r4, r0
100015a0:	2001      	movs	r0, #1
100015a2:	f7ff fd9d 	bl	100010e0 <spin_lock_claim_unused>
100015a6:	4b03      	ldr	r3, [pc, #12]	@ (100015b4 <critical_section_init+0x18>)
100015a8:	4403      	add	r3, r0
100015aa:	6023      	str	r3, [r4, #0]
100015ac:	f3bf 8f5f 	dmb	sy
100015b0:	bd10      	pop	{r4, pc}
100015b2:	bf00      	nop
100015b4:	20001854 	.word	0x20001854

100015b8 <critical_section_init_with_lock_num>:
100015b8:	4b02      	ldr	r3, [pc, #8]	@ (100015c4 <critical_section_init_with_lock_num+0xc>)
100015ba:	440b      	add	r3, r1
100015bc:	6003      	str	r3, [r0, #0]
100015be:	f3bf 8f5f 	dmb	sy
100015c2:	4770      	bx	lr
100015c4:	20001854 	.word	0x20001854

100015c8 <sleep_until_callback>:
100015c8:	4910      	ldr	r1, [pc, #64]	@ (1000160c <sleep_until_callback+0x44>)
100015ca:	680b      	ldr	r3, [r1, #0]
100015cc:	f3ef 8010 	mrs	r0, PRIMASK
100015d0:	b672      	cpsid	i
100015d2:	e8d3 cfcf 	ldaexb	ip, [r3]
100015d6:	2201      	movs	r2, #1
100015d8:	f1bc 0f00 	cmp.w	ip, #0
100015dc:	d1f9      	bne.n	100015d2 <sleep_until_callback+0xa>
100015de:	e8c3 2f4c 	strexb	ip, r2, [r3]
100015e2:	f1bc 0f00 	cmp.w	ip, #0
100015e6:	d1f4      	bne.n	100015d2 <sleep_until_callback+0xa>
100015e8:	f3bf 8f5f 	dmb	sy
100015ec:	4a08      	ldr	r2, [pc, #32]	@ (10001610 <sleep_until_callback+0x48>)
100015ee:	f04f 0c00 	mov.w	ip, #0
100015f2:	7813      	ldrb	r3, [r2, #0]
100015f4:	6809      	ldr	r1, [r1, #0]
100015f6:	3301      	adds	r3, #1
100015f8:	7013      	strb	r3, [r2, #0]
100015fa:	e8c1 cf8f 	stlb	ip, [r1]
100015fe:	f380 8810 	msr	PRIMASK, r0
10001602:	bf40      	sev
10001604:	2000      	movs	r0, #0
10001606:	2100      	movs	r1, #0
10001608:	4770      	bx	lr
1000160a:	bf00      	nop
1000160c:	20003e4c 	.word	0x20003e4c
10001610:	20003e6f 	.word	0x20003e6f
10001614:	00000000 	.word	0x00000000

10001618 <alarm_pool_irq_handler>:
10001618:	e92d 4ff0 	stmdb	sp!, {r4, r5, r6, r7, r8, r9, sl, fp, lr}
1000161c:	ed2d 8b02 	vpush	{d8}
10001620:	b085      	sub	sp, #20
10001622:	f3ef 8305 	mrs	r3, IPSR
10001626:	b2db      	uxtb	r3, r3
10001628:	3b10      	subs	r3, #16
1000162a:	089a      	lsrs	r2, r3, #2
1000162c:	bf18      	it	ne
1000162e:	2201      	movne	r2, #1
10001630:	f04f 0101 	mov.w	r1, #1
10001634:	f003 0b03 	and.w	fp, r3, #3
10001638:	bf18      	it	ne
1000163a:	4ca9      	ldrne	r4, [pc, #676]	@ (100018e0 <alarm_pool_irq_handler+0x2c8>)
1000163c:	4ba9      	ldr	r3, [pc, #676]	@ (100018e4 <alarm_pool_irq_handler+0x2cc>)
1000163e:	bf08      	it	eq
10001640:	4ca9      	ldreq	r4, [pc, #676]	@ (100018e8 <alarm_pool_irq_handler+0x2d0>)
10001642:	eb0b 0282 	add.w	r2, fp, r2, lsl #2
10001646:	f853 5022 	ldr.w	r5, [r3, r2, lsl #2]
1000164a:	fa01 f20b 	lsl.w	r2, r1, fp
1000164e:	f504 5341 	add.w	r3, r4, #12352	@ 0x3040
10001652:	ed9f 8ba1 	vldr	d8, [pc, #644]	@ 100018d8 <alarm_pool_irq_handler+0x2c0>
10001656:	9202      	str	r2, [sp, #8]
10001658:	605a      	str	r2, [r3, #4]
1000165a:	e02f      	b.n	100016bc <alarm_pool_irq_handler+0xa4>
1000165c:	88ab      	ldrh	r3, [r5, #4]
1000165e:	0419      	lsls	r1, r3, #16
10001660:	f140 8094 	bpl.w	1000178c <alarm_pool_irq_handler+0x174>
10001664:	79ab      	ldrb	r3, [r5, #6]
10001666:	2b00      	cmp	r3, #0
10001668:	f040 80de 	bne.w	10001828 <alarm_pool_irq_handler+0x210>
1000166c:	f9b5 6008 	ldrsh.w	r6, [r5, #8]
10001670:	2e00      	cmp	r6, #0
10001672:	f2c0 811c 	blt.w	100018ae <alarm_pool_irq_handler+0x296>
10001676:	696b      	ldr	r3, [r5, #20]
10001678:	eb06 0646 	add.w	r6, r6, r6, lsl #1
1000167c:	eb03 03c6 	add.w	r3, r3, r6, lsl #3
10001680:	e9d3 6702 	ldrd	r6, r7, [r3, #8]
10001684:	f1b7 3fff 	cmp.w	r7, #4294967295	@ 0xffffffff
10001688:	bf08      	it	eq
1000168a:	f1b6 3fff 	cmpeq.w	r6, #4294967295	@ 0xffffffff
1000168e:	d00e      	beq.n	100016ae <alarm_pool_irq_handler+0x96>
10001690:	eb04 018b 	add.w	r1, r4, fp, lsl #2
10001694:	6aa3      	ldr	r3, [r4, #40]	@ 0x28
10001696:	690a      	ldr	r2, [r1, #16]
10001698:	1ad2      	subs	r2, r2, r3
1000169a:	1af3      	subs	r3, r6, r3
1000169c:	4293      	cmp	r3, r2
1000169e:	d305      	bcc.n	100016ac <alarm_pool_irq_handler+0x94>
100016a0:	2301      	movs	r3, #1
100016a2:	6a22      	ldr	r2, [r4, #32]
100016a4:	fa03 f30b 	lsl.w	r3, r3, fp
100016a8:	4213      	tst	r3, r2
100016aa:	d100      	bne.n	100016ae <alarm_pool_irq_handler+0x96>
100016ac:	610e      	str	r6, [r1, #16]
100016ae:	4620      	mov	r0, r4
100016b0:	f000 fc0a 	bl	10001ec8 <timer_time_us_64>
100016b4:	42b0      	cmp	r0, r6
100016b6:	41b9      	sbcs	r1, r7
100016b8:	f2c0 80f9 	blt.w	100018ae <alarm_pool_irq_handler+0x296>
100016bc:	f9b5 6008 	ldrsh.w	r6, [r5, #8]
100016c0:	9b02      	ldr	r3, [sp, #8]
100016c2:	2e00      	cmp	r6, #0
100016c4:	63e3      	str	r3, [r4, #60]	@ 0x3c
100016c6:	dbc9      	blt.n	1000165c <alarm_pool_irq_handler+0x44>
100016c8:	f8d5 9014 	ldr.w	r9, [r5, #20]
100016cc:	eb06 0a46 	add.w	sl, r6, r6, lsl #1
100016d0:	eb09 07ca 	add.w	r7, r9, sl, lsl #3
100016d4:	68bb      	ldr	r3, [r7, #8]
100016d6:	4620      	mov	r0, r4
100016d8:	f8d7 800c 	ldr.w	r8, [r7, #12]
100016dc:	9301      	str	r3, [sp, #4]
100016de:	f000 fbf3 	bl	10001ec8 <timer_time_us_64>
100016e2:	9b01      	ldr	r3, [sp, #4]
100016e4:	4298      	cmp	r0, r3
100016e6:	eb71 0108 	sbcs.w	r1, r1, r8
100016ea:	dbb7      	blt.n	1000165c <alarm_pool_irq_handler+0x44>
100016ec:	f1b8 0f00 	cmp.w	r8, #0
100016f0:	f2c0 80c0 	blt.w	10001874 <alarm_pool_irq_handler+0x25c>
100016f4:	e9d7 3104 	ldrd	r3, r1, [r7, #16]
100016f8:	4a7c      	ldr	r2, [pc, #496]	@ (100018ec <alarm_pool_irq_handler+0x2d4>)
100016fa:	4293      	cmp	r3, r2
100016fc:	f000 80f8 	beq.w	100018f0 <alarm_pool_irq_handler+0x2d8>
10001700:	887a      	ldrh	r2, [r7, #2]
10001702:	f9b5 0008 	ldrsh.w	r0, [r5, #8]
10001706:	b292      	uxth	r2, r2
10001708:	ea42 4000 	orr.w	r0, r2, r0, lsl #16
1000170c:	4798      	blx	r3
1000170e:	4602      	mov	r2, r0
10001710:	460b      	mov	r3, r1
10001712:	ea52 0103 	orrs.w	r1, r2, r3
10001716:	f000 80ad 	beq.w	10001874 <alarm_pool_irq_handler+0x25c>
1000171a:	2b00      	cmp	r3, #0
1000171c:	f280 80cd 	bge.w	100018ba <alarm_pool_irq_handler+0x2a2>
10001720:	9901      	ldr	r1, [sp, #4]
10001722:	ebb1 0e02 	subs.w	lr, r1, r2
10001726:	eb68 0803 	sbc.w	r8, r8, r3
1000172a:	f939 303a 	ldrsh.w	r3, [r9, sl, lsl #3]
1000172e:	e9c7 e802 	strd	lr, r8, [r7, #8]
10001732:	2b00      	cmp	r3, #0
10001734:	db92      	blt.n	1000165c <alarm_pool_irq_handler+0x44>
10001736:	6968      	ldr	r0, [r5, #20]
10001738:	eb03 0243 	add.w	r2, r3, r3, lsl #1
1000173c:	eb00 02c2 	add.w	r2, r0, r2, lsl #3
10001740:	e9d2 7102 	ldrd	r7, r1, [r2, #8]
10001744:	45be      	cmp	lr, r7
10001746:	eb78 0c01 	sbcs.w	ip, r8, r1
1000174a:	ea4f 0243 	mov.w	r2, r3, lsl #1
1000174e:	db85      	blt.n	1000165c <alarm_pool_irq_handler+0x44>
10001750:	46ac      	mov	ip, r5
10001752:	f82c 3f08 	strh.w	r3, [ip, #8]!
10001756:	e006      	b.n	10001766 <alarm_pool_irq_handler+0x14e>
10001758:	eb03 0143 	add.w	r1, r3, r3, lsl #1
1000175c:	eb00 01c1 	add.w	r1, r0, r1, lsl #3
10001760:	005a      	lsls	r2, r3, #1
10001762:	e9d1 7102 	ldrd	r7, r1, [r1, #8]
10001766:	45be      	cmp	lr, r7
10001768:	eb78 0101 	sbcs.w	r1, r8, r1
1000176c:	441a      	add	r2, r3
1000176e:	db05      	blt.n	1000177c <alarm_pool_irq_handler+0x164>
10001770:	f930 3032 	ldrsh.w	r3, [r0, r2, lsl #3]
10001774:	eb00 0cc2 	add.w	ip, r0, r2, lsl #3
10001778:	2b00      	cmp	r3, #0
1000177a:	daed      	bge.n	10001758 <alarm_pool_irq_handler+0x140>
1000177c:	f829 303a 	strh.w	r3, [r9, sl, lsl #3]
10001780:	f8ac 6000 	strh.w	r6, [ip]
10001784:	88ab      	ldrh	r3, [r5, #4]
10001786:	0419      	lsls	r1, r3, #16
10001788:	f53f af6c 	bmi.w	10001664 <alarm_pool_irq_handler+0x4c>
1000178c:	692b      	ldr	r3, [r5, #16]
1000178e:	f3ef 8210 	mrs	r2, PRIMASK
10001792:	b672      	cpsid	i
10001794:	e8d3 0fcf 	ldaexb	r0, [r3]
10001798:	2101      	movs	r1, #1
1000179a:	2800      	cmp	r0, #0
1000179c:	d1fa      	bne.n	10001794 <alarm_pool_irq_handler+0x17c>
1000179e:	e8c3 1f40 	strexb	r0, r1, [r3]
100017a2:	2800      	cmp	r0, #0
100017a4:	d1f6      	bne.n	10001794 <alarm_pool_irq_handler+0x17c>
100017a6:	f3bf 8f5f 	dmb	sy
100017aa:	f64f 76ff 	movw	r6, #65535	@ 0xffff
100017ae:	88a8      	ldrh	r0, [r5, #4]
100017b0:	2300      	movs	r3, #0
100017b2:	6929      	ldr	r1, [r5, #16]
100017b4:	b200      	sxth	r0, r0
100017b6:	80ae      	strh	r6, [r5, #4]
100017b8:	e8c1 3f8f 	stlb	r3, [r1]
100017bc:	f382 8810 	msr	PRIMASK, r2
100017c0:	4298      	cmp	r0, r3
100017c2:	f6ff af4f 	blt.w	10001664 <alarm_pool_irq_handler+0x4c>
100017c6:	4607      	mov	r7, r0
100017c8:	46a1      	mov	r9, r4
100017ca:	696e      	ldr	r6, [r5, #20]
100017cc:	f105 0808 	add.w	r8, r5, #8
100017d0:	f9b5 3008 	ldrsh.w	r3, [r5, #8]
100017d4:	eb07 0e47 	add.w	lr, r7, r7, lsl #1
100017d8:	2b00      	cmp	r3, #0
100017da:	46c4      	mov	ip, r8
100017dc:	eb06 02ce 	add.w	r2, r6, lr, lsl #3
100017e0:	db15      	blt.n	1000180e <alarm_pool_irq_handler+0x1f6>
100017e2:	e9d2 4002 	ldrd	r4, r0, [r2, #8]
100017e6:	46aa      	mov	sl, r5
100017e8:	9701      	str	r7, [sp, #4]
100017ea:	e004      	b.n	100017f6 <alarm_pool_irq_handler+0x1de>
100017ec:	f936 3035 	ldrsh.w	r3, [r6, r5, lsl #3]
100017f0:	4694      	mov	ip, r2
100017f2:	2b00      	cmp	r3, #0
100017f4:	db09      	blt.n	1000180a <alarm_pool_irq_handler+0x1f2>
100017f6:	eb03 0543 	add.w	r5, r3, r3, lsl #1
100017fa:	eb06 02c5 	add.w	r2, r6, r5, lsl #3
100017fe:	e9d2 7102 	ldrd	r7, r1, [r2, #8]
10001802:	42bc      	cmp	r4, r7
10001804:	eb70 0101 	sbcs.w	r1, r0, r1
10001808:	daf0      	bge.n	100017ec <alarm_pool_irq_handler+0x1d4>
1000180a:	4655      	mov	r5, sl
1000180c:	9f01      	ldr	r7, [sp, #4]
1000180e:	f8ac 7000 	strh.w	r7, [ip]
10001812:	f936 703e 	ldrsh.w	r7, [r6, lr, lsl #3]
10001816:	f826 303e 	strh.w	r3, [r6, lr, lsl #3]
1000181a:	2f00      	cmp	r7, #0
1000181c:	dad8      	bge.n	100017d0 <alarm_pool_irq_handler+0x1b8>
1000181e:	79ab      	ldrb	r3, [r5, #6]
10001820:	464c      	mov	r4, r9
10001822:	2b00      	cmp	r3, #0
10001824:	f43f af22 	beq.w	1000166c <alarm_pool_irq_handler+0x54>
10001828:	2300      	movs	r3, #0
1000182a:	71ab      	strb	r3, [r5, #6]
1000182c:	f9b5 6008 	ldrsh.w	r6, [r5, #8]
10001830:	1c72      	adds	r2, r6, #1
10001832:	4633      	mov	r3, r6
10001834:	d03b      	beq.n	100018ae <alarm_pool_irq_handler+0x296>
10001836:	6968      	ldr	r0, [r5, #20]
10001838:	f105 0e08 	add.w	lr, r5, #8
1000183c:	e003      	b.n	10001846 <alarm_pool_irq_handler+0x22e>
1000183e:	468e      	mov	lr, r1
10001840:	1c5a      	adds	r2, r3, #1
10001842:	f43f af15 	beq.w	10001670 <alarm_pool_irq_handler+0x58>
10001846:	eb03 0243 	add.w	r2, r3, r3, lsl #1
1000184a:	eb00 01c2 	add.w	r1, r0, r2, lsl #3
1000184e:	884f      	ldrh	r7, [r1, #2]
10001850:	469c      	mov	ip, r3
10001852:	043f      	lsls	r7, r7, #16
10001854:	f930 3032 	ldrsh.w	r3, [r0, r2, lsl #3]
10001858:	d5f1      	bpl.n	1000183e <alarm_pool_irq_handler+0x226>
1000185a:	4566      	cmp	r6, ip
1000185c:	ed81 8b02 	vstr	d8, [r1, #8]
10001860:	d0ee      	beq.n	10001840 <alarm_pool_irq_handler+0x228>
10001862:	f8ae 3000 	strh.w	r3, [lr]
10001866:	8929      	ldrh	r1, [r5, #8]
10001868:	4666      	mov	r6, ip
1000186a:	f820 1032 	strh.w	r1, [r0, r2, lsl #3]
1000186e:	f8a5 c008 	strh.w	ip, [r5, #8]
10001872:	e7e5      	b.n	10001840 <alarm_pool_irq_handler+0x228>
10001874:	f839 303a 	ldrh.w	r3, [r9, sl, lsl #3]
10001878:	812b      	strh	r3, [r5, #8]
1000187a:	692b      	ldr	r3, [r5, #16]
1000187c:	f3ef 8210 	mrs	r2, PRIMASK
10001880:	b672      	cpsid	i
10001882:	e8d3 0fcf 	ldaexb	r0, [r3]
10001886:	2101      	movs	r1, #1
10001888:	2800      	cmp	r0, #0
1000188a:	d1fa      	bne.n	10001882 <alarm_pool_irq_handler+0x26a>
1000188c:	e8c3 1f40 	strexb	r0, r1, [r3]
10001890:	2800      	cmp	r0, #0
10001892:	d1f6      	bne.n	10001882 <alarm_pool_irq_handler+0x26a>
10001894:	f3bf 8f5f 	dmb	sy
10001898:	886b      	ldrh	r3, [r5, #2]
1000189a:	6929      	ldr	r1, [r5, #16]
1000189c:	f829 303a 	strh.w	r3, [r9, sl, lsl #3]
100018a0:	2300      	movs	r3, #0
100018a2:	806e      	strh	r6, [r5, #2]
100018a4:	e8c1 3f8f 	stlb	r3, [r1]
100018a8:	f382 8810 	msr	PRIMASK, r2
100018ac:	e6d6      	b.n	1000165c <alarm_pool_irq_handler+0x44>
100018ae:	bf40      	sev
100018b0:	b005      	add	sp, #20
100018b2:	ecbd 8b02 	vpop	{d8}
100018b6:	e8bd 8ff0 	ldmia.w	sp!, {r4, r5, r6, r7, r8, r9, sl, fp, pc}
100018ba:	4620      	mov	r0, r4
100018bc:	9303      	str	r3, [sp, #12]
100018be:	9201      	str	r2, [sp, #4]
100018c0:	f000 fb02 	bl	10001ec8 <timer_time_us_64>
100018c4:	9a01      	ldr	r2, [sp, #4]
100018c6:	9b03      	ldr	r3, [sp, #12]
100018c8:	eb10 0e02 	adds.w	lr, r0, r2
100018cc:	eb43 0801 	adc.w	r8, r3, r1
100018d0:	e72b      	b.n	1000172a <alarm_pool_irq_handler+0x112>
100018d2:	bf00      	nop
100018d4:	f3af 8000 	nop.w
100018d8:	ffffffff 	.word	0xffffffff
100018dc:	ffffffff 	.word	0xffffffff
100018e0:	400b8000 	.word	0x400b8000
100018e4:	20002e1c 	.word	0x20002e1c
100018e8:	400b0000 	.word	0x400b0000
100018ec:	10001619 	.word	0x10001619
100018f0:	4608      	mov	r0, r1
100018f2:	690b      	ldr	r3, [r1, #16]
100018f4:	9103      	str	r1, [sp, #12]
100018f6:	4798      	blx	r3
100018f8:	2800      	cmp	r0, #0
100018fa:	d0bb      	beq.n	10001874 <alarm_pool_irq_handler+0x25c>
100018fc:	9903      	ldr	r1, [sp, #12]
100018fe:	e9d1 2300 	ldrd	r2, r3, [r1]
10001902:	e706      	b.n	10001712 <alarm_pool_irq_handler+0xfa>

10001904 <runtime_init_default_alarm_pool>:
10001904:	b538      	push	{r3, r4, r5, lr}
10001906:	4b38      	ldr	r3, [pc, #224]	@ (100019e8 <runtime_init_default_alarm_pool+0xe4>)
10001908:	691c      	ldr	r4, [r3, #16]
1000190a:	b12c      	cbz	r4, 10001918 <runtime_init_default_alarm_pool+0x14>
1000190c:	e8bd 4038 	ldmia.w	sp!, {r3, r4, r5, lr}
10001910:	210a      	movs	r1, #10
10001912:	4836      	ldr	r0, [pc, #216]	@ (100019ec <runtime_init_default_alarm_pool+0xe8>)
10001914:	f7ff be08 	b.w	10001528 <lock_init>
10001918:	2103      	movs	r1, #3
1000191a:	4835      	ldr	r0, [pc, #212]	@ (100019f0 <runtime_init_default_alarm_pool+0xec>)
1000191c:	f000 fac2 	bl	10001ea4 <timer_hardware_alarm_claim>
10001920:	4d33      	ldr	r5, [pc, #204]	@ (100019f0 <runtime_init_default_alarm_pool+0xec>)
10001922:	4b31      	ldr	r3, [pc, #196]	@ (100019e8 <runtime_init_default_alarm_pool+0xe4>)
10001924:	60dd      	str	r5, [r3, #12]
10001926:	f7ff fbcf 	bl	100010c8 <next_striped_spin_lock_num>
1000192a:	4a32      	ldr	r2, [pc, #200]	@ (100019f4 <runtime_init_default_alarm_pool+0xf0>)
1000192c:	f04f 4e50 	mov.w	lr, #3489660928	@ 0xd0000000
10001930:	4402      	add	r2, r0
10001932:	2003      	movs	r0, #3
10001934:	4b2c      	ldr	r3, [pc, #176]	@ (100019e8 <runtime_init_default_alarm_pool+0xe4>)
10001936:	f04f 0c0f 	mov.w	ip, #15
1000193a:	7018      	strb	r0, [r3, #0]
1000193c:	611a      	str	r2, [r3, #16]
1000193e:	f8de 2000 	ldr.w	r2, [lr]
10001942:	f64f 71ff 	movw	r1, #65535	@ 0xffff
10001946:	705a      	strb	r2, [r3, #1]
10001948:	695a      	ldr	r2, [r3, #20]
1000194a:	f8a3 c002 	strh.w	ip, [r3, #2]
1000194e:	8314      	strh	r4, [r2, #24]
10001950:	f04f 0402 	mov.w	r4, #2
10001954:	f8a2 4048 	strh.w	r4, [r2, #72]	@ 0x48
10001958:	f04f 0404 	mov.w	r4, #4
1000195c:	f8a2 4078 	strh.w	r4, [r2, #120]	@ 0x78
10001960:	f04f 0405 	mov.w	r4, #5
10001964:	f8a2 4090 	strh.w	r4, [r2, #144]	@ 0x90
10001968:	f04f 0406 	mov.w	r4, #6
1000196c:	f8a2 40a8 	strh.w	r4, [r2, #168]	@ 0xa8
10001970:	f04f 0407 	mov.w	r4, #7
10001974:	f8a2 40c0 	strh.w	r4, [r2, #192]	@ 0xc0
10001978:	f04f 0409 	mov.w	r4, #9
1000197c:	f8a2 40f0 	strh.w	r4, [r2, #240]	@ 0xf0
10001980:	f04f 040a 	mov.w	r4, #10
10001984:	f8a2 4108 	strh.w	r4, [r2, #264]	@ 0x108
10001988:	f04f 040b 	mov.w	r4, #11
1000198c:	f8a2 4120 	strh.w	r4, [r2, #288]	@ 0x120
10001990:	f04f 040c 	mov.w	r4, #12
10001994:	f8a2 4138 	strh.w	r4, [r2, #312]	@ 0x138
10001998:	f04f 0401 	mov.w	r4, #1
1000199c:	8614      	strh	r4, [r2, #48]	@ 0x30
1000199e:	f04f 0408 	mov.w	r4, #8
100019a2:	f8a2 40d8 	strh.w	r4, [r2, #216]	@ 0xd8
100019a6:	4c14      	ldr	r4, [pc, #80]	@ (100019f8 <runtime_init_default_alarm_pool+0xf4>)
100019a8:	f04f 0e0d 	mov.w	lr, #13
100019ac:	f04f 0c0e 	mov.w	ip, #14
100019b0:	609c      	str	r4, [r3, #8]
100019b2:	2408      	movs	r4, #8
100019b4:	8099      	strh	r1, [r3, #4]
100019b6:	f8a2 e150 	strh.w	lr, [r2, #336]	@ 0x150
100019ba:	f8a2 c168 	strh.w	ip, [r2, #360]	@ 0x168
100019be:	f8a2 0060 	strh.w	r0, [r2, #96]	@ 0x60
100019c2:	8011      	strh	r1, [r2, #0]
100019c4:	4a0d      	ldr	r2, [pc, #52]	@ (100019fc <runtime_init_default_alarm_pool+0xf8>)
100019c6:	622c      	str	r4, [r5, #32]
100019c8:	490d      	ldr	r1, [pc, #52]	@ (10001a00 <runtime_init_default_alarm_pool+0xfc>)
100019ca:	60d3      	str	r3, [r2, #12]
100019cc:	f7ff fc10 	bl	100011f0 <irq_set_exclusive_handler>
100019d0:	2101      	movs	r1, #1
100019d2:	2003      	movs	r0, #3
100019d4:	f7ff fbca 	bl	1000116c <irq_set_enabled>
100019d8:	4b0a      	ldr	r3, [pc, #40]	@ (10001a04 <runtime_init_default_alarm_pool+0x100>)
100019da:	210a      	movs	r1, #10
100019dc:	641c      	str	r4, [r3, #64]	@ 0x40
100019de:	4803      	ldr	r0, [pc, #12]	@ (100019ec <runtime_init_default_alarm_pool+0xe8>)
100019e0:	e8bd 4038 	ldmia.w	sp!, {r3, r4, r5, lr}
100019e4:	f7ff bda0 	b.w	10001528 <lock_init>
100019e8:	20001488 	.word	0x20001488
100019ec:	20003e4c 	.word	0x20003e4c
100019f0:	400b0000 	.word	0x400b0000
100019f4:	20001854 	.word	0x20001854
100019f8:	0010ffff 	.word	0x0010ffff
100019fc:	20002e1c 	.word	0x20002e1c
10001a00:	10001619 	.word	0x10001619
10001a04:	400b2000 	.word	0x400b2000

10001a08 <alarm_pool_get_default>:
10001a08:	4800      	ldr	r0, [pc, #0]	@ (10001a0c <alarm_pool_get_default+0x4>)
10001a0a:	4770      	bx	lr
10001a0c:	20001488 	.word	0x20001488

10001a10 <alarm_pool_add_alarm_at>:
10001a10:	b5f0      	push	{r4, r5, r6, r7, lr}
10001a12:	b083      	sub	sp, #12
10001a14:	f89d 4028 	ldrb.w	r4, [sp, #40]	@ 0x28
10001a18:	461d      	mov	r5, r3
10001a1a:	4603      	mov	r3, r0
10001a1c:	b954      	cbnz	r4, 10001a34 <alarm_pool_add_alarm_at+0x24>
10001a1e:	e9cd 0200 	strd	r0, r2, [sp]
10001a22:	f000 fa59 	bl	10001ed8 <time_us_64>
10001a26:	9a01      	ldr	r2, [sp, #4]
10001a28:	9b00      	ldr	r3, [sp, #0]
10001a2a:	4282      	cmp	r2, r0
10001a2c:	eb65 0101 	sbc.w	r1, r5, r1
10001a30:	42a1      	cmp	r1, r4
10001a32:	db5b      	blt.n	10001aec <alarm_pool_add_alarm_at+0xdc>
10001a34:	6919      	ldr	r1, [r3, #16]
10001a36:	f3ef 8010 	mrs	r0, PRIMASK
10001a3a:	b672      	cpsid	i
10001a3c:	e8d1 6fcf 	ldaexb	r6, [r1]
10001a40:	2401      	movs	r4, #1
10001a42:	2e00      	cmp	r6, #0
10001a44:	d1fa      	bne.n	10001a3c <alarm_pool_add_alarm_at+0x2c>
10001a46:	e8c1 4f46 	strexb	r6, r4, [r1]
10001a4a:	2e00      	cmp	r6, #0
10001a4c:	d1f6      	bne.n	10001a3c <alarm_pool_add_alarm_at+0x2c>
10001a4e:	f3bf 8f5f 	dmb	sy
10001a52:	f9b3 4002 	ldrsh.w	r4, [r3, #2]
10001a56:	691f      	ldr	r7, [r3, #16]
10001a58:	2c00      	cmp	r4, #0
10001a5a:	db3e      	blt.n	10001ada <alarm_pool_add_alarm_at+0xca>
10001a5c:	f8d3 c014 	ldr.w	ip, [r3, #20]
10001a60:	eb04 0e44 	add.w	lr, r4, r4, lsl #1
10001a64:	f83c 103e 	ldrh.w	r1, [ip, lr, lsl #3]
10001a68:	2600      	movs	r6, #0
10001a6a:	8059      	strh	r1, [r3, #2]
10001a6c:	eb0c 01ce 	add.w	r1, ip, lr, lsl #3
10001a70:	e8c7 6f8f 	stlb	r6, [r7]
10001a74:	f380 8810 	msr	PRIMASK, r0
10001a78:	8848      	ldrh	r0, [r1, #2]
10001a7a:	e9c1 2502 	strd	r2, r5, [r1, #8]
10001a7e:	3001      	adds	r0, #1
10001a80:	f3c0 000e 	ubfx	r0, r0, #0, #15
10001a84:	2801      	cmp	r0, #1
10001a86:	bf38      	it	cc
10001a88:	2001      	movcc	r0, #1
10001a8a:	9a08      	ldr	r2, [sp, #32]
10001a8c:	8048      	strh	r0, [r1, #2]
10001a8e:	610a      	str	r2, [r1, #16]
10001a90:	9a09      	ldr	r2, [sp, #36]	@ 0x24
10001a92:	ea40 4004 	orr.w	r0, r0, r4, lsl #16
10001a96:	614a      	str	r2, [r1, #20]
10001a98:	691a      	ldr	r2, [r3, #16]
10001a9a:	f3ef 8110 	mrs	r1, PRIMASK
10001a9e:	b672      	cpsid	i
10001aa0:	e8d2 7fcf 	ldaexb	r7, [r2]
10001aa4:	2501      	movs	r5, #1
10001aa6:	2f00      	cmp	r7, #0
10001aa8:	d1fa      	bne.n	10001aa0 <alarm_pool_add_alarm_at+0x90>
10001aaa:	e8c2 5f47 	strexb	r7, r5, [r2]
10001aae:	2f00      	cmp	r7, #0
10001ab0:	d1f6      	bne.n	10001aa0 <alarm_pool_add_alarm_at+0x90>
10001ab2:	f3bf 8f5f 	dmb	sy
10001ab6:	889a      	ldrh	r2, [r3, #4]
10001ab8:	f82c 203e 	strh.w	r2, [ip, lr, lsl #3]
10001abc:	691a      	ldr	r2, [r3, #16]
10001abe:	809c      	strh	r4, [r3, #4]
10001ac0:	e8c2 6f8f 	stlb	r6, [r2]
10001ac4:	f381 8810 	msr	PRIMASK, r1
10001ac8:	2101      	movs	r1, #1
10001aca:	781c      	ldrb	r4, [r3, #0]
10001acc:	68da      	ldr	r2, [r3, #12]
10001ace:	40a1      	lsls	r1, r4
10001ad0:	f502 5301 	add.w	r3, r2, #8256	@ 0x2040
10001ad4:	6059      	str	r1, [r3, #4]
10001ad6:	b003      	add	sp, #12
10001ad8:	bdf0      	pop	{r4, r5, r6, r7, pc}
10001ada:	2300      	movs	r3, #0
10001adc:	e8c7 3f8f 	stlb	r3, [r7]
10001ae0:	f380 8810 	msr	PRIMASK, r0
10001ae4:	f04f 30ff 	mov.w	r0, #4294967295	@ 0xffffffff
10001ae8:	b003      	add	sp, #12
10001aea:	bdf0      	pop	{r4, r5, r6, r7, pc}
10001aec:	4620      	mov	r0, r4
10001aee:	b003      	add	sp, #12
10001af0:	bdf0      	pop	{r4, r5, r6, r7, pc}
10001af2:	bf00      	nop

10001af4 <alarm_pool_add_alarm_at_force_in_context>:
10001af4:	b5f0      	push	{r4, r5, r6, r7, lr}
10001af6:	4616      	mov	r6, r2
10001af8:	461f      	mov	r7, r3
10001afa:	6902      	ldr	r2, [r0, #16]
10001afc:	4603      	mov	r3, r0
10001afe:	f3ef 8010 	mrs	r0, PRIMASK
10001b02:	b672      	cpsid	i
10001b04:	e8d2 4fcf 	ldaexb	r4, [r2]
10001b08:	2101      	movs	r1, #1
10001b0a:	2c00      	cmp	r4, #0
10001b0c:	d1fa      	bne.n	10001b04 <alarm_pool_add_alarm_at_force_in_context+0x10>
10001b0e:	e8c2 1f44 	strexb	r4, r1, [r2]
10001b12:	2c00      	cmp	r4, #0
10001b14:	d1f6      	bne.n	10001b04 <alarm_pool_add_alarm_at_force_in_context+0x10>
10001b16:	f3bf 8f5f 	dmb	sy
10001b1a:	f9b3 1002 	ldrsh.w	r1, [r3, #2]
10001b1e:	691d      	ldr	r5, [r3, #16]
10001b20:	2900      	cmp	r1, #0
10001b22:	db45      	blt.n	10001bb0 <alarm_pool_add_alarm_at_force_in_context+0xbc>
10001b24:	f8d3 e014 	ldr.w	lr, [r3, #20]
10001b28:	eb01 0241 	add.w	r2, r1, r1, lsl #1
10001b2c:	f83e 4032 	ldrh.w	r4, [lr, r2, lsl #3]
10001b30:	eb0e 0cc2 	add.w	ip, lr, r2, lsl #3
10001b34:	805c      	strh	r4, [r3, #2]
10001b36:	2400      	movs	r4, #0
10001b38:	e8c5 4f8f 	stlb	r4, [r5]
10001b3c:	f380 8810 	msr	PRIMASK, r0
10001b40:	9805      	ldr	r0, [sp, #20]
10001b42:	4635      	mov	r5, r6
10001b44:	f8cc 0010 	str.w	r0, [ip, #16]
10001b48:	9806      	ldr	r0, [sp, #24]
10001b4a:	463e      	mov	r6, r7
10001b4c:	f8cc 0014 	str.w	r0, [ip, #20]
10001b50:	f8bc 0002 	ldrh.w	r0, [ip, #2]
10001b54:	e9cc 5602 	strd	r5, r6, [ip, #8]
10001b58:	3001      	adds	r0, #1
10001b5a:	f3c0 000e 	ubfx	r0, r0, #0, #15
10001b5e:	2801      	cmp	r0, #1
10001b60:	bf38      	it	cc
10001b62:	2001      	movcc	r0, #1
10001b64:	f8ac 0002 	strh.w	r0, [ip, #2]
10001b68:	ea40 4001 	orr.w	r0, r0, r1, lsl #16
10001b6c:	f8d3 c010 	ldr.w	ip, [r3, #16]
10001b70:	f3ef 8510 	mrs	r5, PRIMASK
10001b74:	b672      	cpsid	i
10001b76:	e8dc 7fcf 	ldaexb	r7, [ip]
10001b7a:	2601      	movs	r6, #1
10001b7c:	2f00      	cmp	r7, #0
10001b7e:	d1fa      	bne.n	10001b76 <alarm_pool_add_alarm_at_force_in_context+0x82>
10001b80:	e8cc 6f47 	strexb	r7, r6, [ip]
10001b84:	2f00      	cmp	r7, #0
10001b86:	d1f6      	bne.n	10001b76 <alarm_pool_add_alarm_at_force_in_context+0x82>
10001b88:	f3bf 8f5f 	dmb	sy
10001b8c:	f8b3 c004 	ldrh.w	ip, [r3, #4]
10001b90:	f82e c032 	strh.w	ip, [lr, r2, lsl #3]
10001b94:	8099      	strh	r1, [r3, #4]
10001b96:	691a      	ldr	r2, [r3, #16]
10001b98:	e8c2 4f8f 	stlb	r4, [r2]
10001b9c:	f385 8810 	msr	PRIMASK, r5
10001ba0:	2101      	movs	r1, #1
10001ba2:	781c      	ldrb	r4, [r3, #0]
10001ba4:	68da      	ldr	r2, [r3, #12]
10001ba6:	40a1      	lsls	r1, r4
10001ba8:	f502 5301 	add.w	r3, r2, #8256	@ 0x2040
10001bac:	6059      	str	r1, [r3, #4]
10001bae:	bdf0      	pop	{r4, r5, r6, r7, pc}
10001bb0:	2300      	movs	r3, #0
10001bb2:	e8c5 3f8f 	stlb	r3, [r5]
10001bb6:	f380 8810 	msr	PRIMASK, r0
10001bba:	f04f 30ff 	mov.w	r0, #4294967295	@ 0xffffffff
10001bbe:	bdf0      	pop	{r4, r5, r6, r7, pc}

10001bc0 <alarm_pool_cancel_alarm>:
10001bc0:	4603      	mov	r3, r0
10001bc2:	8940      	ldrh	r0, [r0, #10]
10001bc4:	ebb0 4f21 	cmp.w	r0, r1, asr #16
10001bc8:	dd3a      	ble.n	10001c40 <alarm_pool_cancel_alarm+0x80>
10001bca:	6958      	ldr	r0, [r3, #20]
10001bcc:	140a      	asrs	r2, r1, #16
10001bce:	eb02 0242 	add.w	r2, r2, r2, lsl #1
10001bd2:	b510      	push	{r4, lr}
10001bd4:	f8d3 c010 	ldr.w	ip, [r3, #16]
10001bd8:	eb00 00c2 	add.w	r0, r0, r2, lsl #3
10001bdc:	f3ef 8e10 	mrs	lr, PRIMASK
10001be0:	b672      	cpsid	i
10001be2:	e8dc 4fcf 	ldaexb	r4, [ip]
10001be6:	2201      	movs	r2, #1
10001be8:	2c00      	cmp	r4, #0
10001bea:	d1fa      	bne.n	10001be2 <alarm_pool_cancel_alarm+0x22>
10001bec:	e8cc 2f44 	strexb	r4, r2, [ip]
10001bf0:	2c00      	cmp	r4, #0
10001bf2:	d1f6      	bne.n	10001be2 <alarm_pool_cancel_alarm+0x22>
10001bf4:	f3bf 8f5f 	dmb	sy
10001bf8:	8842      	ldrh	r2, [r0, #2]
10001bfa:	b289      	uxth	r1, r1
10001bfc:	b292      	uxth	r2, r2
10001bfe:	428a      	cmp	r2, r1
10001c00:	d007      	beq.n	10001c12 <alarm_pool_cancel_alarm+0x52>
10001c02:	2200      	movs	r2, #0
10001c04:	691b      	ldr	r3, [r3, #16]
10001c06:	e8c3 2f8f 	stlb	r2, [r3]
10001c0a:	f38e 8810 	msr	PRIMASK, lr
10001c0e:	2000      	movs	r0, #0
10001c10:	bd10      	pop	{r4, pc}
10001c12:	ea6f 4242 	mvn.w	r2, r2, lsl #17
10001c16:	ea6f 4252 	mvn.w	r2, r2, lsr #17
10001c1a:	8042      	strh	r2, [r0, #2]
10001c1c:	2101      	movs	r1, #1
10001c1e:	2200      	movs	r2, #0
10001c20:	6918      	ldr	r0, [r3, #16]
10001c22:	7199      	strb	r1, [r3, #6]
10001c24:	e8c0 2f8f 	stlb	r2, [r0]
10001c28:	f38e 8810 	msr	PRIMASK, lr
10001c2c:	f893 c000 	ldrb.w	ip, [r3]
10001c30:	68da      	ldr	r2, [r3, #12]
10001c32:	4608      	mov	r0, r1
10001c34:	f502 5301 	add.w	r3, r2, #8256	@ 0x2040
10001c38:	fa01 f10c 	lsl.w	r1, r1, ip
10001c3c:	6059      	str	r1, [r3, #4]
10001c3e:	bd10      	pop	{r4, pc}
10001c40:	2000      	movs	r0, #0
10001c42:	4770      	bx	lr

10001c44 <alarm_pool_core_num>:
10001c44:	7840      	ldrb	r0, [r0, #1]
10001c46:	4770      	bx	lr

10001c48 <sleep_ms>:
10001c48:	e92d 43f0 	stmdb	sp!, {r4, r5, r6, r7, r8, r9, lr}
10001c4c:	b083      	sub	sp, #12
10001c4e:	4606      	mov	r6, r0
10001c50:	f000 f942 	bl	10001ed8 <time_us_64>
10001c54:	f44f 737a 	mov.w	r3, #1000	@ 0x3e8
10001c58:	4604      	mov	r4, r0
10001c5a:	f04f 30ff 	mov.w	r0, #4294967295	@ 0xffffffff
10001c5e:	f06f 4200 	mvn.w	r2, #2147483648	@ 0x80000000
10001c62:	fbe6 4103 	umlal	r4, r1, r6, r3
10001c66:	42a0      	cmp	r0, r4
10001c68:	eb72 0301 	sbcs.w	r3, r2, r1
10001c6c:	bf3a      	itte	cc
10001c6e:	4604      	movcc	r4, r0
10001c70:	4615      	movcc	r5, r2
10001c72:	460d      	movcs	r5, r1
10001c74:	1fa6      	subs	r6, r4, #6
10001c76:	f145 37ff 	adc.w	r7, r5, #4294967295	@ 0xffffffff
10001c7a:	42b4      	cmp	r4, r6
10001c7c:	eb75 0307 	sbcs.w	r3, r5, r7
10001c80:	bf3c      	itt	cc
10001c82:	2600      	movcc	r6, #0
10001c84:	4637      	movcc	r7, r6
10001c86:	f000 f927 	bl	10001ed8 <time_us_64>
10001c8a:	1a30      	subs	r0, r6, r0
10001c8c:	eb67 0101 	sbc.w	r1, r7, r1
10001c90:	2801      	cmp	r0, #1
10001c92:	f171 0100 	sbcs.w	r1, r1, #0
10001c96:	da06      	bge.n	10001ca6 <sleep_ms+0x5e>
10001c98:	4620      	mov	r0, r4
10001c9a:	4629      	mov	r1, r5
10001c9c:	b003      	add	sp, #12
10001c9e:	e8bd 43f0 	ldmia.w	sp!, {r4, r5, r6, r7, r8, r9, lr}
10001ca2:	f000 b953 	b.w	10001f4c <busy_wait_until>
10001ca6:	f000 f917 	bl	10001ed8 <time_us_64>
10001caa:	4286      	cmp	r6, r0
10001cac:	eb67 0101 	sbc.w	r1, r7, r1
10001cb0:	2900      	cmp	r1, #0
10001cb2:	db0a      	blt.n	10001cca <sleep_ms+0x82>
10001cb4:	2100      	movs	r1, #0
10001cb6:	4b1d      	ldr	r3, [pc, #116]	@ (10001d2c <sleep_ms+0xe4>)
10001cb8:	4632      	mov	r2, r6
10001cba:	9300      	str	r3, [sp, #0]
10001cbc:	481c      	ldr	r0, [pc, #112]	@ (10001d30 <sleep_ms+0xe8>)
10001cbe:	463b      	mov	r3, r7
10001cc0:	9101      	str	r1, [sp, #4]
10001cc2:	f7ff ff17 	bl	10001af4 <alarm_pool_add_alarm_at_force_in_context>
10001cc6:	3001      	adds	r0, #1
10001cc8:	d0e6      	beq.n	10001c98 <sleep_ms+0x50>
10001cca:	f04f 0e00 	mov.w	lr, #0
10001cce:	4a19      	ldr	r2, [pc, #100]	@ (10001d34 <sleep_ms+0xec>)
10001cd0:	f8df c068 	ldr.w	ip, [pc, #104]	@ 10001d3c <sleep_ms+0xf4>
10001cd4:	4918      	ldr	r1, [pc, #96]	@ (10001d38 <sleep_ms+0xf0>)
10001cd6:	6a53      	ldr	r3, [r2, #36]	@ 0x24
10001cd8:	429f      	cmp	r7, r3
10001cda:	d804      	bhi.n	10001ce6 <sleep_ms+0x9e>
10001cdc:	6a90      	ldr	r0, [r2, #40]	@ 0x28
10001cde:	42b0      	cmp	r0, r6
10001ce0:	d2da      	bcs.n	10001c98 <sleep_ms+0x50>
10001ce2:	429f      	cmp	r7, r3
10001ce4:	d1d8      	bne.n	10001c98 <sleep_ms+0x50>
10001ce6:	f8dc 3000 	ldr.w	r3, [ip]
10001cea:	f3ef 8010 	mrs	r0, PRIMASK
10001cee:	b672      	cpsid	i
10001cf0:	e8d3 9fcf 	ldaexb	r9, [r3]
10001cf4:	f05f 0801 	movs.w	r8, #1
10001cf8:	f1b9 0f00 	cmp.w	r9, #0
10001cfc:	d1f8      	bne.n	10001cf0 <sleep_ms+0xa8>
10001cfe:	e8c3 8f49 	strexb	r9, r8, [r3]
10001d02:	f1b9 0f00 	cmp.w	r9, #0
10001d06:	d1f3      	bne.n	10001cf0 <sleep_ms+0xa8>
10001d08:	f3bf 8f5f 	dmb	sy
10001d0c:	780b      	ldrb	r3, [r1, #0]
10001d0e:	fa5f f883 	uxtb.w	r8, r3
10001d12:	f8dc 3000 	ldr.w	r3, [ip]
10001d16:	e8c3 ef8f 	stlb	lr, [r3]
10001d1a:	f380 8810 	msr	PRIMASK, r0
10001d1e:	7808      	ldrb	r0, [r1, #0]
10001d20:	4580      	cmp	r8, r0
10001d22:	d100      	bne.n	10001d26 <sleep_ms+0xde>
10001d24:	bf20      	wfe
10001d26:	bf20      	wfe
10001d28:	e7d5      	b.n	10001cd6 <sleep_ms+0x8e>
10001d2a:	bf00      	nop
10001d2c:	100015c9 	.word	0x100015c9
10001d30:	20001488 	.word	0x20001488
10001d34:	400b0000 	.word	0x400b0000
10001d38:	20003e6f 	.word	0x20003e6f
10001d3c:	20003e4c 	.word	0x20003e4c

10001d40 <best_effort_wfe_or_timeout>:
10001d40:	b5f0      	push	{r4, r5, r6, r7, lr}
10001d42:	4602      	mov	r2, r0
10001d44:	b085      	sub	sp, #20
10001d46:	f3ef 8505 	mrs	r5, IPSR
10001d4a:	b2ed      	uxtb	r5, r5
10001d4c:	2d00      	cmp	r5, #0
10001d4e:	d161      	bne.n	10001e14 <best_effort_wfe_or_timeout+0xd4>
10001d50:	460b      	mov	r3, r1
10001d52:	4c42      	ldr	r4, [pc, #264]	@ (10001e5c <best_effort_wfe_or_timeout+0x11c>)
10001d54:	e9d4 0100 	ldrd	r0, r1, [r4]
10001d58:	4299      	cmp	r1, r3
10001d5a:	bf08      	it	eq
10001d5c:	4290      	cmpeq	r0, r2
10001d5e:	d04a      	beq.n	10001df6 <best_effort_wfe_or_timeout+0xb6>
10001d60:	e9cd 2302 	strd	r2, r3, [sp, #8]
10001d64:	4b3e      	ldr	r3, [pc, #248]	@ (10001e60 <best_effort_wfe_or_timeout+0x120>)
10001d66:	68df      	ldr	r7, [r3, #12]
10001d68:	781e      	ldrb	r6, [r3, #0]
10001d6a:	4638      	mov	r0, r7
10001d6c:	f000 f8ac 	bl	10001ec8 <timer_time_us_64>
10001d70:	f106 0c04 	add.w	ip, r6, #4
10001d74:	f857 c02c 	ldr.w	ip, [r7, ip, lsl #2]
10001d78:	9a02      	ldr	r2, [sp, #8]
10001d7a:	9b03      	ldr	r3, [sp, #12]
10001d7c:	ebac 0c00 	sub.w	ip, ip, r0
10001d80:	1a10      	subs	r0, r2, r0
10001d82:	eb63 0101 	sbc.w	r1, r3, r1
10001d86:	4560      	cmp	r0, ip
10001d88:	f171 0100 	sbcs.w	r1, r1, #0
10001d8c:	da33      	bge.n	10001df6 <best_effort_wfe_or_timeout+0xb6>
10001d8e:	e9cd 2302 	strd	r2, r3, [sp, #8]
10001d92:	f000 f8a1 	bl	10001ed8 <time_us_64>
10001d96:	9a02      	ldr	r2, [sp, #8]
10001d98:	9b03      	ldr	r3, [sp, #12]
10001d9a:	4282      	cmp	r2, r0
10001d9c:	eb63 0101 	sbc.w	r1, r3, r1
10001da0:	2900      	cmp	r1, #0
10001da2:	db49      	blt.n	10001e38 <best_effort_wfe_or_timeout+0xf8>
10001da4:	492f      	ldr	r1, [pc, #188]	@ (10001e64 <best_effort_wfe_or_timeout+0x124>)
10001da6:	482e      	ldr	r0, [pc, #184]	@ (10001e60 <best_effort_wfe_or_timeout+0x120>)
10001da8:	9100      	str	r1, [sp, #0]
10001daa:	9501      	str	r5, [sp, #4]
10001dac:	e9cd 3202 	strd	r3, r2, [sp, #8]
10001db0:	f7ff fea0 	bl	10001af4 <alarm_pool_add_alarm_at_force_in_context>
10001db4:	e9dd 3202 	ldrd	r3, r2, [sp, #8]
10001db8:	1e01      	subs	r1, r0, #0
10001dba:	dd3d      	ble.n	10001e38 <best_effort_wfe_or_timeout+0xf8>
10001dbc:	482a      	ldr	r0, [pc, #168]	@ (10001e68 <best_effort_wfe_or_timeout+0x128>)
10001dbe:	e9c4 2300 	strd	r2, r3, [r4]
10001dc2:	6a44      	ldr	r4, [r0, #36]	@ 0x24
10001dc4:	429c      	cmp	r4, r3
10001dc6:	d346      	bcc.n	10001e56 <best_effort_wfe_or_timeout+0x116>
10001dc8:	6a80      	ldr	r0, [r0, #40]	@ 0x28
10001dca:	4290      	cmp	r0, r2
10001dcc:	d341      	bcc.n	10001e52 <best_effort_wfe_or_timeout+0x112>
10001dce:	4824      	ldr	r0, [pc, #144]	@ (10001e60 <best_effort_wfe_or_timeout+0x120>)
10001dd0:	e9cd 3202 	strd	r3, r2, [sp, #8]
10001dd4:	f7ff fef4 	bl	10001bc0 <alarm_pool_cancel_alarm>
10001dd8:	4923      	ldr	r1, [pc, #140]	@ (10001e68 <best_effort_wfe_or_timeout+0x128>)
10001dda:	9b02      	ldr	r3, [sp, #8]
10001ddc:	6a48      	ldr	r0, [r1, #36]	@ 0x24
10001dde:	4298      	cmp	r0, r3
10001de0:	d31c      	bcc.n	10001e1c <best_effort_wfe_or_timeout+0xdc>
10001de2:	bf14      	ite	ne
10001de4:	2001      	movne	r0, #1
10001de6:	2000      	moveq	r0, #0
10001de8:	6a8b      	ldr	r3, [r1, #40]	@ 0x28
10001dea:	9a03      	ldr	r2, [sp, #12]
10001dec:	4293      	cmp	r3, r2
10001dee:	bf28      	it	cs
10001df0:	f040 0001 	orrcs.w	r0, r0, #1
10001df4:	e00c      	b.n	10001e10 <best_effort_wfe_or_timeout+0xd0>
10001df6:	bf20      	wfe
10001df8:	491b      	ldr	r1, [pc, #108]	@ (10001e68 <best_effort_wfe_or_timeout+0x128>)
10001dfa:	6a48      	ldr	r0, [r1, #36]	@ 0x24
10001dfc:	4298      	cmp	r0, r3
10001dfe:	d30d      	bcc.n	10001e1c <best_effort_wfe_or_timeout+0xdc>
10001e00:	bf14      	ite	ne
10001e02:	2001      	movne	r0, #1
10001e04:	2000      	moveq	r0, #0
10001e06:	6a8b      	ldr	r3, [r1, #40]	@ 0x28
10001e08:	4293      	cmp	r3, r2
10001e0a:	bf28      	it	cs
10001e0c:	f040 0001 	orrcs.w	r0, r0, #1
10001e10:	b005      	add	sp, #20
10001e12:	bdf0      	pop	{r4, r5, r6, r7, pc}
10001e14:	4814      	ldr	r0, [pc, #80]	@ (10001e68 <best_effort_wfe_or_timeout+0x128>)
10001e16:	6a43      	ldr	r3, [r0, #36]	@ 0x24
10001e18:	428b      	cmp	r3, r1
10001e1a:	d202      	bcs.n	10001e22 <best_effort_wfe_or_timeout+0xe2>
10001e1c:	2000      	movs	r0, #0
10001e1e:	b005      	add	sp, #20
10001e20:	bdf0      	pop	{r4, r5, r6, r7, pc}
10001e22:	bf14      	ite	ne
10001e24:	2301      	movne	r3, #1
10001e26:	2300      	moveq	r3, #0
10001e28:	6a81      	ldr	r1, [r0, #40]	@ 0x28
10001e2a:	4291      	cmp	r1, r2
10001e2c:	bf34      	ite	cc
10001e2e:	4618      	movcc	r0, r3
10001e30:	f043 0001 	orrcs.w	r0, r3, #1
10001e34:	b005      	add	sp, #20
10001e36:	bdf0      	pop	{r4, r5, r6, r7, pc}
10001e38:	490b      	ldr	r1, [pc, #44]	@ (10001e68 <best_effort_wfe_or_timeout+0x128>)
10001e3a:	6a48      	ldr	r0, [r1, #36]	@ 0x24
10001e3c:	4298      	cmp	r0, r3
10001e3e:	d3ed      	bcc.n	10001e1c <best_effort_wfe_or_timeout+0xdc>
10001e40:	1ac0      	subs	r0, r0, r3
10001e42:	bf18      	it	ne
10001e44:	2001      	movne	r0, #1
10001e46:	6a8b      	ldr	r3, [r1, #40]	@ 0x28
10001e48:	4293      	cmp	r3, r2
10001e4a:	bf28      	it	cs
10001e4c:	f040 0001 	orrcs.w	r0, r0, #1
10001e50:	e7de      	b.n	10001e10 <best_effort_wfe_or_timeout+0xd0>
10001e52:	429c      	cmp	r4, r3
10001e54:	d1bb      	bne.n	10001dce <best_effort_wfe_or_timeout+0x8e>
10001e56:	bf20      	wfe
10001e58:	e7b9      	b.n	10001dce <best_effort_wfe_or_timeout+0x8e>
10001e5a:	bf00      	nop
10001e5c:	20001480 	.word	0x20001480
10001e60:	20001488 	.word	0x20001488
10001e64:	100015c9 	.word	0x100015c9
10001e68:	400b0000 	.word	0x400b0000

10001e6c <check_single_timeout_us>:
10001e6c:	4b08      	ldr	r3, [pc, #32]	@ (10001e90 <check_single_timeout_us+0x24>)
10001e6e:	e9d0 c100 	ldrd	ip, r1, [r0]
10001e72:	6a5a      	ldr	r2, [r3, #36]	@ 0x24
10001e74:	4291      	cmp	r1, r2
10001e76:	d808      	bhi.n	10001e8a <check_single_timeout_us+0x1e>
10001e78:	bf14      	ite	ne
10001e7a:	2001      	movne	r0, #1
10001e7c:	2000      	moveq	r0, #0
10001e7e:	6a9b      	ldr	r3, [r3, #40]	@ 0x28
10001e80:	4563      	cmp	r3, ip
10001e82:	bf28      	it	cs
10001e84:	f040 0001 	orrcs.w	r0, r0, #1
10001e88:	4770      	bx	lr
10001e8a:	2000      	movs	r0, #0
10001e8c:	4770      	bx	lr
10001e8e:	bf00      	nop
10001e90:	400b0000 	.word	0x400b0000

10001e94 <init_single_timeout_until>:
10001e94:	4601      	mov	r1, r0
10001e96:	4802      	ldr	r0, [pc, #8]	@ (10001ea0 <init_single_timeout_until+0xc>)
10001e98:	e9c1 2300 	strd	r2, r3, [r1]
10001e9c:	4770      	bx	lr
10001e9e:	bf00      	nop
10001ea0:	10001e6d 	.word	0x10001e6d

10001ea4 <timer_hardware_alarm_claim>:
10001ea4:	b410      	push	{r4}
10001ea6:	4b05      	ldr	r3, [pc, #20]	@ (10001ebc <timer_hardware_alarm_claim+0x18>)
10001ea8:	4c05      	ldr	r4, [pc, #20]	@ (10001ec0 <timer_hardware_alarm_claim+0x1c>)
10001eaa:	4a06      	ldr	r2, [pc, #24]	@ (10001ec4 <timer_hardware_alarm_claim+0x20>)
10001eac:	42a0      	cmp	r0, r4
10001eae:	bf14      	ite	ne
10001eb0:	4618      	movne	r0, r3
10001eb2:	1c58      	addeq	r0, r3, #1
10001eb4:	bc10      	pop	{r4}
10001eb6:	f7ff b899 	b.w	10000fec <hw_claim_or_assert>
10001eba:	bf00      	nop
10001ebc:	200019a8 	.word	0x200019a8
10001ec0:	400b8000 	.word	0x400b8000
10001ec4:	10007098 	.word	0x10007098

10001ec8 <timer_time_us_64>:
10001ec8:	4603      	mov	r3, r0
10001eca:	6a41      	ldr	r1, [r0, #36]	@ 0x24
10001ecc:	460a      	mov	r2, r1
10001ece:	6a98      	ldr	r0, [r3, #40]	@ 0x28
10001ed0:	6a59      	ldr	r1, [r3, #36]	@ 0x24
10001ed2:	428a      	cmp	r2, r1
10001ed4:	d1fa      	bne.n	10001ecc <timer_time_us_64+0x4>
10001ed6:	4770      	bx	lr

10001ed8 <time_us_64>:
10001ed8:	4b03      	ldr	r3, [pc, #12]	@ (10001ee8 <time_us_64+0x10>)
10001eda:	6a59      	ldr	r1, [r3, #36]	@ 0x24
10001edc:	460a      	mov	r2, r1
10001ede:	6a98      	ldr	r0, [r3, #40]	@ 0x28
10001ee0:	6a59      	ldr	r1, [r3, #36]	@ 0x24
10001ee2:	4291      	cmp	r1, r2
10001ee4:	d1fa      	bne.n	10001edc <time_us_64+0x4>
10001ee6:	4770      	bx	lr
10001ee8:	400b0000 	.word	0x400b0000

10001eec <busy_wait_us>:
10001eec:	b500      	push	{lr}
10001eee:	468e      	mov	lr, r1
10001ef0:	4a15      	ldr	r2, [pc, #84]	@ (10001f48 <busy_wait_us+0x5c>)
10001ef2:	6a53      	ldr	r3, [r2, #36]	@ 0x24
10001ef4:	469c      	mov	ip, r3
10001ef6:	6a91      	ldr	r1, [r2, #40]	@ 0x28
10001ef8:	6a53      	ldr	r3, [r2, #36]	@ 0x24
10001efa:	4563      	cmp	r3, ip
10001efc:	d1fa      	bne.n	10001ef4 <busy_wait_us+0x8>
10001efe:	1840      	adds	r0, r0, r1
10001f00:	eb53 030e 	adcs.w	r3, r3, lr
10001f04:	f04f 0200 	mov.w	r2, #0
10001f08:	bf28      	it	cs
10001f0a:	2201      	movcs	r2, #1
10001f0c:	b1ba      	cbz	r2, 10001f3e <busy_wait_us+0x52>
10001f0e:	4b0e      	ldr	r3, [pc, #56]	@ (10001f48 <busy_wait_us+0x5c>)
10001f10:	6a5a      	ldr	r2, [r3, #36]	@ 0x24
10001f12:	1c53      	adds	r3, r2, #1
10001f14:	bf08      	it	eq
10001f16:	4610      	moveq	r0, r2
10001f18:	d008      	beq.n	10001f2c <busy_wait_us+0x40>
10001f1a:	f04f 33ff 	mov.w	r3, #4294967295	@ 0xffffffff
10001f1e:	4618      	mov	r0, r3
10001f20:	4909      	ldr	r1, [pc, #36]	@ (10001f48 <busy_wait_us+0x5c>)
10001f22:	6a4a      	ldr	r2, [r1, #36]	@ 0x24
10001f24:	429a      	cmp	r2, r3
10001f26:	d3fc      	bcc.n	10001f22 <busy_wait_us+0x36>
10001f28:	429a      	cmp	r2, r3
10001f2a:	d107      	bne.n	10001f3c <busy_wait_us+0x50>
10001f2c:	4b06      	ldr	r3, [pc, #24]	@ (10001f48 <busy_wait_us+0x5c>)
10001f2e:	e002      	b.n	10001f36 <busy_wait_us+0x4a>
10001f30:	6a59      	ldr	r1, [r3, #36]	@ 0x24
10001f32:	4291      	cmp	r1, r2
10001f34:	d102      	bne.n	10001f3c <busy_wait_us+0x50>
10001f36:	6a99      	ldr	r1, [r3, #40]	@ 0x28
10001f38:	4281      	cmp	r1, r0
10001f3a:	d3f9      	bcc.n	10001f30 <busy_wait_us+0x44>
10001f3c:	bd00      	pop	{pc}
10001f3e:	4a02      	ldr	r2, [pc, #8]	@ (10001f48 <busy_wait_us+0x5c>)
10001f40:	6a52      	ldr	r2, [r2, #36]	@ 0x24
10001f42:	4293      	cmp	r3, r2
10001f44:	d8ec      	bhi.n	10001f20 <busy_wait_us+0x34>
10001f46:	e7ef      	b.n	10001f28 <busy_wait_us+0x3c>
10001f48:	400b0000 	.word	0x400b0000

10001f4c <busy_wait_until>:
10001f4c:	4a07      	ldr	r2, [pc, #28]	@ (10001f6c <busy_wait_until+0x20>)
10001f4e:	6a53      	ldr	r3, [r2, #36]	@ 0x24
10001f50:	4299      	cmp	r1, r3
10001f52:	d8fc      	bhi.n	10001f4e <busy_wait_until+0x2>
10001f54:	4299      	cmp	r1, r3
10001f56:	d107      	bne.n	10001f68 <busy_wait_until+0x1c>
10001f58:	4b04      	ldr	r3, [pc, #16]	@ (10001f6c <busy_wait_until+0x20>)
10001f5a:	e002      	b.n	10001f62 <busy_wait_until+0x16>
10001f5c:	6a5a      	ldr	r2, [r3, #36]	@ 0x24
10001f5e:	4291      	cmp	r1, r2
10001f60:	d102      	bne.n	10001f68 <busy_wait_until+0x1c>
10001f62:	6a9a      	ldr	r2, [r3, #40]	@ 0x28
10001f64:	4290      	cmp	r0, r2
10001f66:	d8f9      	bhi.n	10001f5c <busy_wait_until+0x10>
10001f68:	4770      	bx	lr
10001f6a:	bf00      	nop
10001f6c:	400b0000 	.word	0x400b0000

10001f70 <clock_configure_undivided>:
10001f70:	eb00 0c40 	add.w	ip, r0, r0, lsl #1
10001f74:	ea4f 0c8c 	mov.w	ip, ip, lsl #2
10001f78:	f10c 4c80 	add.w	ip, ip, #1073741824	@ 0x40000000
10001f7c:	f50c 3c80 	add.w	ip, ip, #65536	@ 0x10000
10001f80:	b570      	push	{r4, r5, r6, lr}
10001f82:	461e      	mov	r6, r3
10001f84:	f8dc 3004 	ldr.w	r3, [ip, #4]
10001f88:	1f04      	subs	r4, r0, #4
10001f8a:	f5b3 3f80 	cmp.w	r3, #65536	@ 0x10000
10001f8e:	bf38      	it	cc
10001f90:	f44f 3380 	movcc.w	r3, #65536	@ 0x10000
10001f94:	b2e4      	uxtb	r4, r4
10001f96:	bf38      	it	cc
10001f98:	f8cc 3004 	strcc.w	r3, [ip, #4]
10001f9c:	2c01      	cmp	r4, #1
10001f9e:	d92e      	bls.n	10001ffe <clock_configure_undivided+0x8e>
10001fa0:	f44f 6500 	mov.w	r5, #2048	@ 0x800
10001fa4:	4b28      	ldr	r3, [pc, #160]	@ (10002048 <clock_configure_undivided+0xd8>)
10001fa6:	f50c 5e40 	add.w	lr, ip, #12288	@ 0x3000
10001faa:	f8ce 5000 	str.w	r5, [lr]
10001fae:	f853 e020 	ldr.w	lr, [r3, r0, lsl #2]
10001fb2:	f1be 0f00 	cmp.w	lr, #0
10001fb6:	d117      	bne.n	10001fe8 <clock_configure_undivided+0x78>
10001fb8:	f8dc e000 	ldr.w	lr, [ip]
10001fbc:	2c01      	cmp	r4, #1
10001fbe:	ea8e 1242 	eor.w	r2, lr, r2, lsl #5
10001fc2:	f002 02e0 	and.w	r2, r2, #224	@ 0xe0
10001fc6:	f50c 5e80 	add.w	lr, ip, #4096	@ 0x1000
10001fca:	f8ce 2000 	str.w	r2, [lr]
10001fce:	d92b      	bls.n	10002028 <clock_configure_undivided+0xb8>
10001fd0:	f44f 6100 	mov.w	r1, #2048	@ 0x800
10001fd4:	f843 6020 	str.w	r6, [r3, r0, lsl #2]
10001fd8:	f44f 3380 	mov.w	r3, #65536	@ 0x10000
10001fdc:	f50c 5200 	add.w	r2, ip, #8192	@ 0x2000
10001fe0:	6011      	str	r1, [r2, #0]
10001fe2:	f8cc 3004 	str.w	r3, [ip, #4]
10001fe6:	bd70      	pop	{r4, r5, r6, pc}
10001fe8:	695d      	ldr	r5, [r3, #20]
10001fea:	fbb5 fefe 	udiv	lr, r5, lr
10001fee:	f10e 0e01 	add.w	lr, lr, #1
10001ff2:	eb0e 0e4e 	add.w	lr, lr, lr, lsl #1
10001ff6:	f1be 0e03 	subs.w	lr, lr, #3
10001ffa:	d2fc      	bcs.n	10001ff6 <clock_configure_undivided+0x86>
10001ffc:	e7dc      	b.n	10001fb8 <clock_configure_undivided+0x48>
10001ffe:	2901      	cmp	r1, #1
10002000:	d1ce      	bne.n	10001fa0 <clock_configure_undivided+0x30>
10002002:	2403      	movs	r4, #3
10002004:	f50c 5340 	add.w	r3, ip, #12288	@ 0x3000
10002008:	601c      	str	r4, [r3, #0]
1000200a:	f8dc 3008 	ldr.w	r3, [ip, #8]
1000200e:	07db      	lsls	r3, r3, #31
10002010:	d5fb      	bpl.n	1000200a <clock_configure_undivided+0x9a>
10002012:	f8dc 3000 	ldr.w	r3, [ip]
10002016:	f50c 5e80 	add.w	lr, ip, #4096	@ 0x1000
1000201a:	ea83 1342 	eor.w	r3, r3, r2, lsl #5
1000201e:	f003 03e0 	and.w	r3, r3, #224	@ 0xe0
10002022:	f8ce 3000 	str.w	r3, [lr]
10002026:	4b08      	ldr	r3, [pc, #32]	@ (10002048 <clock_configure_undivided+0xd8>)
10002028:	2201      	movs	r2, #1
1000202a:	f8dc 4000 	ldr.w	r4, [ip]
1000202e:	404c      	eors	r4, r1
10002030:	f004 0403 	and.w	r4, r4, #3
10002034:	f8ce 4000 	str.w	r4, [lr]
10002038:	fa02 f101 	lsl.w	r1, r2, r1
1000203c:	f8dc 2008 	ldr.w	r2, [ip, #8]
10002040:	420a      	tst	r2, r1
10002042:	d0fb      	beq.n	1000203c <clock_configure_undivided+0xcc>
10002044:	e7c4      	b.n	10001fd0 <clock_configure_undivided+0x60>
10002046:	bf00      	nop
10002048:	200019ac 	.word	0x200019ac

1000204c <clock_get_hz>:
1000204c:	4b01      	ldr	r3, [pc, #4]	@ (10002054 <clock_get_hz+0x8>)
1000204e:	f853 0020 	ldr.w	r0, [r3, r0, lsl #2]
10002052:	4770      	bx	lr
10002054:	200019ac 	.word	0x200019ac

10002058 <pll_init>:
10002058:	b510      	push	{r4, lr}
1000205a:	9c02      	ldr	r4, [sp, #8]
1000205c:	468e      	mov	lr, r1
1000205e:	ea4f 3c04 	mov.w	ip, r4, lsl #12
10002062:	ea4c 4c03 	orr.w	ip, ip, r3, lsl #16
10002066:	4b1c      	ldr	r3, [pc, #112]	@ (100020d8 <pll_init+0x80>)
10002068:	fbb3 f3f1 	udiv	r3, r3, r1
1000206c:	6801      	ldr	r1, [r0, #0]
1000206e:	fbb2 f4f3 	udiv	r4, r2, r3
10002072:	2900      	cmp	r1, #0
10002074:	db20      	blt.n	100020b8 <pll_init+0x60>
10002076:	4a19      	ldr	r2, [pc, #100]	@ (100020dc <pll_init+0x84>)
10002078:	4b19      	ldr	r3, [pc, #100]	@ (100020e0 <pll_init+0x88>)
1000207a:	4290      	cmp	r0, r2
1000207c:	bf14      	ite	ne
1000207e:	f44f 4280 	movne.w	r2, #16384	@ 0x4000
10002082:	f44f 4200 	moveq.w	r2, #32768	@ 0x8000
10002086:	4917      	ldr	r1, [pc, #92]	@ (100020e4 <pll_init+0x8c>)
10002088:	601a      	str	r2, [r3, #0]
1000208a:	f503 5380 	add.w	r3, r3, #4096	@ 0x1000
1000208e:	601a      	str	r2, [r3, #0]
10002090:	688b      	ldr	r3, [r1, #8]
10002092:	ea32 0303 	bics.w	r3, r2, r3
10002096:	d1fb      	bne.n	10002090 <pll_init+0x38>
10002098:	2221      	movs	r2, #33	@ 0x21
1000209a:	f500 5340 	add.w	r3, r0, #12288	@ 0x3000
1000209e:	3304      	adds	r3, #4
100020a0:	f8c0 e000 	str.w	lr, [r0]
100020a4:	6084      	str	r4, [r0, #8]
100020a6:	601a      	str	r2, [r3, #0]
100020a8:	6802      	ldr	r2, [r0, #0]
100020aa:	2a00      	cmp	r2, #0
100020ac:	dafc      	bge.n	100020a8 <pll_init+0x50>
100020ae:	2208      	movs	r2, #8
100020b0:	f8c0 c00c 	str.w	ip, [r0, #12]
100020b4:	601a      	str	r2, [r3, #0]
100020b6:	bd10      	pop	{r4, pc}
100020b8:	6803      	ldr	r3, [r0, #0]
100020ba:	f003 033f 	and.w	r3, r3, #63	@ 0x3f
100020be:	4573      	cmp	r3, lr
100020c0:	d1d9      	bne.n	10002076 <pll_init+0x1e>
100020c2:	6883      	ldr	r3, [r0, #8]
100020c4:	f3c3 030b 	ubfx	r3, r3, #0, #12
100020c8:	42a3      	cmp	r3, r4
100020ca:	d1d4      	bne.n	10002076 <pll_init+0x1e>
100020cc:	68c3      	ldr	r3, [r0, #12]
100020ce:	f403 23ee 	and.w	r3, r3, #487424	@ 0x77000
100020d2:	4563      	cmp	r3, ip
100020d4:	d1cf      	bne.n	10002076 <pll_init+0x1e>
100020d6:	bd10      	pop	{r4, pc}
100020d8:	00b71b00 	.word	0x00b71b00
100020dc:	40058000 	.word	0x40058000
100020e0:	40022000 	.word	0x40022000
100020e4:	40020000 	.word	0x40020000

100020e8 <watchdog_reboot>:
100020e8:	f04f 4c80 	mov.w	ip, #1073741824	@ 0x40000000
100020ec:	4b21      	ldr	r3, [pc, #132]	@ (10002174 <watchdog_reboot+0x8c>)
100020ee:	b500      	push	{lr}
100020f0:	f8c3 c000 	str.w	ip, [r3]
100020f4:	2800      	cmp	r0, #0
100020f6:	d039      	beq.n	1000216c <watchdog_reboot+0x84>
100020f8:	f8df c088 	ldr.w	ip, [pc, #136]	@ 10002184 <watchdog_reboot+0x9c>
100020fc:	f5a3 5340 	sub.w	r3, r3, #12288	@ 0x3000
10002100:	f8c3 c01c 	str.w	ip, [r3, #28]
10002104:	f8df c080 	ldr.w	ip, [pc, #128]	@ 10002188 <watchdog_reboot+0xa0>
10002108:	f040 0001 	orr.w	r0, r0, #1
1000210c:	ea80 0c0c 	eor.w	ip, r0, ip
10002110:	f8c3 c020 	str.w	ip, [r3, #32]
10002114:	6259      	str	r1, [r3, #36]	@ 0x24
10002116:	6298      	str	r0, [r3, #40]	@ 0x28
10002118:	f04f 4e80 	mov.w	lr, #1073741824	@ 0x40000000
1000211c:	f04f 61e0 	mov.w	r1, #117440512	@ 0x7000000
10002120:	4b14      	ldr	r3, [pc, #80]	@ (10002174 <watchdog_reboot+0x8c>)
10002122:	4815      	ldr	r0, [pc, #84]	@ (10002178 <watchdog_reboot+0x90>)
10002124:	f8df c064 	ldr.w	ip, [pc, #100]	@ 1000218c <watchdog_reboot+0xa4>
10002128:	f8c3 e000 	str.w	lr, [r3]
1000212c:	f8c0 c008 	str.w	ip, [r0, #8]
10002130:	6019      	str	r1, [r3, #0]
10002132:	b92a      	cbnz	r2, 10002140 <watchdog_reboot+0x58>
10002134:	f04f 4200 	mov.w	r2, #2147483648	@ 0x80000000
10002138:	f5a3 5380 	sub.w	r3, r3, #4096	@ 0x1000
1000213c:	601a      	str	r2, [r3, #0]
1000213e:	bd00      	pop	{pc}
10002140:	f44f 737a 	mov.w	r3, #1000	@ 0x3e8
10002144:	fb03 f202 	mul.w	r2, r3, r2
10002148:	f1b2 7f80 	cmp.w	r2, #16777216	@ 0x1000000
1000214c:	bf2a      	itet	cs
1000214e:	f06f 437f 	mvncs.w	r3, #4278190080	@ 0xff000000
10002152:	4613      	movcc	r3, r2
10002154:	461a      	movcs	r2, r3
10002156:	f04f 4180 	mov.w	r1, #1073741824	@ 0x40000000
1000215a:	f8df c034 	ldr.w	ip, [pc, #52]	@ 10002190 <watchdog_reboot+0xa8>
1000215e:	4807      	ldr	r0, [pc, #28]	@ (1000217c <watchdog_reboot+0x94>)
10002160:	f8cc 3000 	str.w	r3, [ip]
10002164:	4b06      	ldr	r3, [pc, #24]	@ (10002180 <watchdog_reboot+0x98>)
10002166:	6042      	str	r2, [r0, #4]
10002168:	6019      	str	r1, [r3, #0]
1000216a:	bd00      	pop	{pc}
1000216c:	4b03      	ldr	r3, [pc, #12]	@ (1000217c <watchdog_reboot+0x94>)
1000216e:	61d8      	str	r0, [r3, #28]
10002170:	e7d2      	b.n	10002118 <watchdog_reboot+0x30>
10002172:	bf00      	nop
10002174:	400db000 	.word	0x400db000
10002178:	4001a000 	.word	0x4001a000
1000217c:	400d8000 	.word	0x400d8000
10002180:	400da000 	.word	0x400da000
10002184:	b007c0d3 	.word	0xb007c0d3
10002188:	4ff83f2d 	.word	0x4ff83f2d
1000218c:	01fffff3 	.word	0x01fffff3
10002190:	20001e0c 	.word	0x20001e0c

10002194 <tick_start>:
10002194:	2301      	movs	r3, #1
10002196:	eb00 0040 	add.w	r0, r0, r0, lsl #1
1000219a:	0080      	lsls	r0, r0, #2
1000219c:	f100 4080 	add.w	r0, r0, #1073741824	@ 0x40000000
100021a0:	f500 1084 	add.w	r0, r0, #1081344	@ 0x108000
100021a4:	6041      	str	r1, [r0, #4]
100021a6:	6003      	str	r3, [r0, #0]
100021a8:	4770      	bx	lr
100021aa:	bf00      	nop

100021ac <rom_reboot.constprop.0.isra.0>:
100021ac:	b510      	push	{r4, lr}
100021ae:	2400      	movs	r4, #0
100021b0:	b082      	sub	sp, #8
100021b2:	460b      	mov	r3, r1
100021b4:	8ae4      	ldrh	r4, [r4, #22]
100021b6:	2100      	movs	r1, #0
100021b8:	e841 f100 	tt	r1, r1
100021bc:	e9cd 0300 	strd	r0, r3, [sp]
100021c0:	024b      	lsls	r3, r1, #9
100021c2:	bf54      	ite	pl
100021c4:	2110      	movpl	r1, #16
100021c6:	2104      	movmi	r1, #4
100021c8:	f244 2052 	movw	r0, #16978	@ 0x4252
100021cc:	47a0      	blx	r4
100021ce:	e9dd 2300 	ldrd	r2, r3, [sp]
100021d2:	4686      	mov	lr, r0
100021d4:	210a      	movs	r1, #10
100021d6:	f44f 7081 	mov.w	r0, #258	@ 0x102
100021da:	46f4      	mov	ip, lr
100021dc:	b002      	add	sp, #8
100021de:	e8bd 4010 	ldmia.w	sp!, {r4, lr}
100021e2:	4760      	bx	ip

100021e4 <rom_func_lookup>:
100021e4:	2300      	movs	r3, #0
100021e6:	8adb      	ldrh	r3, [r3, #22]
100021e8:	2200      	movs	r2, #0
100021ea:	e842 f200 	tt	r2, r2
100021ee:	0252      	lsls	r2, r2, #9
100021f0:	d401      	bmi.n	100021f6 <rom_func_lookup+0x12>
100021f2:	2110      	movs	r1, #16
100021f4:	4718      	bx	r3
100021f6:	2104      	movs	r1, #4
100021f8:	4718      	bx	r3
100021fa:	bf00      	nop

100021fc <rom_reset_usb_boot_extra>:
100021fc:	b508      	push	{r3, lr}
100021fe:	4603      	mov	r3, r0
10002200:	4608      	mov	r0, r1
10002202:	1e19      	subs	r1, r3, #0
10002204:	db02      	blt.n	1000220c <rom_reset_usb_boot_extra+0x10>
10002206:	b11a      	cbz	r2, 10002210 <rom_reset_usb_boot_extra+0x14>
10002208:	f040 0030 	orr.w	r0, r0, #48	@ 0x30
1000220c:	f7ff ffce 	bl	100021ac <rom_reboot.constprop.0.isra.0>
10002210:	f040 0020 	orr.w	r0, r0, #32
10002214:	e7fa      	b.n	1000220c <rom_reset_usb_boot_extra+0x10>
10002216:	bf00      	nop

10002218 <runtime_init_bootrom_locking_enable>:
10002218:	4a03      	ldr	r2, [pc, #12]	@ (10002228 <runtime_init_bootrom_locking_enable+0x10>)
1000221a:	f8d2 3828 	ldr.w	r3, [r2, #2088]	@ 0x828
1000221e:	2b00      	cmp	r3, #0
10002220:	d0fb      	beq.n	1000221a <runtime_init_bootrom_locking_enable+0x2>
10002222:	f3bf 8f5f 	dmb	sy
10002226:	4770      	bx	lr
10002228:	400e0000 	.word	0x400e0000

1000222c <runtime_init_boot_locks_reset>:
1000222c:	2100      	movs	r1, #0
1000222e:	4b04      	ldr	r3, [pc, #16]	@ (10002240 <runtime_init_boot_locks_reset+0x14>)
10002230:	4a04      	ldr	r2, [pc, #16]	@ (10002244 <runtime_init_boot_locks_reset+0x18>)
10002232:	f3bf 8f5f 	dmb	sy
10002236:	f843 1b04 	str.w	r1, [r3], #4
1000223a:	4293      	cmp	r3, r2
1000223c:	d1f9      	bne.n	10002232 <runtime_init_boot_locks_reset+0x6>
1000223e:	4770      	bx	lr
10002240:	400e080c 	.word	0x400e080c
10002244:	400e082c 	.word	0x400e082c

10002248 <xosc_init>:
10002248:	f44f 6c2a 	mov.w	ip, #2720	@ 0xaa0
1000224c:	f44f 708d 	mov.w	r0, #282	@ 0x11a
10002250:	4a05      	ldr	r2, [pc, #20]	@ (10002268 <xosc_init+0x20>)
10002252:	4b06      	ldr	r3, [pc, #24]	@ (1000226c <xosc_init+0x24>)
10002254:	4906      	ldr	r1, [pc, #24]	@ (10002270 <xosc_init+0x28>)
10002256:	f8c2 c000 	str.w	ip, [r2]
1000225a:	60d0      	str	r0, [r2, #12]
1000225c:	6019      	str	r1, [r3, #0]
1000225e:	6853      	ldr	r3, [r2, #4]
10002260:	2b00      	cmp	r3, #0
10002262:	dafc      	bge.n	1000225e <xosc_init+0x16>
10002264:	4770      	bx	lr
10002266:	bf00      	nop
10002268:	40048000 	.word	0x40048000
1000226c:	4004a000 	.word	0x4004a000
10002270:	00fab000 	.word	0x00fab000

10002274 <first_per_core_initializer>:
10002274:	4770      	bx	lr
10002276:	bf00      	nop

10002278 <hard_assertion_failure>:
10002278:	b508      	push	{r3, lr}
1000227a:	4801      	ldr	r0, [pc, #4]	@ (10002280 <hard_assertion_failure+0x8>)
1000227c:	f7fe fe9e 	bl	10000fbc <panic>
10002280:	100070bc 	.word	0x100070bc

10002284 <runtime_run_initializers>:
10002284:	b538      	push	{r3, r4, r5, lr}
10002286:	4c05      	ldr	r4, [pc, #20]	@ (1000229c <runtime_run_initializers+0x18>)
10002288:	4d05      	ldr	r5, [pc, #20]	@ (100022a0 <runtime_run_initializers+0x1c>)
1000228a:	42ac      	cmp	r4, r5
1000228c:	d204      	bcs.n	10002298 <runtime_run_initializers+0x14>
1000228e:	f854 3b04 	ldr.w	r3, [r4], #4
10002292:	4798      	blx	r3
10002294:	42ac      	cmp	r4, r5
10002296:	d3fa      	bcc.n	1000228e <runtime_run_initializers+0xa>
10002298:	bd38      	pop	{r3, r4, r5, pc}
1000229a:	bf00      	nop
1000229c:	10006df0 	.word	0x10006df0
100022a0:	10006e30 	.word	0x10006e30

100022a4 <runtime_init_early_resets>:
100022a4:	4806      	ldr	r0, [pc, #24]	@ (100022c0 <runtime_init_early_resets+0x1c>)
100022a6:	f8df c028 	ldr.w	ip, [pc, #40]	@ 100022d0 <runtime_init_early_resets+0x2c>
100022aa:	4b06      	ldr	r3, [pc, #24]	@ (100022c4 <runtime_init_early_resets+0x20>)
100022ac:	4a06      	ldr	r2, [pc, #24]	@ (100022c8 <runtime_init_early_resets+0x24>)
100022ae:	4907      	ldr	r1, [pc, #28]	@ (100022cc <runtime_init_early_resets+0x28>)
100022b0:	f8c0 c000 	str.w	ip, [r0]
100022b4:	601a      	str	r2, [r3, #0]
100022b6:	688b      	ldr	r3, [r1, #8]
100022b8:	ea32 0303 	bics.w	r3, r2, r3
100022bc:	d1fb      	bne.n	100022b6 <runtime_init_early_resets+0x12>
100022be:	4770      	bx	lr
100022c0:	40022000 	.word	0x40022000
100022c4:	40023000 	.word	0x40023000
100022c8:	03f3fff6 	.word	0x03f3fff6
100022cc:	40020000 	.word	0x40020000
100022d0:	efef3b7f 	.word	0xefef3b7f

100022d4 <runtime_init_usb_power_down>:
100022d4:	4b04      	ldr	r3, [pc, #16]	@ (100022e8 <runtime_init_usb_power_down+0x14>)
100022d6:	6cdb      	ldr	r3, [r3, #76]	@ 0x4c
100022d8:	f5b3 4f00 	cmp.w	r3, #32768	@ 0x8000
100022dc:	d103      	bne.n	100022e6 <runtime_init_usb_power_down+0x12>
100022de:	f44f 2280 	mov.w	r2, #262144	@ 0x40000
100022e2:	4b02      	ldr	r3, [pc, #8]	@ (100022ec <runtime_init_usb_power_down+0x18>)
100022e4:	64da      	str	r2, [r3, #76]	@ 0x4c
100022e6:	4770      	bx	lr
100022e8:	50110000 	.word	0x50110000
100022ec:	50112000 	.word	0x50112000

100022f0 <runtime_init_per_core_enable_coprocessors>:
100022f0:	f04f 22e0 	mov.w	r2, #3758153728	@ 0xe000e000
100022f4:	4b04      	ldr	r3, [pc, #16]	@ (10002308 <runtime_init_per_core_enable_coprocessors+0x18>)
100022f6:	f8d2 1d88 	ldr.w	r1, [r2, #3464]	@ 0xd88
100022fa:	430b      	orrs	r3, r1
100022fc:	f8c2 3d88 	str.w	r3, [r2, #3464]	@ 0xd88
10002300:	ee10 0430 			dcp_rcmp r0
10002304:	4770      	bx	lr
10002306:	bf00      	nop
10002308:	00300303 	.word	0x00300303

1000230c <runtime_init_post_clock_resets>:
1000230c:	f06f 4160 	mvn.w	r1, #3758096384	@ 0xe0000000
10002310:	4b04      	ldr	r3, [pc, #16]	@ (10002324 <runtime_init_post_clock_resets+0x18>)
10002312:	4a05      	ldr	r2, [pc, #20]	@ (10002328 <runtime_init_post_clock_resets+0x1c>)
10002314:	6019      	str	r1, [r3, #0]
10002316:	6893      	ldr	r3, [r2, #8]
10002318:	43db      	mvns	r3, r3
1000231a:	f033 4360 	bics.w	r3, r3, #3758096384	@ 0xe0000000
1000231e:	d1fa      	bne.n	10002316 <runtime_init_post_clock_resets+0xa>
10002320:	4770      	bx	lr
10002322:	bf00      	nop
10002324:	40023000 	.word	0x40023000
10002328:	40020000 	.word	0x40020000

1000232c <runtime_init_bootrom_reset>:
1000232c:	b510      	push	{r4, lr}
1000232e:	f245 2053 	movw	r0, #21075	@ 0x5253
10002332:	f7ff ff57 	bl	100021e4 <rom_func_lookup>
10002336:	e8bd 4010 	ldmia.w	sp!, {r4, lr}
1000233a:	4603      	mov	r3, r0
1000233c:	2004      	movs	r0, #4
1000233e:	4718      	bx	r3

10002340 <runtime_init_per_core_bootrom_reset>:
10002340:	b510      	push	{r4, lr}
10002342:	f245 2053 	movw	r0, #21075	@ 0x5253
10002346:	f7ff ff4d 	bl	100021e4 <rom_func_lookup>
1000234a:	e8bd 4010 	ldmia.w	sp!, {r4, lr}
1000234e:	4603      	mov	r3, r0
10002350:	2001      	movs	r0, #1
10002352:	4718      	bx	r3

10002354 <runtime_init_spin_locks_reset>:
10002354:	f7fe bede 	b.w	10001114 <spin_locks_reset>

10002358 <runtime_init_install_ram_vector_table>:
10002358:	4913      	ldr	r1, [pc, #76]	@ (100023a8 <runtime_init_install_ram_vector_table+0x50>)
1000235a:	4b14      	ldr	r3, [pc, #80]	@ (100023ac <runtime_init_install_ram_vector_table+0x54>)
1000235c:	b570      	push	{r4, r5, r6, lr}
1000235e:	1a5c      	subs	r4, r3, r1
10002360:	08a5      	lsrs	r5, r4, #2
10002362:	2d44      	cmp	r5, #68	@ 0x44
10002364:	462a      	mov	r2, r5
10002366:	bf28      	it	cs
10002368:	2244      	movcs	r2, #68	@ 0x44
1000236a:	4e11      	ldr	r6, [pc, #68]	@ (100023b0 <runtime_init_install_ram_vector_table+0x58>)
1000236c:	0092      	lsls	r2, r2, #2
1000236e:	4630      	mov	r0, r6
10002370:	f004 fd06 	bl	10006d80 <__memcpy_veneer>
10002374:	2d43      	cmp	r5, #67	@ 0x43
10002376:	d813      	bhi.n	100023a0 <runtime_init_install_ram_vector_table+0x48>
10002378:	4a0e      	ldr	r2, [pc, #56]	@ (100023b4 <runtime_init_install_ram_vector_table+0x5c>)
1000237a:	d00f      	beq.n	1000239c <runtime_init_install_ram_vector_table+0x44>
1000237c:	f1c5 0044 	rsb	r0, r5, #68	@ 0x44
10002380:	1933      	adds	r3, r6, r4
10002382:	0841      	lsrs	r1, r0, #1
10002384:	eb03 01c1 	add.w	r1, r3, r1, lsl #3
10002388:	e9c3 2200 	strd	r2, r2, [r3]
1000238c:	3308      	adds	r3, #8
1000238e:	428b      	cmp	r3, r1
10002390:	d1fa      	bne.n	10002388 <runtime_init_install_ram_vector_table+0x30>
10002392:	07c3      	lsls	r3, r0, #31
10002394:	d504      	bpl.n	100023a0 <runtime_init_install_ram_vector_table+0x48>
10002396:	f020 0001 	bic.w	r0, r0, #1
1000239a:	4405      	add	r5, r0
1000239c:	f846 2025 	str.w	r2, [r6, r5, lsl #2]
100023a0:	4b05      	ldr	r3, [pc, #20]	@ (100023b8 <runtime_init_install_ram_vector_table+0x60>)
100023a2:	609e      	str	r6, [r3, #8]
100023a4:	bd70      	pop	{r4, r5, r6, pc}
100023a6:	bf00      	nop
100023a8:	10000000 	.word	0x10000000
100023ac:	10000110 	.word	0x10000110
100023b0:	20000000 	.word	0x20000000
100023b4:	10000111 	.word	0x10000111
100023b8:	e000ed00 	.word	0xe000ed00

100023bc <runtime_init_clocks>:
100023bc:	2300      	movs	r3, #0
100023be:	b570      	push	{r4, r5, r6, lr}
100023c0:	4c2b      	ldr	r4, [pc, #172]	@ (10002470 <runtime_init_clocks+0xb4>)
100023c2:	b082      	sub	sp, #8
100023c4:	f8c4 3084 	str.w	r3, [r4, #132]	@ 0x84
100023c8:	f7ff ff3e 	bl	10002248 <xosc_init>
100023cc:	2201      	movs	r2, #1
100023ce:	4b29      	ldr	r3, [pc, #164]	@ (10002474 <runtime_init_clocks+0xb8>)
100023d0:	63da      	str	r2, [r3, #60]	@ 0x3c
100023d2:	6c63      	ldr	r3, [r4, #68]	@ 0x44
100023d4:	2b01      	cmp	r3, #1
100023d6:	d1fc      	bne.n	100023d2 <runtime_init_clocks+0x16>
100023d8:	2103      	movs	r1, #3
100023da:	4a26      	ldr	r2, [pc, #152]	@ (10002474 <runtime_init_clocks+0xb8>)
100023dc:	4b24      	ldr	r3, [pc, #144]	@ (10002470 <runtime_init_clocks+0xb4>)
100023de:	6311      	str	r1, [r2, #48]	@ 0x30
100023e0:	6b9c      	ldr	r4, [r3, #56]	@ 0x38
100023e2:	2c01      	cmp	r4, #1
100023e4:	d1fc      	bne.n	100023e0 <runtime_init_clocks+0x24>
100023e6:	2602      	movs	r6, #2
100023e8:	2505      	movs	r5, #5
100023ea:	4621      	mov	r1, r4
100023ec:	2305      	movs	r3, #5
100023ee:	4a22      	ldr	r2, [pc, #136]	@ (10002478 <runtime_init_clocks+0xbc>)
100023f0:	4822      	ldr	r0, [pc, #136]	@ (1000247c <runtime_init_clocks+0xc0>)
100023f2:	9600      	str	r6, [sp, #0]
100023f4:	f7ff fe30 	bl	10002058 <pll_init>
100023f8:	4621      	mov	r1, r4
100023fa:	462b      	mov	r3, r5
100023fc:	4a20      	ldr	r2, [pc, #128]	@ (10002480 <runtime_init_clocks+0xc4>)
100023fe:	4821      	ldr	r0, [pc, #132]	@ (10002484 <runtime_init_clocks+0xc8>)
10002400:	9500      	str	r5, [sp, #0]
10002402:	f7ff fe29 	bl	10002058 <pll_init>
10002406:	2200      	movs	r2, #0
10002408:	2004      	movs	r0, #4
1000240a:	4631      	mov	r1, r6
1000240c:	4b1e      	ldr	r3, [pc, #120]	@ (10002488 <runtime_init_clocks+0xcc>)
1000240e:	f7ff fdaf 	bl	10001f70 <clock_configure_undivided>
10002412:	4621      	mov	r1, r4
10002414:	4628      	mov	r0, r5
10002416:	2200      	movs	r2, #0
10002418:	4b1c      	ldr	r3, [pc, #112]	@ (1000248c <runtime_init_clocks+0xd0>)
1000241a:	f7ff fda9 	bl	10001f70 <clock_configure_undivided>
1000241e:	2200      	movs	r2, #0
10002420:	2008      	movs	r0, #8
10002422:	4611      	mov	r1, r2
10002424:	4b1a      	ldr	r3, [pc, #104]	@ (10002490 <runtime_init_clocks+0xd4>)
10002426:	f7ff fda3 	bl	10001f70 <clock_configure_undivided>
1000242a:	2200      	movs	r2, #0
1000242c:	2009      	movs	r0, #9
1000242e:	4611      	mov	r1, r2
10002430:	4b17      	ldr	r3, [pc, #92]	@ (10002490 <runtime_init_clocks+0xd4>)
10002432:	f7ff fd9d 	bl	10001f70 <clock_configure_undivided>
10002436:	2200      	movs	r2, #0
10002438:	2006      	movs	r0, #6
1000243a:	4611      	mov	r1, r2
1000243c:	4b13      	ldr	r3, [pc, #76]	@ (1000248c <runtime_init_clocks+0xd0>)
1000243e:	f7ff fd97 	bl	10001f70 <clock_configure_undivided>
10002442:	2200      	movs	r2, #0
10002444:	4b11      	ldr	r3, [pc, #68]	@ (1000248c <runtime_init_clocks+0xd0>)
10002446:	2007      	movs	r0, #7
10002448:	4611      	mov	r1, r2
1000244a:	f7ff fd91 	bl	10001f70 <clock_configure_undivided>
1000244e:	2004      	movs	r0, #4
10002450:	f7ff fdfc 	bl	1000204c <clock_get_hz>
10002454:	2400      	movs	r4, #0
10002456:	4b0f      	ldr	r3, [pc, #60]	@ (10002494 <runtime_init_clocks+0xd8>)
10002458:	fba3 3500 	umull	r3, r5, r3, r0
1000245c:	0cad      	lsrs	r5, r5, #18
1000245e:	b2e0      	uxtb	r0, r4
10002460:	4629      	mov	r1, r5
10002462:	3401      	adds	r4, #1
10002464:	f7ff fe96 	bl	10002194 <tick_start>
10002468:	2c06      	cmp	r4, #6
1000246a:	d1f8      	bne.n	1000245e <runtime_init_clocks+0xa2>
1000246c:	b002      	add	sp, #8
1000246e:	bd70      	pop	{r4, r5, r6, pc}
10002470:	40010000 	.word	0x40010000
10002474:	40013000 	.word	0x40013000
10002478:	59682f00 	.word	0x59682f00
1000247c:	40050000 	.word	0x40050000
10002480:	47868c00 	.word	0x47868c00
10002484:	40058000 	.word	0x40058000
10002488:	00b71b00 	.word	0x00b71b00
1000248c:	08f0d180 	.word	0x08f0d180
10002490:	02dc6c00 	.word	0x02dc6c00
10002494:	431bde83 	.word	0x431bde83

10002498 <generic_save_state>:
10002498:	b086      	sub	sp, #24
1000249a:	b403      	push	{r0, r1}
1000249c:	fc51 0408 	dcp_pxmd r0, r1
100024a0:	e9cd 0102 	strd	r0, r1, [sp, #8]
100024a4:	fc51 0409 	dcp_pymd r0, r1
100024a8:	e9cd 0104 	strd	r0, r1, [sp, #16]
100024ac:	ec51 040a 	dcp_refd r0, r1
100024b0:	e9cd 0106 	strd	r0, r1, [sp, #24]
100024b4:	bc03      	pop	{r0, r1}
100024b6:	47f0      	blx	lr

100024b8 <generic_restore_state>:
100024b8:	e8bd 5000 	ldmia.w	sp!, {ip, lr}
100024bc:	ec4e c400 	dcp_wxmd ip, lr
100024c0:	e8bd 5000 	ldmia.w	sp!, {ip, lr}
100024c4:	ec4e c401 	dcp_wymd ip, lr
100024c8:	e8bd 5000 	ldmia.w	sp!, {ip, lr}
100024cc:	ec4e c402 	dcp_wefd ip, lr
100024d0:	bd00      	pop	{pc}
100024d2:	0000      	movs	r0, r0
100024d4:	b500      	push	{lr}
100024d6:	f7ff ffdf 	bl	10002498 <generic_save_state>
100024da:	e002      	b.n	100024e2 <__wrap___aeabi_dadd+0x6>

100024dc <__wrap___aeabi_dadd>:
100024dc:	fe10 f430 	dcp_pcmp APSR_nzcv
100024e0:	d4f8      	bmi.n	100024d4 <generic_restore_state+0x1c>
100024e2:	ec41 0410 	dcp_wxup r0, r1
100024e6:	ec43 2411 	dcp_wyup r2, r3
100024ea:	ee00 0401 			dcp_add0
100024ee:	ee10 0401 			dcp_add1
100024f2:	ee80 0420 			dcp_nrdd
100024f6:	ec51 0410 	dcp_rdda r0, r1
100024fa:	4770      	bx	lr
100024fc:	b500      	push	{lr}
100024fe:	f7ff ffcb 	bl	10002498 <generic_save_state>
10002502:	e002      	b.n	1000250a <__wrap___aeabi_dsub+0x6>

10002504 <__wrap___aeabi_dsub>:
10002504:	fe10 f430 	dcp_pcmp APSR_nzcv
10002508:	d4f8      	bmi.n	100024fc <__wrap___aeabi_dadd+0x20>
1000250a:	ec41 0410 	dcp_wxup r0, r1
1000250e:	ec43 2411 	dcp_wyup r2, r3
10002512:	ee00 0401 			dcp_add0
10002516:	ee10 0421 			dcp_sub1
1000251a:	ee80 0420 			dcp_nrdd
1000251e:	ec51 0430 	dcp_rdds r0, r1
10002522:	4770      	bx	lr
10002524:	b500      	push	{lr}
10002526:	f7ff ffb7 	bl	10002498 <generic_save_state>
1000252a:	e002      	b.n	10002532 <__wrap___aeabi_dmul+0x6>

1000252c <__wrap___aeabi_dmul>:
1000252c:	fe10 f430 	dcp_pcmp APSR_nzcv
10002530:	d4f8      	bmi.n	10002524 <__wrap___aeabi_dsub+0x20>
10002532:	b510      	push	{r4, lr}
10002534:	ec41 0410 	dcp_wxup r0, r1
10002538:	ec43 2411 	dcp_wyup r2, r3
1000253c:	ec51 0404 	dcp_rxms r0, r1, #0x0
10002540:	ec53 2405 	dcp_ryms r2, r3, #0x0
10002544:	fba0 4c02 	umull	r4, ip, r0, r2
10002548:	f05f 0e00 	movs.w	lr, #0
1000254c:	fbe0 ce03 	umlal	ip, lr, r0, r3
10002550:	fbe1 ce02 	umlal	ip, lr, r1, r2
10002554:	ec4c 4420 	dcp_wxms r4, ip
10002558:	2400      	movs	r4, #0
1000255a:	fbe1 e403 	umlal	lr, r4, r1, r3
1000255e:	ec44 e430 	dcp_wxmo lr, r4
10002562:	ee80 0420 			dcp_nrdd
10002566:	ec51 0450 	dcp_rddm r0, r1
1000256a:	bd10      	pop	{r4, pc}
1000256c:	b500      	push	{lr}
1000256e:	f7ff ff93 	bl	10002498 <generic_save_state>
10002572:	e002      	b.n	1000257a <__wrap___aeabi_ddiv+0x6>

10002574 <__wrap___aeabi_ddiv>:
10002574:	fe10 f430 	dcp_pcmp APSR_nzcv
10002578:	d4f8      	bmi.n	1000256c <__wrap___aeabi_dmul+0x40>
1000257a:	ec41 0410 	dcp_wxup r0, r1
1000257e:	ec43 2411 	dcp_wyup r2, r3
10002582:	ec51 0421 	dcp_rymr r0, r1
10002586:	fba0 1201 	umull	r1, r2, r0, r1
1000258a:	ea6f 0282 	mvn.w	r2, r2, lsl #2
1000258e:	fb52 0010 	smmlar	r0, r2, r0, r0
10002592:	fb52 f212 	smmulr	r2, r2, r2
10002596:	fb52 0010 	smmlar	r0, r2, r0, r0
1000259a:	eba0 7cd0 	sub.w	ip, r0, r0, lsr #31
1000259e:	ec53 2404 	dcp_rxms r2, r3, #0x0
100025a2:	fb5c f113 	smmulr	r1, ip, r3
100025a6:	ec53 2415 	dcp_ryms r2, r3, #0x1
100025aa:	fba1 2002 	umull	r2, r0, r1, r2
100025ae:	fb01 0003 	mla	r0, r1, r3, r0
100025b2:	ec53 2444 	dcp_rxms r2, r3, #0x4
100025b6:	eba2 0000 	sub.w	r0, r2, r0
100025ba:	fb50 f21c 	smmulr	r2, r0, ip
100025be:	ea4f 1311 	mov.w	r3, r1, lsr #4
100025c2:	eb12 7001 	adds.w	r0, r2, r1, lsl #28
100025c6:	eb43 71e2 	adc.w	r1, r3, r2, asr #31
100025ca:	ea40 5051 	orr.w	r0, r0, r1, lsr #21
100025ce:	ea20 5091 	bic.w	r0, r0, r1, lsr #22
100025d2:	f020 0007 	bic.w	r0, r0, #7
100025d6:	ec53 2475 	dcp_ryms r2, r3, #0x7
100025da:	fba0 3c02 	umull	r3, ip, r0, r2
100025de:	ec53 2475 	dcp_ryms r2, r3, #0x7
100025e2:	fb00 cc03 	mla	ip, r0, r3, ip
100025e6:	fb01 cc02 	mla	ip, r1, r2, ip
100025ea:	ec53 2404 	dcp_rxms r2, r3, #0x0
100025ee:	ebac 4c82 	sub.w	ip, ip, r2, lsl #18
100025f2:	ea40 705c 	orr.w	r0, r0, ip, lsr #29
100025f6:	f1a0 0001 	sub.w	r0, r0, #1
100025fa:	ec41 0440 	dcp_wxdd r0, r1
100025fe:	ee80 0420 			dcp_nrdd
10002602:	ec51 0470 	dcp_rddd r0, r1
10002606:	4770      	bx	lr
10002608:	b500      	push	{lr}
1000260a:	f7ff ff45 	bl	10002498 <generic_save_state>
1000260e:	e002      	b.n	10002616 <__wrap___aeabi_i2d+0x6>

10002610 <__wrap___aeabi_i2d>:
10002610:	fe10 f430 	dcp_pcmp APSR_nzcv
10002614:	d4f8      	bmi.n	10002608 <__wrap___aeabi_ddiv+0x94>
10002616:	ec40 0470 	dcp_wxic r0, r0
1000261a:	ee00 0401 			dcp_add0
1000261e:	ee10 0421 			dcp_sub1
10002622:	ee80 0420 			dcp_nrdd
10002626:	ec51 0430 	dcp_rdds r0, r1
1000262a:	4770      	bx	lr
1000262c:	b500      	push	{lr}
1000262e:	f7ff ff33 	bl	10002498 <generic_save_state>
10002632:	e002      	b.n	1000263a <__wrap___aeabi_ui2d+0x6>

10002634 <__wrap___aeabi_ui2d>:
10002634:	fe10 f430 	dcp_pcmp APSR_nzcv
10002638:	d4f8      	bmi.n	1000262c <__wrap___aeabi_i2d+0x1c>
1000263a:	ec40 0460 	dcp_wxuc r0, r0
1000263e:	ee00 0401 			dcp_add0
10002642:	ee10 0421 			dcp_sub1
10002646:	ee80 0420 			dcp_nrdd
1000264a:	ec51 0430 	dcp_rdds r0, r1
1000264e:	4770      	bx	lr
10002650:	b500      	push	{lr}
10002652:	f7ff ff21 	bl	10002498 <generic_save_state>
10002656:	e002      	b.n	1000265e <double2int_z_entry>

10002658 <__wrap___aeabi_d2iz>:
10002658:	fe10 f430 	dcp_pcmp APSR_nzcv
1000265c:	d4f8      	bmi.n	10002650 <__wrap___aeabi_ui2d+0x1c>

1000265e <double2int_z_entry>:
1000265e:	ec41 0480 	dcp_wxdc r0, r1
10002662:	ee00 0401 			dcp_add0
10002666:	ee10 0401 			dcp_add1
1000266a:	ee80 0440 			dcp_ntdc
1000266e:	ee10 0413 			dcp_rdic r0
10002672:	4770      	bx	lr
10002674:	b500      	push	{lr}
10002676:	f7ff ff0f 	bl	10002498 <generic_save_state>
1000267a:	e002      	b.n	10002682 <double2uint_z_entry>

1000267c <__wrap___aeabi_d2uiz>:
1000267c:	fe10 f430 	dcp_pcmp APSR_nzcv
10002680:	d4f8      	bmi.n	10002674 <double2int_z_entry+0x16>

10002682 <double2uint_z_entry>:
10002682:	ec41 0480 	dcp_wxdc r0, r1
10002686:	ee00 0401 			dcp_add0
1000268a:	ee10 0401 			dcp_add1
1000268e:	ee80 0440 			dcp_ntdc
10002692:	ee10 0433 			dcp_rduc r0
10002696:	4770      	bx	lr
10002698:	b500      	push	{lr}
1000269a:	f7ff fefd 	bl	10002498 <generic_save_state>
1000269e:	e002      	b.n	100026a6 <__wrap___aeabi_dcmpun+0x6>

100026a0 <__wrap___aeabi_dcmpun>:
100026a0:	fe10 f430 	dcp_pcmp APSR_nzcv
100026a4:	d4f8      	bmi.n	10002698 <double2uint_z_entry+0x16>
100026a6:	ec41 0410 	dcp_wxup r0, r1
100026aa:	ec43 2411 	dcp_wyup r2, r3
100026ae:	ee00 0401 			dcp_add0
100026b2:	ee10 0430 			dcp_rcmp r0
100026b6:	f3c0 7000 	ubfx	r0, r0, #28, #1
100026ba:	4770      	bx	lr
100026bc:	b500      	push	{lr}
100026be:	f7ff feeb 	bl	10002498 <generic_save_state>
100026c2:	e002      	b.n	100026ca <__wrap___aeabi_dcmplt+0x6>

100026c4 <__wrap___aeabi_dcmplt>:
100026c4:	fe10 f430 	dcp_pcmp APSR_nzcv
100026c8:	d4f8      	bmi.n	100026bc <__wrap___aeabi_dcmpun+0x1c>
100026ca:	ec43 2410 	dcp_wxup r2, r3
100026ce:	ec41 0411 	dcp_wyup r0, r1
100026d2:	ee00 0401 			dcp_add0
100026d6:	ee10 f430 			dcp_rcmp APSR_nzcv
100026da:	bf8c      	ite	hi
100026dc:	2001      	movhi	r0, #1
100026de:	2000      	movls	r0, #0
100026e0:	4770      	bx	lr
100026e2:	bf00      	nop
100026e4:	b500      	push	{lr}
100026e6:	f7ff fed7 	bl	10002498 <generic_save_state>
100026ea:	e002      	b.n	100026f2 <__wrap___aeabi_dcmple+0x6>

100026ec <__wrap___aeabi_dcmple>:
100026ec:	fe10 f430 	dcp_pcmp APSR_nzcv
100026f0:	d4f8      	bmi.n	100026e4 <__wrap___aeabi_dcmplt+0x20>
100026f2:	ec43 2410 	dcp_wxup r2, r3
100026f6:	ec41 0411 	dcp_wyup r0, r1
100026fa:	ee00 0401 			dcp_add0
100026fe:	ee10 f430 			dcp_rcmp APSR_nzcv
10002702:	bf2c      	ite	cs
10002704:	2001      	movcs	r0, #1
10002706:	2000      	movcc	r0, #0
10002708:	4770      	bx	lr
1000270a:	bf00      	nop
1000270c:	b500      	push	{lr}
1000270e:	f7ff fec3 	bl	10002498 <generic_save_state>
10002712:	e002      	b.n	1000271a <__wrap___aeabi_dcmpge+0x6>

10002714 <__wrap___aeabi_dcmpge>:
10002714:	fe10 f430 	dcp_pcmp APSR_nzcv
10002718:	d4f8      	bmi.n	1000270c <__wrap___aeabi_dcmple+0x20>
1000271a:	ec41 0410 	dcp_wxup r0, r1
1000271e:	ec43 2411 	dcp_wyup r2, r3
10002722:	ee00 0401 			dcp_add0
10002726:	ee10 f430 			dcp_rcmp APSR_nzcv
1000272a:	bf2c      	ite	cs
1000272c:	2001      	movcs	r0, #1
1000272e:	2000      	movcc	r0, #0
10002730:	4770      	bx	lr
10002732:	bf00      	nop
10002734:	b500      	push	{lr}
10002736:	f7ff feaf 	bl	10002498 <generic_save_state>
1000273a:	e002      	b.n	10002742 <__wrap___aeabi_dcmpgt+0x6>

1000273c <__wrap___aeabi_dcmpgt>:
1000273c:	fe10 f430 	dcp_pcmp APSR_nzcv
10002740:	d4f8      	bmi.n	10002734 <__wrap___aeabi_dcmpge+0x20>
10002742:	ec41 0410 	dcp_wxup r0, r1
10002746:	ec43 2411 	dcp_wyup r2, r3
1000274a:	ee00 0401 			dcp_add0
1000274e:	ee10 f430 			dcp_rcmp APSR_nzcv
10002752:	bf8c      	ite	hi
10002754:	2001      	movhi	r0, #1
10002756:	2000      	movls	r0, #0
10002758:	4770      	bx	lr
1000275a:	bf00      	nop

1000275c <_out_buffer>:
1000275c:	429a      	cmp	r2, r3
1000275e:	bf38      	it	cc
10002760:	5488      	strbcc	r0, [r1, r2]
10002762:	4770      	bx	lr

10002764 <_out_null>:
10002764:	4770      	bx	lr
10002766:	bf00      	nop

10002768 <_out_rev>:
10002768:	e92d 4ff0 	stmdb	sp!, {r4, r5, r6, r7, r8, r9, sl, fp, lr}
1000276c:	b083      	sub	sp, #12
1000276e:	460f      	mov	r7, r1
10002770:	4611      	mov	r1, r2
10002772:	e9dd b20e 	ldrd	fp, r2, [sp, #56]	@ 0x38
10002776:	0792      	lsls	r2, r2, #30
10002778:	4698      	mov	r8, r3
1000277a:	e9dd 930c 	ldrd	r9, r3, [sp, #48]	@ 0x30
1000277e:	4606      	mov	r6, r0
10002780:	d029      	beq.n	100027d6 <_out_rev+0x6e>
10002782:	460d      	mov	r5, r1
10002784:	b19b      	cbz	r3, 100027ae <_out_rev+0x46>
10002786:	eb09 0403 	add.w	r4, r9, r3
1000278a:	eb05 0a04 	add.w	sl, r5, r4
1000278e:	9501      	str	r5, [sp, #4]
10002790:	460d      	mov	r5, r1
10002792:	930d      	str	r3, [sp, #52]	@ 0x34
10002794:	ebaa 0204 	sub.w	r2, sl, r4
10002798:	f814 0d01 	ldrb.w	r0, [r4, #-1]!
1000279c:	4643      	mov	r3, r8
1000279e:	4639      	mov	r1, r7
100027a0:	47b0      	blx	r6
100027a2:	45a1      	cmp	r9, r4
100027a4:	d1f6      	bne.n	10002794 <_out_rev+0x2c>
100027a6:	4629      	mov	r1, r5
100027a8:	9b0d      	ldr	r3, [sp, #52]	@ 0x34
100027aa:	9d01      	ldr	r5, [sp, #4]
100027ac:	441d      	add	r5, r3
100027ae:	9b0f      	ldr	r3, [sp, #60]	@ 0x3c
100027b0:	079b      	lsls	r3, r3, #30
100027b2:	d50c      	bpl.n	100027ce <_out_rev+0x66>
100027b4:	1a6c      	subs	r4, r5, r1
100027b6:	45a3      	cmp	fp, r4
100027b8:	d909      	bls.n	100027ce <_out_rev+0x66>
100027ba:	462a      	mov	r2, r5
100027bc:	4643      	mov	r3, r8
100027be:	4639      	mov	r1, r7
100027c0:	2020      	movs	r0, #32
100027c2:	3401      	adds	r4, #1
100027c4:	47b0      	blx	r6
100027c6:	455c      	cmp	r4, fp
100027c8:	f105 0501 	add.w	r5, r5, #1
100027cc:	d3f5      	bcc.n	100027ba <_out_rev+0x52>
100027ce:	4628      	mov	r0, r5
100027d0:	b003      	add	sp, #12
100027d2:	e8bd 8ff0 	ldmia.w	sp!, {r4, r5, r6, r7, r8, r9, sl, fp, pc}
100027d6:	455b      	cmp	r3, fp
100027d8:	d215      	bcs.n	10002806 <_out_rev+0x9e>
100027da:	468a      	mov	sl, r1
100027dc:	461c      	mov	r4, r3
100027de:	4689      	mov	r9, r1
100027e0:	ebab 0503 	sub.w	r5, fp, r3
100027e4:	440d      	add	r5, r1
100027e6:	4652      	mov	r2, sl
100027e8:	4643      	mov	r3, r8
100027ea:	4639      	mov	r1, r7
100027ec:	2020      	movs	r0, #32
100027ee:	f10a 0a01 	add.w	sl, sl, #1
100027f2:	47b0      	blx	r6
100027f4:	45aa      	cmp	sl, r5
100027f6:	d1f6      	bne.n	100027e6 <_out_rev+0x7e>
100027f8:	4649      	mov	r1, r9
100027fa:	4623      	mov	r3, r4
100027fc:	f8dd 9030 	ldr.w	r9, [sp, #48]	@ 0x30
10002800:	2c00      	cmp	r4, #0
10002802:	d1c0      	bne.n	10002786 <_out_rev+0x1e>
10002804:	e7e3      	b.n	100027ce <_out_rev+0x66>
10002806:	460d      	mov	r5, r1
10002808:	2b00      	cmp	r3, #0
1000280a:	d1bc      	bne.n	10002786 <_out_rev+0x1e>
1000280c:	e7df      	b.n	100027ce <_out_rev+0x66>
1000280e:	bf00      	nop

10002810 <_ntoa_format>:
10002810:	e92d 4ff0 	stmdb	sp!, {r4, r5, r6, r7, r8, r9, sl, fp, lr}
10002814:	460f      	mov	r7, r1
10002816:	990f      	ldr	r1, [sp, #60]	@ 0x3c
10002818:	4606      	mov	r6, r0
1000281a:	f89d 002c 	ldrb.w	r0, [sp, #44]	@ 0x2c
1000281e:	078d      	lsls	r5, r1, #30
10002820:	4690      	mov	r8, r2
10002822:	e9dd a20c 	ldrd	sl, r2, [sp, #48]	@ 0x30
10002826:	4699      	mov	r9, r3
10002828:	4683      	mov	fp, r0
1000282a:	9c09      	ldr	r4, [sp, #36]	@ 0x24
1000282c:	f8dd c028 	ldr.w	ip, [sp, #40]	@ 0x28
10002830:	9b0e      	ldr	r3, [sp, #56]	@ 0x38
10002832:	d449      	bmi.n	100028c8 <_ntoa_format+0xb8>
10002834:	2b00      	cmp	r3, #0
10002836:	d142      	bne.n	100028be <_ntoa_format+0xae>
10002838:	4594      	cmp	ip, r2
1000283a:	d245      	bcs.n	100028c8 <_ntoa_format+0xb8>
1000283c:	f001 0501 	and.w	r5, r1, #1
10002840:	f104 3eff 	add.w	lr, r4, #4294967295	@ 0xffffffff
10002844:	2030      	movs	r0, #48	@ 0x30
10002846:	44e6      	add	lr, ip
10002848:	e005      	b.n	10002856 <_ntoa_format+0x46>
1000284a:	f10c 0c01 	add.w	ip, ip, #1
1000284e:	4562      	cmp	r2, ip
10002850:	f80e 0f01 	strb.w	r0, [lr, #1]!
10002854:	d902      	bls.n	1000285c <_ntoa_format+0x4c>
10002856:	f1bc 0f20 	cmp.w	ip, #32
1000285a:	d1f6      	bne.n	1000284a <_ntoa_format+0x3a>
1000285c:	2d00      	cmp	r5, #0
1000285e:	f000 8087 	beq.w	10002970 <_ntoa_format+0x160>
10002862:	4563      	cmp	r3, ip
10002864:	d930      	bls.n	100028c8 <_ntoa_format+0xb8>
10002866:	1e60      	subs	r0, r4, #1
10002868:	f04f 0e30 	mov.w	lr, #48	@ 0x30
1000286c:	4460      	add	r0, ip
1000286e:	e005      	b.n	1000287c <_ntoa_format+0x6c>
10002870:	f10c 0c01 	add.w	ip, ip, #1
10002874:	459c      	cmp	ip, r3
10002876:	f800 ef01 	strb.w	lr, [r0, #1]!
1000287a:	d025      	beq.n	100028c8 <_ntoa_format+0xb8>
1000287c:	f1bc 0f20 	cmp.w	ip, #32
10002880:	d1f6      	bne.n	10002870 <_ntoa_format+0x60>
10002882:	06cd      	lsls	r5, r1, #27
10002884:	d50e      	bpl.n	100028a4 <_ntoa_format+0x94>
10002886:	0548      	lsls	r0, r1, #21
10002888:	d451      	bmi.n	1000292e <_ntoa_format+0x11e>
1000288a:	4562      	cmp	r2, ip
1000288c:	d064      	beq.n	10002958 <_ntoa_format+0x148>
1000288e:	4563      	cmp	r3, ip
10002890:	d062      	beq.n	10002958 <_ntoa_format+0x148>
10002892:	f1ba 0f10 	cmp.w	sl, #16
10002896:	d04d      	beq.n	10002934 <_ntoa_format+0x124>
10002898:	f1ba 0f02 	cmp.w	sl, #2
1000289c:	d055      	beq.n	1000294a <_ntoa_format+0x13a>
1000289e:	f1bc 0f20 	cmp.w	ip, #32
100028a2:	d12d      	bne.n	10002900 <_ntoa_format+0xf0>
100028a4:	2220      	movs	r2, #32
100028a6:	e9cd 310b 	strd	r3, r1, [sp, #44]	@ 0x2c
100028aa:	920a      	str	r2, [sp, #40]	@ 0x28
100028ac:	464b      	mov	r3, r9
100028ae:	4642      	mov	r2, r8
100028b0:	4639      	mov	r1, r7
100028b2:	4630      	mov	r0, r6
100028b4:	9409      	str	r4, [sp, #36]	@ 0x24
100028b6:	e8bd 4ff0 	ldmia.w	sp!, {r4, r5, r6, r7, r8, r9, sl, fp, lr}
100028ba:	f7ff bf55 	b.w	10002768 <_out_rev>
100028be:	f011 0501 	ands.w	r5, r1, #1
100028c2:	d12e      	bne.n	10002922 <_ntoa_format+0x112>
100028c4:	4594      	cmp	ip, r2
100028c6:	d3bb      	bcc.n	10002840 <_ntoa_format+0x30>
100028c8:	06cd      	lsls	r5, r1, #27
100028ca:	d51e      	bpl.n	1000290a <_ntoa_format+0xfa>
100028cc:	0548      	lsls	r0, r1, #21
100028ce:	d4e0      	bmi.n	10002892 <_ntoa_format+0x82>
100028d0:	f1bc 0f00 	cmp.w	ip, #0
100028d4:	d1d9      	bne.n	1000288a <_ntoa_format+0x7a>
100028d6:	f1ba 0f10 	cmp.w	sl, #16
100028da:	d05f      	beq.n	1000299c <_ntoa_format+0x18c>
100028dc:	f1ba 0f02 	cmp.w	sl, #2
100028e0:	d074      	beq.n	100029cc <_ntoa_format+0x1bc>
100028e2:	2230      	movs	r2, #48	@ 0x30
100028e4:	f04f 0c01 	mov.w	ip, #1
100028e8:	7022      	strb	r2, [r4, #0]
100028ea:	f1bb 0f00 	cmp.w	fp, #0
100028ee:	d112      	bne.n	10002916 <_ntoa_format+0x106>
100028f0:	0748      	lsls	r0, r1, #29
100028f2:	d542      	bpl.n	1000297a <_ntoa_format+0x16a>
100028f4:	222b      	movs	r2, #43	@ 0x2b
100028f6:	f804 200c 	strb.w	r2, [r4, ip]
100028fa:	f10c 0201 	add.w	r2, ip, #1
100028fe:	e7d2      	b.n	100028a6 <_ntoa_format+0x96>
10002900:	4662      	mov	r2, ip
10002902:	f10c 0c01 	add.w	ip, ip, #1
10002906:	2030      	movs	r0, #48	@ 0x30
10002908:	54a0      	strb	r0, [r4, r2]
1000290a:	f1bc 0f20 	cmp.w	ip, #32
1000290e:	d0c9      	beq.n	100028a4 <_ntoa_format+0x94>
10002910:	f1bb 0f00 	cmp.w	fp, #0
10002914:	d0ec      	beq.n	100028f0 <_ntoa_format+0xe0>
10002916:	222d      	movs	r2, #45	@ 0x2d
10002918:	f804 200c 	strb.w	r2, [r4, ip]
1000291c:	f10c 0201 	add.w	r2, ip, #1
10002920:	e7c1      	b.n	100028a6 <_ntoa_format+0x96>
10002922:	b398      	cbz	r0, 1000298c <_ntoa_format+0x17c>
10002924:	4594      	cmp	ip, r2
10002926:	f103 33ff 	add.w	r3, r3, #4294967295	@ 0xffffffff
1000292a:	d389      	bcc.n	10002840 <_ntoa_format+0x30>
1000292c:	e799      	b.n	10002862 <_ntoa_format+0x52>
1000292e:	f1ba 0f10 	cmp.w	sl, #16
10002932:	d1b7      	bne.n	100028a4 <_ntoa_format+0x94>
10002934:	068d      	lsls	r5, r1, #26
10002936:	d53d      	bpl.n	100029b4 <_ntoa_format+0x1a4>
10002938:	f1bc 0f20 	cmp.w	ip, #32
1000293c:	d0b2      	beq.n	100028a4 <_ntoa_format+0x94>
1000293e:	2258      	movs	r2, #88	@ 0x58
10002940:	f804 200c 	strb.w	r2, [r4, ip]
10002944:	f10c 0c01 	add.w	ip, ip, #1
10002948:	e7a9      	b.n	1000289e <_ntoa_format+0x8e>
1000294a:	f1bc 0f20 	cmp.w	ip, #32
1000294e:	d0a9      	beq.n	100028a4 <_ntoa_format+0x94>
10002950:	4662      	mov	r2, ip
10002952:	f10c 0c01 	add.w	ip, ip, #1
10002956:	e008      	b.n	1000296a <_ntoa_format+0x15a>
10002958:	f1bc 0201 	subs.w	r2, ip, #1
1000295c:	d0bb      	beq.n	100028d6 <_ntoa_format+0xc6>
1000295e:	f1ba 0f10 	cmp.w	sl, #16
10002962:	d035      	beq.n	100029d0 <_ntoa_format+0x1c0>
10002964:	f1ba 0f02 	cmp.w	sl, #2
10002968:	d1cd      	bne.n	10002906 <_ntoa_format+0xf6>
1000296a:	2062      	movs	r0, #98	@ 0x62
1000296c:	54a0      	strb	r0, [r4, r2]
1000296e:	e796      	b.n	1000289e <_ntoa_format+0x8e>
10002970:	06cd      	lsls	r5, r1, #27
10002972:	d5ca      	bpl.n	1000290a <_ntoa_format+0xfa>
10002974:	0548      	lsls	r0, r1, #21
10002976:	d588      	bpl.n	1000288a <_ntoa_format+0x7a>
10002978:	e78b      	b.n	10002892 <_ntoa_format+0x82>
1000297a:	070a      	lsls	r2, r1, #28
1000297c:	bf49      	itett	mi
1000297e:	2220      	movmi	r2, #32
10002980:	4662      	movpl	r2, ip
10002982:	f804 200c 	strbmi.w	r2, [r4, ip]
10002986:	f10c 0201 	addmi.w	r2, ip, #1
1000298a:	e78c      	b.n	100028a6 <_ntoa_format+0x96>
1000298c:	f011 0f0c 	tst.w	r1, #12
10002990:	d000      	beq.n	10002994 <_ntoa_format+0x184>
10002992:	3b01      	subs	r3, #1
10002994:	4594      	cmp	ip, r2
10002996:	f4ff af53 	bcc.w	10002840 <_ntoa_format+0x30>
1000299a:	e762      	b.n	10002862 <_ntoa_format+0x52>
1000299c:	068a      	lsls	r2, r1, #26
1000299e:	d413      	bmi.n	100029c8 <_ntoa_format+0x1b8>
100029a0:	2278      	movs	r2, #120	@ 0x78
100029a2:	7022      	strb	r2, [r4, #0]
100029a4:	2230      	movs	r2, #48	@ 0x30
100029a6:	f04f 0c02 	mov.w	ip, #2
100029aa:	7062      	strb	r2, [r4, #1]
100029ac:	f1bb 0f00 	cmp.w	fp, #0
100029b0:	d09e      	beq.n	100028f0 <_ntoa_format+0xe0>
100029b2:	e7b0      	b.n	10002916 <_ntoa_format+0x106>
100029b4:	f1bc 0f20 	cmp.w	ip, #32
100029b8:	f43f af74 	beq.w	100028a4 <_ntoa_format+0x94>
100029bc:	2278      	movs	r2, #120	@ 0x78
100029be:	f804 200c 	strb.w	r2, [r4, ip]
100029c2:	f10c 0c01 	add.w	ip, ip, #1
100029c6:	e76a      	b.n	1000289e <_ntoa_format+0x8e>
100029c8:	2258      	movs	r2, #88	@ 0x58
100029ca:	e7ea      	b.n	100029a2 <_ntoa_format+0x192>
100029cc:	2262      	movs	r2, #98	@ 0x62
100029ce:	e7e8      	b.n	100029a2 <_ntoa_format+0x192>
100029d0:	068d      	lsls	r5, r1, #26
100029d2:	f1ac 0002 	sub.w	r0, ip, #2
100029d6:	d504      	bpl.n	100029e2 <_ntoa_format+0x1d2>
100029d8:	f04f 0e58 	mov.w	lr, #88	@ 0x58
100029dc:	f804 e000 	strb.w	lr, [r4, r0]
100029e0:	e791      	b.n	10002906 <_ntoa_format+0xf6>
100029e2:	f04f 0e78 	mov.w	lr, #120	@ 0x78
100029e6:	f804 e000 	strb.w	lr, [r4, r0]
100029ea:	e78c      	b.n	10002906 <_ntoa_format+0xf6>

100029ec <_out_char>:
100029ec:	b900      	cbnz	r0, 100029f0 <_out_char+0x4>
100029ee:	4770      	bx	lr
100029f0:	f001 bb76 	b.w	100040e0 <__wrap_putchar>

100029f4 <_out_fct>:
100029f4:	b110      	cbz	r0, 100029fc <_out_fct+0x8>
100029f6:	e9d1 3100 	ldrd	r3, r1, [r1]
100029fa:	4718      	bx	r3
100029fc:	4770      	bx	lr
100029fe:	bf00      	nop

10002a00 <_ftoa>:
10002a00:	e92d 4ff0 	stmdb	sp!, {r4, r5, r6, r7, r8, r9, sl, fp, lr}
10002a04:	b097      	sub	sp, #92	@ 0x5c
10002a06:	ed9d 7b20 	vldr	d7, [sp, #128]	@ 0x80
10002a0a:	e9dd 5b22 	ldrd	r5, fp, [sp, #136]	@ 0x88
10002a0e:	4680      	mov	r8, r0
10002a10:	4689      	mov	r9, r1
10002a12:	ec51 0b17 	vmov	r0, r1, d7
10002a16:	469a      	mov	sl, r3
10002a18:	9b24      	ldr	r3, [sp, #144]	@ 0x90
10002a1a:	920c      	str	r2, [sp, #48]	@ 0x30
10002a1c:	9307      	str	r3, [sp, #28]
10002a1e:	4602      	mov	r2, r0
10002a20:	460b      	mov	r3, r1
10002a22:	ed8d 7b04 	vstr	d7, [sp, #16]
10002a26:	f7ff fe3b 	bl	100026a0 <__wrap___aeabi_dcmpun>
10002a2a:	2800      	cmp	r0, #0
10002a2c:	f040 81e3 	bne.w	10002df6 <_ftoa+0x3f6>
10002a30:	e9dd 0104 	ldrd	r0, r1, [sp, #16]
10002a34:	f04f 32ff 	mov.w	r2, #4294967295	@ 0xffffffff
10002a38:	f46f 1380 	mvn.w	r3, #1048576	@ 0x100000
10002a3c:	f7ff fe42 	bl	100026c4 <__wrap___aeabi_dcmplt>
10002a40:	2800      	cmp	r0, #0
10002a42:	f040 80cb 	bne.w	10002bdc <_ftoa+0x1dc>
10002a46:	e9dd 0104 	ldrd	r0, r1, [sp, #16]
10002a4a:	f04f 32ff 	mov.w	r2, #4294967295	@ 0xffffffff
10002a4e:	4bb2      	ldr	r3, [pc, #712]	@ (10002d18 <_ftoa+0x318>)
10002a50:	f7ff fe74 	bl	1000273c <__wrap___aeabi_dcmpgt>
10002a54:	2800      	cmp	r0, #0
10002a56:	f040 809f 	bne.w	10002b98 <_ftoa+0x198>
10002a5a:	e9dd 6704 	ldrd	r6, r7, [sp, #16]
10002a5e:	a3aa      	add	r3, pc, #680	@ (adr r3, 10002d08 <_ftoa+0x308>)
10002a60:	e9d3 2300 	ldrd	r2, r3, [r3]
10002a64:	4630      	mov	r0, r6
10002a66:	4639      	mov	r1, r7
10002a68:	f7ff fe68 	bl	1000273c <__wrap___aeabi_dcmpgt>
10002a6c:	2800      	cmp	r0, #0
10002a6e:	f040 8082 	bne.w	10002b76 <_ftoa+0x176>
10002a72:	a3a7      	add	r3, pc, #668	@ (adr r3, 10002d10 <_ftoa+0x310>)
10002a74:	e9d3 2300 	ldrd	r2, r3, [r3]
10002a78:	4630      	mov	r0, r6
10002a7a:	4639      	mov	r1, r7
10002a7c:	f7ff fe22 	bl	100026c4 <__wrap___aeabi_dcmplt>
10002a80:	2800      	cmp	r0, #0
10002a82:	d178      	bne.n	10002b76 <_ftoa+0x176>
10002a84:	4630      	mov	r0, r6
10002a86:	4639      	mov	r1, r7
10002a88:	2200      	movs	r2, #0
10002a8a:	2300      	movs	r3, #0
10002a8c:	f7ff fe1a 	bl	100026c4 <__wrap___aeabi_dcmplt>
10002a90:	2800      	cmp	r0, #0
10002a92:	f040 8098 	bne.w	10002bc6 <_ftoa+0x1c6>
10002a96:	900d      	str	r0, [sp, #52]	@ 0x34
10002a98:	9b07      	ldr	r3, [sp, #28]
10002a9a:	2130      	movs	r1, #48	@ 0x30
10002a9c:	f413 6f80 	tst.w	r3, #1024	@ 0x400
10002aa0:	bf08      	it	eq
10002aa2:	2506      	moveq	r5, #6
10002aa4:	aa0e      	add	r2, sp, #56	@ 0x38
10002aa6:	462b      	mov	r3, r5
10002aa8:	f1a5 0620 	sub.w	r6, r5, #32
10002aac:	e005      	b.n	10002aba <_ftoa+0xba>
10002aae:	3b01      	subs	r3, #1
10002ab0:	42b3      	cmp	r3, r6
10002ab2:	f802 1b01 	strb.w	r1, [r2], #1
10002ab6:	f000 8165 	beq.w	10002d84 <_ftoa+0x384>
10002aba:	2b09      	cmp	r3, #9
10002abc:	d8f7      	bhi.n	10002aae <_ftoa+0xae>
10002abe:	461e      	mov	r6, r3
10002ac0:	1aed      	subs	r5, r5, r3
10002ac2:	e9dd 0104 	ldrd	r0, r1, [sp, #16]
10002ac6:	f7ff fdc7 	bl	10002658 <__wrap___aeabi_d2iz>
10002aca:	4b94      	ldr	r3, [pc, #592]	@ (10002d1c <_ftoa+0x31c>)
10002acc:	4604      	mov	r4, r0
10002ace:	eb03 03c6 	add.w	r3, r3, r6, lsl #3
10002ad2:	ed93 7b00 	vldr	d7, [r3]
10002ad6:	ed8d 7b08 	vstr	d7, [sp, #32]
10002ada:	f7ff fd99 	bl	10002610 <__wrap___aeabi_i2d>
10002ade:	4602      	mov	r2, r0
10002ae0:	460b      	mov	r3, r1
10002ae2:	e9dd 0104 	ldrd	r0, r1, [sp, #16]
10002ae6:	f7ff fd0d 	bl	10002504 <__wrap___aeabi_dsub>
10002aea:	e9dd 2308 	ldrd	r2, r3, [sp, #32]
10002aee:	f7ff fd1d 	bl	1000252c <__wrap___aeabi_dmul>
10002af2:	e9cd 010a 	strd	r0, r1, [sp, #40]	@ 0x28
10002af6:	f7ff fdc1 	bl	1000267c <__wrap___aeabi_d2uiz>
10002afa:	4607      	mov	r7, r0
10002afc:	f7ff fd9a 	bl	10002634 <__wrap___aeabi_ui2d>
10002b00:	4602      	mov	r2, r0
10002b02:	460b      	mov	r3, r1
10002b04:	e9dd 010a 	ldrd	r0, r1, [sp, #40]	@ 0x28
10002b08:	f7ff fcfc 	bl	10002504 <__wrap___aeabi_dsub>
10002b0c:	2200      	movs	r2, #0
10002b0e:	4b84      	ldr	r3, [pc, #528]	@ (10002d20 <_ftoa+0x320>)
10002b10:	e9cd 010a 	strd	r0, r1, [sp, #40]	@ 0x28
10002b14:	f7ff fe12 	bl	1000273c <__wrap___aeabi_dcmpgt>
10002b18:	2800      	cmp	r0, #0
10002b1a:	f000 8088 	beq.w	10002c2e <_ftoa+0x22e>
10002b1e:	3701      	adds	r7, #1
10002b20:	4638      	mov	r0, r7
10002b22:	f7ff fd87 	bl	10002634 <__wrap___aeabi_ui2d>
10002b26:	4602      	mov	r2, r0
10002b28:	460b      	mov	r3, r1
10002b2a:	e9dd 0108 	ldrd	r0, r1, [sp, #32]
10002b2e:	f7ff fddd 	bl	100026ec <__wrap___aeabi_dcmple>
10002b32:	b108      	cbz	r0, 10002b38 <_ftoa+0x138>
10002b34:	2700      	movs	r7, #0
10002b36:	3401      	adds	r4, #1
10002b38:	2e00      	cmp	r6, #0
10002b3a:	f000 8088 	beq.w	10002c4e <_ftoa+0x24e>
10002b3e:	f10d 0337 	add.w	r3, sp, #55	@ 0x37
10002b42:	f8df c1f0 	ldr.w	ip, [pc, #496]	@ 10002d34 <_ftoa+0x334>
10002b46:	1958      	adds	r0, r3, r5
10002b48:	e00d      	b.n	10002b66 <_ftoa+0x166>
10002b4a:	fbac 2107 	umull	r2, r1, ip, r7
10002b4e:	08c9      	lsrs	r1, r1, #3
10002b50:	eb01 0281 	add.w	r2, r1, r1, lsl #2
10002b54:	eba7 0242 	sub.w	r2, r7, r2, lsl #1
10002b58:	3230      	adds	r2, #48	@ 0x30
10002b5a:	2f09      	cmp	r7, #9
10002b5c:	f800 2f01 	strb.w	r2, [r0, #1]!
10002b60:	f240 80fb 	bls.w	10002d5a <_ftoa+0x35a>
10002b64:	460f      	mov	r7, r1
10002b66:	2d20      	cmp	r5, #32
10002b68:	f106 36ff 	add.w	r6, r6, #4294967295	@ 0xffffffff
10002b6c:	f105 0501 	add.w	r5, r5, #1
10002b70:	d1eb      	bne.n	10002b4a <_ftoa+0x14a>
10002b72:	2520      	movs	r5, #32
10002b74:	e086      	b.n	10002c84 <_ftoa+0x284>
10002b76:	9b07      	ldr	r3, [sp, #28]
10002b78:	ed9d 7b04 	vldr	d7, [sp, #16]
10002b7c:	e9cd b323 	strd	fp, r3, [sp, #140]	@ 0x8c
10002b80:	4649      	mov	r1, r9
10002b82:	4653      	mov	r3, sl
10002b84:	4640      	mov	r0, r8
10002b86:	9a0c      	ldr	r2, [sp, #48]	@ 0x30
10002b88:	ed8d 7b20 	vstr	d7, [sp, #128]	@ 0x80
10002b8c:	9522      	str	r5, [sp, #136]	@ 0x88
10002b8e:	b017      	add	sp, #92	@ 0x5c
10002b90:	e8bd 4ff0 	ldmia.w	sp!, {r4, r5, r6, r7, r8, r9, sl, fp, lr}
10002b94:	f000 b980 	b.w	10002e98 <_etoa>
10002b98:	9b07      	ldr	r3, [sp, #28]
10002b9a:	4649      	mov	r1, r9
10002b9c:	0758      	lsls	r0, r3, #29
10002b9e:	bf4c      	ite	mi
10002ba0:	2304      	movmi	r3, #4
10002ba2:	2303      	movpl	r3, #3
10002ba4:	4640      	mov	r0, r8
10002ba6:	9321      	str	r3, [sp, #132]	@ 0x84
10002ba8:	4653      	mov	r3, sl
10002baa:	9a07      	ldr	r2, [sp, #28]
10002bac:	bf48      	it	mi
10002bae:	4c5d      	ldrmi	r4, [pc, #372]	@ (10002d24 <_ftoa+0x324>)
10002bb0:	e9cd b222 	strd	fp, r2, [sp, #136]	@ 0x88
10002bb4:	bf58      	it	pl
10002bb6:	4c5c      	ldrpl	r4, [pc, #368]	@ (10002d28 <_ftoa+0x328>)
10002bb8:	9a0c      	ldr	r2, [sp, #48]	@ 0x30
10002bba:	9420      	str	r4, [sp, #128]	@ 0x80
10002bbc:	b017      	add	sp, #92	@ 0x5c
10002bbe:	e8bd 4ff0 	ldmia.w	sp!, {r4, r5, r6, r7, r8, r9, sl, fp, lr}
10002bc2:	f7ff bdd1 	b.w	10002768 <_out_rev>
10002bc6:	463b      	mov	r3, r7
10002bc8:	4632      	mov	r2, r6
10002bca:	2000      	movs	r0, #0
10002bcc:	2100      	movs	r1, #0
10002bce:	f7ff fc99 	bl	10002504 <__wrap___aeabi_dsub>
10002bd2:	2301      	movs	r3, #1
10002bd4:	e9cd 0104 	strd	r0, r1, [sp, #16]
10002bd8:	930d      	str	r3, [sp, #52]	@ 0x34
10002bda:	e75d      	b.n	10002a98 <_ftoa+0x98>
10002bdc:	9b07      	ldr	r3, [sp, #28]
10002bde:	f003 0202 	and.w	r2, r3, #2
10002be2:	079c      	lsls	r4, r3, #30
10002be4:	9204      	str	r2, [sp, #16]
10002be6:	f000 80f4 	beq.w	10002dd2 <_ftoa+0x3d2>
10002bea:	9f0c      	ldr	r7, [sp, #48]	@ 0x30
10002bec:	463d      	mov	r5, r7
10002bee:	4e4f      	ldr	r6, [pc, #316]	@ (10002d2c <_ftoa+0x32c>)
10002bf0:	1d34      	adds	r4, r6, #4
10002bf2:	f814 0d01 	ldrb.w	r0, [r4, #-1]!
10002bf6:	462a      	mov	r2, r5
10002bf8:	4653      	mov	r3, sl
10002bfa:	4649      	mov	r1, r9
10002bfc:	47c0      	blx	r8
10002bfe:	42a6      	cmp	r6, r4
10002c00:	f105 0501 	add.w	r5, r5, #1
10002c04:	d1f5      	bne.n	10002bf2 <_ftoa+0x1f2>
10002c06:	9b04      	ldr	r3, [sp, #16]
10002c08:	1d3c      	adds	r4, r7, #4
10002c0a:	b163      	cbz	r3, 10002c26 <_ftoa+0x226>
10002c0c:	9d0c      	ldr	r5, [sp, #48]	@ 0x30
10002c0e:	1b63      	subs	r3, r4, r5
10002c10:	459b      	cmp	fp, r3
10002c12:	d908      	bls.n	10002c26 <_ftoa+0x226>
10002c14:	4622      	mov	r2, r4
10002c16:	4653      	mov	r3, sl
10002c18:	4649      	mov	r1, r9
10002c1a:	2020      	movs	r0, #32
10002c1c:	3401      	adds	r4, #1
10002c1e:	47c0      	blx	r8
10002c20:	1b63      	subs	r3, r4, r5
10002c22:	459b      	cmp	fp, r3
10002c24:	d8f6      	bhi.n	10002c14 <_ftoa+0x214>
10002c26:	4620      	mov	r0, r4
10002c28:	b017      	add	sp, #92	@ 0x5c
10002c2a:	e8bd 8ff0 	ldmia.w	sp!, {r4, r5, r6, r7, r8, r9, sl, fp, pc}
10002c2e:	2200      	movs	r2, #0
10002c30:	e9dd 010a 	ldrd	r0, r1, [sp, #40]	@ 0x28
10002c34:	4b3a      	ldr	r3, [pc, #232]	@ (10002d20 <_ftoa+0x320>)
10002c36:	f7ff fd45 	bl	100026c4 <__wrap___aeabi_dcmplt>
10002c3a:	2800      	cmp	r0, #0
10002c3c:	f47f af7c 	bne.w	10002b38 <_ftoa+0x138>
10002c40:	2f00      	cmp	r7, #0
10002c42:	f040 80c2 	bne.w	10002dca <_ftoa+0x3ca>
10002c46:	3701      	adds	r7, #1
10002c48:	2e00      	cmp	r6, #0
10002c4a:	f47f af78 	bne.w	10002b3e <_ftoa+0x13e>
10002c4e:	4620      	mov	r0, r4
10002c50:	f7ff fcde 	bl	10002610 <__wrap___aeabi_i2d>
10002c54:	4602      	mov	r2, r0
10002c56:	460b      	mov	r3, r1
10002c58:	e9dd 0104 	ldrd	r0, r1, [sp, #16]
10002c5c:	f7ff fc52 	bl	10002504 <__wrap___aeabi_dsub>
10002c60:	2200      	movs	r2, #0
10002c62:	4b2f      	ldr	r3, [pc, #188]	@ (10002d20 <_ftoa+0x320>)
10002c64:	4606      	mov	r6, r0
10002c66:	460f      	mov	r7, r1
10002c68:	f7ff fd2c 	bl	100026c4 <__wrap___aeabi_dcmplt>
10002c6c:	b940      	cbnz	r0, 10002c80 <_ftoa+0x280>
10002c6e:	4630      	mov	r0, r6
10002c70:	4639      	mov	r1, r7
10002c72:	2200      	movs	r2, #0
10002c74:	4b2a      	ldr	r3, [pc, #168]	@ (10002d20 <_ftoa+0x320>)
10002c76:	f7ff fd61 	bl	1000273c <__wrap___aeabi_dcmpgt>
10002c7a:	2800      	cmp	r0, #0
10002c7c:	f000 80a1 	beq.w	10002dc2 <_ftoa+0x3c2>
10002c80:	f10d 0337 	add.w	r3, sp, #55	@ 0x37
10002c84:	482a      	ldr	r0, [pc, #168]	@ (10002d30 <_ftoa+0x330>)
10002c86:	1959      	adds	r1, r3, r5
10002c88:	e00e      	b.n	10002ca8 <_ftoa+0x2a8>
10002c8a:	fb80 7604 	smull	r7, r6, r0, r4
10002c8e:	ebc2 02a6 	rsb	r2, r2, r6, asr #2
10002c92:	eb02 0682 	add.w	r6, r2, r2, lsl #2
10002c96:	eba4 0646 	sub.w	r6, r4, r6, lsl #1
10002c9a:	3630      	adds	r6, #48	@ 0x30
10002c9c:	4614      	mov	r4, r2
10002c9e:	3501      	adds	r5, #1
10002ca0:	f801 6f01 	strb.w	r6, [r1, #1]!
10002ca4:	2a00      	cmp	r2, #0
10002ca6:	d047      	beq.n	10002d38 <_ftoa+0x338>
10002ca8:	2d20      	cmp	r5, #32
10002caa:	ea4f 72e4 	mov.w	r2, r4, asr #31
10002cae:	d1ec      	bne.n	10002c8a <_ftoa+0x28a>
10002cb0:	9a07      	ldr	r2, [sp, #28]
10002cb2:	f002 0203 	and.w	r2, r2, #3
10002cb6:	2a01      	cmp	r2, #1
10002cb8:	d114      	bne.n	10002ce4 <_ftoa+0x2e4>
10002cba:	f1bb 0f00 	cmp.w	fp, #0
10002cbe:	d011      	beq.n	10002ce4 <_ftoa+0x2e4>
10002cc0:	9a0d      	ldr	r2, [sp, #52]	@ 0x34
10002cc2:	2a00      	cmp	r2, #0
10002cc4:	d060      	beq.n	10002d88 <_ftoa+0x388>
10002cc6:	f10b 3bff 	add.w	fp, fp, #4294967295	@ 0xffffffff
10002cca:	f1bb 0f20 	cmp.w	fp, #32
10002cce:	d909      	bls.n	10002ce4 <_ftoa+0x2e4>
10002cd0:	2230      	movs	r2, #48	@ 0x30
10002cd2:	442b      	add	r3, r5
10002cd4:	e004      	b.n	10002ce0 <_ftoa+0x2e0>
10002cd6:	3501      	adds	r5, #1
10002cd8:	455d      	cmp	r5, fp
10002cda:	f803 2f01 	strb.w	r2, [r3, #1]!
10002cde:	d231      	bcs.n	10002d44 <_ftoa+0x344>
10002ce0:	2d20      	cmp	r5, #32
10002ce2:	d1f8      	bne.n	10002cd6 <_ftoa+0x2d6>
10002ce4:	9b07      	ldr	r3, [sp, #28]
10002ce6:	ac0e      	add	r4, sp, #56	@ 0x38
10002ce8:	e9cd b302 	strd	fp, r3, [sp, #8]
10002cec:	9400      	str	r4, [sp, #0]
10002cee:	4653      	mov	r3, sl
10002cf0:	4649      	mov	r1, r9
10002cf2:	4640      	mov	r0, r8
10002cf4:	9a0c      	ldr	r2, [sp, #48]	@ 0x30
10002cf6:	9501      	str	r5, [sp, #4]
10002cf8:	f7ff fd36 	bl	10002768 <_out_rev>
10002cfc:	4604      	mov	r4, r0
10002cfe:	4620      	mov	r0, r4
10002d00:	b017      	add	sp, #92	@ 0x5c
10002d02:	e8bd 8ff0 	ldmia.w	sp!, {r4, r5, r6, r7, r8, r9, sl, fp, pc}
10002d06:	bf00      	nop
10002d08:	00000000 	.word	0x00000000
10002d0c:	41cdcd65 	.word	0x41cdcd65
10002d10:	00000000 	.word	0x00000000
10002d14:	c1cdcd65 	.word	0xc1cdcd65
10002d18:	7fefffff 	.word	0x7fefffff
10002d1c:	10007238 	.word	0x10007238
10002d20:	3fe00000 	.word	0x3fe00000
10002d24:	10007114 	.word	0x10007114
10002d28:	1000711c 	.word	0x1000711c
10002d2c:	10007124 	.word	0x10007124
10002d30:	66666667 	.word	0x66666667
10002d34:	cccccccd 	.word	0xcccccccd
10002d38:	9a07      	ldr	r2, [sp, #28]
10002d3a:	f002 0203 	and.w	r2, r2, #3
10002d3e:	2a01      	cmp	r2, #1
10002d40:	f000 8096 	beq.w	10002e70 <_ftoa+0x470>
10002d44:	2d20      	cmp	r5, #32
10002d46:	d0cd      	beq.n	10002ce4 <_ftoa+0x2e4>
10002d48:	9b0d      	ldr	r3, [sp, #52]	@ 0x34
10002d4a:	b33b      	cbz	r3, 10002d9c <_ftoa+0x39c>
10002d4c:	222d      	movs	r2, #45	@ 0x2d
10002d4e:	eb0d 0305 	add.w	r3, sp, r5
10002d52:	f883 2038 	strb.w	r2, [r3, #56]	@ 0x38
10002d56:	3501      	adds	r5, #1
10002d58:	e7c4      	b.n	10002ce4 <_ftoa+0x2e4>
10002d5a:	2d20      	cmp	r5, #32
10002d5c:	f43f af09 	beq.w	10002b72 <_ftoa+0x172>
10002d60:	2130      	movs	r1, #48	@ 0x30
10002d62:	442e      	add	r6, r5
10002d64:	195a      	adds	r2, r3, r5
10002d66:	e005      	b.n	10002d74 <_ftoa+0x374>
10002d68:	3501      	adds	r5, #1
10002d6a:	2d20      	cmp	r5, #32
10002d6c:	f802 1f01 	strb.w	r1, [r2, #1]!
10002d70:	f43f aeff 	beq.w	10002b72 <_ftoa+0x172>
10002d74:	42ae      	cmp	r6, r5
10002d76:	d1f7      	bne.n	10002d68 <_ftoa+0x368>
10002d78:	222e      	movs	r2, #46	@ 0x2e
10002d7a:	446e      	add	r6, sp
10002d7c:	3501      	adds	r5, #1
10002d7e:	f886 2038 	strb.w	r2, [r6, #56]	@ 0x38
10002d82:	e77f      	b.n	10002c84 <_ftoa+0x284>
10002d84:	2520      	movs	r5, #32
10002d86:	e69c      	b.n	10002ac2 <_ftoa+0xc2>
10002d88:	9a07      	ldr	r2, [sp, #28]
10002d8a:	f012 0f0c 	tst.w	r2, #12
10002d8e:	d05a      	beq.n	10002e46 <_ftoa+0x446>
10002d90:	f10b 3bff 	add.w	fp, fp, #4294967295	@ 0xffffffff
10002d94:	45ab      	cmp	fp, r5
10002d96:	d89b      	bhi.n	10002cd0 <_ftoa+0x2d0>
10002d98:	2d20      	cmp	r5, #32
10002d9a:	d0a3      	beq.n	10002ce4 <_ftoa+0x2e4>
10002d9c:	9b07      	ldr	r3, [sp, #28]
10002d9e:	075a      	lsls	r2, r3, #29
10002da0:	d506      	bpl.n	10002db0 <_ftoa+0x3b0>
10002da2:	222b      	movs	r2, #43	@ 0x2b
10002da4:	eb0d 0305 	add.w	r3, sp, r5
10002da8:	f883 2038 	strb.w	r2, [r3, #56]	@ 0x38
10002dac:	3501      	adds	r5, #1
10002dae:	e799      	b.n	10002ce4 <_ftoa+0x2e4>
10002db0:	071b      	lsls	r3, r3, #28
10002db2:	d597      	bpl.n	10002ce4 <_ftoa+0x2e4>
10002db4:	2220      	movs	r2, #32
10002db6:	eb0d 0305 	add.w	r3, sp, r5
10002dba:	f883 2038 	strb.w	r2, [r3, #56]	@ 0x38
10002dbe:	3501      	adds	r5, #1
10002dc0:	e790      	b.n	10002ce4 <_ftoa+0x2e4>
10002dc2:	3401      	adds	r4, #1
10002dc4:	f024 0401 	bic.w	r4, r4, #1
10002dc8:	e75a      	b.n	10002c80 <_ftoa+0x280>
10002dca:	07f9      	lsls	r1, r7, #31
10002dcc:	f57f aeb4 	bpl.w	10002b38 <_ftoa+0x138>
10002dd0:	e739      	b.n	10002c46 <_ftoa+0x246>
10002dd2:	f1bb 0f04 	cmp.w	fp, #4
10002dd6:	f67f af08 	bls.w	10002bea <_ftoa+0x1ea>
10002dda:	9b0c      	ldr	r3, [sp, #48]	@ 0x30
10002ddc:	461d      	mov	r5, r3
10002dde:	3b04      	subs	r3, #4
10002de0:	eb03 070b 	add.w	r7, r3, fp
10002de4:	462a      	mov	r2, r5
10002de6:	4653      	mov	r3, sl
10002de8:	4649      	mov	r1, r9
10002dea:	2020      	movs	r0, #32
10002dec:	3501      	adds	r5, #1
10002dee:	47c0      	blx	r8
10002df0:	42af      	cmp	r7, r5
10002df2:	d1f7      	bne.n	10002de4 <_ftoa+0x3e4>
10002df4:	e6fa      	b.n	10002bec <_ftoa+0x1ec>
10002df6:	9b07      	ldr	r3, [sp, #28]
10002df8:	f003 0202 	and.w	r2, r3, #2
10002dfc:	079d      	lsls	r5, r3, #30
10002dfe:	9204      	str	r2, [sp, #16]
10002e00:	d025      	beq.n	10002e4e <_ftoa+0x44e>
10002e02:	9f0c      	ldr	r7, [sp, #48]	@ 0x30
10002e04:	463d      	mov	r5, r7
10002e06:	4e22      	ldr	r6, [pc, #136]	@ (10002e90 <_ftoa+0x490>)
10002e08:	1cf4      	adds	r4, r6, #3
10002e0a:	f814 0d01 	ldrb.w	r0, [r4, #-1]!
10002e0e:	462a      	mov	r2, r5
10002e10:	4653      	mov	r3, sl
10002e12:	4649      	mov	r1, r9
10002e14:	47c0      	blx	r8
10002e16:	42a6      	cmp	r6, r4
10002e18:	f105 0501 	add.w	r5, r5, #1
10002e1c:	d1f5      	bne.n	10002e0a <_ftoa+0x40a>
10002e1e:	9b04      	ldr	r3, [sp, #16]
10002e20:	1cfc      	adds	r4, r7, #3
10002e22:	2b00      	cmp	r3, #0
10002e24:	f43f aeff 	beq.w	10002c26 <_ftoa+0x226>
10002e28:	9d0c      	ldr	r5, [sp, #48]	@ 0x30
10002e2a:	1b63      	subs	r3, r4, r5
10002e2c:	459b      	cmp	fp, r3
10002e2e:	f67f aefa 	bls.w	10002c26 <_ftoa+0x226>
10002e32:	4622      	mov	r2, r4
10002e34:	4653      	mov	r3, sl
10002e36:	4649      	mov	r1, r9
10002e38:	2020      	movs	r0, #32
10002e3a:	3401      	adds	r4, #1
10002e3c:	47c0      	blx	r8
10002e3e:	1b63      	subs	r3, r4, r5
10002e40:	459b      	cmp	fp, r3
10002e42:	d8f6      	bhi.n	10002e32 <_ftoa+0x432>
10002e44:	e6ef      	b.n	10002c26 <_ftoa+0x226>
10002e46:	45ab      	cmp	fp, r5
10002e48:	f63f af42 	bhi.w	10002cd0 <_ftoa+0x2d0>
10002e4c:	e74a      	b.n	10002ce4 <_ftoa+0x2e4>
10002e4e:	f1bb 0f03 	cmp.w	fp, #3
10002e52:	d9d6      	bls.n	10002e02 <_ftoa+0x402>
10002e54:	9b0c      	ldr	r3, [sp, #48]	@ 0x30
10002e56:	461d      	mov	r5, r3
10002e58:	3b03      	subs	r3, #3
10002e5a:	eb03 070b 	add.w	r7, r3, fp
10002e5e:	462a      	mov	r2, r5
10002e60:	4653      	mov	r3, sl
10002e62:	4649      	mov	r1, r9
10002e64:	2020      	movs	r0, #32
10002e66:	3501      	adds	r5, #1
10002e68:	47c0      	blx	r8
10002e6a:	42bd      	cmp	r5, r7
10002e6c:	d1f7      	bne.n	10002e5e <_ftoa+0x45e>
10002e6e:	e7c9      	b.n	10002e04 <_ftoa+0x404>
10002e70:	f1bb 0f00 	cmp.w	fp, #0
10002e74:	f43f af66 	beq.w	10002d44 <_ftoa+0x344>
10002e78:	9a0d      	ldr	r2, [sp, #52]	@ 0x34
10002e7a:	2a00      	cmp	r2, #0
10002e7c:	d084      	beq.n	10002d88 <_ftoa+0x388>
10002e7e:	f10b 3bff 	add.w	fp, fp, #4294967295	@ 0xffffffff
10002e82:	455d      	cmp	r5, fp
10002e84:	f4ff af24 	bcc.w	10002cd0 <_ftoa+0x2d0>
10002e88:	2d20      	cmp	r5, #32
10002e8a:	f47f af5f 	bne.w	10002d4c <_ftoa+0x34c>
10002e8e:	e729      	b.n	10002ce4 <_ftoa+0x2e4>
10002e90:	10007120 	.word	0x10007120
10002e94:	00000000 	.word	0x00000000

10002e98 <_etoa>:
10002e98:	e92d 4ff0 	stmdb	sp!, {r4, r5, r6, r7, r8, r9, sl, fp, lr}
10002e9c:	b09f      	sub	sp, #124	@ 0x7c
10002e9e:	461e      	mov	r6, r3
10002ea0:	e9dd ab28 	ldrd	sl, fp, [sp, #160]	@ 0xa0
10002ea4:	e9dd 982b 	ldrd	r9, r8, [sp, #172]	@ 0xac
10002ea8:	9b2a      	ldr	r3, [sp, #168]	@ 0xa8
10002eaa:	4604      	mov	r4, r0
10002eac:	460d      	mov	r5, r1
10002eae:	920b      	str	r2, [sp, #44]	@ 0x2c
10002eb0:	930a      	str	r3, [sp, #40]	@ 0x28
10002eb2:	4652      	mov	r2, sl
10002eb4:	465b      	mov	r3, fp
10002eb6:	4650      	mov	r0, sl
10002eb8:	4659      	mov	r1, fp
10002eba:	f7ff fbf1 	bl	100026a0 <__wrap___aeabi_dcmpun>
10002ebe:	2800      	cmp	r0, #0
10002ec0:	f040 80c6 	bne.w	10003050 <_etoa+0x1b8>
10002ec4:	4650      	mov	r0, sl
10002ec6:	4659      	mov	r1, fp
10002ec8:	f04f 32ff 	mov.w	r2, #4294967295	@ 0xffffffff
10002ecc:	4b7b      	ldr	r3, [pc, #492]	@ (100030bc <_etoa+0x224>)
10002ece:	f7ff fc35 	bl	1000273c <__wrap___aeabi_dcmpgt>
10002ed2:	2800      	cmp	r0, #0
10002ed4:	f040 80bc 	bne.w	10003050 <_etoa+0x1b8>
10002ed8:	4650      	mov	r0, sl
10002eda:	4659      	mov	r1, fp
10002edc:	f04f 32ff 	mov.w	r2, #4294967295	@ 0xffffffff
10002ee0:	f46f 1380 	mvn.w	r3, #1048576	@ 0x100000
10002ee4:	f7ff fbee 	bl	100026c4 <__wrap___aeabi_dcmplt>
10002ee8:	2800      	cmp	r0, #0
10002eea:	f040 80b1 	bne.w	10003050 <_etoa+0x1b8>
10002eee:	4650      	mov	r0, sl
10002ef0:	4659      	mov	r1, fp
10002ef2:	2200      	movs	r2, #0
10002ef4:	2300      	movs	r3, #0
10002ef6:	f7ff fbe5 	bl	100026c4 <__wrap___aeabi_dcmplt>
10002efa:	2800      	cmp	r0, #0
10002efc:	f040 81dd 	bne.w	100032ba <_etoa+0x422>
10002f00:	e9cd ab08 	strd	sl, fp, [sp, #32]
10002f04:	e9dd 1208 	ldrd	r1, r2, [sp, #32]
10002f08:	f418 6080 	ands.w	r0, r8, #1024	@ 0x400
10002f0c:	460b      	mov	r3, r1
10002f0e:	460f      	mov	r7, r1
10002f10:	f408 6100 	and.w	r1, r8, #2048	@ 0x800
10002f14:	920c      	str	r2, [sp, #48]	@ 0x30
10002f16:	9114      	str	r1, [sp, #80]	@ 0x50
10002f18:	9015      	str	r0, [sp, #84]	@ 0x54
10002f1a:	f040 80a8 	bne.w	1000306e <_etoa+0x1d6>
10002f1e:	4313      	orrs	r3, r2
10002f20:	f040 80d0 	bne.w	100030c4 <_etoa+0x22c>
10002f24:	2900      	cmp	r1, #0
10002f26:	f040 81ec 	bne.w	10003302 <_etoa+0x46a>
10002f2a:	2306      	movs	r3, #6
10002f2c:	930a      	str	r3, [sp, #40]	@ 0x28
10002f2e:	f018 0202 	ands.w	r2, r8, #2
10002f32:	9210      	str	r2, [sp, #64]	@ 0x40
10002f34:	f040 81dd 	bne.w	100032f2 <_etoa+0x45a>
10002f38:	464b      	mov	r3, r9
10002f3a:	2b04      	cmp	r3, #4
10002f3c:	bf38      	it	cc
10002f3e:	2304      	movcc	r3, #4
10002f40:	920e      	str	r2, [sp, #56]	@ 0x38
10002f42:	2204      	movs	r2, #4
10002f44:	3b04      	subs	r3, #4
10002f46:	9212      	str	r2, [sp, #72]	@ 0x48
10002f48:	9314      	str	r3, [sp, #80]	@ 0x50
10002f4a:	4650      	mov	r0, sl
10002f4c:	4659      	mov	r1, fp
10002f4e:	2200      	movs	r2, #0
10002f50:	2300      	movs	r3, #0
10002f52:	f7ff fbb7 	bl	100026c4 <__wrap___aeabi_dcmplt>
10002f56:	2800      	cmp	r0, #0
10002f58:	f040 822a 	bne.w	100033b0 <_etoa+0x518>
10002f5c:	ed9d 7b08 	vldr	d7, [sp, #32]
10002f60:	9b14      	ldr	r3, [sp, #80]	@ 0x50
10002f62:	9a0b      	ldr	r2, [sp, #44]	@ 0x2c
10002f64:	9303      	str	r3, [sp, #12]
10002f66:	9b0a      	ldr	r3, [sp, #40]	@ 0x28
10002f68:	ed8d 7b00 	vstr	d7, [sp]
10002f6c:	9302      	str	r3, [sp, #8]
10002f6e:	f428 6300 	bic.w	r3, r8, #2048	@ 0x800
10002f72:	9304      	str	r3, [sp, #16]
10002f74:	4629      	mov	r1, r5
10002f76:	4633      	mov	r3, r6
10002f78:	4620      	mov	r0, r4
10002f7a:	f7ff fd41 	bl	10002a00 <_ftoa>
10002f7e:	4602      	mov	r2, r0
10002f80:	f018 0f20 	tst.w	r8, #32
10002f84:	4633      	mov	r3, r6
10002f86:	4629      	mov	r1, r5
10002f88:	bf0c      	ite	eq
10002f8a:	2065      	moveq	r0, #101	@ 0x65
10002f8c:	2045      	movne	r0, #69	@ 0x45
10002f8e:	f102 0801 	add.w	r8, r2, #1
10002f92:	47a0      	blx	r4
10002f94:	9b12      	ldr	r3, [sp, #72]	@ 0x48
10002f96:	f10d 0a58 	add.w	sl, sp, #88	@ 0x58
10002f9a:	f103 3bff 	add.w	fp, r3, #4294967295	@ 0xffffffff
10002f9e:	9b0e      	ldr	r3, [sp, #56]	@ 0x38
10002fa0:	2200      	movs	r2, #0
10002fa2:	ea83 7ce3 	eor.w	ip, r3, r3, asr #31
10002fa6:	4650      	mov	r0, sl
10002fa8:	f8df e114 	ldr.w	lr, [pc, #276]	@ 100030c0 <_etoa+0x228>
10002fac:	9f0b      	ldr	r7, [sp, #44]	@ 0x2c
10002fae:	ebac 7ce3 	sub.w	ip, ip, r3, asr #31
10002fb2:	0fd9      	lsrs	r1, r3, #31
10002fb4:	f8cd 8020 	str.w	r8, [sp, #32]
10002fb8:	e002      	b.n	10002fc0 <_etoa+0x128>
10002fba:	2a20      	cmp	r2, #32
10002fbc:	46c4      	mov	ip, r8
10002fbe:	d010      	beq.n	10002fe2 <_etoa+0x14a>
10002fc0:	fbae 380c 	umull	r3, r8, lr, ip
10002fc4:	ea4f 08d8 	mov.w	r8, r8, lsr #3
10002fc8:	eb08 0388 	add.w	r3, r8, r8, lsl #2
10002fcc:	ebac 0343 	sub.w	r3, ip, r3, lsl #1
10002fd0:	3001      	adds	r0, #1
10002fd2:	3330      	adds	r3, #48	@ 0x30
10002fd4:	f1bc 0f09 	cmp.w	ip, #9
10002fd8:	f102 0201 	add.w	r2, r2, #1
10002fdc:	f800 3c01 	strb.w	r3, [r0, #-1]
10002fe0:	d8eb      	bhi.n	10002fba <_etoa+0x122>
10002fe2:	2305      	movs	r3, #5
10002fe4:	f04f 0c00 	mov.w	ip, #0
10002fe8:	9306      	str	r3, [sp, #24]
10002fea:	230a      	movs	r3, #10
10002fec:	f8dd 8020 	ldr.w	r8, [sp, #32]
10002ff0:	e9cd 2101 	strd	r2, r1, [sp, #4]
10002ff4:	e9cd 3c03 	strd	r3, ip, [sp, #12]
10002ff8:	f8cd a000 	str.w	sl, [sp]
10002ffc:	4633      	mov	r3, r6
10002ffe:	4642      	mov	r2, r8
10003000:	4629      	mov	r1, r5
10003002:	4620      	mov	r0, r4
10003004:	f8cd b014 	str.w	fp, [sp, #20]
10003008:	f7ff fc02 	bl	10002810 <_ntoa_format>
1000300c:	9b10      	ldr	r3, [sp, #64]	@ 0x40
1000300e:	4682      	mov	sl, r0
10003010:	b1d3      	cbz	r3, 10003048 <_etoa+0x1b0>
10003012:	eba0 0807 	sub.w	r8, r0, r7
10003016:	45c1      	cmp	r9, r8
10003018:	d916      	bls.n	10003048 <_etoa+0x1b0>
1000301a:	eb07 0208 	add.w	r2, r7, r8
1000301e:	4633      	mov	r3, r6
10003020:	4629      	mov	r1, r5
10003022:	2020      	movs	r0, #32
10003024:	f108 0801 	add.w	r8, r8, #1
10003028:	47a0      	blx	r4
1000302a:	45c1      	cmp	r9, r8
1000302c:	d8f5      	bhi.n	1000301a <_etoa+0x182>
1000302e:	1e7b      	subs	r3, r7, #1
10003030:	444b      	add	r3, r9
10003032:	f1c7 0201 	rsb	r2, r7, #1
10003036:	eba3 030a 	sub.w	r3, r3, sl
1000303a:	4452      	add	r2, sl
1000303c:	4591      	cmp	r9, r2
1000303e:	bf38      	it	cc
10003040:	2300      	movcc	r3, #0
10003042:	f10a 0a01 	add.w	sl, sl, #1
10003046:	449a      	add	sl, r3
10003048:	4650      	mov	r0, sl
1000304a:	b01f      	add	sp, #124	@ 0x7c
1000304c:	e8bd 8ff0 	ldmia.w	sp!, {r4, r5, r6, r7, r8, r9, sl, fp, pc}
10003050:	4633      	mov	r3, r6
10003052:	4629      	mov	r1, r5
10003054:	4620      	mov	r0, r4
10003056:	e9cd ab28 	strd	sl, fp, [sp, #160]	@ 0xa0
1000305a:	9c0a      	ldr	r4, [sp, #40]	@ 0x28
1000305c:	e9cd 982b 	strd	r9, r8, [sp, #172]	@ 0xac
10003060:	9a0b      	ldr	r2, [sp, #44]	@ 0x2c
10003062:	942a      	str	r4, [sp, #168]	@ 0xa8
10003064:	b01f      	add	sp, #124	@ 0x7c
10003066:	e8bd 4ff0 	ldmia.w	sp!, {r4, r5, r6, r7, r8, r9, sl, fp, lr}
1000306a:	f7ff bcc9 	b.w	10002a00 <_ftoa>
1000306e:	ea57 0302 	orrs.w	r3, r7, r2
10003072:	d129      	bne.n	100030c8 <_etoa+0x230>
10003074:	2900      	cmp	r1, #0
10003076:	f43f af5a 	beq.w	10002f2e <_etoa+0x96>
1000307a:	2300      	movs	r3, #0
1000307c:	930e      	str	r3, [sp, #56]	@ 0x38
1000307e:	9b0a      	ldr	r3, [sp, #40]	@ 0x28
10003080:	9a0e      	ldr	r2, [sp, #56]	@ 0x38
10003082:	4293      	cmp	r3, r2
10003084:	f300 81ba 	bgt.w	100033fc <_etoa+0x564>
10003088:	2700      	movs	r7, #0
1000308a:	4650      	mov	r0, sl
1000308c:	4659      	mov	r1, fp
1000308e:	2200      	movs	r2, #0
10003090:	2300      	movs	r3, #0
10003092:	f7ff fb17 	bl	100026c4 <__wrap___aeabi_dcmplt>
10003096:	2800      	cmp	r0, #0
10003098:	f040 8115 	bne.w	100032c6 <_etoa+0x42e>
1000309c:	ed9d 7b08 	vldr	d7, [sp, #32]
100030a0:	f428 6300 	bic.w	r3, r8, #2048	@ 0x800
100030a4:	f443 6380 	orr.w	r3, r3, #1024	@ 0x400
100030a8:	932c      	str	r3, [sp, #176]	@ 0xb0
100030aa:	ed8d 7b28 	vstr	d7, [sp, #160]	@ 0xa0
100030ae:	4633      	mov	r3, r6
100030b0:	4629      	mov	r1, r5
100030b2:	4620      	mov	r0, r4
100030b4:	e9cd 792a 	strd	r7, r9, [sp, #168]	@ 0xa8
100030b8:	9a0b      	ldr	r2, [sp, #44]	@ 0x2c
100030ba:	e7d3      	b.n	10003064 <_etoa+0x1cc>
100030bc:	7fefffff 	.word	0x7fefffff
100030c0:	cccccccd 	.word	0xcccccccd
100030c4:	2306      	movs	r3, #6
100030c6:	930a      	str	r3, [sp, #40]	@ 0x28
100030c8:	9b0c      	ldr	r3, [sp, #48]	@ 0x30
100030ca:	f3c3 500a 	ubfx	r0, r3, #20, #11
100030ce:	f2a0 30ff 	subw	r0, r0, #1023	@ 0x3ff
100030d2:	f7ff fa9d 	bl	10002610 <__wrap___aeabi_i2d>
100030d6:	a3b2      	add	r3, pc, #712	@ (adr r3, 100033a0 <_etoa+0x508>)
100030d8:	e9d3 2300 	ldrd	r2, r3, [r3]
100030dc:	f7ff fa26 	bl	1000252c <__wrap___aeabi_dmul>
100030e0:	a3b1      	add	r3, pc, #708	@ (adr r3, 100033a8 <_etoa+0x510>)
100030e2:	e9d3 2300 	ldrd	r2, r3, [r3]
100030e6:	f7ff f9f9 	bl	100024dc <__wrap___aeabi_dadd>
100030ea:	9b0c      	ldr	r3, [sp, #48]	@ 0x30
100030ec:	e9cd 010e 	strd	r0, r1, [sp, #56]	@ 0x38
100030f0:	f3c3 0313 	ubfx	r3, r3, #0, #20
100030f4:	f043 517f 	orr.w	r1, r3, #1069547520	@ 0x3fc00000
100030f8:	4638      	mov	r0, r7
100030fa:	2200      	movs	r2, #0
100030fc:	4ba2      	ldr	r3, [pc, #648]	@ (10003388 <_etoa+0x4f0>)
100030fe:	f441 1140 	orr.w	r1, r1, #3145728	@ 0x300000
10003102:	f7ff f9ff 	bl	10002504 <__wrap___aeabi_dsub>
10003106:	a394      	add	r3, pc, #592	@ (adr r3, 10003358 <_etoa+0x4c0>)
10003108:	e9d3 2300 	ldrd	r2, r3, [r3]
1000310c:	f7ff fa0e 	bl	1000252c <__wrap___aeabi_dmul>
10003110:	4602      	mov	r2, r0
10003112:	460b      	mov	r3, r1
10003114:	e9dd 010e 	ldrd	r0, r1, [sp, #56]	@ 0x38
10003118:	f7ff f9e0 	bl	100024dc <__wrap___aeabi_dadd>
1000311c:	f7ff fa9c 	bl	10002658 <__wrap___aeabi_d2iz>
10003120:	900e      	str	r0, [sp, #56]	@ 0x38
10003122:	f7ff fa75 	bl	10002610 <__wrap___aeabi_i2d>
10003126:	a38e      	add	r3, pc, #568	@ (adr r3, 10003360 <_etoa+0x4c8>)
10003128:	e9d3 2300 	ldrd	r2, r3, [r3]
1000312c:	e9cd 010c 	strd	r0, r1, [sp, #48]	@ 0x30
10003130:	f7ff f9fc 	bl	1000252c <__wrap___aeabi_dmul>
10003134:	2200      	movs	r2, #0
10003136:	4b95      	ldr	r3, [pc, #596]	@ (1000338c <_etoa+0x4f4>)
10003138:	f7ff f9d0 	bl	100024dc <__wrap___aeabi_dadd>
1000313c:	f7ff fa8c 	bl	10002658 <__wrap___aeabi_d2iz>
10003140:	a389      	add	r3, pc, #548	@ (adr r3, 10003368 <_etoa+0x4d0>)
10003142:	e9d3 2300 	ldrd	r2, r3, [r3]
10003146:	4607      	mov	r7, r0
10003148:	e9dd 010c 	ldrd	r0, r1, [sp, #48]	@ 0x30
1000314c:	f7ff f9ee 	bl	1000252c <__wrap___aeabi_dmul>
10003150:	e9cd 010c 	strd	r0, r1, [sp, #48]	@ 0x30
10003154:	4638      	mov	r0, r7
10003156:	f7ff fa5b 	bl	10002610 <__wrap___aeabi_i2d>
1000315a:	a385      	add	r3, pc, #532	@ (adr r3, 10003370 <_etoa+0x4d8>)
1000315c:	e9d3 2300 	ldrd	r2, r3, [r3]
10003160:	f7ff f9e4 	bl	1000252c <__wrap___aeabi_dmul>
10003164:	4602      	mov	r2, r0
10003166:	460b      	mov	r3, r1
10003168:	e9dd 010c 	ldrd	r0, r1, [sp, #48]	@ 0x30
1000316c:	f7ff f9ca 	bl	10002504 <__wrap___aeabi_dsub>
10003170:	4602      	mov	r2, r0
10003172:	460b      	mov	r3, r1
10003174:	e9cd 230c 	strd	r2, r3, [sp, #48]	@ 0x30
10003178:	f7ff f9d8 	bl	1000252c <__wrap___aeabi_dmul>
1000317c:	e9cd 0110 	strd	r0, r1, [sp, #64]	@ 0x40
10003180:	e9dd 010c 	ldrd	r0, r1, [sp, #48]	@ 0x30
10003184:	4602      	mov	r2, r0
10003186:	460b      	mov	r3, r1
10003188:	f7ff f9a8 	bl	100024dc <__wrap___aeabi_dadd>
1000318c:	2200      	movs	r2, #0
1000318e:	e9cd 0112 	strd	r0, r1, [sp, #72]	@ 0x48
10003192:	e9dd 0110 	ldrd	r0, r1, [sp, #64]	@ 0x40
10003196:	4b7e      	ldr	r3, [pc, #504]	@ (10003390 <_etoa+0x4f8>)
10003198:	f7ff f9ec 	bl	10002574 <__wrap___aeabi_ddiv>
1000319c:	2200      	movs	r2, #0
1000319e:	4b7d      	ldr	r3, [pc, #500]	@ (10003394 <_etoa+0x4fc>)
100031a0:	f7ff f99c 	bl	100024dc <__wrap___aeabi_dadd>
100031a4:	4602      	mov	r2, r0
100031a6:	460b      	mov	r3, r1
100031a8:	e9dd 0110 	ldrd	r0, r1, [sp, #64]	@ 0x40
100031ac:	f7ff f9e2 	bl	10002574 <__wrap___aeabi_ddiv>
100031b0:	2200      	movs	r2, #0
100031b2:	4b79      	ldr	r3, [pc, #484]	@ (10003398 <_etoa+0x500>)
100031b4:	f7ff f992 	bl	100024dc <__wrap___aeabi_dadd>
100031b8:	4602      	mov	r2, r0
100031ba:	460b      	mov	r3, r1
100031bc:	e9dd 0110 	ldrd	r0, r1, [sp, #64]	@ 0x40
100031c0:	f7ff f9d8 	bl	10002574 <__wrap___aeabi_ddiv>
100031c4:	e9cd 0110 	strd	r0, r1, [sp, #64]	@ 0x40
100031c8:	e9dd 230c 	ldrd	r2, r3, [sp, #48]	@ 0x30
100031cc:	2000      	movs	r0, #0
100031ce:	f04f 4180 	mov.w	r1, #1073741824	@ 0x40000000
100031d2:	f7ff f997 	bl	10002504 <__wrap___aeabi_dsub>
100031d6:	4602      	mov	r2, r0
100031d8:	460b      	mov	r3, r1
100031da:	e9dd 0110 	ldrd	r0, r1, [sp, #64]	@ 0x40
100031de:	f7ff f97d 	bl	100024dc <__wrap___aeabi_dadd>
100031e2:	4602      	mov	r2, r0
100031e4:	460b      	mov	r3, r1
100031e6:	e9dd 0112 	ldrd	r0, r1, [sp, #72]	@ 0x48
100031ea:	f7ff f9c3 	bl	10002574 <__wrap___aeabi_ddiv>
100031ee:	2200      	movs	r2, #0
100031f0:	4b6a      	ldr	r3, [pc, #424]	@ (1000339c <_etoa+0x504>)
100031f2:	f7ff f973 	bl	100024dc <__wrap___aeabi_dadd>
100031f6:	f207 3cff 	addw	ip, r7, #1023	@ 0x3ff
100031fa:	2200      	movs	r2, #0
100031fc:	ea4f 530c 	mov.w	r3, ip, lsl #20
10003200:	f7ff f994 	bl	1000252c <__wrap___aeabi_dmul>
10003204:	4602      	mov	r2, r0
10003206:	460b      	mov	r3, r1
10003208:	e9dd 0108 	ldrd	r0, r1, [sp, #32]
1000320c:	e9cd 230c 	strd	r2, r3, [sp, #48]	@ 0x30
10003210:	f7ff fa58 	bl	100026c4 <__wrap___aeabi_dcmplt>
10003214:	b150      	cbz	r0, 1000322c <_etoa+0x394>
10003216:	e9dd 010c 	ldrd	r0, r1, [sp, #48]	@ 0x30
1000321a:	9b0e      	ldr	r3, [sp, #56]	@ 0x38
1000321c:	2200      	movs	r2, #0
1000321e:	3b01      	subs	r3, #1
10003220:	930e      	str	r3, [sp, #56]	@ 0x38
10003222:	4b5c      	ldr	r3, [pc, #368]	@ (10003394 <_etoa+0x4fc>)
10003224:	f7ff f9a6 	bl	10002574 <__wrap___aeabi_ddiv>
10003228:	e9cd 010c 	strd	r0, r1, [sp, #48]	@ 0x30
1000322c:	e9dd 010c 	ldrd	r0, r1, [sp, #48]	@ 0x30
10003230:	9b0e      	ldr	r3, [sp, #56]	@ 0x38
10003232:	4602      	mov	r2, r0
10003234:	3363      	adds	r3, #99	@ 0x63
10003236:	2bc6      	cmp	r3, #198	@ 0xc6
10003238:	f008 0302 	and.w	r3, r8, #2
1000323c:	9310      	str	r3, [sp, #64]	@ 0x40
1000323e:	9b14      	ldr	r3, [sp, #80]	@ 0x50
10003240:	d82d      	bhi.n	1000329e <_etoa+0x406>
10003242:	2b00      	cmp	r3, #0
10003244:	d05f      	beq.n	10003306 <_etoa+0x46e>
10003246:	2304      	movs	r3, #4
10003248:	9312      	str	r3, [sp, #72]	@ 0x48
1000324a:	430a      	orrs	r2, r1
1000324c:	f43f af17 	beq.w	1000307e <_etoa+0x1e6>
10003250:	e9dd 0108 	ldrd	r0, r1, [sp, #32]
10003254:	a348      	add	r3, pc, #288	@ (adr r3, 10003378 <_etoa+0x4e0>)
10003256:	e9d3 2300 	ldrd	r2, r3, [r3]
1000325a:	f7ff fa5b 	bl	10002714 <__wrap___aeabi_dcmpge>
1000325e:	b148      	cbz	r0, 10003274 <_etoa+0x3dc>
10003260:	e9dd 0108 	ldrd	r0, r1, [sp, #32]
10003264:	a346      	add	r3, pc, #280	@ (adr r3, 10003380 <_etoa+0x4e8>)
10003266:	e9d3 2300 	ldrd	r2, r3, [r3]
1000326a:	f7ff fa2b 	bl	100026c4 <__wrap___aeabi_dcmplt>
1000326e:	2800      	cmp	r0, #0
10003270:	f47f af05 	bne.w	1000307e <_etoa+0x1e6>
10003274:	9b0a      	ldr	r3, [sp, #40]	@ 0x28
10003276:	2b00      	cmp	r3, #0
10003278:	d051      	beq.n	1000331e <_etoa+0x486>
1000327a:	9a15      	ldr	r2, [sp, #84]	@ 0x54
1000327c:	2a00      	cmp	r2, #0
1000327e:	f000 80ac 	beq.w	100033da <_etoa+0x542>
10003282:	3b01      	subs	r3, #1
10003284:	930a      	str	r3, [sp, #40]	@ 0x28
10003286:	9b12      	ldr	r3, [sp, #72]	@ 0x48
10003288:	4599      	cmp	r9, r3
1000328a:	d905      	bls.n	10003298 <_etoa+0x400>
1000328c:	9b10      	ldr	r3, [sp, #64]	@ 0x40
1000328e:	2b00      	cmp	r3, #0
10003290:	f000 80af 	beq.w	100033f2 <_etoa+0x55a>
10003294:	2302      	movs	r3, #2
10003296:	9310      	str	r3, [sp, #64]	@ 0x40
10003298:	2300      	movs	r3, #0
1000329a:	9314      	str	r3, [sp, #80]	@ 0x50
1000329c:	e044      	b.n	10003328 <_etoa+0x490>
1000329e:	bb2b      	cbnz	r3, 100032ec <_etoa+0x454>
100032a0:	f1b9 0f05 	cmp.w	r9, #5
100032a4:	d94f      	bls.n	10003346 <_etoa+0x4ae>
100032a6:	f008 0302 	and.w	r3, r8, #2
100032aa:	2b00      	cmp	r3, #0
100032ac:	d149      	bne.n	10003342 <_etoa+0x4aa>
100032ae:	2305      	movs	r3, #5
100032b0:	9312      	str	r3, [sp, #72]	@ 0x48
100032b2:	f1a9 0305 	sub.w	r3, r9, #5
100032b6:	9314      	str	r3, [sp, #80]	@ 0x50
100032b8:	e03a      	b.n	10003330 <_etoa+0x498>
100032ba:	f10b 4300 	add.w	r3, fp, #2147483648	@ 0x80000000
100032be:	f8cd a020 	str.w	sl, [sp, #32]
100032c2:	9309      	str	r3, [sp, #36]	@ 0x24
100032c4:	e61e      	b.n	10002f04 <_etoa+0x6c>
100032c6:	f428 6300 	bic.w	r3, r8, #2048	@ 0x800
100032ca:	f443 6380 	orr.w	r3, r3, #1024	@ 0x400
100032ce:	4620      	mov	r0, r4
100032d0:	e9cd 792a 	strd	r7, r9, [sp, #168]	@ 0xa8
100032d4:	932c      	str	r3, [sp, #176]	@ 0xb0
100032d6:	4633      	mov	r3, r6
100032d8:	e9dd 6708 	ldrd	r6, r7, [sp, #32]
100032dc:	4634      	mov	r4, r6
100032de:	4629      	mov	r1, r5
100032e0:	f107 4500 	add.w	r5, r7, #2147483648	@ 0x80000000
100032e4:	e9cd 4528 	strd	r4, r5, [sp, #160]	@ 0xa0
100032e8:	9a0b      	ldr	r2, [sp, #44]	@ 0x2c
100032ea:	e6bb      	b.n	10003064 <_etoa+0x1cc>
100032ec:	2305      	movs	r3, #5
100032ee:	9312      	str	r3, [sp, #72]	@ 0x48
100032f0:	e7ab      	b.n	1000324a <_etoa+0x3b2>
100032f2:	2202      	movs	r2, #2
100032f4:	2300      	movs	r3, #0
100032f6:	9210      	str	r2, [sp, #64]	@ 0x40
100032f8:	2204      	movs	r2, #4
100032fa:	9314      	str	r3, [sp, #80]	@ 0x50
100032fc:	9212      	str	r2, [sp, #72]	@ 0x48
100032fe:	930e      	str	r3, [sp, #56]	@ 0x38
10003300:	e623      	b.n	10002f4a <_etoa+0xb2>
10003302:	2705      	movs	r7, #5
10003304:	e6c1      	b.n	1000308a <_etoa+0x1f2>
10003306:	f1b9 0f04 	cmp.w	r9, #4
1000330a:	d91f      	bls.n	1000334c <_etoa+0x4b4>
1000330c:	9b10      	ldr	r3, [sp, #64]	@ 0x40
1000330e:	2b00      	cmp	r3, #0
10003310:	d177      	bne.n	10003402 <_etoa+0x56a>
10003312:	2304      	movs	r3, #4
10003314:	9312      	str	r3, [sp, #72]	@ 0x48
10003316:	f1a9 0304 	sub.w	r3, r9, #4
1000331a:	9314      	str	r3, [sp, #80]	@ 0x50
1000331c:	e004      	b.n	10003328 <_etoa+0x490>
1000331e:	9b12      	ldr	r3, [sp, #72]	@ 0x48
10003320:	4599      	cmp	r9, r3
10003322:	d85f      	bhi.n	100033e4 <_etoa+0x54c>
10003324:	9b0a      	ldr	r3, [sp, #40]	@ 0x28
10003326:	9314      	str	r3, [sp, #80]	@ 0x50
10003328:	9b0e      	ldr	r3, [sp, #56]	@ 0x38
1000332a:	2b00      	cmp	r3, #0
1000332c:	f43f ae0d 	beq.w	10002f4a <_etoa+0xb2>
10003330:	e9dd 0108 	ldrd	r0, r1, [sp, #32]
10003334:	e9dd 230c 	ldrd	r2, r3, [sp, #48]	@ 0x30
10003338:	f7ff f91c 	bl	10002574 <__wrap___aeabi_ddiv>
1000333c:	e9cd 0108 	strd	r0, r1, [sp, #32]
10003340:	e603      	b.n	10002f4a <_etoa+0xb2>
10003342:	2302      	movs	r3, #2
10003344:	9310      	str	r3, [sp, #64]	@ 0x40
10003346:	2305      	movs	r3, #5
10003348:	9312      	str	r3, [sp, #72]	@ 0x48
1000334a:	e7f1      	b.n	10003330 <_etoa+0x498>
1000334c:	2304      	movs	r3, #4
1000334e:	9312      	str	r3, [sp, #72]	@ 0x48
10003350:	e7ea      	b.n	10003328 <_etoa+0x490>
10003352:	bf00      	nop
10003354:	f3af 8000 	nop.w
10003358:	636f4361 	.word	0x636f4361
1000335c:	3fd287a7 	.word	0x3fd287a7
10003360:	0979a371 	.word	0x0979a371
10003364:	400a934f 	.word	0x400a934f
10003368:	bbb55516 	.word	0xbbb55516
1000336c:	40026bb1 	.word	0x40026bb1
10003370:	fefa39ef 	.word	0xfefa39ef
10003374:	3fe62e42 	.word	0x3fe62e42
10003378:	eb1c432d 	.word	0xeb1c432d
1000337c:	3f1a36e2 	.word	0x3f1a36e2
10003380:	00000000 	.word	0x00000000
10003384:	412e8480 	.word	0x412e8480
10003388:	3ff80000 	.word	0x3ff80000
1000338c:	3fe00000 	.word	0x3fe00000
10003390:	402c0000 	.word	0x402c0000
10003394:	40240000 	.word	0x40240000
10003398:	40180000 	.word	0x40180000
1000339c:	3ff00000 	.word	0x3ff00000
100033a0:	509f79fb 	.word	0x509f79fb
100033a4:	3fd34413 	.word	0x3fd34413
100033a8:	8b60c8b3 	.word	0x8b60c8b3
100033ac:	3fc68a28 	.word	0x3fc68a28
100033b0:	9b14      	ldr	r3, [sp, #80]	@ 0x50
100033b2:	e9dd a708 	ldrd	sl, r7, [sp, #32]
100033b6:	9303      	str	r3, [sp, #12]
100033b8:	9b0a      	ldr	r3, [sp, #40]	@ 0x28
100033ba:	f107 4b00 	add.w	fp, r7, #2147483648	@ 0x80000000
100033be:	9302      	str	r3, [sp, #8]
100033c0:	f428 6300 	bic.w	r3, r8, #2048	@ 0x800
100033c4:	9a0b      	ldr	r2, [sp, #44]	@ 0x2c
100033c6:	9304      	str	r3, [sp, #16]
100033c8:	4629      	mov	r1, r5
100033ca:	4633      	mov	r3, r6
100033cc:	4620      	mov	r0, r4
100033ce:	e9cd ab00 	strd	sl, fp, [sp]
100033d2:	f7ff fb15 	bl	10002a00 <_ftoa>
100033d6:	4602      	mov	r2, r0
100033d8:	e5d2      	b.n	10002f80 <_etoa+0xe8>
100033da:	9b12      	ldr	r3, [sp, #72]	@ 0x48
100033dc:	4599      	cmp	r9, r3
100033de:	d815      	bhi.n	1000340c <_etoa+0x574>
100033e0:	9214      	str	r2, [sp, #80]	@ 0x50
100033e2:	e7a1      	b.n	10003328 <_etoa+0x490>
100033e4:	9b10      	ldr	r3, [sp, #64]	@ 0x40
100033e6:	b123      	cbz	r3, 100033f2 <_etoa+0x55a>
100033e8:	9b0a      	ldr	r3, [sp, #40]	@ 0x28
100033ea:	9314      	str	r3, [sp, #80]	@ 0x50
100033ec:	2302      	movs	r3, #2
100033ee:	9310      	str	r3, [sp, #64]	@ 0x40
100033f0:	e79a      	b.n	10003328 <_etoa+0x490>
100033f2:	9b12      	ldr	r3, [sp, #72]	@ 0x48
100033f4:	eba9 0303 	sub.w	r3, r9, r3
100033f8:	9314      	str	r3, [sp, #80]	@ 0x50
100033fa:	e795      	b.n	10003328 <_etoa+0x490>
100033fc:	1a9b      	subs	r3, r3, r2
100033fe:	1e5f      	subs	r7, r3, #1
10003400:	e643      	b.n	1000308a <_etoa+0x1f2>
10003402:	2304      	movs	r3, #4
10003404:	9312      	str	r3, [sp, #72]	@ 0x48
10003406:	2302      	movs	r3, #2
10003408:	9310      	str	r3, [sp, #64]	@ 0x40
1000340a:	e78d      	b.n	10003328 <_etoa+0x490>
1000340c:	9b10      	ldr	r3, [sp, #64]	@ 0x40
1000340e:	2b00      	cmp	r3, #0
10003410:	d0ef      	beq.n	100033f2 <_etoa+0x55a>
10003412:	2302      	movs	r3, #2
10003414:	9214      	str	r2, [sp, #80]	@ 0x50
10003416:	9310      	str	r3, [sp, #64]	@ 0x40
10003418:	e786      	b.n	10003328 <_etoa+0x490>
1000341a:	bf00      	nop

1000341c <_vsnprintf>:
1000341c:	e92d 4ff0 	stmdb	sp!, {r4, r5, r6, r7, r8, r9, sl, fp, lr}
10003420:	4691      	mov	r9, r2
10003422:	4c9a      	ldr	r4, [pc, #616]	@ (1000368c <_vsnprintf+0x270>)
10003424:	4a9a      	ldr	r2, [pc, #616]	@ (10003690 <_vsnprintf+0x274>)
10003426:	f1b1 0a00 	subs.w	sl, r1, #0
1000342a:	b09b      	sub	sp, #108	@ 0x6c
1000342c:	bf18      	it	ne
1000342e:	4683      	movne	fp, r0
10003430:	6014      	str	r4, [r2, #0]
10003432:	7818      	ldrb	r0, [r3, #0]
10003434:	4a97      	ldr	r2, [pc, #604]	@ (10003694 <_vsnprintf+0x278>)
10003436:	f8dd 8090 	ldr.w	r8, [sp, #144]	@ 0x90
1000343a:	bf08      	it	eq
1000343c:	4693      	moveq	fp, r2
1000343e:	2800      	cmp	r0, #0
10003440:	f000 828a 	beq.w	10003958 <_vsnprintf+0x53c>
10003444:	461d      	mov	r5, r3
10003446:	2600      	movs	r6, #0
10003448:	f8cd 9020 	str.w	r9, [sp, #32]
1000344c:	e008      	b.n	10003460 <_vsnprintf+0x44>
1000344e:	4632      	mov	r2, r6
10003450:	4651      	mov	r1, sl
10003452:	9b08      	ldr	r3, [sp, #32]
10003454:	47d8      	blx	fp
10003456:	3601      	adds	r6, #1
10003458:	7828      	ldrb	r0, [r5, #0]
1000345a:	2800      	cmp	r0, #0
1000345c:	f000 80c7 	beq.w	100035ee <_vsnprintf+0x1d2>
10003460:	2825      	cmp	r0, #37	@ 0x25
10003462:	f105 0501 	add.w	r5, r5, #1
10003466:	d1f2      	bne.n	1000344e <_vsnprintf+0x32>
10003468:	2200      	movs	r2, #0
1000346a:	462b      	mov	r3, r5
1000346c:	f813 1b01 	ldrb.w	r1, [r3], #1
10003470:	f1a1 0020 	sub.w	r0, r1, #32
10003474:	2810      	cmp	r0, #16
10003476:	d80a      	bhi.n	1000348e <_vsnprintf+0x72>
10003478:	e8df f000 	tbb	[pc, r0]
1000347c:	3b09093f 	.word	0x3b09093f
10003480:	09090909 	.word	0x09090909
10003484:	37090909 	.word	0x37090909
10003488:	09093309 	.word	0x09093309
1000348c:	2f          	.byte	0x2f
1000348d:	00          	.byte	0x00
1000348e:	f1a1 0030 	sub.w	r0, r1, #48	@ 0x30
10003492:	2809      	cmp	r0, #9
10003494:	f240 8089 	bls.w	100035aa <_vsnprintf+0x18e>
10003498:	292a      	cmp	r1, #42	@ 0x2a
1000349a:	f000 80e9 	beq.w	10003670 <_vsnprintf+0x254>
1000349e:	2400      	movs	r4, #0
100034a0:	292e      	cmp	r1, #46	@ 0x2e
100034a2:	f000 8094 	beq.w	100035ce <_vsnprintf+0x1b2>
100034a6:	2700      	movs	r7, #0
100034a8:	f1a1 0068 	sub.w	r0, r1, #104	@ 0x68
100034ac:	2812      	cmp	r0, #18
100034ae:	d82c      	bhi.n	1000350a <_vsnprintf+0xee>
100034b0:	e8df f010 	tbh	[pc, r0, lsl #1]
100034b4:	002b014e 	.word	0x002b014e
100034b8:	002b0149 	.word	0x002b0149
100034bc:	002b0140 	.word	0x002b0140
100034c0:	002b002b 	.word	0x002b002b
100034c4:	002b002b 	.word	0x002b002b
100034c8:	002b002b 	.word	0x002b002b
100034cc:	002b0027 	.word	0x002b0027
100034d0:	002b002b 	.word	0x002b002b
100034d4:	002b002b 	.word	0x002b002b
100034d8:	0027      	.short	0x0027
100034da:	461d      	mov	r5, r3
100034dc:	f042 0201 	orr.w	r2, r2, #1
100034e0:	e7c3      	b.n	1000346a <_vsnprintf+0x4e>
100034e2:	461d      	mov	r5, r3
100034e4:	f042 0202 	orr.w	r2, r2, #2
100034e8:	e7bf      	b.n	1000346a <_vsnprintf+0x4e>
100034ea:	461d      	mov	r5, r3
100034ec:	f042 0204 	orr.w	r2, r2, #4
100034f0:	e7bb      	b.n	1000346a <_vsnprintf+0x4e>
100034f2:	461d      	mov	r5, r3
100034f4:	f042 0210 	orr.w	r2, r2, #16
100034f8:	e7b7      	b.n	1000346a <_vsnprintf+0x4e>
100034fa:	461d      	mov	r5, r3
100034fc:	f042 0208 	orr.w	r2, r2, #8
10003500:	e7b3      	b.n	1000346a <_vsnprintf+0x4e>
10003502:	7869      	ldrb	r1, [r5, #1]
10003504:	f442 7280 	orr.w	r2, r2, #256	@ 0x100
10003508:	3301      	adds	r3, #1
1000350a:	2967      	cmp	r1, #103	@ 0x67
1000350c:	461d      	mov	r5, r3
1000350e:	d87e      	bhi.n	1000360e <_vsnprintf+0x1f2>
10003510:	2924      	cmp	r1, #36	@ 0x24
10003512:	f240 80b8 	bls.w	10003686 <_vsnprintf+0x26a>
10003516:	f1a1 0325 	sub.w	r3, r1, #37	@ 0x25
1000351a:	2b42      	cmp	r3, #66	@ 0x42
1000351c:	f200 80b3 	bhi.w	10003686 <_vsnprintf+0x26a>
10003520:	e8df f013 	tbh	[pc, r3, lsl #1]
10003524:	00b10151 	.word	0x00b10151
10003528:	00b100b1 	.word	0x00b100b1
1000352c:	00b100b1 	.word	0x00b100b1
10003530:	00b100b1 	.word	0x00b100b1
10003534:	00b100b1 	.word	0x00b100b1
10003538:	00b100b1 	.word	0x00b100b1
1000353c:	00b100b1 	.word	0x00b100b1
10003540:	00b100b1 	.word	0x00b100b1
10003544:	00b100b1 	.word	0x00b100b1
10003548:	00b100b1 	.word	0x00b100b1
1000354c:	00b100b1 	.word	0x00b100b1
10003550:	00b100b1 	.word	0x00b100b1
10003554:	00b100b1 	.word	0x00b100b1
10003558:	00b100b1 	.word	0x00b100b1
1000355c:	00b100b1 	.word	0x00b100b1
10003560:	00b100b1 	.word	0x00b100b1
10003564:	013a011e 	.word	0x013a011e
10003568:	00b1011e 	.word	0x00b1011e
1000356c:	00b100b1 	.word	0x00b100b1
10003570:	00b100b1 	.word	0x00b100b1
10003574:	00b100b1 	.word	0x00b100b1
10003578:	00b100b1 	.word	0x00b100b1
1000357c:	00b100b1 	.word	0x00b100b1
10003580:	00b100b1 	.word	0x00b100b1
10003584:	00b100b1 	.word	0x00b100b1
10003588:	01b400b1 	.word	0x01b400b1
1000358c:	00b100b1 	.word	0x00b100b1
10003590:	00b100b1 	.word	0x00b100b1
10003594:	00b100b1 	.word	0x00b100b1
10003598:	00b100b1 	.word	0x00b100b1
1000359c:	01b400b1 	.word	0x01b400b1
100035a0:	01b40158 	.word	0x01b40158
100035a4:	013a011e 	.word	0x013a011e
100035a8:	011e      	.short	0x011e
100035aa:	2400      	movs	r4, #0
100035ac:	eb04 0484 	add.w	r4, r4, r4, lsl #2
100035b0:	eb01 0444 	add.w	r4, r1, r4, lsl #1
100035b4:	7819      	ldrb	r1, [r3, #0]
100035b6:	461d      	mov	r5, r3
100035b8:	f1a1 0030 	sub.w	r0, r1, #48	@ 0x30
100035bc:	2809      	cmp	r0, #9
100035be:	f1a4 0430 	sub.w	r4, r4, #48	@ 0x30
100035c2:	f103 0301 	add.w	r3, r3, #1
100035c6:	d9f1      	bls.n	100035ac <_vsnprintf+0x190>
100035c8:	292e      	cmp	r1, #46	@ 0x2e
100035ca:	f47f af6c 	bne.w	100034a6 <_vsnprintf+0x8a>
100035ce:	7869      	ldrb	r1, [r5, #1]
100035d0:	4618      	mov	r0, r3
100035d2:	f1a1 0730 	sub.w	r7, r1, #48	@ 0x30
100035d6:	2f09      	cmp	r7, #9
100035d8:	f442 6280 	orr.w	r2, r2, #1024	@ 0x400
100035dc:	f240 8125 	bls.w	1000382a <_vsnprintf+0x40e>
100035e0:	292a      	cmp	r1, #42	@ 0x2a
100035e2:	f000 8132 	beq.w	1000384a <_vsnprintf+0x42e>
100035e6:	461d      	mov	r5, r3
100035e8:	2700      	movs	r7, #0
100035ea:	3301      	adds	r3, #1
100035ec:	e75c      	b.n	100034a8 <_vsnprintf+0x8c>
100035ee:	4634      	mov	r4, r6
100035f0:	f8dd 9020 	ldr.w	r9, [sp, #32]
100035f4:	45b1      	cmp	r9, r6
100035f6:	d801      	bhi.n	100035fc <_vsnprintf+0x1e0>
100035f8:	f109 36ff 	add.w	r6, r9, #4294967295	@ 0xffffffff
100035fc:	464b      	mov	r3, r9
100035fe:	4632      	mov	r2, r6
10003600:	4651      	mov	r1, sl
10003602:	2000      	movs	r0, #0
10003604:	47d8      	blx	fp
10003606:	4620      	mov	r0, r4
10003608:	b01b      	add	sp, #108	@ 0x6c
1000360a:	e8bd 8ff0 	ldmia.w	sp!, {r4, r5, r6, r7, r8, r9, sl, fp, pc}
1000360e:	f1a1 0369 	sub.w	r3, r1, #105	@ 0x69
10003612:	b2db      	uxtb	r3, r3
10003614:	2b0f      	cmp	r3, #15
10003616:	d836      	bhi.n	10003686 <_vsnprintf+0x26a>
10003618:	2001      	movs	r0, #1
1000361a:	f249 0c41 	movw	ip, #36929	@ 0x9041
1000361e:	4098      	lsls	r0, r3
10003620:	ea10 000c 	ands.w	r0, r0, ip
10003624:	f040 80f4 	bne.w	10003810 <_vsnprintf+0x3f4>
10003628:	2b0a      	cmp	r3, #10
1000362a:	d035      	beq.n	10003698 <_vsnprintf+0x27c>
1000362c:	2b07      	cmp	r3, #7
1000362e:	d12a      	bne.n	10003686 <_vsnprintf+0x26a>
10003630:	f858 1b04 	ldr.w	r1, [r8], #4
10003634:	2900      	cmp	r1, #0
10003636:	f040 8110 	bne.w	1000385a <_vsnprintf+0x43e>
1000363a:	f022 0410 	bic.w	r4, r2, #16
1000363e:	f412 6180 	ands.w	r1, r2, #1024	@ 0x400
10003642:	f044 0421 	orr.w	r4, r4, #33	@ 0x21
10003646:	f000 810a 	beq.w	1000385e <_vsnprintf+0x442>
1000364a:	aa12      	add	r2, sp, #72	@ 0x48
1000364c:	2308      	movs	r3, #8
1000364e:	9305      	str	r3, [sp, #20]
10003650:	2310      	movs	r3, #16
10003652:	e9cd 2000 	strd	r2, r0, [sp]
10003656:	4632      	mov	r2, r6
10003658:	9406      	str	r4, [sp, #24]
1000365a:	9704      	str	r7, [sp, #16]
1000365c:	9303      	str	r3, [sp, #12]
1000365e:	2300      	movs	r3, #0
10003660:	9302      	str	r3, [sp, #8]
10003662:	4651      	mov	r1, sl
10003664:	4658      	mov	r0, fp
10003666:	9b08      	ldr	r3, [sp, #32]
10003668:	f7ff f8d2 	bl	10002810 <_ntoa_format>
1000366c:	4606      	mov	r6, r0
1000366e:	e6f3      	b.n	10003458 <_vsnprintf+0x3c>
10003670:	f858 4b04 	ldr.w	r4, [r8], #4
10003674:	7869      	ldrb	r1, [r5, #1]
10003676:	2c00      	cmp	r4, #0
10003678:	461d      	mov	r5, r3
1000367a:	bfbc      	itt	lt
1000367c:	f042 0202 	orrlt.w	r2, r2, #2
10003680:	4264      	neglt	r4, r4
10003682:	3301      	adds	r3, #1
10003684:	e70c      	b.n	100034a0 <_vsnprintf+0x84>
10003686:	4608      	mov	r0, r1
10003688:	e6e1      	b.n	1000344e <_vsnprintf+0x32>
1000368a:	bf00      	nop
1000368c:	1000341d 	.word	0x1000341d
10003690:	20001e08 	.word	0x20001e08
10003694:	10002765 	.word	0x10002765
10003698:	f858 9b04 	ldr.w	r9, [r8], #4
1000369c:	2f00      	cmp	r7, #0
1000369e:	f899 0000 	ldrb.w	r0, [r9]
100036a2:	bf14      	ite	ne
100036a4:	463b      	movne	r3, r7
100036a6:	f04f 33ff 	moveq.w	r3, #4294967295	@ 0xffffffff
100036aa:	2800      	cmp	r0, #0
100036ac:	f000 8382 	beq.w	10003db4 <_vsnprintf+0x998>
100036b0:	4649      	mov	r1, r9
100036b2:	eb03 0c09 	add.w	ip, r3, r9
100036b6:	e004      	b.n	100036c2 <_vsnprintf+0x2a6>
100036b8:	f811 3f01 	ldrb.w	r3, [r1, #1]!
100036bc:	2b00      	cmp	r3, #0
100036be:	f000 8143 	beq.w	10003948 <_vsnprintf+0x52c>
100036c2:	458c      	cmp	ip, r1
100036c4:	d1f8      	bne.n	100036b8 <_vsnprintf+0x29c>
100036c6:	ebac 0109 	sub.w	r1, ip, r9
100036ca:	0553      	lsls	r3, r2, #21
100036cc:	f140 8120 	bpl.w	10003910 <_vsnprintf+0x4f4>
100036d0:	42b9      	cmp	r1, r7
100036d2:	bf28      	it	cs
100036d4:	4639      	movcs	r1, r7
100036d6:	f012 0302 	ands.w	r3, r2, #2
100036da:	f000 8283 	beq.w	10003be4 <_vsnprintf+0x7c8>
100036de:	2302      	movs	r3, #2
100036e0:	e9cd 4809 	strd	r4, r8, [sp, #36]	@ 0x24
100036e4:	4632      	mov	r2, r6
100036e6:	4688      	mov	r8, r1
100036e8:	9c08      	ldr	r4, [sp, #32]
100036ea:	4437      	add	r7, r6
100036ec:	930b      	str	r3, [sp, #44]	@ 0x2c
100036ee:	e007      	b.n	10003700 <_vsnprintf+0x2e4>
100036f0:	4623      	mov	r3, r4
100036f2:	4651      	mov	r1, sl
100036f4:	47d8      	blx	fp
100036f6:	f819 0f01 	ldrb.w	r0, [r9, #1]!
100036fa:	3601      	adds	r6, #1
100036fc:	b110      	cbz	r0, 10003704 <_vsnprintf+0x2e8>
100036fe:	4632      	mov	r2, r6
10003700:	42b7      	cmp	r7, r6
10003702:	d1f5      	bne.n	100036f0 <_vsnprintf+0x2d4>
10003704:	9b0b      	ldr	r3, [sp, #44]	@ 0x2c
10003706:	4641      	mov	r1, r8
10003708:	9c09      	ldr	r4, [sp, #36]	@ 0x24
1000370a:	f8dd 8028 	ldr.w	r8, [sp, #40]	@ 0x28
1000370e:	2b00      	cmp	r3, #0
10003710:	f43f aea2 	beq.w	10003458 <_vsnprintf+0x3c>
10003714:	4637      	mov	r7, r6
10003716:	428c      	cmp	r4, r1
10003718:	f67f ae9e 	bls.w	10003458 <_vsnprintf+0x3c>
1000371c:	4426      	add	r6, r4
1000371e:	9c08      	ldr	r4, [sp, #32]
10003720:	1a76      	subs	r6, r6, r1
10003722:	463a      	mov	r2, r7
10003724:	4623      	mov	r3, r4
10003726:	4651      	mov	r1, sl
10003728:	2020      	movs	r0, #32
1000372a:	3701      	adds	r7, #1
1000372c:	47d8      	blx	fp
1000372e:	42b7      	cmp	r7, r6
10003730:	d1f7      	bne.n	10003722 <_vsnprintf+0x306>
10003732:	e691      	b.n	10003458 <_vsnprintf+0x3c>
10003734:	7869      	ldrb	r1, [r5, #1]
10003736:	296c      	cmp	r1, #108	@ 0x6c
10003738:	f47f aee4 	bne.w	10003504 <_vsnprintf+0xe8>
1000373c:	78a9      	ldrb	r1, [r5, #2]
1000373e:	f442 7240 	orr.w	r2, r2, #768	@ 0x300
10003742:	1ceb      	adds	r3, r5, #3
10003744:	e6e1      	b.n	1000350a <_vsnprintf+0xee>
10003746:	7869      	ldrb	r1, [r5, #1]
10003748:	f442 7200 	orr.w	r2, r2, #512	@ 0x200
1000374c:	3301      	adds	r3, #1
1000374e:	e6dc      	b.n	1000350a <_vsnprintf+0xee>
10003750:	7869      	ldrb	r1, [r5, #1]
10003752:	2968      	cmp	r1, #104	@ 0x68
10003754:	f000 80fb 	beq.w	1000394e <_vsnprintf+0x532>
10003758:	f042 0280 	orr.w	r2, r2, #128	@ 0x80
1000375c:	3301      	adds	r3, #1
1000375e:	e6d4      	b.n	1000350a <_vsnprintf+0xee>
10003760:	2967      	cmp	r1, #103	@ 0x67
10003762:	f000 80c9 	beq.w	100038f8 <_vsnprintf+0x4dc>
10003766:	2947      	cmp	r1, #71	@ 0x47
10003768:	f000 80cd 	beq.w	10003906 <_vsnprintf+0x4ea>
1000376c:	2945      	cmp	r1, #69	@ 0x45
1000376e:	f000 80cc 	beq.w	1000390a <_vsnprintf+0x4ee>
10003772:	e9cd 4203 	strd	r4, r2, [sp, #12]
10003776:	f108 0807 	add.w	r8, r8, #7
1000377a:	9702      	str	r7, [sp, #8]
1000377c:	f028 0807 	bic.w	r8, r8, #7
10003780:	4632      	mov	r2, r6
10003782:	e8f8 6702 	ldrd	r6, r7, [r8], #8
10003786:	4651      	mov	r1, sl
10003788:	e9cd 6700 	strd	r6, r7, [sp]
1000378c:	4658      	mov	r0, fp
1000378e:	9b08      	ldr	r3, [sp, #32]
10003790:	f7ff fb82 	bl	10002e98 <_etoa>
10003794:	4606      	mov	r6, r0
10003796:	e65f      	b.n	10003458 <_vsnprintf+0x3c>
10003798:	2946      	cmp	r1, #70	@ 0x46
1000379a:	bf08      	it	eq
1000379c:	f042 0220 	orreq.w	r2, r2, #32
100037a0:	e9cd 4203 	strd	r4, r2, [sp, #12]
100037a4:	f108 0807 	add.w	r8, r8, #7
100037a8:	9702      	str	r7, [sp, #8]
100037aa:	f028 0807 	bic.w	r8, r8, #7
100037ae:	4632      	mov	r2, r6
100037b0:	e8f8 6702 	ldrd	r6, r7, [r8], #8
100037b4:	4651      	mov	r1, sl
100037b6:	e9cd 6700 	strd	r6, r7, [sp]
100037ba:	4658      	mov	r0, fp
100037bc:	9b08      	ldr	r3, [sp, #32]
100037be:	f7ff f91f 	bl	10002a00 <_ftoa>
100037c2:	4606      	mov	r6, r0
100037c4:	e648      	b.n	10003458 <_vsnprintf+0x3c>
100037c6:	4632      	mov	r2, r6
100037c8:	4651      	mov	r1, sl
100037ca:	2025      	movs	r0, #37	@ 0x25
100037cc:	9b08      	ldr	r3, [sp, #32]
100037ce:	47d8      	blx	fp
100037d0:	3601      	adds	r6, #1
100037d2:	e641      	b.n	10003458 <_vsnprintf+0x3c>
100037d4:	f108 0304 	add.w	r3, r8, #4
100037d8:	0792      	lsls	r2, r2, #30
100037da:	9309      	str	r3, [sp, #36]	@ 0x24
100037dc:	f106 0701 	add.w	r7, r6, #1
100037e0:	f140 80c3 	bpl.w	1000396a <_vsnprintf+0x54e>
100037e4:	4632      	mov	r2, r6
100037e6:	4651      	mov	r1, sl
100037e8:	f898 0000 	ldrb.w	r0, [r8]
100037ec:	9b08      	ldr	r3, [sp, #32]
100037ee:	47d8      	blx	fp
100037f0:	2c01      	cmp	r4, #1
100037f2:	f240 81b4 	bls.w	10003b5e <_vsnprintf+0x742>
100037f6:	4426      	add	r6, r4
100037f8:	9c08      	ldr	r4, [sp, #32]
100037fa:	463a      	mov	r2, r7
100037fc:	4623      	mov	r3, r4
100037fe:	4651      	mov	r1, sl
10003800:	2020      	movs	r0, #32
10003802:	3701      	adds	r7, #1
10003804:	47d8      	blx	fp
10003806:	42b7      	cmp	r7, r6
10003808:	d1f7      	bne.n	100037fa <_vsnprintf+0x3de>
1000380a:	f8dd 8024 	ldr.w	r8, [sp, #36]	@ 0x24
1000380e:	e623      	b.n	10003458 <_vsnprintf+0x3c>
10003810:	296f      	cmp	r1, #111	@ 0x6f
10003812:	d074      	beq.n	100038fe <_vsnprintf+0x4e2>
10003814:	f240 8241 	bls.w	10003c9a <_vsnprintf+0x87e>
10003818:	2978      	cmp	r1, #120	@ 0x78
1000381a:	f000 8186 	beq.w	10003b2a <_vsnprintf+0x70e>
1000381e:	f04f 090a 	mov.w	r9, #10
10003822:	f022 0210 	bic.w	r2, r2, #16
10003826:	464b      	mov	r3, r9
10003828:	e038      	b.n	1000389c <_vsnprintf+0x480>
1000382a:	2700      	movs	r7, #0
1000382c:	eb07 0787 	add.w	r7, r7, r7, lsl #2
10003830:	eb01 0147 	add.w	r1, r1, r7, lsl #1
10003834:	f1a1 0730 	sub.w	r7, r1, #48	@ 0x30
10003838:	f810 1f01 	ldrb.w	r1, [r0, #1]!
1000383c:	f1a1 0330 	sub.w	r3, r1, #48	@ 0x30
10003840:	2b09      	cmp	r3, #9
10003842:	d9f3      	bls.n	1000382c <_vsnprintf+0x410>
10003844:	4605      	mov	r5, r0
10003846:	1c43      	adds	r3, r0, #1
10003848:	e62e      	b.n	100034a8 <_vsnprintf+0x8c>
1000384a:	f858 7b04 	ldr.w	r7, [r8], #4
1000384e:	78a9      	ldrb	r1, [r5, #2]
10003850:	3502      	adds	r5, #2
10003852:	1c6b      	adds	r3, r5, #1
10003854:	ea27 77e7 	bic.w	r7, r7, r7, asr #31
10003858:	e626      	b.n	100034a8 <_vsnprintf+0x8c>
1000385a:	f042 0421 	orr.w	r4, r2, #33	@ 0x21
1000385e:	aa12      	add	r2, sp, #72	@ 0x48
10003860:	4694      	mov	ip, r2
10003862:	e002      	b.n	1000386a <_vsnprintf+0x44e>
10003864:	2820      	cmp	r0, #32
10003866:	f43f aef1 	beq.w	1000364c <_vsnprintf+0x230>
1000386a:	f001 030f 	and.w	r3, r1, #15
1000386e:	2b09      	cmp	r3, #9
10003870:	bf94      	ite	ls
10003872:	3330      	addls	r3, #48	@ 0x30
10003874:	3337      	addhi	r3, #55	@ 0x37
10003876:	290f      	cmp	r1, #15
10003878:	f88c 3000 	strb.w	r3, [ip]
1000387c:	f100 0001 	add.w	r0, r0, #1
10003880:	f10c 0c01 	add.w	ip, ip, #1
10003884:	ea4f 1111 	mov.w	r1, r1, lsr #4
10003888:	d8ec      	bhi.n	10003864 <_vsnprintf+0x448>
1000388a:	e6df      	b.n	1000364c <_vsnprintf+0x230>
1000388c:	2958      	cmp	r1, #88	@ 0x58
1000388e:	d066      	beq.n	1000395e <_vsnprintf+0x542>
10003890:	2962      	cmp	r1, #98	@ 0x62
10003892:	f040 8089 	bne.w	100039a8 <_vsnprintf+0x58c>
10003896:	f04f 0902 	mov.w	r9, #2
1000389a:	464b      	mov	r3, r9
1000389c:	f412 6c80 	ands.w	ip, r2, #1024	@ 0x400
100038a0:	f000 80d4 	beq.w	10003a4c <_vsnprintf+0x630>
100038a4:	f022 020d 	bic.w	r2, r2, #13
100038a8:	9209      	str	r2, [sp, #36]	@ 0x24
100038aa:	f412 7100 	ands.w	r1, r2, #512	@ 0x200
100038ae:	f040 817b 	bne.w	10003ba8 <_vsnprintf+0x78c>
100038b2:	f412 7080 	ands.w	r0, r2, #256	@ 0x100
100038b6:	f108 0904 	add.w	r9, r8, #4
100038ba:	f040 8238 	bne.w	10003d2e <_vsnprintf+0x912>
100038be:	0651      	lsls	r1, r2, #25
100038c0:	f140 813a 	bpl.w	10003b38 <_vsnprintf+0x71c>
100038c4:	f898 1000 	ldrb.w	r1, [r8]
100038c8:	2900      	cmp	r1, #0
100038ca:	f040 814a 	bne.w	10003b62 <_vsnprintf+0x746>
100038ce:	9a09      	ldr	r2, [sp, #36]	@ 0x24
100038d0:	f022 0210 	bic.w	r2, r2, #16
100038d4:	9209      	str	r2, [sp, #36]	@ 0x24
100038d6:	f1bc 0f00 	cmp.w	ip, #0
100038da:	f000 8142 	beq.w	10003b62 <_vsnprintf+0x746>
100038de:	4608      	mov	r0, r1
100038e0:	aa12      	add	r2, sp, #72	@ 0x48
100038e2:	9909      	ldr	r1, [sp, #36]	@ 0x24
100038e4:	e9cd 3703 	strd	r3, r7, [sp, #12]
100038e8:	e9cd 4105 	strd	r4, r1, [sp, #20]
100038ec:	9001      	str	r0, [sp, #4]
100038ee:	2300      	movs	r3, #0
100038f0:	9200      	str	r2, [sp, #0]
100038f2:	9302      	str	r3, [sp, #8]
100038f4:	4632      	mov	r2, r6
100038f6:	e0a1      	b.n	10003a3c <_vsnprintf+0x620>
100038f8:	f442 6200 	orr.w	r2, r2, #2048	@ 0x800
100038fc:	e739      	b.n	10003772 <_vsnprintf+0x356>
100038fe:	f04f 0908 	mov.w	r9, #8
10003902:	464b      	mov	r3, r9
10003904:	e7ca      	b.n	1000389c <_vsnprintf+0x480>
10003906:	f442 6200 	orr.w	r2, r2, #2048	@ 0x800
1000390a:	f042 0220 	orr.w	r2, r2, #32
1000390e:	e730      	b.n	10003772 <_vsnprintf+0x356>
10003910:	f012 0302 	ands.w	r3, r2, #2
10003914:	f000 818c 	beq.w	10003c30 <_vsnprintf+0x814>
10003918:	2302      	movs	r3, #2
1000391a:	e9cd 4809 	strd	r4, r8, [sp, #36]	@ 0x24
1000391e:	461f      	mov	r7, r3
10003920:	4688      	mov	r8, r1
10003922:	9c08      	ldr	r4, [sp, #32]
10003924:	4632      	mov	r2, r6
10003926:	4623      	mov	r3, r4
10003928:	4651      	mov	r1, sl
1000392a:	47d8      	blx	fp
1000392c:	f819 0f01 	ldrb.w	r0, [r9, #1]!
10003930:	3601      	adds	r6, #1
10003932:	2800      	cmp	r0, #0
10003934:	d1f6      	bne.n	10003924 <_vsnprintf+0x508>
10003936:	463b      	mov	r3, r7
10003938:	4641      	mov	r1, r8
1000393a:	9c09      	ldr	r4, [sp, #36]	@ 0x24
1000393c:	f8dd 8028 	ldr.w	r8, [sp, #40]	@ 0x28
10003940:	2b00      	cmp	r3, #0
10003942:	f43f ad89 	beq.w	10003458 <_vsnprintf+0x3c>
10003946:	e6e5      	b.n	10003714 <_vsnprintf+0x2f8>
10003948:	eba1 0109 	sub.w	r1, r1, r9
1000394c:	e6bd      	b.n	100036ca <_vsnprintf+0x2ae>
1000394e:	78a9      	ldrb	r1, [r5, #2]
10003950:	f042 02c0 	orr.w	r2, r2, #192	@ 0xc0
10003954:	1ceb      	adds	r3, r5, #3
10003956:	e5d8      	b.n	1000350a <_vsnprintf+0xee>
10003958:	4604      	mov	r4, r0
1000395a:	4606      	mov	r6, r0
1000395c:	e64a      	b.n	100035f4 <_vsnprintf+0x1d8>
1000395e:	f04f 0910 	mov.w	r9, #16
10003962:	f042 0220 	orr.w	r2, r2, #32
10003966:	464b      	mov	r3, r9
10003968:	e798      	b.n	1000389c <_vsnprintf+0x480>
1000396a:	2c01      	cmp	r4, #1
1000396c:	f240 80f1 	bls.w	10003b52 <_vsnprintf+0x736>
10003970:	4637      	mov	r7, r6
10003972:	f106 39ff 	add.w	r9, r6, #4294967295	@ 0xffffffff
10003976:	f8cd 8028 	str.w	r8, [sp, #40]	@ 0x28
1000397a:	f8dd 8020 	ldr.w	r8, [sp, #32]
1000397e:	44a1      	add	r9, r4
10003980:	463a      	mov	r2, r7
10003982:	4643      	mov	r3, r8
10003984:	4651      	mov	r1, sl
10003986:	2020      	movs	r0, #32
10003988:	3701      	adds	r7, #1
1000398a:	47d8      	blx	fp
1000398c:	454f      	cmp	r7, r9
1000398e:	d1f7      	bne.n	10003980 <_vsnprintf+0x564>
10003990:	f8dd 8028 	ldr.w	r8, [sp, #40]	@ 0x28
10003994:	463a      	mov	r2, r7
10003996:	f898 0000 	ldrb.w	r0, [r8]
1000399a:	4651      	mov	r1, sl
1000399c:	9b08      	ldr	r3, [sp, #32]
1000399e:	47d8      	blx	fp
100039a0:	4426      	add	r6, r4
100039a2:	f8dd 8024 	ldr.w	r8, [sp, #36]	@ 0x24
100039a6:	e557      	b.n	10003458 <_vsnprintf+0x3c>
100039a8:	f412 6380 	ands.w	r3, r2, #1024	@ 0x400
100039ac:	f000 80c1 	beq.w	10003b32 <_vsnprintf+0x716>
100039b0:	f44f 6380 	mov.w	r3, #1024	@ 0x400
100039b4:	f022 0011 	bic.w	r0, r2, #17
100039b8:	f410 7e00 	ands.w	lr, r0, #512	@ 0x200
100039bc:	d14a      	bne.n	10003a54 <_vsnprintf+0x638>
100039be:	f410 7c80 	ands.w	ip, r0, #256	@ 0x100
100039c2:	f108 0904 	add.w	r9, r8, #4
100039c6:	f040 8137 	bne.w	10003c38 <_vsnprintf+0x81c>
100039ca:	0641      	lsls	r1, r0, #25
100039cc:	f100 80a9 	bmi.w	10003b22 <_vsnprintf+0x706>
100039d0:	0602      	lsls	r2, r0, #24
100039d2:	f140 81e3 	bpl.w	10003d9c <_vsnprintf+0x980>
100039d6:	f9b8 2000 	ldrsh.w	r2, [r8]
100039da:	ea82 71e2 	eor.w	r1, r2, r2, asr #31
100039de:	eba1 71e2 	sub.w	r1, r1, r2, asr #31
100039e2:	fa1f fe81 	uxth.w	lr, r1
100039e6:	0fd1      	lsrs	r1, r2, #31
100039e8:	9109      	str	r1, [sp, #36]	@ 0x24
100039ea:	2a00      	cmp	r2, #0
100039ec:	f000 815f 	beq.w	10003cae <_vsnprintf+0x892>
100039f0:	4673      	mov	r3, lr
100039f2:	aa12      	add	r2, sp, #72	@ 0x48
100039f4:	4696      	mov	lr, r2
100039f6:	f8df 83a0 	ldr.w	r8, [pc, #928]	@ 10003d98 <_vsnprintf+0x97c>
100039fa:	940a      	str	r4, [sp, #40]	@ 0x28
100039fc:	e003      	b.n	10003a06 <_vsnprintf+0x5ea>
100039fe:	f1bc 0f20 	cmp.w	ip, #32
10003a02:	4623      	mov	r3, r4
10003a04:	d00f      	beq.n	10003a26 <_vsnprintf+0x60a>
10003a06:	fba8 1403 	umull	r1, r4, r8, r3
10003a0a:	08e4      	lsrs	r4, r4, #3
10003a0c:	eb04 0184 	add.w	r1, r4, r4, lsl #2
10003a10:	eba3 0141 	sub.w	r1, r3, r1, lsl #1
10003a14:	f10e 0e01 	add.w	lr, lr, #1
10003a18:	3130      	adds	r1, #48	@ 0x30
10003a1a:	2b09      	cmp	r3, #9
10003a1c:	f10c 0c01 	add.w	ip, ip, #1
10003a20:	f80e 1c01 	strb.w	r1, [lr, #-1]
10003a24:	d8eb      	bhi.n	100039fe <_vsnprintf+0x5e2>
10003a26:	9c0a      	ldr	r4, [sp, #40]	@ 0x28
10003a28:	9b09      	ldr	r3, [sp, #36]	@ 0x24
10003a2a:	9200      	str	r2, [sp, #0]
10003a2c:	e9cd c301 	strd	ip, r3, [sp, #4]
10003a30:	230a      	movs	r3, #10
10003a32:	4632      	mov	r2, r6
10003a34:	e9cd 4005 	strd	r4, r0, [sp, #20]
10003a38:	9704      	str	r7, [sp, #16]
10003a3a:	9303      	str	r3, [sp, #12]
10003a3c:	4651      	mov	r1, sl
10003a3e:	4658      	mov	r0, fp
10003a40:	9b08      	ldr	r3, [sp, #32]
10003a42:	f7fe fee5 	bl	10002810 <_ntoa_format>
10003a46:	46c8      	mov	r8, r9
10003a48:	4606      	mov	r6, r0
10003a4a:	e505      	b.n	10003458 <_vsnprintf+0x3c>
10003a4c:	f022 020c 	bic.w	r2, r2, #12
10003a50:	9209      	str	r2, [sp, #36]	@ 0x24
10003a52:	e72a      	b.n	100038aa <_vsnprintf+0x48e>
10003a54:	f108 0807 	add.w	r8, r8, #7
10003a58:	f028 0807 	bic.w	r8, r8, #7
10003a5c:	f8d8 2004 	ldr.w	r2, [r8, #4]
10003a60:	f858 cb08 	ldr.w	ip, [r8], #8
10003a64:	0fd1      	lsrs	r1, r2, #31
10003a66:	ea5c 0e02 	orrs.w	lr, ip, r2
10003a6a:	d06c      	beq.n	10003b46 <_vsnprintf+0x72a>
10003a6c:	2a00      	cmp	r2, #0
10003a6e:	4663      	mov	r3, ip
10003a70:	da02      	bge.n	10003a78 <_vsnprintf+0x65c>
10003a72:	425b      	negs	r3, r3
10003a74:	eb62 0242 	sbc.w	r2, r2, r2, lsl #1
10003a78:	4691      	mov	r9, r2
10003a7a:	9309      	str	r3, [sp, #36]	@ 0x24
10003a7c:	aa12      	add	r2, sp, #72	@ 0x48
10003a7e:	4694      	mov	ip, r2
10003a80:	f04f 0e00 	mov.w	lr, #0
10003a84:	e9cd 180a 	strd	r1, r8, [sp, #40]	@ 0x28
10003a88:	e9cd 470c 	strd	r4, r7, [sp, #48]	@ 0x30
10003a8c:	960e      	str	r6, [sp, #56]	@ 0x38
10003a8e:	920f      	str	r2, [sp, #60]	@ 0x3c
10003a90:	e003      	b.n	10003a9a <_vsnprintf+0x67e>
10003a92:	f1be 0f20 	cmp.w	lr, #32
10003a96:	463b      	mov	r3, r7
10003a98:	d030      	beq.n	10003afc <_vsnprintf+0x6e0>
10003a9a:	f04f 32cc 	mov.w	r2, #3435973836	@ 0xcccccccc
10003a9e:	eb13 0109 	adds.w	r1, r3, r9
10003aa2:	4fbd      	ldr	r7, [pc, #756]	@ (10003d98 <_vsnprintf+0x97c>)
10003aa4:	f141 0100 	adc.w	r1, r1, #0
10003aa8:	fba7 4601 	umull	r4, r6, r7, r1
10003aac:	f026 0403 	bic.w	r4, r6, #3
10003ab0:	eb04 0496 	add.w	r4, r4, r6, lsr #2
10003ab4:	1b09      	subs	r1, r1, r4
10003ab6:	1a5c      	subs	r4, r3, r1
10003ab8:	fb02 f604 	mul.w	r6, r2, r4
10003abc:	463a      	mov	r2, r7
10003abe:	f169 0800 	sbc.w	r8, r9, #0
10003ac2:	fb02 6608 	mla	r6, r2, r8, r6
10003ac6:	2205      	movs	r2, #5
10003ac8:	fba4 7407 	umull	r7, r4, r4, r7
10003acc:	f007 0801 	and.w	r8, r7, #1
10003ad0:	4426      	add	r6, r4
10003ad2:	fba8 4802 	umull	r4, r8, r8, r2
10003ad6:	1864      	adds	r4, r4, r1
10003ad8:	2b0a      	cmp	r3, #10
10003ada:	f10c 0c01 	add.w	ip, ip, #1
10003ade:	ea4f 0757 	mov.w	r7, r7, lsr #1
10003ae2:	f104 0430 	add.w	r4, r4, #48	@ 0x30
10003ae6:	f179 0900 	sbcs.w	r9, r9, #0
10003aea:	f10e 0e01 	add.w	lr, lr, #1
10003aee:	f80c 4c01 	strb.w	r4, [ip, #-1]
10003af2:	ea47 77c6 	orr.w	r7, r7, r6, lsl #31
10003af6:	ea4f 0956 	mov.w	r9, r6, lsr #1
10003afa:	d2ca      	bcs.n	10003a92 <_vsnprintf+0x676>
10003afc:	4673      	mov	r3, lr
10003afe:	e9dd 180a 	ldrd	r1, r8, [sp, #40]	@ 0x28
10003b02:	e9dd 470c 	ldrd	r4, r7, [sp, #48]	@ 0x30
10003b06:	9e0e      	ldr	r6, [sp, #56]	@ 0x38
10003b08:	9a0f      	ldr	r2, [sp, #60]	@ 0x3c
10003b0a:	f8cd e024 	str.w	lr, [sp, #36]	@ 0x24
10003b0e:	e9cd 3101 	strd	r3, r1, [sp, #4]
10003b12:	230a      	movs	r3, #10
10003b14:	9200      	str	r2, [sp, #0]
10003b16:	e9cd 4005 	strd	r4, r0, [sp, #20]
10003b1a:	4632      	mov	r2, r6
10003b1c:	9704      	str	r7, [sp, #16]
10003b1e:	9303      	str	r3, [sp, #12]
10003b20:	e59f      	b.n	10003662 <_vsnprintf+0x246>
10003b22:	f898 2000 	ldrb.w	r2, [r8]
10003b26:	4696      	mov	lr, r2
10003b28:	e75d      	b.n	100039e6 <_vsnprintf+0x5ca>
10003b2a:	f04f 0910 	mov.w	r9, #16
10003b2e:	464b      	mov	r3, r9
10003b30:	e6b4      	b.n	1000389c <_vsnprintf+0x480>
10003b32:	f022 0010 	bic.w	r0, r2, #16
10003b36:	e73f      	b.n	100039b8 <_vsnprintf+0x59c>
10003b38:	0611      	lsls	r1, r2, #24
10003b3a:	bf4c      	ite	mi
10003b3c:	f8b8 1000 	ldrhmi.w	r1, [r8]
10003b40:	f8d8 1000 	ldrpl.w	r1, [r8]
10003b44:	e6c0      	b.n	100038c8 <_vsnprintf+0x4ac>
10003b46:	2b00      	cmp	r3, #0
10003b48:	f040 8142 	bne.w	10003dd0 <_vsnprintf+0x9b4>
10003b4c:	4699      	mov	r9, r3
10003b4e:	9309      	str	r3, [sp, #36]	@ 0x24
10003b50:	e794      	b.n	10003a7c <_vsnprintf+0x660>
10003b52:	4632      	mov	r2, r6
10003b54:	4651      	mov	r1, sl
10003b56:	f898 0000 	ldrb.w	r0, [r8]
10003b5a:	9b08      	ldr	r3, [sp, #32]
10003b5c:	47d8      	blx	fp
10003b5e:	463e      	mov	r6, r7
10003b60:	e653      	b.n	1000380a <_vsnprintf+0x3ee>
10003b62:	9a09      	ldr	r2, [sp, #36]	@ 0x24
10003b64:	940a      	str	r4, [sp, #40]	@ 0x28
10003b66:	f012 0f20 	tst.w	r2, #32
10003b6a:	bf14      	ite	ne
10003b6c:	f04f 0841 	movne.w	r8, #65	@ 0x41
10003b70:	f04f 0861 	moveq.w	r8, #97	@ 0x61
10003b74:	aa12      	add	r2, sp, #72	@ 0x48
10003b76:	4694      	mov	ip, r2
10003b78:	f1a8 080a 	sub.w	r8, r8, #10
10003b7c:	e002      	b.n	10003b84 <_vsnprintf+0x768>
10003b7e:	2820      	cmp	r0, #32
10003b80:	4671      	mov	r1, lr
10003b82:	d00f      	beq.n	10003ba4 <_vsnprintf+0x788>
10003b84:	fbb1 fef3 	udiv	lr, r1, r3
10003b88:	fb03 141e 	mls	r4, r3, lr, r1
10003b8c:	2c09      	cmp	r4, #9
10003b8e:	bf94      	ite	ls
10003b90:	3430      	addls	r4, #48	@ 0x30
10003b92:	4444      	addhi	r4, r8
10003b94:	4299      	cmp	r1, r3
10003b96:	f88c 4000 	strb.w	r4, [ip]
10003b9a:	f100 0001 	add.w	r0, r0, #1
10003b9e:	f10c 0c01 	add.w	ip, ip, #1
10003ba2:	d2ec      	bcs.n	10003b7e <_vsnprintf+0x762>
10003ba4:	9c0a      	ldr	r4, [sp, #40]	@ 0x28
10003ba6:	e69c      	b.n	100038e2 <_vsnprintf+0x4c6>
10003ba8:	f108 0807 	add.w	r8, r8, #7
10003bac:	f028 0807 	bic.w	r8, r8, #7
10003bb0:	f8d8 2004 	ldr.w	r2, [r8, #4]
10003bb4:	f858 1b08 	ldr.w	r1, [r8], #8
10003bb8:	920a      	str	r2, [sp, #40]	@ 0x28
10003bba:	430a      	orrs	r2, r1
10003bbc:	468e      	mov	lr, r1
10003bbe:	d17b      	bne.n	10003cb8 <_vsnprintf+0x89c>
10003bc0:	9a09      	ldr	r2, [sp, #36]	@ 0x24
10003bc2:	f022 0210 	bic.w	r2, r2, #16
10003bc6:	9209      	str	r2, [sp, #36]	@ 0x24
10003bc8:	f1bc 0f00 	cmp.w	ip, #0
10003bcc:	d074      	beq.n	10003cb8 <_vsnprintf+0x89c>
10003bce:	2000      	movs	r0, #0
10003bd0:	aa12      	add	r2, sp, #72	@ 0x48
10003bd2:	9909      	ldr	r1, [sp, #36]	@ 0x24
10003bd4:	e9cd 2000 	strd	r2, r0, [sp]
10003bd8:	e9cd 4105 	strd	r4, r1, [sp, #20]
10003bdc:	4632      	mov	r2, r6
10003bde:	e9cd 3703 	strd	r3, r7, [sp, #12]
10003be2:	e53c      	b.n	1000365e <_vsnprintf+0x242>
10003be4:	428c      	cmp	r4, r1
10003be6:	bf98      	it	ls
10003be8:	3101      	addls	r1, #1
10003bea:	f67f ad79 	bls.w	100036e0 <_vsnprintf+0x2c4>
10003bee:	f44f 6380 	mov.w	r3, #1024	@ 0x400
10003bf2:	e9cd 9409 	strd	r9, r4, [sp, #36]	@ 0x24
10003bf6:	4699      	mov	r9, r3
10003bf8:	19a2      	adds	r2, r4, r6
10003bfa:	970b      	str	r7, [sp, #44]	@ 0x2c
10003bfc:	9f08      	ldr	r7, [sp, #32]
10003bfe:	1a54      	subs	r4, r2, r1
10003c00:	4632      	mov	r2, r6
10003c02:	463b      	mov	r3, r7
10003c04:	4651      	mov	r1, sl
10003c06:	2020      	movs	r0, #32
10003c08:	3601      	adds	r6, #1
10003c0a:	47d8      	blx	fp
10003c0c:	42a6      	cmp	r6, r4
10003c0e:	d1f7      	bne.n	10003c00 <_vsnprintf+0x7e4>
10003c10:	e9dd 470a 	ldrd	r4, r7, [sp, #40]	@ 0x28
10003c14:	464b      	mov	r3, r9
10003c16:	f8dd 9024 	ldr.w	r9, [sp, #36]	@ 0x24
10003c1a:	f899 0000 	ldrb.w	r0, [r9]
10003c1e:	2800      	cmp	r0, #0
10003c20:	f43f ac1a 	beq.w	10003458 <_vsnprintf+0x3c>
10003c24:	1c61      	adds	r1, r4, #1
10003c26:	2b00      	cmp	r3, #0
10003c28:	f43f ae77 	beq.w	1000391a <_vsnprintf+0x4fe>
10003c2c:	2300      	movs	r3, #0
10003c2e:	e557      	b.n	100036e0 <_vsnprintf+0x2c4>
10003c30:	428c      	cmp	r4, r1
10003c32:	d8de      	bhi.n	10003bf2 <_vsnprintf+0x7d6>
10003c34:	3101      	adds	r1, #1
10003c36:	e670      	b.n	1000391a <_vsnprintf+0x4fe>
10003c38:	f8d8 2000 	ldr.w	r2, [r8]
10003c3c:	0fd1      	lsrs	r1, r2, #31
10003c3e:	2a00      	cmp	r2, #0
10003c40:	f000 80b3 	beq.w	10003daa <_vsnprintf+0x98e>
10003c44:	ea82 73e2 	eor.w	r3, r2, r2, asr #31
10003c48:	eba3 73e2 	sub.w	r3, r3, r2, asr #31
10003c4c:	aa12      	add	r2, sp, #72	@ 0x48
10003c4e:	4694      	mov	ip, r2
10003c50:	e9cd 1409 	strd	r1, r4, [sp, #36]	@ 0x24
10003c54:	f8df 8140 	ldr.w	r8, [pc, #320]	@ 10003d98 <_vsnprintf+0x97c>
10003c58:	e003      	b.n	10003c62 <_vsnprintf+0x846>
10003c5a:	f1be 0f20 	cmp.w	lr, #32
10003c5e:	4623      	mov	r3, r4
10003c60:	d00f      	beq.n	10003c82 <_vsnprintf+0x866>
10003c62:	fba8 1403 	umull	r1, r4, r8, r3
10003c66:	08e4      	lsrs	r4, r4, #3
10003c68:	eb04 0184 	add.w	r1, r4, r4, lsl #2
10003c6c:	eba3 0141 	sub.w	r1, r3, r1, lsl #1
10003c70:	f10c 0c01 	add.w	ip, ip, #1
10003c74:	3130      	adds	r1, #48	@ 0x30
10003c76:	2b09      	cmp	r3, #9
10003c78:	f10e 0e01 	add.w	lr, lr, #1
10003c7c:	f80c 1c01 	strb.w	r1, [ip, #-1]
10003c80:	d8eb      	bhi.n	10003c5a <_vsnprintf+0x83e>
10003c82:	e9dd 1409 	ldrd	r1, r4, [sp, #36]	@ 0x24
10003c86:	230a      	movs	r3, #10
10003c88:	9200      	str	r2, [sp, #0]
10003c8a:	e9cd 4005 	strd	r4, r0, [sp, #20]
10003c8e:	4632      	mov	r2, r6
10003c90:	e9cd e101 	strd	lr, r1, [sp, #4]
10003c94:	9704      	str	r7, [sp, #16]
10003c96:	9303      	str	r3, [sp, #12]
10003c98:	e6d0      	b.n	10003a3c <_vsnprintf+0x620>
10003c9a:	2969      	cmp	r1, #105	@ 0x69
10003c9c:	f022 0010 	bic.w	r0, r2, #16
10003ca0:	f040 8091 	bne.w	10003dc6 <_vsnprintf+0x9aa>
10003ca4:	f412 6380 	ands.w	r3, r2, #1024	@ 0x400
10003ca8:	f43f ae86 	beq.w	100039b8 <_vsnprintf+0x59c>
10003cac:	e680      	b.n	100039b0 <_vsnprintf+0x594>
10003cae:	2b00      	cmp	r3, #0
10003cb0:	f43f ae9f 	beq.w	100039f2 <_vsnprintf+0x5d6>
10003cb4:	aa12      	add	r2, sp, #72	@ 0x48
10003cb6:	e6b7      	b.n	10003a28 <_vsnprintf+0x60c>
10003cb8:	9a09      	ldr	r2, [sp, #36]	@ 0x24
10003cba:	e9cd 840b 	strd	r8, r4, [sp, #44]	@ 0x2c
10003cbe:	f012 0f20 	tst.w	r2, #32
10003cc2:	bf14      	ite	ne
10003cc4:	2141      	movne	r1, #65	@ 0x41
10003cc6:	2161      	moveq	r1, #97	@ 0x61
10003cc8:	e9cd 760d 	strd	r7, r6, [sp, #52]	@ 0x34
10003ccc:	e9cd 3b0f 	strd	r3, fp, [sp, #60]	@ 0x3c
10003cd0:	f8cd a044 	str.w	sl, [sp, #68]	@ 0x44
10003cd4:	2700      	movs	r7, #0
10003cd6:	46f0      	mov	r8, lr
10003cd8:	9c0a      	ldr	r4, [sp, #40]	@ 0x28
10003cda:	ae12      	add	r6, sp, #72	@ 0x48
10003cdc:	f10d 0b48 	add.w	fp, sp, #72	@ 0x48
10003ce0:	f1a1 0a0a 	sub.w	sl, r1, #10
10003ce4:	e003      	b.n	10003cee <_vsnprintf+0x8d2>
10003ce6:	2f20      	cmp	r7, #32
10003ce8:	4680      	mov	r8, r0
10003cea:	460c      	mov	r4, r1
10003cec:	d013      	beq.n	10003d16 <_vsnprintf+0x8fa>
10003cee:	4621      	mov	r1, r4
10003cf0:	464a      	mov	r2, r9
10003cf2:	2300      	movs	r3, #0
10003cf4:	4640      	mov	r0, r8
10003cf6:	f003 f847 	bl	10006d88 <____aeabi_uldivmod_veneer>
10003cfa:	b2d2      	uxtb	r2, r2
10003cfc:	2a09      	cmp	r2, #9
10003cfe:	bf94      	ite	ls
10003d00:	3230      	addls	r2, #48	@ 0x30
10003d02:	4452      	addhi	r2, sl
10003d04:	45c8      	cmp	r8, r9
10003d06:	f174 0400 	sbcs.w	r4, r4, #0
10003d0a:	7032      	strb	r2, [r6, #0]
10003d0c:	f107 0701 	add.w	r7, r7, #1
10003d10:	f106 0601 	add.w	r6, r6, #1
10003d14:	d2e7      	bcs.n	10003ce6 <_vsnprintf+0x8ca>
10003d16:	4638      	mov	r0, r7
10003d18:	e9dd 840b 	ldrd	r8, r4, [sp, #44]	@ 0x2c
10003d1c:	465a      	mov	r2, fp
10003d1e:	9e0e      	ldr	r6, [sp, #56]	@ 0x38
10003d20:	9f0d      	ldr	r7, [sp, #52]	@ 0x34
10003d22:	9b0f      	ldr	r3, [sp, #60]	@ 0x3c
10003d24:	f8dd a044 	ldr.w	sl, [sp, #68]	@ 0x44
10003d28:	f8dd b040 	ldr.w	fp, [sp, #64]	@ 0x40
10003d2c:	e751      	b.n	10003bd2 <_vsnprintf+0x7b6>
10003d2e:	f8d8 e000 	ldr.w	lr, [r8]
10003d32:	f1be 0f00 	cmp.w	lr, #0
10003d36:	d10d      	bne.n	10003d54 <_vsnprintf+0x938>
10003d38:	f022 0210 	bic.w	r2, r2, #16
10003d3c:	9209      	str	r2, [sp, #36]	@ 0x24
10003d3e:	f1bc 0f00 	cmp.w	ip, #0
10003d42:	d007      	beq.n	10003d54 <_vsnprintf+0x938>
10003d44:	aa12      	add	r2, sp, #72	@ 0x48
10003d46:	9809      	ldr	r0, [sp, #36]	@ 0x24
10003d48:	e9cd 3703 	strd	r3, r7, [sp, #12]
10003d4c:	e9cd 4005 	strd	r4, r0, [sp, #20]
10003d50:	9101      	str	r1, [sp, #4]
10003d52:	e5cc      	b.n	100038ee <_vsnprintf+0x4d2>
10003d54:	9a09      	ldr	r2, [sp, #36]	@ 0x24
10003d56:	f012 0f20 	tst.w	r2, #32
10003d5a:	bf14      	ite	ne
10003d5c:	2041      	movne	r0, #65	@ 0x41
10003d5e:	2061      	moveq	r0, #97	@ 0x61
10003d60:	aa12      	add	r2, sp, #72	@ 0x48
10003d62:	4694      	mov	ip, r2
10003d64:	920a      	str	r2, [sp, #40]	@ 0x28
10003d66:	f1a0 020a 	sub.w	r2, r0, #10
10003d6a:	e002      	b.n	10003d72 <_vsnprintf+0x956>
10003d6c:	2920      	cmp	r1, #32
10003d6e:	46c6      	mov	lr, r8
10003d70:	d00f      	beq.n	10003d92 <_vsnprintf+0x976>
10003d72:	fbbe f8f3 	udiv	r8, lr, r3
10003d76:	fb03 e018 	mls	r0, r3, r8, lr
10003d7a:	2809      	cmp	r0, #9
10003d7c:	bf94      	ite	ls
10003d7e:	3030      	addls	r0, #48	@ 0x30
10003d80:	1880      	addhi	r0, r0, r2
10003d82:	459e      	cmp	lr, r3
10003d84:	f88c 0000 	strb.w	r0, [ip]
10003d88:	f101 0101 	add.w	r1, r1, #1
10003d8c:	f10c 0c01 	add.w	ip, ip, #1
10003d90:	d2ec      	bcs.n	10003d6c <_vsnprintf+0x950>
10003d92:	9a0a      	ldr	r2, [sp, #40]	@ 0x28
10003d94:	e7d7      	b.n	10003d46 <_vsnprintf+0x92a>
10003d96:	bf00      	nop
10003d98:	cccccccd 	.word	0xcccccccd
10003d9c:	f8d8 2000 	ldr.w	r2, [r8]
10003da0:	ea82 7ee2 	eor.w	lr, r2, r2, asr #31
10003da4:	ebae 7ee2 	sub.w	lr, lr, r2, asr #31
10003da8:	e61d      	b.n	100039e6 <_vsnprintf+0x5ca>
10003daa:	2b00      	cmp	r3, #0
10003dac:	f43f af4e 	beq.w	10003c4c <_vsnprintf+0x830>
10003db0:	aa12      	add	r2, sp, #72	@ 0x48
10003db2:	e768      	b.n	10003c86 <_vsnprintf+0x86a>
10003db4:	f412 6180 	ands.w	r1, r2, #1024	@ 0x400
10003db8:	d00e      	beq.n	10003dd8 <_vsnprintf+0x9bc>
10003dba:	f012 0102 	ands.w	r1, r2, #2
10003dbe:	d014      	beq.n	10003dea <_vsnprintf+0x9ce>
10003dc0:	4601      	mov	r1, r0
10003dc2:	4637      	mov	r7, r6
10003dc4:	e4a7      	b.n	10003716 <_vsnprintf+0x2fa>
10003dc6:	f04f 090a 	mov.w	r9, #10
10003dca:	4602      	mov	r2, r0
10003dcc:	464b      	mov	r3, r9
10003dce:	e565      	b.n	1000389c <_vsnprintf+0x480>
10003dd0:	2300      	movs	r3, #0
10003dd2:	aa12      	add	r2, sp, #72	@ 0x48
10003dd4:	9309      	str	r3, [sp, #36]	@ 0x24
10003dd6:	e69a      	b.n	10003b0e <_vsnprintf+0x6f2>
10003dd8:	f012 0302 	ands.w	r3, r2, #2
10003ddc:	f47f ac9a 	bne.w	10003714 <_vsnprintf+0x2f8>
10003de0:	2c00      	cmp	r4, #0
10003de2:	f47f af06 	bne.w	10003bf2 <_vsnprintf+0x7d6>
10003de6:	f7ff bb37 	b.w	10003458 <_vsnprintf+0x3c>
10003dea:	2c00      	cmp	r4, #0
10003dec:	f47f aeff 	bne.w	10003bee <_vsnprintf+0x7d2>
10003df0:	f7ff bb32 	b.w	10003458 <_vsnprintf+0x3c>

10003df4 <__wrap_snprintf>:
10003df4:	b40c      	push	{r2, r3}
10003df6:	b500      	push	{lr}
10003df8:	b085      	sub	sp, #20
10003dfa:	f10d 0c18 	add.w	ip, sp, #24
10003dfe:	f85c 3b04 	ldr.w	r3, [ip], #4
10003e02:	460a      	mov	r2, r1
10003e04:	f8cd c000 	str.w	ip, [sp]
10003e08:	4601      	mov	r1, r0
10003e0a:	4805      	ldr	r0, [pc, #20]	@ (10003e20 <__wrap_snprintf+0x2c>)
10003e0c:	f8cd c00c 	str.w	ip, [sp, #12]
10003e10:	f7ff fb04 	bl	1000341c <_vsnprintf>
10003e14:	b005      	add	sp, #20
10003e16:	f85d eb04 	ldr.w	lr, [sp], #4
10003e1a:	b002      	add	sp, #8
10003e1c:	4770      	bx	lr
10003e1e:	bf00      	nop
10003e20:	1000275d 	.word	0x1000275d

10003e24 <vfctprintf>:
10003e24:	468c      	mov	ip, r1
10003e26:	b510      	push	{r4, lr}
10003e28:	b084      	sub	sp, #16
10003e2a:	9300      	str	r3, [sp, #0]
10003e2c:	9002      	str	r0, [sp, #8]
10003e2e:	4613      	mov	r3, r2
10003e30:	a902      	add	r1, sp, #8
10003e32:	f04f 32ff 	mov.w	r2, #4294967295	@ 0xffffffff
10003e36:	4803      	ldr	r0, [pc, #12]	@ (10003e44 <vfctprintf+0x20>)
10003e38:	f8cd c00c 	str.w	ip, [sp, #12]
10003e3c:	f7ff faee 	bl	1000341c <_vsnprintf>
10003e40:	b004      	add	sp, #16
10003e42:	bd10      	pop	{r4, pc}
10003e44:	100029f5 	.word	0x100029f5

10003e48 <weak_raw_vprintf>:
10003e48:	b510      	push	{r4, lr}
10003e4a:	4a09      	ldr	r2, [pc, #36]	@ (10003e70 <weak_raw_vprintf+0x28>)
10003e4c:	b084      	sub	sp, #16
10003e4e:	6814      	ldr	r4, [r2, #0]
10003e50:	b14c      	cbz	r4, 10003e66 <weak_raw_vprintf+0x1e>
10003e52:	4603      	mov	r3, r0
10003e54:	9100      	str	r1, [sp, #0]
10003e56:	f04f 32ff 	mov.w	r2, #4294967295	@ 0xffffffff
10003e5a:	a903      	add	r1, sp, #12
10003e5c:	4805      	ldr	r0, [pc, #20]	@ (10003e74 <weak_raw_vprintf+0x2c>)
10003e5e:	47a0      	blx	r4
10003e60:	2001      	movs	r0, #1
10003e62:	b004      	add	sp, #16
10003e64:	bd10      	pop	{r4, pc}
10003e66:	f000 f97d 	bl	10004164 <__wrap_puts>
10003e6a:	4620      	mov	r0, r4
10003e6c:	b004      	add	sp, #16
10003e6e:	bd10      	pop	{r4, pc}
10003e70:	20001e08 	.word	0x20001e08
10003e74:	100029ed 	.word	0x100029ed

10003e78 <_exit>:
10003e78:	be00      	bkpt	0x0000
10003e7a:	e7fd      	b.n	10003e78 <_exit>

10003e7c <_fini>:
10003e7c:	4770      	bx	lr
10003e7e:	bf00      	nop

10003e80 <exit>:
10003e80:	b508      	push	{r3, lr}
10003e82:	f7ff fff9 	bl	10003e78 <_exit>
10003e86:	bf00      	nop

10003e88 <runtime_init>:
10003e88:	b538      	push	{r3, r4, r5, lr}
10003e8a:	4c06      	ldr	r4, [pc, #24]	@ (10003ea4 <runtime_init+0x1c>)
10003e8c:	4d06      	ldr	r5, [pc, #24]	@ (10003ea8 <runtime_init+0x20>)
10003e8e:	f7fe f9f9 	bl	10002284 <runtime_run_initializers>
10003e92:	42ac      	cmp	r4, r5
10003e94:	d204      	bcs.n	10003ea0 <runtime_init+0x18>
10003e96:	f854 3b04 	ldr.w	r3, [r4], #4
10003e9a:	4798      	blx	r3
10003e9c:	42ac      	cmp	r4, r5
10003e9e:	d3fa      	bcc.n	10003e96 <runtime_init+0xe>
10003ea0:	bd38      	pop	{r3, r4, r5, pc}
10003ea2:	bf00      	nop
10003ea4:	10006e30 	.word	0x10006e30
10003ea8:	10006e34 	.word	0x10006e34

10003eac <stdio_out_chars_no_crlf>:
10003eac:	6803      	ldr	r3, [r0, #0]
10003eae:	4608      	mov	r0, r1
10003eb0:	4611      	mov	r1, r2
10003eb2:	4718      	bx	r3

10003eb4 <stdio_out_chars_crlf>:
10003eb4:	b570      	push	{r4, r5, r6, lr}
10003eb6:	4605      	mov	r5, r0
10003eb8:	4608      	mov	r0, r1
10003eba:	7d69      	ldrb	r1, [r5, #21]
10003ebc:	b082      	sub	sp, #8
10003ebe:	2900      	cmp	r1, #0
10003ec0:	d04f      	beq.n	10003f62 <stdio_out_chars_crlf+0xae>
10003ec2:	2a00      	cmp	r2, #0
10003ec4:	dd25      	ble.n	10003f12 <stdio_out_chars_crlf+0x5e>
10003ec6:	7803      	ldrb	r3, [r0, #0]
10003ec8:	4614      	mov	r4, r2
10003eca:	2b0a      	cmp	r3, #10
10003ecc:	4606      	mov	r6, r0
10003ece:	d022      	beq.n	10003f16 <stdio_out_chars_crlf+0x62>
10003ed0:	2c01      	cmp	r4, #1
10003ed2:	f04f 0e00 	mov.w	lr, #0
10003ed6:	d00d      	beq.n	10003ef4 <stdio_out_chars_crlf+0x40>
10003ed8:	4632      	mov	r2, r6
10003eda:	2301      	movs	r3, #1
10003edc:	f812 cf01 	ldrb.w	ip, [r2, #1]!
10003ee0:	4619      	mov	r1, r3
10003ee2:	f1bc 0f0a 	cmp.w	ip, #10
10003ee6:	f103 0301 	add.w	r3, r3, #1
10003eea:	d020      	beq.n	10003f2e <stdio_out_chars_crlf+0x7a>
10003eec:	429c      	cmp	r4, r3
10003eee:	d1f5      	bne.n	10003edc <stdio_out_chars_crlf+0x28>
10003ef0:	4574      	cmp	r4, lr
10003ef2:	dd05      	ble.n	10003f00 <stdio_out_chars_crlf+0x4c>
10003ef4:	682b      	ldr	r3, [r5, #0]
10003ef6:	eba4 010e 	sub.w	r1, r4, lr
10003efa:	eb06 000e 	add.w	r0, r6, lr
10003efe:	4798      	blx	r3
10003f00:	1931      	adds	r1, r6, r4
10003f02:	f811 3c01 	ldrb.w	r3, [r1, #-1]
10003f06:	f1a3 030d 	sub.w	r3, r3, #13
10003f0a:	fab3 f383 	clz	r3, r3
10003f0e:	095b      	lsrs	r3, r3, #5
10003f10:	752b      	strb	r3, [r5, #20]
10003f12:	b002      	add	sp, #8
10003f14:	bd70      	pop	{r4, r5, r6, pc}
10003f16:	7d2b      	ldrb	r3, [r5, #20]
10003f18:	2b00      	cmp	r3, #0
10003f1a:	d1d9      	bne.n	10003ed0 <stdio_out_chars_crlf+0x1c>
10003f1c:	2102      	movs	r1, #2
10003f1e:	682b      	ldr	r3, [r5, #0]
10003f20:	4813      	ldr	r0, [pc, #76]	@ (10003f70 <stdio_out_chars_crlf+0xbc>)
10003f22:	4798      	blx	r3
10003f24:	2c01      	cmp	r4, #1
10003f26:	d0eb      	beq.n	10003f00 <stdio_out_chars_crlf+0x4c>
10003f28:	f04f 0e01 	mov.w	lr, #1
10003f2c:	e7d4      	b.n	10003ed8 <stdio_out_chars_crlf+0x24>
10003f2e:	f812 0c01 	ldrb.w	r0, [r2, #-1]
10003f32:	280d      	cmp	r0, #13
10003f34:	d0da      	beq.n	10003eec <stdio_out_chars_crlf+0x38>
10003f36:	458e      	cmp	lr, r1
10003f38:	eb06 000e 	add.w	r0, r6, lr
10003f3c:	eba1 010e 	sub.w	r1, r1, lr
10003f40:	da05      	bge.n	10003f4e <stdio_out_chars_crlf+0x9a>
10003f42:	e9cd 3200 	strd	r3, r2, [sp]
10003f46:	682b      	ldr	r3, [r5, #0]
10003f48:	4798      	blx	r3
10003f4a:	e9dd 3200 	ldrd	r3, r2, [sp]
10003f4e:	e9cd 3200 	strd	r3, r2, [sp]
10003f52:	2102      	movs	r1, #2
10003f54:	682b      	ldr	r3, [r5, #0]
10003f56:	4806      	ldr	r0, [pc, #24]	@ (10003f70 <stdio_out_chars_crlf+0xbc>)
10003f58:	4798      	blx	r3
10003f5a:	9b00      	ldr	r3, [sp, #0]
10003f5c:	9a01      	ldr	r2, [sp, #4]
10003f5e:	469e      	mov	lr, r3
10003f60:	e7c4      	b.n	10003eec <stdio_out_chars_crlf+0x38>
10003f62:	4611      	mov	r1, r2
10003f64:	682b      	ldr	r3, [r5, #0]
10003f66:	b002      	add	sp, #8
10003f68:	e8bd 4070 	ldmia.w	sp!, {r4, r5, r6, lr}
10003f6c:	4718      	bx	r3
10003f6e:	bf00      	nop
10003f70:	10007288 	.word	0x10007288

10003f74 <stdio_buffered_printer>:
10003f74:	680b      	ldr	r3, [r1, #0]
10003f76:	1c5a      	adds	r2, r3, #1
10003f78:	2a80      	cmp	r2, #128	@ 0x80
10003f7a:	440b      	add	r3, r1
10003f7c:	600a      	str	r2, [r1, #0]
10003f7e:	7118      	strb	r0, [r3, #4]
10003f80:	d000      	beq.n	10003f84 <stdio_buffered_printer+0x10>
10003f82:	4770      	bx	lr
10003f84:	b530      	push	{r4, r5, lr}
10003f86:	4b0e      	ldr	r3, [pc, #56]	@ (10003fc0 <stdio_buffered_printer+0x4c>)
10003f88:	460c      	mov	r4, r1
10003f8a:	6818      	ldr	r0, [r3, #0]
10003f8c:	b083      	sub	sp, #12
10003f8e:	b1a0      	cbz	r0, 10003fba <stdio_buffered_printer+0x46>
10003f90:	1d0d      	adds	r5, r1, #4
10003f92:	e001      	b.n	10003f98 <stdio_buffered_printer+0x24>
10003f94:	6900      	ldr	r0, [r0, #16]
10003f96:	b180      	cbz	r0, 10003fba <stdio_buffered_printer+0x46>
10003f98:	6803      	ldr	r3, [r0, #0]
10003f9a:	2b00      	cmp	r3, #0
10003f9c:	d0fa      	beq.n	10003f94 <stdio_buffered_printer+0x20>
10003f9e:	4b09      	ldr	r3, [pc, #36]	@ (10003fc4 <stdio_buffered_printer+0x50>)
10003fa0:	681b      	ldr	r3, [r3, #0]
10003fa2:	b10b      	cbz	r3, 10003fa8 <stdio_buffered_printer+0x34>
10003fa4:	4283      	cmp	r3, r0
10003fa6:	d1f5      	bne.n	10003f94 <stdio_buffered_printer+0x20>
10003fa8:	4629      	mov	r1, r5
10003faa:	6822      	ldr	r2, [r4, #0]
10003fac:	9001      	str	r0, [sp, #4]
10003fae:	f7ff ff81 	bl	10003eb4 <stdio_out_chars_crlf>
10003fb2:	9801      	ldr	r0, [sp, #4]
10003fb4:	6900      	ldr	r0, [r0, #16]
10003fb6:	2800      	cmp	r0, #0
10003fb8:	d1ee      	bne.n	10003f98 <stdio_buffered_printer+0x24>
10003fba:	6020      	str	r0, [r4, #0]
10003fbc:	b003      	add	sp, #12
10003fbe:	bd30      	pop	{r4, r5, pc}
10003fc0:	200019fc 	.word	0x200019fc
10003fc4:	20001a04 	.word	0x20001a04

10003fc8 <stdio_put_string>:
10003fc8:	e92d 47f0 	stmdb	sp!, {r4, r5, r6, r7, r8, r9, sl, lr}
10003fcc:	b082      	sub	sp, #8
10003fce:	4690      	mov	r8, r2
10003fd0:	461c      	mov	r4, r3
10003fd2:	460d      	mov	r5, r1
10003fd4:	4607      	mov	r7, r0
10003fd6:	f7fd ff7f 	bl	10001ed8 <time_us_64>
10003fda:	f04f 3cff 	mov.w	ip, #4294967295	@ 0xffffffff
10003fde:	f06f 4600 	mvn.w	r6, #2147483648	@ 0x80000000
10003fe2:	4a2e      	ldr	r2, [pc, #184]	@ (1000409c <stdio_put_string+0xd4>)
10003fe4:	1882      	adds	r2, r0, r2
10003fe6:	f141 0300 	adc.w	r3, r1, #0
10003fea:	4594      	cmp	ip, r2
10003fec:	eb76 0103 	sbcs.w	r1, r6, r3
10003ff0:	bf3c      	itt	cc
10003ff2:	4662      	movcc	r2, ip
10003ff4:	4633      	movcc	r3, r6
10003ff6:	482a      	ldr	r0, [pc, #168]	@ (100040a0 <stdio_put_string+0xd8>)
10003ff8:	f002 fed2 	bl	10006da0 <__mutex_try_enter_block_until_veneer>
10003ffc:	1c6b      	adds	r3, r5, #1
10003ffe:	4682      	mov	sl, r0
10004000:	d040      	beq.n	10004084 <stdio_put_string+0xbc>
10004002:	b30c      	cbz	r4, 10004048 <stdio_put_string+0x80>
10004004:	4e27      	ldr	r6, [pc, #156]	@ (100040a4 <stdio_put_string+0xdc>)
10004006:	4b28      	ldr	r3, [pc, #160]	@ (100040a8 <stdio_put_string+0xe0>)
10004008:	681c      	ldr	r4, [r3, #0]
1000400a:	b1b4      	cbz	r4, 1000403a <stdio_put_string+0x72>
1000400c:	f1b8 0f00 	cmp.w	r8, #0
10004010:	d11c      	bne.n	1000404c <stdio_put_string+0x84>
10004012:	f8df 809c 	ldr.w	r8, [pc, #156]	@ 100040b0 <stdio_put_string+0xe8>
10004016:	e001      	b.n	1000401c <stdio_put_string+0x54>
10004018:	6924      	ldr	r4, [r4, #16]
1000401a:	b174      	cbz	r4, 1000403a <stdio_put_string+0x72>
1000401c:	6823      	ldr	r3, [r4, #0]
1000401e:	2b00      	cmp	r3, #0
10004020:	d0fa      	beq.n	10004018 <stdio_put_string+0x50>
10004022:	f8d8 3000 	ldr.w	r3, [r8]
10004026:	b10b      	cbz	r3, 1000402c <stdio_put_string+0x64>
10004028:	429c      	cmp	r4, r3
1000402a:	d1f5      	bne.n	10004018 <stdio_put_string+0x50>
1000402c:	4620      	mov	r0, r4
1000402e:	462a      	mov	r2, r5
10004030:	4639      	mov	r1, r7
10004032:	47b0      	blx	r6
10004034:	6924      	ldr	r4, [r4, #16]
10004036:	2c00      	cmp	r4, #0
10004038:	d1f0      	bne.n	1000401c <stdio_put_string+0x54>
1000403a:	f1ba 0f00 	cmp.w	sl, #0
1000403e:	d126      	bne.n	1000408e <stdio_put_string+0xc6>
10004040:	4628      	mov	r0, r5
10004042:	b002      	add	sp, #8
10004044:	e8bd 87f0 	ldmia.w	sp!, {r4, r5, r6, r7, r8, r9, sl, pc}
10004048:	4e18      	ldr	r6, [pc, #96]	@ (100040ac <stdio_put_string+0xe4>)
1000404a:	e7dc      	b.n	10004006 <stdio_put_string+0x3e>
1000404c:	f04f 090a 	mov.w	r9, #10
10004050:	f8df 805c 	ldr.w	r8, [pc, #92]	@ 100040b0 <stdio_put_string+0xe8>
10004054:	e002      	b.n	1000405c <stdio_put_string+0x94>
10004056:	6924      	ldr	r4, [r4, #16]
10004058:	2c00      	cmp	r4, #0
1000405a:	d0ee      	beq.n	1000403a <stdio_put_string+0x72>
1000405c:	6823      	ldr	r3, [r4, #0]
1000405e:	2b00      	cmp	r3, #0
10004060:	d0f9      	beq.n	10004056 <stdio_put_string+0x8e>
10004062:	f8d8 3000 	ldr.w	r3, [r8]
10004066:	b10b      	cbz	r3, 1000406c <stdio_put_string+0xa4>
10004068:	42a3      	cmp	r3, r4
1000406a:	d1f4      	bne.n	10004056 <stdio_put_string+0x8e>
1000406c:	462a      	mov	r2, r5
1000406e:	4639      	mov	r1, r7
10004070:	4620      	mov	r0, r4
10004072:	47b0      	blx	r6
10004074:	2201      	movs	r2, #1
10004076:	4620      	mov	r0, r4
10004078:	f10d 0107 	add.w	r1, sp, #7
1000407c:	f88d 9007 	strb.w	r9, [sp, #7]
10004080:	47b0      	blx	r6
10004082:	e7e8      	b.n	10004056 <stdio_put_string+0x8e>
10004084:	4638      	mov	r0, r7
10004086:	f002 fe4d 	bl	10006d24 <strlen>
1000408a:	4605      	mov	r5, r0
1000408c:	e7b9      	b.n	10004002 <stdio_put_string+0x3a>
1000408e:	4804      	ldr	r0, [pc, #16]	@ (100040a0 <stdio_put_string+0xd8>)
10004090:	f002 fe82 	bl	10006d98 <__mutex_exit_veneer>
10004094:	4628      	mov	r0, r5
10004096:	b002      	add	sp, #8
10004098:	e8bd 87f0 	ldmia.w	sp!, {r4, r5, r6, r7, r8, r9, sl, pc}
1000409c:	000f4240 	.word	0x000f4240
100040a0:	200014e8 	.word	0x200014e8
100040a4:	10003eb5 	.word	0x10003eb5
100040a8:	200019fc 	.word	0x200019fc
100040ac:	10003ead 	.word	0x10003ead
100040b0:	20001a04 	.word	0x20001a04

100040b4 <stdio_set_driver_enabled>:
100040b4:	4a08      	ldr	r2, [pc, #32]	@ (100040d8 <stdio_set_driver_enabled+0x24>)
100040b6:	6813      	ldr	r3, [r2, #0]
100040b8:	b923      	cbnz	r3, 100040c4 <stdio_set_driver_enabled+0x10>
100040ba:	e00a      	b.n	100040d2 <stdio_set_driver_enabled+0x1e>
100040bc:	f103 0210 	add.w	r2, r3, #16
100040c0:	691b      	ldr	r3, [r3, #16]
100040c2:	b133      	cbz	r3, 100040d2 <stdio_set_driver_enabled+0x1e>
100040c4:	4283      	cmp	r3, r0
100040c6:	d1f9      	bne.n	100040bc <stdio_set_driver_enabled+0x8>
100040c8:	b929      	cbnz	r1, 100040d6 <stdio_set_driver_enabled+0x22>
100040ca:	6918      	ldr	r0, [r3, #16]
100040cc:	6010      	str	r0, [r2, #0]
100040ce:	6119      	str	r1, [r3, #16]
100040d0:	4770      	bx	lr
100040d2:	b101      	cbz	r1, 100040d6 <stdio_set_driver_enabled+0x22>
100040d4:	6010      	str	r0, [r2, #0]
100040d6:	4770      	bx	lr
100040d8:	200019fc 	.word	0x200019fc

100040dc <stdio_init_all>:
100040dc:	f000 ba70 	b.w	100045c0 <stdio_usb_init>

100040e0 <__wrap_putchar>:
100040e0:	b5f0      	push	{r4, r5, r6, r7, lr}
100040e2:	b083      	sub	sp, #12
100040e4:	4606      	mov	r6, r0
100040e6:	f88d 0007 	strb.w	r0, [sp, #7]
100040ea:	f7fd fef5 	bl	10001ed8 <time_us_64>
100040ee:	f04f 35ff 	mov.w	r5, #4294967295	@ 0xffffffff
100040f2:	f06f 4400 	mvn.w	r4, #2147483648	@ 0x80000000
100040f6:	4a17      	ldr	r2, [pc, #92]	@ (10004154 <__wrap_putchar+0x74>)
100040f8:	1882      	adds	r2, r0, r2
100040fa:	f141 0300 	adc.w	r3, r1, #0
100040fe:	4295      	cmp	r5, r2
10004100:	eb74 0103 	sbcs.w	r1, r4, r3
10004104:	bf3c      	itt	cc
10004106:	4623      	movcc	r3, r4
10004108:	462a      	movcc	r2, r5
1000410a:	4813      	ldr	r0, [pc, #76]	@ (10004158 <__wrap_putchar+0x78>)
1000410c:	f002 fe48 	bl	10006da0 <__mutex_try_enter_block_until_veneer>
10004110:	4b12      	ldr	r3, [pc, #72]	@ (1000415c <__wrap_putchar+0x7c>)
10004112:	4607      	mov	r7, r0
10004114:	681c      	ldr	r4, [r3, #0]
10004116:	b19c      	cbz	r4, 10004140 <__wrap_putchar+0x60>
10004118:	4d11      	ldr	r5, [pc, #68]	@ (10004160 <__wrap_putchar+0x80>)
1000411a:	e001      	b.n	10004120 <__wrap_putchar+0x40>
1000411c:	6924      	ldr	r4, [r4, #16]
1000411e:	b17c      	cbz	r4, 10004140 <__wrap_putchar+0x60>
10004120:	6823      	ldr	r3, [r4, #0]
10004122:	2b00      	cmp	r3, #0
10004124:	d0fa      	beq.n	1000411c <__wrap_putchar+0x3c>
10004126:	682b      	ldr	r3, [r5, #0]
10004128:	b10b      	cbz	r3, 1000412e <__wrap_putchar+0x4e>
1000412a:	429c      	cmp	r4, r3
1000412c:	d1f6      	bne.n	1000411c <__wrap_putchar+0x3c>
1000412e:	4620      	mov	r0, r4
10004130:	2201      	movs	r2, #1
10004132:	f10d 0107 	add.w	r1, sp, #7
10004136:	f7ff febd 	bl	10003eb4 <stdio_out_chars_crlf>
1000413a:	6924      	ldr	r4, [r4, #16]
1000413c:	2c00      	cmp	r4, #0
1000413e:	d1ef      	bne.n	10004120 <__wrap_putchar+0x40>
10004140:	b917      	cbnz	r7, 10004148 <__wrap_putchar+0x68>
10004142:	4630      	mov	r0, r6
10004144:	b003      	add	sp, #12
10004146:	bdf0      	pop	{r4, r5, r6, r7, pc}
10004148:	4803      	ldr	r0, [pc, #12]	@ (10004158 <__wrap_putchar+0x78>)
1000414a:	f002 fe25 	bl	10006d98 <__mutex_exit_veneer>
1000414e:	4630      	mov	r0, r6
10004150:	b003      	add	sp, #12
10004152:	bdf0      	pop	{r4, r5, r6, r7, pc}
10004154:	000f4240 	.word	0x000f4240
10004158:	200014e8 	.word	0x200014e8
1000415c:	200019fc 	.word	0x200019fc
10004160:	20001a04 	.word	0x20001a04

10004164 <__wrap_puts>:
10004164:	b538      	push	{r3, r4, r5, lr}
10004166:	4604      	mov	r4, r0
10004168:	f002 fddc 	bl	10006d24 <strlen>
1000416c:	2301      	movs	r3, #1
1000416e:	4605      	mov	r5, r0
10004170:	461a      	mov	r2, r3
10004172:	4620      	mov	r0, r4
10004174:	4629      	mov	r1, r5
10004176:	f7ff ff27 	bl	10003fc8 <stdio_put_string>
1000417a:	4b08      	ldr	r3, [pc, #32]	@ (1000419c <__wrap_puts+0x38>)
1000417c:	681c      	ldr	r4, [r3, #0]
1000417e:	b12c      	cbz	r4, 1000418c <__wrap_puts+0x28>
10004180:	6863      	ldr	r3, [r4, #4]
10004182:	b12b      	cbz	r3, 10004190 <__wrap_puts+0x2c>
10004184:	4798      	blx	r3
10004186:	6924      	ldr	r4, [r4, #16]
10004188:	2c00      	cmp	r4, #0
1000418a:	d1f9      	bne.n	10004180 <__wrap_puts+0x1c>
1000418c:	4628      	mov	r0, r5
1000418e:	bd38      	pop	{r3, r4, r5, pc}
10004190:	6924      	ldr	r4, [r4, #16]
10004192:	2c00      	cmp	r4, #0
10004194:	d1f4      	bne.n	10004180 <__wrap_puts+0x1c>
10004196:	4628      	mov	r0, r5
10004198:	bd38      	pop	{r3, r4, r5, pc}
1000419a:	bf00      	nop
1000419c:	200019fc 	.word	0x200019fc

100041a0 <__wrap_vprintf>:
100041a0:	e92d 41f0 	stmdb	sp!, {r4, r5, r6, r7, r8, lr}
100041a4:	b0a2      	sub	sp, #136	@ 0x88
100041a6:	460e      	mov	r6, r1
100041a8:	4605      	mov	r5, r0
100041aa:	f7fd fe95 	bl	10001ed8 <time_us_64>
100041ae:	f04f 3cff 	mov.w	ip, #4294967295	@ 0xffffffff
100041b2:	f06f 4400 	mvn.w	r4, #2147483648	@ 0x80000000
100041b6:	4a25      	ldr	r2, [pc, #148]	@ (1000424c <__wrap_vprintf+0xac>)
100041b8:	1882      	adds	r2, r0, r2
100041ba:	f141 0300 	adc.w	r3, r1, #0
100041be:	4594      	cmp	ip, r2
100041c0:	eb74 0103 	sbcs.w	r1, r4, r3
100041c4:	bf3c      	itt	cc
100041c6:	4623      	movcc	r3, r4
100041c8:	4662      	movcc	r2, ip
100041ca:	4821      	ldr	r0, [pc, #132]	@ (10004250 <__wrap_vprintf+0xb0>)
100041cc:	f002 fde8 	bl	10006da0 <__mutex_try_enter_block_until_veneer>
100041d0:	2400      	movs	r4, #0
100041d2:	4633      	mov	r3, r6
100041d4:	4607      	mov	r7, r0
100041d6:	462a      	mov	r2, r5
100041d8:	481e      	ldr	r0, [pc, #120]	@ (10004254 <__wrap_vprintf+0xb4>)
100041da:	a901      	add	r1, sp, #4
100041dc:	9401      	str	r4, [sp, #4]
100041de:	f7ff fe21 	bl	10003e24 <vfctprintf>
100041e2:	4e1d      	ldr	r6, [pc, #116]	@ (10004258 <__wrap_vprintf+0xb8>)
100041e4:	9b01      	ldr	r3, [sp, #4]
100041e6:	4680      	mov	r8, r0
100041e8:	6834      	ldr	r4, [r6, #0]
100041ea:	b1bb      	cbz	r3, 1000421c <__wrap_vprintf+0x7c>
100041ec:	2c00      	cmp	r4, #0
100041ee:	d02a      	beq.n	10004246 <__wrap_vprintf+0xa6>
100041f0:	4d1a      	ldr	r5, [pc, #104]	@ (1000425c <__wrap_vprintf+0xbc>)
100041f2:	e001      	b.n	100041f8 <__wrap_vprintf+0x58>
100041f4:	6924      	ldr	r4, [r4, #16]
100041f6:	b174      	cbz	r4, 10004216 <__wrap_vprintf+0x76>
100041f8:	6823      	ldr	r3, [r4, #0]
100041fa:	2b00      	cmp	r3, #0
100041fc:	d0fa      	beq.n	100041f4 <__wrap_vprintf+0x54>
100041fe:	682b      	ldr	r3, [r5, #0]
10004200:	b10b      	cbz	r3, 10004206 <__wrap_vprintf+0x66>
10004202:	42a3      	cmp	r3, r4
10004204:	d1f6      	bne.n	100041f4 <__wrap_vprintf+0x54>
10004206:	4620      	mov	r0, r4
10004208:	9a01      	ldr	r2, [sp, #4]
1000420a:	a902      	add	r1, sp, #8
1000420c:	f7ff fe52 	bl	10003eb4 <stdio_out_chars_crlf>
10004210:	6924      	ldr	r4, [r4, #16]
10004212:	2c00      	cmp	r4, #0
10004214:	d1f0      	bne.n	100041f8 <__wrap_vprintf+0x58>
10004216:	4623      	mov	r3, r4
10004218:	6834      	ldr	r4, [r6, #0]
1000421a:	9301      	str	r3, [sp, #4]
1000421c:	b12c      	cbz	r4, 1000422a <__wrap_vprintf+0x8a>
1000421e:	6863      	ldr	r3, [r4, #4]
10004220:	b143      	cbz	r3, 10004234 <__wrap_vprintf+0x94>
10004222:	4798      	blx	r3
10004224:	6924      	ldr	r4, [r4, #16]
10004226:	2c00      	cmp	r4, #0
10004228:	d1f9      	bne.n	1000421e <__wrap_vprintf+0x7e>
1000422a:	b92f      	cbnz	r7, 10004238 <__wrap_vprintf+0x98>
1000422c:	4640      	mov	r0, r8
1000422e:	b022      	add	sp, #136	@ 0x88
10004230:	e8bd 81f0 	ldmia.w	sp!, {r4, r5, r6, r7, r8, pc}
10004234:	6924      	ldr	r4, [r4, #16]
10004236:	e7f1      	b.n	1000421c <__wrap_vprintf+0x7c>
10004238:	4805      	ldr	r0, [pc, #20]	@ (10004250 <__wrap_vprintf+0xb0>)
1000423a:	f002 fdad 	bl	10006d98 <__mutex_exit_veneer>
1000423e:	4640      	mov	r0, r8
10004240:	b022      	add	sp, #136	@ 0x88
10004242:	e8bd 81f0 	ldmia.w	sp!, {r4, r5, r6, r7, r8, pc}
10004246:	9401      	str	r4, [sp, #4]
10004248:	e7ef      	b.n	1000422a <__wrap_vprintf+0x8a>
1000424a:	bf00      	nop
1000424c:	000f4240 	.word	0x000f4240
10004250:	200014e8 	.word	0x200014e8
10004254:	10003f75 	.word	0x10003f75
10004258:	200019fc 	.word	0x200019fc
1000425c:	20001a04 	.word	0x20001a04

10004260 <__wrap_printf>:
10004260:	b40f      	push	{r0, r1, r2, r3}
10004262:	b500      	push	{lr}
10004264:	b083      	sub	sp, #12
10004266:	a904      	add	r1, sp, #16
10004268:	f851 0b04 	ldr.w	r0, [r1], #4
1000426c:	9101      	str	r1, [sp, #4]
1000426e:	f7ff ff97 	bl	100041a0 <__wrap_vprintf>
10004272:	b003      	add	sp, #12
10004274:	f85d eb04 	ldr.w	lr, [sp], #4
10004278:	b004      	add	sp, #16
1000427a:	4770      	bx	lr

1000427c <stdio_usb_set_chars_available_callback>:
1000427c:	4a02      	ldr	r2, [pc, #8]	@ (10004288 <stdio_usb_set_chars_available_callback+0xc>)
1000427e:	4b03      	ldr	r3, [pc, #12]	@ (1000428c <stdio_usb_set_chars_available_callback+0x10>)
10004280:	6010      	str	r0, [r2, #0]
10004282:	6019      	str	r1, [r3, #0]
10004284:	4770      	bx	lr
10004286:	bf00      	nop
10004288:	2000199c 	.word	0x2000199c
1000428c:	200019a0 	.word	0x200019a0

10004290 <timer_task>:
10004290:	4b18      	ldr	r3, [pc, #96]	@ (100042f4 <timer_task+0x64>)
10004292:	b570      	push	{r4, r5, r6, lr}
10004294:	681a      	ldr	r2, [r3, #0]
10004296:	2a00      	cmp	r2, #0
10004298:	d028      	beq.n	100042ec <timer_task+0x5c>
1000429a:	f3ef 8110 	mrs	r1, PRIMASK
1000429e:	b672      	cpsid	i
100042a0:	e8d2 4fcf 	ldaexb	r4, [r2]
100042a4:	2001      	movs	r0, #1
100042a6:	2c00      	cmp	r4, #0
100042a8:	d1fa      	bne.n	100042a0 <timer_task+0x10>
100042aa:	e8c2 0f44 	strexb	r4, r0, [r2]
100042ae:	2c00      	cmp	r4, #0
100042b0:	d1f6      	bne.n	100042a0 <timer_task+0x10>
100042b2:	f3bf 8f5f 	dmb	sy
100042b6:	2200      	movs	r2, #0
100042b8:	4c0f      	ldr	r4, [pc, #60]	@ (100042f8 <timer_task+0x68>)
100042ba:	6818      	ldr	r0, [r3, #0]
100042bc:	6059      	str	r1, [r3, #4]
100042be:	7022      	strb	r2, [r4, #0]
100042c0:	e8c0 2f8f 	stlb	r2, [r0]
100042c4:	f381 8810 	msr	PRIMASK, r1
100042c8:	2400      	movs	r4, #0
100042ca:	2500      	movs	r5, #0
100042cc:	4e0b      	ldr	r6, [pc, #44]	@ (100042fc <timer_task+0x6c>)
100042ce:	7830      	ldrb	r0, [r6, #0]
100042d0:	f7fc ff62 	bl	10001198 <irq_is_enabled>
100042d4:	b920      	cbnz	r0, 100042e0 <timer_task+0x50>
100042d6:	2400      	movs	r4, #0
100042d8:	2500      	movs	r5, #0
100042da:	4620      	mov	r0, r4
100042dc:	4629      	mov	r1, r5
100042de:	bd70      	pop	{r4, r5, r6, pc}
100042e0:	7830      	ldrb	r0, [r6, #0]
100042e2:	f7fc ff69 	bl	100011b8 <irq_set_pending>
100042e6:	4620      	mov	r0, r4
100042e8:	4629      	mov	r1, r5
100042ea:	bd70      	pop	{r4, r5, r6, pc}
100042ec:	f44f 747a 	mov.w	r4, #1000	@ 0x3e8
100042f0:	2500      	movs	r5, #0
100042f2:	e7eb      	b.n	100042cc <timer_task+0x3c>
100042f4:	20002e14 	.word	0x20002e14
100042f8:	20003e71 	.word	0x20003e71
100042fc:	20003e70 	.word	0x20003e70

10004300 <usb_irq>:
10004300:	4b01      	ldr	r3, [pc, #4]	@ (10004308 <usb_irq+0x8>)
10004302:	7818      	ldrb	r0, [r3, #0]
10004304:	f7fc bf58 	b.w	100011b8 <irq_set_pending>
10004308:	20003e70 	.word	0x20003e70

1000430c <stdio_usb_in_chars>:
1000430c:	b538      	push	{r3, r4, r5, lr}
1000430e:	4604      	mov	r4, r0
10004310:	2000      	movs	r0, #0
10004312:	460d      	mov	r5, r1
10004314:	f001 fbaa 	bl	10005a6c <tud_cdc_n_connected>
10004318:	b3a8      	cbz	r0, 10004386 <stdio_usb_in_chars+0x7a>
1000431a:	2000      	movs	r0, #0
1000431c:	f001 fbbc 	bl	10005a98 <tud_cdc_n_available>
10004320:	b388      	cbz	r0, 10004386 <stdio_usb_in_chars+0x7a>
10004322:	f7fd fdd9 	bl	10001ed8 <time_us_64>
10004326:	f04f 3eff 	mov.w	lr, #4294967295	@ 0xffffffff
1000432a:	f06f 4c00 	mvn.w	ip, #2147483648	@ 0x80000000
1000432e:	4a17      	ldr	r2, [pc, #92]	@ (1000438c <stdio_usb_in_chars+0x80>)
10004330:	1882      	adds	r2, r0, r2
10004332:	f141 0300 	adc.w	r3, r1, #0
10004336:	4596      	cmp	lr, r2
10004338:	eb7c 0103 	sbcs.w	r1, ip, r3
1000433c:	bf3c      	itt	cc
1000433e:	4672      	movcc	r2, lr
10004340:	4663      	movcc	r3, ip
10004342:	4813      	ldr	r0, [pc, #76]	@ (10004390 <stdio_usb_in_chars+0x84>)
10004344:	f002 fd2c 	bl	10006da0 <__mutex_try_enter_block_until_veneer>
10004348:	b1e8      	cbz	r0, 10004386 <stdio_usb_in_chars+0x7a>
1000434a:	2000      	movs	r0, #0
1000434c:	f001 fb8e 	bl	10005a6c <tud_cdc_n_connected>
10004350:	b958      	cbnz	r0, 1000436a <stdio_usb_in_chars+0x5e>
10004352:	4601      	mov	r1, r0
10004354:	f04f 30ff 	mov.w	r0, #4294967295	@ 0xffffffff
10004358:	f000 fd92 	bl	10004e80 <tud_task_ext>
1000435c:	f06f 0402 	mvn.w	r4, #2
10004360:	480b      	ldr	r0, [pc, #44]	@ (10004390 <stdio_usb_in_chars+0x84>)
10004362:	f002 fd19 	bl	10006d98 <__mutex_exit_veneer>
10004366:	4620      	mov	r0, r4
10004368:	bd38      	pop	{r3, r4, r5, pc}
1000436a:	2000      	movs	r0, #0
1000436c:	f001 fb94 	bl	10005a98 <tud_cdc_n_available>
10004370:	2800      	cmp	r0, #0
10004372:	d0ee      	beq.n	10004352 <stdio_usb_in_chars+0x46>
10004374:	4621      	mov	r1, r4
10004376:	462a      	mov	r2, r5
10004378:	2000      	movs	r0, #0
1000437a:	f001 fb97 	bl	10005aac <tud_cdc_n_read>
1000437e:	4604      	mov	r4, r0
10004380:	2800      	cmp	r0, #0
10004382:	d1ed      	bne.n	10004360 <stdio_usb_in_chars+0x54>
10004384:	e7ea      	b.n	1000435c <stdio_usb_in_chars+0x50>
10004386:	f06f 0402 	mvn.w	r4, #2
1000438a:	e7ec      	b.n	10004366 <stdio_usb_in_chars+0x5a>
1000438c:	000f4240 	.word	0x000f4240
10004390:	20003e50 	.word	0x20003e50

10004394 <stdio_usb_out_flush>:
10004394:	b508      	push	{r3, lr}
10004396:	f7fd fd9f 	bl	10001ed8 <time_us_64>
1000439a:	f04f 3eff 	mov.w	lr, #4294967295	@ 0xffffffff
1000439e:	f06f 4c00 	mvn.w	ip, #2147483648	@ 0x80000000
100043a2:	4a0f      	ldr	r2, [pc, #60]	@ (100043e0 <stdio_usb_out_flush+0x4c>)
100043a4:	1882      	adds	r2, r0, r2
100043a6:	f141 0300 	adc.w	r3, r1, #0
100043aa:	4596      	cmp	lr, r2
100043ac:	eb7c 0103 	sbcs.w	r1, ip, r3
100043b0:	bf3c      	itt	cc
100043b2:	4672      	movcc	r2, lr
100043b4:	4663      	movcc	r3, ip
100043b6:	480b      	ldr	r0, [pc, #44]	@ (100043e4 <stdio_usb_out_flush+0x50>)
100043b8:	f002 fcf2 	bl	10006da0 <__mutex_try_enter_block_until_veneer>
100043bc:	b170      	cbz	r0, 100043dc <stdio_usb_out_flush+0x48>
100043be:	f04f 30ff 	mov.w	r0, #4294967295	@ 0xffffffff
100043c2:	2100      	movs	r1, #0
100043c4:	f000 fd5c 	bl	10004e80 <tud_task_ext>
100043c8:	2000      	movs	r0, #0
100043ca:	f001 fbb5 	bl	10005b38 <tud_cdc_n_write_flush>
100043ce:	2800      	cmp	r0, #0
100043d0:	d1f5      	bne.n	100043be <stdio_usb_out_flush+0x2a>
100043d2:	e8bd 4008 	ldmia.w	sp!, {r3, lr}
100043d6:	4803      	ldr	r0, [pc, #12]	@ (100043e4 <stdio_usb_out_flush+0x50>)
100043d8:	f002 bcde 	b.w	10006d98 <__mutex_exit_veneer>
100043dc:	bd08      	pop	{r3, pc}
100043de:	bf00      	nop
100043e0:	000f4240 	.word	0x000f4240
100043e4:	20003e50 	.word	0x20003e50

100043e8 <stdio_usb_out_chars>:
100043e8:	e92d 41f0 	stmdb	sp!, {r4, r5, r6, r7, r8, lr}
100043ec:	4607      	mov	r7, r0
100043ee:	460e      	mov	r6, r1
100043f0:	f7fd fd72 	bl	10001ed8 <time_us_64>
100043f4:	f04f 35ff 	mov.w	r5, #4294967295	@ 0xffffffff
100043f8:	f06f 4400 	mvn.w	r4, #2147483648	@ 0x80000000
100043fc:	4a32      	ldr	r2, [pc, #200]	@ (100044c8 <stdio_usb_out_chars+0xe0>)
100043fe:	1882      	adds	r2, r0, r2
10004400:	f141 0300 	adc.w	r3, r1, #0
10004404:	4295      	cmp	r5, r2
10004406:	eb74 0103 	sbcs.w	r1, r4, r3
1000440a:	bf3c      	itt	cc
1000440c:	462a      	movcc	r2, r5
1000440e:	4623      	movcc	r3, r4
10004410:	482e      	ldr	r0, [pc, #184]	@ (100044cc <stdio_usb_out_chars+0xe4>)
10004412:	f002 fcc5 	bl	10006da0 <__mutex_try_enter_block_until_veneer>
10004416:	b908      	cbnz	r0, 1000441c <stdio_usb_out_chars+0x34>
10004418:	e8bd 81f0 	ldmia.w	sp!, {r4, r5, r6, r7, r8, pc}
1000441c:	2000      	movs	r0, #0
1000441e:	f001 fb25 	bl	10005a6c <tud_cdc_n_connected>
10004422:	2800      	cmp	r0, #0
10004424:	d045      	beq.n	100044b2 <stdio_usb_out_chars+0xca>
10004426:	2e00      	cmp	r6, #0
10004428:	dd3e      	ble.n	100044a8 <stdio_usb_out_chars+0xc0>
1000442a:	2500      	movs	r5, #0
1000442c:	f8df 80a4 	ldr.w	r8, [pc, #164]	@ 100044d4 <stdio_usb_out_chars+0xec>
10004430:	e012      	b.n	10004458 <stdio_usb_out_chars+0x70>
10004432:	4622      	mov	r2, r4
10004434:	2000      	movs	r0, #0
10004436:	f001 fbc9 	bl	10005bcc <tud_cdc_n_write>
1000443a:	2100      	movs	r1, #0
1000443c:	4405      	add	r5, r0
1000443e:	f04f 30ff 	mov.w	r0, #4294967295	@ 0xffffffff
10004442:	f000 fd1d 	bl	10004e80 <tud_task_ext>
10004446:	2000      	movs	r0, #0
10004448:	f001 fb76 	bl	10005b38 <tud_cdc_n_write_flush>
1000444c:	f7fd fd44 	bl	10001ed8 <time_us_64>
10004450:	e9c8 0100 	strd	r0, r1, [r8]
10004454:	42ae      	cmp	r6, r5
10004456:	dd27      	ble.n	100044a8 <stdio_usb_out_chars+0xc0>
10004458:	2000      	movs	r0, #0
1000445a:	f001 fbd5 	bl	10005c08 <tud_cdc_n_write_available>
1000445e:	1b74      	subs	r4, r6, r5
10004460:	4284      	cmp	r4, r0
10004462:	bfa8      	it	ge
10004464:	4604      	movge	r4, r0
10004466:	1979      	adds	r1, r7, r5
10004468:	2c00      	cmp	r4, #0
1000446a:	d1e2      	bne.n	10004432 <stdio_usb_out_chars+0x4a>
1000446c:	4621      	mov	r1, r4
1000446e:	f04f 30ff 	mov.w	r0, #4294967295	@ 0xffffffff
10004472:	f000 fd05 	bl	10004e80 <tud_task_ext>
10004476:	4620      	mov	r0, r4
10004478:	f001 fb5e 	bl	10005b38 <tud_cdc_n_write_flush>
1000447c:	4620      	mov	r0, r4
1000447e:	f001 faf5 	bl	10005a6c <tud_cdc_n_connected>
10004482:	b188      	cbz	r0, 100044a8 <stdio_usb_out_chars+0xc0>
10004484:	4620      	mov	r0, r4
10004486:	f001 fbbf 	bl	10005c08 <tud_cdc_n_write_available>
1000448a:	2800      	cmp	r0, #0
1000448c:	d1e2      	bne.n	10004454 <stdio_usb_out_chars+0x6c>
1000448e:	f7fd fd23 	bl	10001ed8 <time_us_64>
10004492:	4a0f      	ldr	r2, [pc, #60]	@ (100044d0 <stdio_usb_out_chars+0xe8>)
10004494:	f8d8 3000 	ldr.w	r3, [r8]
10004498:	189b      	adds	r3, r3, r2
1000449a:	f8d8 2004 	ldr.w	r2, [r8, #4]
1000449e:	f142 0200 	adc.w	r2, r2, #0
100044a2:	4283      	cmp	r3, r0
100044a4:	418a      	sbcs	r2, r1
100044a6:	d2d5      	bcs.n	10004454 <stdio_usb_out_chars+0x6c>
100044a8:	4808      	ldr	r0, [pc, #32]	@ (100044cc <stdio_usb_out_chars+0xe4>)
100044aa:	e8bd 41f0 	ldmia.w	sp!, {r4, r5, r6, r7, r8, lr}
100044ae:	f002 bc73 	b.w	10006d98 <__mutex_exit_veneer>
100044b2:	2000      	movs	r0, #0
100044b4:	e8bd 41f0 	ldmia.w	sp!, {r4, r5, r6, r7, r8, lr}
100044b8:	2100      	movs	r1, #0
100044ba:	4b06      	ldr	r3, [pc, #24]	@ (100044d4 <stdio_usb_out_chars+0xec>)
100044bc:	e9c3 0100 	strd	r0, r1, [r3]
100044c0:	4802      	ldr	r0, [pc, #8]	@ (100044cc <stdio_usb_out_chars+0xe4>)
100044c2:	f002 bc69 	b.w	10006d98 <__mutex_exit_veneer>
100044c6:	bf00      	nop
100044c8:	000f4240 	.word	0x000f4240
100044cc:	20003e50 	.word	0x20003e50
100044d0:	0007a120 	.word	0x0007a120
100044d4:	20001740 	.word	0x20001740

100044d8 <low_priority_worker_irq>:
100044d8:	b510      	push	{r4, lr}
100044da:	2100      	movs	r1, #0
100044dc:	b084      	sub	sp, #16
100044de:	4832      	ldr	r0, [pc, #200]	@ (100045a8 <low_priority_worker_irq+0xd0>)
100044e0:	f002 fc7a 	bl	10006dd8 <__mutex_try_enter_veneer>
100044e4:	bb28      	cbnz	r0, 10004532 <low_priority_worker_irq+0x5a>
100044e6:	4b31      	ldr	r3, [pc, #196]	@ (100045ac <low_priority_worker_irq+0xd4>)
100044e8:	681a      	ldr	r2, [r3, #0]
100044ea:	b302      	cbz	r2, 1000452e <low_priority_worker_irq+0x56>
100044ec:	f3ef 8110 	mrs	r1, PRIMASK
100044f0:	b672      	cpsid	i
100044f2:	e8d2 efcf 	ldaexb	lr, [r2]
100044f6:	f05f 0c01 	movs.w	ip, #1
100044fa:	f1be 0f00 	cmp.w	lr, #0
100044fe:	d1f8      	bne.n	100044f2 <low_priority_worker_irq+0x1a>
10004500:	e8c2 cf4e 	strexb	lr, ip, [r2]
10004504:	f1be 0f00 	cmp.w	lr, #0
10004508:	d1f3      	bne.n	100044f2 <low_priority_worker_irq+0x1a>
1000450a:	f3bf 8f5f 	dmb	sy
1000450e:	f8df c0a8 	ldr.w	ip, [pc, #168]	@ 100045b8 <low_priority_worker_irq+0xe0>
10004512:	f8d3 e000 	ldr.w	lr, [r3]
10004516:	f89c 2000 	ldrb.w	r2, [ip]
1000451a:	6059      	str	r1, [r3, #4]
1000451c:	b2d3      	uxtb	r3, r2
1000451e:	2201      	movs	r2, #1
10004520:	f88c 2000 	strb.w	r2, [ip]
10004524:	e8ce 0f8f 	stlb	r0, [lr]
10004528:	f381 8810 	msr	PRIMASK, r1
1000452c:	b1cb      	cbz	r3, 10004562 <low_priority_worker_irq+0x8a>
1000452e:	b004      	add	sp, #16
10004530:	bd10      	pop	{r4, pc}
10004532:	2100      	movs	r1, #0
10004534:	f04f 30ff 	mov.w	r0, #4294967295	@ 0xffffffff
10004538:	f000 fca2 	bl	10004e80 <tud_task_ext>
1000453c:	2000      	movs	r0, #0
1000453e:	f001 faab 	bl	10005a98 <tud_cdc_n_available>
10004542:	4604      	mov	r4, r0
10004544:	4818      	ldr	r0, [pc, #96]	@ (100045a8 <low_priority_worker_irq+0xd0>)
10004546:	f002 fc27 	bl	10006d98 <__mutex_exit_veneer>
1000454a:	2c00      	cmp	r4, #0
1000454c:	d0ef      	beq.n	1000452e <low_priority_worker_irq+0x56>
1000454e:	4b18      	ldr	r3, [pc, #96]	@ (100045b0 <low_priority_worker_irq+0xd8>)
10004550:	681b      	ldr	r3, [r3, #0]
10004552:	2b00      	cmp	r3, #0
10004554:	d0eb      	beq.n	1000452e <low_priority_worker_irq+0x56>
10004556:	4a17      	ldr	r2, [pc, #92]	@ (100045b4 <low_priority_worker_irq+0xdc>)
10004558:	6810      	ldr	r0, [r2, #0]
1000455a:	b004      	add	sp, #16
1000455c:	e8bd 4010 	ldmia.w	sp!, {r4, lr}
10004560:	4718      	bx	r3
10004562:	f7fd fa51 	bl	10001a08 <alarm_pool_get_default>
10004566:	4604      	mov	r4, r0
10004568:	f7fd fcb6 	bl	10001ed8 <time_us_64>
1000456c:	f04f 3eff 	mov.w	lr, #4294967295	@ 0xffffffff
10004570:	f06f 4c00 	mvn.w	ip, #2147483648	@ 0x80000000
10004574:	f510 727a 	adds.w	r2, r0, #1000	@ 0x3e8
10004578:	f141 0300 	adc.w	r3, r1, #0
1000457c:	4596      	cmp	lr, r2
1000457e:	eb7c 0103 	sbcs.w	r1, ip, r3
10004582:	bf38      	it	cc
10004584:	4663      	movcc	r3, ip
10004586:	f04f 0100 	mov.w	r1, #0
1000458a:	f04f 0c01 	mov.w	ip, #1
1000458e:	bf38      	it	cc
10004590:	4672      	movcc	r2, lr
10004592:	f8df e028 	ldr.w	lr, [pc, #40]	@ 100045bc <low_priority_worker_irq+0xe4>
10004596:	4620      	mov	r0, r4
10004598:	e9cd 1c01 	strd	r1, ip, [sp, #4]
1000459c:	f8cd e000 	str.w	lr, [sp]
100045a0:	f7fd fa36 	bl	10001a10 <alarm_pool_add_alarm_at>
100045a4:	b004      	add	sp, #16
100045a6:	bd10      	pop	{r4, pc}
100045a8:	20003e50 	.word	0x20003e50
100045ac:	20002e14 	.word	0x20002e14
100045b0:	2000199c 	.word	0x2000199c
100045b4:	200019a0 	.word	0x200019a0
100045b8:	20003e71 	.word	0x20003e71
100045bc:	10004291 	.word	0x10004291

100045c0 <stdio_usb_init>:
100045c0:	f04f 4350 	mov.w	r3, #3489660928	@ 0xd0000000
100045c4:	b530      	push	{r4, r5, lr}
100045c6:	b085      	sub	sp, #20
100045c8:	681c      	ldr	r4, [r3, #0]
100045ca:	f7fd fa1d 	bl	10001a08 <alarm_pool_get_default>
100045ce:	f7fd fb39 	bl	10001c44 <alarm_pool_core_num>
100045d2:	42a0      	cmp	r0, r4
100045d4:	d002      	beq.n	100045dc <stdio_usb_init+0x1c>
100045d6:	2000      	movs	r0, #0
100045d8:	b005      	add	sp, #20
100045da:	bd30      	pop	{r4, r5, pc}
100045dc:	2100      	movs	r1, #0
100045de:	4b2c      	ldr	r3, [pc, #176]	@ (10004690 <stdio_usb_init+0xd0>)
100045e0:	4608      	mov	r0, r1
100045e2:	781b      	ldrb	r3, [r3, #0]
100045e4:	f001 fce0 	bl	10005fa8 <tusb_rhport_init>
100045e8:	482a      	ldr	r0, [pc, #168]	@ (10004694 <stdio_usb_init+0xd4>)
100045ea:	6803      	ldr	r3, [r0, #0]
100045ec:	2b00      	cmp	r3, #0
100045ee:	d04b      	beq.n	10004688 <stdio_usb_init+0xc8>
100045f0:	2001      	movs	r0, #1
100045f2:	f7fc ff83 	bl	100014fc <user_irq_claim_unused>
100045f6:	4603      	mov	r3, r0
100045f8:	4c27      	ldr	r4, [pc, #156]	@ (10004698 <stdio_usb_init+0xd8>)
100045fa:	4928      	ldr	r1, [pc, #160]	@ (1000469c <stdio_usb_init+0xdc>)
100045fc:	b2c0      	uxtb	r0, r0
100045fe:	7023      	strb	r3, [r4, #0]
10004600:	f7fc fdf6 	bl	100011f0 <irq_set_exclusive_handler>
10004604:	7820      	ldrb	r0, [r4, #0]
10004606:	2101      	movs	r1, #1
10004608:	f7fc fdb0 	bl	1000116c <irq_set_enabled>
1000460c:	200e      	movs	r0, #14
1000460e:	f7fc fddf 	bl	100011d0 <irq_has_shared_handler>
10004612:	bb60      	cbnz	r0, 1000466e <stdio_usb_init+0xae>
10004614:	4b22      	ldr	r3, [pc, #136]	@ (100046a0 <stdio_usb_init+0xe0>)
10004616:	f06f 4400 	mvn.w	r4, #2147483648	@ 0x80000000
1000461a:	e9c3 0000 	strd	r0, r0, [r3]
1000461e:	f7fd f9f3 	bl	10001a08 <alarm_pool_get_default>
10004622:	4605      	mov	r5, r0
10004624:	f7fd fc58 	bl	10001ed8 <time_us_64>
10004628:	f04f 3cff 	mov.w	ip, #4294967295	@ 0xffffffff
1000462c:	f510 727a 	adds.w	r2, r0, #1000	@ 0x3e8
10004630:	f141 0300 	adc.w	r3, r1, #0
10004634:	4594      	cmp	ip, r2
10004636:	eb74 0103 	sbcs.w	r1, r4, r3
1000463a:	bf38      	it	cc
1000463c:	4623      	movcc	r3, r4
1000463e:	f04f 0100 	mov.w	r1, #0
10004642:	f04f 0401 	mov.w	r4, #1
10004646:	bf38      	it	cc
10004648:	4662      	movcc	r2, ip
1000464a:	f8df c060 	ldr.w	ip, [pc, #96]	@ 100046ac <stdio_usb_init+0xec>
1000464e:	4628      	mov	r0, r5
10004650:	e9cd 1401 	strd	r1, r4, [sp, #4]
10004654:	f8cd c000 	str.w	ip, [sp]
10004658:	f7fd f9da 	bl	10001a10 <alarm_pool_add_alarm_at>
1000465c:	2800      	cmp	r0, #0
1000465e:	dbba      	blt.n	100045d6 <stdio_usb_init+0x16>
10004660:	2101      	movs	r1, #1
10004662:	4810      	ldr	r0, [pc, #64]	@ (100046a4 <stdio_usb_init+0xe4>)
10004664:	f7ff fd26 	bl	100040b4 <stdio_set_driver_enabled>
10004668:	2001      	movs	r0, #1
1000466a:	b005      	add	sp, #20
1000466c:	bd30      	pop	{r4, r5, pc}
1000466e:	2001      	movs	r0, #1
10004670:	f7fc fd36 	bl	100010e0 <spin_lock_claim_unused>
10004674:	4601      	mov	r1, r0
10004676:	480a      	ldr	r0, [pc, #40]	@ (100046a0 <stdio_usb_init+0xe0>)
10004678:	f7fc ff9e 	bl	100015b8 <critical_section_init_with_lock_num>
1000467c:	2200      	movs	r2, #0
1000467e:	200e      	movs	r0, #14
10004680:	4909      	ldr	r1, [pc, #36]	@ (100046a8 <stdio_usb_init+0xe8>)
10004682:	f7fc fde7 	bl	10001254 <irq_add_shared_handler>
10004686:	e7eb      	b.n	10004660 <stdio_usb_init+0xa0>
10004688:	f7fc ff7a 	bl	10001580 <mutex_init>
1000468c:	e7b0      	b.n	100045f0 <stdio_usb_init+0x30>
1000468e:	bf00      	nop
10004690:	10007448 	.word	0x10007448
10004694:	20003e50 	.word	0x20003e50
10004698:	20003e70 	.word	0x20003e70
1000469c:	100044d9 	.word	0x100044d9
100046a0:	20002e14 	.word	0x20002e14
100046a4:	200014a0 	.word	0x200014a0
100046a8:	10004301 	.word	0x10004301
100046ac:	10004291 	.word	0x10004291

100046b0 <stdio_usb_connected>:
100046b0:	2000      	movs	r0, #0
100046b2:	f001 b9db 	b.w	10005a6c <tud_cdc_n_connected>
100046b6:	bf00      	nop

100046b8 <tud_descriptor_device_cb>:
100046b8:	4800      	ldr	r0, [pc, #0]	@ (100046bc <tud_descriptor_device_cb+0x4>)
100046ba:	4770      	bx	lr
100046bc:	10007304 	.word	0x10007304

100046c0 <tud_descriptor_configuration_cb>:
100046c0:	4800      	ldr	r0, [pc, #0]	@ (100046c4 <tud_descriptor_configuration_cb+0x4>)
100046c2:	4770      	bx	lr
100046c4:	100072b0 	.word	0x100072b0

100046c8 <tud_descriptor_string_cb>:
100046c8:	b500      	push	{lr}
100046ca:	4a1c      	ldr	r2, [pc, #112]	@ (1000473c <tud_descriptor_string_cb+0x74>)
100046cc:	4603      	mov	r3, r0
100046ce:	7811      	ldrb	r1, [r2, #0]
100046d0:	b083      	sub	sp, #12
100046d2:	b331      	cbz	r1, 10004722 <tud_descriptor_string_cb+0x5a>
100046d4:	b963      	cbnz	r3, 100046f0 <tud_descriptor_string_cb+0x28>
100046d6:	f240 4209 	movw	r2, #1033	@ 0x409
100046da:	f44f 7341 	mov.w	r3, #772	@ 0x304
100046de:	f8df c060 	ldr.w	ip, [pc, #96]	@ 10004740 <tud_descriptor_string_cb+0x78>
100046e2:	f8ac 2002 	strh.w	r2, [ip, #2]
100046e6:	4816      	ldr	r0, [pc, #88]	@ (10004740 <tud_descriptor_string_cb+0x78>)
100046e8:	f8ac 3000 	strh.w	r3, [ip]
100046ec:	b003      	add	sp, #12
100046ee:	bd00      	pop	{pc}
100046f0:	2b05      	cmp	r3, #5
100046f2:	d820      	bhi.n	10004736 <tud_descriptor_string_cb+0x6e>
100046f4:	4a13      	ldr	r2, [pc, #76]	@ (10004744 <tud_descriptor_string_cb+0x7c>)
100046f6:	f8df c048 	ldr.w	ip, [pc, #72]	@ 10004740 <tud_descriptor_string_cb+0x78>
100046fa:	f852 1023 	ldr.w	r1, [r2, r3, lsl #2]
100046fe:	4660      	mov	r0, ip
10004700:	2300      	movs	r3, #0
10004702:	3901      	subs	r1, #1
10004704:	e003      	b.n	1000470e <tud_descriptor_string_cb+0x46>
10004706:	2b13      	cmp	r3, #19
10004708:	f820 2f02 	strh.w	r2, [r0, #2]!
1000470c:	d010      	beq.n	10004730 <tud_descriptor_string_cb+0x68>
1000470e:	f811 2f01 	ldrb.w	r2, [r1, #1]!
10004712:	3301      	adds	r3, #1
10004714:	b2db      	uxtb	r3, r3
10004716:	2a00      	cmp	r2, #0
10004718:	d1f5      	bne.n	10004706 <tud_descriptor_string_cb+0x3e>
1000471a:	005b      	lsls	r3, r3, #1
1000471c:	f443 7340 	orr.w	r3, r3, #768	@ 0x300
10004720:	e7e1      	b.n	100046e6 <tud_descriptor_string_cb+0x1e>
10004722:	9001      	str	r0, [sp, #4]
10004724:	2111      	movs	r1, #17
10004726:	4610      	mov	r0, r2
10004728:	f000 f824 	bl	10004774 <pico_get_unique_board_id_string>
1000472c:	9b01      	ldr	r3, [sp, #4]
1000472e:	e7d1      	b.n	100046d4 <tud_descriptor_string_cb+0xc>
10004730:	f44f 734a 	mov.w	r3, #808	@ 0x328
10004734:	e7d7      	b.n	100046e6 <tud_descriptor_string_cb+0x1e>
10004736:	2000      	movs	r0, #0
10004738:	e7d8      	b.n	100046ec <tud_descriptor_string_cb+0x24>
1000473a:	bf00      	nop
1000473c:	20003e58 	.word	0x20003e58
10004740:	200019d4 	.word	0x200019d4
10004744:	10007298 	.word	0x10007298

10004748 <_retrieve_unique_id_on_boot>:
10004748:	b500      	push	{lr}
1000474a:	f245 3047 	movw	r0, #21319	@ 0x5347
1000474e:	b08b      	sub	sp, #44	@ 0x2c
10004750:	f7fd fd48 	bl	100021e4 <rom_func_lookup>
10004754:	2201      	movs	r2, #1
10004756:	4603      	mov	r3, r0
10004758:	2109      	movs	r1, #9
1000475a:	a801      	add	r0, sp, #4
1000475c:	4798      	blx	r3
1000475e:	e9dd 3203 	ldrd	r3, r2, [sp, #12]
10004762:	4903      	ldr	r1, [pc, #12]	@ (10004770 <_retrieve_unique_id_on_boot+0x28>)
10004764:	ba12      	rev	r2, r2
10004766:	ba1b      	rev	r3, r3
10004768:	e9c1 2300 	strd	r2, r3, [r1]
1000476c:	b00b      	add	sp, #44	@ 0x2c
1000476e:	bd00      	pop	{pc}
10004770:	20003e44 	.word	0x20003e44

10004774 <pico_get_unique_board_id_string>:
10004774:	2901      	cmp	r1, #1
10004776:	f000 80bb 	beq.w	100048f0 <pico_get_unique_board_id_string+0x17c>
1000477a:	4a61      	ldr	r2, [pc, #388]	@ (10004900 <pico_get_unique_board_id_string+0x18c>)
1000477c:	3901      	subs	r1, #1
1000477e:	7813      	ldrb	r3, [r2, #0]
10004780:	ea4f 1c23 	mov.w	ip, r3, asr #4
10004784:	f1bc 0f09 	cmp.w	ip, #9
10004788:	bfcc      	ite	gt
1000478a:	f10c 0c37 	addgt.w	ip, ip, #55	@ 0x37
1000478e:	f10c 0c30 	addle.w	ip, ip, #48	@ 0x30
10004792:	2901      	cmp	r1, #1
10004794:	f880 c000 	strb.w	ip, [r0]
10004798:	f000 80ad 	beq.w	100048f6 <pico_get_unique_board_id_string+0x182>
1000479c:	f003 030f 	and.w	r3, r3, #15
100047a0:	2b09      	cmp	r3, #9
100047a2:	bf8c      	ite	hi
100047a4:	3337      	addhi	r3, #55	@ 0x37
100047a6:	3330      	addls	r3, #48	@ 0x30
100047a8:	2902      	cmp	r1, #2
100047aa:	7043      	strb	r3, [r0, #1]
100047ac:	f000 80a3 	beq.w	100048f6 <pico_get_unique_board_id_string+0x182>
100047b0:	7853      	ldrb	r3, [r2, #1]
100047b2:	ea4f 1c23 	mov.w	ip, r3, asr #4
100047b6:	f1bc 0f09 	cmp.w	ip, #9
100047ba:	bfcc      	ite	gt
100047bc:	f10c 0c37 	addgt.w	ip, ip, #55	@ 0x37
100047c0:	f10c 0c30 	addle.w	ip, ip, #48	@ 0x30
100047c4:	2903      	cmp	r1, #3
100047c6:	f880 c002 	strb.w	ip, [r0, #2]
100047ca:	f000 8094 	beq.w	100048f6 <pico_get_unique_board_id_string+0x182>
100047ce:	f003 030f 	and.w	r3, r3, #15
100047d2:	2b09      	cmp	r3, #9
100047d4:	bf8c      	ite	hi
100047d6:	3337      	addhi	r3, #55	@ 0x37
100047d8:	3330      	addls	r3, #48	@ 0x30
100047da:	2904      	cmp	r1, #4
100047dc:	70c3      	strb	r3, [r0, #3]
100047de:	f000 808a 	beq.w	100048f6 <pico_get_unique_board_id_string+0x182>
100047e2:	7893      	ldrb	r3, [r2, #2]
100047e4:	ea4f 1c23 	mov.w	ip, r3, asr #4
100047e8:	f1bc 0f09 	cmp.w	ip, #9
100047ec:	bfcc      	ite	gt
100047ee:	f10c 0c37 	addgt.w	ip, ip, #55	@ 0x37
100047f2:	f10c 0c30 	addle.w	ip, ip, #48	@ 0x30
100047f6:	2905      	cmp	r1, #5
100047f8:	f880 c004 	strb.w	ip, [r0, #4]
100047fc:	d07b      	beq.n	100048f6 <pico_get_unique_board_id_string+0x182>
100047fe:	f003 030f 	and.w	r3, r3, #15
10004802:	2b09      	cmp	r3, #9
10004804:	bf8c      	ite	hi
10004806:	3337      	addhi	r3, #55	@ 0x37
10004808:	3330      	addls	r3, #48	@ 0x30
1000480a:	2906      	cmp	r1, #6
1000480c:	7143      	strb	r3, [r0, #5]
1000480e:	d072      	beq.n	100048f6 <pico_get_unique_board_id_string+0x182>
10004810:	78d3      	ldrb	r3, [r2, #3]
10004812:	ea4f 1c23 	mov.w	ip, r3, asr #4
10004816:	f1bc 0f09 	cmp.w	ip, #9
1000481a:	bfcc      	ite	gt
1000481c:	f10c 0c37 	addgt.w	ip, ip, #55	@ 0x37
10004820:	f10c 0c30 	addle.w	ip, ip, #48	@ 0x30
10004824:	2907      	cmp	r1, #7
10004826:	f880 c006 	strb.w	ip, [r0, #6]
1000482a:	d064      	beq.n	100048f6 <pico_get_unique_board_id_string+0x182>
1000482c:	f003 030f 	and.w	r3, r3, #15
10004830:	2b09      	cmp	r3, #9
10004832:	bf8c      	ite	hi
10004834:	3337      	addhi	r3, #55	@ 0x37
10004836:	3330      	addls	r3, #48	@ 0x30
10004838:	2908      	cmp	r1, #8
1000483a:	71c3      	strb	r3, [r0, #7]
1000483c:	d05b      	beq.n	100048f6 <pico_get_unique_board_id_string+0x182>
1000483e:	7913      	ldrb	r3, [r2, #4]
10004840:	ea4f 1c23 	mov.w	ip, r3, asr #4
10004844:	f1bc 0f09 	cmp.w	ip, #9
10004848:	bfcc      	ite	gt
1000484a:	f10c 0c37 	addgt.w	ip, ip, #55	@ 0x37
1000484e:	f10c 0c30 	addle.w	ip, ip, #48	@ 0x30
10004852:	2909      	cmp	r1, #9
10004854:	f880 c008 	strb.w	ip, [r0, #8]
10004858:	d04d      	beq.n	100048f6 <pico_get_unique_board_id_string+0x182>
1000485a:	f003 030f 	and.w	r3, r3, #15
1000485e:	2b09      	cmp	r3, #9
10004860:	bf8c      	ite	hi
10004862:	3337      	addhi	r3, #55	@ 0x37
10004864:	3330      	addls	r3, #48	@ 0x30
10004866:	290a      	cmp	r1, #10
10004868:	7243      	strb	r3, [r0, #9]
1000486a:	d044      	beq.n	100048f6 <pico_get_unique_board_id_string+0x182>
1000486c:	7953      	ldrb	r3, [r2, #5]
1000486e:	ea4f 1c23 	mov.w	ip, r3, asr #4
10004872:	f1bc 0f09 	cmp.w	ip, #9
10004876:	bfcc      	ite	gt
10004878:	f10c 0c37 	addgt.w	ip, ip, #55	@ 0x37
1000487c:	f10c 0c30 	addle.w	ip, ip, #48	@ 0x30
10004880:	290b      	cmp	r1, #11
10004882:	f880 c00a 	strb.w	ip, [r0, #10]
10004886:	d036      	beq.n	100048f6 <pico_get_unique_board_id_string+0x182>
10004888:	f003 030f 	and.w	r3, r3, #15
1000488c:	2b09      	cmp	r3, #9
1000488e:	bf8c      	ite	hi
10004890:	3337      	addhi	r3, #55	@ 0x37
10004892:	3330      	addls	r3, #48	@ 0x30
10004894:	290c      	cmp	r1, #12
10004896:	72c3      	strb	r3, [r0, #11]
10004898:	d02d      	beq.n	100048f6 <pico_get_unique_board_id_string+0x182>
1000489a:	7993      	ldrb	r3, [r2, #6]
1000489c:	ea4f 1c23 	mov.w	ip, r3, asr #4
100048a0:	f1bc 0f09 	cmp.w	ip, #9
100048a4:	bfcc      	ite	gt
100048a6:	f10c 0c37 	addgt.w	ip, ip, #55	@ 0x37
100048aa:	f10c 0c30 	addle.w	ip, ip, #48	@ 0x30
100048ae:	290d      	cmp	r1, #13
100048b0:	f880 c00c 	strb.w	ip, [r0, #12]
100048b4:	d01f      	beq.n	100048f6 <pico_get_unique_board_id_string+0x182>
100048b6:	f003 030f 	and.w	r3, r3, #15
100048ba:	2b09      	cmp	r3, #9
100048bc:	bf8c      	ite	hi
100048be:	3337      	addhi	r3, #55	@ 0x37
100048c0:	3330      	addls	r3, #48	@ 0x30
100048c2:	290e      	cmp	r1, #14
100048c4:	7343      	strb	r3, [r0, #13]
100048c6:	d016      	beq.n	100048f6 <pico_get_unique_board_id_string+0x182>
100048c8:	79d3      	ldrb	r3, [r2, #7]
100048ca:	111a      	asrs	r2, r3, #4
100048cc:	2a09      	cmp	r2, #9
100048ce:	bfcc      	ite	gt
100048d0:	3237      	addgt	r2, #55	@ 0x37
100048d2:	3230      	addle	r2, #48	@ 0x30
100048d4:	290f      	cmp	r1, #15
100048d6:	7382      	strb	r2, [r0, #14]
100048d8:	d00d      	beq.n	100048f6 <pico_get_unique_board_id_string+0x182>
100048da:	f003 030f 	and.w	r3, r3, #15
100048de:	2b09      	cmp	r3, #9
100048e0:	bf94      	ite	ls
100048e2:	3330      	addls	r3, #48	@ 0x30
100048e4:	3337      	addhi	r3, #55	@ 0x37
100048e6:	2910      	cmp	r1, #16
100048e8:	73c3      	strb	r3, [r0, #15]
100048ea:	bf18      	it	ne
100048ec:	3010      	addne	r0, #16
100048ee:	d002      	beq.n	100048f6 <pico_get_unique_board_id_string+0x182>
100048f0:	2300      	movs	r3, #0
100048f2:	7003      	strb	r3, [r0, #0]
100048f4:	4770      	bx	lr
100048f6:	2300      	movs	r3, #0
100048f8:	4408      	add	r0, r1
100048fa:	7003      	strb	r3, [r0, #0]
100048fc:	4770      	bx	lr
100048fe:	bf00      	nop
10004900:	20003e44 	.word	0x20003e44

10004904 <usb_reset_interface_init>:
10004904:	4770      	bx	lr
10004906:	bf00      	nop

10004908 <usb_reset_interface_reset>:
10004908:	2200      	movs	r2, #0
1000490a:	4b01      	ldr	r3, [pc, #4]	@ (10004910 <usb_reset_interface_reset+0x8>)
1000490c:	701a      	strb	r2, [r3, #0]
1000490e:	4770      	bx	lr
10004910:	20003e6e 	.word	0x20003e6e

10004914 <usb_reset_interface_open>:
10004914:	794b      	ldrb	r3, [r1, #5]
10004916:	2bff      	cmp	r3, #255	@ 0xff
10004918:	d10b      	bne.n	10004932 <usb_reset_interface_open+0x1e>
1000491a:	7988      	ldrb	r0, [r1, #6]
1000491c:	b948      	cbnz	r0, 10004932 <usb_reset_interface_open+0x1e>
1000491e:	79cb      	ldrb	r3, [r1, #7]
10004920:	2b01      	cmp	r3, #1
10004922:	d107      	bne.n	10004934 <usb_reset_interface_open+0x20>
10004924:	2a08      	cmp	r2, #8
10004926:	d905      	bls.n	10004934 <usb_reset_interface_open+0x20>
10004928:	4b03      	ldr	r3, [pc, #12]	@ (10004938 <usb_reset_interface_open+0x24>)
1000492a:	788a      	ldrb	r2, [r1, #2]
1000492c:	2009      	movs	r0, #9
1000492e:	701a      	strb	r2, [r3, #0]
10004930:	4770      	bx	lr
10004932:	2000      	movs	r0, #0
10004934:	4770      	bx	lr
10004936:	bf00      	nop
10004938:	20003e6e 	.word	0x20003e6e

1000493c <usb_reset_interface_xfer_cb>:
1000493c:	2001      	movs	r0, #1
1000493e:	4770      	bx	lr

10004940 <usb_reset_interface_control_xfer_cb>:
10004940:	2901      	cmp	r1, #1
10004942:	d001      	beq.n	10004948 <usb_reset_interface_control_xfer_cb+0x8>
10004944:	2001      	movs	r0, #1
10004946:	4770      	bx	lr
10004948:	b508      	push	{r3, lr}
1000494a:	4b10      	ldr	r3, [pc, #64]	@ (1000498c <usb_reset_interface_control_xfer_cb+0x4c>)
1000494c:	8891      	ldrh	r1, [r2, #4]
1000494e:	781b      	ldrb	r3, [r3, #0]
10004950:	4299      	cmp	r1, r3
10004952:	d001      	beq.n	10004958 <usb_reset_interface_control_xfer_cb+0x18>
10004954:	2000      	movs	r0, #0
10004956:	bd08      	pop	{r3, pc}
10004958:	7853      	ldrb	r3, [r2, #1]
1000495a:	2b01      	cmp	r3, #1
1000495c:	d008      	beq.n	10004970 <usb_reset_interface_control_xfer_cb+0x30>
1000495e:	2b02      	cmp	r3, #2
10004960:	d1f8      	bne.n	10004954 <usb_reset_interface_control_xfer_cb+0x14>
10004962:	2100      	movs	r1, #0
10004964:	2264      	movs	r2, #100	@ 0x64
10004966:	4608      	mov	r0, r1
10004968:	f7fd fbbe 	bl	100020e8 <watchdog_reboot>
1000496c:	2001      	movs	r0, #1
1000496e:	bd08      	pop	{r3, pc}
10004970:	8851      	ldrh	r1, [r2, #2]
10004972:	f411 7280 	ands.w	r2, r1, #256	@ 0x100
10004976:	bf1a      	itte	ne
10004978:	f3c1 12c0 	ubfxne	r2, r1, #7, #1
1000497c:	0a48      	lsrne	r0, r1, #9
1000497e:	f04f 30ff 	moveq.w	r0, #4294967295	@ 0xffffffff
10004982:	f001 0103 	and.w	r1, r1, #3
10004986:	f7fd fc39 	bl	100021fc <rom_reset_usb_boot_extra>
1000498a:	bf00      	nop
1000498c:	20003e6e 	.word	0x20003e6e

10004990 <tud_descriptor_bos_cb>:
10004990:	4800      	ldr	r0, [pc, #0]	@ (10004994 <tud_descriptor_bos_cb+0x4>)
10004992:	4770      	bx	lr
10004994:	100073c0 	.word	0x100073c0

10004998 <tud_vendor_control_xfer_cb>:
10004998:	2901      	cmp	r1, #1
1000499a:	d107      	bne.n	100049ac <tud_vendor_control_xfer_cb+0x14>
1000499c:	7853      	ldrb	r3, [r2, #1]
1000499e:	2b01      	cmp	r3, #1
100049a0:	d102      	bne.n	100049a8 <tud_vendor_control_xfer_cb+0x10>
100049a2:	8893      	ldrh	r3, [r2, #4]
100049a4:	2b07      	cmp	r3, #7
100049a6:	d003      	beq.n	100049b0 <tud_vendor_control_xfer_cb+0x18>
100049a8:	2000      	movs	r0, #0
100049aa:	4770      	bx	lr
100049ac:	2001      	movs	r0, #1
100049ae:	4770      	bx	lr
100049b0:	4611      	mov	r1, r2
100049b2:	23a6      	movs	r3, #166	@ 0xa6
100049b4:	4a01      	ldr	r2, [pc, #4]	@ (100049bc <tud_vendor_control_xfer_cb+0x24>)
100049b6:	f000 bf1f 	b.w	100057f8 <tud_control_xfer>
100049ba:	bf00      	nop
100049bc:	10007318 	.word	0x10007318

100049c0 <usbd_app_driver_get_cb>:
100049c0:	4603      	mov	r3, r0
100049c2:	2201      	movs	r2, #1
100049c4:	4801      	ldr	r0, [pc, #4]	@ (100049cc <usbd_app_driver_get_cb+0xc>)
100049c6:	701a      	strb	r2, [r3, #0]
100049c8:	4770      	bx	lr
100049ca:	bf00      	nop
100049cc:	100073e4 	.word	0x100073e4

100049d0 <tud_cdc_line_coding_cb>:
100049d0:	b508      	push	{r3, lr}
100049d2:	680b      	ldr	r3, [r1, #0]
100049d4:	f5b3 6f96 	cmp.w	r3, #1200	@ 0x4b0
100049d8:	d000      	beq.n	100049dc <tud_cdc_line_coding_cb+0xc>
100049da:	bd08      	pop	{r3, pc}
100049dc:	2200      	movs	r2, #0
100049de:	f04f 30ff 	mov.w	r0, #4294967295	@ 0xffffffff
100049e2:	4611      	mov	r1, r2
100049e4:	f7fd fc0a 	bl	100021fc <rom_reset_usb_boot_extra>

100049e8 <dcd_init>:
100049e8:	b510      	push	{r4, lr}
100049ea:	f000 f92d 	bl	10004c48 <rp2040_usb_init>
100049ee:	230c      	movs	r3, #12
100049f0:	4c1c      	ldr	r4, [pc, #112]	@ (10004a64 <dcd_init+0x7c>)
100049f2:	22ff      	movs	r2, #255	@ 0xff
100049f4:	67a3      	str	r3, [r4, #120]	@ 0x78
100049f6:	200e      	movs	r0, #14
100049f8:	491b      	ldr	r1, [pc, #108]	@ (10004a68 <dcd_init+0x80>)
100049fa:	f7fc fc2b 	bl	10001254 <irq_add_shared_handler>
100049fe:	2240      	movs	r2, #64	@ 0x40
10004a00:	2100      	movs	r1, #0
10004a02:	481a      	ldr	r0, [pc, #104]	@ (10004a6c <dcd_init+0x84>)
10004a04:	f002 f9ec 	bl	10006de0 <__memset_veneer>
10004a08:	f04f 0c80 	mov.w	ip, #128	@ 0x80
10004a0c:	2001      	movs	r0, #1
10004a0e:	4a17      	ldr	r2, [pc, #92]	@ (10004a6c <dcd_init+0x84>)
10004a10:	2300      	movs	r3, #0
10004a12:	f8a2 c022 	strh.w	ip, [r2, #34]	@ 0x22
10004a16:	7050      	strb	r0, [r2, #1]
10004a18:	4610      	mov	r0, r2
10004a1a:	2240      	movs	r2, #64	@ 0x40
10004a1c:	4914      	ldr	r1, [pc, #80]	@ (10004a70 <dcd_init+0x88>)
10004a1e:	8302      	strh	r2, [r0, #24]
10004a20:	8702      	strh	r2, [r0, #56]	@ 0x38
10004a22:	4a14      	ldr	r2, [pc, #80]	@ (10004a74 <dcd_init+0x8c>)
10004a24:	6081      	str	r1, [r0, #8]
10004a26:	6043      	str	r3, [r0, #4]
10004a28:	f8c2 3084 	str.w	r3, [r2, #132]	@ 0x84
10004a2c:	f8c2 3080 	str.w	r3, [r2, #128]	@ 0x80
10004a30:	f880 3021 	strb.w	r3, [r0, #33]	@ 0x21
10004a34:	f880 303b 	strb.w	r3, [r0, #59]	@ 0x3b
10004a38:	6243      	str	r3, [r0, #36]	@ 0x24
10004a3a:	4b0f      	ldr	r3, [pc, #60]	@ (10004a78 <dcd_init+0x90>)
10004a3c:	60c3      	str	r3, [r0, #12]
10004a3e:	62c3      	str	r3, [r0, #44]	@ 0x2c
10004a40:	3b80      	subs	r3, #128	@ 0x80
10004a42:	6283      	str	r3, [r0, #40]	@ 0x28
10004a44:	f002 f9d0 	bl	10006de8 <__reset_non_control_endpoints_veneer>
10004a48:	f04f 5c00 	mov.w	ip, #536870912	@ 0x20000000
10004a4c:	f44f 3280 	mov.w	r2, #65536	@ 0x10000
10004a50:	2001      	movs	r0, #1
10004a52:	490a      	ldr	r1, [pc, #40]	@ (10004a7c <dcd_init+0x94>)
10004a54:	4b0a      	ldr	r3, [pc, #40]	@ (10004a80 <dcd_init+0x98>)
10004a56:	6420      	str	r0, [r4, #64]	@ 0x40
10004a58:	f8c4 c04c 	str.w	ip, [r4, #76]	@ 0x4c
10004a5c:	f8c4 1090 	str.w	r1, [r4, #144]	@ 0x90
10004a60:	64da      	str	r2, [r3, #76]	@ 0x4c
10004a62:	bd10      	pop	{r4, pc}
10004a64:	50110000 	.word	0x50110000
10004a68:	20000399 	.word	0x20000399
10004a6c:	20001a08 	.word	0x20001a08
10004a70:	50100084 	.word	0x50100084
10004a74:	50100000 	.word	0x50100000
10004a78:	50100100 	.word	0x50100100
10004a7c:	0001d010 	.word	0x0001d010
10004a80:	50112000 	.word	0x50112000

10004a84 <dcd_int_enable>:
10004a84:	2101      	movs	r1, #1
10004a86:	200e      	movs	r0, #14
10004a88:	f7fc bb70 	b.w	1000116c <irq_set_enabled>

10004a8c <dcd_set_address>:
10004a8c:	2200      	movs	r2, #0
10004a8e:	4802      	ldr	r0, [pc, #8]	@ (10004a98 <dcd_set_address+0xc>)
10004a90:	4611      	mov	r1, r2
10004a92:	f000 b8f9 	b.w	10004c88 <hw_endpoint_xfer_start>
10004a96:	bf00      	nop
10004a98:	20001a28 	.word	0x20001a28

10004a9c <dcd_sof_enable>:
10004a9c:	4b04      	ldr	r3, [pc, #16]	@ (10004ab0 <dcd_sof_enable+0x14>)
10004a9e:	7019      	strb	r1, [r3, #0]
10004aa0:	b121      	cbz	r1, 10004aac <dcd_sof_enable+0x10>
10004aa2:	f44f 3200 	mov.w	r2, #131072	@ 0x20000
10004aa6:	4b03      	ldr	r3, [pc, #12]	@ (10004ab4 <dcd_sof_enable+0x18>)
10004aa8:	f8c3 2090 	str.w	r2, [r3, #144]	@ 0x90
10004aac:	4770      	bx	lr
10004aae:	bf00      	nop
10004ab0:	20003e6a 	.word	0x20003e6a
10004ab4:	50112000 	.word	0x50112000

10004ab8 <dcd_edpt0_status_complete>:
10004ab8:	780b      	ldrb	r3, [r1, #0]
10004aba:	065b      	lsls	r3, r3, #25
10004abc:	d000      	beq.n	10004ac0 <dcd_edpt0_status_complete+0x8>
10004abe:	4770      	bx	lr
10004ac0:	784b      	ldrb	r3, [r1, #1]
10004ac2:	2b05      	cmp	r3, #5
10004ac4:	d1fb      	bne.n	10004abe <dcd_edpt0_status_complete+0x6>
10004ac6:	884b      	ldrh	r3, [r1, #2]
10004ac8:	4a01      	ldr	r2, [pc, #4]	@ (10004ad0 <dcd_edpt0_status_complete+0x18>)
10004aca:	b2db      	uxtb	r3, r3
10004acc:	6013      	str	r3, [r2, #0]
10004ace:	e7f6      	b.n	10004abe <dcd_edpt0_status_complete+0x6>
10004ad0:	50110000 	.word	0x50110000

10004ad4 <dcd_edpt_open>:
10004ad4:	78cb      	ldrb	r3, [r1, #3]
10004ad6:	e92d 41f0 	stmdb	sp!, {r4, r5, r6, r7, r8, lr}
10004ada:	f003 0e03 	and.w	lr, r3, #3
10004ade:	f1be 0f01 	cmp.w	lr, #1
10004ae2:	f3c3 0001 	ubfx	r0, r3, #0, #2
10004ae6:	d057      	beq.n	10004b98 <dcd_edpt_open+0xc4>
10004ae8:	2600      	movs	r6, #0
10004aea:	788c      	ldrb	r4, [r1, #2]
10004aec:	f8df c0d4 	ldr.w	ip, [pc, #212]	@ 10004bc4 <dcd_edpt_open+0xf0>
10004af0:	f004 027f 	and.w	r2, r4, #127	@ 0x7f
10004af4:	0053      	lsls	r3, r2, #1
10004af6:	8889      	ldrh	r1, [r1, #4]
10004af8:	4698      	mov	r8, r3
10004afa:	eb03 13d4 	add.w	r3, r3, r4, lsr #7
10004afe:	eb0c 1343 	add.w	r3, ip, r3, lsl #5
10004b02:	09e5      	lsrs	r5, r4, #7
10004b04:	76d8      	strb	r0, [r3, #27]
10004b06:	f3c1 010a 	ubfx	r1, r1, #0, #11
10004b0a:	f085 0001 	eor.w	r0, r5, #1
10004b0e:	709c      	strb	r4, [r3, #2]
10004b10:	8319      	strh	r1, [r3, #24]
10004b12:	7058      	strb	r0, [r3, #1]
10004b14:	70de      	strb	r6, [r3, #3]
10004b16:	00d3      	lsls	r3, r2, #3
10004b18:	bb6d      	cbnz	r5, 10004b76 <dcd_edpt_open+0xa2>
10004b1a:	4825      	ldr	r0, [pc, #148]	@ (10004bb0 <dcd_edpt_open+0xdc>)
10004b1c:	3304      	adds	r3, #4
10004b1e:	eb0c 1482 	add.w	r4, ip, r2, lsl #6
10004b22:	181f      	adds	r7, r3, r0
10004b24:	60a7      	str	r7, [r4, #8]
10004b26:	501e      	str	r6, [r3, r0]
10004b28:	b36a      	cbz	r2, 10004b86 <dcd_edpt_open+0xb2>
10004b2a:	4b22      	ldr	r3, [pc, #136]	@ (10004bb4 <dcd_edpt_open+0xe0>)
10004b2c:	eb03 03c2 	add.w	r3, r3, r2, lsl #3
10004b30:	6063      	str	r3, [r4, #4]
10004b32:	313f      	adds	r1, #63	@ 0x3f
10004b34:	0989      	lsrs	r1, r1, #6
10004b36:	f1be 0f02 	cmp.w	lr, #2
10004b3a:	bf14      	ite	ne
10004b3c:	018b      	lslne	r3, r1, #6
10004b3e:	01cb      	lsleq	r3, r1, #7
10004b40:	491d      	ldr	r1, [pc, #116]	@ (10004bb8 <dcd_edpt_open+0xe4>)
10004b42:	eb08 0205 	add.w	r2, r8, r5
10004b46:	eb0c 1c42 	add.w	ip, ip, r2, lsl #5
10004b4a:	680a      	ldr	r2, [r1, #0]
10004b4c:	481b      	ldr	r0, [pc, #108]	@ (10004bbc <dcd_edpt_open+0xe8>)
10004b4e:	4413      	add	r3, r2
10004b50:	4283      	cmp	r3, r0
10004b52:	600b      	str	r3, [r1, #0]
10004b54:	f8cc 200c 	str.w	r2, [ip, #12]
10004b58:	d828      	bhi.n	10004bac <dcd_edpt_open+0xd8>
10004b5a:	f082 43a0 	eor.w	r3, r2, #1342177280	@ 0x50000000
10004b5e:	f483 1380 	eor.w	r3, r3, #1048576	@ 0x100000
10004b62:	f8dc 2004 	ldr.w	r2, [ip, #4]
10004b66:	ea43 638e 	orr.w	r3, r3, lr, lsl #26
10004b6a:	f043 4300 	orr.w	r3, r3, #2147483648	@ 0x80000000
10004b6e:	6013      	str	r3, [r2, #0]
10004b70:	2001      	movs	r0, #1
10004b72:	e8bd 81f0 	ldmia.w	sp!, {r4, r5, r6, r7, r8, pc}
10004b76:	480e      	ldr	r0, [pc, #56]	@ (10004bb0 <dcd_edpt_open+0xdc>)
10004b78:	eb0c 1482 	add.w	r4, ip, r2, lsl #6
10004b7c:	4403      	add	r3, r0
10004b7e:	62a3      	str	r3, [r4, #40]	@ 0x28
10004b80:	f840 6032 	str.w	r6, [r0, r2, lsl #3]
10004b84:	b95a      	cbnz	r2, 10004b9e <dcd_edpt_open+0xca>
10004b86:	4613      	mov	r3, r2
10004b88:	4a0d      	ldr	r2, [pc, #52]	@ (10004bc0 <dcd_edpt_open+0xec>)
10004b8a:	eb0c 1c45 	add.w	ip, ip, r5, lsl #5
10004b8e:	f8cc 200c 	str.w	r2, [ip, #12]
10004b92:	f8cc 3004 	str.w	r3, [ip, #4]
10004b96:	e7eb      	b.n	10004b70 <dcd_edpt_open+0x9c>
10004b98:	2000      	movs	r0, #0
10004b9a:	e8bd 81f0 	ldmia.w	sp!, {r4, r5, r6, r7, r8, pc}
10004b9e:	00d2      	lsls	r2, r2, #3
10004ba0:	f102 42a0 	add.w	r2, r2, #1342177280	@ 0x50000000
10004ba4:	f502 1280 	add.w	r2, r2, #1048576	@ 0x100000
10004ba8:	6262      	str	r2, [r4, #36]	@ 0x24
10004baa:	e7c2      	b.n	10004b32 <dcd_edpt_open+0x5e>
10004bac:	f7fd fb64 	bl	10002278 <hard_assertion_failure>
10004bb0:	50100080 	.word	0x50100080
10004bb4:	50100004 	.word	0x50100004
10004bb8:	20001e10 	.word	0x20001e10
10004bbc:	50100fff 	.word	0x50100fff
10004bc0:	50100100 	.word	0x50100100
10004bc4:	20001a08 	.word	0x20001a08

10004bc8 <dcd_edpt_close_all>:
10004bc8:	f002 b90e 	b.w	10006de8 <__reset_non_control_endpoints_veneer>

10004bcc <dcd_edpt_xfer>:
10004bcc:	b508      	push	{r3, lr}
10004bce:	4696      	mov	lr, r2
10004bd0:	f8df c01c 	ldr.w	ip, [pc, #28]	@ 10004bf0 <dcd_edpt_xfer+0x24>
10004bd4:	f001 027f 	and.w	r2, r1, #127	@ 0x7f
10004bd8:	09c8      	lsrs	r0, r1, #7
10004bda:	eb00 0042 	add.w	r0, r0, r2, lsl #1
10004bde:	eb0c 1040 	add.w	r0, ip, r0, lsl #5
10004be2:	461a      	mov	r2, r3
10004be4:	4671      	mov	r1, lr
10004be6:	f000 f84f 	bl	10004c88 <hw_endpoint_xfer_start>
10004bea:	2001      	movs	r0, #1
10004bec:	bd08      	pop	{r3, pc}
10004bee:	bf00      	nop
10004bf0:	20001a08 	.word	0x20001a08

10004bf4 <dcd_edpt_stall>:
10004bf4:	f011 027f 	ands.w	r2, r1, #127	@ 0x7f
10004bf8:	d105      	bne.n	10004c06 <dcd_edpt_stall+0x12>
10004bfa:	2900      	cmp	r1, #0
10004bfc:	bf0c      	ite	eq
10004bfe:	2002      	moveq	r0, #2
10004c00:	2001      	movne	r0, #1
10004c02:	4b06      	ldr	r3, [pc, #24]	@ (10004c1c <dcd_edpt_stall+0x28>)
10004c04:	6698      	str	r0, [r3, #104]	@ 0x68
10004c06:	09c9      	lsrs	r1, r1, #7
10004c08:	4b05      	ldr	r3, [pc, #20]	@ (10004c20 <dcd_edpt_stall+0x2c>)
10004c0a:	eb01 0042 	add.w	r0, r1, r2, lsl #1
10004c0e:	eb03 1040 	add.w	r0, r3, r0, lsl #5
10004c12:	f44f 6200 	mov.w	r2, #2048	@ 0x800
10004c16:	2100      	movs	r1, #0
10004c18:	f002 b8ce 	b.w	10006db8 <___hw_endpoint_buffer_control_update32_veneer>
10004c1c:	50112000 	.word	0x50112000
10004c20:	20001a08 	.word	0x20001a08

10004c24 <dcd_edpt_clear_stall>:
10004c24:	f011 037f 	ands.w	r3, r1, #127	@ 0x7f
10004c28:	d100      	bne.n	10004c2c <dcd_edpt_clear_stall+0x8>
10004c2a:	4770      	bx	lr
10004c2c:	2200      	movs	r2, #0
10004c2e:	4805      	ldr	r0, [pc, #20]	@ (10004c44 <dcd_edpt_clear_stall+0x20>)
10004c30:	005b      	lsls	r3, r3, #1
10004c32:	eb03 13d1 	add.w	r3, r3, r1, lsr #7
10004c36:	eb00 1043 	add.w	r0, r0, r3, lsl #5
10004c3a:	f46f 6100 	mvn.w	r1, #2048	@ 0x800
10004c3e:	70c2      	strb	r2, [r0, #3]
10004c40:	f002 b8ba 	b.w	10006db8 <___hw_endpoint_buffer_control_update32_veneer>
10004c44:	20001a08 	.word	0x20001a08

10004c48 <rp2040_usb_init>:
10004c48:	f04f 5280 	mov.w	r2, #268435456	@ 0x10000000
10004c4c:	4809      	ldr	r0, [pc, #36]	@ (10004c74 <rp2040_usb_init+0x2c>)
10004c4e:	490a      	ldr	r1, [pc, #40]	@ (10004c78 <rp2040_usb_init+0x30>)
10004c50:	b508      	push	{r3, lr}
10004c52:	4b0a      	ldr	r3, [pc, #40]	@ (10004c7c <rp2040_usb_init+0x34>)
10004c54:	6002      	str	r2, [r0, #0]
10004c56:	600a      	str	r2, [r1, #0]
10004c58:	6899      	ldr	r1, [r3, #8]
10004c5a:	43c9      	mvns	r1, r1
10004c5c:	f011 5180 	ands.w	r1, r1, #268435456	@ 0x10000000
10004c60:	d1fa      	bne.n	10004c58 <rp2040_usb_init+0x10>
10004c62:	f44f 5280 	mov.w	r2, #4096	@ 0x1000
10004c66:	4806      	ldr	r0, [pc, #24]	@ (10004c80 <rp2040_usb_init+0x38>)
10004c68:	f002 f8ba 	bl	10006de0 <__memset_veneer>
10004c6c:	2209      	movs	r2, #9
10004c6e:	4b05      	ldr	r3, [pc, #20]	@ (10004c84 <rp2040_usb_init+0x3c>)
10004c70:	675a      	str	r2, [r3, #116]	@ 0x74
10004c72:	bd08      	pop	{r3, pc}
10004c74:	40022000 	.word	0x40022000
10004c78:	40023000 	.word	0x40023000
10004c7c:	40020000 	.word	0x40020000
10004c80:	50100000 	.word	0x50100000
10004c84:	50110000 	.word	0x50110000

10004c88 <hw_endpoint_xfer_start>:
10004c88:	2300      	movs	r3, #0
10004c8a:	f04f 0c01 	mov.w	ip, #1
10004c8e:	b510      	push	{r4, lr}
10004c90:	6101      	str	r1, [r0, #16]
10004c92:	f880 c01a 	strb.w	ip, [r0, #26]
10004c96:	8282      	strh	r2, [r0, #20]
10004c98:	82c3      	strh	r3, [r0, #22]
10004c9a:	4604      	mov	r4, r0
10004c9c:	f002 f884 	bl	10006da8 <__e15_is_bulkin_ep_veneer>
10004ca0:	b120      	cbz	r0, 10004cac <hw_endpoint_xfer_start+0x24>
10004ca2:	f44f 3200 	mov.w	r2, #131072	@ 0x20000
10004ca6:	4b07      	ldr	r3, [pc, #28]	@ (10004cc4 <hw_endpoint_xfer_start+0x3c>)
10004ca8:	f8c3 2090 	str.w	r2, [r3, #144]	@ 0x90
10004cac:	4620      	mov	r0, r4
10004cae:	f002 f87f 	bl	10006db0 <__e15_is_critical_frame_period_veneer>
10004cb2:	b110      	cbz	r0, 10004cba <hw_endpoint_xfer_start+0x32>
10004cb4:	2301      	movs	r3, #1
10004cb6:	7723      	strb	r3, [r4, #28]
10004cb8:	bd10      	pop	{r4, pc}
10004cba:	4620      	mov	r0, r4
10004cbc:	e8bd 4010 	ldmia.w	sp!, {r4, lr}
10004cc0:	f002 b866 	b.w	10006d90 <__hw_endpoint_start_next_buffer_veneer>
10004cc4:	50112000 	.word	0x50112000

10004cc8 <configuration_reset>:
10004cc8:	e92d 41f0 	stmdb	sp!, {r4, r5, r6, r7, r8, lr}
10004ccc:	f04f 0800 	mov.w	r8, #0
10004cd0:	4c1b      	ldr	r4, [pc, #108]	@ (10004d40 <configuration_reset+0x78>)
10004cd2:	4605      	mov	r5, r0
10004cd4:	4642      	mov	r2, r8
10004cd6:	7823      	ldrb	r3, [r4, #0]
10004cd8:	4f1a      	ldr	r7, [pc, #104]	@ (10004d44 <configuration_reset+0x7c>)
10004cda:	4e1b      	ldr	r6, [pc, #108]	@ (10004d48 <configuration_reset+0x80>)
10004cdc:	e00d      	b.n	10004cfa <configuration_reset+0x32>
10004cde:	6833      	ldr	r3, [r6, #0]
10004ce0:	eb13 1342 	adds.w	r3, r3, r2, lsl #5
10004ce4:	d023      	beq.n	10004d2e <configuration_reset+0x66>
10004ce6:	68db      	ldr	r3, [r3, #12]
10004ce8:	4628      	mov	r0, r5
10004cea:	4798      	blx	r3
10004cec:	f108 0801 	add.w	r8, r8, #1
10004cf0:	7823      	ldrb	r3, [r4, #0]
10004cf2:	fa5f f288 	uxtb.w	r2, r8
10004cf6:	4293      	cmp	r3, r2
10004cf8:	d306      	bcc.n	10004d08 <configuration_reset+0x40>
10004cfa:	4293      	cmp	r3, r2
10004cfc:	eba2 0303 	sub.w	r3, r2, r3
10004d00:	d8ed      	bhi.n	10004cde <configuration_reset+0x16>
10004d02:	eb07 1343 	add.w	r3, r7, r3, lsl #5
10004d06:	e7ee      	b.n	10004ce6 <configuration_reset+0x1e>
10004d08:	2254      	movs	r2, #84	@ 0x54
10004d0a:	2100      	movs	r1, #0
10004d0c:	480f      	ldr	r0, [pc, #60]	@ (10004d4c <configuration_reset+0x84>)
10004d0e:	f002 f867 	bl	10006de0 <__memset_veneer>
10004d12:	f04f 33ff 	mov.w	r3, #4294967295	@ 0xffffffff
10004d16:	4c0d      	ldr	r4, [pc, #52]	@ (10004d4c <configuration_reset+0x84>)
10004d18:	2220      	movs	r2, #32
10004d1a:	e9c4 3301 	strd	r3, r3, [r4, #4]
10004d1e:	e9c4 3303 	strd	r3, r3, [r4, #12]
10004d22:	21ff      	movs	r1, #255	@ 0xff
10004d24:	e8bd 41f0 	ldmia.w	sp!, {r4, r5, r6, r7, r8, lr}
10004d28:	4809      	ldr	r0, [pc, #36]	@ (10004d50 <configuration_reset+0x88>)
10004d2a:	f002 b859 	b.w	10006de0 <__memset_veneer>
10004d2e:	f04f 23e0 	mov.w	r3, #3758153728	@ 0xe000e000
10004d32:	f8d3 3df0 	ldr.w	r3, [r3, #3568]	@ 0xdf0
10004d36:	07db      	lsls	r3, r3, #31
10004d38:	d500      	bpl.n	10004d3c <configuration_reset+0x74>
10004d3a:	be00      	bkpt	0x0000
10004d3c:	e8bd 81f0 	ldmia.w	sp!, {r4, r5, r6, r7, r8, pc}
10004d40:	20003e69 	.word	0x20003e69
10004d44:	10007404 	.word	0x10007404
10004d48:	20001778 	.word	0x20001778
10004d4c:	20001880 	.word	0x20001880
10004d50:	20001894 	.word	0x20001894

10004d54 <tud_event_hook_cb>:
10004d54:	4770      	bx	lr
10004d56:	bf00      	nop

10004d58 <tud_sof_cb>:
10004d58:	4770      	bx	lr
10004d5a:	bf00      	nop

10004d5c <tud_descriptor_device_qualifier_cb>:
10004d5c:	2000      	movs	r0, #0
10004d5e:	4770      	bx	lr

10004d60 <tud_descriptor_other_speed_configuration_cb>:
10004d60:	2000      	movs	r0, #0
10004d62:	4770      	bx	lr

10004d64 <tud_mount_cb>:
10004d64:	4770      	bx	lr
10004d66:	bf00      	nop

10004d68 <tud_umount_cb>:
10004d68:	4770      	bx	lr
10004d6a:	bf00      	nop

10004d6c <tud_suspend_cb>:
10004d6c:	4770      	bx	lr
10004d6e:	bf00      	nop

10004d70 <tud_resume_cb>:
10004d70:	4770      	bx	lr
10004d72:	bf00      	nop

10004d74 <tud_mounted>:
10004d74:	4b02      	ldr	r3, [pc, #8]	@ (10004d80 <tud_mounted+0xc>)
10004d76:	7858      	ldrb	r0, [r3, #1]
10004d78:	3800      	subs	r0, #0
10004d7a:	bf18      	it	ne
10004d7c:	2001      	movne	r0, #1
10004d7e:	4770      	bx	lr
10004d80:	20001880 	.word	0x20001880

10004d84 <tud_suspended>:
10004d84:	4b02      	ldr	r3, [pc, #8]	@ (10004d90 <tud_suspended+0xc>)
10004d86:	7818      	ldrb	r0, [r3, #0]
10004d88:	f3c0 0080 	ubfx	r0, r0, #2, #1
10004d8c:	4770      	bx	lr
10004d8e:	bf00      	nop
10004d90:	20001880 	.word	0x20001880

10004d94 <tud_rhport_init>:
10004d94:	e92d 47f0 	stmdb	sp!, {r4, r5, r6, r7, r8, r9, sl, lr}
10004d98:	4f2d      	ldr	r7, [pc, #180]	@ (10004e50 <tud_rhport_init+0xbc>)
10004d9a:	783b      	ldrb	r3, [r7, #0]
10004d9c:	2bff      	cmp	r3, #255	@ 0xff
10004d9e:	d154      	bne.n	10004e4a <tud_rhport_init+0xb6>
10004da0:	2900      	cmp	r1, #0
10004da2:	d03d      	beq.n	10004e20 <tud_rhport_init+0x8c>
10004da4:	2254      	movs	r2, #84	@ 0x54
10004da6:	468a      	mov	sl, r1
10004da8:	4681      	mov	r9, r0
10004daa:	2100      	movs	r1, #0
10004dac:	4829      	ldr	r0, [pc, #164]	@ (10004e54 <tud_rhport_init+0xc0>)
10004dae:	f002 f817 	bl	10006de0 <__memset_veneer>
10004db2:	2200      	movs	r2, #0
10004db4:	4c28      	ldr	r4, [pc, #160]	@ (10004e58 <tud_rhport_init+0xc4>)
10004db6:	4b29      	ldr	r3, [pc, #164]	@ (10004e5c <tud_rhport_init+0xc8>)
10004db8:	4620      	mov	r0, r4
10004dba:	701a      	strb	r2, [r3, #0]
10004dbc:	f7fc fbe0 	bl	10001580 <mutex_init>
10004dc0:	4b27      	ldr	r3, [pc, #156]	@ (10004e60 <tud_rhport_init+0xcc>)
10004dc2:	4828      	ldr	r0, [pc, #160]	@ (10004e64 <tud_rhport_init+0xd0>)
10004dc4:	601c      	str	r4, [r3, #0]
10004dc6:	4c28      	ldr	r4, [pc, #160]	@ (10004e68 <tud_rhport_init+0xd4>)
10004dc8:	f7fc fbe8 	bl	1000159c <critical_section_init>
10004dcc:	4620      	mov	r0, r4
10004dce:	f001 fbdd 	bl	1000658c <tu_fifo_clear>
10004dd2:	4a26      	ldr	r2, [pc, #152]	@ (10004e6c <tud_rhport_init+0xd8>)
10004dd4:	4b26      	ldr	r3, [pc, #152]	@ (10004e70 <tud_rhport_init+0xdc>)
10004dd6:	6014      	str	r4, [r2, #0]
10004dd8:	b123      	cbz	r3, 10004de4 <tud_rhport_init+0x50>
10004dda:	4826      	ldr	r0, [pc, #152]	@ (10004e74 <tud_rhport_init+0xe0>)
10004ddc:	f7ff fdf0 	bl	100049c0 <usbd_app_driver_get_cb>
10004de0:	4b25      	ldr	r3, [pc, #148]	@ (10004e78 <tud_rhport_init+0xe4>)
10004de2:	6018      	str	r0, [r3, #0]
10004de4:	f04f 0800 	mov.w	r8, #0
10004de8:	4c22      	ldr	r4, [pc, #136]	@ (10004e74 <tud_rhport_init+0xe0>)
10004dea:	4643      	mov	r3, r8
10004dec:	7822      	ldrb	r2, [r4, #0]
10004dee:	4e23      	ldr	r6, [pc, #140]	@ (10004e7c <tud_rhport_init+0xe8>)
10004df0:	4d21      	ldr	r5, [pc, #132]	@ (10004e78 <tud_rhport_init+0xe4>)
10004df2:	e00d      	b.n	10004e10 <tud_rhport_init+0x7c>
10004df4:	682a      	ldr	r2, [r5, #0]
10004df6:	eb12 1343 	adds.w	r3, r2, r3, lsl #5
10004dfa:	d011      	beq.n	10004e20 <tud_rhport_init+0x8c>
10004dfc:	685b      	ldr	r3, [r3, #4]
10004dfe:	b17b      	cbz	r3, 10004e20 <tud_rhport_init+0x8c>
10004e00:	4798      	blx	r3
10004e02:	f108 0801 	add.w	r8, r8, #1
10004e06:	7822      	ldrb	r2, [r4, #0]
10004e08:	fa5f f388 	uxtb.w	r3, r8
10004e0c:	4293      	cmp	r3, r2
10004e0e:	d811      	bhi.n	10004e34 <tud_rhport_init+0xa0>
10004e10:	4293      	cmp	r3, r2
10004e12:	d3ef      	bcc.n	10004df4 <tud_rhport_init+0x60>
10004e14:	1a9b      	subs	r3, r3, r2
10004e16:	eb06 1343 	add.w	r3, r6, r3, lsl #5
10004e1a:	685b      	ldr	r3, [r3, #4]
10004e1c:	2b00      	cmp	r3, #0
10004e1e:	d1ef      	bne.n	10004e00 <tud_rhport_init+0x6c>
10004e20:	f04f 23e0 	mov.w	r3, #3758153728	@ 0xe000e000
10004e24:	f8d3 3df0 	ldr.w	r3, [r3, #3568]	@ 0xdf0
10004e28:	07db      	lsls	r3, r3, #31
10004e2a:	d500      	bpl.n	10004e2e <tud_rhport_init+0x9a>
10004e2c:	be00      	bkpt	0x0000
10004e2e:	2000      	movs	r0, #0
10004e30:	e8bd 87f0 	ldmia.w	sp!, {r4, r5, r6, r7, r8, r9, sl, pc}
10004e34:	4651      	mov	r1, sl
10004e36:	4648      	mov	r0, r9
10004e38:	f887 9000 	strb.w	r9, [r7]
10004e3c:	f7ff fdd4 	bl	100049e8 <dcd_init>
10004e40:	2800      	cmp	r0, #0
10004e42:	d0ed      	beq.n	10004e20 <tud_rhport_init+0x8c>
10004e44:	4648      	mov	r0, r9
10004e46:	f7ff fe1d 	bl	10004a84 <dcd_int_enable>
10004e4a:	2001      	movs	r0, #1
10004e4c:	e8bd 87f0 	ldmia.w	sp!, {r4, r5, r6, r7, r8, r9, sl, pc}
10004e50:	200014d4 	.word	0x200014d4
10004e54:	20001880 	.word	0x20001880
10004e58:	20001878 	.word	0x20001878
10004e5c:	20003e6b 	.word	0x20003e6b
10004e60:	200018d4 	.word	0x200018d4
10004e64:	200014cc 	.word	0x200014cc
10004e68:	200014b8 	.word	0x200014b8
10004e6c:	200018d8 	.word	0x200018d8
10004e70:	100049c1 	.word	0x100049c1
10004e74:	20003e69 	.word	0x20003e69
10004e78:	20001778 	.word	0x20001778
10004e7c:	10007404 	.word	0x10007404

10004e80 <tud_task_ext>:
10004e80:	4ba4      	ldr	r3, [pc, #656]	@ (10005114 <tud_task_ext+0x294>)
10004e82:	781b      	ldrb	r3, [r3, #0]
10004e84:	2bff      	cmp	r3, #255	@ 0xff
10004e86:	f000 8112 	beq.w	100050ae <tud_task_ext+0x22e>
10004e8a:	e92d 4ff0 	stmdb	sp!, {r4, r5, r6, r7, r8, r9, sl, fp, lr}
10004e8e:	4ca2      	ldr	r4, [pc, #648]	@ (10005118 <tud_task_ext+0x298>)
10004e90:	4da2      	ldr	r5, [pc, #648]	@ (1000511c <tud_task_ext+0x29c>)
10004e92:	f8df 829c 	ldr.w	r8, [pc, #668]	@ 10005130 <tud_task_ext+0x2b0>
10004e96:	4ea2      	ldr	r6, [pc, #648]	@ (10005120 <tud_task_ext+0x2a0>)
10004e98:	b08b      	sub	sp, #44	@ 0x2c
10004e9a:	6827      	ldr	r7, [r4, #0]
10004e9c:	697b      	ldr	r3, [r7, #20]
10004e9e:	f3ef 8210 	mrs	r2, PRIMASK
10004ea2:	b672      	cpsid	i
10004ea4:	e8d3 0fcf 	ldaexb	r0, [r3]
10004ea8:	2101      	movs	r1, #1
10004eaa:	2800      	cmp	r0, #0
10004eac:	d1fa      	bne.n	10004ea4 <tud_task_ext+0x24>
10004eae:	e8c3 1f40 	strexb	r0, r1, [r3]
10004eb2:	2800      	cmp	r0, #0
10004eb4:	d1f6      	bne.n	10004ea4 <tud_task_ext+0x24>
10004eb6:	f3bf 8f5f 	dmb	sy
10004eba:	61ba      	str	r2, [r7, #24]
10004ebc:	4638      	mov	r0, r7
10004ebe:	a907      	add	r1, sp, #28
10004ec0:	f001 f9aa 	bl	10006218 <tu_fifo_read>
10004ec4:	2300      	movs	r3, #0
10004ec6:	697a      	ldr	r2, [r7, #20]
10004ec8:	e8c2 3f8f 	stlb	r3, [r2]
10004ecc:	69bb      	ldr	r3, [r7, #24]
10004ece:	f383 8810 	msr	PRIMASK, r3
10004ed2:	2800      	cmp	r0, #0
10004ed4:	f000 80c6 	beq.w	10005064 <tud_task_ext+0x1e4>
10004ed8:	f89d 301d 	ldrb.w	r3, [sp, #29]
10004edc:	3b01      	subs	r3, #1
10004ede:	2b07      	cmp	r3, #7
10004ee0:	f200 8383 	bhi.w	100055ea <tud_task_ext+0x76a>
10004ee4:	e8df f003 	tbb	[pc, r3]
10004ee8:	9991ada3 	.word	0x9991ada3
10004eec:	040a358a 	.word	0x040a358a
10004ef0:	9b08      	ldr	r3, [sp, #32]
10004ef2:	2b00      	cmp	r3, #0
10004ef4:	d0d1      	beq.n	10004e9a <tud_task_ext+0x1a>
10004ef6:	9809      	ldr	r0, [sp, #36]	@ 0x24
10004ef8:	4798      	blx	r3
10004efa:	e7ce      	b.n	10004e9a <tud_task_ext+0x1a>
10004efc:	f89d 1020 	ldrb.w	r1, [sp, #32]
10004f00:	f001 077f 	and.w	r7, r1, #127	@ 0x7f
10004f04:	eb05 0047 	add.w	r0, r5, r7, lsl #1
10004f08:	eb00 10d1 	add.w	r0, r0, r1, lsr #7
10004f0c:	f890 3034 	ldrb.w	r3, [r0, #52]	@ 0x34
10004f10:	f023 0301 	bic.w	r3, r3, #1
10004f14:	f880 3034 	strb.w	r3, [r0, #52]	@ 0x34
10004f18:	f890 3034 	ldrb.w	r3, [r0, #52]	@ 0x34
10004f1c:	f023 0304 	bic.w	r3, r3, #4
10004f20:	f880 3034 	strb.w	r3, [r0, #52]	@ 0x34
10004f24:	2f00      	cmp	r7, #0
10004f26:	f000 80a0 	beq.w	1000506a <tud_task_ext+0x1ea>
10004f2a:	7d02      	ldrb	r2, [r0, #20]
10004f2c:	f898 3000 	ldrb.w	r3, [r8]
10004f30:	429a      	cmp	r2, r3
10004f32:	f080 808f 	bcs.w	10005054 <tud_task_ext+0x1d4>
10004f36:	4b7b      	ldr	r3, [pc, #492]	@ (10005124 <tud_task_ext+0x2a4>)
10004f38:	681b      	ldr	r3, [r3, #0]
10004f3a:	eb13 1342 	adds.w	r3, r3, r2, lsl #5
10004f3e:	f000 808a 	beq.w	10005056 <tud_task_ext+0x1d6>
10004f42:	699f      	ldr	r7, [r3, #24]
10004f44:	f89d 2021 	ldrb.w	r2, [sp, #33]	@ 0x21
10004f48:	9b09      	ldr	r3, [sp, #36]	@ 0x24
10004f4a:	f89d 001c 	ldrb.w	r0, [sp, #28]
10004f4e:	47b8      	blx	r7
10004f50:	e7a3      	b.n	10004e9a <tud_task_ext+0x1a>
10004f52:	7833      	ldrb	r3, [r6, #0]
10004f54:	2b00      	cmp	r3, #0
10004f56:	d07e      	beq.n	10005056 <tud_task_ext+0x1d6>
10004f58:	7833      	ldrb	r3, [r6, #0]
10004f5a:	3b01      	subs	r3, #1
10004f5c:	7033      	strb	r3, [r6, #0]
10004f5e:	7833      	ldrb	r3, [r6, #0]
10004f60:	f003 00ff 	and.w	r0, r3, #255	@ 0xff
10004f64:	2b00      	cmp	r3, #0
10004f66:	d198      	bne.n	10004e9a <tud_task_ext+0x1a>
10004f68:	f8df a1b0 	ldr.w	sl, [pc, #432]	@ 1000511c <tud_task_ext+0x29c>
10004f6c:	f89d b01c 	ldrb.w	fp, [sp, #28]
10004f70:	f89a 3000 	ldrb.w	r3, [sl]
10004f74:	f043 0301 	orr.w	r3, r3, #1
10004f78:	f88a 3000 	strb.w	r3, [sl]
10004f7c:	f89a 3034 	ldrb.w	r3, [sl, #52]	@ 0x34
10004f80:	f360 0300 	bfi	r3, r0, #0, #1
10004f84:	f88a 3034 	strb.w	r3, [sl, #52]	@ 0x34
10004f88:	f89a 3034 	ldrb.w	r3, [sl, #52]	@ 0x34
10004f8c:	f360 0382 	bfi	r3, r0, #2, #1
10004f90:	f88a 3034 	strb.w	r3, [sl, #52]	@ 0x34
10004f94:	f89a 3035 	ldrb.w	r3, [sl, #53]	@ 0x35
10004f98:	f360 0300 	bfi	r3, r0, #0, #1
10004f9c:	f88a 3035 	strb.w	r3, [sl, #53]	@ 0x35
10004fa0:	f89a 3035 	ldrb.w	r3, [sl, #53]	@ 0x35
10004fa4:	f360 0382 	bfi	r3, r0, #2, #1
10004fa8:	f88a 3035 	strb.w	r3, [sl, #53]	@ 0x35
10004fac:	f000 fc88 	bl	100058c0 <usbd_control_set_complete_callback>
10004fb0:	f89d 3020 	ldrb.w	r3, [sp, #32]
10004fb4:	f003 0260 	and.w	r2, r3, #96	@ 0x60
10004fb8:	2a60      	cmp	r2, #96	@ 0x60
10004fba:	d066      	beq.n	1000508a <tud_task_ext+0x20a>
10004fbc:	2a40      	cmp	r2, #64	@ 0x40
10004fbe:	d077      	beq.n	100050b0 <tud_task_ext+0x230>
10004fc0:	f003 031f 	and.w	r3, r3, #31
10004fc4:	2b01      	cmp	r3, #1
10004fc6:	f000 80b5 	beq.w	10005134 <tud_task_ext+0x2b4>
10004fca:	2b02      	cmp	r3, #2
10004fcc:	d07c      	beq.n	100050c8 <tud_task_ext+0x248>
10004fce:	2b00      	cmp	r3, #0
10004fd0:	d15b      	bne.n	1000508a <tud_task_ext+0x20a>
10004fd2:	2a20      	cmp	r2, #32
10004fd4:	f000 81e7 	beq.w	100053a6 <tud_task_ext+0x526>
10004fd8:	2a00      	cmp	r2, #0
10004fda:	d156      	bne.n	1000508a <tud_task_ext+0x20a>
10004fdc:	f89d 3021 	ldrb.w	r3, [sp, #33]	@ 0x21
10004fe0:	2b09      	cmp	r3, #9
10004fe2:	d852      	bhi.n	1000508a <tud_task_ext+0x20a>
10004fe4:	e8df f013 	tbh	[pc, r3, lsl #1]
10004fe8:	019b01ab 	.word	0x019b01ab
10004fec:	01bd0051 	.word	0x01bd0051
10004ff0:	018c0051 	.word	0x018c0051
10004ff4:	00510162 	.word	0x00510162
10004ff8:	00e70156 	.word	0x00e70156
10004ffc:	782b      	ldrb	r3, [r5, #0]
10004ffe:	07d9      	lsls	r1, r3, #31
10005000:	f57f af4b 	bpl.w	10004e9a <tud_task_ext+0x1a>
10005004:	f7ff feb4 	bl	10004d70 <tud_resume_cb>
10005008:	e747      	b.n	10004e9a <tud_task_ext+0x1a>
1000500a:	78eb      	ldrb	r3, [r5, #3]
1000500c:	07da      	lsls	r2, r3, #31
1000500e:	f57f af44 	bpl.w	10004e9a <tud_task_ext+0x1a>
10005012:	9808      	ldr	r0, [sp, #32]
10005014:	f7ff fea0 	bl	10004d58 <tud_sof_cb>
10005018:	e73f      	b.n	10004e9a <tud_task_ext+0x1a>
1000501a:	782b      	ldrb	r3, [r5, #0]
1000501c:	07d8      	lsls	r0, r3, #31
1000501e:	f57f af3c 	bpl.w	10004e9a <tud_task_ext+0x1a>
10005022:	7828      	ldrb	r0, [r5, #0]
10005024:	f3c0 00c0 	ubfx	r0, r0, #3, #1
10005028:	f7ff fea0 	bl	10004d6c <tud_suspend_cb>
1000502c:	e735      	b.n	10004e9a <tud_task_ext+0x1a>
1000502e:	f89d 001c 	ldrb.w	r0, [sp, #28]
10005032:	f7ff fe49 	bl	10004cc8 <configuration_reset>
10005036:	f000 fc39 	bl	100058ac <usbd_control_reset>
1000503a:	f89d 3020 	ldrb.w	r3, [sp, #32]
1000503e:	70ab      	strb	r3, [r5, #2]
10005040:	e72b      	b.n	10004e9a <tud_task_ext+0x1a>
10005042:	f89d 001c 	ldrb.w	r0, [sp, #28]
10005046:	f7ff fe3f 	bl	10004cc8 <configuration_reset>
1000504a:	f000 fc2f 	bl	100058ac <usbd_control_reset>
1000504e:	f7ff fe8b 	bl	10004d68 <tud_umount_cb>
10005052:	e722      	b.n	10004e9a <tud_task_ext+0x1a>
10005054:	d011      	beq.n	1000507a <tud_task_ext+0x1fa>
10005056:	f04f 23e0 	mov.w	r3, #3758153728	@ 0xe000e000
1000505a:	f8d3 3df0 	ldr.w	r3, [r3, #3568]	@ 0xdf0
1000505e:	07dc      	lsls	r4, r3, #31
10005060:	d500      	bpl.n	10005064 <tud_task_ext+0x1e4>
10005062:	be00      	bkpt	0x0000
10005064:	b00b      	add	sp, #44	@ 0x2c
10005066:	e8bd 8ff0 	ldmia.w	sp!, {r4, r5, r6, r7, r8, r9, sl, fp, pc}
1000506a:	9b09      	ldr	r3, [sp, #36]	@ 0x24
1000506c:	f89d 2021 	ldrb.w	r2, [sp, #33]	@ 0x21
10005070:	f89d 001c 	ldrb.w	r0, [sp, #28]
10005074:	f000 fc38 	bl	100058e8 <usbd_control_xfer_cb>
10005078:	e70f      	b.n	10004e9a <tud_task_ext+0x1a>
1000507a:	4b2b      	ldr	r3, [pc, #172]	@ (10005128 <tud_task_ext+0x2a8>)
1000507c:	e761      	b.n	10004f42 <tud_task_ext+0xc2>
1000507e:	f7ff fb1f 	bl	100046c0 <tud_descriptor_configuration_cb>
10005082:	4602      	mov	r2, r0
10005084:	2800      	cmp	r0, #0
10005086:	f040 8185 	bne.w	10005394 <tud_task_ext+0x514>
1000508a:	f04f 23e0 	mov.w	r3, #3758153728	@ 0xe000e000
1000508e:	f8d3 3df0 	ldr.w	r3, [r3, #3568]	@ 0xdf0
10005092:	07df      	lsls	r7, r3, #31
10005094:	d500      	bpl.n	10005098 <tud_task_ext+0x218>
10005096:	be00      	bkpt	0x0000
10005098:	f89d 001c 	ldrb.w	r0, [sp, #28]
1000509c:	2100      	movs	r1, #0
1000509e:	f7ff fda9 	bl	10004bf4 <dcd_edpt_stall>
100050a2:	2180      	movs	r1, #128	@ 0x80
100050a4:	f89d 001c 	ldrb.w	r0, [sp, #28]
100050a8:	f7ff fda4 	bl	10004bf4 <dcd_edpt_stall>
100050ac:	e6f5      	b.n	10004e9a <tud_task_ext+0x1a>
100050ae:	4770      	bx	lr
100050b0:	481e      	ldr	r0, [pc, #120]	@ (1000512c <tud_task_ext+0x2ac>)
100050b2:	f000 fc05 	bl	100058c0 <usbd_control_set_complete_callback>
100050b6:	2101      	movs	r1, #1
100050b8:	4658      	mov	r0, fp
100050ba:	aa08      	add	r2, sp, #32
100050bc:	f7ff fc6c 	bl	10004998 <tud_vendor_control_xfer_cb>
100050c0:	2800      	cmp	r0, #0
100050c2:	f47f aeea 	bne.w	10004e9a <tud_task_ext+0x1a>
100050c6:	e7e7      	b.n	10005098 <tud_task_ext+0x218>
100050c8:	f89d 1024 	ldrb.w	r1, [sp, #36]	@ 0x24
100050cc:	f011 0f70 	tst.w	r1, #112	@ 0x70
100050d0:	d1db      	bne.n	1000508a <tud_task_ext+0x20a>
100050d2:	4817      	ldr	r0, [pc, #92]	@ (10005130 <tud_task_ext+0x2b0>)
100050d4:	f001 037f 	and.w	r3, r1, #127	@ 0x7f
100050d8:	f890 c000 	ldrb.w	ip, [r0]
100050dc:	eb0a 0043 	add.w	r0, sl, r3, lsl #1
100050e0:	eb00 10d1 	add.w	r0, r0, r1, lsr #7
100050e4:	7d00      	ldrb	r0, [r0, #20]
100050e6:	4560      	cmp	r0, ip
100050e8:	d351      	bcc.n	1000518e <tud_task_ext+0x30e>
100050ea:	f040 816e 	bne.w	100053ca <tud_task_ext+0x54a>
100050ee:	480e      	ldr	r0, [pc, #56]	@ (10005128 <tud_task_ext+0x2a8>)
100050f0:	9000      	str	r0, [sp, #0]
100050f2:	2a00      	cmp	r2, #0
100050f4:	f000 816d 	beq.w	100053d2 <tud_task_ext+0x552>
100050f8:	9f00      	ldr	r7, [sp, #0]
100050fa:	6978      	ldr	r0, [r7, #20]
100050fc:	f000 fbe0 	bl	100058c0 <usbd_control_set_complete_callback>
10005100:	2101      	movs	r1, #1
10005102:	4658      	mov	r0, fp
10005104:	697b      	ldr	r3, [r7, #20]
10005106:	aa08      	add	r2, sp, #32
10005108:	4798      	blx	r3
1000510a:	2800      	cmp	r0, #0
1000510c:	f47f aec5 	bne.w	10004e9a <tud_task_ext+0x1a>
10005110:	e7c2      	b.n	10005098 <tud_task_ext+0x218>
10005112:	bf00      	nop
10005114:	200014d4 	.word	0x200014d4
10005118:	200018d8 	.word	0x200018d8
1000511c:	20001880 	.word	0x20001880
10005120:	20003e6b 	.word	0x20003e6b
10005124:	20001778 	.word	0x20001778
10005128:	10007404 	.word	0x10007404
1000512c:	10004999 	.word	0x10004999
10005130:	20003e69 	.word	0x20003e69
10005134:	f89d 3024 	ldrb.w	r3, [sp, #36]	@ 0x24
10005138:	2b0f      	cmp	r3, #15
1000513a:	d8ad      	bhi.n	10005098 <tud_task_ext+0x218>
1000513c:	4ab1      	ldr	r2, [pc, #708]	@ (10005404 <tud_task_ext+0x584>)
1000513e:	4453      	add	r3, sl
10005140:	791b      	ldrb	r3, [r3, #4]
10005142:	7812      	ldrb	r2, [r2, #0]
10005144:	4293      	cmp	r3, r2
10005146:	d330      	bcc.n	100051aa <tud_task_ext+0x32a>
10005148:	d1a6      	bne.n	10005098 <tud_task_ext+0x218>
1000514a:	4faf      	ldr	r7, [pc, #700]	@ (10005408 <tud_task_ext+0x588>)
1000514c:	6978      	ldr	r0, [r7, #20]
1000514e:	f000 fbb7 	bl	100058c0 <usbd_control_set_complete_callback>
10005152:	2101      	movs	r1, #1
10005154:	4658      	mov	r0, fp
10005156:	697b      	ldr	r3, [r7, #20]
10005158:	aa08      	add	r2, sp, #32
1000515a:	4798      	blx	r3
1000515c:	2800      	cmp	r0, #0
1000515e:	f47f ae9c 	bne.w	10004e9a <tud_task_ext+0x1a>
10005162:	f89d 3020 	ldrb.w	r3, [sp, #32]
10005166:	f013 0760 	ands.w	r7, r3, #96	@ 0x60
1000516a:	d195      	bne.n	10005098 <tud_task_ext+0x218>
1000516c:	f89d 3021 	ldrb.w	r3, [sp, #33]	@ 0x21
10005170:	3b0a      	subs	r3, #10
10005172:	2b01      	cmp	r3, #1
10005174:	d890      	bhi.n	10005098 <tud_task_ext+0x218>
10005176:	f000 fba3 	bl	100058c0 <usbd_control_set_complete_callback>
1000517a:	f89d 3021 	ldrb.w	r3, [sp, #33]	@ 0x21
1000517e:	2b0a      	cmp	r3, #10
10005180:	f000 820d 	beq.w	1000559e <tud_task_ext+0x71e>
10005184:	4658      	mov	r0, fp
10005186:	a908      	add	r1, sp, #32
10005188:	f000 fb1a 	bl	100057c0 <tud_control_status>
1000518c:	e685      	b.n	10004e9a <tud_task_ext+0x1a>
1000518e:	f8df c27c 	ldr.w	ip, [pc, #636]	@ 1000540c <tud_task_ext+0x58c>
10005192:	f8dc c000 	ldr.w	ip, [ip]
10005196:	eb0c 1040 	add.w	r0, ip, r0, lsl #5
1000519a:	9000      	str	r0, [sp, #0]
1000519c:	2a00      	cmp	r2, #0
1000519e:	f000 8118 	beq.w	100053d2 <tud_task_ext+0x552>
100051a2:	2800      	cmp	r0, #0
100051a4:	f43f af78 	beq.w	10005098 <tud_task_ext+0x218>
100051a8:	e7a6      	b.n	100050f8 <tud_task_ext+0x278>
100051aa:	4a98      	ldr	r2, [pc, #608]	@ (1000540c <tud_task_ext+0x58c>)
100051ac:	6817      	ldr	r7, [r2, #0]
100051ae:	eb17 1743 	adds.w	r7, r7, r3, lsl #5
100051b2:	d1cb      	bne.n	1000514c <tud_task_ext+0x2cc>
100051b4:	e770      	b.n	10005098 <tud_task_ext+0x218>
100051b6:	f89a 2001 	ldrb.w	r2, [sl, #1]
100051ba:	f89d 3022 	ldrb.w	r3, [sp, #34]	@ 0x22
100051be:	4293      	cmp	r3, r2
100051c0:	f000 815d 	beq.w	1000547e <tud_task_ext+0x5fe>
100051c4:	f89a 2001 	ldrb.w	r2, [sl, #1]
100051c8:	2a00      	cmp	r2, #0
100051ca:	f040 81d2 	bne.w	10005572 <tud_task_ext+0x6f2>
100051ce:	f88a 3001 	strb.w	r3, [sl, #1]
100051d2:	2b00      	cmp	r3, #0
100051d4:	f000 8151 	beq.w	1000547a <tud_task_ext+0x5fa>
100051d8:	3b01      	subs	r3, #1
100051da:	b2d8      	uxtb	r0, r3
100051dc:	f7ff fa70 	bl	100046c0 <tud_descriptor_configuration_cb>
100051e0:	2800      	cmp	r0, #0
100051e2:	f000 816e 	beq.w	100054c2 <tud_task_ext+0x642>
100051e6:	7843      	ldrb	r3, [r0, #1]
100051e8:	2b02      	cmp	r3, #2
100051ea:	f040 816a 	bne.w	100054c2 <tud_task_ext+0x642>
100051ee:	79c2      	ldrb	r2, [r0, #7]
100051f0:	f89a 1000 	ldrb.w	r1, [sl]
100051f4:	f3c2 1340 	ubfx	r3, r2, #5, #1
100051f8:	011b      	lsls	r3, r3, #4
100051fa:	f3c2 1280 	ubfx	r2, r2, #6, #1
100051fe:	f021 0130 	bic.w	r1, r1, #48	@ 0x30
10005202:	ea43 1342 	orr.w	r3, r3, r2, lsl #5
10005206:	430b      	orrs	r3, r1
10005208:	f88a 3000 	strb.w	r3, [sl]
1000520c:	8843      	ldrh	r3, [r0, #2]
1000520e:	f100 0109 	add.w	r1, r0, #9
10005212:	18c3      	adds	r3, r0, r3
10005214:	9302      	str	r3, [sp, #8]
10005216:	9b02      	ldr	r3, [sp, #8]
10005218:	428b      	cmp	r3, r1
1000521a:	f240 81bd 	bls.w	10005598 <tud_task_ext+0x718>
1000521e:	784b      	ldrb	r3, [r1, #1]
10005220:	2b0b      	cmp	r3, #11
10005222:	f000 81c6 	beq.w	100055b2 <tud_task_ext+0x732>
10005226:	2001      	movs	r0, #1
10005228:	2b04      	cmp	r3, #4
1000522a:	f040 814a 	bne.w	100054c2 <tud_task_ext+0x642>
1000522e:	2200      	movs	r2, #0
10005230:	9b02      	ldr	r3, [sp, #8]
10005232:	9201      	str	r2, [sp, #4]
10005234:	1a5b      	subs	r3, r3, r1
10005236:	fa1f f983 	uxth.w	r9, r3
1000523a:	4b72      	ldr	r3, [pc, #456]	@ (10005404 <tud_task_ext+0x584>)
1000523c:	9200      	str	r2, [sp, #0]
1000523e:	781b      	ldrb	r3, [r3, #0]
10005240:	9003      	str	r0, [sp, #12]
10005242:	e01e      	b.n	10005282 <tud_task_ext+0x402>
10005244:	4b71      	ldr	r3, [pc, #452]	@ (1000540c <tud_task_ext+0x58c>)
10005246:	681b      	ldr	r3, [r3, #0]
10005248:	eb13 1342 	adds.w	r3, r3, r2, lsl #5
1000524c:	f000 8139 	beq.w	100054c2 <tud_task_ext+0x642>
10005250:	691f      	ldr	r7, [r3, #16]
10005252:	464a      	mov	r2, r9
10005254:	4658      	mov	r0, fp
10005256:	9105      	str	r1, [sp, #20]
10005258:	9304      	str	r3, [sp, #16]
1000525a:	47b8      	blx	r7
1000525c:	9b01      	ldr	r3, [sp, #4]
1000525e:	2808      	cmp	r0, #8
10005260:	f103 0301 	add.w	r3, r3, #1
10005264:	9905      	ldr	r1, [sp, #20]
10005266:	9301      	str	r3, [sp, #4]
10005268:	d903      	bls.n	10005272 <tud_task_ext+0x3f2>
1000526a:	4581      	cmp	r9, r0
1000526c:	9b04      	ldr	r3, [sp, #16]
1000526e:	f080 810b 	bcs.w	10005488 <tud_task_ext+0x608>
10005272:	4b64      	ldr	r3, [pc, #400]	@ (10005404 <tud_task_ext+0x584>)
10005274:	f89d 2004 	ldrb.w	r2, [sp, #4]
10005278:	781b      	ldrb	r3, [r3, #0]
1000527a:	9200      	str	r2, [sp, #0]
1000527c:	4293      	cmp	r3, r2
1000527e:	f0c0 8120 	bcc.w	100054c2 <tud_task_ext+0x642>
10005282:	9a00      	ldr	r2, [sp, #0]
10005284:	4293      	cmp	r3, r2
10005286:	eba2 0303 	sub.w	r3, r2, r3
1000528a:	d8db      	bhi.n	10005244 <tud_task_ext+0x3c4>
1000528c:	4a5e      	ldr	r2, [pc, #376]	@ (10005408 <tud_task_ext+0x588>)
1000528e:	eb02 1343 	add.w	r3, r2, r3, lsl #5
10005292:	e7dd      	b.n	10005250 <tud_task_ext+0x3d0>
10005294:	f89a 3001 	ldrb.w	r3, [sl, #1]
10005298:	4658      	mov	r0, fp
1000529a:	f88d 301a 	strb.w	r3, [sp, #26]
1000529e:	f10d 021a 	add.w	r2, sp, #26
100052a2:	2301      	movs	r3, #1
100052a4:	a908      	add	r1, sp, #32
100052a6:	f000 faa7 	bl	100057f8 <tud_control_xfer>
100052aa:	e5f6      	b.n	10004e9a <tud_task_ext+0x1a>
100052ac:	f8bd 0022 	ldrh.w	r0, [sp, #34]	@ 0x22
100052b0:	0a03      	lsrs	r3, r0, #8
100052b2:	1e5a      	subs	r2, r3, #1
100052b4:	b2c0      	uxtb	r0, r0
100052b6:	2a0e      	cmp	r2, #14
100052b8:	f63f aeee 	bhi.w	10005098 <tud_task_ext+0x218>
100052bc:	a101      	add	r1, pc, #4	@ (adr r1, 100052c4 <tud_task_ext+0x444>)
100052be:	f851 f022 	ldr.w	pc, [r1, r2, lsl #2]
100052c2:	bf00      	nop
100052c4:	100054f5 	.word	0x100054f5
100052c8:	10005383 	.word	0x10005383
100052cc:	10005531 	.word	0x10005531
100052d0:	10005099 	.word	0x10005099
100052d4:	10005099 	.word	0x10005099
100052d8:	10005513 	.word	0x10005513
100052dc:	10005383 	.word	0x10005383
100052e0:	10005099 	.word	0x10005099
100052e4:	10005099 	.word	0x10005099
100052e8:	10005099 	.word	0x10005099
100052ec:	10005099 	.word	0x10005099
100052f0:	10005099 	.word	0x10005099
100052f4:	10005099 	.word	0x10005099
100052f8:	10005099 	.word	0x10005099
100052fc:	100054e7 	.word	0x100054e7
10005300:	a808      	add	r0, sp, #32
10005302:	f000 fae3 	bl	100058cc <usbd_control_set_request>
10005306:	4658      	mov	r0, fp
10005308:	f89d 1022 	ldrb.w	r1, [sp, #34]	@ 0x22
1000530c:	f7ff fbbe 	bl	10004a8c <dcd_set_address>
10005310:	f89a 3000 	ldrb.w	r3, [sl]
10005314:	f043 0302 	orr.w	r3, r3, #2
10005318:	f88a 3000 	strb.w	r3, [sl]
1000531c:	e5bd      	b.n	10004e9a <tud_task_ext+0x1a>
1000531e:	f8bd 3022 	ldrh.w	r3, [sp, #34]	@ 0x22
10005322:	2b01      	cmp	r3, #1
10005324:	f47f aeb8 	bne.w	10005098 <tud_task_ext+0x218>
10005328:	f89a 3000 	ldrb.w	r3, [sl]
1000532c:	4658      	mov	r0, fp
1000532e:	f023 0308 	bic.w	r3, r3, #8
10005332:	a908      	add	r1, sp, #32
10005334:	f88a 3000 	strb.w	r3, [sl]
10005338:	f000 fa42 	bl	100057c0 <tud_control_status>
1000533c:	e5ad      	b.n	10004e9a <tud_task_ext+0x1a>
1000533e:	4658      	mov	r0, fp
10005340:	f89a 3000 	ldrb.w	r3, [sl]
10005344:	089a      	lsrs	r2, r3, #2
10005346:	f002 0202 	and.w	r2, r2, #2
1000534a:	f3c3 1340 	ubfx	r3, r3, #5, #1
1000534e:	4313      	orrs	r3, r2
10005350:	f8ad 301a 	strh.w	r3, [sp, #26]
10005354:	f10d 021a 	add.w	r2, sp, #26
10005358:	2302      	movs	r3, #2
1000535a:	a908      	add	r1, sp, #32
1000535c:	f000 fa4c 	bl	100057f8 <tud_control_xfer>
10005360:	e59b      	b.n	10004e9a <tud_task_ext+0x1a>
10005362:	f8bd 3022 	ldrh.w	r3, [sp, #34]	@ 0x22
10005366:	2b01      	cmp	r3, #1
10005368:	f47f ae96 	bne.w	10005098 <tud_task_ext+0x218>
1000536c:	f89a 3000 	ldrb.w	r3, [sl]
10005370:	4658      	mov	r0, fp
10005372:	f043 0308 	orr.w	r3, r3, #8
10005376:	a908      	add	r1, sp, #32
10005378:	f88a 3000 	strb.w	r3, [sl]
1000537c:	f000 fa20 	bl	100057c0 <tud_control_status>
10005380:	e58b      	b.n	10004e9a <tud_task_ext+0x1a>
10005382:	2b02      	cmp	r3, #2
10005384:	f43f ae7b 	beq.w	1000507e <tud_task_ext+0x1fe>
10005388:	f7ff fcea 	bl	10004d60 <tud_descriptor_other_speed_configuration_cb>
1000538c:	4602      	mov	r2, r0
1000538e:	2800      	cmp	r0, #0
10005390:	f43f ae82 	beq.w	10005098 <tud_task_ext+0x218>
10005394:	4658      	mov	r0, fp
10005396:	8853      	ldrh	r3, [r2, #2]
10005398:	a908      	add	r1, sp, #32
1000539a:	f000 fa2d 	bl	100057f8 <tud_control_xfer>
1000539e:	2800      	cmp	r0, #0
100053a0:	f47f ad7b 	bne.w	10004e9a <tud_task_ext+0x1a>
100053a4:	e678      	b.n	10005098 <tud_task_ext+0x218>
100053a6:	f89d 3024 	ldrb.w	r3, [sp, #36]	@ 0x24
100053aa:	2b0f      	cmp	r3, #15
100053ac:	f63f ae74 	bhi.w	10005098 <tud_task_ext+0x218>
100053b0:	4a14      	ldr	r2, [pc, #80]	@ (10005404 <tud_task_ext+0x584>)
100053b2:	4453      	add	r3, sl
100053b4:	791b      	ldrb	r3, [r3, #4]
100053b6:	7812      	ldrb	r2, [r2, #0]
100053b8:	4293      	cmp	r3, r2
100053ba:	d21e      	bcs.n	100053fa <tud_task_ext+0x57a>
100053bc:	4a13      	ldr	r2, [pc, #76]	@ (1000540c <tud_task_ext+0x58c>)
100053be:	6817      	ldr	r7, [r2, #0]
100053c0:	eb17 1743 	adds.w	r7, r7, r3, lsl #5
100053c4:	f47f ae99 	bne.w	100050fa <tud_task_ext+0x27a>
100053c8:	e666      	b.n	10005098 <tud_task_ext+0x218>
100053ca:	2a00      	cmp	r2, #0
100053cc:	f47f ae64 	bne.w	10005098 <tud_task_ext+0x218>
100053d0:	9200      	str	r2, [sp, #0]
100053d2:	f89d c021 	ldrb.w	ip, [sp, #33]	@ 0x21
100053d6:	f00c 02fd 	and.w	r2, ip, #253	@ 0xfd
100053da:	2a01      	cmp	r2, #1
100053dc:	d018      	beq.n	10005410 <tud_task_ext+0x590>
100053de:	f1bc 0f00 	cmp.w	ip, #0
100053e2:	f47f ae52 	bne.w	1000508a <tud_task_ext+0x20a>
100053e6:	eb0a 0343 	add.w	r3, sl, r3, lsl #1
100053ea:	eb03 13d1 	add.w	r3, r3, r1, lsr #7
100053ee:	f893 3034 	ldrb.w	r3, [r3, #52]	@ 0x34
100053f2:	4658      	mov	r0, fp
100053f4:	f3c3 0340 	ubfx	r3, r3, #1, #1
100053f8:	e7aa      	b.n	10005350 <tud_task_ext+0x4d0>
100053fa:	f47f ae4d 	bne.w	10005098 <tud_task_ext+0x218>
100053fe:	4f02      	ldr	r7, [pc, #8]	@ (10005408 <tud_task_ext+0x588>)
10005400:	e67b      	b.n	100050fa <tud_task_ext+0x27a>
10005402:	bf00      	nop
10005404:	20003e69 	.word	0x20003e69
10005408:	10007404 	.word	0x10007404
1000540c:	20001778 	.word	0x20001778
10005410:	f8bd 2022 	ldrh.w	r2, [sp, #34]	@ 0x22
10005414:	b9da      	cbnz	r2, 1000544e <tud_task_ext+0x5ce>
10005416:	4879      	ldr	r0, [pc, #484]	@ (100055fc <tud_task_ext+0x77c>)
10005418:	f1bc 0f01 	cmp.w	ip, #1
1000541c:	7800      	ldrb	r0, [r0, #0]
1000541e:	f000 808f 	beq.w	10005540 <tud_task_ext+0x6c0>
10005422:	e9cd 1301 	strd	r1, r3, [sp, #4]
10005426:	f7ff fbe5 	bl	10004bf4 <dcd_edpt_stall>
1000542a:	9b02      	ldr	r3, [sp, #8]
1000542c:	9901      	ldr	r1, [sp, #4]
1000542e:	eb0a 0343 	add.w	r3, sl, r3, lsl #1
10005432:	eb03 13d1 	add.w	r3, r3, r1, lsr #7
10005436:	f893 2034 	ldrb.w	r2, [r3, #52]	@ 0x34
1000543a:	f042 0202 	orr.w	r2, r2, #2
1000543e:	f883 2034 	strb.w	r2, [r3, #52]	@ 0x34
10005442:	f893 2034 	ldrb.w	r2, [r3, #52]	@ 0x34
10005446:	f042 0201 	orr.w	r2, r2, #1
1000544a:	f883 2034 	strb.w	r2, [r3, #52]	@ 0x34
1000544e:	9b00      	ldr	r3, [sp, #0]
10005450:	2b00      	cmp	r3, #0
10005452:	f43f ad22 	beq.w	10004e9a <tud_task_ext+0x1a>
10005456:	461f      	mov	r7, r3
10005458:	6958      	ldr	r0, [r3, #20]
1000545a:	f000 fa31 	bl	100058c0 <usbd_control_set_complete_callback>
1000545e:	697b      	ldr	r3, [r7, #20]
10005460:	2101      	movs	r1, #1
10005462:	aa08      	add	r2, sp, #32
10005464:	4658      	mov	r0, fp
10005466:	4798      	blx	r3
10005468:	2000      	movs	r0, #0
1000546a:	f000 fa29 	bl	100058c0 <usbd_control_set_complete_callback>
1000546e:	f89a 3035 	ldrb.w	r3, [sl, #53]	@ 0x35
10005472:	07db      	lsls	r3, r3, #31
10005474:	f53f ad11 	bmi.w	10004e9a <tud_task_ext+0x1a>
10005478:	e684      	b.n	10005184 <tud_task_ext+0x304>
1000547a:	f7ff fc75 	bl	10004d68 <tud_umount_cb>
1000547e:	4658      	mov	r0, fp
10005480:	a908      	add	r1, sp, #32
10005482:	f000 f99d 	bl	100057c0 <tud_control_status>
10005486:	e508      	b.n	10004e9a <tud_task_ext+0x1a>
10005488:	4602      	mov	r2, r0
1000548a:	9803      	ldr	r0, [sp, #12]
1000548c:	2801      	cmp	r0, #1
1000548e:	f000 80a5 	beq.w	100055dc <tud_task_ext+0x75c>
10005492:	2800      	cmp	r0, #0
10005494:	f000 8092 	beq.w	100055bc <tud_task_ext+0x73c>
10005498:	2300      	movs	r3, #0
1000549a:	f891 e002 	ldrb.w	lr, [r1, #2]
1000549e:	e007      	b.n	100054b0 <tud_task_ext+0x630>
100054a0:	9f00      	ldr	r7, [sp, #0]
100054a2:	f88c 7004 	strb.w	r7, [ip, #4]
100054a6:	fa5f fc83 	uxtb.w	ip, r3
100054aa:	4560      	cmp	r0, ip
100054ac:	f240 8086 	bls.w	100055bc <tud_task_ext+0x73c>
100054b0:	eb0e 0c03 	add.w	ip, lr, r3
100054b4:	fa5a fc8c 	uxtab	ip, sl, ip
100054b8:	f89c 7004 	ldrb.w	r7, [ip, #4]
100054bc:	3301      	adds	r3, #1
100054be:	2fff      	cmp	r7, #255	@ 0xff
100054c0:	d0ee      	beq.n	100054a0 <tud_task_ext+0x620>
100054c2:	f04f 23e0 	mov.w	r3, #3758153728	@ 0xe000e000
100054c6:	f8d3 3df0 	ldr.w	r3, [r3, #3568]	@ 0xdf0
100054ca:	07d9      	lsls	r1, r3, #31
100054cc:	d500      	bpl.n	100054d0 <tud_task_ext+0x650>
100054ce:	be00      	bkpt	0x0000
100054d0:	f04f 23e0 	mov.w	r3, #3758153728	@ 0xe000e000
100054d4:	f8d3 3df0 	ldr.w	r3, [r3, #3568]	@ 0xdf0
100054d8:	07da      	lsls	r2, r3, #31
100054da:	d500      	bpl.n	100054de <tud_task_ext+0x65e>
100054dc:	be00      	bkpt	0x0000
100054de:	2300      	movs	r3, #0
100054e0:	f88a 3001 	strb.w	r3, [sl, #1]
100054e4:	e5d8      	b.n	10005098 <tud_task_ext+0x218>
100054e6:	f7ff fa53 	bl	10004990 <tud_descriptor_bos_cb>
100054ea:	4602      	mov	r2, r0
100054ec:	2800      	cmp	r0, #0
100054ee:	f47f af51 	bne.w	10005394 <tud_task_ext+0x514>
100054f2:	e5d1      	b.n	10005098 <tud_task_ext+0x218>
100054f4:	f7ff f8e0 	bl	100046b8 <tud_descriptor_device_cb>
100054f8:	4602      	mov	r2, r0
100054fa:	2800      	cmp	r0, #0
100054fc:	f43f adc5 	beq.w	1000508a <tud_task_ext+0x20a>
10005500:	4658      	mov	r0, fp
10005502:	2312      	movs	r3, #18
10005504:	a908      	add	r1, sp, #32
10005506:	f000 f977 	bl	100057f8 <tud_control_xfer>
1000550a:	2800      	cmp	r0, #0
1000550c:	f47f acc5 	bne.w	10004e9a <tud_task_ext+0x1a>
10005510:	e5c2      	b.n	10005098 <tud_task_ext+0x218>
10005512:	f7ff fc23 	bl	10004d5c <tud_descriptor_device_qualifier_cb>
10005516:	4602      	mov	r2, r0
10005518:	2800      	cmp	r0, #0
1000551a:	f43f adbd 	beq.w	10005098 <tud_task_ext+0x218>
1000551e:	4658      	mov	r0, fp
10005520:	7813      	ldrb	r3, [r2, #0]
10005522:	a908      	add	r1, sp, #32
10005524:	f000 f968 	bl	100057f8 <tud_control_xfer>
10005528:	2800      	cmp	r0, #0
1000552a:	f47f acb6 	bne.w	10004e9a <tud_task_ext+0x1a>
1000552e:	e5b3      	b.n	10005098 <tud_task_ext+0x218>
10005530:	f8bd 1024 	ldrh.w	r1, [sp, #36]	@ 0x24
10005534:	f7ff f8c8 	bl	100046c8 <tud_descriptor_string_cb>
10005538:	4602      	mov	r2, r0
1000553a:	2800      	cmp	r0, #0
1000553c:	d1ef      	bne.n	1000551e <tud_task_ext+0x69e>
1000553e:	e5ab      	b.n	10005098 <tud_task_ext+0x218>
10005540:	e9cd 3202 	strd	r3, r2, [sp, #8]
10005544:	9101      	str	r1, [sp, #4]
10005546:	f7ff fb6d 	bl	10004c24 <dcd_edpt_clear_stall>
1000554a:	9b02      	ldr	r3, [sp, #8]
1000554c:	9901      	ldr	r1, [sp, #4]
1000554e:	eb0a 0343 	add.w	r3, sl, r3, lsl #1
10005552:	eb03 13d1 	add.w	r3, r3, r1, lsr #7
10005556:	f893 1034 	ldrb.w	r1, [r3, #52]	@ 0x34
1000555a:	9a03      	ldr	r2, [sp, #12]
1000555c:	f362 0141 	bfi	r1, r2, #1, #1
10005560:	f883 1034 	strb.w	r1, [r3, #52]	@ 0x34
10005564:	f893 1034 	ldrb.w	r1, [r3, #52]	@ 0x34
10005568:	f362 0100 	bfi	r1, r2, #0, #1
1000556c:	f883 1034 	strb.w	r1, [r3, #52]	@ 0x34
10005570:	e76d      	b.n	1000544e <tud_task_ext+0x5ce>
10005572:	2100      	movs	r1, #0
10005574:	4658      	mov	r0, fp
10005576:	9301      	str	r3, [sp, #4]
10005578:	f7ff fa90 	bl	10004a9c <dcd_sof_enable>
1000557c:	4658      	mov	r0, fp
1000557e:	f7ff fb23 	bl	10004bc8 <dcd_edpt_close_all>
10005582:	f89a 2002 	ldrb.w	r2, [sl, #2]
10005586:	4658      	mov	r0, fp
10005588:	9200      	str	r2, [sp, #0]
1000558a:	f7ff fb9d 	bl	10004cc8 <configuration_reset>
1000558e:	9a00      	ldr	r2, [sp, #0]
10005590:	9b01      	ldr	r3, [sp, #4]
10005592:	f88a 2002 	strb.w	r2, [sl, #2]
10005596:	e61a      	b.n	100051ce <tud_task_ext+0x34e>
10005598:	f7ff fbe4 	bl	10004d64 <tud_mount_cb>
1000559c:	e76f      	b.n	1000547e <tud_task_ext+0x5fe>
1000559e:	4658      	mov	r0, fp
100055a0:	2301      	movs	r3, #1
100055a2:	a908      	add	r1, sp, #32
100055a4:	f10d 021a 	add.w	r2, sp, #26
100055a8:	f88d 701a 	strb.w	r7, [sp, #26]
100055ac:	f000 f924 	bl	100057f8 <tud_control_xfer>
100055b0:	e473      	b.n	10004e9a <tud_task_ext+0x1a>
100055b2:	780b      	ldrb	r3, [r1, #0]
100055b4:	78c8      	ldrb	r0, [r1, #3]
100055b6:	4419      	add	r1, r3
100055b8:	784b      	ldrb	r3, [r1, #1]
100055ba:	e635      	b.n	10005228 <tud_task_ext+0x3a8>
100055bc:	9f00      	ldr	r7, [sp, #0]
100055be:	4810      	ldr	r0, [pc, #64]	@ (10005600 <tud_task_ext+0x780>)
100055c0:	463b      	mov	r3, r7
100055c2:	e9cd 1200 	strd	r1, r2, [sp]
100055c6:	f000 fda1 	bl	1000610c <tu_edpt_bind_driver>
100055ca:	e9dd 1200 	ldrd	r1, r2, [sp]
100055ce:	4411      	add	r1, r2
100055d0:	4a0c      	ldr	r2, [pc, #48]	@ (10005604 <tud_task_ext+0x784>)
100055d2:	7813      	ldrb	r3, [r2, #0]
100055d4:	42bb      	cmp	r3, r7
100055d6:	f4bf ae1e 	bcs.w	10005216 <tud_task_ext+0x396>
100055da:	e772      	b.n	100054c2 <tud_task_ext+0x642>
100055dc:	f8d3 c010 	ldr.w	ip, [r3, #16]
100055e0:	4b09      	ldr	r3, [pc, #36]	@ (10005608 <tud_task_ext+0x788>)
100055e2:	459c      	cmp	ip, r3
100055e4:	bf08      	it	eq
100055e6:	2002      	moveq	r0, #2
100055e8:	e756      	b.n	10005498 <tud_task_ext+0x618>
100055ea:	f04f 23e0 	mov.w	r3, #3758153728	@ 0xe000e000
100055ee:	f8d3 3df0 	ldr.w	r3, [r3, #3568]	@ 0xdf0
100055f2:	07db      	lsls	r3, r3, #31
100055f4:	f57f ac51 	bpl.w	10004e9a <tud_task_ext+0x1a>
100055f8:	be00      	bkpt	0x0000
100055fa:	e44e      	b.n	10004e9a <tud_task_ext+0x1a>
100055fc:	200014d4 	.word	0x200014d4
10005600:	20001894 	.word	0x20001894
10005604:	20003e69 	.word	0x20003e69
10005608:	10005d11 	.word	0x10005d11

1000560c <usbd_open_edpt_pair>:
1000560c:	e92d 4ff8 	stmdb	sp!, {r3, r4, r5, r6, r7, r8, r9, sl, fp, lr}
10005610:	9f0a      	ldr	r7, [sp, #40]	@ 0x28
10005612:	2a00      	cmp	r2, #0
10005614:	d040      	beq.n	10005698 <usbd_open_edpt_pair+0x8c>
10005616:	460c      	mov	r4, r1
10005618:	461e      	mov	r6, r3
1000561a:	4615      	mov	r5, r2
1000561c:	f04f 0b00 	mov.w	fp, #0
10005620:	f8df 9080 	ldr.w	r9, [pc, #128]	@ 100056a4 <usbd_open_edpt_pair+0x98>
10005624:	f8df 8080 	ldr.w	r8, [pc, #128]	@ 100056a8 <usbd_open_edpt_pair+0x9c>
10005628:	e016      	b.n	10005658 <usbd_open_edpt_pair+0x4c>
1000562a:	4620      	mov	r0, r4
1000562c:	f898 1002 	ldrb.w	r1, [r8, #2]
10005630:	f899 a000 	ldrb.w	sl, [r9]
10005634:	f000 fd3a 	bl	100060ac <tu_edpt_validate>
10005638:	b1d0      	cbz	r0, 10005670 <usbd_open_edpt_pair+0x64>
1000563a:	4621      	mov	r1, r4
1000563c:	4650      	mov	r0, sl
1000563e:	f7ff fa49 	bl	10004ad4 <dcd_edpt_open>
10005642:	b1e0      	cbz	r0, 1000567e <usbd_open_edpt_pair+0x72>
10005644:	78a3      	ldrb	r3, [r4, #2]
10005646:	f10b 0b01 	add.w	fp, fp, #1
1000564a:	09da      	lsrs	r2, r3, #7
1000564c:	d120      	bne.n	10005690 <usbd_open_edpt_pair+0x84>
1000564e:	45ab      	cmp	fp, r5
10005650:	703b      	strb	r3, [r7, #0]
10005652:	d021      	beq.n	10005698 <usbd_open_edpt_pair+0x8c>
10005654:	7823      	ldrb	r3, [r4, #0]
10005656:	441c      	add	r4, r3
10005658:	7863      	ldrb	r3, [r4, #1]
1000565a:	2b05      	cmp	r3, #5
1000565c:	d10f      	bne.n	1000567e <usbd_open_edpt_pair+0x72>
1000565e:	78e1      	ldrb	r1, [r4, #3]
10005660:	f001 0103 	and.w	r1, r1, #3
10005664:	42b1      	cmp	r1, r6
10005666:	d10a      	bne.n	1000567e <usbd_open_edpt_pair+0x72>
10005668:	78a3      	ldrb	r3, [r4, #2]
1000566a:	f013 0f70 	tst.w	r3, #112	@ 0x70
1000566e:	d0dc      	beq.n	1000562a <usbd_open_edpt_pair+0x1e>
10005670:	f04f 23e0 	mov.w	r3, #3758153728	@ 0xe000e000
10005674:	f8d3 3df0 	ldr.w	r3, [r3, #3568]	@ 0xdf0
10005678:	07da      	lsls	r2, r3, #31
1000567a:	d500      	bpl.n	1000567e <usbd_open_edpt_pair+0x72>
1000567c:	be00      	bkpt	0x0000
1000567e:	f04f 23e0 	mov.w	r3, #3758153728	@ 0xe000e000
10005682:	f8d3 3df0 	ldr.w	r3, [r3, #3568]	@ 0xdf0
10005686:	07db      	lsls	r3, r3, #31
10005688:	d409      	bmi.n	1000569e <usbd_open_edpt_pair+0x92>
1000568a:	2000      	movs	r0, #0
1000568c:	e8bd 8ff8 	ldmia.w	sp!, {r3, r4, r5, r6, r7, r8, r9, sl, fp, pc}
10005690:	9a0b      	ldr	r2, [sp, #44]	@ 0x2c
10005692:	45ab      	cmp	fp, r5
10005694:	7013      	strb	r3, [r2, #0]
10005696:	d1dd      	bne.n	10005654 <usbd_open_edpt_pair+0x48>
10005698:	2001      	movs	r0, #1
1000569a:	e8bd 8ff8 	ldmia.w	sp!, {r3, r4, r5, r6, r7, r8, r9, sl, fp, pc}
1000569e:	be00      	bkpt	0x0000
100056a0:	e7f3      	b.n	1000568a <usbd_open_edpt_pair+0x7e>
100056a2:	bf00      	nop
100056a4:	200014d4 	.word	0x200014d4
100056a8:	20001880 	.word	0x20001880

100056ac <usbd_edpt_open>:
100056ac:	788b      	ldrb	r3, [r1, #2]
100056ae:	f013 0f70 	tst.w	r3, #112	@ 0x70
100056b2:	d008      	beq.n	100056c6 <usbd_edpt_open+0x1a>
100056b4:	f04f 23e0 	mov.w	r3, #3758153728	@ 0xe000e000
100056b8:	f8d3 3df0 	ldr.w	r3, [r3, #3568]	@ 0xdf0
100056bc:	07da      	lsls	r2, r3, #31
100056be:	d500      	bpl.n	100056c2 <usbd_edpt_open+0x16>
100056c0:	be00      	bkpt	0x0000
100056c2:	2000      	movs	r0, #0
100056c4:	4770      	bx	lr
100056c6:	b510      	push	{r4, lr}
100056c8:	b082      	sub	sp, #8
100056ca:	4608      	mov	r0, r1
100056cc:	9101      	str	r1, [sp, #4]
100056ce:	490c      	ldr	r1, [pc, #48]	@ (10005700 <usbd_edpt_open+0x54>)
100056d0:	4a0c      	ldr	r2, [pc, #48]	@ (10005704 <usbd_edpt_open+0x58>)
100056d2:	7889      	ldrb	r1, [r1, #2]
100056d4:	7814      	ldrb	r4, [r2, #0]
100056d6:	f000 fce9 	bl	100060ac <tu_edpt_validate>
100056da:	b948      	cbnz	r0, 100056f0 <usbd_edpt_open+0x44>
100056dc:	f04f 23e0 	mov.w	r3, #3758153728	@ 0xe000e000
100056e0:	f8d3 3df0 	ldr.w	r3, [r3, #3568]	@ 0xdf0
100056e4:	07db      	lsls	r3, r3, #31
100056e6:	d500      	bpl.n	100056ea <usbd_edpt_open+0x3e>
100056e8:	be00      	bkpt	0x0000
100056ea:	2000      	movs	r0, #0
100056ec:	b002      	add	sp, #8
100056ee:	bd10      	pop	{r4, pc}
100056f0:	4620      	mov	r0, r4
100056f2:	9901      	ldr	r1, [sp, #4]
100056f4:	b002      	add	sp, #8
100056f6:	e8bd 4010 	ldmia.w	sp!, {r4, lr}
100056fa:	f7ff b9eb 	b.w	10004ad4 <dcd_edpt_open>
100056fe:	bf00      	nop
10005700:	20001880 	.word	0x20001880
10005704:	200014d4 	.word	0x200014d4

10005708 <usbd_edpt_claim>:
10005708:	460a      	mov	r2, r1
1000570a:	4b06      	ldr	r3, [pc, #24]	@ (10005724 <usbd_edpt_claim+0x1c>)
1000570c:	4806      	ldr	r0, [pc, #24]	@ (10005728 <usbd_edpt_claim+0x20>)
1000570e:	6819      	ldr	r1, [r3, #0]
10005710:	09d3      	lsrs	r3, r2, #7
10005712:	3334      	adds	r3, #52	@ 0x34
10005714:	f002 027f 	and.w	r2, r2, #127	@ 0x7f
10005718:	eb03 0342 	add.w	r3, r3, r2, lsl #1
1000571c:	4418      	add	r0, r3
1000571e:	f000 bc79 	b.w	10006014 <tu_edpt_claim>
10005722:	bf00      	nop
10005724:	200018d4 	.word	0x200018d4
10005728:	20001880 	.word	0x20001880

1000572c <usbd_edpt_release>:
1000572c:	460a      	mov	r2, r1
1000572e:	4b06      	ldr	r3, [pc, #24]	@ (10005748 <usbd_edpt_release+0x1c>)
10005730:	4806      	ldr	r0, [pc, #24]	@ (1000574c <usbd_edpt_release+0x20>)
10005732:	6819      	ldr	r1, [r3, #0]
10005734:	09d3      	lsrs	r3, r2, #7
10005736:	3334      	adds	r3, #52	@ 0x34
10005738:	f002 027f 	and.w	r2, r2, #127	@ 0x7f
1000573c:	eb03 0342 	add.w	r3, r3, r2, lsl #1
10005740:	4418      	add	r0, r3
10005742:	f000 bc97 	b.w	10006074 <tu_edpt_release>
10005746:	bf00      	nop
10005748:	200018d4 	.word	0x200018d4
1000574c:	20001880 	.word	0x20001880

10005750 <usbd_edpt_xfer>:
10005750:	b510      	push	{r4, lr}
10005752:	4819      	ldr	r0, [pc, #100]	@ (100057b8 <usbd_edpt_xfer+0x68>)
10005754:	f001 047f 	and.w	r4, r1, #127	@ 0x7f
10005758:	eb00 0044 	add.w	r0, r0, r4, lsl #1
1000575c:	eb00 10d1 	add.w	r0, r0, r1, lsr #7
10005760:	f890 c034 	ldrb.w	ip, [r0, #52]	@ 0x34
10005764:	f01c 0f01 	tst.w	ip, #1
10005768:	d008      	beq.n	1000577c <usbd_edpt_xfer+0x2c>
1000576a:	f04f 23e0 	mov.w	r3, #3758153728	@ 0xe000e000
1000576e:	f8d3 3df0 	ldr.w	r3, [r3, #3568]	@ 0xdf0
10005772:	07da      	lsls	r2, r3, #31
10005774:	d500      	bpl.n	10005778 <usbd_edpt_xfer+0x28>
10005776:	be00      	bkpt	0x0000
10005778:	2000      	movs	r0, #0
1000577a:	bd10      	pop	{r4, pc}
1000577c:	f100 0430 	add.w	r4, r0, #48	@ 0x30
10005780:	f894 c004 	ldrb.w	ip, [r4, #4]
10005784:	480d      	ldr	r0, [pc, #52]	@ (100057bc <usbd_edpt_xfer+0x6c>)
10005786:	f04c 0c01 	orr.w	ip, ip, #1
1000578a:	7800      	ldrb	r0, [r0, #0]
1000578c:	f884 c004 	strb.w	ip, [r4, #4]
10005790:	f7ff fa1c 	bl	10004bcc <dcd_edpt_xfer>
10005794:	2800      	cmp	r0, #0
10005796:	d1f0      	bne.n	1000577a <usbd_edpt_xfer+0x2a>
10005798:	f04f 21e0 	mov.w	r1, #3758153728	@ 0xe000e000
1000579c:	7922      	ldrb	r2, [r4, #4]
1000579e:	f360 0200 	bfi	r2, r0, #0, #1
100057a2:	7122      	strb	r2, [r4, #4]
100057a4:	7922      	ldrb	r2, [r4, #4]
100057a6:	f360 0282 	bfi	r2, r0, #2, #1
100057aa:	7122      	strb	r2, [r4, #4]
100057ac:	f8d1 3df0 	ldr.w	r3, [r1, #3568]	@ 0xdf0
100057b0:	07db      	lsls	r3, r3, #31
100057b2:	d5e1      	bpl.n	10005778 <usbd_edpt_xfer+0x28>
100057b4:	be00      	bkpt	0x0000
100057b6:	e7df      	b.n	10005778 <usbd_edpt_xfer+0x28>
100057b8:	20001880 	.word	0x20001880
100057bc:	200014d4 	.word	0x200014d4

100057c0 <tud_control_status>:
100057c0:	f8df c030 	ldr.w	ip, [pc, #48]	@ 100057f4 <tud_control_status+0x34>
100057c4:	2300      	movs	r3, #0
100057c6:	4662      	mov	r2, ip
100057c8:	b510      	push	{r4, lr}
100057ca:	468e      	mov	lr, r1
100057cc:	4604      	mov	r4, r0
100057ce:	6808      	ldr	r0, [r1, #0]
100057d0:	6849      	ldr	r1, [r1, #4]
100057d2:	f8cc 300c 	str.w	r3, [ip, #12]
100057d6:	c203      	stmia	r2!, {r0, r1}
100057d8:	f89e 1000 	ldrb.w	r1, [lr]
100057dc:	4620      	mov	r0, r4
100057de:	e8bd 4010 	ldmia.w	sp!, {r4, lr}
100057e2:	f081 01ff 	eor.w	r1, r1, #255	@ 0xff
100057e6:	461a      	mov	r2, r3
100057e8:	f001 0180 	and.w	r1, r1, #128	@ 0x80
100057ec:	f8cc 3008 	str.w	r3, [ip, #8]
100057f0:	f7ff bfae 	b.w	10005750 <usbd_edpt_xfer>
100057f4:	20001840 	.word	0x20001840

100057f8 <tud_control_xfer>:
100057f8:	f8df c0ac 	ldr.w	ip, [pc, #172]	@ 100058a8 <tud_control_xfer+0xb0>
100057fc:	b570      	push	{r4, r5, r6, lr}
100057fe:	4615      	mov	r5, r2
10005800:	4662      	mov	r2, ip
10005802:	2400      	movs	r4, #0
10005804:	468e      	mov	lr, r1
10005806:	4606      	mov	r6, r0
10005808:	6808      	ldr	r0, [r1, #0]
1000580a:	6849      	ldr	r1, [r1, #4]
1000580c:	b082      	sub	sp, #8
1000580e:	c203      	stmia	r2!, {r0, r1}
10005810:	f8cc 5008 	str.w	r5, [ip, #8]
10005814:	f8ac 400e 	strh.w	r4, [ip, #14]
10005818:	f8be 2006 	ldrh.w	r2, [lr, #6]
1000581c:	4293      	cmp	r3, r2
1000581e:	bf28      	it	cs
10005820:	4613      	movcs	r3, r2
10005822:	f8ac 300c 	strh.w	r3, [ip, #12]
10005826:	b18a      	cbz	r2, 1000584c <tud_control_xfer+0x54>
10005828:	b333      	cbz	r3, 10005878 <tud_control_xfer+0x80>
1000582a:	b1dd      	cbz	r5, 10005864 <tud_control_xfer+0x6c>
1000582c:	f99c 2000 	ldrsb.w	r2, [ip]
10005830:	2b40      	cmp	r3, #64	@ 0x40
10005832:	bf28      	it	cs
10005834:	2340      	movcs	r3, #64	@ 0x40
10005836:	2a00      	cmp	r2, #0
10005838:	db29      	blt.n	1000588e <tud_control_xfer+0x96>
1000583a:	4621      	mov	r1, r4
1000583c:	4630      	mov	r0, r6
1000583e:	4a19      	ldr	r2, [pc, #100]	@ (100058a4 <tud_control_xfer+0xac>)
10005840:	f7ff ff86 	bl	10005750 <usbd_edpt_xfer>
10005844:	b170      	cbz	r0, 10005864 <tud_control_xfer+0x6c>
10005846:	2001      	movs	r0, #1
10005848:	b002      	add	sp, #8
1000584a:	bd70      	pop	{r4, r5, r6, pc}
1000584c:	f89e 1000 	ldrb.w	r1, [lr]
10005850:	4613      	mov	r3, r2
10005852:	f081 01ff 	eor.w	r1, r1, #255	@ 0xff
10005856:	4630      	mov	r0, r6
10005858:	f001 0180 	and.w	r1, r1, #128	@ 0x80
1000585c:	f7ff ff78 	bl	10005750 <usbd_edpt_xfer>
10005860:	2800      	cmp	r0, #0
10005862:	d1f0      	bne.n	10005846 <tud_control_xfer+0x4e>
10005864:	f04f 23e0 	mov.w	r3, #3758153728	@ 0xe000e000
10005868:	f8d3 3df0 	ldr.w	r3, [r3, #3568]	@ 0xdf0
1000586c:	07db      	lsls	r3, r3, #31
1000586e:	d500      	bpl.n	10005872 <tud_control_xfer+0x7a>
10005870:	be00      	bkpt	0x0000
10005872:	2000      	movs	r0, #0
10005874:	b002      	add	sp, #8
10005876:	bd70      	pop	{r4, r5, r6, pc}
10005878:	461a      	mov	r2, r3
1000587a:	f89c 1000 	ldrb.w	r1, [ip]
1000587e:	f001 0180 	and.w	r1, r1, #128	@ 0x80
10005882:	4630      	mov	r0, r6
10005884:	f7ff ff64 	bl	10005750 <usbd_edpt_xfer>
10005888:	2800      	cmp	r0, #0
1000588a:	d1dc      	bne.n	10005846 <tud_control_xfer+0x4e>
1000588c:	e7ea      	b.n	10005864 <tud_control_xfer+0x6c>
1000588e:	461a      	mov	r2, r3
10005890:	4629      	mov	r1, r5
10005892:	4804      	ldr	r0, [pc, #16]	@ (100058a4 <tud_control_xfer+0xac>)
10005894:	9301      	str	r3, [sp, #4]
10005896:	f001 fa73 	bl	10006d80 <__memcpy_veneer>
1000589a:	2180      	movs	r1, #128	@ 0x80
1000589c:	4a01      	ldr	r2, [pc, #4]	@ (100058a4 <tud_control_xfer+0xac>)
1000589e:	9b01      	ldr	r3, [sp, #4]
100058a0:	e7ef      	b.n	10005882 <tud_control_xfer+0x8a>
100058a2:	bf00      	nop
100058a4:	20001800 	.word	0x20001800
100058a8:	20001840 	.word	0x20001840

100058ac <usbd_control_reset>:
100058ac:	2200      	movs	r2, #0
100058ae:	4b03      	ldr	r3, [pc, #12]	@ (100058bc <usbd_control_reset+0x10>)
100058b0:	e9c3 2200 	strd	r2, r2, [r3]
100058b4:	e9c3 2202 	strd	r2, r2, [r3, #8]
100058b8:	611a      	str	r2, [r3, #16]
100058ba:	4770      	bx	lr
100058bc:	20001840 	.word	0x20001840

100058c0 <usbd_control_set_complete_callback>:
100058c0:	4b01      	ldr	r3, [pc, #4]	@ (100058c8 <usbd_control_set_complete_callback+0x8>)
100058c2:	6118      	str	r0, [r3, #16]
100058c4:	4770      	bx	lr
100058c6:	bf00      	nop
100058c8:	20001840 	.word	0x20001840

100058cc <usbd_control_set_request>:
100058cc:	4601      	mov	r1, r0
100058ce:	4a05      	ldr	r2, [pc, #20]	@ (100058e4 <usbd_control_set_request+0x18>)
100058d0:	f04f 0c00 	mov.w	ip, #0
100058d4:	4613      	mov	r3, r2
100058d6:	6800      	ldr	r0, [r0, #0]
100058d8:	6849      	ldr	r1, [r1, #4]
100058da:	e9c2 cc02 	strd	ip, ip, [r2, #8]
100058de:	c303      	stmia	r3!, {r0, r1}
100058e0:	4770      	bx	lr
100058e2:	bf00      	nop
100058e4:	20001840 	.word	0x20001840

100058e8 <usbd_control_xfer_cb>:
100058e8:	b530      	push	{r4, r5, lr}
100058ea:	4c3e      	ldr	r4, [pc, #248]	@ (100059e4 <usbd_control_xfer_cb+0xfc>)
100058ec:	09c9      	lsrs	r1, r1, #7
100058ee:	7822      	ldrb	r2, [r4, #0]
100058f0:	4605      	mov	r5, r0
100058f2:	ebb1 1fd2 	cmp.w	r1, r2, lsr #7
100058f6:	b083      	sub	sp, #12
100058f8:	d017      	beq.n	1000592a <usbd_control_xfer_cb+0x42>
100058fa:	b153      	cbz	r3, 10005912 <usbd_control_xfer_cb+0x2a>
100058fc:	f04f 23e0 	mov.w	r3, #3758153728	@ 0xe000e000
10005900:	f8d3 3df0 	ldr.w	r3, [r3, #3568]	@ 0xdf0
10005904:	07db      	lsls	r3, r3, #31
10005906:	d402      	bmi.n	1000590e <usbd_control_xfer_cb+0x26>
10005908:	2000      	movs	r0, #0
1000590a:	b003      	add	sp, #12
1000590c:	bd30      	pop	{r4, r5, pc}
1000590e:	be00      	bkpt	0x0000
10005910:	e7fa      	b.n	10005908 <usbd_control_xfer_cb+0x20>
10005912:	4621      	mov	r1, r4
10005914:	f7ff f8d0 	bl	10004ab8 <dcd_edpt0_status_complete>
10005918:	6923      	ldr	r3, [r4, #16]
1000591a:	b11b      	cbz	r3, 10005924 <usbd_control_xfer_cb+0x3c>
1000591c:	4622      	mov	r2, r4
1000591e:	2103      	movs	r1, #3
10005920:	4628      	mov	r0, r5
10005922:	4798      	blx	r3
10005924:	2001      	movs	r0, #1
10005926:	b003      	add	sp, #12
10005928:	bd30      	pop	{r4, r5, pc}
1000592a:	f994 2000 	ldrsb.w	r2, [r4]
1000592e:	2a00      	cmp	r2, #0
10005930:	db08      	blt.n	10005944 <usbd_control_xfer_cb+0x5c>
10005932:	68a0      	ldr	r0, [r4, #8]
10005934:	2800      	cmp	r0, #0
10005936:	d0e7      	beq.n	10005908 <usbd_control_xfer_cb+0x20>
10005938:	461a      	mov	r2, r3
1000593a:	492b      	ldr	r1, [pc, #172]	@ (100059e8 <usbd_control_xfer_cb+0x100>)
1000593c:	9301      	str	r3, [sp, #4]
1000593e:	f001 fa1f 	bl	10006d80 <__memcpy_veneer>
10005942:	9b01      	ldr	r3, [sp, #4]
10005944:	89e0      	ldrh	r0, [r4, #14]
10005946:	68a1      	ldr	r1, [r4, #8]
10005948:	88e2      	ldrh	r2, [r4, #6]
1000594a:	4418      	add	r0, r3
1000594c:	b280      	uxth	r0, r0
1000594e:	4419      	add	r1, r3
10005950:	4282      	cmp	r2, r0
10005952:	81e0      	strh	r0, [r4, #14]
10005954:	60a1      	str	r1, [r4, #8]
10005956:	d016      	beq.n	10005986 <usbd_control_xfer_cb+0x9e>
10005958:	2b3f      	cmp	r3, #63	@ 0x3f
1000595a:	d914      	bls.n	10005986 <usbd_control_xfer_cb+0x9e>
1000595c:	89a2      	ldrh	r2, [r4, #12]
1000595e:	f994 4000 	ldrsb.w	r4, [r4]
10005962:	1a13      	subs	r3, r2, r0
10005964:	b29b      	uxth	r3, r3
10005966:	2b40      	cmp	r3, #64	@ 0x40
10005968:	bf28      	it	cs
1000596a:	2340      	movcs	r3, #64	@ 0x40
1000596c:	2c00      	cmp	r4, #0
1000596e:	db28      	blt.n	100059c2 <usbd_control_xfer_cb+0xda>
10005970:	4290      	cmp	r0, r2
10005972:	f04f 0100 	mov.w	r1, #0
10005976:	d032      	beq.n	100059de <usbd_control_xfer_cb+0xf6>
10005978:	4a1b      	ldr	r2, [pc, #108]	@ (100059e8 <usbd_control_xfer_cb+0x100>)
1000597a:	4628      	mov	r0, r5
1000597c:	f7ff fee8 	bl	10005750 <usbd_edpt_xfer>
10005980:	2800      	cmp	r0, #0
10005982:	d1cf      	bne.n	10005924 <usbd_control_xfer_cb+0x3c>
10005984:	e7ba      	b.n	100058fc <usbd_control_xfer_cb+0x14>
10005986:	6923      	ldr	r3, [r4, #16]
10005988:	b123      	cbz	r3, 10005994 <usbd_control_xfer_cb+0xac>
1000598a:	2102      	movs	r1, #2
1000598c:	4628      	mov	r0, r5
1000598e:	4a15      	ldr	r2, [pc, #84]	@ (100059e4 <usbd_control_xfer_cb+0xfc>)
10005990:	4798      	blx	r3
10005992:	b168      	cbz	r0, 100059b0 <usbd_control_xfer_cb+0xc8>
10005994:	2300      	movs	r3, #0
10005996:	7821      	ldrb	r1, [r4, #0]
10005998:	4628      	mov	r0, r5
1000599a:	f081 01ff 	eor.w	r1, r1, #255	@ 0xff
1000599e:	461a      	mov	r2, r3
100059a0:	f001 0180 	and.w	r1, r1, #128	@ 0x80
100059a4:	f7ff fed4 	bl	10005750 <usbd_edpt_xfer>
100059a8:	2800      	cmp	r0, #0
100059aa:	d0a7      	beq.n	100058fc <usbd_control_xfer_cb+0x14>
100059ac:	2001      	movs	r0, #1
100059ae:	e7ba      	b.n	10005926 <usbd_control_xfer_cb+0x3e>
100059b0:	4601      	mov	r1, r0
100059b2:	4628      	mov	r0, r5
100059b4:	f7ff f91e 	bl	10004bf4 <dcd_edpt_stall>
100059b8:	2180      	movs	r1, #128	@ 0x80
100059ba:	4628      	mov	r0, r5
100059bc:	f7ff f91a 	bl	10004bf4 <dcd_edpt_stall>
100059c0:	e7b0      	b.n	10005924 <usbd_control_xfer_cb+0x3c>
100059c2:	4290      	cmp	r0, r2
100059c4:	d008      	beq.n	100059d8 <usbd_control_xfer_cb+0xf0>
100059c6:	461a      	mov	r2, r3
100059c8:	4807      	ldr	r0, [pc, #28]	@ (100059e8 <usbd_control_xfer_cb+0x100>)
100059ca:	9301      	str	r3, [sp, #4]
100059cc:	f001 f9d8 	bl	10006d80 <__memcpy_veneer>
100059d0:	2180      	movs	r1, #128	@ 0x80
100059d2:	4a05      	ldr	r2, [pc, #20]	@ (100059e8 <usbd_control_xfer_cb+0x100>)
100059d4:	9b01      	ldr	r3, [sp, #4]
100059d6:	e7d0      	b.n	1000597a <usbd_control_xfer_cb+0x92>
100059d8:	2180      	movs	r1, #128	@ 0x80
100059da:	2200      	movs	r2, #0
100059dc:	e7cd      	b.n	1000597a <usbd_control_xfer_cb+0x92>
100059de:	460a      	mov	r2, r1
100059e0:	e7cb      	b.n	1000597a <usbd_control_xfer_cb+0x92>
100059e2:	bf00      	nop
100059e4:	20001840 	.word	0x20001840
100059e8:	20001800 	.word	0x20001800

100059ec <_prep_out_transaction.isra.0>:
100059ec:	b570      	push	{r4, r5, r6, lr}
100059ee:	b082      	sub	sp, #8
100059f0:	4604      	mov	r4, r0
100059f2:	f7ff f9bf 	bl	10004d74 <tud_mounted>
100059f6:	b908      	cbnz	r0, 100059fc <_prep_out_transaction.isra.0+0x10>
100059f8:	b002      	add	sp, #8
100059fa:	bd70      	pop	{r4, r5, r6, pc}
100059fc:	f7ff f9c2 	bl	10004d84 <tud_suspended>
10005a00:	4602      	mov	r2, r0
10005a02:	2800      	cmp	r0, #0
10005a04:	d1f8      	bne.n	100059f8 <_prep_out_transaction.isra.0+0xc>
10005a06:	23c8      	movs	r3, #200	@ 0xc8
10005a08:	fb04 f303 	mul.w	r3, r4, r3
10005a0c:	4915      	ldr	r1, [pc, #84]	@ (10005a64 <_prep_out_transaction.isra.0+0x78>)
10005a0e:	4625      	mov	r5, r4
10005a10:	18cc      	adds	r4, r1, r3
10005a12:	78e0      	ldrb	r0, [r4, #3]
10005a14:	2800      	cmp	r0, #0
10005a16:	d0ef      	beq.n	100059f8 <_prep_out_transaction.isra.0+0xc>
10005a18:	3310      	adds	r3, #16
10005a1a:	185e      	adds	r6, r3, r1
10005a1c:	4630      	mov	r0, r6
10005a1e:	9201      	str	r2, [sp, #4]
10005a20:	f000 fbe8 	bl	100061f4 <tu_fifo_remaining>
10005a24:	283f      	cmp	r0, #63	@ 0x3f
10005a26:	d9e7      	bls.n	100059f8 <_prep_out_transaction.isra.0+0xc>
10005a28:	78e1      	ldrb	r1, [r4, #3]
10005a2a:	9801      	ldr	r0, [sp, #4]
10005a2c:	f7ff fe6c 	bl	10005708 <usbd_edpt_claim>
10005a30:	2800      	cmp	r0, #0
10005a32:	d0e1      	beq.n	100059f8 <_prep_out_transaction.isra.0+0xc>
10005a34:	4630      	mov	r0, r6
10005a36:	f000 fbdd 	bl	100061f4 <tu_fifo_remaining>
10005a3a:	283f      	cmp	r0, #63	@ 0x3f
10005a3c:	78e1      	ldrb	r1, [r4, #3]
10005a3e:	d90a      	bls.n	10005a56 <_prep_out_transaction.isra.0+0x6a>
10005a40:	2340      	movs	r3, #64	@ 0x40
10005a42:	f8df c024 	ldr.w	ip, [pc, #36]	@ 10005a68 <_prep_out_transaction.isra.0+0x7c>
10005a46:	9801      	ldr	r0, [sp, #4]
10005a48:	eb0c 12c5 	add.w	r2, ip, r5, lsl #7
10005a4c:	b002      	add	sp, #8
10005a4e:	e8bd 4070 	ldmia.w	sp!, {r4, r5, r6, lr}
10005a52:	f7ff be7d 	b.w	10005750 <usbd_edpt_xfer>
10005a56:	9801      	ldr	r0, [sp, #4]
10005a58:	b002      	add	sp, #8
10005a5a:	e8bd 4070 	ldmia.w	sp!, {r4, r5, r6, lr}
10005a5e:	f7ff be65 	b.w	1000572c <usbd_edpt_release>
10005a62:	bf00      	nop
10005a64:	200014f0 	.word	0x200014f0
10005a68:	2000177c 	.word	0x2000177c

10005a6c <tud_cdc_n_connected>:
10005a6c:	b510      	push	{r4, lr}
10005a6e:	4604      	mov	r4, r0
10005a70:	f7ff f980 	bl	10004d74 <tud_mounted>
10005a74:	b908      	cbnz	r0, 10005a7a <tud_cdc_n_connected+0xe>
10005a76:	2000      	movs	r0, #0
10005a78:	bd10      	pop	{r4, pc}
10005a7a:	f7ff f983 	bl	10004d84 <tud_suspended>
10005a7e:	2800      	cmp	r0, #0
10005a80:	d1f9      	bne.n	10005a76 <tud_cdc_n_connected+0xa>
10005a82:	22c8      	movs	r2, #200	@ 0xc8
10005a84:	4b03      	ldr	r3, [pc, #12]	@ (10005a94 <tud_cdc_n_connected+0x28>)
10005a86:	fb02 3304 	mla	r3, r2, r4, r3
10005a8a:	7918      	ldrb	r0, [r3, #4]
10005a8c:	f000 0001 	and.w	r0, r0, #1
10005a90:	bd10      	pop	{r4, pc}
10005a92:	bf00      	nop
10005a94:	200014f0 	.word	0x200014f0

10005a98 <tud_cdc_n_available>:
10005a98:	22c8      	movs	r2, #200	@ 0xc8
10005a9a:	b508      	push	{r3, lr}
10005a9c:	4b02      	ldr	r3, [pc, #8]	@ (10005aa8 <tud_cdc_n_available+0x10>)
10005a9e:	fb02 3000 	mla	r0, r2, r0, r3
10005aa2:	f000 fb8d 	bl	100061c0 <tu_fifo_count>
10005aa6:	bd08      	pop	{r3, pc}
10005aa8:	20001500 	.word	0x20001500

10005aac <tud_cdc_n_read>:
10005aac:	f64f 73ff 	movw	r3, #65535	@ 0xffff
10005ab0:	e92d 41f0 	stmdb	sp!, {r4, r5, r6, r7, r8, lr}
10005ab4:	24c8      	movs	r4, #200	@ 0xc8
10005ab6:	429a      	cmp	r2, r3
10005ab8:	bf28      	it	cs
10005aba:	461a      	movcs	r2, r3
10005abc:	fb00 f404 	mul.w	r4, r0, r4
10005ac0:	4d1b      	ldr	r5, [pc, #108]	@ (10005b30 <tud_cdc_n_read+0x84>)
10005ac2:	f104 0310 	add.w	r3, r4, #16
10005ac6:	b082      	sub	sp, #8
10005ac8:	4680      	mov	r8, r0
10005aca:	b292      	uxth	r2, r2
10005acc:	1958      	adds	r0, r3, r5
10005ace:	195f      	adds	r7, r3, r5
10005ad0:	f000 fbf0 	bl	100062b4 <tu_fifo_read_n>
10005ad4:	4606      	mov	r6, r0
10005ad6:	f7ff f94d 	bl	10004d74 <tud_mounted>
10005ada:	b918      	cbnz	r0, 10005ae4 <tud_cdc_n_read+0x38>
10005adc:	4630      	mov	r0, r6
10005ade:	b002      	add	sp, #8
10005ae0:	e8bd 81f0 	ldmia.w	sp!, {r4, r5, r6, r7, r8, pc}
10005ae4:	f7ff f94e 	bl	10004d84 <tud_suspended>
10005ae8:	2800      	cmp	r0, #0
10005aea:	d1f7      	bne.n	10005adc <tud_cdc_n_read+0x30>
10005aec:	4425      	add	r5, r4
10005aee:	78ea      	ldrb	r2, [r5, #3]
10005af0:	2a00      	cmp	r2, #0
10005af2:	d0f3      	beq.n	10005adc <tud_cdc_n_read+0x30>
10005af4:	9001      	str	r0, [sp, #4]
10005af6:	4638      	mov	r0, r7
10005af8:	f000 fb7c 	bl	100061f4 <tu_fifo_remaining>
10005afc:	283f      	cmp	r0, #63	@ 0x3f
10005afe:	d9ed      	bls.n	10005adc <tud_cdc_n_read+0x30>
10005b00:	9801      	ldr	r0, [sp, #4]
10005b02:	78e9      	ldrb	r1, [r5, #3]
10005b04:	f7ff fe00 	bl	10005708 <usbd_edpt_claim>
10005b08:	2800      	cmp	r0, #0
10005b0a:	d0e7      	beq.n	10005adc <tud_cdc_n_read+0x30>
10005b0c:	4638      	mov	r0, r7
10005b0e:	f000 fb71 	bl	100061f4 <tu_fifo_remaining>
10005b12:	283f      	cmp	r0, #63	@ 0x3f
10005b14:	78e9      	ldrb	r1, [r5, #3]
10005b16:	d907      	bls.n	10005b28 <tud_cdc_n_read+0x7c>
10005b18:	4a06      	ldr	r2, [pc, #24]	@ (10005b34 <tud_cdc_n_read+0x88>)
10005b1a:	2340      	movs	r3, #64	@ 0x40
10005b1c:	9801      	ldr	r0, [sp, #4]
10005b1e:	eb02 12c8 	add.w	r2, r2, r8, lsl #7
10005b22:	f7ff fe15 	bl	10005750 <usbd_edpt_xfer>
10005b26:	e7d9      	b.n	10005adc <tud_cdc_n_read+0x30>
10005b28:	9801      	ldr	r0, [sp, #4]
10005b2a:	f7ff fdff 	bl	1000572c <usbd_edpt_release>
10005b2e:	e7d5      	b.n	10005adc <tud_cdc_n_read+0x30>
10005b30:	200014f0 	.word	0x200014f0
10005b34:	2000177c 	.word	0x2000177c

10005b38 <tud_cdc_n_write_flush>:
10005b38:	b5f0      	push	{r4, r5, r6, r7, lr}
10005b3a:	b083      	sub	sp, #12
10005b3c:	4605      	mov	r5, r0
10005b3e:	f7ff f919 	bl	10004d74 <tud_mounted>
10005b42:	b910      	cbnz	r0, 10005b4a <tud_cdc_n_write_flush+0x12>
10005b44:	2000      	movs	r0, #0
10005b46:	b003      	add	sp, #12
10005b48:	bdf0      	pop	{r4, r5, r6, r7, pc}
10005b4a:	f7ff f91b 	bl	10004d84 <tud_suspended>
10005b4e:	4604      	mov	r4, r0
10005b50:	2800      	cmp	r0, #0
10005b52:	d1f7      	bne.n	10005b44 <tud_cdc_n_write_flush+0xc>
10005b54:	23c8      	movs	r3, #200	@ 0xc8
10005b56:	fb05 f303 	mul.w	r3, r5, r3
10005b5a:	4a1a      	ldr	r2, [pc, #104]	@ (10005bc4 <tud_cdc_n_write_flush+0x8c>)
10005b5c:	f103 0124 	add.w	r1, r3, #36	@ 0x24
10005b60:	188f      	adds	r7, r1, r2
10005b62:	4638      	mov	r0, r7
10005b64:	9300      	str	r3, [sp, #0]
10005b66:	f000 fb2b 	bl	100061c0 <tu_fifo_count>
10005b6a:	2800      	cmp	r0, #0
10005b6c:	d0ea      	beq.n	10005b44 <tud_cdc_n_write_flush+0xc>
10005b6e:	4a15      	ldr	r2, [pc, #84]	@ (10005bc4 <tud_cdc_n_write_flush+0x8c>)
10005b70:	9b00      	ldr	r3, [sp, #0]
10005b72:	4620      	mov	r0, r4
10005b74:	18d6      	adds	r6, r2, r3
10005b76:	78b1      	ldrb	r1, [r6, #2]
10005b78:	f7ff fdc6 	bl	10005708 <usbd_edpt_claim>
10005b7c:	2800      	cmp	r0, #0
10005b7e:	d0e1      	beq.n	10005b44 <tud_cdc_n_write_flush+0xc>
10005b80:	4911      	ldr	r1, [pc, #68]	@ (10005bc8 <tud_cdc_n_write_flush+0x90>)
10005b82:	4638      	mov	r0, r7
10005b84:	eb01 11c5 	add.w	r1, r1, r5, lsl #7
10005b88:	2240      	movs	r2, #64	@ 0x40
10005b8a:	9100      	str	r1, [sp, #0]
10005b8c:	f000 fb92 	bl	100062b4 <tu_fifo_read_n>
10005b90:	f896 c002 	ldrb.w	ip, [r6, #2]
10005b94:	4603      	mov	r3, r0
10005b96:	b170      	cbz	r0, 10005bb6 <tud_cdc_n_write_flush+0x7e>
10005b98:	9001      	str	r0, [sp, #4]
10005b9a:	4661      	mov	r1, ip
10005b9c:	4620      	mov	r0, r4
10005b9e:	9a00      	ldr	r2, [sp, #0]
10005ba0:	f7ff fdd6 	bl	10005750 <usbd_edpt_xfer>
10005ba4:	b958      	cbnz	r0, 10005bbe <tud_cdc_n_write_flush+0x86>
10005ba6:	f04f 23e0 	mov.w	r3, #3758153728	@ 0xe000e000
10005baa:	f8d3 3df0 	ldr.w	r3, [r3, #3568]	@ 0xdf0
10005bae:	07db      	lsls	r3, r3, #31
10005bb0:	d5c8      	bpl.n	10005b44 <tud_cdc_n_write_flush+0xc>
10005bb2:	be00      	bkpt	0x0000
10005bb4:	e7c6      	b.n	10005b44 <tud_cdc_n_write_flush+0xc>
10005bb6:	4661      	mov	r1, ip
10005bb8:	f7ff fdb8 	bl	1000572c <usbd_edpt_release>
10005bbc:	e7c2      	b.n	10005b44 <tud_cdc_n_write_flush+0xc>
10005bbe:	9801      	ldr	r0, [sp, #4]
10005bc0:	e7c1      	b.n	10005b46 <tud_cdc_n_write_flush+0xe>
10005bc2:	bf00      	nop
10005bc4:	200014f0 	.word	0x200014f0
10005bc8:	200017bc 	.word	0x200017bc

10005bcc <tud_cdc_n_write>:
10005bcc:	b570      	push	{r4, r5, r6, lr}
10005bce:	4605      	mov	r5, r0
10005bd0:	f64f 70ff 	movw	r0, #65535	@ 0xffff
10005bd4:	23c8      	movs	r3, #200	@ 0xc8
10005bd6:	4282      	cmp	r2, r0
10005bd8:	bf28      	it	cs
10005bda:	4602      	movcs	r2, r0
10005bdc:	4c09      	ldr	r4, [pc, #36]	@ (10005c04 <tud_cdc_n_write+0x38>)
10005bde:	b292      	uxth	r2, r2
10005be0:	fb03 4405 	mla	r4, r3, r5, r4
10005be4:	4620      	mov	r0, r4
10005be6:	f000 fc29 	bl	1000643c <tu_fifo_write_n>
10005bea:	4606      	mov	r6, r0
10005bec:	4620      	mov	r0, r4
10005bee:	f000 fae7 	bl	100061c0 <tu_fifo_count>
10005bf2:	283f      	cmp	r0, #63	@ 0x3f
10005bf4:	d801      	bhi.n	10005bfa <tud_cdc_n_write+0x2e>
10005bf6:	4630      	mov	r0, r6
10005bf8:	bd70      	pop	{r4, r5, r6, pc}
10005bfa:	4628      	mov	r0, r5
10005bfc:	f7ff ff9c 	bl	10005b38 <tud_cdc_n_write_flush>
10005c00:	4630      	mov	r0, r6
10005c02:	bd70      	pop	{r4, r5, r6, pc}
10005c04:	20001514 	.word	0x20001514

10005c08 <tud_cdc_n_write_available>:
10005c08:	22c8      	movs	r2, #200	@ 0xc8
10005c0a:	b508      	push	{r3, lr}
10005c0c:	4b02      	ldr	r3, [pc, #8]	@ (10005c18 <tud_cdc_n_write_available+0x10>)
10005c0e:	fb02 3000 	mla	r0, r2, r0, r3
10005c12:	f000 faef 	bl	100061f4 <tu_fifo_remaining>
10005c16:	bd08      	pop	{r3, pc}
10005c18:	20001514 	.word	0x20001514

10005c1c <cdcd_init>:
10005c1c:	b570      	push	{r4, r5, r6, lr}
10005c1e:	2400      	movs	r4, #0
10005c20:	b082      	sub	sp, #8
10005c22:	22c8      	movs	r2, #200	@ 0xc8
10005c24:	2100      	movs	r1, #0
10005c26:	4818      	ldr	r0, [pc, #96]	@ (10005c88 <cdcd_init+0x6c>)
10005c28:	f001 f8da 	bl	10006de0 <__memset_veneer>
10005c2c:	23ff      	movs	r3, #255	@ 0xff
10005c2e:	f44f 31e1 	mov.w	r1, #115200	@ 0x1c200
10005c32:	2208      	movs	r2, #8
10005c34:	4815      	ldr	r0, [pc, #84]	@ (10005c8c <cdcd_init+0x70>)
10005c36:	7004      	strb	r4, [r0, #0]
10005c38:	4813      	ldr	r0, [pc, #76]	@ (10005c88 <cdcd_init+0x6c>)
10005c3a:	9400      	str	r4, [sp, #0]
10005c3c:	4606      	mov	r6, r0
10005c3e:	7143      	strb	r3, [r0, #5]
10005c40:	6081      	str	r1, [r0, #8]
10005c42:	7382      	strb	r2, [r0, #14]
10005c44:	f100 0138 	add.w	r1, r0, #56	@ 0x38
10005c48:	2301      	movs	r3, #1
10005c4a:	2240      	movs	r2, #64	@ 0x40
10005c4c:	3010      	adds	r0, #16
10005c4e:	f000 fa87 	bl	10006160 <tu_fifo_config>
10005c52:	2301      	movs	r3, #1
10005c54:	2240      	movs	r2, #64	@ 0x40
10005c56:	f106 0178 	add.w	r1, r6, #120	@ 0x78
10005c5a:	9300      	str	r3, [sp, #0]
10005c5c:	f106 05b8 	add.w	r5, r6, #184	@ 0xb8
10005c60:	f106 0024 	add.w	r0, r6, #36	@ 0x24
10005c64:	f000 fa7c 	bl	10006160 <tu_fifo_config>
10005c68:	4628      	mov	r0, r5
10005c6a:	f7fb fc89 	bl	10001580 <mutex_init>
10005c6e:	f106 00c0 	add.w	r0, r6, #192	@ 0xc0
10005c72:	f7fb fc85 	bl	10001580 <mutex_init>
10005c76:	f106 00c0 	add.w	r0, r6, #192	@ 0xc0
10005c7a:	e9c6 4507 	strd	r4, r5, [r6, #28]
10005c7e:	e9c6 040c 	strd	r0, r4, [r6, #48]	@ 0x30
10005c82:	b002      	add	sp, #8
10005c84:	bd70      	pop	{r4, r5, r6, pc}
10005c86:	bf00      	nop
10005c88:	200014f0 	.word	0x200014f0
10005c8c:	200017fc 	.word	0x200017fc

10005c90 <cdcd_deinit>:
10005c90:	4b0a      	ldr	r3, [pc, #40]	@ (10005cbc <cdcd_deinit+0x2c>)
10005c92:	6b19      	ldr	r1, [r3, #48]	@ 0x30
10005c94:	6a1a      	ldr	r2, [r3, #32]
10005c96:	b161      	cbz	r1, 10005cb2 <cdcd_deinit+0x22>
10005c98:	b13a      	cbz	r2, 10005caa <cdcd_deinit+0x1a>
10005c9a:	2200      	movs	r2, #0
10005c9c:	e9c3 220c 	strd	r2, r2, [r3, #48]	@ 0x30
10005ca0:	61da      	str	r2, [r3, #28]
10005ca2:	2200      	movs	r2, #0
10005ca4:	621a      	str	r2, [r3, #32]
10005ca6:	2001      	movs	r0, #1
10005ca8:	4770      	bx	lr
10005caa:	2001      	movs	r0, #1
10005cac:	e9c3 220c 	strd	r2, r2, [r3, #48]	@ 0x30
10005cb0:	4770      	bx	lr
10005cb2:	2a00      	cmp	r2, #0
10005cb4:	d0f7      	beq.n	10005ca6 <cdcd_deinit+0x16>
10005cb6:	61d9      	str	r1, [r3, #28]
10005cb8:	e7f3      	b.n	10005ca2 <cdcd_deinit+0x12>
10005cba:	bf00      	nop
10005cbc:	200014f0 	.word	0x200014f0

10005cc0 <cdcd_reset>:
10005cc0:	2200      	movs	r2, #0
10005cc2:	4910      	ldr	r1, [pc, #64]	@ (10005d04 <cdcd_reset+0x44>)
10005cc4:	b508      	push	{r3, lr}
10005cc6:	4810      	ldr	r0, [pc, #64]	@ (10005d08 <cdcd_reset+0x48>)
10005cc8:	780b      	ldrb	r3, [r1, #0]
10005cca:	6002      	str	r2, [r0, #0]
10005ccc:	7102      	strb	r2, [r0, #4]
10005cce:	07da      	lsls	r2, r3, #31
10005cd0:	d507      	bpl.n	10005ce2 <cdcd_reset+0x22>
10005cd2:	079b      	lsls	r3, r3, #30
10005cd4:	d50c      	bpl.n	10005cf0 <cdcd_reset+0x30>
10005cd6:	e8bd 4008 	ldmia.w	sp!, {r3, lr}
10005cda:	2101      	movs	r1, #1
10005cdc:	480b      	ldr	r0, [pc, #44]	@ (10005d0c <cdcd_reset+0x4c>)
10005cde:	f000 bc71 	b.w	100065c4 <tu_fifo_set_overwritable>
10005ce2:	3010      	adds	r0, #16
10005ce4:	f000 fc52 	bl	1000658c <tu_fifo_clear>
10005ce8:	4906      	ldr	r1, [pc, #24]	@ (10005d04 <cdcd_reset+0x44>)
10005cea:	780b      	ldrb	r3, [r1, #0]
10005cec:	079b      	lsls	r3, r3, #30
10005cee:	d4f2      	bmi.n	10005cd6 <cdcd_reset+0x16>
10005cf0:	4806      	ldr	r0, [pc, #24]	@ (10005d0c <cdcd_reset+0x4c>)
10005cf2:	f000 fc4b 	bl	1000658c <tu_fifo_clear>
10005cf6:	e8bd 4008 	ldmia.w	sp!, {r3, lr}
10005cfa:	2101      	movs	r1, #1
10005cfc:	4803      	ldr	r0, [pc, #12]	@ (10005d0c <cdcd_reset+0x4c>)
10005cfe:	f000 bc61 	b.w	100065c4 <tu_fifo_set_overwritable>
10005d02:	bf00      	nop
10005d04:	200017fc 	.word	0x200017fc
10005d08:	200014f0 	.word	0x200014f0
10005d0c:	20001514 	.word	0x20001514

10005d10 <cdcd_open>:
10005d10:	b570      	push	{r4, r5, r6, lr}
10005d12:	794b      	ldrb	r3, [r1, #5]
10005d14:	b084      	sub	sp, #16
10005d16:	2b02      	cmp	r3, #2
10005d18:	d102      	bne.n	10005d20 <cdcd_open+0x10>
10005d1a:	798b      	ldrb	r3, [r1, #6]
10005d1c:	2b02      	cmp	r3, #2
10005d1e:	d003      	beq.n	10005d28 <cdcd_open+0x18>
10005d20:	2400      	movs	r4, #0
10005d22:	4620      	mov	r0, r4
10005d24:	b004      	add	sp, #16
10005d26:	bd70      	pop	{r4, r5, r6, pc}
10005d28:	4b2b      	ldr	r3, [pc, #172]	@ (10005dd8 <cdcd_open+0xc8>)
10005d2a:	789b      	ldrb	r3, [r3, #2]
10005d2c:	b13b      	cbz	r3, 10005d3e <cdcd_open+0x2e>
10005d2e:	f04f 23e0 	mov.w	r3, #3758153728	@ 0xe000e000
10005d32:	f8d3 3df0 	ldr.w	r3, [r3, #3568]	@ 0xdf0
10005d36:	07db      	lsls	r3, r3, #31
10005d38:	d5f2      	bpl.n	10005d20 <cdcd_open+0x10>
10005d3a:	be00      	bkpt	0x0000
10005d3c:	e7f0      	b.n	10005d20 <cdcd_open+0x10>
10005d3e:	788b      	ldrb	r3, [r1, #2]
10005d40:	4605      	mov	r5, r0
10005d42:	4825      	ldr	r0, [pc, #148]	@ (10005dd8 <cdcd_open+0xc8>)
10005d44:	7003      	strb	r3, [r0, #0]
10005d46:	780b      	ldrb	r3, [r1, #0]
10005d48:	4419      	add	r1, r3
10005d4a:	f891 c001 	ldrb.w	ip, [r1, #1]
10005d4e:	f1bc 0f24 	cmp.w	ip, #36	@ 0x24
10005d52:	bf08      	it	eq
10005d54:	2409      	moveq	r4, #9
10005d56:	d009      	beq.n	10005d6c <cdcd_open+0x5c>
10005d58:	e03b      	b.n	10005dd2 <cdcd_open+0xc2>
10005d5a:	780b      	ldrb	r3, [r1, #0]
10005d5c:	4419      	add	r1, r3
10005d5e:	f891 c001 	ldrb.w	ip, [r1, #1]
10005d62:	4423      	add	r3, r4
10005d64:	f1bc 0f24 	cmp.w	ip, #36	@ 0x24
10005d68:	b29c      	uxth	r4, r3
10005d6a:	d107      	bne.n	10005d7c <cdcd_open+0x6c>
10005d6c:	4294      	cmp	r4, r2
10005d6e:	d9f4      	bls.n	10005d5a <cdcd_open+0x4a>
10005d70:	2000      	movs	r0, #0
10005d72:	f7ff fe3b 	bl	100059ec <_prep_out_transaction.isra.0>
10005d76:	4620      	mov	r0, r4
10005d78:	b004      	add	sp, #16
10005d7a:	bd70      	pop	{r4, r5, r6, pc}
10005d7c:	4663      	mov	r3, ip
10005d7e:	f1bc 0f05 	cmp.w	ip, #5
10005d82:	d016      	beq.n	10005db2 <cdcd_open+0xa2>
10005d84:	2b04      	cmp	r3, #4
10005d86:	d1f3      	bne.n	10005d70 <cdcd_open+0x60>
10005d88:	794b      	ldrb	r3, [r1, #5]
10005d8a:	2b0a      	cmp	r3, #10
10005d8c:	d1f0      	bne.n	10005d70 <cdcd_open+0x60>
10005d8e:	4b13      	ldr	r3, [pc, #76]	@ (10005ddc <cdcd_open+0xcc>)
10005d90:	780a      	ldrb	r2, [r1, #0]
10005d92:	9301      	str	r3, [sp, #4]
10005d94:	3301      	adds	r3, #1
10005d96:	9300      	str	r3, [sp, #0]
10005d98:	2302      	movs	r3, #2
10005d9a:	4616      	mov	r6, r2
10005d9c:	4411      	add	r1, r2
10005d9e:	4628      	mov	r0, r5
10005da0:	461a      	mov	r2, r3
10005da2:	f7ff fc33 	bl	1000560c <usbd_open_edpt_pair>
10005da6:	2800      	cmp	r0, #0
10005da8:	d0c1      	beq.n	10005d2e <cdcd_open+0x1e>
10005daa:	340e      	adds	r4, #14
10005dac:	1933      	adds	r3, r6, r4
10005dae:	b29c      	uxth	r4, r3
10005db0:	e7de      	b.n	10005d70 <cdcd_open+0x60>
10005db2:	4628      	mov	r0, r5
10005db4:	9103      	str	r1, [sp, #12]
10005db6:	f7ff fc79 	bl	100056ac <usbd_edpt_open>
10005dba:	9903      	ldr	r1, [sp, #12]
10005dbc:	2800      	cmp	r0, #0
10005dbe:	d0b6      	beq.n	10005d2e <cdcd_open+0x1e>
10005dc0:	788b      	ldrb	r3, [r1, #2]
10005dc2:	4a05      	ldr	r2, [pc, #20]	@ (10005dd8 <cdcd_open+0xc8>)
10005dc4:	7053      	strb	r3, [r2, #1]
10005dc6:	780b      	ldrb	r3, [r1, #0]
10005dc8:	191a      	adds	r2, r3, r4
10005dca:	4419      	add	r1, r3
10005dcc:	784b      	ldrb	r3, [r1, #1]
10005dce:	b294      	uxth	r4, r2
10005dd0:	e7d8      	b.n	10005d84 <cdcd_open+0x74>
10005dd2:	4663      	mov	r3, ip
10005dd4:	2409      	movs	r4, #9
10005dd6:	e7d2      	b.n	10005d7e <cdcd_open+0x6e>
10005dd8:	200014f0 	.word	0x200014f0
10005ddc:	200014f2 	.word	0x200014f2

10005de0 <cdcd_control_xfer_cb>:
10005de0:	7813      	ldrb	r3, [r2, #0]
10005de2:	f003 0360 	and.w	r3, r3, #96	@ 0x60
10005de6:	2b20      	cmp	r3, #32
10005de8:	d10b      	bne.n	10005e02 <cdcd_control_xfer_cb+0x22>
10005dea:	b500      	push	{lr}
10005dec:	f8df c0bc 	ldr.w	ip, [pc, #188]	@ 10005eac <cdcd_control_xfer_cb+0xcc>
10005df0:	8893      	ldrh	r3, [r2, #4]
10005df2:	f89c e000 	ldrb.w	lr, [ip]
10005df6:	b083      	sub	sp, #12
10005df8:	459e      	cmp	lr, r3
10005dfa:	d004      	beq.n	10005e06 <cdcd_control_xfer_cb+0x26>
10005dfc:	2000      	movs	r0, #0
10005dfe:	b003      	add	sp, #12
10005e00:	bd00      	pop	{pc}
10005e02:	2000      	movs	r0, #0
10005e04:	4770      	bx	lr
10005e06:	7853      	ldrb	r3, [r2, #1]
10005e08:	3b20      	subs	r3, #32
10005e0a:	2b03      	cmp	r3, #3
10005e0c:	d8f6      	bhi.n	10005dfc <cdcd_control_xfer_cb+0x1c>
10005e0e:	e8df f003 	tbb	[pc, r3]
10005e12:	272c      	.short	0x272c
10005e14:	020d      	.short	0x020d
10005e16:	2901      	cmp	r1, #1
10005e18:	d033      	beq.n	10005e82 <cdcd_control_xfer_cb+0xa2>
10005e1a:	2903      	cmp	r1, #3
10005e1c:	d122      	bne.n	10005e64 <cdcd_control_xfer_cb+0x84>
10005e1e:	4b1e      	ldr	r3, [pc, #120]	@ (10005e98 <cdcd_control_xfer_cb+0xb8>)
10005e20:	b303      	cbz	r3, 10005e64 <cdcd_control_xfer_cb+0x84>
10005e22:	2000      	movs	r0, #0
10005e24:	8851      	ldrh	r1, [r2, #2]
10005e26:	f3af 8000 	nop.w
10005e2a:	e01b      	b.n	10005e64 <cdcd_control_xfer_cb+0x84>
10005e2c:	2901      	cmp	r1, #1
10005e2e:	d028      	beq.n	10005e82 <cdcd_control_xfer_cb+0xa2>
10005e30:	2903      	cmp	r1, #3
10005e32:	d117      	bne.n	10005e64 <cdcd_control_xfer_cb+0x84>
10005e34:	8852      	ldrh	r2, [r2, #2]
10005e36:	4819      	ldr	r0, [pc, #100]	@ (10005e9c <cdcd_control_xfer_cb+0xbc>)
10005e38:	f002 0301 	and.w	r3, r2, #1
10005e3c:	f083 0101 	eor.w	r1, r3, #1
10005e40:	9301      	str	r3, [sp, #4]
10005e42:	f88c 2004 	strb.w	r2, [ip, #4]
10005e46:	9200      	str	r2, [sp, #0]
10005e48:	f000 fbbc 	bl	100065c4 <tu_fifo_set_overwritable>
10005e4c:	4914      	ldr	r1, [pc, #80]	@ (10005ea0 <cdcd_control_xfer_cb+0xc0>)
10005e4e:	b149      	cbz	r1, 10005e64 <cdcd_control_xfer_cb+0x84>
10005e50:	9a00      	ldr	r2, [sp, #0]
10005e52:	2000      	movs	r0, #0
10005e54:	9901      	ldr	r1, [sp, #4]
10005e56:	f3c2 0240 	ubfx	r2, r2, #1, #1
10005e5a:	f3af 8000 	nop.w
10005e5e:	e001      	b.n	10005e64 <cdcd_control_xfer_cb+0x84>
10005e60:	2901      	cmp	r1, #1
10005e62:	d012      	beq.n	10005e8a <cdcd_control_xfer_cb+0xaa>
10005e64:	2001      	movs	r0, #1
10005e66:	b003      	add	sp, #12
10005e68:	bd00      	pop	{pc}
10005e6a:	2901      	cmp	r1, #1
10005e6c:	d00d      	beq.n	10005e8a <cdcd_control_xfer_cb+0xaa>
10005e6e:	2903      	cmp	r1, #3
10005e70:	d1f8      	bne.n	10005e64 <cdcd_control_xfer_cb+0x84>
10005e72:	4b0c      	ldr	r3, [pc, #48]	@ (10005ea4 <cdcd_control_xfer_cb+0xc4>)
10005e74:	2b00      	cmp	r3, #0
10005e76:	d0f5      	beq.n	10005e64 <cdcd_control_xfer_cb+0x84>
10005e78:	2000      	movs	r0, #0
10005e7a:	490b      	ldr	r1, [pc, #44]	@ (10005ea8 <cdcd_control_xfer_cb+0xc8>)
10005e7c:	f7fe fda8 	bl	100049d0 <tud_cdc_line_coding_cb>
10005e80:	e7f0      	b.n	10005e64 <cdcd_control_xfer_cb+0x84>
10005e82:	4611      	mov	r1, r2
10005e84:	f7ff fc9c 	bl	100057c0 <tud_control_status>
10005e88:	e7ec      	b.n	10005e64 <cdcd_control_xfer_cb+0x84>
10005e8a:	4611      	mov	r1, r2
10005e8c:	2307      	movs	r3, #7
10005e8e:	4a06      	ldr	r2, [pc, #24]	@ (10005ea8 <cdcd_control_xfer_cb+0xc8>)
10005e90:	f7ff fcb2 	bl	100057f8 <tud_control_xfer>
10005e94:	e7e6      	b.n	10005e64 <cdcd_control_xfer_cb+0x84>
10005e96:	bf00      	nop
10005e98:	00000000 	.word	0x00000000
10005e9c:	20001514 	.word	0x20001514
10005ea0:	00000000 	.word	0x00000000
10005ea4:	100049d1 	.word	0x100049d1
10005ea8:	200014f8 	.word	0x200014f8
10005eac:	200014f0 	.word	0x200014f0

10005eb0 <cdcd_xfer_cb>:
10005eb0:	e92d 41f0 	stmdb	sp!, {r4, r5, r6, r7, r8, lr}
10005eb4:	4c35      	ldr	r4, [pc, #212]	@ (10005f8c <cdcd_xfer_cb+0xdc>)
10005eb6:	460d      	mov	r5, r1
10005eb8:	78e2      	ldrb	r2, [r4, #3]
10005eba:	4607      	mov	r7, r0
10005ebc:	428a      	cmp	r2, r1
10005ebe:	461e      	mov	r6, r3
10005ec0:	b082      	sub	sp, #8
10005ec2:	d02f      	beq.n	10005f24 <cdcd_xfer_cb+0x74>
10005ec4:	78a3      	ldrb	r3, [r4, #2]
10005ec6:	428b      	cmp	r3, r1
10005ec8:	d009      	beq.n	10005ede <cdcd_xfer_cb+0x2e>
10005eca:	f04f 23e0 	mov.w	r3, #3758153728	@ 0xe000e000
10005ece:	f8d3 3df0 	ldr.w	r3, [r3, #3568]	@ 0xdf0
10005ed2:	07db      	lsls	r3, r3, #31
10005ed4:	d424      	bmi.n	10005f20 <cdcd_xfer_cb+0x70>
10005ed6:	2000      	movs	r0, #0
10005ed8:	b002      	add	sp, #8
10005eda:	e8bd 81f0 	ldmia.w	sp!, {r4, r5, r6, r7, r8, pc}
10005ede:	4b2c      	ldr	r3, [pc, #176]	@ (10005f90 <cdcd_xfer_cb+0xe0>)
10005ee0:	b113      	cbz	r3, 10005ee8 <cdcd_xfer_cb+0x38>
10005ee2:	2000      	movs	r0, #0
10005ee4:	f3af 8000 	nop.w
10005ee8:	2000      	movs	r0, #0
10005eea:	f7ff fe25 	bl	10005b38 <tud_cdc_n_write_flush>
10005eee:	2800      	cmp	r0, #0
10005ef0:	d147      	bne.n	10005f82 <cdcd_xfer_cb+0xd2>
10005ef2:	4828      	ldr	r0, [pc, #160]	@ (10005f94 <cdcd_xfer_cb+0xe4>)
10005ef4:	f000 f964 	bl	100061c0 <tu_fifo_count>
10005ef8:	2800      	cmp	r0, #0
10005efa:	d142      	bne.n	10005f82 <cdcd_xfer_cb+0xd2>
10005efc:	2e00      	cmp	r6, #0
10005efe:	d040      	beq.n	10005f82 <cdcd_xfer_cb+0xd2>
10005f00:	f016 053f 	ands.w	r5, r6, #63	@ 0x3f
10005f04:	d13d      	bne.n	10005f82 <cdcd_xfer_cb+0xd2>
10005f06:	4638      	mov	r0, r7
10005f08:	78a1      	ldrb	r1, [r4, #2]
10005f0a:	f7ff fbfd 	bl	10005708 <usbd_edpt_claim>
10005f0e:	2800      	cmp	r0, #0
10005f10:	d037      	beq.n	10005f82 <cdcd_xfer_cb+0xd2>
10005f12:	462b      	mov	r3, r5
10005f14:	462a      	mov	r2, r5
10005f16:	4638      	mov	r0, r7
10005f18:	78a1      	ldrb	r1, [r4, #2]
10005f1a:	f7ff fc19 	bl	10005750 <usbd_edpt_xfer>
10005f1e:	e030      	b.n	10005f82 <cdcd_xfer_cb+0xd2>
10005f20:	be00      	bkpt	0x0000
10005f22:	e7d8      	b.n	10005ed6 <cdcd_xfer_cb+0x26>
10005f24:	b29a      	uxth	r2, r3
10005f26:	491c      	ldr	r1, [pc, #112]	@ (10005f98 <cdcd_xfer_cb+0xe8>)
10005f28:	f104 0010 	add.w	r0, r4, #16
10005f2c:	f000 fa86 	bl	1000643c <tu_fifo_write_n>
10005f30:	4b1a      	ldr	r3, [pc, #104]	@ (10005f9c <cdcd_xfer_cb+0xec>)
10005f32:	b1d3      	cbz	r3, 10005f6a <cdcd_xfer_cb+0xba>
10005f34:	7962      	ldrb	r2, [r4, #5]
10005f36:	2aff      	cmp	r2, #255	@ 0xff
10005f38:	d017      	beq.n	10005f6a <cdcd_xfer_cb+0xba>
10005f3a:	b1b6      	cbz	r6, 10005f6a <cdcd_xfer_cb+0xba>
10005f3c:	4b16      	ldr	r3, [pc, #88]	@ (10005f98 <cdcd_xfer_cb+0xe8>)
10005f3e:	eb03 0806 	add.w	r8, r3, r6
10005f42:	e002      	b.n	10005f4a <cdcd_xfer_cb+0x9a>
10005f44:	4543      	cmp	r3, r8
10005f46:	d010      	beq.n	10005f6a <cdcd_xfer_cb+0xba>
10005f48:	7962      	ldrb	r2, [r4, #5]
10005f4a:	f813 1b01 	ldrb.w	r1, [r3], #1
10005f4e:	4291      	cmp	r1, r2
10005f50:	d1f8      	bne.n	10005f44 <cdcd_xfer_cb+0x94>
10005f52:	4813      	ldr	r0, [pc, #76]	@ (10005fa0 <cdcd_xfer_cb+0xf0>)
10005f54:	9301      	str	r3, [sp, #4]
10005f56:	f000 f943 	bl	100061e0 <tu_fifo_empty>
10005f5a:	9b01      	ldr	r3, [sp, #4]
10005f5c:	2800      	cmp	r0, #0
10005f5e:	d1f1      	bne.n	10005f44 <cdcd_xfer_cb+0x94>
10005f60:	7961      	ldrb	r1, [r4, #5]
10005f62:	f3af 8000 	nop.w
10005f66:	9b01      	ldr	r3, [sp, #4]
10005f68:	e7ec      	b.n	10005f44 <cdcd_xfer_cb+0x94>
10005f6a:	4b0e      	ldr	r3, [pc, #56]	@ (10005fa4 <cdcd_xfer_cb+0xf4>)
10005f6c:	b11b      	cbz	r3, 10005f76 <cdcd_xfer_cb+0xc6>
10005f6e:	480c      	ldr	r0, [pc, #48]	@ (10005fa0 <cdcd_xfer_cb+0xf0>)
10005f70:	f000 f936 	bl	100061e0 <tu_fifo_empty>
10005f74:	b138      	cbz	r0, 10005f86 <cdcd_xfer_cb+0xd6>
10005f76:	2000      	movs	r0, #0
10005f78:	f7ff fd38 	bl	100059ec <_prep_out_transaction.isra.0>
10005f7c:	78a3      	ldrb	r3, [r4, #2]
10005f7e:	42ab      	cmp	r3, r5
10005f80:	d0ad      	beq.n	10005ede <cdcd_xfer_cb+0x2e>
10005f82:	2001      	movs	r0, #1
10005f84:	e7a8      	b.n	10005ed8 <cdcd_xfer_cb+0x28>
10005f86:	f3af 8000 	nop.w
10005f8a:	e7f4      	b.n	10005f76 <cdcd_xfer_cb+0xc6>
10005f8c:	200014f0 	.word	0x200014f0
10005f90:	00000000 	.word	0x00000000
10005f94:	20001514 	.word	0x20001514
10005f98:	2000177c 	.word	0x2000177c
10005f9c:	00000000 	.word	0x00000000
10005fa0:	20001500 	.word	0x20001500
10005fa4:	00000000 	.word	0x00000000

10005fa8 <tusb_rhport_init>:
10005fa8:	b500      	push	{lr}
10005faa:	b083      	sub	sp, #12
10005fac:	b1d9      	cbz	r1, 10005fe6 <tusb_rhport_init+0x3e>
10005fae:	2801      	cmp	r0, #1
10005fb0:	d80e      	bhi.n	10005fd0 <tusb_rhport_init+0x28>
10005fb2:	780b      	ldrb	r3, [r1, #0]
10005fb4:	b163      	cbz	r3, 10005fd0 <tusb_rhport_init+0x28>
10005fb6:	f8df c058 	ldr.w	ip, [pc, #88]	@ 10006010 <tusb_rhport_init+0x68>
10005fba:	2b01      	cmp	r3, #1
10005fbc:	f80c 3000 	strb.w	r3, [ip, r0]
10005fc0:	d002      	beq.n	10005fc8 <tusb_rhport_init+0x20>
10005fc2:	2001      	movs	r0, #1
10005fc4:	b003      	add	sp, #12
10005fc6:	bd00      	pop	{pc}
10005fc8:	f7fe fee4 	bl	10004d94 <tud_rhport_init>
10005fcc:	2800      	cmp	r0, #0
10005fce:	d1f8      	bne.n	10005fc2 <tusb_rhport_init+0x1a>
10005fd0:	f04f 23e0 	mov.w	r3, #3758153728	@ 0xe000e000
10005fd4:	f8d3 3df0 	ldr.w	r3, [r3, #3568]	@ 0xdf0
10005fd8:	07db      	lsls	r3, r3, #31
10005fda:	d402      	bmi.n	10005fe2 <tusb_rhport_init+0x3a>
10005fdc:	2000      	movs	r0, #0
10005fde:	b003      	add	sp, #12
10005fe0:	bd00      	pop	{pc}
10005fe2:	be00      	bkpt	0x0000
10005fe4:	e7fa      	b.n	10005fdc <tusb_rhport_init+0x34>
10005fe6:	2201      	movs	r2, #1
10005fe8:	4608      	mov	r0, r1
10005fea:	a901      	add	r1, sp, #4
10005fec:	f8ad 2004 	strh.w	r2, [sp, #4]
10005ff0:	f7fe fed0 	bl	10004d94 <tud_rhport_init>
10005ff4:	2201      	movs	r2, #1
10005ff6:	b938      	cbnz	r0, 10006008 <tusb_rhport_init+0x60>
10005ff8:	f04f 23e0 	mov.w	r3, #3758153728	@ 0xe000e000
10005ffc:	f8d3 3df0 	ldr.w	r3, [r3, #3568]	@ 0xdf0
10006000:	07da      	lsls	r2, r3, #31
10006002:	d5ec      	bpl.n	10005fde <tusb_rhport_init+0x36>
10006004:	be00      	bkpt	0x0000
10006006:	e7ea      	b.n	10005fde <tusb_rhport_init+0x36>
10006008:	4b01      	ldr	r3, [pc, #4]	@ (10006010 <tusb_rhport_init+0x68>)
1000600a:	701a      	strb	r2, [r3, #0]
1000600c:	e7e7      	b.n	10005fde <tusb_rhport_init+0x36>
1000600e:	bf00      	nop
10006010:	20001874 	.word	0x20001874

10006014 <tu_edpt_claim>:
10006014:	7803      	ldrb	r3, [r0, #0]
10006016:	f013 0301 	ands.w	r3, r3, #1
1000601a:	d11e      	bne.n	1000605a <tu_edpt_claim+0x46>
1000601c:	b530      	push	{r4, r5, lr}
1000601e:	4602      	mov	r2, r0
10006020:	7800      	ldrb	r0, [r0, #0]
10006022:	b083      	sub	sp, #12
10006024:	4604      	mov	r4, r0
10006026:	0740      	lsls	r0, r0, #29
10006028:	d502      	bpl.n	10006030 <tu_edpt_claim+0x1c>
1000602a:	4618      	mov	r0, r3
1000602c:	b003      	add	sp, #12
1000602e:	bd30      	pop	{r4, r5, pc}
10006030:	4608      	mov	r0, r1
10006032:	460d      	mov	r5, r1
10006034:	f04f 31ff 	mov.w	r1, #4294967295	@ 0xffffffff
10006038:	9201      	str	r2, [sp, #4]
1000603a:	f000 fec5 	bl	10006dc8 <__mutex_enter_timeout_ms_veneer>
1000603e:	9a01      	ldr	r2, [sp, #4]
10006040:	7813      	ldrb	r3, [r2, #0]
10006042:	f013 0301 	ands.w	r3, r3, #1
10006046:	d10b      	bne.n	10006060 <tu_edpt_claim+0x4c>
10006048:	7811      	ldrb	r1, [r2, #0]
1000604a:	0749      	lsls	r1, r1, #29
1000604c:	d40a      	bmi.n	10006064 <tu_edpt_claim+0x50>
1000604e:	7811      	ldrb	r1, [r2, #0]
10006050:	2301      	movs	r3, #1
10006052:	f041 0104 	orr.w	r1, r1, #4
10006056:	7011      	strb	r1, [r2, #0]
10006058:	e004      	b.n	10006064 <tu_edpt_claim+0x50>
1000605a:	2300      	movs	r3, #0
1000605c:	4618      	mov	r0, r3
1000605e:	4770      	bx	lr
10006060:	f3c4 0380 	ubfx	r3, r4, #2, #1
10006064:	4628      	mov	r0, r5
10006066:	9301      	str	r3, [sp, #4]
10006068:	f000 fe96 	bl	10006d98 <__mutex_exit_veneer>
1000606c:	9b01      	ldr	r3, [sp, #4]
1000606e:	4618      	mov	r0, r3
10006070:	b003      	add	sp, #12
10006072:	bd30      	pop	{r4, r5, pc}

10006074 <tu_edpt_release>:
10006074:	b570      	push	{r4, r5, r6, lr}
10006076:	460d      	mov	r5, r1
10006078:	4604      	mov	r4, r0
1000607a:	f04f 31ff 	mov.w	r1, #4294967295	@ 0xffffffff
1000607e:	4628      	mov	r0, r5
10006080:	f000 fea2 	bl	10006dc8 <__mutex_enter_timeout_ms_veneer>
10006084:	7823      	ldrb	r3, [r4, #0]
10006086:	f3c3 0680 	ubfx	r6, r3, #2, #1
1000608a:	075b      	lsls	r3, r3, #29
1000608c:	d508      	bpl.n	100060a0 <tu_edpt_release+0x2c>
1000608e:	7823      	ldrb	r3, [r4, #0]
10006090:	f013 0301 	ands.w	r3, r3, #1
10006094:	bf11      	iteee	ne
10006096:	2600      	movne	r6, #0
10006098:	7822      	ldrbeq	r2, [r4, #0]
1000609a:	f363 0282 	bfieq	r2, r3, #2, #1
1000609e:	7022      	strbeq	r2, [r4, #0]
100060a0:	4628      	mov	r0, r5
100060a2:	f000 fe79 	bl	10006d98 <__mutex_exit_veneer>
100060a6:	4630      	mov	r0, r6
100060a8:	bd70      	pop	{r4, r5, r6, pc}
100060aa:	bf00      	nop

100060ac <tu_edpt_validate>:
100060ac:	78c3      	ldrb	r3, [r0, #3]
100060ae:	8882      	ldrh	r2, [r0, #4]
100060b0:	f003 0003 	and.w	r0, r3, #3
100060b4:	2802      	cmp	r0, #2
100060b6:	f3c2 020a 	ubfx	r2, r2, #0, #11
100060ba:	d015      	beq.n	100060e8 <tu_edpt_validate+0x3c>
100060bc:	2803      	cmp	r0, #3
100060be:	d00a      	beq.n	100060d6 <tu_edpt_validate+0x2a>
100060c0:	2801      	cmp	r0, #1
100060c2:	d11c      	bne.n	100060fe <tu_edpt_validate+0x52>
100060c4:	2902      	cmp	r1, #2
100060c6:	f240 33ff 	movw	r3, #1023	@ 0x3ff
100060ca:	bf08      	it	eq
100060cc:	f44f 6380 	moveq.w	r3, #1024	@ 0x400
100060d0:	4293      	cmp	r3, r2
100060d2:	d30d      	bcc.n	100060f0 <tu_edpt_validate+0x44>
100060d4:	4770      	bx	lr
100060d6:	2902      	cmp	r1, #2
100060d8:	bf14      	ite	ne
100060da:	2340      	movne	r3, #64	@ 0x40
100060dc:	f44f 6380 	moveq.w	r3, #1024	@ 0x400
100060e0:	4293      	cmp	r3, r2
100060e2:	d305      	bcc.n	100060f0 <tu_edpt_validate+0x44>
100060e4:	2001      	movs	r0, #1
100060e6:	4770      	bx	lr
100060e8:	2902      	cmp	r1, #2
100060ea:	d00a      	beq.n	10006102 <tu_edpt_validate+0x56>
100060ec:	2a40      	cmp	r2, #64	@ 0x40
100060ee:	d9f9      	bls.n	100060e4 <tu_edpt_validate+0x38>
100060f0:	f04f 23e0 	mov.w	r3, #3758153728	@ 0xe000e000
100060f4:	f8d3 3df0 	ldr.w	r3, [r3, #3568]	@ 0xdf0
100060f8:	07db      	lsls	r3, r3, #31
100060fa:	d500      	bpl.n	100060fe <tu_edpt_validate+0x52>
100060fc:	be00      	bkpt	0x0000
100060fe:	2000      	movs	r0, #0
10006100:	4770      	bx	lr
10006102:	f5b2 7f00 	cmp.w	r2, #512	@ 0x200
10006106:	d0ed      	beq.n	100060e4 <tu_edpt_validate+0x38>
10006108:	e7f2      	b.n	100060f0 <tu_edpt_validate+0x44>
1000610a:	bf00      	nop

1000610c <tu_edpt_bind_driver>:
1000610c:	440a      	add	r2, r1
1000610e:	4291      	cmp	r1, r2
10006110:	d225      	bcs.n	1000615e <tu_edpt_bind_driver+0x52>
10006112:	f891 c001 	ldrb.w	ip, [r1, #1]
10006116:	f1bc 0f05 	cmp.w	ip, #5
1000611a:	d005      	beq.n	10006128 <tu_edpt_bind_driver+0x1c>
1000611c:	f891 c000 	ldrb.w	ip, [r1]
10006120:	4461      	add	r1, ip
10006122:	428a      	cmp	r2, r1
10006124:	d8f5      	bhi.n	10006112 <tu_edpt_bind_driver+0x6>
10006126:	4770      	bx	lr
10006128:	b500      	push	{lr}
1000612a:	f891 c002 	ldrb.w	ip, [r1, #2]
1000612e:	f00c 0e7f 	and.w	lr, ip, #127	@ 0x7f
10006132:	eb00 0e4e 	add.w	lr, r0, lr, lsl #1
10006136:	ea4f 1cdc 	mov.w	ip, ip, lsr #7
1000613a:	f80e 300c 	strb.w	r3, [lr, ip]
1000613e:	f891 c000 	ldrb.w	ip, [r1]
10006142:	4461      	add	r1, ip
10006144:	428a      	cmp	r2, r1
10006146:	d909      	bls.n	1000615c <tu_edpt_bind_driver+0x50>
10006148:	f891 c001 	ldrb.w	ip, [r1, #1]
1000614c:	f1bc 0f05 	cmp.w	ip, #5
10006150:	d0eb      	beq.n	1000612a <tu_edpt_bind_driver+0x1e>
10006152:	f891 c000 	ldrb.w	ip, [r1]
10006156:	4461      	add	r1, ip
10006158:	428a      	cmp	r2, r1
1000615a:	d8f5      	bhi.n	10006148 <tu_edpt_bind_driver+0x3c>
1000615c:	bd00      	pop	{pc}
1000615e:	4770      	bx	lr

10006160 <tu_fifo_config>:
10006160:	e92d 41f0 	stmdb	sp!, {r4, r5, r6, r7, r8, lr}
10006164:	f5b2 4f00 	cmp.w	r2, #32768	@ 0x8000
10006168:	f89d 5018 	ldrb.w	r5, [sp, #24]
1000616c:	d824      	bhi.n	100061b8 <tu_fifo_config+0x58>
1000616e:	4604      	mov	r4, r0
10006170:	68c0      	ldr	r0, [r0, #12]
10006172:	4698      	mov	r8, r3
10006174:	460f      	mov	r7, r1
10006176:	4616      	mov	r6, r2
10006178:	b118      	cbz	r0, 10006182 <tu_fifo_config+0x22>
1000617a:	f04f 31ff 	mov.w	r1, #4294967295	@ 0xffffffff
1000617e:	f000 fe23 	bl	10006dc8 <__mutex_enter_timeout_ms_veneer>
10006182:	6920      	ldr	r0, [r4, #16]
10006184:	b118      	cbz	r0, 1000618e <tu_fifo_config+0x2e>
10006186:	f04f 31ff 	mov.w	r1, #4294967295	@ 0xffffffff
1000618a:	f000 fe1d 	bl	10006dc8 <__mutex_enter_timeout_ms_veneer>
1000618e:	2200      	movs	r2, #0
10006190:	f3c8 030e 	ubfx	r3, r8, #0, #15
10006194:	68e0      	ldr	r0, [r4, #12]
10006196:	ea43 33c5 	orr.w	r3, r3, r5, lsl #15
1000619a:	8162      	strh	r2, [r4, #10]
1000619c:	6027      	str	r7, [r4, #0]
1000619e:	80a6      	strh	r6, [r4, #4]
100061a0:	80e3      	strh	r3, [r4, #6]
100061a2:	8122      	strh	r2, [r4, #8]
100061a4:	b108      	cbz	r0, 100061aa <tu_fifo_config+0x4a>
100061a6:	f000 fdf7 	bl	10006d98 <__mutex_exit_veneer>
100061aa:	6920      	ldr	r0, [r4, #16]
100061ac:	b108      	cbz	r0, 100061b2 <tu_fifo_config+0x52>
100061ae:	f000 fdf3 	bl	10006d98 <__mutex_exit_veneer>
100061b2:	2001      	movs	r0, #1
100061b4:	e8bd 81f0 	ldmia.w	sp!, {r4, r5, r6, r7, r8, pc}
100061b8:	2000      	movs	r0, #0
100061ba:	e8bd 81f0 	ldmia.w	sp!, {r4, r5, r6, r7, r8, pc}
100061be:	bf00      	nop

100061c0 <tu_fifo_count>:
100061c0:	8903      	ldrh	r3, [r0, #8]
100061c2:	8942      	ldrh	r2, [r0, #10]
100061c4:	b29b      	uxth	r3, r3
100061c6:	b292      	uxth	r2, r2
100061c8:	8880      	ldrh	r0, [r0, #4]
100061ca:	4293      	cmp	r3, r2
100061cc:	bf36      	itet	cc
100061ce:	ebc2 0240 	rsbcc	r2, r2, r0, lsl #1
100061d2:	1a9b      	subcs	r3, r3, r2
100061d4:	189b      	addcc	r3, r3, r2
100061d6:	b29b      	uxth	r3, r3
100061d8:	4298      	cmp	r0, r3
100061da:	bf28      	it	cs
100061dc:	4618      	movcs	r0, r3
100061de:	4770      	bx	lr

100061e0 <tu_fifo_empty>:
100061e0:	8902      	ldrh	r2, [r0, #8]
100061e2:	8943      	ldrh	r3, [r0, #10]
100061e4:	b290      	uxth	r0, r2
100061e6:	b29b      	uxth	r3, r3
100061e8:	1ac0      	subs	r0, r0, r3
100061ea:	fab0 f080 	clz	r0, r0
100061ee:	0940      	lsrs	r0, r0, #5
100061f0:	4770      	bx	lr
100061f2:	bf00      	nop

100061f4 <tu_fifo_remaining>:
100061f4:	8903      	ldrh	r3, [r0, #8]
100061f6:	8942      	ldrh	r2, [r0, #10]
100061f8:	b29b      	uxth	r3, r3
100061fa:	8880      	ldrh	r0, [r0, #4]
100061fc:	b292      	uxth	r2, r2
100061fe:	4293      	cmp	r3, r2
10006200:	bf36      	itet	cc
10006202:	ebc2 0240 	rsbcc	r2, r2, r0, lsl #1
10006206:	1a9b      	subcs	r3, r3, r2
10006208:	189b      	addcc	r3, r3, r2
1000620a:	b29b      	uxth	r3, r3
1000620c:	4298      	cmp	r0, r3
1000620e:	bf86      	itte	hi
10006210:	1ac0      	subhi	r0, r0, r3
10006212:	b280      	uxthhi	r0, r0
10006214:	2000      	movls	r0, #0
10006216:	4770      	bx	lr

10006218 <tu_fifo_read>:
10006218:	b530      	push	{r4, r5, lr}
1000621a:	4604      	mov	r4, r0
1000621c:	6900      	ldr	r0, [r0, #16]
1000621e:	460d      	mov	r5, r1
10006220:	b083      	sub	sp, #12
10006222:	b118      	cbz	r0, 1000622c <tu_fifo_read+0x14>
10006224:	f04f 31ff 	mov.w	r1, #4294967295	@ 0xffffffff
10006228:	f000 fdce 	bl	10006dc8 <__mutex_enter_timeout_ms_veneer>
1000622c:	8922      	ldrh	r2, [r4, #8]
1000622e:	8961      	ldrh	r1, [r4, #10]
10006230:	b292      	uxth	r2, r2
10006232:	b289      	uxth	r1, r1
10006234:	88a3      	ldrh	r3, [r4, #4]
10006236:	428a      	cmp	r2, r1
10006238:	bf36      	itet	cc
1000623a:	ebc1 0043 	rsbcc	r0, r1, r3, lsl #1
1000623e:	1a50      	subcs	r0, r2, r1
10006240:	1880      	addcc	r0, r0, r2
10006242:	b280      	uxth	r0, r0
10006244:	b368      	cbz	r0, 100062a2 <tu_fifo_read+0x8a>
10006246:	4283      	cmp	r3, r0
10006248:	d209      	bcs.n	1000625e <tu_fifo_read+0x46>
1000624a:	429a      	cmp	r2, r3
1000624c:	bf2c      	ite	cs
1000624e:	1ad2      	subcs	r2, r2, r3
10006250:	18d2      	addcc	r2, r2, r3
10006252:	b291      	uxth	r1, r2
10006254:	428b      	cmp	r3, r1
10006256:	8161      	strh	r1, [r4, #10]
10006258:	d803      	bhi.n	10006262 <tu_fifo_read+0x4a>
1000625a:	1ac9      	subs	r1, r1, r3
1000625c:	b289      	uxth	r1, r1
1000625e:	428b      	cmp	r3, r1
10006260:	d9fb      	bls.n	1000625a <tu_fifo_read+0x42>
10006262:	88e2      	ldrh	r2, [r4, #6]
10006264:	6823      	ldr	r3, [r4, #0]
10006266:	f3c2 020e 	ubfx	r2, r2, #0, #15
1000626a:	fb02 3101 	mla	r1, r2, r1, r3
1000626e:	4628      	mov	r0, r5
10006270:	f000 fd86 	bl	10006d80 <__memcpy_veneer>
10006274:	8962      	ldrh	r2, [r4, #10]
10006276:	88a3      	ldrh	r3, [r4, #4]
10006278:	b292      	uxth	r2, r2
1000627a:	1c51      	adds	r1, r2, #1
1000627c:	b289      	uxth	r1, r1
1000627e:	428a      	cmp	r2, r1
10006280:	f04f 0201 	mov.w	r2, #1
10006284:	d910      	bls.n	100062a8 <tu_fifo_read+0x90>
10006286:	2100      	movs	r1, #0
10006288:	fa03 f002 	lsl.w	r0, r3, r2
1000628c:	1a09      	subs	r1, r1, r0
1000628e:	6920      	ldr	r0, [r4, #16]
10006290:	8161      	strh	r1, [r4, #10]
10006292:	b118      	cbz	r0, 1000629c <tu_fifo_read+0x84>
10006294:	9201      	str	r2, [sp, #4]
10006296:	f000 fd7f 	bl	10006d98 <__mutex_exit_veneer>
1000629a:	9a01      	ldr	r2, [sp, #4]
1000629c:	4610      	mov	r0, r2
1000629e:	b003      	add	sp, #12
100062a0:	bd30      	pop	{r4, r5, pc}
100062a2:	4602      	mov	r2, r0
100062a4:	8961      	ldrh	r1, [r4, #10]
100062a6:	b289      	uxth	r1, r1
100062a8:	ebb1 0f43 	cmp.w	r1, r3, lsl #1
100062ac:	ea4f 0043 	mov.w	r0, r3, lsl #1
100062b0:	dbed      	blt.n	1000628e <tu_fifo_read+0x76>
100062b2:	e7eb      	b.n	1000628c <tu_fifo_read+0x74>

100062b4 <tu_fifo_read_n>:
100062b4:	e92d 41f0 	stmdb	sp!, {r4, r5, r6, r7, r8, lr}
100062b8:	4605      	mov	r5, r0
100062ba:	6900      	ldr	r0, [r0, #16]
100062bc:	4688      	mov	r8, r1
100062be:	b082      	sub	sp, #8
100062c0:	b128      	cbz	r0, 100062ce <tu_fifo_read_n+0x1a>
100062c2:	f04f 31ff 	mov.w	r1, #4294967295	@ 0xffffffff
100062c6:	9200      	str	r2, [sp, #0]
100062c8:	f000 fd7e 	bl	10006dc8 <__mutex_enter_timeout_ms_veneer>
100062cc:	9a00      	ldr	r2, [sp, #0]
100062ce:	8929      	ldrh	r1, [r5, #8]
100062d0:	896b      	ldrh	r3, [r5, #10]
100062d2:	b289      	uxth	r1, r1
100062d4:	b29b      	uxth	r3, r3
100062d6:	88ac      	ldrh	r4, [r5, #4]
100062d8:	4299      	cmp	r1, r3
100062da:	bf36      	itet	cc
100062dc:	ebc3 0644 	rsbcc	r6, r3, r4, lsl #1
100062e0:	1ace      	subcs	r6, r1, r3
100062e2:	1876      	addcc	r6, r6, r1
100062e4:	b2b6      	uxth	r6, r6
100062e6:	2e00      	cmp	r6, #0
100062e8:	d04b      	beq.n	10006382 <tu_fifo_read_n+0xce>
100062ea:	42b4      	cmp	r4, r6
100062ec:	d341      	bcc.n	10006372 <tu_fifo_read_n+0xbe>
100062ee:	42b2      	cmp	r2, r6
100062f0:	bf28      	it	cs
100062f2:	4632      	movcs	r2, r6
100062f4:	429c      	cmp	r4, r3
100062f6:	b296      	uxth	r6, r2
100062f8:	d803      	bhi.n	10006302 <tu_fifo_read_n+0x4e>
100062fa:	1b1b      	subs	r3, r3, r4
100062fc:	b29b      	uxth	r3, r3
100062fe:	429c      	cmp	r4, r3
10006300:	d9fb      	bls.n	100062fa <tu_fifo_read_n+0x46>
10006302:	f8b5 c006 	ldrh.w	ip, [r5, #6]
10006306:	1ae0      	subs	r0, r4, r3
10006308:	6829      	ldr	r1, [r5, #0]
1000630a:	b280      	uxth	r0, r0
1000630c:	f3cc 020e 	ubfx	r2, ip, #0, #15
10006310:	4286      	cmp	r6, r0
10006312:	4617      	mov	r7, r2
10006314:	fb02 1103 	mla	r1, r2, r3, r1
10006318:	d925      	bls.n	10006366 <tu_fifo_read_n+0xb2>
1000631a:	fb10 f202 	smulbb	r2, r0, r2
1000631e:	4640      	mov	r0, r8
10006320:	b292      	uxth	r2, r2
10006322:	9301      	str	r3, [sp, #4]
10006324:	9200      	str	r2, [sp, #0]
10006326:	f000 fd2b 	bl	10006d80 <__memcpy_veneer>
1000632a:	9b01      	ldr	r3, [sp, #4]
1000632c:	9a00      	ldr	r2, [sp, #0]
1000632e:	1b34      	subs	r4, r6, r4
10006330:	4423      	add	r3, r4
10006332:	eb08 0002 	add.w	r0, r8, r2
10006336:	fb13 f207 	smulbb	r2, r3, r7
1000633a:	6829      	ldr	r1, [r5, #0]
1000633c:	b292      	uxth	r2, r2
1000633e:	f000 fd1f 	bl	10006d80 <__memcpy_veneer>
10006342:	896a      	ldrh	r2, [r5, #10]
10006344:	88ac      	ldrh	r4, [r5, #4]
10006346:	b292      	uxth	r2, r2
10006348:	1993      	adds	r3, r2, r6
1000634a:	b29b      	uxth	r3, r3
1000634c:	429a      	cmp	r2, r3
1000634e:	d91a      	bls.n	10006386 <tu_fifo_read_n+0xd2>
10006350:	0062      	lsls	r2, r4, #1
10006352:	1a9b      	subs	r3, r3, r2
10006354:	6928      	ldr	r0, [r5, #16]
10006356:	816b      	strh	r3, [r5, #10]
10006358:	b108      	cbz	r0, 1000635e <tu_fifo_read_n+0xaa>
1000635a:	f000 fd1d 	bl	10006d98 <__mutex_exit_veneer>
1000635e:	4630      	mov	r0, r6
10006360:	b002      	add	sp, #8
10006362:	e8bd 81f0 	ldmia.w	sp!, {r4, r5, r6, r7, r8, pc}
10006366:	4640      	mov	r0, r8
10006368:	fb06 f202 	mul.w	r2, r6, r2
1000636c:	f000 fd08 	bl	10006d80 <__memcpy_veneer>
10006370:	e7e7      	b.n	10006342 <tu_fifo_read_n+0x8e>
10006372:	42a1      	cmp	r1, r4
10006374:	bf2c      	ite	cs
10006376:	1b09      	subcs	r1, r1, r4
10006378:	1909      	addcc	r1, r1, r4
1000637a:	b28b      	uxth	r3, r1
1000637c:	4626      	mov	r6, r4
1000637e:	816b      	strh	r3, [r5, #10]
10006380:	e7b5      	b.n	100062ee <tu_fifo_read_n+0x3a>
10006382:	896b      	ldrh	r3, [r5, #10]
10006384:	b29b      	uxth	r3, r3
10006386:	ebb3 0f44 	cmp.w	r3, r4, lsl #1
1000638a:	ea4f 0244 	mov.w	r2, r4, lsl #1
1000638e:	dbe1      	blt.n	10006354 <tu_fifo_read_n+0xa0>
10006390:	e7df      	b.n	10006352 <tu_fifo_read_n+0x9e>
10006392:	bf00      	nop

10006394 <tu_fifo_write>:
10006394:	b570      	push	{r4, r5, r6, lr}
10006396:	4604      	mov	r4, r0
10006398:	68c0      	ldr	r0, [r0, #12]
1000639a:	460e      	mov	r6, r1
1000639c:	b082      	sub	sp, #8
1000639e:	b118      	cbz	r0, 100063a8 <tu_fifo_write+0x14>
100063a0:	f04f 31ff 	mov.w	r1, #4294967295	@ 0xffffffff
100063a4:	f000 fd10 	bl	10006dc8 <__mutex_enter_timeout_ms_veneer>
100063a8:	8925      	ldrh	r5, [r4, #8]
100063aa:	8923      	ldrh	r3, [r4, #8]
100063ac:	8961      	ldrh	r1, [r4, #10]
100063ae:	b29b      	uxth	r3, r3
100063b0:	b289      	uxth	r1, r1
100063b2:	88a2      	ldrh	r2, [r4, #4]
100063b4:	428b      	cmp	r3, r1
100063b6:	bf36      	itet	cc
100063b8:	ebc1 0142 	rsbcc	r1, r1, r2, lsl #1
100063bc:	1a5b      	subcs	r3, r3, r1
100063be:	185b      	addcc	r3, r3, r1
100063c0:	b29b      	uxth	r3, r3
100063c2:	429a      	cmp	r2, r3
100063c4:	b2ad      	uxth	r5, r5
100063c6:	d80b      	bhi.n	100063e0 <tu_fifo_write+0x4c>
100063c8:	79e1      	ldrb	r1, [r4, #7]
100063ca:	09c9      	lsrs	r1, r1, #7
100063cc:	d108      	bne.n	100063e0 <tu_fifo_write+0x4c>
100063ce:	68e0      	ldr	r0, [r4, #12]
100063d0:	b118      	cbz	r0, 100063da <tu_fifo_write+0x46>
100063d2:	9101      	str	r1, [sp, #4]
100063d4:	f000 fce0 	bl	10006d98 <__mutex_exit_veneer>
100063d8:	9901      	ldr	r1, [sp, #4]
100063da:	4608      	mov	r0, r1
100063dc:	b002      	add	sp, #8
100063de:	bd70      	pop	{r4, r5, r6, pc}
100063e0:	4295      	cmp	r5, r2
100063e2:	bf28      	it	cs
100063e4:	462b      	movcs	r3, r5
100063e6:	d317      	bcc.n	10006418 <tu_fifo_write+0x84>
100063e8:	1a9b      	subs	r3, r3, r2
100063ea:	b29b      	uxth	r3, r3
100063ec:	4293      	cmp	r3, r2
100063ee:	d2fb      	bcs.n	100063e8 <tu_fifo_write+0x54>
100063f0:	88e2      	ldrh	r2, [r4, #6]
100063f2:	6820      	ldr	r0, [r4, #0]
100063f4:	f3c2 020e 	ubfx	r2, r2, #0, #15
100063f8:	fb02 0003 	mla	r0, r2, r3, r0
100063fc:	4631      	mov	r1, r6
100063fe:	f000 fcbf 	bl	10006d80 <__memcpy_veneer>
10006402:	1c6b      	adds	r3, r5, #1
10006404:	b29b      	uxth	r3, r3
10006406:	429d      	cmp	r5, r3
10006408:	88a2      	ldrh	r2, [r4, #4]
1000640a:	d911      	bls.n	10006430 <tu_fifo_write+0x9c>
1000640c:	2300      	movs	r3, #0
1000640e:	0051      	lsls	r1, r2, #1
10006410:	1a5b      	subs	r3, r3, r1
10006412:	2101      	movs	r1, #1
10006414:	8123      	strh	r3, [r4, #8]
10006416:	e7da      	b.n	100063ce <tu_fifo_write+0x3a>
10006418:	88e2      	ldrh	r2, [r4, #6]
1000641a:	6820      	ldr	r0, [r4, #0]
1000641c:	f3c2 020e 	ubfx	r2, r2, #0, #15
10006420:	fb05 0002 	mla	r0, r5, r2, r0
10006424:	4631      	mov	r1, r6
10006426:	f000 fcab 	bl	10006d80 <__memcpy_veneer>
1000642a:	3501      	adds	r5, #1
1000642c:	88a2      	ldrh	r2, [r4, #4]
1000642e:	b2ab      	uxth	r3, r5
10006430:	ebb3 0f42 	cmp.w	r3, r2, lsl #1
10006434:	ea4f 0142 	mov.w	r1, r2, lsl #1
10006438:	dbeb      	blt.n	10006412 <tu_fifo_write+0x7e>
1000643a:	e7e9      	b.n	10006410 <tu_fifo_write+0x7c>

1000643c <tu_fifo_write_n>:
1000643c:	e92d 47f0 	stmdb	sp!, {r4, r5, r6, r7, r8, r9, sl, lr}
10006440:	4615      	mov	r5, r2
10006442:	b082      	sub	sp, #8
10006444:	2a00      	cmp	r2, #0
10006446:	d04a      	beq.n	100064de <tu_fifo_write_n+0xa2>
10006448:	4604      	mov	r4, r0
1000644a:	68c0      	ldr	r0, [r0, #12]
1000644c:	4688      	mov	r8, r1
1000644e:	b118      	cbz	r0, 10006458 <tu_fifo_write_n+0x1c>
10006450:	f04f 31ff 	mov.w	r1, #4294967295	@ 0xffffffff
10006454:	f000 fcb8 	bl	10006dc8 <__mutex_enter_timeout_ms_veneer>
10006458:	79e1      	ldrb	r1, [r4, #7]
1000645a:	8926      	ldrh	r6, [r4, #8]
1000645c:	8963      	ldrh	r3, [r4, #10]
1000645e:	09c9      	lsrs	r1, r1, #7
10006460:	88a2      	ldrh	r2, [r4, #4]
10006462:	b2b6      	uxth	r6, r6
10006464:	b29b      	uxth	r3, r3
10006466:	d13e      	bne.n	100064e6 <tu_fifo_write_n+0xaa>
10006468:	429e      	cmp	r6, r3
1000646a:	bf36      	itet	cc
1000646c:	ebc3 0342 	rsbcc	r3, r3, r2, lsl #1
10006470:	1af3      	subcs	r3, r6, r3
10006472:	199b      	addcc	r3, r3, r6
10006474:	b29b      	uxth	r3, r3
10006476:	4293      	cmp	r3, r2
10006478:	d253      	bcs.n	10006522 <tu_fifo_write_n+0xe6>
1000647a:	1ad3      	subs	r3, r2, r3
1000647c:	b29b      	uxth	r3, r3
1000647e:	42ab      	cmp	r3, r5
10006480:	bf28      	it	cs
10006482:	462b      	movcs	r3, r5
10006484:	b29d      	uxth	r5, r3
10006486:	1973      	adds	r3, r6, r5
10006488:	f8b4 c006 	ldrh.w	ip, [r4, #6]
1000648c:	fa1f f983 	uxth.w	r9, r3
10006490:	eba5 0a02 	sub.w	sl, r5, r2
10006494:	4296      	cmp	r6, r2
10006496:	4633      	mov	r3, r6
10006498:	d303      	bcc.n	100064a2 <tu_fifo_write_n+0x66>
1000649a:	1a9b      	subs	r3, r3, r2
1000649c:	b29b      	uxth	r3, r3
1000649e:	4293      	cmp	r3, r2
100064a0:	d2fb      	bcs.n	1000649a <tu_fifo_write_n+0x5e>
100064a2:	1ad2      	subs	r2, r2, r3
100064a4:	b291      	uxth	r1, r2
100064a6:	6820      	ldr	r0, [r4, #0]
100064a8:	f3cc 020e 	ubfx	r2, ip, #0, #15
100064ac:	42a9      	cmp	r1, r5
100064ae:	4617      	mov	r7, r2
100064b0:	fb02 0003 	mla	r0, r2, r3, r0
100064b4:	d352      	bcc.n	1000655c <tu_fifo_write_n+0x120>
100064b6:	4641      	mov	r1, r8
100064b8:	fb05 f202 	mul.w	r2, r5, r2
100064bc:	f000 fc60 	bl	10006d80 <__memcpy_veneer>
100064c0:	88a3      	ldrh	r3, [r4, #4]
100064c2:	454e      	cmp	r6, r9
100064c4:	ea4f 0243 	mov.w	r2, r3, lsl #1
100064c8:	d802      	bhi.n	100064d0 <tu_fifo_write_n+0x94>
100064ca:	ebb9 0f43 	cmp.w	r9, r3, lsl #1
100064ce:	db01      	blt.n	100064d4 <tu_fifo_write_n+0x98>
100064d0:	eba9 0902 	sub.w	r9, r9, r2
100064d4:	68e0      	ldr	r0, [r4, #12]
100064d6:	462a      	mov	r2, r5
100064d8:	f8a4 9008 	strh.w	r9, [r4, #8]
100064dc:	bb28      	cbnz	r0, 1000652a <tu_fifo_write_n+0xee>
100064de:	4610      	mov	r0, r2
100064e0:	b002      	add	sp, #8
100064e2:	e8bd 87f0 	ldmia.w	sp!, {r4, r5, r6, r7, r8, r9, sl, pc}
100064e6:	4295      	cmp	r5, r2
100064e8:	d227      	bcs.n	1000653a <tu_fifo_write_n+0xfe>
100064ea:	429e      	cmp	r6, r3
100064ec:	bf36      	itet	cc
100064ee:	ebc3 0142 	rsbcc	r1, r3, r2, lsl #1
100064f2:	1af1      	subcs	r1, r6, r3
100064f4:	1989      	addcc	r1, r1, r6
100064f6:	b289      	uxth	r1, r1
100064f8:	0050      	lsls	r0, r2, #1
100064fa:	4429      	add	r1, r5
100064fc:	1aaf      	subs	r7, r5, r2
100064fe:	4281      	cmp	r1, r0
10006500:	46ba      	mov	sl, r7
10006502:	db08      	blt.n	10006516 <tu_fifo_write_n+0xda>
10006504:	1899      	adds	r1, r3, r2
10006506:	b289      	uxth	r1, r1
10006508:	1b4e      	subs	r6, r1, r5
1000650a:	b2b6      	uxth	r6, r6
1000650c:	42b3      	cmp	r3, r6
1000650e:	4689      	mov	r9, r1
10006510:	d938      	bls.n	10006584 <tu_fifo_write_n+0x148>
10006512:	1a30      	subs	r0, r6, r0
10006514:	b286      	uxth	r6, r0
10006516:	19ab      	adds	r3, r5, r6
10006518:	fa1f f983 	uxth.w	r9, r3
1000651c:	f8b4 c006 	ldrh.w	ip, [r4, #6]
10006520:	e7b8      	b.n	10006494 <tu_fifo_write_n+0x58>
10006522:	2200      	movs	r2, #0
10006524:	68e0      	ldr	r0, [r4, #12]
10006526:	2800      	cmp	r0, #0
10006528:	d0d9      	beq.n	100064de <tu_fifo_write_n+0xa2>
1000652a:	9200      	str	r2, [sp, #0]
1000652c:	f000 fc34 	bl	10006d98 <__mutex_exit_veneer>
10006530:	9a00      	ldr	r2, [sp, #0]
10006532:	4610      	mov	r0, r2
10006534:	b002      	add	sp, #8
10006536:	e8bd 87f0 	ldmia.w	sp!, {r4, r5, r6, r7, r8, r9, sl, pc}
1000653a:	2a00      	cmp	r2, #0
1000653c:	d0f2      	beq.n	10006524 <tu_fifo_write_n+0xe8>
1000653e:	f8b4 c006 	ldrh.w	ip, [r4, #6]
10006542:	1aad      	subs	r5, r5, r2
10006544:	1899      	adds	r1, r3, r2
10006546:	461e      	mov	r6, r3
10006548:	f3cc 030e 	ubfx	r3, ip, #0, #15
1000654c:	fb03 8805 	mla	r8, r3, r5, r8
10006550:	f04f 0a00 	mov.w	sl, #0
10006554:	4615      	mov	r5, r2
10006556:	fa1f f981 	uxth.w	r9, r1
1000655a:	e79b      	b.n	10006494 <tu_fifo_write_n+0x58>
1000655c:	fb11 f202 	smulbb	r2, r1, r2
10006560:	4641      	mov	r1, r8
10006562:	b292      	uxth	r2, r2
10006564:	9301      	str	r3, [sp, #4]
10006566:	9200      	str	r2, [sp, #0]
10006568:	f000 fc0a 	bl	10006d80 <__memcpy_veneer>
1000656c:	9b01      	ldr	r3, [sp, #4]
1000656e:	9a00      	ldr	r2, [sp, #0]
10006570:	4453      	add	r3, sl
10006572:	fb13 f307 	smulbb	r3, r3, r7
10006576:	eb08 0102 	add.w	r1, r8, r2
1000657a:	6820      	ldr	r0, [r4, #0]
1000657c:	b29a      	uxth	r2, r3
1000657e:	f000 fbff 	bl	10006d80 <__memcpy_veneer>
10006582:	e79d      	b.n	100064c0 <tu_fifo_write_n+0x84>
10006584:	42b0      	cmp	r0, r6
10006586:	ddc4      	ble.n	10006512 <tu_fifo_write_n+0xd6>
10006588:	e7c8      	b.n	1000651c <tu_fifo_write_n+0xe0>
1000658a:	bf00      	nop

1000658c <tu_fifo_clear>:
1000658c:	b510      	push	{r4, lr}
1000658e:	4604      	mov	r4, r0
10006590:	68c0      	ldr	r0, [r0, #12]
10006592:	b118      	cbz	r0, 1000659c <tu_fifo_clear+0x10>
10006594:	f04f 31ff 	mov.w	r1, #4294967295	@ 0xffffffff
10006598:	f000 fc16 	bl	10006dc8 <__mutex_enter_timeout_ms_veneer>
1000659c:	6920      	ldr	r0, [r4, #16]
1000659e:	b118      	cbz	r0, 100065a8 <tu_fifo_clear+0x1c>
100065a0:	f04f 31ff 	mov.w	r1, #4294967295	@ 0xffffffff
100065a4:	f000 fc10 	bl	10006dc8 <__mutex_enter_timeout_ms_veneer>
100065a8:	2300      	movs	r3, #0
100065aa:	68e0      	ldr	r0, [r4, #12]
100065ac:	8163      	strh	r3, [r4, #10]
100065ae:	8123      	strh	r3, [r4, #8]
100065b0:	b108      	cbz	r0, 100065b6 <tu_fifo_clear+0x2a>
100065b2:	f000 fbf1 	bl	10006d98 <__mutex_exit_veneer>
100065b6:	6920      	ldr	r0, [r4, #16]
100065b8:	b108      	cbz	r0, 100065be <tu_fifo_clear+0x32>
100065ba:	f000 fbed 	bl	10006d98 <__mutex_exit_veneer>
100065be:	2001      	movs	r0, #1
100065c0:	bd10      	pop	{r4, pc}
100065c2:	bf00      	nop

100065c4 <tu_fifo_set_overwritable>:
100065c4:	b538      	push	{r3, r4, r5, lr}
100065c6:	4604      	mov	r4, r0
100065c8:	68c0      	ldr	r0, [r0, #12]
100065ca:	460d      	mov	r5, r1
100065cc:	b118      	cbz	r0, 100065d6 <tu_fifo_set_overwritable+0x12>
100065ce:	f04f 31ff 	mov.w	r1, #4294967295	@ 0xffffffff
100065d2:	f000 fbf9 	bl	10006dc8 <__mutex_enter_timeout_ms_veneer>
100065d6:	6920      	ldr	r0, [r4, #16]
100065d8:	b118      	cbz	r0, 100065e2 <tu_fifo_set_overwritable+0x1e>
100065da:	f04f 31ff 	mov.w	r1, #4294967295	@ 0xffffffff
100065de:	f000 fbf3 	bl	10006dc8 <__mutex_enter_timeout_ms_veneer>
100065e2:	79e3      	ldrb	r3, [r4, #7]
100065e4:	68e0      	ldr	r0, [r4, #12]
100065e6:	f365 13c7 	bfi	r3, r5, #7, #1
100065ea:	71e3      	strb	r3, [r4, #7]
100065ec:	b108      	cbz	r0, 100065f2 <tu_fifo_set_overwritable+0x2e>
100065ee:	f000 fbd3 	bl	10006d98 <__mutex_exit_veneer>
100065f2:	6920      	ldr	r0, [r4, #16]
100065f4:	b108      	cbz	r0, 100065fa <tu_fifo_set_overwritable+0x36>
100065f6:	f000 fbcf 	bl	10006d98 <__mutex_exit_veneer>
100065fa:	2001      	movs	r0, #1
100065fc:	bd38      	pop	{r3, r4, r5, pc}
100065fe:	bf00      	nop

10006600 <adc_init>:
10006600:	2301      	movs	r3, #1
10006602:	4807      	ldr	r0, [pc, #28]	@ (10006620 <adc_init+0x20>)
10006604:	4907      	ldr	r1, [pc, #28]	@ (10006624 <adc_init+0x24>)
10006606:	4a08      	ldr	r2, [pc, #32]	@ (10006628 <adc_init+0x28>)
10006608:	6003      	str	r3, [r0, #0]
1000660a:	600b      	str	r3, [r1, #0]
1000660c:	6893      	ldr	r3, [r2, #8]
1000660e:	07d9      	lsls	r1, r3, #31
10006610:	d5fc      	bpl.n	1000660c <adc_init+0xc>
10006612:	2301      	movs	r3, #1
10006614:	4a05      	ldr	r2, [pc, #20]	@ (1000662c <adc_init+0x2c>)
10006616:	6013      	str	r3, [r2, #0]
10006618:	6813      	ldr	r3, [r2, #0]
1000661a:	05db      	lsls	r3, r3, #23
1000661c:	d5fc      	bpl.n	10006618 <adc_init+0x18>
1000661e:	4770      	bx	lr
10006620:	40022000 	.word	0x40022000
10006624:	40023000 	.word	0x40023000
10006628:	40020000 	.word	0x40020000
1000662c:	400a0000 	.word	0x400a0000

10006630 <i2c_write_blocking_internal>:
10006630:	e92d 4ff0 	stmdb	sp!, {r4, r5, r6, r7, r8, r9, sl, fp, lr}
10006634:	4605      	mov	r5, r0
10006636:	2700      	movs	r7, #0
10006638:	f04f 0c01 	mov.w	ip, #1
1000663c:	b085      	sub	sp, #20
1000663e:	f89d 0038 	ldrb.w	r0, [sp, #56]	@ 0x38
10006642:	e9dd 460f 	ldrd	r4, r6, [sp, #60]	@ 0x3c
10006646:	9002      	str	r0, [sp, #8]
10006648:	6828      	ldr	r0, [r5, #0]
1000664a:	66c7      	str	r7, [r0, #108]	@ 0x6c
1000664c:	6041      	str	r1, [r0, #4]
1000664e:	1e19      	subs	r1, r3, #0
10006650:	f8c0 c06c 	str.w	ip, [r0, #108]	@ 0x6c
10006654:	9101      	str	r1, [sp, #4]
10006656:	f340 8088 	ble.w	1000676a <i2c_write_blocking_internal+0x13a>
1000665a:	9b02      	ldr	r3, [sp, #8]
1000665c:	1e57      	subs	r7, r2, #1
1000665e:	f101 38ff 	add.w	r8, r1, #4294967295	@ 0xffffffff
10006662:	ea83 090c 	eor.w	r9, r3, ip
10006666:	b11c      	cbz	r4, 10006670 <i2c_write_blocking_internal+0x40>
10006668:	4661      	mov	r1, ip
1000666a:	4630      	mov	r0, r6
1000666c:	47a0      	blx	r4
1000666e:	6828      	ldr	r0, [r5, #0]
10006670:	f04f 0b00 	mov.w	fp, #0
10006674:	792b      	ldrb	r3, [r5, #4]
10006676:	029b      	lsls	r3, r3, #10
10006678:	45c3      	cmp	fp, r8
1000667a:	bf14      	ite	ne
1000667c:	2100      	movne	r1, #0
1000667e:	f009 0101 	andeq.w	r1, r9, #1
10006682:	f817 2f01 	ldrb.w	r2, [r7, #1]!
10006686:	ea42 2241 	orr.w	r2, r2, r1, lsl #9
1000668a:	4313      	orrs	r3, r2
1000668c:	6103      	str	r3, [r0, #16]
1000668e:	b1ac      	cbz	r4, 100066bc <i2c_write_blocking_internal+0x8c>
10006690:	f04f 0a00 	mov.w	sl, #0
10006694:	e003      	b.n	1000669e <i2c_write_blocking_internal+0x6e>
10006696:	682b      	ldr	r3, [r5, #0]
10006698:	6b5a      	ldr	r2, [r3, #52]	@ 0x34
1000669a:	06d2      	lsls	r2, r2, #27
1000669c:	d41e      	bmi.n	100066dc <i2c_write_blocking_internal+0xac>
1000669e:	2100      	movs	r1, #0
100066a0:	4630      	mov	r0, r6
100066a2:	47a0      	blx	r4
100066a4:	fa5f fa8a 	uxtb.w	sl, sl
100066a8:	2800      	cmp	r0, #0
100066aa:	d0f4      	beq.n	10006696 <i2c_write_blocking_internal+0x66>
100066ac:	f06f 0b01 	mvn.w	fp, #1
100066b0:	4658      	mov	r0, fp
100066b2:	9b02      	ldr	r3, [sp, #8]
100066b4:	712b      	strb	r3, [r5, #4]
100066b6:	b005      	add	sp, #20
100066b8:	e8bd 8ff0 	ldmia.w	sp!, {r4, r5, r6, r7, r8, r9, sl, fp, pc}
100066bc:	6b43      	ldr	r3, [r0, #52]	@ 0x34
100066be:	06d9      	lsls	r1, r3, #27
100066c0:	d5fc      	bpl.n	100066bc <i2c_write_blocking_internal+0x8c>
100066c2:	f8d0 2080 	ldr.w	r2, [r0, #128]	@ 0x80
100066c6:	2a00      	cmp	r2, #0
100066c8:	d141      	bne.n	1000674e <i2c_write_blocking_internal+0x11e>
100066ca:	45c3      	cmp	fp, r8
100066cc:	d048      	beq.n	10006760 <i2c_write_blocking_internal+0x130>
100066ce:	9b01      	ldr	r3, [sp, #4]
100066d0:	f10b 0b01 	add.w	fp, fp, #1
100066d4:	455b      	cmp	r3, fp
100066d6:	d0eb      	beq.n	100066b0 <i2c_write_blocking_internal+0x80>
100066d8:	2300      	movs	r3, #0
100066da:	e7cd      	b.n	10006678 <i2c_write_blocking_internal+0x48>
100066dc:	f8d3 2080 	ldr.w	r2, [r3, #128]	@ 0x80
100066e0:	b9ea      	cbnz	r2, 1000671e <i2c_write_blocking_internal+0xee>
100066e2:	f1ba 0f00 	cmp.w	sl, #0
100066e6:	d10e      	bne.n	10006706 <i2c_write_blocking_internal+0xd6>
100066e8:	45c3      	cmp	fp, r8
100066ea:	d009      	beq.n	10006700 <i2c_write_blocking_internal+0xd0>
100066ec:	9b01      	ldr	r3, [sp, #4]
100066ee:	f10b 0b01 	add.w	fp, fp, #1
100066f2:	455b      	cmp	r3, fp
100066f4:	d0dc      	beq.n	100066b0 <i2c_write_blocking_internal+0x80>
100066f6:	2101      	movs	r1, #1
100066f8:	4630      	mov	r0, r6
100066fa:	47a0      	blx	r4
100066fc:	6828      	ldr	r0, [r5, #0]
100066fe:	e7eb      	b.n	100066d8 <i2c_write_blocking_internal+0xa8>
10006700:	9b02      	ldr	r3, [sp, #8]
10006702:	2b00      	cmp	r3, #0
10006704:	d1f2      	bne.n	100066ec <i2c_write_blocking_internal+0xbc>
10006706:	9203      	str	r2, [sp, #12]
10006708:	e003      	b.n	10006712 <i2c_write_blocking_internal+0xe2>
1000670a:	682b      	ldr	r3, [r5, #0]
1000670c:	6b5a      	ldr	r2, [r3, #52]	@ 0x34
1000670e:	0592      	lsls	r2, r2, #22
10006710:	d40a      	bmi.n	10006728 <i2c_write_blocking_internal+0xf8>
10006712:	2100      	movs	r1, #0
10006714:	4630      	mov	r0, r6
10006716:	47a0      	blx	r4
10006718:	2800      	cmp	r0, #0
1000671a:	d0f6      	beq.n	1000670a <i2c_write_blocking_internal+0xda>
1000671c:	e7c6      	b.n	100066ac <i2c_write_blocking_internal+0x7c>
1000671e:	f04f 0a01 	mov.w	sl, #1
10006722:	6d5b      	ldr	r3, [r3, #84]	@ 0x54
10006724:	9203      	str	r2, [sp, #12]
10006726:	e7f4      	b.n	10006712 <i2c_write_blocking_internal+0xe2>
10006728:	9a03      	ldr	r2, [sp, #12]
1000672a:	6e1b      	ldr	r3, [r3, #96]	@ 0x60
1000672c:	f1ba 0f00 	cmp.w	sl, #0
10006730:	d0dc      	beq.n	100066ec <i2c_write_blocking_internal+0xbc>
10006732:	b1e2      	cbz	r2, 1000676e <i2c_write_blocking_internal+0x13e>
10006734:	f002 0c09 	and.w	ip, r2, #9
10006738:	f1bc 0f08 	cmp.w	ip, #8
1000673c:	bf18      	it	ne
1000673e:	f04f 3bff 	movne.w	fp, #4294967295	@ 0xffffffff
10006742:	4658      	mov	r0, fp
10006744:	9b02      	ldr	r3, [sp, #8]
10006746:	712b      	strb	r3, [r5, #4]
10006748:	b005      	add	sp, #20
1000674a:	e8bd 8ff0 	ldmia.w	sp!, {r4, r5, r6, r7, r8, r9, sl, fp, pc}
1000674e:	2101      	movs	r1, #1
10006750:	6d43      	ldr	r3, [r0, #84]	@ 0x54
10006752:	6b43      	ldr	r3, [r0, #52]	@ 0x34
10006754:	059b      	lsls	r3, r3, #22
10006756:	d5fc      	bpl.n	10006752 <i2c_write_blocking_internal+0x122>
10006758:	6e03      	ldr	r3, [r0, #96]	@ 0x60
1000675a:	2900      	cmp	r1, #0
1000675c:	d0b7      	beq.n	100066ce <i2c_write_blocking_internal+0x9e>
1000675e:	e7e8      	b.n	10006732 <i2c_write_blocking_internal+0x102>
10006760:	9b02      	ldr	r3, [sp, #8]
10006762:	2b00      	cmp	r3, #0
10006764:	d1b3      	bne.n	100066ce <i2c_write_blocking_internal+0x9e>
10006766:	4619      	mov	r1, r3
10006768:	e7f3      	b.n	10006752 <i2c_write_blocking_internal+0x122>
1000676a:	46bb      	mov	fp, r7
1000676c:	e7a0      	b.n	100066b0 <i2c_write_blocking_internal+0x80>
1000676e:	f04f 3bff 	mov.w	fp, #4294967295	@ 0xffffffff
10006772:	e79d      	b.n	100066b0 <i2c_write_blocking_internal+0x80>

10006774 <i2c_read_blocking_internal>:
10006774:	e92d 4ff0 	stmdb	sp!, {r4, r5, r6, r7, r8, r9, sl, fp, lr}
10006778:	f04f 0c01 	mov.w	ip, #1
1000677c:	4617      	mov	r7, r2
1000677e:	2200      	movs	r2, #0
10006780:	4604      	mov	r4, r0
10006782:	6800      	ldr	r0, [r0, #0]
10006784:	b083      	sub	sp, #12
10006786:	f1b3 0900 	subs.w	r9, r3, #0
1000678a:	66c2      	str	r2, [r0, #108]	@ 0x6c
1000678c:	f89d 8030 	ldrb.w	r8, [sp, #48]	@ 0x30
10006790:	6041      	str	r1, [r0, #4]
10006792:	e9dd 650d 	ldrd	r6, r5, [sp, #52]	@ 0x34
10006796:	f8c0 c06c 	str.w	ip, [r0, #108]	@ 0x6c
1000679a:	dd60      	ble.n	1000685e <i2c_read_blocking_internal+0xea>
1000679c:	f109 33ff 	add.w	r3, r9, #4294967295	@ 0xffffffff
100067a0:	9301      	str	r3, [sp, #4]
100067a2:	ea88 0a0c 	eor.w	sl, r8, ip
100067a6:	2e00      	cmp	r6, #0
100067a8:	d057      	beq.n	1000685a <i2c_read_blocking_internal+0xe6>
100067aa:	4693      	mov	fp, r2
100067ac:	2101      	movs	r1, #1
100067ae:	4628      	mov	r0, r5
100067b0:	47b0      	blx	r6
100067b2:	6820      	ldr	r0, [r4, #0]
100067b4:	4603      	mov	r3, r0
100067b6:	6f41      	ldr	r1, [r0, #116]	@ 0x74
100067b8:	2910      	cmp	r1, #16
100067ba:	d0fc      	beq.n	100067b6 <i2c_read_blocking_internal+0x42>
100067bc:	f1bb 0f00 	cmp.w	fp, #0
100067c0:	d037      	beq.n	10006832 <i2c_read_blocking_internal+0xbe>
100067c2:	2100      	movs	r1, #0
100067c4:	9a01      	ldr	r2, [sp, #4]
100067c6:	4593      	cmp	fp, r2
100067c8:	bf14      	ite	ne
100067ca:	f04f 0c00 	movne.w	ip, #0
100067ce:	f00a 0c01 	andeq.w	ip, sl, #1
100067d2:	ea41 214c 	orr.w	r1, r1, ip, lsl #9
100067d6:	f441 7180 	orr.w	r1, r1, #256	@ 0x100
100067da:	6101      	str	r1, [r0, #16]
100067dc:	b93e      	cbnz	r6, 100067ee <i2c_read_blocking_internal+0x7a>
100067de:	e01a      	b.n	10006816 <i2c_read_blocking_internal+0xa2>
100067e0:	4628      	mov	r0, r5
100067e2:	47b0      	blx	r6
100067e4:	2800      	cmp	r0, #0
100067e6:	d13c      	bne.n	10006862 <i2c_read_blocking_internal+0xee>
100067e8:	6823      	ldr	r3, [r4, #0]
100067ea:	6f99      	ldr	r1, [r3, #120]	@ 0x78
100067ec:	bb21      	cbnz	r1, 10006838 <i2c_read_blocking_internal+0xc4>
100067ee:	f8d3 1080 	ldr.w	r1, [r3, #128]	@ 0x80
100067f2:	6b59      	ldr	r1, [r3, #52]	@ 0x34
100067f4:	f011 0140 	ands.w	r1, r1, #64	@ 0x40
100067f8:	d0f2      	beq.n	100067e0 <i2c_read_blocking_internal+0x6c>
100067fa:	2100      	movs	r1, #0
100067fc:	4628      	mov	r0, r5
100067fe:	6d5b      	ldr	r3, [r3, #84]	@ 0x54
10006800:	47b0      	blx	r6
10006802:	ea6f 0b00 	mvn.w	fp, r0
10006806:	4658      	mov	r0, fp
10006808:	f884 8004 	strb.w	r8, [r4, #4]
1000680c:	b003      	add	sp, #12
1000680e:	e8bd 8ff0 	ldmia.w	sp!, {r4, r5, r6, r7, r8, r9, sl, fp, pc}
10006812:	6f83      	ldr	r3, [r0, #120]	@ 0x78
10006814:	b9c3      	cbnz	r3, 10006848 <i2c_read_blocking_internal+0xd4>
10006816:	f8d0 3080 	ldr.w	r3, [r0, #128]	@ 0x80
1000681a:	6b43      	ldr	r3, [r0, #52]	@ 0x34
1000681c:	065b      	lsls	r3, r3, #25
1000681e:	d5f8      	bpl.n	10006812 <i2c_read_blocking_internal+0x9e>
10006820:	f04f 3bff 	mov.w	fp, #4294967295	@ 0xffffffff
10006824:	6d43      	ldr	r3, [r0, #84]	@ 0x54
10006826:	4658      	mov	r0, fp
10006828:	f884 8004 	strb.w	r8, [r4, #4]
1000682c:	b003      	add	sp, #12
1000682e:	e8bd 8ff0 	ldmia.w	sp!, {r4, r5, r6, r7, r8, r9, sl, fp, pc}
10006832:	7921      	ldrb	r1, [r4, #4]
10006834:	0289      	lsls	r1, r1, #10
10006836:	e7c5      	b.n	100067c4 <i2c_read_blocking_internal+0x50>
10006838:	691b      	ldr	r3, [r3, #16]
1000683a:	f10b 0b01 	add.w	fp, fp, #1
1000683e:	45d9      	cmp	r9, fp
10006840:	f807 3b01 	strb.w	r3, [r7], #1
10006844:	d1b2      	bne.n	100067ac <i2c_read_blocking_internal+0x38>
10006846:	e7de      	b.n	10006806 <i2c_read_blocking_internal+0x92>
10006848:	6903      	ldr	r3, [r0, #16]
1000684a:	f10b 0b01 	add.w	fp, fp, #1
1000684e:	45d9      	cmp	r9, fp
10006850:	f807 3b01 	strb.w	r3, [r7], #1
10006854:	d0d7      	beq.n	10006806 <i2c_read_blocking_internal+0x92>
10006856:	6820      	ldr	r0, [r4, #0]
10006858:	e7ac      	b.n	100067b4 <i2c_read_blocking_internal+0x40>
1000685a:	46b3      	mov	fp, r6
1000685c:	e7aa      	b.n	100067b4 <i2c_read_blocking_internal+0x40>
1000685e:	4693      	mov	fp, r2
10006860:	e7d1      	b.n	10006806 <i2c_read_blocking_internal+0x92>
10006862:	f06f 0b01 	mvn.w	fp, #1
10006866:	e7ce      	b.n	10006806 <i2c_read_blocking_internal+0x92>

10006868 <i2c_set_baudrate>:
10006868:	b5f0      	push	{r4, r5, r6, r7, lr}
1000686a:	4607      	mov	r7, r0
1000686c:	b083      	sub	sp, #12
1000686e:	2005      	movs	r0, #5
10006870:	9101      	str	r1, [sp, #4]
10006872:	f7fb fbeb 	bl	1000204c <clock_get_hz>
10006876:	9901      	ldr	r1, [sp, #4]
10006878:	4a1f      	ldr	r2, [pc, #124]	@ (100068f8 <i2c_set_baudrate+0x90>)
1000687a:	eb00 0c51 	add.w	ip, r0, r1, lsr #1
1000687e:	fbbc fcf1 	udiv	ip, ip, r1
10006882:	eb0c 054c 	add.w	r5, ip, ip, lsl #1
10006886:	fba2 2e05 	umull	r2, lr, r2, r5
1000688a:	4e1c      	ldr	r6, [pc, #112]	@ (100068fc <i2c_set_baudrate+0x94>)
1000688c:	ea4f 049e 	mov.w	r4, lr, lsr #2
10006890:	42b1      	cmp	r1, r6
10006892:	eb00 0340 	add.w	r3, r0, r0, lsl #1
10006896:	ebac 0e9e 	sub.w	lr, ip, lr, lsr #2
1000689a:	d827      	bhi.n	100068ec <i2c_set_baudrate+0x84>
1000689c:	4a18      	ldr	r2, [pc, #96]	@ (10006900 <i2c_set_baudrate+0x98>)
1000689e:	fba2 2303 	umull	r2, r3, r2, r3
100068a2:	0d9b      	lsrs	r3, r3, #22
100068a4:	3301      	adds	r3, #1
100068a6:	2200      	movs	r2, #0
100068a8:	6839      	ldr	r1, [r7, #0]
100068aa:	2d4f      	cmp	r5, #79	@ 0x4f
100068ac:	66ca      	str	r2, [r1, #108]	@ 0x6c
100068ae:	680a      	ldr	r2, [r1, #0]
100068b0:	f501 5680 	add.w	r6, r1, #4096	@ 0x1000
100068b4:	f082 0204 	eor.w	r2, r2, #4
100068b8:	f002 0206 	and.w	r2, r2, #6
100068bc:	6032      	str	r2, [r6, #0]
100068be:	f8c1 e01c 	str.w	lr, [r1, #28]
100068c2:	620c      	str	r4, [r1, #32]
100068c4:	bf98      	it	ls
100068c6:	2401      	movls	r4, #1
100068c8:	460a      	mov	r2, r1
100068ca:	bf88      	it	hi
100068cc:	0924      	lsrhi	r4, r4, #4
100068ce:	f8c1 40a0 	str.w	r4, [r1, #160]	@ 0xa0
100068d2:	fbb0 f0fc 	udiv	r0, r0, ip
100068d6:	2401      	movs	r4, #1
100068d8:	f852 5f7c 	ldr.w	r5, [r2, #124]!
100068dc:	406b      	eors	r3, r5
100068de:	b29b      	uxth	r3, r3
100068e0:	f502 5280 	add.w	r2, r2, #4096	@ 0x1000
100068e4:	6013      	str	r3, [r2, #0]
100068e6:	66cc      	str	r4, [r1, #108]	@ 0x6c
100068e8:	b003      	add	sp, #12
100068ea:	bdf0      	pop	{r4, r5, r6, r7, pc}
100068ec:	4a05      	ldr	r2, [pc, #20]	@ (10006904 <i2c_set_baudrate+0x9c>)
100068ee:	fba2 2303 	umull	r2, r3, r2, r3
100068f2:	0ddb      	lsrs	r3, r3, #23
100068f4:	3301      	adds	r3, #1
100068f6:	e7d6      	b.n	100068a6 <i2c_set_baudrate+0x3e>
100068f8:	cccccccd 	.word	0xcccccccd
100068fc:	000f423f 	.word	0x000f423f
10006900:	6b5fca6b 	.word	0x6b5fca6b
10006904:	55e63b89 	.word	0x55e63b89

10006908 <i2c_init>:
10006908:	4a11      	ldr	r2, [pc, #68]	@ (10006950 <i2c_init+0x48>)
1000690a:	b500      	push	{lr}
1000690c:	4290      	cmp	r0, r2
1000690e:	bf14      	ite	ne
10006910:	2210      	movne	r2, #16
10006912:	2220      	moveq	r2, #32
10006914:	f8df e040 	ldr.w	lr, [pc, #64]	@ 10006958 <i2c_init+0x50>
10006918:	4b0e      	ldr	r3, [pc, #56]	@ (10006954 <i2c_init+0x4c>)
1000691a:	f8df c040 	ldr.w	ip, [pc, #64]	@ 1000695c <i2c_init+0x54>
1000691e:	f8ce 2000 	str.w	r2, [lr]
10006922:	601a      	str	r2, [r3, #0]
10006924:	f8dc 3008 	ldr.w	r3, [ip, #8]
10006928:	ea32 0303 	bics.w	r3, r2, r3
1000692c:	d1fa      	bne.n	10006924 <i2c_init+0x1c>
1000692e:	f240 1e65 	movw	lr, #357	@ 0x165
10006932:	f04f 0c03 	mov.w	ip, #3
10006936:	6802      	ldr	r2, [r0, #0]
10006938:	7103      	strb	r3, [r0, #4]
1000693a:	66d3      	str	r3, [r2, #108]	@ 0x6c
1000693c:	f8c2 e000 	str.w	lr, [r2]
10006940:	63d3      	str	r3, [r2, #60]	@ 0x3c
10006942:	f85d eb04 	ldr.w	lr, [sp], #4
10006946:	6393      	str	r3, [r2, #56]	@ 0x38
10006948:	f8c2 c088 	str.w	ip, [r2, #136]	@ 0x88
1000694c:	f7ff bf8c 	b.w	10006868 <i2c_set_baudrate>
10006950:	200014d8 	.word	0x200014d8
10006954:	40023000 	.word	0x40023000
10006958:	40022000 	.word	0x40022000
1000695c:	40020000 	.word	0x40020000

10006960 <i2c_write_blocking_until>:
10006960:	e92d 41f0 	stmdb	sp!, {r4, r5, r6, r7, r8, lr}
10006964:	b08a      	sub	sp, #40	@ 0x28
10006966:	ac06      	add	r4, sp, #24
10006968:	4680      	mov	r8, r0
1000696a:	4617      	mov	r7, r2
1000696c:	461e      	mov	r6, r3
1000696e:	e9dd 2312 	ldrd	r2, r3, [sp, #72]	@ 0x48
10006972:	4620      	mov	r0, r4
10006974:	f89d 5040 	ldrb.w	r5, [sp, #64]	@ 0x40
10006978:	9105      	str	r1, [sp, #20]
1000697a:	f7fb fa8b 	bl	10001e94 <init_single_timeout_until>
1000697e:	4633      	mov	r3, r6
10006980:	e9cd 0401 	strd	r0, r4, [sp, #4]
10006984:	463a      	mov	r2, r7
10006986:	4640      	mov	r0, r8
10006988:	9905      	ldr	r1, [sp, #20]
1000698a:	9500      	str	r5, [sp, #0]
1000698c:	f7ff fe50 	bl	10006630 <i2c_write_blocking_internal>
10006990:	b00a      	add	sp, #40	@ 0x28
10006992:	e8bd 81f0 	ldmia.w	sp!, {r4, r5, r6, r7, r8, pc}
10006996:	bf00      	nop

10006998 <i2c_read_blocking_until>:
10006998:	e92d 41f0 	stmdb	sp!, {r4, r5, r6, r7, r8, lr}
1000699c:	b08a      	sub	sp, #40	@ 0x28
1000699e:	ac06      	add	r4, sp, #24
100069a0:	4680      	mov	r8, r0
100069a2:	4617      	mov	r7, r2
100069a4:	461e      	mov	r6, r3
100069a6:	e9dd 2312 	ldrd	r2, r3, [sp, #72]	@ 0x48
100069aa:	4620      	mov	r0, r4
100069ac:	f89d 5040 	ldrb.w	r5, [sp, #64]	@ 0x40
100069b0:	9105      	str	r1, [sp, #20]
100069b2:	f7fb fa6f 	bl	10001e94 <init_single_timeout_until>
100069b6:	4633      	mov	r3, r6
100069b8:	e9cd 0401 	strd	r0, r4, [sp, #4]
100069bc:	463a      	mov	r2, r7
100069be:	4640      	mov	r0, r8
100069c0:	9905      	ldr	r1, [sp, #20]
100069c2:	9500      	str	r5, [sp, #0]
100069c4:	f7ff fed6 	bl	10006774 <i2c_read_blocking_internal>
100069c8:	b00a      	add	sp, #40	@ 0x28
100069ca:	e8bd 81f0 	ldmia.w	sp!, {r4, r5, r6, r7, r8, pc}
100069ce:	bf00      	nop

100069d0 <spi_init>:
100069d0:	4b3a      	ldr	r3, [pc, #232]	@ (10006abc <spi_init+0xec>)
100069d2:	e92d 43f0 	stmdb	sp!, {r4, r5, r6, r7, r8, r9, lr}
100069d6:	4298      	cmp	r0, r3
100069d8:	bf14      	ite	ne
100069da:	f44f 2380 	movne.w	r3, #262144	@ 0x40000
100069de:	f44f 2300 	moveq.w	r3, #524288	@ 0x80000
100069e2:	4605      	mov	r5, r0
100069e4:	4e36      	ldr	r6, [pc, #216]	@ (10006ac0 <spi_init+0xf0>)
100069e6:	4c37      	ldr	r4, [pc, #220]	@ (10006ac4 <spi_init+0xf4>)
100069e8:	4a37      	ldr	r2, [pc, #220]	@ (10006ac8 <spi_init+0xf8>)
100069ea:	b083      	sub	sp, #12
100069ec:	6033      	str	r3, [r6, #0]
100069ee:	6023      	str	r3, [r4, #0]
100069f0:	6894      	ldr	r4, [r2, #8]
100069f2:	ea33 0404 	bics.w	r4, r3, r4
100069f6:	d1fb      	bne.n	100069f0 <spi_init+0x20>
100069f8:	f04f 0902 	mov.w	r9, #2
100069fc:	2006      	movs	r0, #6
100069fe:	9101      	str	r1, [sp, #4]
10006a00:	f7fb fb24 	bl	1000204c <clock_get_hz>
10006a04:	46ae      	mov	lr, r5
10006a06:	464a      	mov	r2, r9
10006a08:	f85e 6f04 	ldr.w	r6, [lr, #4]!
10006a0c:	9901      	ldr	r1, [sp, #4]
10006a0e:	f50e 5740 	add.w	r7, lr, #12288	@ 0x3000
10006a12:	ea4f 2841 	mov.w	r8, r1, lsl #9
10006a16:	4643      	mov	r3, r8
10006a18:	ea4f 5cd1 	mov.w	ip, r1, lsr #23
10006a1c:	4016      	ands	r6, r2
10006a1e:	f8c7 9000 	str.w	r9, [r7]
10006a22:	e008      	b.n	10006a36 <spi_init+0x66>
10006a24:	eb13 0308 	adds.w	r3, r3, r8
10006a28:	f102 0202 	add.w	r2, r2, #2
10006a2c:	eb4c 5cd1 	adc.w	ip, ip, r1, lsr #23
10006a30:	f5b2 7f80 	cmp.w	r2, #256	@ 0x100
10006a34:	d003      	beq.n	10006a3e <spi_init+0x6e>
10006a36:	4298      	cmp	r0, r3
10006a38:	eb74 090c 	sbcs.w	r9, r4, ip
10006a3c:	d2f2      	bcs.n	10006a24 <spi_init+0x54>
10006a3e:	f44f 7380 	mov.w	r3, #256	@ 0x100
10006a42:	ebc2 2c02 	rsb	ip, r2, r2, lsl #8
10006a46:	e001      	b.n	10006a4c <spi_init+0x7c>
10006a48:	2b01      	cmp	r3, #1
10006a4a:	d034      	beq.n	10006ab6 <spi_init+0xe6>
10006a4c:	fbb0 f8fc 	udiv	r8, r0, ip
10006a50:	4541      	cmp	r1, r8
10006a52:	4699      	mov	r9, r3
10006a54:	ebac 0c02 	sub.w	ip, ip, r2
10006a58:	f103 33ff 	add.w	r3, r3, #4294967295	@ 0xffffffff
10006a5c:	d2f4      	bcs.n	10006a48 <spi_init+0x78>
10006a5e:	fb09 f902 	mul.w	r9, r9, r2
10006a62:	021c      	lsls	r4, r3, #8
10006a64:	2102      	movs	r1, #2
10006a66:	462b      	mov	r3, r5
10006a68:	fbb0 f0f9 	udiv	r0, r0, r9
10006a6c:	f04f 0c03 	mov.w	ip, #3
10006a70:	612a      	str	r2, [r5, #16]
10006a72:	682a      	ldr	r2, [r5, #0]
10006a74:	f50e 5e00 	add.w	lr, lr, #8192	@ 0x2000
10006a78:	4062      	eors	r2, r4
10006a7a:	f505 5880 	add.w	r8, r5, #4096	@ 0x1000
10006a7e:	f402 427f 	and.w	r2, r2, #65280	@ 0xff00
10006a82:	f8c8 2000 	str.w	r2, [r8]
10006a86:	f8ce 6000 	str.w	r6, [lr]
10006a8a:	686c      	ldr	r4, [r5, #4]
10006a8c:	6039      	str	r1, [r7, #0]
10006a8e:	f853 2b24 	ldr.w	r2, [r3], #36
10006a92:	400c      	ands	r4, r1
10006a94:	f082 0207 	eor.w	r2, r2, #7
10006a98:	f002 02cf 	and.w	r2, r2, #207	@ 0xcf
10006a9c:	f503 5300 	add.w	r3, r3, #8192	@ 0x2000
10006aa0:	f8c8 2000 	str.w	r2, [r8]
10006aa4:	f8ce 4000 	str.w	r4, [lr]
10006aa8:	f8c3 c000 	str.w	ip, [r3]
10006aac:	f8ce 1000 	str.w	r1, [lr]
10006ab0:	b003      	add	sp, #12
10006ab2:	e8bd 83f0 	ldmia.w	sp!, {r4, r5, r6, r7, r8, r9, pc}
10006ab6:	4691      	mov	r9, r2
10006ab8:	e7d4      	b.n	10006a64 <spi_init+0x94>
10006aba:	bf00      	nop
10006abc:	40088000 	.word	0x40088000
10006ac0:	40022000 	.word	0x40022000
10006ac4:	40023000 	.word	0x40023000
10006ac8:	40020000 	.word	0x40020000

10006acc <spi_set_baudrate>:
10006acc:	e92d 43f0 	stmdb	sp!, {r4, r5, r6, r7, r8, r9, lr}
10006ad0:	4604      	mov	r4, r0
10006ad2:	f04f 0802 	mov.w	r8, #2
10006ad6:	4625      	mov	r5, r4
10006ad8:	b083      	sub	sp, #12
10006ada:	2006      	movs	r0, #6
10006adc:	9101      	str	r1, [sp, #4]
10006ade:	f7fb fab5 	bl	1000204c <clock_get_hz>
10006ae2:	4642      	mov	r2, r8
10006ae4:	f855 6f04 	ldr.w	r6, [r5, #4]!
10006ae8:	9901      	ldr	r1, [sp, #4]
10006aea:	f505 5940 	add.w	r9, r5, #12288	@ 0x3000
10006aee:	ea4f 2e41 	mov.w	lr, r1, lsl #9
10006af2:	2700      	movs	r7, #0
10006af4:	4673      	mov	r3, lr
10006af6:	ea4f 5cd1 	mov.w	ip, r1, lsr #23
10006afa:	4016      	ands	r6, r2
10006afc:	f8c9 8000 	str.w	r8, [r9]
10006b00:	e008      	b.n	10006b14 <spi_set_baudrate+0x48>
10006b02:	eb13 030e 	adds.w	r3, r3, lr
10006b06:	f102 0202 	add.w	r2, r2, #2
10006b0a:	eb4c 5cd1 	adc.w	ip, ip, r1, lsr #23
10006b0e:	f5b2 7f80 	cmp.w	r2, #256	@ 0x100
10006b12:	d003      	beq.n	10006b1c <spi_set_baudrate+0x50>
10006b14:	4298      	cmp	r0, r3
10006b16:	eb77 080c 	sbcs.w	r8, r7, ip
10006b1a:	d2f2      	bcs.n	10006b02 <spi_set_baudrate+0x36>
10006b1c:	f44f 7380 	mov.w	r3, #256	@ 0x100
10006b20:	ebc2 2c02 	rsb	ip, r2, r2, lsl #8
10006b24:	e001      	b.n	10006b2a <spi_set_baudrate+0x5e>
10006b26:	2b01      	cmp	r3, #1
10006b28:	d01b      	beq.n	10006b62 <spi_set_baudrate+0x96>
10006b2a:	fbb0 fefc 	udiv	lr, r0, ip
10006b2e:	458e      	cmp	lr, r1
10006b30:	461f      	mov	r7, r3
10006b32:	ebac 0c02 	sub.w	ip, ip, r2
10006b36:	f103 33ff 	add.w	r3, r3, #4294967295	@ 0xffffffff
10006b3a:	d9f4      	bls.n	10006b26 <spi_set_baudrate+0x5a>
10006b3c:	fb02 f707 	mul.w	r7, r2, r7
10006b40:	021b      	lsls	r3, r3, #8
10006b42:	fbb0 f0f7 	udiv	r0, r0, r7
10006b46:	6122      	str	r2, [r4, #16]
10006b48:	6822      	ldr	r2, [r4, #0]
10006b4a:	f505 5500 	add.w	r5, r5, #8192	@ 0x2000
10006b4e:	4053      	eors	r3, r2
10006b50:	f403 437f 	and.w	r3, r3, #65280	@ 0xff00
10006b54:	f504 5480 	add.w	r4, r4, #4096	@ 0x1000
10006b58:	6023      	str	r3, [r4, #0]
10006b5a:	602e      	str	r6, [r5, #0]
10006b5c:	b003      	add	sp, #12
10006b5e:	e8bd 83f0 	ldmia.w	sp!, {r4, r5, r6, r7, r8, r9, pc}
10006b62:	4617      	mov	r7, r2
10006b64:	2300      	movs	r3, #0
10006b66:	e7ec      	b.n	10006b42 <spi_set_baudrate+0x76>

10006b68 <strcmp>:
10006b68:	ea80 0c01 	eor.w	ip, r0, r1
10006b6c:	f01c 0f03 	tst.w	ip, #3
10006b70:	d137      	bne.n	10006be2 <strcmp+0x7a>
10006b72:	f010 0c03 	ands.w	ip, r0, #3
10006b76:	f020 0003 	bic.w	r0, r0, #3
10006b7a:	f021 0103 	bic.w	r1, r1, #3
10006b7e:	f850 2b04 	ldr.w	r2, [r0], #4
10006b82:	bf08      	it	eq
10006b84:	f851 3b04 	ldreq.w	r3, [r1], #4
10006b88:	d00e      	beq.n	10006ba8 <strcmp+0x40>
10006b8a:	f08c 0c03 	eor.w	ip, ip, #3
10006b8e:	f06f 437f 	mvn.w	r3, #4278190080	@ 0xff000000
10006b92:	ea4f 0ccc 	mov.w	ip, ip, lsl #3
10006b96:	fa23 fc0c 	lsr.w	ip, r3, ip
10006b9a:	f851 3b04 	ldr.w	r3, [r1], #4
10006b9e:	ea42 020c 	orr.w	r2, r2, ip
10006ba2:	ea43 030c 	orr.w	r3, r3, ip
10006ba6:	bf00      	nop
10006ba8:	f1a2 3c01 	sub.w	ip, r2, #16843009	@ 0x1010101
10006bac:	429a      	cmp	r2, r3
10006bae:	bf01      	itttt	eq
10006bb0:	ea2c 0c02 	biceq.w	ip, ip, r2
10006bb4:	f01c 3f80 	tsteq.w	ip, #2155905152	@ 0x80808080
10006bb8:	f850 2b04 	ldreq.w	r2, [r0], #4
10006bbc:	f851 3b04 	ldreq.w	r3, [r1], #4
10006bc0:	d0f2      	beq.n	10006ba8 <strcmp+0x40>
10006bc2:	ea4f 6002 	mov.w	r0, r2, lsl #24
10006bc6:	ea4f 2212 	mov.w	r2, r2, lsr #8
10006bca:	2801      	cmp	r0, #1
10006bcc:	bf28      	it	cs
10006bce:	ebb0 6f03 	cmpcs.w	r0, r3, lsl #24
10006bd2:	bf08      	it	eq
10006bd4:	0a1b      	lsreq	r3, r3, #8
10006bd6:	d0f4      	beq.n	10006bc2 <strcmp+0x5a>
10006bd8:	f003 03ff 	and.w	r3, r3, #255	@ 0xff
10006bdc:	0e00      	lsrs	r0, r0, #24
10006bde:	1ac0      	subs	r0, r0, r3
10006be0:	4770      	bx	lr
10006be2:	f010 0f03 	tst.w	r0, #3
10006be6:	d00a      	beq.n	10006bfe <strcmp+0x96>
10006be8:	f810 2b01 	ldrb.w	r2, [r0], #1
10006bec:	f811 3b01 	ldrb.w	r3, [r1], #1
10006bf0:	2a01      	cmp	r2, #1
10006bf2:	bf28      	it	cs
10006bf4:	429a      	cmpcs	r2, r3
10006bf6:	d0f4      	beq.n	10006be2 <strcmp+0x7a>
10006bf8:	eba2 0003 	sub.w	r0, r2, r3
10006bfc:	4770      	bx	lr
10006bfe:	b420      	push	{r5}
10006c00:	f850 2b04 	ldr.w	r2, [r0], #4
10006c04:	f001 0503 	and.w	r5, r1, #3
10006c08:	f021 0103 	bic.w	r1, r1, #3
10006c0c:	f851 3b04 	ldr.w	r3, [r1], #4
10006c10:	2d02      	cmp	r5, #2
10006c12:	d027      	beq.n	10006c64 <strcmp+0xfc>
10006c14:	d84e      	bhi.n	10006cb4 <strcmp+0x14c>
10006c16:	bf00      	nop
10006c18:	f022 457f 	bic.w	r5, r2, #4278190080	@ 0xff000000
10006c1c:	ebb5 2f13 	cmp.w	r5, r3, lsr #8
10006c20:	f1a2 3c01 	sub.w	ip, r2, #16843009	@ 0x1010101
10006c24:	ea2c 0c02 	bic.w	ip, ip, r2
10006c28:	d10d      	bne.n	10006c46 <strcmp+0xde>
10006c2a:	f01c 3c80 	ands.w	ip, ip, #2155905152	@ 0x80808080
10006c2e:	bf08      	it	eq
10006c30:	f851 3b04 	ldreq.w	r3, [r1], #4
10006c34:	d10a      	bne.n	10006c4c <strcmp+0xe4>
10006c36:	ea85 0502 	eor.w	r5, r5, r2
10006c3a:	ebb5 6f03 	cmp.w	r5, r3, lsl #24
10006c3e:	d10c      	bne.n	10006c5a <strcmp+0xf2>
10006c40:	f850 2b04 	ldr.w	r2, [r0], #4
10006c44:	e7e8      	b.n	10006c18 <strcmp+0xb0>
10006c46:	ea4f 2313 	mov.w	r3, r3, lsr #8
10006c4a:	e05b      	b.n	10006d04 <strcmp+0x19c>
10006c4c:	f03c 4c7f 	bics.w	ip, ip, #4278190080	@ 0xff000000
10006c50:	d154      	bne.n	10006cfc <strcmp+0x194>
10006c52:	780b      	ldrb	r3, [r1, #0]
10006c54:	ea4f 6512 	mov.w	r5, r2, lsr #24
10006c58:	e054      	b.n	10006d04 <strcmp+0x19c>
10006c5a:	ea4f 6512 	mov.w	r5, r2, lsr #24
10006c5e:	f003 03ff 	and.w	r3, r3, #255	@ 0xff
10006c62:	e04f      	b.n	10006d04 <strcmp+0x19c>
10006c64:	ea4f 4502 	mov.w	r5, r2, lsl #16
10006c68:	f1a2 3c01 	sub.w	ip, r2, #16843009	@ 0x1010101
10006c6c:	ea4f 4515 	mov.w	r5, r5, lsr #16
10006c70:	ea2c 0c02 	bic.w	ip, ip, r2
10006c74:	ebb5 4f13 	cmp.w	r5, r3, lsr #16
10006c78:	d118      	bne.n	10006cac <strcmp+0x144>
10006c7a:	f01c 3c80 	ands.w	ip, ip, #2155905152	@ 0x80808080
10006c7e:	bf08      	it	eq
10006c80:	f851 3b04 	ldreq.w	r3, [r1], #4
10006c84:	d107      	bne.n	10006c96 <strcmp+0x12e>
10006c86:	ea85 0502 	eor.w	r5, r5, r2
10006c8a:	ebb5 4f03 	cmp.w	r5, r3, lsl #16
10006c8e:	d109      	bne.n	10006ca4 <strcmp+0x13c>
10006c90:	f850 2b04 	ldr.w	r2, [r0], #4
10006c94:	e7e6      	b.n	10006c64 <strcmp+0xfc>
10006c96:	ea5f 4c0c 	movs.w	ip, ip, lsl #16
10006c9a:	d12f      	bne.n	10006cfc <strcmp+0x194>
10006c9c:	880b      	ldrh	r3, [r1, #0]
10006c9e:	ea4f 4512 	mov.w	r5, r2, lsr #16
10006ca2:	e02f      	b.n	10006d04 <strcmp+0x19c>
10006ca4:	ea4f 4303 	mov.w	r3, r3, lsl #16
10006ca8:	ea4f 4512 	mov.w	r5, r2, lsr #16
10006cac:	ea4f 4313 	mov.w	r3, r3, lsr #16
10006cb0:	e028      	b.n	10006d04 <strcmp+0x19c>
10006cb2:	bf00      	nop
10006cb4:	f002 05ff 	and.w	r5, r2, #255	@ 0xff
10006cb8:	ebb5 6f13 	cmp.w	r5, r3, lsr #24
10006cbc:	f1a2 3c01 	sub.w	ip, r2, #16843009	@ 0x1010101
10006cc0:	ea2c 0c02 	bic.w	ip, ip, r2
10006cc4:	d10d      	bne.n	10006ce2 <strcmp+0x17a>
10006cc6:	f01c 3c80 	ands.w	ip, ip, #2155905152	@ 0x80808080
10006cca:	bf08      	it	eq
10006ccc:	f851 3b04 	ldreq.w	r3, [r1], #4
10006cd0:	d10a      	bne.n	10006ce8 <strcmp+0x180>
10006cd2:	ea85 0502 	eor.w	r5, r5, r2
10006cd6:	ebb5 2f03 	cmp.w	r5, r3, lsl #8
10006cda:	d10a      	bne.n	10006cf2 <strcmp+0x18a>
10006cdc:	f850 2b04 	ldr.w	r2, [r0], #4
10006ce0:	e7e8      	b.n	10006cb4 <strcmp+0x14c>
10006ce2:	ea4f 6313 	mov.w	r3, r3, lsr #24
10006ce6:	e00d      	b.n	10006d04 <strcmp+0x19c>
10006ce8:	f012 0fff 	tst.w	r2, #255	@ 0xff
10006cec:	d006      	beq.n	10006cfc <strcmp+0x194>
10006cee:	f851 3b04 	ldr.w	r3, [r1], #4
10006cf2:	ea4f 2512 	mov.w	r5, r2, lsr #8
10006cf6:	f023 437f 	bic.w	r3, r3, #4278190080	@ 0xff000000
10006cfa:	e003      	b.n	10006d04 <strcmp+0x19c>
10006cfc:	f04f 0000 	mov.w	r0, #0
10006d00:	bc20      	pop	{r5}
10006d02:	4770      	bx	lr
10006d04:	f005 02ff 	and.w	r2, r5, #255	@ 0xff
10006d08:	f003 00ff 	and.w	r0, r3, #255	@ 0xff
10006d0c:	2801      	cmp	r0, #1
10006d0e:	bf28      	it	cs
10006d10:	4290      	cmpcs	r0, r2
10006d12:	bf04      	itt	eq
10006d14:	0a2d      	lsreq	r5, r5, #8
10006d16:	0a1b      	lsreq	r3, r3, #8
10006d18:	d0f4      	beq.n	10006d04 <strcmp+0x19c>
10006d1a:	eba2 0000 	sub.w	r0, r2, r0
10006d1e:	bc20      	pop	{r5}
10006d20:	4770      	bx	lr
10006d22:	bf00      	nop

10006d24 <strlen>:
10006d24:	f020 0103 	bic.w	r1, r0, #3
10006d28:	f010 0003 	ands.w	r0, r0, #3
10006d2c:	f1c0 0000 	rsb	r0, r0, #0
10006d30:	f851 3b04 	ldr.w	r3, [r1], #4
10006d34:	f100 0c04 	add.w	ip, r0, #4
10006d38:	ea4f 0ccc 	mov.w	ip, ip, lsl #3
10006d3c:	f06f 0200 	mvn.w	r2, #0
10006d40:	bf1c      	itt	ne
10006d42:	fa22 f20c 	lsrne.w	r2, r2, ip
10006d46:	4313      	orrne	r3, r2
10006d48:	f04f 0c01 	mov.w	ip, #1
10006d4c:	ea4c 2c0c 	orr.w	ip, ip, ip, lsl #8
10006d50:	ea4c 4c0c 	orr.w	ip, ip, ip, lsl #16
10006d54:	eba3 020c 	sub.w	r2, r3, ip
10006d58:	ea22 0203 	bic.w	r2, r2, r3
10006d5c:	ea12 12cc 	ands.w	r2, r2, ip, lsl #7
10006d60:	bf04      	itt	eq
10006d62:	f851 3b04 	ldreq.w	r3, [r1], #4
10006d66:	3004      	addeq	r0, #4
10006d68:	d0f4      	beq.n	10006d54 <strlen+0x30>
10006d6a:	f1c2 0100 	rsb	r1, r2, #0
10006d6e:	ea02 0201 	and.w	r2, r2, r1
10006d72:	fab2 f282 	clz	r2, r2
10006d76:	f1c2 021f 	rsb	r2, r2, #31
10006d7a:	eb00 00d2 	add.w	r0, r0, r2, lsr #3
10006d7e:	4770      	bx	lr

10006d80 <__memcpy_veneer>:
10006d80:	f85f f000 	ldr.w	pc, [pc]	@ 10006d84 <__memcpy_veneer+0x4>
10006d84:	200012ad 	.word	0x200012ad

10006d88 <____aeabi_uldivmod_veneer>:
10006d88:	f85f f000 	ldr.w	pc, [pc]	@ 10006d8c <____aeabi_uldivmod_veneer+0x4>
10006d8c:	20000eb1 	.word	0x20000eb1

10006d90 <__hw_endpoint_start_next_buffer_veneer>:
10006d90:	f85f f000 	ldr.w	pc, [pc]	@ 10006d94 <__hw_endpoint_start_next_buffer_veneer+0x4>
10006d94:	20000af9 	.word	0x20000af9

10006d98 <__mutex_exit_veneer>:
10006d98:	f85f f000 	ldr.w	pc, [pc]	@ 10006d9c <__mutex_exit_veneer+0x4>
10006d9c:	20000261 	.word	0x20000261

10006da0 <__mutex_try_enter_block_until_veneer>:
10006da0:	f85f f000 	ldr.w	pc, [pc]	@ 10006da4 <__mutex_try_enter_block_until_veneer+0x4>
10006da4:	200001f1 	.word	0x200001f1

10006da8 <__e15_is_bulkin_ep_veneer>:
10006da8:	f85f f000 	ldr.w	pc, [pc]	@ 10006dac <__e15_is_bulkin_ep_veneer+0x4>
10006dac:	20000a55 	.word	0x20000a55

10006db0 <__e15_is_critical_frame_period_veneer>:
10006db0:	f85f f000 	ldr.w	pc, [pc]	@ 10006db4 <__e15_is_critical_frame_period_veneer+0x4>
10006db4:	20000a7d 	.word	0x20000a7d

10006db8 <___hw_endpoint_buffer_control_update32_veneer>:
10006db8:	f85f f000 	ldr.w	pc, [pc]	@ 10006dbc <___hw_endpoint_buffer_control_update32_veneer+0x4>
10006dbc:	20000ab1 	.word	0x20000ab1

10006dc0 <__spi_write_blocking_veneer>:
10006dc0:	f85f f000 	ldr.w	pc, [pc]	@ 10006dc4 <__spi_write_blocking_veneer+0x4>
10006dc4:	20000dad 	.word	0x20000dad

10006dc8 <__mutex_enter_timeout_ms_veneer>:
10006dc8:	f85f f000 	ldr.w	pc, [pc]	@ 10006dcc <__mutex_enter_timeout_ms_veneer+0x4>
10006dcc:	20000229 	.word	0x20000229

10006dd0 <__spi_read_blocking_veneer>:
10006dd0:	f85f f000 	ldr.w	pc, [pc]	@ 10006dd4 <__spi_read_blocking_veneer+0x4>
10006dd4:	20000e3d 	.word	0x20000e3d

10006dd8 <__mutex_try_enter_veneer>:
10006dd8:	f85f f000 	ldr.w	pc, [pc]	@ 10006ddc <__mutex_try_enter_veneer+0x4>
10006ddc:	20000111 	.word	0x20000111

10006de0 <__memset_veneer>:
10006de0:	f85f f000 	ldr.w	pc, [pc]	@ 10006de4 <__memset_veneer+0x4>
10006de4:	20001225 	.word	0x20001225

10006de8 <__reset_non_control_endpoints_veneer>:
10006de8:	f85f f000 	ldr.w	pc, [pc]	@ 10006dec <__reset_non_control_endpoints_veneer+0x4>
10006dec:	200002a9 	.word	0x200002a9

10006df0 <__pre_init_runtime_init_bootrom_reset>:
10006df0:	1000232d                                -#..

10006df4 <__pre_init_runtime_init_early_resets>:
10006df4:	100022a5                                ."..

10006df8 <__pre_init_runtime_init_usb_power_down>:
10006df8:	100022d5                                ."..

10006dfc <__pre_init_runtime_init_clocks>:
10006dfc:	100023bd                                .#..

10006e00 <__pre_init_runtime_init_post_clock_resets>:
10006e00:	1000230d                                .#..

10006e04 <__pre_init_runtime_init_boot_locks_reset>:
10006e04:	1000222d                                -"..

10006e08 <__pre_init_runtime_init_spin_locks_reset>:
10006e08:	10002355                                U#..

10006e0c <__pre_init_runtime_init_bootrom_locking_enable>:
10006e0c:	10002219                                ."..

10006e10 <__pre_init_runtime_init_mutex>:
10006e10:	10001535                                5...

10006e14 <__pre_init_runtime_init_install_ram_vector_table>:
10006e14:	10002359                                Y#..

10006e18 <__pre_init_runtime_init_default_alarm_pool>:
10006e18:	10001905                                ....

10006e1c <__pre_init_first_per_core_initializer>:
10006e1c:	10002275                                u"..

10006e20 <__pre_init_runtime_init_per_core_bootrom_reset>:
10006e20:	10002341                                A#..

10006e24 <__pre_init_runtime_init_per_core_enable_coprocessors>:
10006e24:	100022f1                                ."..

10006e28 <__pre_init_spinlock_set_extexclall>:
10006e28:	10001105                                ....

10006e2c <__pre_init_runtime_init_per_core_irq_priorities>:
10006e2c:	1000112d                                -...

10006e30 <__init_array_start>:
10006e30:	10004749 	.word	0x10004749

Disassembly of section .data:

20000110 <mutex_try_enter>:
20000110:	4603      	mov	r3, r0
20000112:	b500      	push	{lr}
20000114:	6802      	ldr	r2, [r0, #0]
20000116:	f3ef 8c10 	mrs	ip, PRIMASK
2000011a:	b672      	cpsid	i
2000011c:	e8d2 efcf 	ldaexb	lr, [r2]
20000120:	2001      	movs	r0, #1
20000122:	f1be 0f00 	cmp.w	lr, #0
20000126:	d1f9      	bne.n	2000011c <mutex_try_enter+0xc>
20000128:	e8c2 0f4e 	strexb	lr, r0, [r2]
2000012c:	f1be 0f00 	cmp.w	lr, #0
20000130:	d1f4      	bne.n	2000011c <mutex_try_enter+0xc>
20000132:	f3bf 8f5f 	dmb	sy
20000136:	f993 2004 	ldrsb.w	r2, [r3, #4]
2000013a:	2a00      	cmp	r2, #0
2000013c:	db09      	blt.n	20000152 <mutex_try_enter+0x42>
2000013e:	b101      	cbz	r1, 20000142 <mutex_try_enter+0x32>
20000140:	600a      	str	r2, [r1, #0]
20000142:	2000      	movs	r0, #0
20000144:	2200      	movs	r2, #0
20000146:	681b      	ldr	r3, [r3, #0]
20000148:	e8c3 2f8f 	stlb	r2, [r3]
2000014c:	f38c 8810 	msr	PRIMASK, ip
20000150:	bd00      	pop	{pc}
20000152:	f04f 4250 	mov.w	r2, #3489660928	@ 0xd0000000
20000156:	6812      	ldr	r2, [r2, #0]
20000158:	2001      	movs	r0, #1
2000015a:	711a      	strb	r2, [r3, #4]
2000015c:	e7f2      	b.n	20000144 <mutex_try_enter+0x34>
2000015e:	bf00      	nop

20000160 <mutex_enter_block_until>:
20000160:	f04f 4150 	mov.w	r1, #3489660928	@ 0xd0000000
20000164:	e92d 43f8 	stmdb	sp!, {r3, r4, r5, r6, r7, r8, r9, lr}
20000168:	461f      	mov	r7, r3
2000016a:	680b      	ldr	r3, [r1, #0]
2000016c:	4604      	mov	r4, r0
2000016e:	4616      	mov	r6, r2
20000170:	2500      	movs	r5, #0
20000172:	4699      	mov	r9, r3
20000174:	f8df 8074 	ldr.w	r8, [pc, #116]	@ 200001ec <mutex_enter_block_until+0x8c>
20000178:	6823      	ldr	r3, [r4, #0]
2000017a:	f3ef 8210 	mrs	r2, PRIMASK
2000017e:	b672      	cpsid	i
20000180:	e8d3 0fcf 	ldaexb	r0, [r3]
20000184:	2101      	movs	r1, #1
20000186:	2800      	cmp	r0, #0
20000188:	d1fa      	bne.n	20000180 <mutex_enter_block_until+0x20>
2000018a:	e8c3 1f40 	strexb	r0, r1, [r3]
2000018e:	2800      	cmp	r0, #0
20000190:	d1f6      	bne.n	20000180 <mutex_enter_block_until+0x20>
20000192:	f3bf 8f5f 	dmb	sy
20000196:	f994 3004 	ldrsb.w	r3, [r4, #4]
2000019a:	6821      	ldr	r1, [r4, #0]
2000019c:	2b00      	cmp	r3, #0
2000019e:	db1b      	blt.n	200001d8 <mutex_enter_block_until+0x78>
200001a0:	f898 3000 	ldrb.w	r3, [r8]
200001a4:	b2db      	uxtb	r3, r3
200001a6:	e8c1 5f8f 	stlb	r5, [r1]
200001aa:	f382 8810 	msr	PRIMASK, r2
200001ae:	f898 2000 	ldrb.w	r2, [r8]
200001b2:	429a      	cmp	r2, r3
200001b4:	d008      	beq.n	200001c8 <mutex_enter_block_until+0x68>
200001b6:	4630      	mov	r0, r6
200001b8:	4639      	mov	r1, r7
200001ba:	f001 f8f5 	bl	200013a8 <__best_effort_wfe_or_timeout_veneer>
200001be:	2800      	cmp	r0, #0
200001c0:	d0da      	beq.n	20000178 <mutex_enter_block_until+0x18>
200001c2:	2000      	movs	r0, #0
200001c4:	e8bd 83f8 	ldmia.w	sp!, {r3, r4, r5, r6, r7, r8, r9, pc}
200001c8:	bf20      	wfe
200001ca:	4630      	mov	r0, r6
200001cc:	4639      	mov	r1, r7
200001ce:	f001 f8eb 	bl	200013a8 <__best_effort_wfe_or_timeout_veneer>
200001d2:	2800      	cmp	r0, #0
200001d4:	d0d0      	beq.n	20000178 <mutex_enter_block_until+0x18>
200001d6:	e7f4      	b.n	200001c2 <mutex_enter_block_until+0x62>
200001d8:	2300      	movs	r3, #0
200001da:	f884 9004 	strb.w	r9, [r4, #4]
200001de:	e8c1 3f8f 	stlb	r3, [r1]
200001e2:	f382 8810 	msr	PRIMASK, r2
200001e6:	2001      	movs	r0, #1
200001e8:	e8bd 83f8 	ldmia.w	sp!, {r3, r4, r5, r6, r7, r8, r9, pc}
200001ec:	20003e6f 	.word	0x20003e6f

200001f0 <mutex_try_enter_block_until>:
200001f0:	b570      	push	{r4, r5, r6, lr}
200001f2:	b082      	sub	sp, #8
200001f4:	a901      	add	r1, sp, #4
200001f6:	4606      	mov	r6, r0
200001f8:	4614      	mov	r4, r2
200001fa:	461d      	mov	r5, r3
200001fc:	f7ff ff88 	bl	20000110 <mutex_try_enter>
20000200:	b938      	cbnz	r0, 20000212 <mutex_try_enter_block_until+0x22>
20000202:	f04f 4350 	mov.w	r3, #3489660928	@ 0xd0000000
20000206:	f99d 2004 	ldrsb.w	r2, [sp, #4]
2000020a:	f993 3000 	ldrsb.w	r3, [r3]
2000020e:	429a      	cmp	r2, r3
20000210:	d101      	bne.n	20000216 <mutex_try_enter_block_until+0x26>
20000212:	b002      	add	sp, #8
20000214:	bd70      	pop	{r4, r5, r6, pc}
20000216:	4622      	mov	r2, r4
20000218:	462b      	mov	r3, r5
2000021a:	4630      	mov	r0, r6
2000021c:	b002      	add	sp, #8
2000021e:	e8bd 4070 	ldmia.w	sp!, {r4, r5, r6, lr}
20000222:	f7ff bf9d 	b.w	20000160 <mutex_enter_block_until>
20000226:	bf00      	nop

20000228 <mutex_enter_timeout_ms>:
20000228:	b570      	push	{r4, r5, r6, lr}
2000022a:	4605      	mov	r5, r0
2000022c:	460c      	mov	r4, r1
2000022e:	f001 f8b3 	bl	20001398 <__time_us_64_veneer>
20000232:	4602      	mov	r2, r0
20000234:	460b      	mov	r3, r1
20000236:	f44f 707a 	mov.w	r0, #1000	@ 0x3e8
2000023a:	f04f 3eff 	mov.w	lr, #4294967295	@ 0xffffffff
2000023e:	f06f 4c00 	mvn.w	ip, #2147483648	@ 0x80000000
20000242:	fbe4 2300 	umlal	r2, r3, r4, r0
20000246:	4596      	cmp	lr, r2
20000248:	eb7c 0103 	sbcs.w	r1, ip, r3
2000024c:	bf38      	it	cc
2000024e:	4672      	movcc	r2, lr
20000250:	4628      	mov	r0, r5
20000252:	e8bd 4070 	ldmia.w	sp!, {r4, r5, r6, lr}
20000256:	bf38      	it	cc
20000258:	4663      	movcc	r3, ip
2000025a:	f7ff bf81 	b.w	20000160 <mutex_enter_block_until>
2000025e:	bf00      	nop

20000260 <mutex_exit>:
20000260:	6803      	ldr	r3, [r0, #0]
20000262:	f3ef 8110 	mrs	r1, PRIMASK
20000266:	b672      	cpsid	i
20000268:	e8d3 cfcf 	ldaexb	ip, [r3]
2000026c:	2201      	movs	r2, #1
2000026e:	f1bc 0f00 	cmp.w	ip, #0
20000272:	d1f9      	bne.n	20000268 <mutex_exit+0x8>
20000274:	e8c3 2f4c 	strexb	ip, r2, [r3]
20000278:	f1bc 0f00 	cmp.w	ip, #0
2000027c:	d1f4      	bne.n	20000268 <mutex_exit+0x8>
2000027e:	f3bf 8f5f 	dmb	sy
20000282:	f04f 0cff 	mov.w	ip, #255	@ 0xff
20000286:	4a07      	ldr	r2, [pc, #28]	@ (200002a4 <mutex_exit+0x44>)
20000288:	f880 c004 	strb.w	ip, [r0, #4]
2000028c:	7813      	ldrb	r3, [r2, #0]
2000028e:	3301      	adds	r3, #1
20000290:	7013      	strb	r3, [r2, #0]
20000292:	2300      	movs	r3, #0
20000294:	6802      	ldr	r2, [r0, #0]
20000296:	e8c2 3f8f 	stlb	r3, [r2]
2000029a:	f381 8810 	msr	PRIMASK, r1
2000029e:	bf40      	sev
200002a0:	4770      	bx	lr
200002a2:	bf00      	nop
200002a4:	20003e6f 	.word	0x20003e6f

200002a8 <reset_non_control_endpoints>:
200002a8:	2100      	movs	r1, #0
200002aa:	b508      	push	{r3, lr}
200002ac:	4b13      	ldr	r3, [pc, #76]	@ (200002fc <reset_non_control_endpoints+0x54>)
200002ae:	f44f 7270 	mov.w	r2, #960	@ 0x3c0
200002b2:	6099      	str	r1, [r3, #8]
200002b4:	4812      	ldr	r0, [pc, #72]	@ (20000300 <reset_non_control_endpoints+0x58>)
200002b6:	60d9      	str	r1, [r3, #12]
200002b8:	6119      	str	r1, [r3, #16]
200002ba:	6159      	str	r1, [r3, #20]
200002bc:	6199      	str	r1, [r3, #24]
200002be:	61d9      	str	r1, [r3, #28]
200002c0:	6219      	str	r1, [r3, #32]
200002c2:	6259      	str	r1, [r3, #36]	@ 0x24
200002c4:	6299      	str	r1, [r3, #40]	@ 0x28
200002c6:	62d9      	str	r1, [r3, #44]	@ 0x2c
200002c8:	6319      	str	r1, [r3, #48]	@ 0x30
200002ca:	6359      	str	r1, [r3, #52]	@ 0x34
200002cc:	6399      	str	r1, [r3, #56]	@ 0x38
200002ce:	63d9      	str	r1, [r3, #60]	@ 0x3c
200002d0:	6419      	str	r1, [r3, #64]	@ 0x40
200002d2:	6459      	str	r1, [r3, #68]	@ 0x44
200002d4:	6499      	str	r1, [r3, #72]	@ 0x48
200002d6:	64d9      	str	r1, [r3, #76]	@ 0x4c
200002d8:	6519      	str	r1, [r3, #80]	@ 0x50
200002da:	6559      	str	r1, [r3, #84]	@ 0x54
200002dc:	6599      	str	r1, [r3, #88]	@ 0x58
200002de:	65d9      	str	r1, [r3, #92]	@ 0x5c
200002e0:	6619      	str	r1, [r3, #96]	@ 0x60
200002e2:	6659      	str	r1, [r3, #100]	@ 0x64
200002e4:	6699      	str	r1, [r3, #104]	@ 0x68
200002e6:	66d9      	str	r1, [r3, #108]	@ 0x6c
200002e8:	6719      	str	r1, [r3, #112]	@ 0x70
200002ea:	6759      	str	r1, [r3, #116]	@ 0x74
200002ec:	6799      	str	r1, [r3, #120]	@ 0x78
200002ee:	67d9      	str	r1, [r3, #124]	@ 0x7c
200002f0:	f000 ff98 	bl	20001224 <memset>
200002f4:	4b03      	ldr	r3, [pc, #12]	@ (20000304 <reset_non_control_endpoints+0x5c>)
200002f6:	4a04      	ldr	r2, [pc, #16]	@ (20000308 <reset_non_control_endpoints+0x60>)
200002f8:	601a      	str	r2, [r3, #0]
200002fa:	bd08      	pop	{r3, pc}
200002fc:	50100000 	.word	0x50100000
20000300:	20001a48 	.word	0x20001a48
20000304:	20001e10 	.word	0x20001e10
20000308:	50100180 	.word	0x50100180

2000030c <hw_handle_buff_status>:
2000030c:	e92d 47f0 	stmdb	sp!, {r4, r5, r6, r7, r8, r9, sl, lr}
20000310:	4b1e      	ldr	r3, [pc, #120]	@ (2000038c <hw_handle_buff_status+0x80>)
20000312:	b084      	sub	sp, #16
20000314:	f8d3 a058 	ldr.w	sl, [r3, #88]	@ 0x58
20000318:	f1ba 0f00 	cmp.w	sl, #0
2000031c:	d021      	beq.n	20000362 <hw_handle_buff_status+0x56>
2000031e:	2400      	movs	r4, #0
20000320:	2501      	movs	r5, #1
20000322:	f44f 69e0 	mov.w	r9, #1792	@ 0x700
20000326:	f8df 806c 	ldr.w	r8, [pc, #108]	@ 20000394 <hw_handle_buff_status+0x88>
2000032a:	4f19      	ldr	r7, [pc, #100]	@ (20000390 <hw_handle_buff_status+0x84>)
2000032c:	e005      	b.n	2000033a <hw_handle_buff_status+0x2e>
2000032e:	3401      	adds	r4, #1
20000330:	b2e4      	uxtb	r4, r4
20000332:	2c20      	cmp	r4, #32
20000334:	ea4f 0545 	mov.w	r5, r5, lsl #1
20000338:	d013      	beq.n	20000362 <hw_handle_buff_status+0x56>
2000033a:	ea1a 0f05 	tst.w	sl, r5
2000033e:	d0f6      	beq.n	2000032e <hw_handle_buff_status+0x22>
20000340:	43e3      	mvns	r3, r4
20000342:	f004 06fe 	and.w	r6, r4, #254	@ 0xfe
20000346:	f003 0301 	and.w	r3, r3, #1
2000034a:	441e      	add	r6, r3
2000034c:	eb07 1646 	add.w	r6, r7, r6, lsl #5
20000350:	4630      	mov	r0, r6
20000352:	f8c8 5058 	str.w	r5, [r8, #88]	@ 0x58
20000356:	f000 fc01 	bl	20000b5c <hw_endpoint_xfer_continue>
2000035a:	b928      	cbnz	r0, 20000368 <hw_handle_buff_status+0x5c>
2000035c:	ea3a 0a05 	bics.w	sl, sl, r5
20000360:	d1e5      	bne.n	2000032e <hw_handle_buff_status+0x22>
20000362:	b004      	add	sp, #16
20000364:	e8bd 87f0 	ldmia.w	sp!, {r4, r5, r6, r7, r8, r9, sl, pc}
20000368:	78b3      	ldrb	r3, [r6, #2]
2000036a:	8af2      	ldrh	r2, [r6, #22]
2000036c:	f88d 3008 	strb.w	r3, [sp, #8]
20000370:	2300      	movs	r3, #0
20000372:	a801      	add	r0, sp, #4
20000374:	2101      	movs	r1, #1
20000376:	f8ad 9004 	strh.w	r9, [sp, #4]
2000037a:	9203      	str	r2, [sp, #12]
2000037c:	f88d 3009 	strb.w	r3, [sp, #9]
20000380:	f000 fc0a 	bl	20000b98 <dcd_event_handler>
20000384:	4630      	mov	r0, r6
20000386:	f000 fb8d 	bl	20000aa4 <hw_endpoint_reset_transfer>
2000038a:	e7e7      	b.n	2000035c <hw_handle_buff_status+0x50>
2000038c:	50110000 	.word	0x50110000
20000390:	20001a08 	.word	0x20001a08
20000394:	50113000 	.word	0x50113000

20000398 <dcd_rp2040_irq>:
20000398:	b570      	push	{r4, r5, r6, lr}
2000039a:	4bb2      	ldr	r3, [pc, #712]	@ (20000664 <dcd_rp2040_irq+0x2cc>)
2000039c:	b086      	sub	sp, #24
2000039e:	f8d3 4098 	ldr.w	r4, [r3, #152]	@ 0x98
200003a2:	f414 3500 	ands.w	r5, r4, #131072	@ 0x20000
200003a6:	d074      	beq.n	20000492 <dcd_rp2040_irq+0xfa>
200003a8:	4aaf      	ldr	r2, [pc, #700]	@ (20000668 <dcd_rp2040_irq+0x2d0>)
200003aa:	4bb0      	ldr	r3, [pc, #704]	@ (2000066c <dcd_rp2040_irq+0x2d4>)
200003ac:	6a90      	ldr	r0, [r2, #40]	@ 0x28
200003ae:	f893 203b 	ldrb.w	r2, [r3, #59]	@ 0x3b
200003b2:	49af      	ldr	r1, [pc, #700]	@ (20000670 <dcd_rp2040_irq+0x2d8>)
200003b4:	2a02      	cmp	r2, #2
200003b6:	6008      	str	r0, [r1, #0]
200003b8:	f000 80e6 	beq.w	20000588 <dcd_rp2040_irq+0x1f0>
200003bc:	2500      	movs	r5, #0
200003be:	f893 207b 	ldrb.w	r2, [r3, #123]	@ 0x7b
200003c2:	2a02      	cmp	r2, #2
200003c4:	f000 81b2 	beq.w	2000072c <dcd_rp2040_irq+0x394>
200003c8:	f893 20bb 	ldrb.w	r2, [r3, #187]	@ 0xbb
200003cc:	2a02      	cmp	r2, #2
200003ce:	f000 81a2 	beq.w	20000716 <dcd_rp2040_irq+0x37e>
200003d2:	f893 20fb 	ldrb.w	r2, [r3, #251]	@ 0xfb
200003d6:	2a02      	cmp	r2, #2
200003d8:	f000 8192 	beq.w	20000700 <dcd_rp2040_irq+0x368>
200003dc:	f893 213b 	ldrb.w	r2, [r3, #315]	@ 0x13b
200003e0:	2a02      	cmp	r2, #2
200003e2:	f000 8181 	beq.w	200006e8 <dcd_rp2040_irq+0x350>
200003e6:	f893 217b 	ldrb.w	r2, [r3, #379]	@ 0x17b
200003ea:	2a02      	cmp	r2, #2
200003ec:	f000 8171 	beq.w	200006d2 <dcd_rp2040_irq+0x33a>
200003f0:	f893 21bb 	ldrb.w	r2, [r3, #443]	@ 0x1bb
200003f4:	2a02      	cmp	r2, #2
200003f6:	f000 8161 	beq.w	200006bc <dcd_rp2040_irq+0x324>
200003fa:	f893 21fb 	ldrb.w	r2, [r3, #507]	@ 0x1fb
200003fe:	2a02      	cmp	r2, #2
20000400:	f000 8150 	beq.w	200006a4 <dcd_rp2040_irq+0x30c>
20000404:	f893 223b 	ldrb.w	r2, [r3, #571]	@ 0x23b
20000408:	2a02      	cmp	r2, #2
2000040a:	f000 813f 	beq.w	2000068c <dcd_rp2040_irq+0x2f4>
2000040e:	f893 227b 	ldrb.w	r2, [r3, #635]	@ 0x27b
20000412:	2a02      	cmp	r2, #2
20000414:	f000 811a 	beq.w	2000064c <dcd_rp2040_irq+0x2b4>
20000418:	f893 22bb 	ldrb.w	r2, [r3, #699]	@ 0x2bb
2000041c:	2a02      	cmp	r2, #2
2000041e:	f000 8109 	beq.w	20000634 <dcd_rp2040_irq+0x29c>
20000422:	f893 22fb 	ldrb.w	r2, [r3, #763]	@ 0x2fb
20000426:	2a02      	cmp	r2, #2
20000428:	f000 80f8 	beq.w	2000061c <dcd_rp2040_irq+0x284>
2000042c:	f893 233b 	ldrb.w	r2, [r3, #827]	@ 0x33b
20000430:	2a02      	cmp	r2, #2
20000432:	f000 80e7 	beq.w	20000604 <dcd_rp2040_irq+0x26c>
20000436:	f893 237b 	ldrb.w	r2, [r3, #891]	@ 0x37b
2000043a:	2a02      	cmp	r2, #2
2000043c:	f000 80b7 	beq.w	200005ae <dcd_rp2040_irq+0x216>
20000440:	f893 23bb 	ldrb.w	r2, [r3, #955]	@ 0x3bb
20000444:	2a02      	cmp	r2, #2
20000446:	f000 817c 	beq.w	20000742 <dcd_rp2040_irq+0x3aa>
2000044a:	f893 23fb 	ldrb.w	r2, [r3, #1019]	@ 0x3fb
2000044e:	2a02      	cmp	r2, #2
20000450:	f000 80c7 	beq.w	200005e2 <dcd_rp2040_irq+0x24a>
20000454:	b93d      	cbnz	r5, 20000466 <dcd_rp2040_irq+0xce>
20000456:	4b87      	ldr	r3, [pc, #540]	@ (20000674 <dcd_rp2040_irq+0x2dc>)
20000458:	781b      	ldrb	r3, [r3, #0]
2000045a:	b923      	cbnz	r3, 20000466 <dcd_rp2040_irq+0xce>
2000045c:	f44f 3200 	mov.w	r2, #131072	@ 0x20000
20000460:	4b85      	ldr	r3, [pc, #532]	@ (20000678 <dcd_rp2040_irq+0x2e0>)
20000462:	f8c3 2090 	str.w	r2, [r3, #144]	@ 0x90
20000466:	f44f 7240 	mov.w	r2, #768	@ 0x300
2000046a:	4b7e      	ldr	r3, [pc, #504]	@ (20000664 <dcd_rp2040_irq+0x2cc>)
2000046c:	2101      	movs	r1, #1
2000046e:	6c9b      	ldr	r3, [r3, #72]	@ 0x48
20000470:	a803      	add	r0, sp, #12
20000472:	f3c3 030a 	ubfx	r3, r3, #0, #11
20000476:	9304      	str	r3, [sp, #16]
20000478:	f8ad 200c 	strh.w	r2, [sp, #12]
2000047c:	f000 fb8c 	bl	20000b98 <dcd_event_handler>
20000480:	06e3      	lsls	r3, r4, #27
20000482:	f44f 3500 	mov.w	r5, #131072	@ 0x20000
20000486:	4e7d      	ldr	r6, [pc, #500]	@ (2000067c <dcd_rp2040_irq+0x2e4>)
20000488:	d507      	bpl.n	2000049a <dcd_rp2040_irq+0x102>
2000048a:	f7ff ff3f 	bl	2000030c <hw_handle_buff_status>
2000048e:	4635      	mov	r5, r6
20000490:	e003      	b.n	2000049a <dcd_rp2040_irq+0x102>
20000492:	06e3      	lsls	r3, r4, #27
20000494:	f04f 0610 	mov.w	r6, #16
20000498:	d4f7      	bmi.n	2000048a <dcd_rp2040_irq+0xf2>
2000049a:	03e0      	lsls	r0, r4, #15
2000049c:	d51d      	bpl.n	200004da <dcd_rp2040_irq+0x142>
2000049e:	4873      	ldr	r0, [pc, #460]	@ (2000066c <dcd_rp2040_irq+0x2d4>)
200004a0:	2602      	movs	r6, #2
200004a2:	7e83      	ldrb	r3, [r0, #26]
200004a4:	f445 3580 	orr.w	r5, r5, #65536	@ 0x10000
200004a8:	bb33      	cbnz	r3, 200004f8 <dcd_rp2040_irq+0x160>
200004aa:	f04f 0301 	mov.w	r3, #1
200004ae:	2e01      	cmp	r6, #1
200004b0:	70c3      	strb	r3, [r0, #3]
200004b2:	f100 0020 	add.w	r0, r0, #32
200004b6:	d11b      	bne.n	200004f0 <dcd_rp2040_irq+0x158>
200004b8:	f44f 62c0 	mov.w	r2, #1536	@ 0x600
200004bc:	4b70      	ldr	r3, [pc, #448]	@ (20000680 <dcd_rp2040_irq+0x2e8>)
200004be:	f8ad 200c 	strh.w	r2, [sp, #12]
200004c2:	e893 0003 	ldmia.w	r3, {r0, r1}
200004c6:	e9cd 0104 	strd	r0, r1, [sp, #16]
200004ca:	4631      	mov	r1, r6
200004cc:	a803      	add	r0, sp, #12
200004ce:	f000 fb63 	bl	20000b98 <dcd_event_handler>
200004d2:	f44f 3200 	mov.w	r2, #131072	@ 0x20000
200004d6:	4b68      	ldr	r3, [pc, #416]	@ (20000678 <dcd_rp2040_irq+0x2e0>)
200004d8:	651a      	str	r2, [r3, #80]	@ 0x50
200004da:	04e1      	lsls	r1, r4, #19
200004dc:	d43e      	bmi.n	2000055c <dcd_rp2040_irq+0x1c4>
200004de:	0462      	lsls	r2, r4, #17
200004e0:	d42e      	bmi.n	20000540 <dcd_rp2040_irq+0x1a8>
200004e2:	0423      	lsls	r3, r4, #16
200004e4:	d41d      	bmi.n	20000522 <dcd_rp2040_irq+0x18a>
200004e6:	42a5      	cmp	r5, r4
200004e8:	f040 81bb 	bne.w	20000862 <dcd_rp2040_irq+0x4ca>
200004ec:	b006      	add	sp, #24
200004ee:	bd70      	pop	{r4, r5, r6, pc}
200004f0:	7e83      	ldrb	r3, [r0, #26]
200004f2:	2601      	movs	r6, #1
200004f4:	2b00      	cmp	r3, #0
200004f6:	d0d8      	beq.n	200004aa <dcd_rp2040_irq+0x112>
200004f8:	4b62      	ldr	r3, [pc, #392]	@ (20000684 <dcd_rp2040_irq+0x2ec>)
200004fa:	4a5a      	ldr	r2, [pc, #360]	@ (20000664 <dcd_rp2040_irq+0x2cc>)
200004fc:	661e      	str	r6, [r3, #96]	@ 0x60
200004fe:	6e53      	ldr	r3, [r2, #100]	@ 0x64
20000500:	ea36 0303 	bics.w	r3, r6, r3
20000504:	d1fb      	bne.n	200004fe <dcd_rp2040_irq+0x166>
20000506:	f44f 5240 	mov.w	r2, #12288	@ 0x3000
2000050a:	2100      	movs	r1, #0
2000050c:	9001      	str	r0, [sp, #4]
2000050e:	f000 facf 	bl	20000ab0 <_hw_endpoint_buffer_control_update32>
20000512:	9801      	ldr	r0, [sp, #4]
20000514:	f000 fac6 	bl	20000aa4 <hw_endpoint_reset_transfer>
20000518:	4b57      	ldr	r3, [pc, #348]	@ (20000678 <dcd_rp2040_irq+0x2e0>)
2000051a:	9801      	ldr	r0, [sp, #4]
2000051c:	665e      	str	r6, [r3, #100]	@ 0x64
2000051e:	661e      	str	r6, [r3, #96]	@ 0x60
20000520:	e7c3      	b.n	200004aa <dcd_rp2040_irq+0x112>
20000522:	f44f 63a0 	mov.w	r3, #1280	@ 0x500
20000526:	2101      	movs	r1, #1
20000528:	a803      	add	r0, sp, #12
2000052a:	f8ad 300c 	strh.w	r3, [sp, #12]
2000052e:	f000 fb33 	bl	20000b98 <dcd_event_handler>
20000532:	f44f 6200 	mov.w	r2, #2048	@ 0x800
20000536:	4b50      	ldr	r3, [pc, #320]	@ (20000678 <dcd_rp2040_irq+0x2e0>)
20000538:	f445 4500 	orr.w	r5, r5, #32768	@ 0x8000
2000053c:	651a      	str	r2, [r3, #80]	@ 0x50
2000053e:	e7d2      	b.n	200004e6 <dcd_rp2040_irq+0x14e>
20000540:	f44f 6380 	mov.w	r3, #1024	@ 0x400
20000544:	2101      	movs	r1, #1
20000546:	a803      	add	r0, sp, #12
20000548:	f8ad 300c 	strh.w	r3, [sp, #12]
2000054c:	f000 fb24 	bl	20000b98 <dcd_event_handler>
20000550:	2210      	movs	r2, #16
20000552:	4b49      	ldr	r3, [pc, #292]	@ (20000678 <dcd_rp2040_irq+0x2e0>)
20000554:	f445 4580 	orr.w	r5, r5, #16384	@ 0x4000
20000558:	651a      	str	r2, [r3, #80]	@ 0x50
2000055a:	e7c2      	b.n	200004e2 <dcd_rp2040_irq+0x14a>
2000055c:	2600      	movs	r6, #0
2000055e:	4b41      	ldr	r3, [pc, #260]	@ (20000664 <dcd_rp2040_irq+0x2cc>)
20000560:	f445 5580 	orr.w	r5, r5, #4096	@ 0x1000
20000564:	601e      	str	r6, [r3, #0]
20000566:	f7ff fe9f 	bl	200002a8 <reset_non_control_endpoints>
2000056a:	f44f 7380 	mov.w	r3, #256	@ 0x100
2000056e:	2101      	movs	r1, #1
20000570:	a803      	add	r0, sp, #12
20000572:	f8ad 300c 	strh.w	r3, [sp, #12]
20000576:	f88d 6010 	strb.w	r6, [sp, #16]
2000057a:	f000 fb0d 	bl	20000b98 <dcd_event_handler>
2000057e:	f44f 2200 	mov.w	r2, #524288	@ 0x80000
20000582:	4b3d      	ldr	r3, [pc, #244]	@ (20000678 <dcd_rp2040_irq+0x2e0>)
20000584:	651a      	str	r2, [r3, #80]	@ 0x50
20000586:	e7aa      	b.n	200004de <dcd_rp2040_irq+0x146>
20000588:	f893 503a 	ldrb.w	r5, [r3, #58]	@ 0x3a
2000058c:	2d00      	cmp	r5, #0
2000058e:	f43f af16 	beq.w	200003be <dcd_rp2040_irq+0x26>
20000592:	f893 203c 	ldrb.w	r2, [r3, #60]	@ 0x3c
20000596:	2a00      	cmp	r2, #0
20000598:	f43f af11 	beq.w	200003be <dcd_rp2040_irq+0x26>
2000059c:	2200      	movs	r2, #0
2000059e:	f103 0020 	add.w	r0, r3, #32
200005a2:	f883 203c 	strb.w	r2, [r3, #60]	@ 0x3c
200005a6:	f000 faa7 	bl	20000af8 <hw_endpoint_start_next_buffer>
200005aa:	4b30      	ldr	r3, [pc, #192]	@ (2000066c <dcd_rp2040_irq+0x2d4>)
200005ac:	e707      	b.n	200003be <dcd_rp2040_irq+0x26>
200005ae:	f893 637a 	ldrb.w	r6, [r3, #890]	@ 0x37a
200005b2:	2e00      	cmp	r6, #0
200005b4:	f43f af44 	beq.w	20000440 <dcd_rp2040_irq+0xa8>
200005b8:	f893 237c 	ldrb.w	r2, [r3, #892]	@ 0x37c
200005bc:	2a00      	cmp	r2, #0
200005be:	f040 8140 	bne.w	20000842 <dcd_rp2040_irq+0x4aa>
200005c2:	f893 23bb 	ldrb.w	r2, [r3, #955]	@ 0x3bb
200005c6:	2a02      	cmp	r2, #2
200005c8:	f040 80c4 	bne.w	20000754 <dcd_rp2040_irq+0x3bc>
200005cc:	f893 23ba 	ldrb.w	r2, [r3, #954]	@ 0x3ba
200005d0:	2a00      	cmp	r2, #0
200005d2:	f040 80bb 	bne.w	2000074c <dcd_rp2040_irq+0x3b4>
200005d6:	f893 23fb 	ldrb.w	r2, [r3, #1019]	@ 0x3fb
200005da:	2a02      	cmp	r2, #2
200005dc:	f47f af43 	bne.w	20000466 <dcd_rp2040_irq+0xce>
200005e0:	4635      	mov	r5, r6
200005e2:	f893 23fa 	ldrb.w	r2, [r3, #1018]	@ 0x3fa
200005e6:	2a00      	cmp	r2, #0
200005e8:	f43f af34 	beq.w	20000454 <dcd_rp2040_irq+0xbc>
200005ec:	f893 23fc 	ldrb.w	r2, [r3, #1020]	@ 0x3fc
200005f0:	2a00      	cmp	r2, #0
200005f2:	f43f af38 	beq.w	20000466 <dcd_rp2040_irq+0xce>
200005f6:	2200      	movs	r2, #0
200005f8:	4823      	ldr	r0, [pc, #140]	@ (20000688 <dcd_rp2040_irq+0x2f0>)
200005fa:	f883 23fc 	strb.w	r2, [r3, #1020]	@ 0x3fc
200005fe:	f000 fa7b 	bl	20000af8 <hw_endpoint_start_next_buffer>
20000602:	e730      	b.n	20000466 <dcd_rp2040_irq+0xce>
20000604:	f893 633a 	ldrb.w	r6, [r3, #826]	@ 0x33a
20000608:	2e00      	cmp	r6, #0
2000060a:	f43f af14 	beq.w	20000436 <dcd_rp2040_irq+0x9e>
2000060e:	f893 233c 	ldrb.w	r2, [r3, #828]	@ 0x33c
20000612:	2a00      	cmp	r2, #0
20000614:	f040 80a9 	bne.w	2000076a <dcd_rp2040_irq+0x3d2>
20000618:	4635      	mov	r5, r6
2000061a:	e70c      	b.n	20000436 <dcd_rp2040_irq+0x9e>
2000061c:	f893 62fa 	ldrb.w	r6, [r3, #762]	@ 0x2fa
20000620:	2e00      	cmp	r6, #0
20000622:	f43f af03 	beq.w	2000042c <dcd_rp2040_irq+0x94>
20000626:	f893 22fc 	ldrb.w	r2, [r3, #764]	@ 0x2fc
2000062a:	2a00      	cmp	r2, #0
2000062c:	f040 80af 	bne.w	2000078e <dcd_rp2040_irq+0x3f6>
20000630:	4635      	mov	r5, r6
20000632:	e6fb      	b.n	2000042c <dcd_rp2040_irq+0x94>
20000634:	f893 62ba 	ldrb.w	r6, [r3, #698]	@ 0x2ba
20000638:	2e00      	cmp	r6, #0
2000063a:	f43f aef2 	beq.w	20000422 <dcd_rp2040_irq+0x8a>
2000063e:	f893 22bc 	ldrb.w	r2, [r3, #700]	@ 0x2bc
20000642:	2a00      	cmp	r2, #0
20000644:	f040 809a 	bne.w	2000077c <dcd_rp2040_irq+0x3e4>
20000648:	4635      	mov	r5, r6
2000064a:	e6ea      	b.n	20000422 <dcd_rp2040_irq+0x8a>
2000064c:	f893 627a 	ldrb.w	r6, [r3, #634]	@ 0x27a
20000650:	2e00      	cmp	r6, #0
20000652:	f43f aee1 	beq.w	20000418 <dcd_rp2040_irq+0x80>
20000656:	f893 227c 	ldrb.w	r2, [r3, #636]	@ 0x27c
2000065a:	2a00      	cmp	r2, #0
2000065c:	f040 80cd 	bne.w	200007fa <dcd_rp2040_irq+0x462>
20000660:	4635      	mov	r5, r6
20000662:	e6d9      	b.n	20000418 <dcd_rp2040_irq+0x80>
20000664:	50110000 	.word	0x50110000
20000668:	400b0000 	.word	0x400b0000
2000066c:	20001a08 	.word	0x20001a08
20000670:	20001a00 	.word	0x20001a00
20000674:	20003e6a 	.word	0x20003e6a
20000678:	50113000 	.word	0x50113000
2000067c:	00020010 	.word	0x00020010
20000680:	50100000 	.word	0x50100000
20000684:	50112000 	.word	0x50112000
20000688:	20001de8 	.word	0x20001de8
2000068c:	f893 623a 	ldrb.w	r6, [r3, #570]	@ 0x23a
20000690:	2e00      	cmp	r6, #0
20000692:	f43f aebc 	beq.w	2000040e <dcd_rp2040_irq+0x76>
20000696:	f893 223c 	ldrb.w	r2, [r3, #572]	@ 0x23c
2000069a:	2a00      	cmp	r2, #0
2000069c:	f040 80a4 	bne.w	200007e8 <dcd_rp2040_irq+0x450>
200006a0:	4635      	mov	r5, r6
200006a2:	e6b4      	b.n	2000040e <dcd_rp2040_irq+0x76>
200006a4:	f893 61fa 	ldrb.w	r6, [r3, #506]	@ 0x1fa
200006a8:	2e00      	cmp	r6, #0
200006aa:	f43f aeab 	beq.w	20000404 <dcd_rp2040_irq+0x6c>
200006ae:	f893 21fc 	ldrb.w	r2, [r3, #508]	@ 0x1fc
200006b2:	2a00      	cmp	r2, #0
200006b4:	f040 808f 	bne.w	200007d6 <dcd_rp2040_irq+0x43e>
200006b8:	4635      	mov	r5, r6
200006ba:	e6a3      	b.n	20000404 <dcd_rp2040_irq+0x6c>
200006bc:	f893 61ba 	ldrb.w	r6, [r3, #442]	@ 0x1ba
200006c0:	2e00      	cmp	r6, #0
200006c2:	f43f ae9a 	beq.w	200003fa <dcd_rp2040_irq+0x62>
200006c6:	f893 21bc 	ldrb.w	r2, [r3, #444]	@ 0x1bc
200006ca:	2a00      	cmp	r2, #0
200006cc:	d17a      	bne.n	200007c4 <dcd_rp2040_irq+0x42c>
200006ce:	4635      	mov	r5, r6
200006d0:	e693      	b.n	200003fa <dcd_rp2040_irq+0x62>
200006d2:	f893 617a 	ldrb.w	r6, [r3, #378]	@ 0x17a
200006d6:	2e00      	cmp	r6, #0
200006d8:	f43f ae8a 	beq.w	200003f0 <dcd_rp2040_irq+0x58>
200006dc:	f893 217c 	ldrb.w	r2, [r3, #380]	@ 0x17c
200006e0:	2a00      	cmp	r2, #0
200006e2:	d166      	bne.n	200007b2 <dcd_rp2040_irq+0x41a>
200006e4:	4635      	mov	r5, r6
200006e6:	e683      	b.n	200003f0 <dcd_rp2040_irq+0x58>
200006e8:	f893 613a 	ldrb.w	r6, [r3, #314]	@ 0x13a
200006ec:	2e00      	cmp	r6, #0
200006ee:	f43f ae7a 	beq.w	200003e6 <dcd_rp2040_irq+0x4e>
200006f2:	f893 213c 	ldrb.w	r2, [r3, #316]	@ 0x13c
200006f6:	2a00      	cmp	r2, #0
200006f8:	f040 8091 	bne.w	2000081e <dcd_rp2040_irq+0x486>
200006fc:	4635      	mov	r5, r6
200006fe:	e672      	b.n	200003e6 <dcd_rp2040_irq+0x4e>
20000700:	f893 60fa 	ldrb.w	r6, [r3, #250]	@ 0xfa
20000704:	2e00      	cmp	r6, #0
20000706:	f43f ae69 	beq.w	200003dc <dcd_rp2040_irq+0x44>
2000070a:	f893 20fc 	ldrb.w	r2, [r3, #252]	@ 0xfc
2000070e:	2a00      	cmp	r2, #0
20000710:	d17c      	bne.n	2000080c <dcd_rp2040_irq+0x474>
20000712:	4635      	mov	r5, r6
20000714:	e662      	b.n	200003dc <dcd_rp2040_irq+0x44>
20000716:	f893 60ba 	ldrb.w	r6, [r3, #186]	@ 0xba
2000071a:	2e00      	cmp	r6, #0
2000071c:	f43f ae59 	beq.w	200003d2 <dcd_rp2040_irq+0x3a>
20000720:	f893 20bc 	ldrb.w	r2, [r3, #188]	@ 0xbc
20000724:	2a00      	cmp	r2, #0
20000726:	d13b      	bne.n	200007a0 <dcd_rp2040_irq+0x408>
20000728:	4635      	mov	r5, r6
2000072a:	e652      	b.n	200003d2 <dcd_rp2040_irq+0x3a>
2000072c:	f893 607a 	ldrb.w	r6, [r3, #122]	@ 0x7a
20000730:	2e00      	cmp	r6, #0
20000732:	f43f ae49 	beq.w	200003c8 <dcd_rp2040_irq+0x30>
20000736:	f893 207c 	ldrb.w	r2, [r3, #124]	@ 0x7c
2000073a:	2a00      	cmp	r2, #0
2000073c:	d178      	bne.n	20000830 <dcd_rp2040_irq+0x498>
2000073e:	4635      	mov	r5, r6
20000740:	e642      	b.n	200003c8 <dcd_rp2040_irq+0x30>
20000742:	f893 23ba 	ldrb.w	r2, [r3, #954]	@ 0x3ba
20000746:	2a00      	cmp	r2, #0
20000748:	f43f ae7f 	beq.w	2000044a <dcd_rp2040_irq+0xb2>
2000074c:	f893 23bc 	ldrb.w	r2, [r3, #956]	@ 0x3bc
20000750:	2a00      	cmp	r2, #0
20000752:	d17e      	bne.n	20000852 <dcd_rp2040_irq+0x4ba>
20000754:	f893 23fb 	ldrb.w	r2, [r3, #1019]	@ 0x3fb
20000758:	2a02      	cmp	r2, #2
2000075a:	f47f ae84 	bne.w	20000466 <dcd_rp2040_irq+0xce>
2000075e:	f893 23fa 	ldrb.w	r2, [r3, #1018]	@ 0x3fa
20000762:	2a00      	cmp	r2, #0
20000764:	f43f ae7f 	beq.w	20000466 <dcd_rp2040_irq+0xce>
20000768:	e740      	b.n	200005ec <dcd_rp2040_irq+0x254>
2000076a:	2200      	movs	r2, #0
2000076c:	483f      	ldr	r0, [pc, #252]	@ (2000086c <dcd_rp2040_irq+0x4d4>)
2000076e:	f883 233c 	strb.w	r2, [r3, #828]	@ 0x33c
20000772:	4635      	mov	r5, r6
20000774:	f000 f9c0 	bl	20000af8 <hw_endpoint_start_next_buffer>
20000778:	4b3d      	ldr	r3, [pc, #244]	@ (20000870 <dcd_rp2040_irq+0x4d8>)
2000077a:	e65c      	b.n	20000436 <dcd_rp2040_irq+0x9e>
2000077c:	2200      	movs	r2, #0
2000077e:	483d      	ldr	r0, [pc, #244]	@ (20000874 <dcd_rp2040_irq+0x4dc>)
20000780:	f883 22bc 	strb.w	r2, [r3, #700]	@ 0x2bc
20000784:	4635      	mov	r5, r6
20000786:	f000 f9b7 	bl	20000af8 <hw_endpoint_start_next_buffer>
2000078a:	4b39      	ldr	r3, [pc, #228]	@ (20000870 <dcd_rp2040_irq+0x4d8>)
2000078c:	e649      	b.n	20000422 <dcd_rp2040_irq+0x8a>
2000078e:	2200      	movs	r2, #0
20000790:	4839      	ldr	r0, [pc, #228]	@ (20000878 <dcd_rp2040_irq+0x4e0>)
20000792:	f883 22fc 	strb.w	r2, [r3, #764]	@ 0x2fc
20000796:	4635      	mov	r5, r6
20000798:	f000 f9ae 	bl	20000af8 <hw_endpoint_start_next_buffer>
2000079c:	4b34      	ldr	r3, [pc, #208]	@ (20000870 <dcd_rp2040_irq+0x4d8>)
2000079e:	e645      	b.n	2000042c <dcd_rp2040_irq+0x94>
200007a0:	2200      	movs	r2, #0
200007a2:	4836      	ldr	r0, [pc, #216]	@ (2000087c <dcd_rp2040_irq+0x4e4>)
200007a4:	f883 20bc 	strb.w	r2, [r3, #188]	@ 0xbc
200007a8:	4635      	mov	r5, r6
200007aa:	f000 f9a5 	bl	20000af8 <hw_endpoint_start_next_buffer>
200007ae:	4b30      	ldr	r3, [pc, #192]	@ (20000870 <dcd_rp2040_irq+0x4d8>)
200007b0:	e60f      	b.n	200003d2 <dcd_rp2040_irq+0x3a>
200007b2:	2200      	movs	r2, #0
200007b4:	4832      	ldr	r0, [pc, #200]	@ (20000880 <dcd_rp2040_irq+0x4e8>)
200007b6:	f883 217c 	strb.w	r2, [r3, #380]	@ 0x17c
200007ba:	4635      	mov	r5, r6
200007bc:	f000 f99c 	bl	20000af8 <hw_endpoint_start_next_buffer>
200007c0:	4b2b      	ldr	r3, [pc, #172]	@ (20000870 <dcd_rp2040_irq+0x4d8>)
200007c2:	e615      	b.n	200003f0 <dcd_rp2040_irq+0x58>
200007c4:	2200      	movs	r2, #0
200007c6:	482f      	ldr	r0, [pc, #188]	@ (20000884 <dcd_rp2040_irq+0x4ec>)
200007c8:	f883 21bc 	strb.w	r2, [r3, #444]	@ 0x1bc
200007cc:	4635      	mov	r5, r6
200007ce:	f000 f993 	bl	20000af8 <hw_endpoint_start_next_buffer>
200007d2:	4b27      	ldr	r3, [pc, #156]	@ (20000870 <dcd_rp2040_irq+0x4d8>)
200007d4:	e611      	b.n	200003fa <dcd_rp2040_irq+0x62>
200007d6:	2200      	movs	r2, #0
200007d8:	482b      	ldr	r0, [pc, #172]	@ (20000888 <dcd_rp2040_irq+0x4f0>)
200007da:	f883 21fc 	strb.w	r2, [r3, #508]	@ 0x1fc
200007de:	4635      	mov	r5, r6
200007e0:	f000 f98a 	bl	20000af8 <hw_endpoint_start_next_buffer>
200007e4:	4b22      	ldr	r3, [pc, #136]	@ (20000870 <dcd_rp2040_irq+0x4d8>)
200007e6:	e60d      	b.n	20000404 <dcd_rp2040_irq+0x6c>
200007e8:	2200      	movs	r2, #0
200007ea:	4828      	ldr	r0, [pc, #160]	@ (2000088c <dcd_rp2040_irq+0x4f4>)
200007ec:	f883 223c 	strb.w	r2, [r3, #572]	@ 0x23c
200007f0:	4635      	mov	r5, r6
200007f2:	f000 f981 	bl	20000af8 <hw_endpoint_start_next_buffer>
200007f6:	4b1e      	ldr	r3, [pc, #120]	@ (20000870 <dcd_rp2040_irq+0x4d8>)
200007f8:	e609      	b.n	2000040e <dcd_rp2040_irq+0x76>
200007fa:	2200      	movs	r2, #0
200007fc:	4824      	ldr	r0, [pc, #144]	@ (20000890 <dcd_rp2040_irq+0x4f8>)
200007fe:	f883 227c 	strb.w	r2, [r3, #636]	@ 0x27c
20000802:	4635      	mov	r5, r6
20000804:	f000 f978 	bl	20000af8 <hw_endpoint_start_next_buffer>
20000808:	4b19      	ldr	r3, [pc, #100]	@ (20000870 <dcd_rp2040_irq+0x4d8>)
2000080a:	e605      	b.n	20000418 <dcd_rp2040_irq+0x80>
2000080c:	2200      	movs	r2, #0
2000080e:	4821      	ldr	r0, [pc, #132]	@ (20000894 <dcd_rp2040_irq+0x4fc>)
20000810:	f883 20fc 	strb.w	r2, [r3, #252]	@ 0xfc
20000814:	4635      	mov	r5, r6
20000816:	f000 f96f 	bl	20000af8 <hw_endpoint_start_next_buffer>
2000081a:	4b15      	ldr	r3, [pc, #84]	@ (20000870 <dcd_rp2040_irq+0x4d8>)
2000081c:	e5de      	b.n	200003dc <dcd_rp2040_irq+0x44>
2000081e:	2200      	movs	r2, #0
20000820:	481d      	ldr	r0, [pc, #116]	@ (20000898 <dcd_rp2040_irq+0x500>)
20000822:	f883 213c 	strb.w	r2, [r3, #316]	@ 0x13c
20000826:	4635      	mov	r5, r6
20000828:	f000 f966 	bl	20000af8 <hw_endpoint_start_next_buffer>
2000082c:	4b10      	ldr	r3, [pc, #64]	@ (20000870 <dcd_rp2040_irq+0x4d8>)
2000082e:	e5da      	b.n	200003e6 <dcd_rp2040_irq+0x4e>
20000830:	2200      	movs	r2, #0
20000832:	481a      	ldr	r0, [pc, #104]	@ (2000089c <dcd_rp2040_irq+0x504>)
20000834:	f883 207c 	strb.w	r2, [r3, #124]	@ 0x7c
20000838:	4635      	mov	r5, r6
2000083a:	f000 f95d 	bl	20000af8 <hw_endpoint_start_next_buffer>
2000083e:	4b0c      	ldr	r3, [pc, #48]	@ (20000870 <dcd_rp2040_irq+0x4d8>)
20000840:	e5c2      	b.n	200003c8 <dcd_rp2040_irq+0x30>
20000842:	2200      	movs	r2, #0
20000844:	4816      	ldr	r0, [pc, #88]	@ (200008a0 <dcd_rp2040_irq+0x508>)
20000846:	f883 237c 	strb.w	r2, [r3, #892]	@ 0x37c
2000084a:	f000 f955 	bl	20000af8 <hw_endpoint_start_next_buffer>
2000084e:	4b08      	ldr	r3, [pc, #32]	@ (20000870 <dcd_rp2040_irq+0x4d8>)
20000850:	e6b7      	b.n	200005c2 <dcd_rp2040_irq+0x22a>
20000852:	2200      	movs	r2, #0
20000854:	4813      	ldr	r0, [pc, #76]	@ (200008a4 <dcd_rp2040_irq+0x50c>)
20000856:	f883 23bc 	strb.w	r2, [r3, #956]	@ 0x3bc
2000085a:	f000 f94d 	bl	20000af8 <hw_endpoint_start_next_buffer>
2000085e:	4b04      	ldr	r3, [pc, #16]	@ (20000870 <dcd_rp2040_irq+0x4d8>)
20000860:	e778      	b.n	20000754 <dcd_rp2040_irq+0x3bc>
20000862:	4811      	ldr	r0, [pc, #68]	@ (200008a8 <dcd_rp2040_irq+0x510>)
20000864:	ea85 0104 	eor.w	r1, r5, r4
20000868:	f000 fda2 	bl	200013b0 <__panic_veneer>
2000086c:	20001d28 	.word	0x20001d28
20000870:	20001a08 	.word	0x20001a08
20000874:	20001ca8 	.word	0x20001ca8
20000878:	20001ce8 	.word	0x20001ce8
2000087c:	20001aa8 	.word	0x20001aa8
20000880:	20001b68 	.word	0x20001b68
20000884:	20001ba8 	.word	0x20001ba8
20000888:	20001be8 	.word	0x20001be8
2000088c:	20001c28 	.word	0x20001c28
20000890:	20001c68 	.word	0x20001c68
20000894:	20001ae8 	.word	0x20001ae8
20000898:	20001b28 	.word	0x20001b28
2000089c:	20001a68 	.word	0x20001a68
200008a0:	20001d68 	.word	0x20001d68
200008a4:	20001da8 	.word	0x20001da8
200008a8:	1000716c 	.word	0x1000716c

200008ac <prepare_ep_buffer>:
200008ac:	e92d 43f0 	stmdb	sp!, {r4, r5, r6, r7, r8, r9, lr}
200008b0:	8a82      	ldrh	r2, [r0, #20]
200008b2:	f8b0 e018 	ldrh.w	lr, [r0, #24]
200008b6:	4603      	mov	r3, r0
200008b8:	4596      	cmp	lr, r2
200008ba:	78c0      	ldrb	r0, [r0, #3]
200008bc:	bf28      	it	cs
200008be:	4696      	movcs	lr, r2
200008c0:	1e04      	subs	r4, r0, #0
200008c2:	bf18      	it	ne
200008c4:	2401      	movne	r4, #1
200008c6:	f080 0001 	eor.w	r0, r0, #1
200008ca:	460d      	mov	r5, r1
200008cc:	eba2 020e 	sub.w	r2, r2, lr
200008d0:	7859      	ldrb	r1, [r3, #1]
200008d2:	70d8      	strb	r0, [r3, #3]
200008d4:	b292      	uxth	r2, r2
200008d6:	f44e 6080 	orr.w	r0, lr, #1024	@ 0x400
200008da:	829a      	strh	r2, [r3, #20]
200008dc:	ea40 3044 	orr.w	r0, r0, r4, lsl #13
200008e0:	bba1      	cbnz	r1, 2000094c <prepare_ep_buffer+0xa0>
200008e2:	6919      	ldr	r1, [r3, #16]
200008e4:	f1be 0f00 	cmp.w	lr, #0
200008e8:	d02c      	beq.n	20000944 <prepare_ep_buffer+0x98>
200008ea:	f10e 34ff 	add.w	r4, lr, #4294967295	@ 0xffffffff
200008ee:	68da      	ldr	r2, [r3, #12]
200008f0:	2c05      	cmp	r4, #5
200008f2:	46a1      	mov	r9, r4
200008f4:	eb02 1885 	add.w	r8, r2, r5, lsl #6
200008f8:	d92f      	bls.n	2000095a <prepare_ep_buffer+0xae>
200008fa:	eba8 0401 	sub.w	r4, r8, r1
200008fe:	3c01      	subs	r4, #1
20000900:	2c02      	cmp	r4, #2
20000902:	46c4      	mov	ip, r8
20000904:	460a      	mov	r2, r1
20000906:	d928      	bls.n	2000095a <prepare_ep_buffer+0xae>
20000908:	ea4f 079e 	mov.w	r7, lr, lsr #2
2000090c:	eb01 0687 	add.w	r6, r1, r7, lsl #2
20000910:	f852 4b04 	ldr.w	r4, [r2], #4
20000914:	4296      	cmp	r6, r2
20000916:	f84c 4b04 	str.w	r4, [ip], #4
2000091a:	d1f9      	bne.n	20000910 <prepare_ep_buffer+0x64>
2000091c:	ebbe 0f87 	cmp.w	lr, r7, lsl #2
20000920:	d00e      	beq.n	20000940 <prepare_ep_buffer+0x94>
20000922:	f811 2027 	ldrb.w	r2, [r1, r7, lsl #2]
20000926:	ebb9 0187 	subs.w	r1, r9, r7, lsl #2
2000092a:	f808 2027 	strb.w	r2, [r8, r7, lsl #2]
2000092e:	eb08 0287 	add.w	r2, r8, r7, lsl #2
20000932:	d005      	beq.n	20000940 <prepare_ep_buffer+0x94>
20000934:	7874      	ldrb	r4, [r6, #1]
20000936:	2901      	cmp	r1, #1
20000938:	7054      	strb	r4, [r2, #1]
2000093a:	d001      	beq.n	20000940 <prepare_ep_buffer+0x94>
2000093c:	78b1      	ldrb	r1, [r6, #2]
2000093e:	7091      	strb	r1, [r2, #2]
20000940:	6919      	ldr	r1, [r3, #16]
20000942:	8a9a      	ldrh	r2, [r3, #20]
20000944:	4471      	add	r1, lr
20000946:	6119      	str	r1, [r3, #16]
20000948:	f440 4000 	orr.w	r0, r0, #32768	@ 0x8000
2000094c:	b90a      	cbnz	r2, 20000952 <prepare_ep_buffer+0xa6>
2000094e:	f440 4080 	orr.w	r0, r0, #16384	@ 0x4000
20000952:	b105      	cbz	r5, 20000956 <prepare_ep_buffer+0xaa>
20000954:	0400      	lsls	r0, r0, #16
20000956:	e8bd 83f0 	ldmia.w	sp!, {r4, r5, r6, r7, r8, r9, pc}
2000095a:	f108 32ff 	add.w	r2, r8, #4294967295	@ 0xffffffff
2000095e:	eb01 060e 	add.w	r6, r1, lr
20000962:	f811 4b01 	ldrb.w	r4, [r1], #1
20000966:	42b1      	cmp	r1, r6
20000968:	f802 4f01 	strb.w	r4, [r2, #1]!
2000096c:	d1f9      	bne.n	20000962 <prepare_ep_buffer+0xb6>
2000096e:	e7e7      	b.n	20000940 <prepare_ep_buffer+0x94>

20000970 <sync_ep_buffer>:
20000970:	6883      	ldr	r3, [r0, #8]
20000972:	e92d 41f0 	stmdb	sp!, {r4, r5, r6, r7, r8, lr}
20000976:	4605      	mov	r5, r0
20000978:	6818      	ldr	r0, [r3, #0]
2000097a:	b101      	cbz	r1, 2000097e <sync_ep_buffer+0xe>
2000097c:	0c00      	lsrs	r0, r0, #16
2000097e:	786a      	ldrb	r2, [r5, #1]
20000980:	f3c0 0009 	ubfx	r0, r0, #0, #10
20000984:	b94a      	cbnz	r2, 2000099a <sync_ep_buffer+0x2a>
20000986:	8aeb      	ldrh	r3, [r5, #22]
20000988:	4403      	add	r3, r0
2000098a:	82eb      	strh	r3, [r5, #22]
2000098c:	8b2b      	ldrh	r3, [r5, #24]
2000098e:	4283      	cmp	r3, r0
20000990:	bf84      	itt	hi
20000992:	2300      	movhi	r3, #0
20000994:	82ab      	strhhi	r3, [r5, #20]
20000996:	e8bd 81f0 	ldmia.w	sp!, {r4, r5, r6, r7, r8, pc}
2000099a:	f8d5 c010 	ldr.w	ip, [r5, #16]
2000099e:	b388      	cbz	r0, 20000a04 <sync_ep_buffer+0x94>
200009a0:	1e42      	subs	r2, r0, #1
200009a2:	68eb      	ldr	r3, [r5, #12]
200009a4:	2a05      	cmp	r2, #5
200009a6:	4616      	mov	r6, r2
200009a8:	eb03 1e81 	add.w	lr, r3, r1, lsl #6
200009ac:	d931      	bls.n	20000a12 <sync_ep_buffer+0xa2>
200009ae:	0189      	lsls	r1, r1, #6
200009b0:	1c4c      	adds	r4, r1, #1
200009b2:	441c      	add	r4, r3
200009b4:	ebac 0404 	sub.w	r4, ip, r4
200009b8:	2c02      	cmp	r4, #2
200009ba:	4662      	mov	r2, ip
200009bc:	d929      	bls.n	20000a12 <sync_ep_buffer+0xa2>
200009be:	f400 717f 	and.w	r1, r0, #1020	@ 0x3fc
200009c2:	4673      	mov	r3, lr
200009c4:	460f      	mov	r7, r1
200009c6:	ea4f 0890 	mov.w	r8, r0, lsr #2
200009ca:	185c      	adds	r4, r3, r1
200009cc:	f853 1b04 	ldr.w	r1, [r3], #4
200009d0:	42a3      	cmp	r3, r4
200009d2:	f842 1b04 	str.w	r1, [r2], #4
200009d6:	d1f9      	bne.n	200009cc <sync_ep_buffer+0x5c>
200009d8:	42b8      	cmp	r0, r7
200009da:	d011      	beq.n	20000a00 <sync_ep_buffer+0x90>
200009dc:	f81e 3028 	ldrb.w	r3, [lr, r8, lsl #2]
200009e0:	44be      	add	lr, r7
200009e2:	f80c 3028 	strb.w	r3, [ip, r8, lsl #2]
200009e6:	1bf3      	subs	r3, r6, r7
200009e8:	44bc      	add	ip, r7
200009ea:	d009      	beq.n	20000a00 <sync_ep_buffer+0x90>
200009ec:	f89e 2001 	ldrb.w	r2, [lr, #1]
200009f0:	2b01      	cmp	r3, #1
200009f2:	f88c 2001 	strb.w	r2, [ip, #1]
200009f6:	d003      	beq.n	20000a00 <sync_ep_buffer+0x90>
200009f8:	f89e 3002 	ldrb.w	r3, [lr, #2]
200009fc:	f88c 3002 	strb.w	r3, [ip, #2]
20000a00:	f8d5 c010 	ldr.w	ip, [r5, #16]
20000a04:	8aea      	ldrh	r2, [r5, #22]
20000a06:	eb0c 0300 	add.w	r3, ip, r0
20000a0a:	4402      	add	r2, r0
20000a0c:	82ea      	strh	r2, [r5, #22]
20000a0e:	612b      	str	r3, [r5, #16]
20000a10:	e7bc      	b.n	2000098c <sync_ep_buffer+0x1c>
20000a12:	f10c 3cff 	add.w	ip, ip, #4294967295	@ 0xffffffff
20000a16:	eb0e 0200 	add.w	r2, lr, r0
20000a1a:	f81e 3b01 	ldrb.w	r3, [lr], #1
20000a1e:	4572      	cmp	r2, lr
20000a20:	f80c 3f01 	strb.w	r3, [ip, #1]!
20000a24:	d1f9      	bne.n	20000a1a <sync_ep_buffer+0xaa>
20000a26:	e7eb      	b.n	20000a00 <sync_ep_buffer+0x90>

20000a28 <_hw_endpoint_xfer_sync>:
20000a28:	b510      	push	{r4, lr}
20000a2a:	4604      	mov	r4, r0
20000a2c:	6883      	ldr	r3, [r0, #8]
20000a2e:	2100      	movs	r1, #0
20000a30:	681b      	ldr	r3, [r3, #0]
20000a32:	f7ff ff9d 	bl	20000970 <sync_ep_buffer>
20000a36:	6863      	ldr	r3, [r4, #4]
20000a38:	681b      	ldr	r3, [r3, #0]
20000a3a:	005b      	lsls	r3, r3, #1
20000a3c:	d502      	bpl.n	20000a44 <_hw_endpoint_xfer_sync+0x1c>
20000a3e:	8b23      	ldrh	r3, [r4, #24]
20000a40:	4283      	cmp	r3, r0
20000a42:	d000      	beq.n	20000a46 <_hw_endpoint_xfer_sync+0x1e>
20000a44:	bd10      	pop	{r4, pc}
20000a46:	4620      	mov	r0, r4
20000a48:	e8bd 4010 	ldmia.w	sp!, {r4, lr}
20000a4c:	2101      	movs	r1, #1
20000a4e:	f7ff bf8f 	b.w	20000970 <sync_ep_buffer>
20000a52:	bf00      	nop

20000a54 <e15_is_bulkin_ep>:
20000a54:	4b08      	ldr	r3, [pc, #32]	@ (20000a78 <e15_is_bulkin_ep+0x24>)
20000a56:	6c1b      	ldr	r3, [r3, #64]	@ 0x40
20000a58:	f013 0302 	ands.w	r3, r3, #2
20000a5c:	d102      	bne.n	20000a64 <e15_is_bulkin_ep+0x10>
20000a5e:	7882      	ldrb	r2, [r0, #2]
20000a60:	09d2      	lsrs	r2, r2, #7
20000a62:	d101      	bne.n	20000a68 <e15_is_bulkin_ep+0x14>
20000a64:	2000      	movs	r0, #0
20000a66:	4770      	bx	lr
20000a68:	7ec0      	ldrb	r0, [r0, #27]
20000a6a:	f1a0 0002 	sub.w	r0, r0, #2
20000a6e:	fab0 f080 	clz	r0, r0
20000a72:	0940      	lsrs	r0, r0, #5
20000a74:	4770      	bx	lr
20000a76:	bf00      	nop
20000a78:	50110000 	.word	0x50110000

20000a7c <e15_is_critical_frame_period>:
20000a7c:	b508      	push	{r3, lr}
20000a7e:	f7ff ffe9 	bl	20000a54 <e15_is_bulkin_ep>
20000a82:	b150      	cbz	r0, 20000a9a <e15_is_critical_frame_period+0x1e>
20000a84:	4a05      	ldr	r2, [pc, #20]	@ (20000a9c <e15_is_critical_frame_period+0x20>)
20000a86:	4b06      	ldr	r3, [pc, #24]	@ (20000aa0 <e15_is_critical_frame_period+0x24>)
20000a88:	6a90      	ldr	r0, [r2, #40]	@ 0x28
20000a8a:	681b      	ldr	r3, [r3, #0]
20000a8c:	f5a0 7048 	sub.w	r0, r0, #800	@ 0x320
20000a90:	1ac0      	subs	r0, r0, r3
20000a92:	28c6      	cmp	r0, #198	@ 0xc6
20000a94:	bf8c      	ite	hi
20000a96:	2000      	movhi	r0, #0
20000a98:	2001      	movls	r0, #1
20000a9a:	bd08      	pop	{r3, pc}
20000a9c:	400b0000 	.word	0x400b0000
20000aa0:	20001a00 	.word	0x20001a00

20000aa4 <hw_endpoint_reset_transfer>:
20000aa4:	2300      	movs	r3, #0
20000aa6:	e9c0 3304 	strd	r3, r3, [r0, #16]
20000aaa:	7683      	strb	r3, [r0, #26]
20000aac:	4770      	bx	lr
20000aae:	bf00      	nop

20000ab0 <_hw_endpoint_buffer_control_update32>:
20000ab0:	b508      	push	{r3, lr}
20000ab2:	6883      	ldr	r3, [r0, #8]
20000ab4:	b119      	cbz	r1, 20000abe <_hw_endpoint_buffer_control_update32+0xe>
20000ab6:	f8d3 c000 	ldr.w	ip, [r3]
20000aba:	ea01 010c 	and.w	r1, r1, ip
20000abe:	b18a      	cbz	r2, 20000ae4 <_hw_endpoint_buffer_control_update32+0x34>
20000ac0:	4311      	orrs	r1, r2
20000ac2:	0552      	lsls	r2, r2, #21
20000ac4:	d50e      	bpl.n	20000ae4 <_hw_endpoint_buffer_control_update32+0x34>
20000ac6:	681a      	ldr	r2, [r3, #0]
20000ac8:	0552      	lsls	r2, r2, #21
20000aca:	d40d      	bmi.n	20000ae8 <_hw_endpoint_buffer_control_update32+0x38>
20000acc:	4a08      	ldr	r2, [pc, #32]	@ (20000af0 <_hw_endpoint_buffer_control_update32+0x40>)
20000ace:	f421 6c80 	bic.w	ip, r1, #1024	@ 0x400
20000ad2:	f8c3 c000 	str.w	ip, [r3]
20000ad6:	6c12      	ldr	r2, [r2, #64]	@ 0x40
20000ad8:	0792      	lsls	r2, r2, #30
20000ada:	d403      	bmi.n	20000ae4 <_hw_endpoint_buffer_control_update32+0x34>
20000adc:	230c      	movs	r3, #12
20000ade:	3b03      	subs	r3, #3
20000ae0:	d2fd      	bcs.n	20000ade <_hw_endpoint_buffer_control_update32+0x2e>
20000ae2:	6883      	ldr	r3, [r0, #8]
20000ae4:	6019      	str	r1, [r3, #0]
20000ae6:	bd08      	pop	{r3, pc}
20000ae8:	7881      	ldrb	r1, [r0, #2]
20000aea:	4802      	ldr	r0, [pc, #8]	@ (20000af4 <_hw_endpoint_buffer_control_update32+0x44>)
20000aec:	f000 fc60 	bl	200013b0 <__panic_veneer>
20000af0:	50110000 	.word	0x50110000
20000af4:	10007180 	.word	0x10007180

20000af8 <hw_endpoint_start_next_buffer>:
20000af8:	b530      	push	{r4, r5, lr}
20000afa:	6843      	ldr	r3, [r0, #4]
20000afc:	2100      	movs	r1, #0
20000afe:	b083      	sub	sp, #12
20000b00:	4605      	mov	r5, r0
20000b02:	681c      	ldr	r4, [r3, #0]
20000b04:	f7ff fed2 	bl	200008ac <prepare_ep_buffer>
20000b08:	4b13      	ldr	r3, [pc, #76]	@ (20000b58 <hw_endpoint_start_next_buffer+0x60>)
20000b0a:	f440 5280 	orr.w	r2, r0, #4096	@ 0x1000
20000b0e:	6c19      	ldr	r1, [r3, #64]	@ 0x40
20000b10:	78ab      	ldrb	r3, [r5, #2]
20000b12:	0789      	lsls	r1, r1, #30
20000b14:	d50e      	bpl.n	20000b34 <hw_endpoint_start_next_buffer+0x3c>
20000b16:	065b      	lsls	r3, r3, #25
20000b18:	d00e      	beq.n	20000b38 <hw_endpoint_start_next_buffer+0x40>
20000b1a:	f024 44a0 	bic.w	r4, r4, #1342177280	@ 0x50000000
20000b1e:	f044 5400 	orr.w	r4, r4, #536870912	@ 0x20000000
20000b22:	2100      	movs	r1, #0
20000b24:	4628      	mov	r0, r5
20000b26:	686b      	ldr	r3, [r5, #4]
20000b28:	601c      	str	r4, [r3, #0]
20000b2a:	b003      	add	sp, #12
20000b2c:	e8bd 4030 	ldmia.w	sp!, {r4, r5, lr}
20000b30:	f7ff bfbe 	b.w	20000ab0 <_hw_endpoint_buffer_control_update32>
20000b34:	09db      	lsrs	r3, r3, #7
20000b36:	d0f0      	beq.n	20000b1a <hw_endpoint_start_next_buffer+0x22>
20000b38:	8aab      	ldrh	r3, [r5, #20]
20000b3a:	2b00      	cmp	r3, #0
20000b3c:	d0ed      	beq.n	20000b1a <hw_endpoint_start_next_buffer+0x22>
20000b3e:	2101      	movs	r1, #1
20000b40:	4628      	mov	r0, r5
20000b42:	9201      	str	r2, [sp, #4]
20000b44:	f7ff feb2 	bl	200008ac <prepare_ep_buffer>
20000b48:	9a01      	ldr	r2, [sp, #4]
20000b4a:	f024 5400 	bic.w	r4, r4, #536870912	@ 0x20000000
20000b4e:	4302      	orrs	r2, r0
20000b50:	f044 44a0 	orr.w	r4, r4, #1342177280	@ 0x50000000
20000b54:	e7e5      	b.n	20000b22 <hw_endpoint_start_next_buffer+0x2a>
20000b56:	bf00      	nop
20000b58:	50110000 	.word	0x50110000

20000b5c <hw_endpoint_xfer_continue>:
20000b5c:	b538      	push	{r3, r4, r5, lr}
20000b5e:	7e85      	ldrb	r5, [r0, #26]
20000b60:	4604      	mov	r4, r0
20000b62:	b195      	cbz	r5, 20000b8a <hw_endpoint_xfer_continue+0x2e>
20000b64:	f7ff ff60 	bl	20000a28 <_hw_endpoint_xfer_sync>
20000b68:	8aa3      	ldrh	r3, [r4, #20]
20000b6a:	b90b      	cbnz	r3, 20000b70 <hw_endpoint_xfer_continue+0x14>
20000b6c:	4628      	mov	r0, r5
20000b6e:	bd38      	pop	{r3, r4, r5, pc}
20000b70:	4620      	mov	r0, r4
20000b72:	f7ff ff83 	bl	20000a7c <e15_is_critical_frame_period>
20000b76:	b120      	cbz	r0, 20000b82 <hw_endpoint_xfer_continue+0x26>
20000b78:	2301      	movs	r3, #1
20000b7a:	7723      	strb	r3, [r4, #28]
20000b7c:	2500      	movs	r5, #0
20000b7e:	4628      	mov	r0, r5
20000b80:	bd38      	pop	{r3, r4, r5, pc}
20000b82:	4620      	mov	r0, r4
20000b84:	f7ff ffb8 	bl	20000af8 <hw_endpoint_start_next_buffer>
20000b88:	e7f8      	b.n	20000b7c <hw_endpoint_xfer_continue+0x20>
20000b8a:	7881      	ldrb	r1, [r0, #2]
20000b8c:	4801      	ldr	r0, [pc, #4]	@ (20000b94 <hw_endpoint_xfer_continue+0x38>)
20000b8e:	f000 fc0f 	bl	200013b0 <__panic_veneer>
20000b92:	bf00      	nop
20000b94:	100071a0 	.word	0x100071a0

20000b98 <dcd_event_handler>:
20000b98:	b570      	push	{r4, r5, r6, lr}
20000b9a:	7843      	ldrb	r3, [r0, #1]
20000b9c:	4604      	mov	r4, r0
20000b9e:	3b02      	subs	r3, #2
20000ba0:	460e      	mov	r6, r1
20000ba2:	b086      	sub	sp, #24
20000ba4:	2b04      	cmp	r3, #4
20000ba6:	d813      	bhi.n	20000bd0 <dcd_event_handler+0x38>
20000ba8:	e8df f003 	tbb	[pc, r3]
20000bac:	70674903 	.word	0x70674903
20000bb0:	44          	.byte	0x44
20000bb1:	00          	.byte	0x00
20000bb2:	2100      	movs	r1, #0
20000bb4:	4b77      	ldr	r3, [pc, #476]	@ (20000d94 <dcd_event_handler+0x1fc>)
20000bb6:	781a      	ldrb	r2, [r3, #0]
20000bb8:	f022 0201 	bic.w	r2, r2, #1
20000bbc:	701a      	strb	r2, [r3, #0]
20000bbe:	781a      	ldrb	r2, [r3, #0]
20000bc0:	f022 0202 	bic.w	r2, r2, #2
20000bc4:	701a      	strb	r2, [r3, #0]
20000bc6:	7059      	strb	r1, [r3, #1]
20000bc8:	781a      	ldrb	r2, [r3, #0]
20000bca:	f361 0282 	bfi	r2, r1, #2, #1
20000bce:	701a      	strb	r2, [r3, #0]
20000bd0:	4b71      	ldr	r3, [pc, #452]	@ (20000d98 <dcd_event_handler+0x200>)
20000bd2:	681b      	ldr	r3, [r3, #0]
20000bd4:	695a      	ldr	r2, [r3, #20]
20000bd6:	f3ef 8010 	mrs	r0, PRIMASK
20000bda:	b672      	cpsid	i
20000bdc:	e8d2 cfcf 	ldaexb	ip, [r2]
20000be0:	2101      	movs	r1, #1
20000be2:	f1bc 0f00 	cmp.w	ip, #0
20000be6:	d1f9      	bne.n	20000bdc <dcd_event_handler+0x44>
20000be8:	e8c2 1f4c 	strexb	ip, r1, [r2]
20000bec:	f1bc 0f00 	cmp.w	ip, #0
20000bf0:	d1f4      	bne.n	20000bdc <dcd_event_handler+0x44>
20000bf2:	f3bf 8f5f 	dmb	sy
20000bf6:	4621      	mov	r1, r4
20000bf8:	6198      	str	r0, [r3, #24]
20000bfa:	4618      	mov	r0, r3
20000bfc:	9301      	str	r3, [sp, #4]
20000bfe:	f000 fbdb 	bl	200013b8 <__tu_fifo_write_veneer>
20000c02:	9b01      	ldr	r3, [sp, #4]
20000c04:	2200      	movs	r2, #0
20000c06:	6959      	ldr	r1, [r3, #20]
20000c08:	e8c1 2f8f 	stlb	r2, [r1]
20000c0c:	699b      	ldr	r3, [r3, #24]
20000c0e:	f383 8810 	msr	PRIMASK, r3
20000c12:	b940      	cbnz	r0, 20000c26 <dcd_event_handler+0x8e>
20000c14:	f04f 23e0 	mov.w	r3, #3758153728	@ 0xe000e000
20000c18:	f8d3 3df0 	ldr.w	r3, [r3, #3568]	@ 0xdf0
20000c1c:	07db      	lsls	r3, r3, #31
20000c1e:	d507      	bpl.n	20000c30 <dcd_event_handler+0x98>
20000c20:	be00      	bkpt	0x0000
20000c22:	b006      	add	sp, #24
20000c24:	bd70      	pop	{r4, r5, r6, pc}
20000c26:	4632      	mov	r2, r6
20000c28:	7861      	ldrb	r1, [r4, #1]
20000c2a:	7820      	ldrb	r0, [r4, #0]
20000c2c:	f000 fbb8 	bl	200013a0 <__tud_event_hook_cb_veneer>
20000c30:	b006      	add	sp, #24
20000c32:	bd70      	pop	{r4, r5, r6, pc}
20000c34:	4a59      	ldr	r2, [pc, #356]	@ (20000d9c <dcd_event_handler+0x204>)
20000c36:	7813      	ldrb	r3, [r2, #0]
20000c38:	3301      	adds	r3, #1
20000c3a:	7013      	strb	r3, [r2, #0]
20000c3c:	e7c8      	b.n	20000bd0 <dcd_event_handler+0x38>
20000c3e:	2200      	movs	r2, #0
20000c40:	4b57      	ldr	r3, [pc, #348]	@ (20000da0 <dcd_event_handler+0x208>)
20000c42:	7818      	ldrb	r0, [r3, #0]
20000c44:	4613      	mov	r3, r2
20000c46:	e011      	b.n	20000c6c <dcd_event_handler+0xd4>
20000c48:	4956      	ldr	r1, [pc, #344]	@ (20000da4 <dcd_event_handler+0x20c>)
20000c4a:	6809      	ldr	r1, [r1, #0]
20000c4c:	eb11 1343 	adds.w	r3, r1, r3, lsl #5
20000c50:	d008      	beq.n	20000c64 <dcd_event_handler+0xcc>
20000c52:	69db      	ldr	r3, [r3, #28]
20000c54:	b133      	cbz	r3, 20000c64 <dcd_event_handler+0xcc>
20000c56:	7820      	ldrb	r0, [r4, #0]
20000c58:	6861      	ldr	r1, [r4, #4]
20000c5a:	9201      	str	r2, [sp, #4]
20000c5c:	4798      	blx	r3
20000c5e:	4b50      	ldr	r3, [pc, #320]	@ (20000da0 <dcd_event_handler+0x208>)
20000c60:	9a01      	ldr	r2, [sp, #4]
20000c62:	7818      	ldrb	r0, [r3, #0]
20000c64:	3201      	adds	r2, #1
20000c66:	b2d3      	uxtb	r3, r2
20000c68:	4283      	cmp	r3, r0
20000c6a:	d818      	bhi.n	20000c9e <dcd_event_handler+0x106>
20000c6c:	4298      	cmp	r0, r3
20000c6e:	d8eb      	bhi.n	20000c48 <dcd_event_handler+0xb0>
20000c70:	494d      	ldr	r1, [pc, #308]	@ (20000da8 <dcd_event_handler+0x210>)
20000c72:	1a1b      	subs	r3, r3, r0
20000c74:	eb01 1343 	add.w	r3, r1, r3, lsl #5
20000c78:	e7eb      	b.n	20000c52 <dcd_event_handler+0xba>
20000c7a:	4b46      	ldr	r3, [pc, #280]	@ (20000d94 <dcd_event_handler+0x1fc>)
20000c7c:	781a      	ldrb	r2, [r3, #0]
20000c7e:	07d2      	lsls	r2, r2, #31
20000c80:	d5d6      	bpl.n	20000c30 <dcd_event_handler+0x98>
20000c82:	781a      	ldrb	r2, [r3, #0]
20000c84:	f042 0204 	orr.w	r2, r2, #4
20000c88:	701a      	strb	r2, [r3, #0]
20000c8a:	e7a1      	b.n	20000bd0 <dcd_event_handler+0x38>
20000c8c:	4b41      	ldr	r3, [pc, #260]	@ (20000d94 <dcd_event_handler+0x1fc>)
20000c8e:	781a      	ldrb	r2, [r3, #0]
20000c90:	07d5      	lsls	r5, r2, #31
20000c92:	d5cd      	bpl.n	20000c30 <dcd_event_handler+0x98>
20000c94:	781a      	ldrb	r2, [r3, #0]
20000c96:	f022 0204 	bic.w	r2, r2, #4
20000c9a:	701a      	strb	r2, [r3, #0]
20000c9c:	e798      	b.n	20000bd0 <dcd_event_handler+0x38>
20000c9e:	4b3d      	ldr	r3, [pc, #244]	@ (20000d94 <dcd_event_handler+0x1fc>)
20000ca0:	781a      	ldrb	r2, [r3, #0]
20000ca2:	0750      	lsls	r0, r2, #29
20000ca4:	d433      	bmi.n	20000d0e <dcd_event_handler+0x176>
20000ca6:	78db      	ldrb	r3, [r3, #3]
20000ca8:	07da      	lsls	r2, r3, #31
20000caa:	d5c1      	bpl.n	20000c30 <dcd_event_handler+0x98>
20000cac:	2203      	movs	r2, #3
20000cae:	4b3a      	ldr	r3, [pc, #232]	@ (20000d98 <dcd_event_handler+0x200>)
20000cb0:	7820      	ldrb	r0, [r4, #0]
20000cb2:	6861      	ldr	r1, [r4, #4]
20000cb4:	681b      	ldr	r3, [r3, #0]
20000cb6:	f88d 000c 	strb.w	r0, [sp, #12]
20000cba:	f88d 200d 	strb.w	r2, [sp, #13]
20000cbe:	695a      	ldr	r2, [r3, #20]
20000cc0:	9104      	str	r1, [sp, #16]
20000cc2:	f3ef 8110 	mrs	r1, PRIMASK
20000cc6:	b672      	cpsid	i
20000cc8:	e8d2 4fcf 	ldaexb	r4, [r2]
20000ccc:	2001      	movs	r0, #1
20000cce:	2c00      	cmp	r4, #0
20000cd0:	d1fa      	bne.n	20000cc8 <dcd_event_handler+0x130>
20000cd2:	e8c2 0f44 	strexb	r4, r0, [r2]
20000cd6:	2c00      	cmp	r4, #0
20000cd8:	d1f6      	bne.n	20000cc8 <dcd_event_handler+0x130>
20000cda:	f3bf 8f5f 	dmb	sy
20000cde:	6199      	str	r1, [r3, #24]
20000ce0:	4618      	mov	r0, r3
20000ce2:	a903      	add	r1, sp, #12
20000ce4:	9301      	str	r3, [sp, #4]
20000ce6:	f000 fb67 	bl	200013b8 <__tu_fifo_write_veneer>
20000cea:	9b01      	ldr	r3, [sp, #4]
20000cec:	2200      	movs	r2, #0
20000cee:	6959      	ldr	r1, [r3, #20]
20000cf0:	e8c1 2f8f 	stlb	r2, [r1]
20000cf4:	699b      	ldr	r3, [r3, #24]
20000cf6:	f383 8810 	msr	PRIMASK, r3
20000cfa:	2800      	cmp	r0, #0
20000cfc:	d08a      	beq.n	20000c14 <dcd_event_handler+0x7c>
20000cfe:	4632      	mov	r2, r6
20000d00:	f89d 100d 	ldrb.w	r1, [sp, #13]
20000d04:	f89d 000c 	ldrb.w	r0, [sp, #12]
20000d08:	f000 fb4a 	bl	200013a0 <__tud_event_hook_cb_veneer>
20000d0c:	e790      	b.n	20000c30 <dcd_event_handler+0x98>
20000d0e:	2500      	movs	r5, #0
20000d10:	2005      	movs	r0, #5
20000d12:	7819      	ldrb	r1, [r3, #0]
20000d14:	e9cd 5504 	strd	r5, r5, [sp, #16]
20000d18:	f021 0104 	bic.w	r1, r1, #4
20000d1c:	9503      	str	r5, [sp, #12]
20000d1e:	7019      	strb	r1, [r3, #0]
20000d20:	f88d 000d 	strb.w	r0, [sp, #13]
20000d24:	4a1c      	ldr	r2, [pc, #112]	@ (20000d98 <dcd_event_handler+0x200>)
20000d26:	7821      	ldrb	r1, [r4, #0]
20000d28:	6812      	ldr	r2, [r2, #0]
20000d2a:	f88d 100c 	strb.w	r1, [sp, #12]
20000d2e:	6951      	ldr	r1, [r2, #20]
20000d30:	f3ef 8010 	mrs	r0, PRIMASK
20000d34:	b672      	cpsid	i
20000d36:	e8d1 efcf 	ldaexb	lr, [r1]
20000d3a:	f05f 0c01 	movs.w	ip, #1
20000d3e:	f1be 0f00 	cmp.w	lr, #0
20000d42:	d1f8      	bne.n	20000d36 <dcd_event_handler+0x19e>
20000d44:	e8c1 cf4e 	strexb	lr, ip, [r1]
20000d48:	f1be 0f00 	cmp.w	lr, #0
20000d4c:	d1f3      	bne.n	20000d36 <dcd_event_handler+0x19e>
20000d4e:	f3bf 8f5f 	dmb	sy
20000d52:	6190      	str	r0, [r2, #24]
20000d54:	a903      	add	r1, sp, #12
20000d56:	4610      	mov	r0, r2
20000d58:	9201      	str	r2, [sp, #4]
20000d5a:	f000 fb2d 	bl	200013b8 <__tu_fifo_write_veneer>
20000d5e:	9a01      	ldr	r2, [sp, #4]
20000d60:	6951      	ldr	r1, [r2, #20]
20000d62:	e8c1 5f8f 	stlb	r5, [r1]
20000d66:	6992      	ldr	r2, [r2, #24]
20000d68:	f382 8810 	msr	PRIMASK, r2
20000d6c:	4b09      	ldr	r3, [pc, #36]	@ (20000d94 <dcd_event_handler+0x1fc>)
20000d6e:	b938      	cbnz	r0, 20000d80 <dcd_event_handler+0x1e8>
20000d70:	f04f 22e0 	mov.w	r2, #3758153728	@ 0xe000e000
20000d74:	f8d2 2df0 	ldr.w	r2, [r2, #3568]	@ 0xdf0
20000d78:	07d1      	lsls	r1, r2, #31
20000d7a:	d594      	bpl.n	20000ca6 <dcd_event_handler+0x10e>
20000d7c:	be00      	bkpt	0x0000
20000d7e:	e792      	b.n	20000ca6 <dcd_event_handler+0x10e>
20000d80:	4632      	mov	r2, r6
20000d82:	f89d 100d 	ldrb.w	r1, [sp, #13]
20000d86:	f89d 000c 	ldrb.w	r0, [sp, #12]
20000d8a:	f000 fb09 	bl	200013a0 <__tud_event_hook_cb_veneer>
20000d8e:	4b01      	ldr	r3, [pc, #4]	@ (20000d94 <dcd_event_handler+0x1fc>)
20000d90:	e789      	b.n	20000ca6 <dcd_event_handler+0x10e>
20000d92:	bf00      	nop
20000d94:	20001880 	.word	0x20001880
20000d98:	200018d8 	.word	0x200018d8
20000d9c:	20003e6b 	.word	0x20003e6b
20000da0:	20003e69 	.word	0x20003e69
20000da4:	20001778 	.word	0x20001778
20000da8:	10007404 	.word	0x10007404

20000dac <spi_write_blocking>:
20000dac:	4684      	mov	ip, r0
20000dae:	b36a      	cbz	r2, 20000e0c <spi_write_blocking+0x60>
20000db0:	3901      	subs	r1, #1
20000db2:	b500      	push	{lr}
20000db4:	eb02 0e01 	add.w	lr, r2, r1
20000db8:	f8dc 300c 	ldr.w	r3, [ip, #12]
20000dbc:	079b      	lsls	r3, r3, #30
20000dbe:	d5fb      	bpl.n	20000db8 <spi_write_blocking+0xc>
20000dc0:	f811 3f01 	ldrb.w	r3, [r1, #1]!
20000dc4:	4571      	cmp	r1, lr
20000dc6:	f8cc 3008 	str.w	r3, [ip, #8]
20000dca:	d1f5      	bne.n	20000db8 <spi_write_blocking+0xc>
20000dcc:	f8dc 300c 	ldr.w	r3, [ip, #12]
20000dd0:	0758      	lsls	r0, r3, #29
20000dd2:	d505      	bpl.n	20000de0 <spi_write_blocking+0x34>
20000dd4:	f8dc 3008 	ldr.w	r3, [ip, #8]
20000dd8:	f8dc 300c 	ldr.w	r3, [ip, #12]
20000ddc:	0758      	lsls	r0, r3, #29
20000dde:	d4f9      	bmi.n	20000dd4 <spi_write_blocking+0x28>
20000de0:	f8dc 300c 	ldr.w	r3, [ip, #12]
20000de4:	06d9      	lsls	r1, r3, #27
20000de6:	d506      	bpl.n	20000df6 <spi_write_blocking+0x4a>
20000de8:	f8dc 300c 	ldr.w	r3, [ip, #12]
20000dec:	06d9      	lsls	r1, r3, #27
20000dee:	d4f7      	bmi.n	20000de0 <spi_write_blocking+0x34>
20000df0:	e001      	b.n	20000df6 <spi_write_blocking+0x4a>
20000df2:	f8dc 3008 	ldr.w	r3, [ip, #8]
20000df6:	f8dc 300c 	ldr.w	r3, [ip, #12]
20000dfa:	075b      	lsls	r3, r3, #29
20000dfc:	d4f9      	bmi.n	20000df2 <spi_write_blocking+0x46>
20000dfe:	2301      	movs	r3, #1
20000e00:	4610      	mov	r0, r2
20000e02:	f8cc 3020 	str.w	r3, [ip, #32]
20000e06:	bd00      	pop	{pc}
20000e08:	f8dc 3008 	ldr.w	r3, [ip, #8]
20000e0c:	f8dc 300c 	ldr.w	r3, [ip, #12]
20000e10:	0758      	lsls	r0, r3, #29
20000e12:	d4f9      	bmi.n	20000e08 <spi_write_blocking+0x5c>
20000e14:	f8dc 300c 	ldr.w	r3, [ip, #12]
20000e18:	06d9      	lsls	r1, r3, #27
20000e1a:	d506      	bpl.n	20000e2a <spi_write_blocking+0x7e>
20000e1c:	f8dc 300c 	ldr.w	r3, [ip, #12]
20000e20:	06d9      	lsls	r1, r3, #27
20000e22:	d4f7      	bmi.n	20000e14 <spi_write_blocking+0x68>
20000e24:	e001      	b.n	20000e2a <spi_write_blocking+0x7e>
20000e26:	f8dc 3008 	ldr.w	r3, [ip, #8]
20000e2a:	f8dc 300c 	ldr.w	r3, [ip, #12]
20000e2e:	075b      	lsls	r3, r3, #29
20000e30:	d4f9      	bmi.n	20000e26 <spi_write_blocking+0x7a>
20000e32:	2301      	movs	r3, #1
20000e34:	4610      	mov	r0, r2
20000e36:	f8cc 3020 	str.w	r3, [ip, #32]
20000e3a:	4770      	bx	lr

20000e3c <spi_read_blocking>:
20000e3c:	b530      	push	{r4, r5, lr}
20000e3e:	460d      	mov	r5, r1
20000e40:	4619      	mov	r1, r3
20000e42:	469e      	mov	lr, r3
20000e44:	b1e1      	cbz	r1, 20000e80 <spi_read_blocking+0x44>
20000e46:	b1a3      	cbz	r3, 20000e72 <spi_read_blocking+0x36>
20000e48:	f8d0 c00c 	ldr.w	ip, [r0, #12]
20000e4c:	f103 0408 	add.w	r4, r3, #8
20000e50:	f01c 0f02 	tst.w	ip, #2
20000e54:	d003      	beq.n	20000e5e <spi_read_blocking+0x22>
20000e56:	42a1      	cmp	r1, r4
20000e58:	d226      	bcs.n	20000ea8 <spi_read_blocking+0x6c>
20000e5a:	6085      	str	r5, [r0, #8]
20000e5c:	3b01      	subs	r3, #1
20000e5e:	68c4      	ldr	r4, [r0, #12]
20000e60:	0764      	lsls	r4, r4, #29
20000e62:	d5f0      	bpl.n	20000e46 <spi_read_blocking+0xa>
20000e64:	6884      	ldr	r4, [r0, #8]
20000e66:	3901      	subs	r1, #1
20000e68:	f802 4b01 	strb.w	r4, [r2], #1
20000e6c:	2900      	cmp	r1, #0
20000e6e:	d1ea      	bne.n	20000e46 <spi_read_blocking+0xa>
20000e70:	e006      	b.n	20000e80 <spi_read_blocking+0x44>
20000e72:	68c4      	ldr	r4, [r0, #12]
20000e74:	0764      	lsls	r4, r4, #29
20000e76:	d4f5      	bmi.n	20000e64 <spi_read_blocking+0x28>
20000e78:	68c4      	ldr	r4, [r0, #12]
20000e7a:	0764      	lsls	r4, r4, #29
20000e7c:	d4f2      	bmi.n	20000e64 <spi_read_blocking+0x28>
20000e7e:	e7f8      	b.n	20000e72 <spi_read_blocking+0x36>
20000e80:	b14b      	cbz	r3, 20000e96 <spi_read_blocking+0x5a>
20000e82:	68c2      	ldr	r2, [r0, #12]
20000e84:	0791      	lsls	r1, r2, #30
20000e86:	d5fc      	bpl.n	20000e82 <spi_read_blocking+0x46>
20000e88:	f113 0f08 	cmn.w	r3, #8
20000e8c:	d005      	beq.n	20000e9a <spi_read_blocking+0x5e>
20000e8e:	3b01      	subs	r3, #1
20000e90:	6085      	str	r5, [r0, #8]
20000e92:	2b00      	cmp	r3, #0
20000e94:	d1f5      	bne.n	20000e82 <spi_read_blocking+0x46>
20000e96:	4670      	mov	r0, lr
20000e98:	bd30      	pop	{r4, r5, pc}
20000e9a:	68c2      	ldr	r2, [r0, #12]
20000e9c:	0792      	lsls	r2, r2, #30
20000e9e:	d5f0      	bpl.n	20000e82 <spi_read_blocking+0x46>
20000ea0:	68c2      	ldr	r2, [r0, #12]
20000ea2:	0792      	lsls	r2, r2, #30
20000ea4:	d4f9      	bmi.n	20000e9a <spi_read_blocking+0x5e>
20000ea6:	e7ec      	b.n	20000e82 <spi_read_blocking+0x46>
20000ea8:	68c4      	ldr	r4, [r0, #12]
20000eaa:	0764      	lsls	r4, r4, #29
20000eac:	d4da      	bmi.n	20000e64 <spi_read_blocking+0x28>
20000eae:	e7cb      	b.n	20000e48 <spi_read_blocking+0xc>

20000eb0 <__aeabi_uldivmod>:
20000eb0:	b953      	cbnz	r3, 20000ec8 <__aeabi_uldivmod+0x18>
20000eb2:	b94a      	cbnz	r2, 20000ec8 <__aeabi_uldivmod+0x18>
20000eb4:	2900      	cmp	r1, #0
20000eb6:	bf08      	it	eq
20000eb8:	2800      	cmpeq	r0, #0
20000eba:	bf1c      	itt	ne
20000ebc:	f04f 31ff 	movne.w	r1, #4294967295	@ 0xffffffff
20000ec0:	f04f 30ff 	movne.w	r0, #4294967295	@ 0xffffffff
20000ec4:	f000 b9ac 	b.w	20001220 <__aeabi_idiv0>
20000ec8:	f1ad 0c08 	sub.w	ip, sp, #8
20000ecc:	e96d ce04 	strd	ip, lr, [sp, #-16]!
20000ed0:	f000 f806 	bl	20000ee0 <__udivmoddi4>
20000ed4:	f8dd e004 	ldr.w	lr, [sp, #4]
20000ed8:	e9dd 2302 	ldrd	r2, r3, [sp, #8]
20000edc:	b004      	add	sp, #16
20000ede:	4770      	bx	lr

20000ee0 <__udivmoddi4>:
20000ee0:	e92d 47f0 	stmdb	sp!, {r4, r5, r6, r7, r8, r9, sl, lr}
20000ee4:	4606      	mov	r6, r0
20000ee6:	b082      	sub	sp, #8
20000ee8:	4617      	mov	r7, r2
20000eea:	4608      	mov	r0, r1
20000eec:	9a0a      	ldr	r2, [sp, #40]	@ 0x28
20000eee:	46b4      	mov	ip, r6
20000ef0:	460d      	mov	r5, r1
20000ef2:	2b00      	cmp	r3, #0
20000ef4:	d14d      	bne.n	20000f92 <__udivmoddi4+0xb2>
20000ef6:	428f      	cmp	r7, r1
20000ef8:	46be      	mov	lr, r7
20000efa:	d965      	bls.n	20000fc8 <__udivmoddi4+0xe8>
20000efc:	fab7 f187 	clz	r1, r7
20000f00:	b149      	cbz	r1, 20000f16 <__udivmoddi4+0x36>
20000f02:	f1c1 0320 	rsb	r3, r1, #32
20000f06:	408d      	lsls	r5, r1
20000f08:	fa07 fe01 	lsl.w	lr, r7, r1
20000f0c:	fa06 fc01 	lsl.w	ip, r6, r1
20000f10:	fa26 f303 	lsr.w	r3, r6, r3
20000f14:	431d      	orrs	r5, r3
20000f16:	ea4f 461e 	mov.w	r6, lr, lsr #16
20000f1a:	fa1f f08e 	uxth.w	r0, lr
20000f1e:	ea4f 431c 	mov.w	r3, ip, lsr #16
20000f22:	fbb5 f4f6 	udiv	r4, r5, r6
20000f26:	fb06 5514 	mls	r5, r6, r4, r5
20000f2a:	ea43 4305 	orr.w	r3, r3, r5, lsl #16
20000f2e:	fb04 f500 	mul.w	r5, r4, r0
20000f32:	429d      	cmp	r5, r3
20000f34:	d906      	bls.n	20000f44 <__udivmoddi4+0x64>
20000f36:	eb1e 0303 	adds.w	r3, lr, r3
20000f3a:	d202      	bcs.n	20000f42 <__udivmoddi4+0x62>
20000f3c:	429d      	cmp	r5, r3
20000f3e:	f200 814c 	bhi.w	200011da <__udivmoddi4+0x2fa>
20000f42:	3c01      	subs	r4, #1
20000f44:	1b5b      	subs	r3, r3, r5
20000f46:	fa1f fc8c 	uxth.w	ip, ip
20000f4a:	fbb3 f5f6 	udiv	r5, r3, r6
20000f4e:	fb06 3315 	mls	r3, r6, r5, r3
20000f52:	fb05 f000 	mul.w	r0, r5, r0
20000f56:	ea4c 4c03 	orr.w	ip, ip, r3, lsl #16
20000f5a:	4560      	cmp	r0, ip
20000f5c:	d90a      	bls.n	20000f74 <__udivmoddi4+0x94>
20000f5e:	eb1e 0c0c 	adds.w	ip, lr, ip
20000f62:	bf2c      	ite	cs
20000f64:	2301      	movcs	r3, #1
20000f66:	2300      	movcc	r3, #0
20000f68:	4560      	cmp	r0, ip
20000f6a:	d902      	bls.n	20000f72 <__udivmoddi4+0x92>
20000f6c:	2b00      	cmp	r3, #0
20000f6e:	f000 8137 	beq.w	200011e0 <__udivmoddi4+0x300>
20000f72:	3d01      	subs	r5, #1
20000f74:	ebac 0c00 	sub.w	ip, ip, r0
20000f78:	ea45 4004 	orr.w	r0, r5, r4, lsl #16
20000f7c:	2400      	movs	r4, #0
20000f7e:	b122      	cbz	r2, 20000f8a <__udivmoddi4+0xaa>
20000f80:	fa2c f301 	lsr.w	r3, ip, r1
20000f84:	2100      	movs	r1, #0
20000f86:	e9c2 3100 	strd	r3, r1, [r2]
20000f8a:	4621      	mov	r1, r4
20000f8c:	b002      	add	sp, #8
20000f8e:	e8bd 87f0 	ldmia.w	sp!, {r4, r5, r6, r7, r8, r9, sl, pc}
20000f92:	428b      	cmp	r3, r1
20000f94:	d908      	bls.n	20000fa8 <__udivmoddi4+0xc8>
20000f96:	b10a      	cbz	r2, 20000f9c <__udivmoddi4+0xbc>
20000f98:	e9c2 6100 	strd	r6, r1, [r2]
20000f9c:	2400      	movs	r4, #0
20000f9e:	4620      	mov	r0, r4
20000fa0:	4621      	mov	r1, r4
20000fa2:	b002      	add	sp, #8
20000fa4:	e8bd 87f0 	ldmia.w	sp!, {r4, r5, r6, r7, r8, r9, sl, pc}
20000fa8:	fab3 f483 	clz	r4, r3
20000fac:	2c00      	cmp	r4, #0
20000fae:	d14d      	bne.n	2000104c <__udivmoddi4+0x16c>
20000fb0:	428b      	cmp	r3, r1
20000fb2:	f0c0 8105 	bcc.w	200011c0 <__udivmoddi4+0x2e0>
20000fb6:	42b7      	cmp	r7, r6
20000fb8:	f240 8102 	bls.w	200011c0 <__udivmoddi4+0x2e0>
20000fbc:	4620      	mov	r0, r4
20000fbe:	2a00      	cmp	r2, #0
20000fc0:	d0e3      	beq.n	20000f8a <__udivmoddi4+0xaa>
20000fc2:	e9c2 c500 	strd	ip, r5, [r2]
20000fc6:	e7e0      	b.n	20000f8a <__udivmoddi4+0xaa>
20000fc8:	2f00      	cmp	r7, #0
20000fca:	f000 80a2 	beq.w	20001112 <__udivmoddi4+0x232>
20000fce:	4619      	mov	r1, r3
20000fd0:	fab7 f387 	clz	r3, r7
20000fd4:	2b00      	cmp	r3, #0
20000fd6:	f040 80b4 	bne.w	20001142 <__udivmoddi4+0x262>
20000fda:	1bc3      	subs	r3, r0, r7
20000fdc:	fa1f f88e 	uxth.w	r8, lr
20000fe0:	0c3f      	lsrs	r7, r7, #16
20000fe2:	2401      	movs	r4, #1
20000fe4:	ea4f 401c 	mov.w	r0, ip, lsr #16
20000fe8:	fbb3 f5f7 	udiv	r5, r3, r7
20000fec:	fb07 3315 	mls	r3, r7, r5, r3
20000ff0:	ea40 4303 	orr.w	r3, r0, r3, lsl #16
20000ff4:	fb08 f005 	mul.w	r0, r8, r5
20000ff8:	4298      	cmp	r0, r3
20000ffa:	d90a      	bls.n	20001012 <__udivmoddi4+0x132>
20000ffc:	eb1e 0303 	adds.w	r3, lr, r3
20001000:	bf2c      	ite	cs
20001002:	2601      	movcs	r6, #1
20001004:	2600      	movcc	r6, #0
20001006:	4298      	cmp	r0, r3
20001008:	d902      	bls.n	20001010 <__udivmoddi4+0x130>
2000100a:	2e00      	cmp	r6, #0
2000100c:	f000 80e2 	beq.w	200011d4 <__udivmoddi4+0x2f4>
20001010:	3d01      	subs	r5, #1
20001012:	1a1b      	subs	r3, r3, r0
20001014:	fa1f fc8c 	uxth.w	ip, ip
20001018:	fbb3 f0f7 	udiv	r0, r3, r7
2000101c:	fb07 3310 	mls	r3, r7, r0, r3
20001020:	ea4c 4c03 	orr.w	ip, ip, r3, lsl #16
20001024:	fb08 f300 	mul.w	r3, r8, r0
20001028:	4563      	cmp	r3, ip
2000102a:	d90a      	bls.n	20001042 <__udivmoddi4+0x162>
2000102c:	eb1e 0c0c 	adds.w	ip, lr, ip
20001030:	bf2c      	ite	cs
20001032:	2601      	movcs	r6, #1
20001034:	2600      	movcc	r6, #0
20001036:	4563      	cmp	r3, ip
20001038:	d902      	bls.n	20001040 <__udivmoddi4+0x160>
2000103a:	2e00      	cmp	r6, #0
2000103c:	f000 80c7 	beq.w	200011ce <__udivmoddi4+0x2ee>
20001040:	3801      	subs	r0, #1
20001042:	ebac 0c03 	sub.w	ip, ip, r3
20001046:	ea40 4005 	orr.w	r0, r0, r5, lsl #16
2000104a:	e798      	b.n	20000f7e <__udivmoddi4+0x9e>
2000104c:	f1c4 0820 	rsb	r8, r4, #32
20001050:	40a3      	lsls	r3, r4
20001052:	fa06 fa04 	lsl.w	sl, r6, r4
20001056:	40a1      	lsls	r1, r4
20001058:	fa27 fc08 	lsr.w	ip, r7, r8
2000105c:	fa20 f008 	lsr.w	r0, r0, r8
20001060:	fa07 f904 	lsl.w	r9, r7, r4
20001064:	ea4c 0c03 	orr.w	ip, ip, r3
20001068:	fa26 f308 	lsr.w	r3, r6, r8
2000106c:	ea4f 461c 	mov.w	r6, ip, lsr #16
20001070:	430b      	orrs	r3, r1
20001072:	fa1f fe8c 	uxth.w	lr, ip
20001076:	0c19      	lsrs	r1, r3, #16
20001078:	fbb0 f7f6 	udiv	r7, r0, r6
2000107c:	fb06 0017 	mls	r0, r6, r7, r0
20001080:	ea41 4100 	orr.w	r1, r1, r0, lsl #16
20001084:	fb07 f00e 	mul.w	r0, r7, lr
20001088:	4288      	cmp	r0, r1
2000108a:	d90a      	bls.n	200010a2 <__udivmoddi4+0x1c2>
2000108c:	eb1c 0101 	adds.w	r1, ip, r1
20001090:	bf2c      	ite	cs
20001092:	2501      	movcs	r5, #1
20001094:	2500      	movcc	r5, #0
20001096:	4288      	cmp	r0, r1
20001098:	d902      	bls.n	200010a0 <__udivmoddi4+0x1c0>
2000109a:	2d00      	cmp	r5, #0
2000109c:	f000 80b2 	beq.w	20001204 <__udivmoddi4+0x324>
200010a0:	3f01      	subs	r7, #1
200010a2:	1a09      	subs	r1, r1, r0
200010a4:	b29b      	uxth	r3, r3
200010a6:	fbb1 f0f6 	udiv	r0, r1, r6
200010aa:	fb06 1110 	mls	r1, r6, r0, r1
200010ae:	fb00 fe0e 	mul.w	lr, r0, lr
200010b2:	ea43 4301 	orr.w	r3, r3, r1, lsl #16
200010b6:	459e      	cmp	lr, r3
200010b8:	d90a      	bls.n	200010d0 <__udivmoddi4+0x1f0>
200010ba:	eb1c 0303 	adds.w	r3, ip, r3
200010be:	bf2c      	ite	cs
200010c0:	2101      	movcs	r1, #1
200010c2:	2100      	movcc	r1, #0
200010c4:	459e      	cmp	lr, r3
200010c6:	d902      	bls.n	200010ce <__udivmoddi4+0x1ee>
200010c8:	2900      	cmp	r1, #0
200010ca:	f000 809e 	beq.w	2000120a <__udivmoddi4+0x32a>
200010ce:	3801      	subs	r0, #1
200010d0:	ea40 4007 	orr.w	r0, r0, r7, lsl #16
200010d4:	eba3 030e 	sub.w	r3, r3, lr
200010d8:	fba0 e109 	umull	lr, r1, r0, r9
200010dc:	428b      	cmp	r3, r1
200010de:	4676      	mov	r6, lr
200010e0:	460f      	mov	r7, r1
200010e2:	d302      	bcc.n	200010ea <__udivmoddi4+0x20a>
200010e4:	d107      	bne.n	200010f6 <__udivmoddi4+0x216>
200010e6:	45f2      	cmp	sl, lr
200010e8:	d205      	bcs.n	200010f6 <__udivmoddi4+0x216>
200010ea:	ebbe 0609 	subs.w	r6, lr, r9
200010ee:	eb61 010c 	sbc.w	r1, r1, ip
200010f2:	3801      	subs	r0, #1
200010f4:	460f      	mov	r7, r1
200010f6:	b152      	cbz	r2, 2000110e <__udivmoddi4+0x22e>
200010f8:	ebba 0106 	subs.w	r1, sl, r6
200010fc:	eb63 0307 	sbc.w	r3, r3, r7
20001100:	fa03 f508 	lsl.w	r5, r3, r8
20001104:	40e1      	lsrs	r1, r4
20001106:	40e3      	lsrs	r3, r4
20001108:	430d      	orrs	r5, r1
2000110a:	e9c2 5300 	strd	r5, r3, [r2]
2000110e:	2400      	movs	r4, #0
20001110:	e73b      	b.n	20000f8a <__udivmoddi4+0xaa>
20001112:	0873      	lsrs	r3, r6, #1
20001114:	46b8      	mov	r8, r7
20001116:	0849      	lsrs	r1, r1, #1
20001118:	9701      	str	r7, [sp, #4]
2000111a:	ea43 73c0 	orr.w	r3, r3, r0, lsl #31
2000111e:	ea4f 7cc6 	mov.w	ip, r6, lsl #31
20001122:	0c1c      	lsrs	r4, r3, #16
20001124:	b29b      	uxth	r3, r3
20001126:	ea44 4401 	orr.w	r4, r4, r1, lsl #16
2000112a:	ea43 4304 	orr.w	r3, r3, r4, lsl #16
2000112e:	fbb4 f4f7 	udiv	r4, r4, r7
20001132:	fbb1 f5f7 	udiv	r5, r1, r7
20001136:	211f      	movs	r1, #31
20001138:	9801      	ldr	r0, [sp, #4]
2000113a:	ea44 4405 	orr.w	r4, r4, r5, lsl #16
2000113e:	1a1b      	subs	r3, r3, r0
20001140:	e750      	b.n	20000fe4 <__udivmoddi4+0x104>
20001142:	4619      	mov	r1, r3
20001144:	fa07 fe03 	lsl.w	lr, r7, r3
20001148:	f1c3 0320 	rsb	r3, r3, #32
2000114c:	fa00 f401 	lsl.w	r4, r0, r1
20001150:	ea4f 471e 	mov.w	r7, lr, lsr #16
20001154:	40d8      	lsrs	r0, r3
20001156:	fa26 f303 	lsr.w	r3, r6, r3
2000115a:	fa1f f88e 	uxth.w	r8, lr
2000115e:	fa06 fc01 	lsl.w	ip, r6, r1
20001162:	4323      	orrs	r3, r4
20001164:	fbb0 f5f7 	udiv	r5, r0, r7
20001168:	0c1c      	lsrs	r4, r3, #16
2000116a:	fb07 0015 	mls	r0, r7, r5, r0
2000116e:	ea44 4000 	orr.w	r0, r4, r0, lsl #16
20001172:	fb05 f408 	mul.w	r4, r5, r8
20001176:	4284      	cmp	r4, r0
20001178:	d94a      	bls.n	20001210 <__udivmoddi4+0x330>
2000117a:	eb1e 0000 	adds.w	r0, lr, r0
2000117e:	bf2c      	ite	cs
20001180:	2601      	movcs	r6, #1
20001182:	2600      	movcc	r6, #0
20001184:	4284      	cmp	r4, r0
20001186:	d900      	bls.n	2000118a <__udivmoddi4+0x2aa>
20001188:	b38e      	cbz	r6, 200011ee <__udivmoddi4+0x30e>
2000118a:	1b00      	subs	r0, r0, r4
2000118c:	3d01      	subs	r5, #1
2000118e:	fbb0 f4f7 	udiv	r4, r0, r7
20001192:	fb04 f608 	mul.w	r6, r4, r8
20001196:	46a1      	mov	r9, r4
20001198:	9601      	str	r6, [sp, #4]
2000119a:	fb07 0019 	mls	r0, r7, r9, r0
2000119e:	b29b      	uxth	r3, r3
200011a0:	9e01      	ldr	r6, [sp, #4]
200011a2:	ea43 4300 	orr.w	r3, r3, r0, lsl #16
200011a6:	42b3      	cmp	r3, r6
200011a8:	d2c6      	bcs.n	20001138 <__udivmoddi4+0x258>
200011aa:	eb1e 0303 	adds.w	r3, lr, r3
200011ae:	bf2c      	ite	cs
200011b0:	2001      	movcs	r0, #1
200011b2:	2000      	movcc	r0, #0
200011b4:	42b3      	cmp	r3, r6
200011b6:	d200      	bcs.n	200011ba <__udivmoddi4+0x2da>
200011b8:	b1a8      	cbz	r0, 200011e6 <__udivmoddi4+0x306>
200011ba:	f109 34ff 	add.w	r4, r9, #4294967295	@ 0xffffffff
200011be:	e7bb      	b.n	20001138 <__udivmoddi4+0x258>
200011c0:	ebb6 0c07 	subs.w	ip, r6, r7
200011c4:	eb60 0303 	sbc.w	r3, r0, r3
200011c8:	2001      	movs	r0, #1
200011ca:	461d      	mov	r5, r3
200011cc:	e6f7      	b.n	20000fbe <__udivmoddi4+0xde>
200011ce:	44f4      	add	ip, lr
200011d0:	3802      	subs	r0, #2
200011d2:	e736      	b.n	20001042 <__udivmoddi4+0x162>
200011d4:	3d02      	subs	r5, #2
200011d6:	4473      	add	r3, lr
200011d8:	e71b      	b.n	20001012 <__udivmoddi4+0x132>
200011da:	3c02      	subs	r4, #2
200011dc:	4473      	add	r3, lr
200011de:	e6b1      	b.n	20000f44 <__udivmoddi4+0x64>
200011e0:	44f4      	add	ip, lr
200011e2:	3d02      	subs	r5, #2
200011e4:	e6c6      	b.n	20000f74 <__udivmoddi4+0x94>
200011e6:	f1a9 0402 	sub.w	r4, r9, #2
200011ea:	4473      	add	r3, lr
200011ec:	e7a4      	b.n	20001138 <__udivmoddi4+0x258>
200011ee:	ebae 0404 	sub.w	r4, lr, r4
200011f2:	3d02      	subs	r5, #2
200011f4:	4420      	add	r0, r4
200011f6:	fbb0 f4f7 	udiv	r4, r0, r7
200011fa:	fb04 f608 	mul.w	r6, r4, r8
200011fe:	46a1      	mov	r9, r4
20001200:	9601      	str	r6, [sp, #4]
20001202:	e7ca      	b.n	2000119a <__udivmoddi4+0x2ba>
20001204:	3f02      	subs	r7, #2
20001206:	4461      	add	r1, ip
20001208:	e74b      	b.n	200010a2 <__udivmoddi4+0x1c2>
2000120a:	3802      	subs	r0, #2
2000120c:	4463      	add	r3, ip
2000120e:	e75f      	b.n	200010d0 <__udivmoddi4+0x1f0>
20001210:	1b00      	subs	r0, r0, r4
20001212:	fbb0 f4f7 	udiv	r4, r0, r7
20001216:	fb04 f608 	mul.w	r6, r4, r8
2000121a:	46a1      	mov	r9, r4
2000121c:	9601      	str	r6, [sp, #4]
2000121e:	e7bc      	b.n	2000119a <__udivmoddi4+0x2ba>

20001220 <__aeabi_idiv0>:
20001220:	4770      	bx	lr
20001222:	bf00      	nop

20001224 <memset>:
20001224:	b530      	push	{r4, r5, lr}
20001226:	0784      	lsls	r4, r0, #30
20001228:	4686      	mov	lr, r0
2000122a:	4603      	mov	r3, r0
2000122c:	d006      	beq.n	2000123c <memset+0x18>
2000122e:	b3a2      	cbz	r2, 2000129a <memset+0x76>
20001230:	f803 1b01 	strb.w	r1, [r3], #1
20001234:	0798      	lsls	r0, r3, #30
20001236:	f102 32ff 	add.w	r2, r2, #4294967295	@ 0xffffffff
2000123a:	d1f8      	bne.n	2000122e <memset+0xa>
2000123c:	2a03      	cmp	r2, #3
2000123e:	d926      	bls.n	2000128e <memset+0x6a>
20001240:	fa5f fc81 	uxtb.w	ip, r1
20001244:	2a0f      	cmp	r2, #15
20001246:	eb0c 2c0c 	add.w	ip, ip, ip, lsl #8
2000124a:	eb0c 400c 	add.w	r0, ip, ip, lsl #16
2000124e:	d92a      	bls.n	200012a6 <memset+0x82>
20001250:	f022 0c0f 	bic.w	ip, r2, #15
20001254:	449c      	add	ip, r3
20001256:	e9c3 0000 	strd	r0, r0, [r3]
2000125a:	e9c3 0002 	strd	r0, r0, [r3, #8]
2000125e:	3310      	adds	r3, #16
20001260:	4563      	cmp	r3, ip
20001262:	d1f8      	bne.n	20001256 <memset+0x32>
20001264:	f012 0f0c 	tst.w	r2, #12
20001268:	f002 050f 	and.w	r5, r2, #15
2000126c:	d017      	beq.n	2000129e <memset+0x7a>
2000126e:	ea4f 0c95 	mov.w	ip, r5, lsr #2
20001272:	461a      	mov	r2, r3
20001274:	f10c 34ff 	add.w	r4, ip, #4294967295	@ 0xffffffff
20001278:	eb03 0c8c 	add.w	ip, r3, ip, lsl #2
2000127c:	f842 0b04 	str.w	r0, [r2], #4
20001280:	4562      	cmp	r2, ip
20001282:	d1fb      	bne.n	2000127c <memset+0x58>
20001284:	3304      	adds	r3, #4
20001286:	f005 0203 	and.w	r2, r5, #3
2000128a:	eb03 0384 	add.w	r3, r3, r4, lsl #2
2000128e:	b122      	cbz	r2, 2000129a <memset+0x76>
20001290:	441a      	add	r2, r3
20001292:	f803 1b01 	strb.w	r1, [r3], #1
20001296:	429a      	cmp	r2, r3
20001298:	d1fb      	bne.n	20001292 <memset+0x6e>
2000129a:	4670      	mov	r0, lr
2000129c:	bd30      	pop	{r4, r5, pc}
2000129e:	462a      	mov	r2, r5
200012a0:	2a00      	cmp	r2, #0
200012a2:	d1f5      	bne.n	20001290 <memset+0x6c>
200012a4:	e7f9      	b.n	2000129a <memset+0x76>
200012a6:	4615      	mov	r5, r2
200012a8:	e7e1      	b.n	2000126e <memset+0x4a>
200012aa:	bf00      	nop

200012ac <memcpy>:
200012ac:	4684      	mov	ip, r0
200012ae:	ea41 0300 	orr.w	r3, r1, r0
200012b2:	f013 0303 	ands.w	r3, r3, #3
200012b6:	d149      	bne.n	2000134c <memcpy+0xa0>
200012b8:	3a40      	subs	r2, #64	@ 0x40
200012ba:	d323      	bcc.n	20001304 <memcpy+0x58>
200012bc:	680b      	ldr	r3, [r1, #0]
200012be:	6003      	str	r3, [r0, #0]
200012c0:	684b      	ldr	r3, [r1, #4]
200012c2:	6043      	str	r3, [r0, #4]
200012c4:	688b      	ldr	r3, [r1, #8]
200012c6:	6083      	str	r3, [r0, #8]
200012c8:	68cb      	ldr	r3, [r1, #12]
200012ca:	60c3      	str	r3, [r0, #12]
200012cc:	690b      	ldr	r3, [r1, #16]
200012ce:	6103      	str	r3, [r0, #16]
200012d0:	694b      	ldr	r3, [r1, #20]
200012d2:	6143      	str	r3, [r0, #20]
200012d4:	698b      	ldr	r3, [r1, #24]
200012d6:	6183      	str	r3, [r0, #24]
200012d8:	69cb      	ldr	r3, [r1, #28]
200012da:	61c3      	str	r3, [r0, #28]
200012dc:	6a0b      	ldr	r3, [r1, #32]
200012de:	6203      	str	r3, [r0, #32]
200012e0:	6a4b      	ldr	r3, [r1, #36]	@ 0x24
200012e2:	6243      	str	r3, [r0, #36]	@ 0x24
200012e4:	6a8b      	ldr	r3, [r1, #40]	@ 0x28
200012e6:	6283      	str	r3, [r0, #40]	@ 0x28
200012e8:	6acb      	ldr	r3, [r1, #44]	@ 0x2c
200012ea:	62c3      	str	r3, [r0, #44]	@ 0x2c
200012ec:	6b0b      	ldr	r3, [r1, #48]	@ 0x30
200012ee:	6303      	str	r3, [r0, #48]	@ 0x30
200012f0:	6b4b      	ldr	r3, [r1, #52]	@ 0x34
200012f2:	6343      	str	r3, [r0, #52]	@ 0x34
200012f4:	6b8b      	ldr	r3, [r1, #56]	@ 0x38
200012f6:	6383      	str	r3, [r0, #56]	@ 0x38
200012f8:	6bcb      	ldr	r3, [r1, #60]	@ 0x3c
200012fa:	63c3      	str	r3, [r0, #60]	@ 0x3c
200012fc:	3040      	adds	r0, #64	@ 0x40
200012fe:	3140      	adds	r1, #64	@ 0x40
20001300:	3a40      	subs	r2, #64	@ 0x40
20001302:	d2db      	bcs.n	200012bc <memcpy+0x10>
20001304:	3230      	adds	r2, #48	@ 0x30
20001306:	d30b      	bcc.n	20001320 <memcpy+0x74>
20001308:	680b      	ldr	r3, [r1, #0]
2000130a:	6003      	str	r3, [r0, #0]
2000130c:	684b      	ldr	r3, [r1, #4]
2000130e:	6043      	str	r3, [r0, #4]
20001310:	688b      	ldr	r3, [r1, #8]
20001312:	6083      	str	r3, [r0, #8]
20001314:	68cb      	ldr	r3, [r1, #12]
20001316:	60c3      	str	r3, [r0, #12]
20001318:	3010      	adds	r0, #16
2000131a:	3110      	adds	r1, #16
2000131c:	3a10      	subs	r2, #16
2000131e:	d2f3      	bcs.n	20001308 <memcpy+0x5c>
20001320:	320c      	adds	r2, #12
20001322:	d305      	bcc.n	20001330 <memcpy+0x84>
20001324:	f851 3b04 	ldr.w	r3, [r1], #4
20001328:	f840 3b04 	str.w	r3, [r0], #4
2000132c:	3a04      	subs	r2, #4
2000132e:	d2f9      	bcs.n	20001324 <memcpy+0x78>
20001330:	3204      	adds	r2, #4
20001332:	d008      	beq.n	20001346 <memcpy+0x9a>
20001334:	07d2      	lsls	r2, r2, #31
20001336:	bf1c      	itt	ne
20001338:	f811 3b01 	ldrbne.w	r3, [r1], #1
2000133c:	f800 3b01 	strbne.w	r3, [r0], #1
20001340:	d301      	bcc.n	20001346 <memcpy+0x9a>
20001342:	880b      	ldrh	r3, [r1, #0]
20001344:	8003      	strh	r3, [r0, #0]
20001346:	4660      	mov	r0, ip
20001348:	4770      	bx	lr
2000134a:	bf00      	nop
2000134c:	2a08      	cmp	r2, #8
2000134e:	d313      	bcc.n	20001378 <memcpy+0xcc>
20001350:	078b      	lsls	r3, r1, #30
20001352:	d0b1      	beq.n	200012b8 <memcpy+0xc>
20001354:	f010 0303 	ands.w	r3, r0, #3
20001358:	d0ae      	beq.n	200012b8 <memcpy+0xc>
2000135a:	f1c3 0304 	rsb	r3, r3, #4
2000135e:	1ad2      	subs	r2, r2, r3
20001360:	07db      	lsls	r3, r3, #31
20001362:	bf1c      	itt	ne
20001364:	f811 3b01 	ldrbne.w	r3, [r1], #1
20001368:	f800 3b01 	strbne.w	r3, [r0], #1
2000136c:	d3a4      	bcc.n	200012b8 <memcpy+0xc>
2000136e:	f831 3b02 	ldrh.w	r3, [r1], #2
20001372:	f820 3b02 	strh.w	r3, [r0], #2
20001376:	e79f      	b.n	200012b8 <memcpy+0xc>
20001378:	3a04      	subs	r2, #4
2000137a:	d3d9      	bcc.n	20001330 <memcpy+0x84>
2000137c:	3a01      	subs	r2, #1
2000137e:	f811 3b01 	ldrb.w	r3, [r1], #1
20001382:	f800 3b01 	strb.w	r3, [r0], #1
20001386:	d2f9      	bcs.n	2000137c <memcpy+0xd0>
20001388:	780b      	ldrb	r3, [r1, #0]
2000138a:	7003      	strb	r3, [r0, #0]
2000138c:	784b      	ldrb	r3, [r1, #1]
2000138e:	7043      	strb	r3, [r0, #1]
20001390:	788b      	ldrb	r3, [r1, #2]
20001392:	7083      	strb	r3, [r0, #2]
20001394:	4660      	mov	r0, ip
20001396:	4770      	bx	lr

20001398 <__time_us_64_veneer>:
20001398:	f85f f000 	ldr.w	pc, [pc]	@ 2000139c <__time_us_64_veneer+0x4>
2000139c:	10001ed9 	.word	0x10001ed9

200013a0 <__tud_event_hook_cb_veneer>:
200013a0:	f85f f000 	ldr.w	pc, [pc]	@ 200013a4 <__tud_event_hook_cb_veneer+0x4>
200013a4:	10004d55 	.word	0x10004d55

200013a8 <__best_effort_wfe_or_timeout_veneer>:
200013a8:	f85f f000 	ldr.w	pc, [pc]	@ 200013ac <__best_effort_wfe_or_timeout_veneer+0x4>
200013ac:	10001d41 	.word	0x10001d41

200013b0 <__panic_veneer>:
200013b0:	f85f f000 	ldr.w	pc, [pc]	@ 200013b4 <__panic_veneer+0x4>
200013b4:	10000fbd 	.word	0x10000fbd

200013b8 <__tu_fifo_write_veneer>:
200013b8:	f85f f000 	ldr.w	pc, [pc]	@ 200013bc <__tu_fifo_write_veneer+0x4>
200013bc:	10006395 	.word	0x10006395

200013c0 <bme280_chamber>:
200013c0:	00090001 00000000 00000000 00000000     ................
	...

200013ec <bme280_ambient>:
200013ec:	00007600 00000000 00000000 00000000     .v..............
	...

20001418 <striped_spin_lock_num>:
20001418:	00000010                                ....

2000141c <irq_handler_chain_slots>:
2000141c:	00000000 	.word	0x00000000
20001420:	00010000 	.word	0x00010000
	...
2000142c:	00020000 	.word	0x00020000
	...
20001438:	00030000 	.word	0x00030000
	...
20001444:	00040000 	.word	0x00040000
	...
20001450:	00050000 	.word	0x00050000
	...
2000145c:	00ff0000 	.word	0x00ff0000
20001460:	00000000 	.word	0x00000000

20001464 <irq_handler_chain_first_slot>:
20001464:	b501      	push	{r0, lr}
20001466:	6848      	ldr	r0, [r1, #4]
20001468:	3101      	adds	r1, #1
2000146a:	468e      	mov	lr, r1
2000146c:	4700      	bx	r0

2000146e <irq_handler_chain_remove_tail>:
2000146e:	4670      	mov	r0, lr
20001470:	3809      	subs	r0, #9
20001472:	4901      	ldr	r1, [pc, #4]	@ (20001478 <irq_handler_chain_remove_tail+0xa>)
20001474:	4788      	blx	r1
20001476:	bd01      	pop	{r0, pc}
20001478:	10001419 	.word	0x10001419
2000147c:	00000000 	.word	0x00000000

20001480 <last_added.0>:
20001480:	ffffffff 7fffffff                       ........

20001488 <default_alarm_pool>:
	...
2000149c:	200015b8                                ... 

200014a0 <stdio_usb>:
200014a0:	100043e9 10004395 1000430d 1000427d     .C...C...C..}B..
200014b0:	00000000 00000100                       ........

200014b8 <_usbd_qdef>:
200014b8:	200018dc 000c0010 00000000 00000000     ... ............
	...

200014d4 <_usbd_rhport>:
200014d4:	000000ff                                ....

200014d8 <i2c1_inst>:
200014d8:	40098000 00000000                       ...@....

200014e0 <i2c0_inst>:
200014e0:	40090000 00000000                       ...@....

200014e8 <print_mutex>:
	...
