:020000041000EA
:10000000002008205B0100101B0100101D010010E2
:100010001101001011010010110100101101001058
:100020001901001019010010190100101F01001022
:10003000110100101901001021010010230100100E
:100040001101001011010010110100101101001028
:100050001101001011010010110100101101001018
:100060001101001011010010110100101101001008
:1000700011010010110100101101001011010010F8
:1000800011010010110100101101001011010010E8
:1000900011010010110100101101001011010010D8
:1000A00011010010110100101101001011010010C8
:1000B00011010010110100101101001011010010B8
:1000C00011010010110100101101001011010010A8
:1000D0001101001011010010110100101101001098
:1000E0001101001011010010110100101101001088
:1000F0001101001011010010110100101101001078
:100100001101001011010010110100101101001067
:10011000EFF30580103800BE00BE00BE00BE00BE7A
:1001200000BE00BEF2EB8871AC780110CC780110F3
:100130009C01001090A31AE7D3DEFFFF42012110BB
:10014000FF010000E49B0100793512AB00201E493D
:10015000086006C881F3088810474FF050400068D7
:1001600008B10020F3E70DA40ECC002902D000F066
:1001700012F8F9E71549164A002000E001C1914242
:10018000FCD114498847144988471449884700BE60
:10019000FDE701C901C29A42FBD37047CC78011038
:1001A00010010020602500201C9D01100000082087
:1001B000000008201C9D011000E0072000E007203F
:1001C000000000007047000008ED00E060250020FE
:1001D0008070002079600010A9020010716000108A
:1001E00084B02DE9F04F93B01CAC84E80F002A4A8C
:1001F0001C9813680133136014F012FC02460B467E
:100200001E98CDE90E2314F00BFC02460B461D98F8
:10021000CDE9102314F004FC82461F988B4614F09D
:10022000FFFB044621980D4614F0FAFB0646209881
:100230000F4614F0F5FB80462298894614F0F0FB37
:100240009DF88C3003B39DF88D30DFF850C00BB3B0
:10025000124B9DED107BCDE90A010D938DED007BD6
:10026000DDE90E23CDE90889CDE90667CDE904452E
:10027000CDE902ABCDF830C0094806F0E9F813B07B
:10028000BDE8F04F04B070479DF88D30DFF814C022
:10029000002BDDD1034BDCE73C700020D04A01107D
:1002A000D84A0110D44A011000232DE9F04F99B02B
:1002B00011ACC4E901330F930D93ADF82A30ADF8BA
:1002C0002C30ADF82E3011930E93109305F0FEFFF5
:1002D00000F004FA00F0B4FD0C2000F0DDFD0D206C
:1002E00000F0DAFD2F2000F0D7FD02E0642001F0DD
:1002F00077FE06F0D5FA0028F8D00C264FF4FA70F5
:1003000001F06EFEB04806F025F80B230A22082102
:10031000AE48009606F09CF80EAA234600920BA960
:100320000DF12E020DF12A0008F080FF02460E9B0F
:10033000BDF82A10CDE900430292BDF82E30BDF879
:100340002C20A34806F084F800F070FD044600F06D
:1003500073FD21469F4CB346254602469E4806F053
:1003600077F89E4805F0F6FF09940224CDE9074589
:10037000DFF890A29A4F9B4B9B4EA3FB0A389B4CF5
:100380004FEA98184FF0000936F8025B514694483E
:10039000CDE91499ADF83050ADF8329008F08EFCEC
:1003A0000222934B79685A603B68924883F00F03AE
:1003B000114003F0CF032360416049EC40B00123BA
:1003C0000DF132020CA9A0F5005014F0D9FA042363
:1003D000294614AA824814F0DFFA4FF0010343ECD7
:1003E00040B04FF6FF7CBDF85230BDF85410BDF858
:1003F000322003EA010EE645BDF856000CBFDFF8D7
:1004000064C2DFF850C2CDE90131CDE9030C2B46BF
:10041000ADF85020009259464246774806F018F849
:10042000764B9E42AED1079BDFF83CA2012B02D057
:10043000012307939FE7089D714B9D4202D015F859
:1004400001BF92E76F496648099C08F037FC6E4887
:1004500005F080FFDFF814A2DFF81492DFF8808146
:1004600000252678694B6A4ACDF800900FA90DA89F
:10047000CDF83C808DF840600D9508F01BFF0134ED
:10048000002840F081802A46624B3146624805F0E0
:10049000DFFF14A90D98CDE9145516958DF85C5021
:1004A00009F070F814A902465C4805F0D1FF0D9CD4
:1004B000002C76D00023149303232046584914AA15
:1004C0008DF832308DF828508DF829508DF8305045
:1004D00008F0DCFF204653490AAA08F0D7FF20465F
:1004E00051490DF1290208F0D1FF0CAA20464F49CD
:1004F00008F0CCFF149814F093FA0B469DF83010D6
:10050000024602919DF82910494801919DF8281052
:10051000009105F09DFF0DF132022046414908F09F
:1005200035FF0146434805F093FF0AAA20463D499E
:100530008DF8285008F0AAFF9DF828109DF8323059
:100540003D488B420CBF3D4A3D4A05F081FF0D9866
:1005500009F0D4F8044601463A4805F079FFB4F5AD
:10056000D17F26D044BB384805F0F4FE002237493D
:100570000D9809F0FFF918B10146354805F068FFFC
:10058000642001F02DFDF1E76B28024614BF314BCA
:10059000314B3146204805F05BFFA2450D957FF4B5
:1005A0005FAF2E4805F0D6FE4FF47A7001F018FDCB
:1005B000FAE72B4805F0CEFE0DA809F027FB4FF413
:1005C0007A7001F00DFDFAE79C4B0110C04B011051
:1005D000F44B0110C8510110344C01106C4C011047
:1005E00000800840D34D6210C051011000900840B7
:1005F00000B0084000A00840944C0110C651011002
:10060000CA51011040420F00CC4C0110750F001070
:10061000B90E0010F04C0110004D0110204D0110DA
:10062000844E0110984E0110B04E0110CC4E0110B6
:10063000E44E0110444F01106C4F0110704B01103B
:100640008C4B0110844F0110DC4F0110E1010010B0
:100650000C500110404D0110444D0110684D011027
:10066000A84F01105C4B011000093D00CB51011057
:10067000251000100023FF22C0E90033C0E9023337
:10068000C0E904338271704700239FED057BC0E908
:10069000013380ED047B0380704700BFAFF300801F
:1006A000000000000000000000239FED097B0370A4
:1006B00080ED027B80ED067B80ED0A7B4360036169
:1006C00080F8203080F83030704700BFAFF30080F2
:1006D000000000000000000001F0A2BE2DE9F04F74
:1006E00097B008AB1C464FF0010900279F4A0DF157
:1006F0002C0807CA83E8070054F8045B284600F07A
:10070000BFFD4FF0010343EC44504FF0000646ECB0
:1007100040504445F0D19648FFF7ACFF9548FFF7AD
:10072000B3FF1E2000F0ACFD1E2046EC440000226A
:10073000012100F083FD08F05BF81F212E2000F05E
:100740005FFD00222E20114600F078FD00212E20B2
:1007500000F086FD132000F093FD152000F090FDC1
:100760004FF0130846EC44804FF0150A46EC44A0C5
:1007700001220021404600F061FD01220021504687
:1007800000F05CFD03237C4D7C4ECDE901392A4607
:1007900031467B48CDF8008007AB08F011FC0028FB
:1007A00040F081807749784808F0A6F903211C20A1
:1007B00000F026FD03211D2000F022FD0022012172
:1007C0001C2000F03BFD002201211D2000F036FD21
:1007D0006E4800F0CDF900F04BFC092000F050FD10
:1007E0004FF00104092344EC403044EC443044EC25
:1007F00040300C2000F044FD0C2344EC403044EC2D
:10080000443044EC40300D2000F03AFD0D2344EC20
:10081000403044EC443044EC40302F2000F030FDB8
:100820002F2344EC403044EC443044EC40305849F1
:10083000584808F0C5F90121082000F0E1FC012129
:100840000A2000F0DDFC01210B2000F0D9FC524809
:1008500000F08EF900F068FA01F00AFDC9B14FF41A
:100860007A72002314F000F9024600234B4800F08E
:10087000F3FB01F0FDFC89B14FF47A72002314F010
:10088000F3F802460023464800F0E6FB17B0BDE847
:10089000F08F444BA3FB00308209E6E7414BA3FBFA
:1008A00000308209EEE7009742460123296830684C
:1008B00008F0ACFA0097524601232968306808F026
:1008C000A5FA4FF480324FF4F833CDE910234FF4FA
:1008D0004023A4461293079B139703F10E02DB01FA
:1008E00043EA0233049323F0F8530DF1400B43F035
:1008F000A852D8465F460592BBE80F00ACE80F004F
:100900004FF0FF31A246A646049BCCF800100C9392
:10091000DCF800300493BAE80F00A8E80F00049B4D
:10092000CBF800300FCFAEE80F004FF418230E9332
:100930001D4B059A0F934FF400230C920D93079AC9
:1009400023462968306808F0A7FA00287FF42AAF08
:1009500032682B68106809FA03F3034313491448FB
:10096000136081F80090FFF79FFE1BE7F451011020
:1009700008280020B0270020605000205C50002094
:10098000CC510110A0860100402300201C22002031
:1009900040420F0000800840F0210020602200202B
:1009A00048220020D34D6210FFFF10FE7870002017
:1009B000C8270020F0B5047889B0012C05461646FA
:1009C0001F468DF8171040D0447801F051FC4FF0CD
:1009D000FF326FF0004310F5FA5041F100018242FE
:1009E00073EB010C3CBF104619460123CDE902010F
:1009F0000DF1170221462A48009308F0A9F80028B3
:100A000020DB6D7801F034FC4FF0FF326FF00043D3
:100A100010F5FA5041F10004824273EB04013CBF2F
:100A200010461C462946002502903B463246039458
:100A300000951B4808F0A8F8A842B4BF0020012088
:100A400009B0F0BD002009B0F0BDCBB2022163F0C7
:100A50007F038DF81F301348134B426859600368B9
:100A60000A4083F00703114903F0CF030B60104BDA
:100A70005A60AB784FF0000242EC403022460DF154
:100A80001F0113F0F9FF3B4632460021054813F0E1
:100A9000A7FFAB7844EC4030204609B0F0BD00BF62
:100AA000402300200080084000B00840009008402B
:100AB00000A0084030B5037889B0012B04468DF8BA
:100AC0001C108DF81D2021D043784FF0FF341D46B7
:100AD00001F0CEFB6FF0004210F5FA5041F1000337
:100AE000844272EB03013CBF204613460024CDE94B
:100AF00002032946022307AA0094184808F028F8A0
:100B0000A042B4BF0020012009B030BD144801F05C
:100B10007F018DF81C104268124902F0020C02227B
:100B200005934A600168DFF844E081F0070101F0B5
:100B3000CF01CEF800100C49C1F804C0A1784FF0E5
:100B4000000C4CEC401007A913F096FFA278059B0F
:100B500043EC4020184609B030BD00BF40230020C0
:100B60000080084000B0084000A008400090084005
:100B700070B5D0220025037892B0012B80F8255063
:100B800004468DF81F508DF8202000F09C80457899
:100B900001F06EFB4FF0FF326FF0004310F5FA509A
:100BA00041F1000C824273EB0C013CBF10469C46A5
:100BB000012302902946574808AACDF80CC000939B
:100BC00007F0C6FF002822DB63784FF0FF351E4692
:100BD00001F04EFB6FF0004210F5FA5041F10003B6
:100BE000854272EB03013CBF284613460025029064
:100BF00003933146012347480DF11F02009507F08A
:100C0000C3FFA84203DB9DF81F30602B02D00020F9
:100C100012B070BD1A23882120460AAAFFF7CAFE27
:100C20000028F4D00723E121204608AAFFF7C2FEDE
:100C30000028ECD0BDF828209DF824309DF8230032
:100C40009DF82510A280BDF82A202281BDF82C2015
:100C50006281BDF82E20E2800C9AE2600D9A22613A
:100C60000E9A62610F9AA2619DF841202277BDF829
:100C70002020E2839DF8222062779DF8265003F021
:100C80000F021B0942EA001243EA01132284F221F7
:100C900001222046638484F82450FFF70BFF0028CC
:100CA000B5D02722F4212046FFF704FF0028AED05C
:100CB0004022F5212046FFF7FDFE0028A7D00123A2
:100CC00084F82530A4E702208DF82820124E134A1C
:100CD000716850603268014082F00702104802F0EB
:100CE000CF0202600F4A5160A27845EC40201A46BC
:100CF0000AA93046059313F0BFFE059B0DF11F02B4
:100D00002946304613F06CFEA278059B43EC402048
:100D100079E700BF402300200080084000B0084071
:100D20000090084000A00840F0B500240C269FED7C
:100D3000307B0321304D85B00095304B304D314A2A
:100D4000C3E9004414603048304A2E719C60304F33
:100D5000304B314E87ED007BC2E900448DF80F1017
:100D600094600A2114731C600B22082328603460ED
:100D700000F07AF8287900F08FF8284B2946009384
:100D80002448274B274A08F095FA28B1214B3060B8
:100D90001C60002005B0F0BD1E4C206808F086FAEB
:100DA000034628B91949206808F0ECFB034660B1F6
:100DB0001848336008F02AFF0023164A1360134ACC
:100DC000C2E9003393601373E3E7174920680DF11C
:100DD0000F0208F0DBFA03460028E9D1206808F08A
:100DE0008DFC03460028E3D10120D3E7AFF3008058
:100DF000000000000000000040420F00345D0020B1
:100E00004C5000202C5D00200080084048700020DD
:100E10000028002068500020305D002025100010C0
:100E2000750F0010B90E0010984E0110014B186894
:100E3000704700BF305D00200048704748700020B8
:100E400010B5074C206850B108F038FD204608F076
:100E5000DDFE0023034A2360C2E90033936010BD26
:100E600068500020345D002030B583B00D460699EF
:100E7000CDE9003207F0A4FE04460121284600F027
:100E8000BFF90198012100F0BBF90098012100F0A1
:100E9000B7F9204603B030BD00B583B0019000F033
:100EA000EFF94FF00103019843EC400043EC44009C
:100EB00043EC400003B000BD2DE9F04184B0ADF833
:100EC000061000283CD0002A38D09046026802273D
:100ED00011461D4651F8043F90F804C0044601F540
:100EE00040500760106802F5805E80F00F003B40C4
:100EF00001F5005100F0CF00CEF8000000260B6095
:100F000046EC40C000BF00BF00BF012320680DF1C8
:100F10000E020DF10601ADF80E6013F031FD01284F
:100F20001CD185B9002000BF00BF00BF4FF00102F7
:100F3000237942EC403004B0BDE8F081002BC4D0EE
:100F40006FF00100F7E72B4642463146206813F068
:100F500023FD8542E6D06FF00100E4E700BF00BF4B
:100F600000BF4FF00102237942EC40304FF0FF30D8
:100F7000E1E700BF2DE9F04182B0ADF8061000288E
:100F800039D0002A35D01D46036802279C4690467A
:100F90005CF8042F01790CF54056376003F5805E4C
:100FA0001B683A4083F00F030CF5005C03F0CF039D
:100FB0000446CEF800304FF00000CCF8002040ECA2
:100FC000401000BF00BF00BF012220680DF10601E4
:100FD00013F0D2FC01281BD185B9284600BF00BF01
:100FE00000BF4FF00102237942EC403002B0BDE86F
:100FF000F081002BC7D04FF0FF30F7E72A4641467B
:10100000206813F0B9FC281A18BF4FF0FF30E5E74D
:1010100000BF00BF00BF4FF00102237942EC403017
:10102000E9E700BF38B541F28833984210D804464A
:1010300050B10A2C254628BF0A25FFF74DFB28464C
:1010400000F0CEFF641BF4D1FFF746FB002038BD53
:101050006FF0020038BD00BF002112F5FA7243F1B3
:101060000003C0E90331826041700175704700BF21
:101070002DE9F0474FF000094FF0FE0A4F465D4C56
:101080005D4E86B004F1040816F8015B04F8017B9C
:10109000002D3ED08DF813A001F0EAF84FF0FF329A
:1010A0006FF0004310F57A6041F10001824273EB6A
:1010B000010C3CBF104619460123CDE902010DF198
:1010C000130229464D48009307F042FD002820DB1B
:1010D00001F0CEF84FF0FF326FF0004310F57A6068
:1010E00041F10001824273EB010C3CBF10461946EE
:1010F0000097CDE9020102232946404805AA07F0DE
:1011000043FD002805DB44F65413BDF814209A4231
:1011100005D04445B8D1484606B0BDE8F087FF2366
:101120008DF8133001F0A4F84FF0FF326FF0004358
:1011300010F57A6041F10001824273EB010C3CBF73
:10114000104619460123CDE902010DF1130229468B
:101150002A48009307F0FCFC0028DADB01F088F84D
:101160004FF0FF326FF0004310F57A6041F100015B
:10117000824273EB010C3CBF104619460023CDE9B7
:1011800002010093294602231C4805AA07F0FCFC33
:101190000028BEDB46F22203BDF814209A42B8D1E3
:1011A0004FF48A43ADF8143027238DF8163001F040
:1011B0005FF84FF0FF326FF0004310F57A6041F1B5
:1011C0000001824273EB010C3CBF1046194600231C
:1011D000CDE90201009329460323084805AA07F038
:1011E000B7FC002895DB012309F1010904F8013C53
:1011F0008FE700BF745D00200052011040230020E3
:101200004FF4807C0C4B00B553F8202003EB800397
:10121000C00082F0400200F1804003F5805E02F0E1
:10122000C00200F5203003F54053CEF800204160A5
:10123000C3F800C000BD00BF04800340DFF81CC03D
:10124000C90041EA82015CF820200CEB8003514088
:1012500003F5805301F00C011960704704800340CE
:10126000064B402203EB800319B103F500531A60CB
:10127000704703F540531A60704700BF0480034075
:101280004FF0000300B543EC440043EC40004FF046
:10129000050E4FF4807C0C4BC20053F8201003EB7A
:1012A000800081F0400102F1804303F5203301F01A
:1012B000C00200F5805100F540500A60C3F804E018
:1012C000C0F800C000BD00BF048003400FB400B5EB
:1012D000084883B005F03EF8049B3BB105A91846C9
:1012E000019104F0A9FE044805F034F8012004F04F
:1012F000BBFE00BF24500110404D0110EFF31080E1
:1013000072B6064BD3E8CF1F01220029FAD1C3E8F9
:10131000412F0029F6D1BFF35F8F70479F4E002009
:101320000023034AC2E88F3F80F31088704700BF54
:101330009F4E002070B51646EFF3108472B6DFF8AA
:1013400048E0DEE8CF2F0123002AFAD1CEE8423F61
:10135000002AF6D1BFF35F8F012301F0070CCA0802
:1013600003FA0CF310F802C01CEA030508D14CEA9A
:10137000030C00F802C0CEE88F5F84F3108870BDC4
:101380003046FFF7A3FF00BF9F4E0020F8B50F4681
:101390001946EFF3108672B61C4DD5E8CF4F0123E6
:1013A000002CFAD1C5E8443F002CF6D1BFF35F8F83
:1013B0008A421BD8012402E00132914222D3D30891
:1013C00010F803E002F0070C04FA0CFC1EEA0C0F04
:1013D000F2D14EEA0C0E00F803E010460023C5E8F7
:1013E0008F3F86F31088984207DBF8BD0023C5E8DD
:1013F0008F3F86F310884FF0FF30002FF5D006980E
:10140000FFF764FF4FF0FF30E8E700BF9F4E00207A
:1014100000B5EFF3108E72B6104BD3E8CFCF012298
:10142000BCF1000FF9D1C3E84C2FBCF1000FF4D18F
:10143000BFF35F8F01224FEAD10C01F0070102FADE
:1014400001F110F80C2022EA010200F80C20002221
:10145000C3E88F2F8EF3108800BD00BF9F4E002081
:10146000044A1078431CDBB2182B28BF10231370DA
:10147000704700BF7822002000B5DFF81CC083B0A1
:1014800001461F231822CDF800C00248FFF77EFF57
:1014900003B000BDF04F0020345001104FF0E022A7
:1014A000936843F000539360704700BF0021044BE2
:1014B00003F12002C3E88F1F01339342FAD1704732
:1014C000944E00204FF0E0234FF08032C3F8002408
:1014D000C3F80424C3F80824C3F80C24C3F8102468
:1014E000C3F81424C3F81824C3F81C24C3F8202418
:1014F000C3F82424C3F82824C3F82C24C3F83024C8
:1015000062B67047012300F01F029340400941B1C9
:10151000800000F1604000F56140C0F88031036058
:101520007047024A203042F82030704700E100E066
:101530000123064A410952F8212000F01F00834090
:10154000134214BF01200020704700BF00E100E0FB
:1015500001224309034900F01F008240403341F853
:101560002320704700E100E0054A10309268054BE7
:1015700052F82000C01A47288CBF00200120704775
:1015800000ED00E07C22002008B5EFF3108E72B66B
:10159000134BD3E8CFCF0122BCF1000FF9D1C3E840
:1015A0004C2FBCF1000FF4D1BFF35F8F0D4A103008
:1015B0009268DFF834C052F82020624501D0914291
:1015C0000BD1084A926842F82010BFF35F8F0022C7
:1015D000C3E88F2F8EF3108808BD00F0F3FF00BF23
:1015E0009D4E002000ED00E0110100102DE9F84FA4
:1015F0008B461146EFF3108872B6664FD7E8CF2FAF
:101600000123002AFAD1C7E8423F002AF6D1BFF3EE
:101610005F8F614B93F90040002CC0F2B88000F15D
:1016200010055E4804EB440900EB890296794FEA05
:1016300089091E705A4B9B6853F82560331A472B53
:1016400035D826F0010E9EF807308B4209D86FE09E
:101650000CEB4C0300EB830393F807A08A4551D9A8
:101660009E469EF906C0BCF1000FF1DA4BF6015917
:101670000EF1040A131FA3EB0A03C3F34A036FEA34
:10168000C3436FEAD3438EF80640DFF820A104EB92
:10169000440400EB8402AEF8043040F824A0A2F821
:1016A000049082F806C0D171C2F808B01DE03D4B2D
:1016B0009E426CD13C4BD17109F102010144043BC3
:1016C0005B1AC3F34A036FEAC3434FF421416FEA45
:1016D000D34320F809105380FF214BF60153C2F881
:1016E00008B09171938042F001062D4B9B6843F83E
:1016F0002560BFF35F8F0023C7E88F3F88F3108812
:10170000BDE8F88FF2466FF00703A3EB09033AF840
:10171000049F1B1A49F30A0909F102090AEB490956
:101720009944C9F34A096FEAC9496FEAD949A1E75F
:101730006FF00703D1711C4909F102040444043914
:10174000091BA3EB0903C1F34A011B1A6FEAC1414C
:101750007344C3F34A036FEAC3436FEAD1414FF4C2
:1017600021466FEAD3435180104920F809609380E5
:101770004AF6AA2473461B1A5B415C43240DC2F847
:1017800008B0947142F00106CEF80010ADE700F009
:1017900019FF00BF9D4E0020797000207C220020A0
:1017A00000ED00E011010010C42200200148804734
:1017B0002DE9F041EFF30583DBB29E46EFF3108590
:1017C00072B62F49D1E8CF2F0123002AFAD1C1E800
:1017D000423F002AF6D1BFF35F8FDFF8B48040F0BC
:1017E0000106D8F808704AF6AA2357F82E70044666
:1017F000244AA41A644163431B0DB7425BB226D04E
:1018000092F906409C4228D092F912409C422FD077
:1018100092F91E409C422DD092F92A409C422BD036
:1018200092F936409C4229D092F942409C4208BF2E
:10183000052413D0144A002492F800C0137080F8D5
:1018400006C0C1E88F4F85F31088BDE8F081D8F855
:1018500008200E4C42F82E40ECE7002404EB440430
:1018600002EB8402FF2494714BF601549480E1E76B
:101870000124F3E70224F1E70324EFE70424EDE772
:101880009D4E00207C220020797000201101001064
:1018900000ED00E000B5DFF824C083B00146052369
:1018A0000022CDF800C00448FFF770FD0028A8BF53
:1018B000C0F1330003B000BD7F7000205050011014
:1018C000014B0B4403607047944E002070B5104CE0
:1018D000104DAC420ED2FF26236863B1FFF7C0FD66
:1018E00001462046FFF7ECFFA680BFF35F8F083468
:1018F000AC42F1D370BDFFF7B3FD01462046FFF7C0
:10190000DFFF2671BFF35F8F0834AC42E4D370BDB4
:10191000582500206025002010B50446FFF7A0FDE3
:1019200001462046FFF7CCFFFF232371BFF35F8FF3
:1019300010BD00BF10B504460120FFF79DFD034B0D
:1019400003442360BFF35F8F10BD00BF944E00209F
:10195000024B0B440360BFF35F8F7047944E00202F
:1019600010490B68EFF3108072B6D3E8CFCF012295
:10197000BCF1000FF9D1C3E84C2FBCF1000FF4D13A
:10198000BFF35F8F084A4FF0000C137809680133EA
:101990001370C1E88FCF80F3108840BF0020002172
:1019A000704700BF587000207B70002000000000CE
:1019B0002DE9F04F2DED028B85B0EFF30583DBB2FF
:1019C000103B9A0818BF01224FF0010103F0030BEE
:1019D00018BFA94CA94B08BFA94C0BEB820253F8C6
:1019E000225001FA0BF204F541539FEDA18B0292B4
:1019F0005A602FE0AB88190440F19480AB79002B3A
:101A000040F0DE80B5F90860002EC0F21C816B69E1
:101A100006EB460603EBC603D3E90267B7F1FF3FC7
:101A200008BFB6F1FF3F0ED004EB8B01A36A0A6931
:101A3000D21AF31A934205D30123226A03FA0BF355
:101A4000134200D10E61204600F00AFCB042B941B9
:101A5000C0F2F980B5F90860029B002EE363C9DB90
:101A6000D5F8149006EB460A09EBCA07BB68204676
:101A7000D7F80C80019300F0F3FB019B984271EBC7
:101A80000801B7DBB8F1000FC0F2C080D7E904311C
:101A90007C4A934200F0F8807A88B5F9080092B247
:101AA00042EA0040984702460B4652EA030100F022
:101AB000AD80002B80F2CD800199B1EB020E68EB76
:101AC000030839F93A30C7E902E8002B92DB68696C
:101AD00003EB430200EBC202D2E90271BE4578EB90
:101AE000010C4FEA430285DBAC462CF8083F06E0C8
:101AF00003EB430100EBC1015A00D1E90271BE457D
:101B000078EB01011A4405DB30F9323000EBC20CEE
:101B1000002BEDDA29F83A30ACF80060AB881904F4
:101B20003FF56CAF2B69EFF3108272B6D3E8CF0F9D
:101B300001210028FAD1C3E8401F0028F6D1BFF3E5
:101B40005F8F4FF6FF76A8880023296900B2AE8028
:101B5000C1E88F3F82F310889842FFF64FAF0746E7
:101B6000A1466E6905F10808B5F9083007EB470E84
:101B7000002BC44606EBCE0215DBD2E90240AA4692
:101B8000019704E036F935309446002B09DB03EB6E
:101B9000430506EBC502D2E90271BC4270EB0101BC
:101BA000F0DA5546019FACF8007036F93E7026F821
:101BB0003E30002FD8DAAB794C46002B3FF422AFF1
:101BC0000023AB71B5F90860721C33463BD06869DD
:101BD00005F1080E03E08E465A1C3FF415AF03EBE7
:101BE000430200EBC2014F889C463F0430F932307B
:101BF000F1D5664581ED028BEED0AEF80030298933
:101C0000664620F83210A5F808C0E5E739F83A3002
:101C10002B812B69EFF3108272B6D3E8CF0F01212D
:101C20000028FAD1C3E8401F0028F6D1BFF35F8F28
:101C30006B88296929F83A3000236E80C1E88F3F0C
:101C400082F31088D6E640BF05B0BDEC028BBDE83C
:101C5000F08F20460393019200F002FB019A039B50
:101C600010EB020E43EB01082BE700BFAFF300803F
:101C7000FFFFFFFFFFFFFFFF00800B40545D0020D0
:101C800000000B40B119001008460B6903919847FA
:101C90000028BBD00399D1E9002306E738B5384BBB
:101CA0001C692CB1BDE838400A213648FFF708BE50
:101CB0000321354800F0C2FA334D314BDD60FFF7A8
:101CC000CFFB324A4FF0504E024403202C4B4FF0D2
:101CD0000F0C18701A61DEF800204FF6FF715A7071
:101CE0005A69A3F802C014834FF00204A2F84840D6
:101CF0004FF00404A2F878404FF00504A2F8904099
:101D00004FF00604A2F8A8404FF00704A2F8C04024
:101D10004FF00904A2F8F0404FF00A04A2F808417D
:101D20004FF00B04A2F820414FF00C04A2F8384108
:101D30004FF0010414864FF00804A2F8D840144C68
:101D40004FF00D0E4FF00E0C9C6008249980A2F805
:101D500050E1A2F868C1A2F8600011800D4A2C621F
:101D60000D49D360FFF710FC01210320FFF7CAFBE8
:101D70000A4B0A211C640348BDE83840FFF7A0BDA8
:101D8000E82200205870002000000B40944E0020F4
:101D9000FFFF1000545D0020B119001000200B401F
:101DA00000487047E8220020F0B583B09DF8284035
:101DB0001D46034654B9CDE9000200F059FA019AD4
:101DC000009B824265EB0101A1425BDB1969EFF3E5
:101DD000108072B6D1E8CF6F0124002EFAD1C1E88D
:101DE000464F002EF6D1BFF35F8FB3F902401F6953
:101DF000002C3EDBD3F814C004EB440E3CF83E103C
:101E0000002659800CEBCE01C7E88F6F80F3108855
:101E10004888C1E902250130C0F30E00012838BF0F
:101E20000120089A48800A61099A40EA04404A6100
:101E30001A69EFF3108172B6D2E8CF7F0125002F27
:101E4000FAD1C2E8475F002FF6D1BFF35F8F9A88BF
:101E50002CF83E201A699C80C2E88F6F81F31088AD
:101E600001211C78DA68A14002F50153596003B0E2
:101E7000F0BD0023C7E88F3F80F310884FF0FF309C
:101E800003B0F0BD204603B0F0BD00BFF0B516466C
:101E90001F4602690346EFF3108072B6D2E8CF4FB7
:101EA0000121002CFAD1C2E8441F002CF6D1BFF367
:101EB0005F8FB3F902101D69002945DBD3F814E0E8
:101EC00001EB41023EF832400EEBC20C5C80002474
:101ED000C5E88F4F80F3108805983546CCF8100080
:101EE00006983E46CCF81400BCF80200CCE9025635
:101EF0000130C0F30E00012838BF0120ACF8020009
:101F000040EA0140D3F810C0EFF3108572B6DCE868
:101F1000CF7F0126002FFAD1CCE8476F002FF6D1F2
:101F2000BFF35F8FB3F804C02EF832C099801A69EE
:101F3000C2E88F4F85F3108801211C78DA68A14030
:101F400002F501535960F0BD0023C5E88F3F80F3CF
:101F500010884FF0FF30F0BD03464089B0EB214FB1
:101F60003ADD58690A1402EB420210B5D3F810C0EA
:101F700000EBC200EFF3108E72B6DCE8CF4F012207
:101F8000002CFAD1CCE8442F002CF6D1BFF35F8FA0
:101F9000428889B292B28A4207D000221B69C3E804
:101FA0008F2F8EF31088002010BD6FEA42426FEA37
:101FB000524242800121002218699971C0E88F2F96
:101FC0008EF3108893F800C0DA68084602F50153D2
:101FD00001FA0CF1596010BD00207047407870473D
:101FE0002DE9F04383B0064600F042F94FF47A73CE
:101FF00004464FF0FF306FF00042E6FB0341A04281
:1020000072EB01033ABF044615460D46A61F45F183
:10201000FF37B44275EB07033CBF0026374600F09C
:1020200027F9301A67EB0101012871F1000106DA86
:102030002046294603B0BDE8F04300F023B900F084
:1020400017F9864267EB010100290ADB00211D4BCD
:10205000324600931C483B460191FFF717FF0130C1
:10206000E6D04FF0000E194ADFF868C01849536AED
:102070009F4204D8906AB042DAD29F42D8D1DCF8AD
:102080000030EFF3108072B6D3E8CF9F5FF0010805
:10209000B9F1000FF8D1C3E8498FB9F1000FF3D1BE
:1020A000BFF35F8F0B785FFA83F8DCF80030C3E88A
:1020B0008FEF80F310880878804500D120BF20BFC3
:1020C000D5E700BF61190010E822002000000B4096
:1020D0007B70002058700020F0B5024685B0EFF309
:1020E0000585EDB2002D61D10B46424CD4E90001CB
:1020F000994208BF90424AD0CDE902233E4BDF68A7
:102100001E78384600F0ACF806F1040C57F82CC0E5
:10211000029A039BACEB000C101A63EB01016045C3
:1021200071F1000133DACDE9022300F0A1F8029A3F
:10213000039B824263EB0101002949DB2F492E48B2
:1021400000910195CDE90232FFF7A0FEDDE90232F0
:10215000011E3DDD2A48C4E90023446A9C4246D35F
:10216000806A904241D32448CDE90232FFF7F4FE61
:102170002349029B486A98421CD314BF01200020C7
:102180008B6A039A934228BF40F001000CE020BF05
:102190001B49486A98420DD314BF012000208B6A66
:1021A000934228BF40F0010005B0F0BD1448436AD7
:1021B0008B4202D2002005B0F0BD14BF01230023E2
:1021C000816A914234BF184643F0010005B0F0BD6A
:1021D0000B49486A9842EDD3C01A18BF01208B6A98
:1021E000934228BF40F00100DEE79C42BBD120BFF4
:1021F000B9E700BFE0220020E822002061190010AA
:1022000000000B40084BD0E900C15A6A914208D83F
:1022100014BF012000209B6A634528BF40F00100E5
:1022200070470020704700BF00000B400146024885
:10223000C1E90023704700BF0522001010B4054B10
:10224000054C064AA04214BF1846581C10BCFFF7A4
:1022500071B800BFF44F002000800B406C5001109B
:102260000346416A0A46986A596A8A42FAD1704717
:10227000034B596A0A46986A596A9142FAD17047E3
:1022800000000B40074A536A9942FCD8994207D193
:10229000044B02E05A6A914202D19A6A9042F9D8FC
:1022A000704700BF00000B4000EB400C4FEA8C0C65
:1022B0000CF1804C0CF5803C70B51E46DCF8043007
:1022C000041FB3F5803F38BF4FF48033E4B238BF0A
:1022D000CCF80430012C2ED94FF40065284B0CF5B6
:1022E000405ECEF8005053F820E0BEF1000F17D149
:1022F000DCF800E0012C8EEA421202F0E0020CF55C
:10230000805ECEF800202BD94FF4006143F82060A6
:102310004FF480330CF500521160CCF8043070BDDE
:102320005D69B5FBFEFE0EF1010E0EEB4E0EBEF129
:10233000030EFCD2DCE70129CED103240CF5405377
:102340001C60DCF80830DB07FBD5DCF800300CF54E
:10235000805E83EA421303F0E003CEF80030084BBE
:102360000122DCF800404C4004F00304CEF80040A9
:1023700002FA01F1DCF808200A42FBD0C4E700BFF2
:10238000FC4F0020014B53F820007047FC4F002009
:1023900010B5029C8E464FEA043C4CEA034C1C4BA1
:1023A000B3FBF1F30168B2FBF3F4002920DB194A17
:1023B000194B904214BF4FF480424FF4004217492A
:1023C0001A6003F580531A608B6832EA0303FBD16D
:1023D000212200F540530433C0F800E084601A6005
:1023E0000268002AFCDA0822C0F80CC01A6010BD8E
:1023F000036803F03F037345D9D18368C3F30B032C
:10240000A342D4D1C36803F4EE236345CFD110BDFA
:10241000001BB70000800540002002400000024081
:10242000024A034B12685A60704700BF445D0020A7
:1024300000800D404FF0804C214B00B5C3F800C028
:10244000002839D0DFF888C0A3F54053C3F81CC07A
:10245000DFF880C040F0010080EA0C0CC3F820C017
:10246000596298624FF0804E4FF0E061144B15486E
:10247000DFF864C0C3F800E0C0F808C019602AB9EA
:102480004FF00042A3F580531A6000BD4FF47A73F9
:1024900003FB02F2B2F1807F2ABF6FF07F43134645
:1024A0001A464FF08041DFF834C00748CCF80030BE
:1024B000064B4260196000BD034BD861D2E700BFF4
:1024C00000B00D4000A0014000800D4000A00D4074
:1024D000D3C007B02D3FF84FF3FFFF01445D00204C
:1024E000012300EB4000800000F1804000F58410E3
:1024F00041600360704700BF10B5002482B00B46F6
:10250000E48A002141E800F1CDE900034B0254BF09
:102510001021042144F25220A047DDE90023864621
:102520000A214FF48170F44602B0BDE810406047C4
:102530000023DB8A002242E800F2520201D410217B
:1025400018470421184700BF08B503460846191E5E
:1025500002DB1AB140F03000FFF7CEFF40F0200060
:10256000FAE700BF034AD2F82838002BFBD0BFF3AC
:102570005F8F704700000E400021044B044ABFF3F8
:102580005F8F43F8041B9342F9D170470C080E404B
:102590002C080E404FF42A6C4FF48D70054A064B00
:1025A0000649C2F800C0D06019605368002BFCDAFD
:1025B000704700BF0080044000A0044000B0FA0053
:1025C000704700BF08B50148FEF780FE905001102B
:1025D00038B5054C054DAC4204D254F8043B98473D
:1025E000AC42FAD338BD00BF884A0110C84A011076
:1025F0000648DFF828C0064B064A0749C0F800C065
:102600001A608B6832EA0303FBD170470020024056
:1026100000300240F6FFF303000002407F3BEFEF83
:10262000044BDB6CB3F5004F03D14FF48022024B17
:10263000DA64704700001150002011504FF0E02282
:10264000044BD2F8881D0B43C2F8883D10EE3004CD
:10265000704700BF030330006FF06041044B054A30
:1026600019609368DB4333F06043FAD1704700BFD1
:10267000003002400000024010B545F25320FFF741
:1026800057FFBDE8104003460420184710B545F237
:102690005320FFF74DFFBDE81040034601201847C7
:1026A000FEF704BF1349144B70B55C1AA508442DFE
:1026B0002A4628BF4422114E9200304612F0C0F93B
:1026C000432D13D80E4A0FD0C5F1440033194108E9
:1026D00003EBC101C3E9002208338B42FAD1C307DF
:1026E00004D520F00100054446F82520054B9E60E6
:1026F00070BD00BF0000001010010010000000209D
:102700001101001000ED00E0002370B52B4C82B0E9
:10271000C4F88430FFF73EFF0122294BDA63636C73
:10272000012BFCD10321264A244B11639C6B012C05
:10273000FCD10226052521460523224A224800967F
:10274000FFF726FE21462B46204A21480095FFF739
:102750001FFE0022042031461E4BFFF7A5FD214637
:10276000284600221C4BFFF79FFD0022082011463F
:102770001A4BFFF799FD002209201146174BFFF76E
:1027800093FD002206201146134BFFF78DFD00221A
:10279000114B07201146FFF787FD0420FFF7F2FDDC
:1027A00000240F4BA3FB0035AD0CE0B229460134E9
:1027B000FFF796FE062CF8D102B070BD0000014074
:1027C00000300140002F685900000540008C86470A
:1027D00000800540001BB70080D1F008006CDC02CF
:1027E00083DE1B43000000002DE9F04FC1F30A59BE
:1027F00016461F4689B0A9F2FF38B9F1000F30D054
:1028000040F2FF7291452CD00024C9F57F7203324B
:10281000201801EB025101F018F987A3D3E9002336
:1028200000F004FD0022864B04460D4600F002FE37
:1028300048B1204629460022824B00F0BFFC0446E6
:102840000D46A9F2FE38B8F1000F22D132463B46C0
:102850002046294600F0C6FC09B0BDE8F04F00F064
:10286000ABBA01F0F2F874A3D3E9002300F0DEFC68
:102870000022734B04460D4600F0DCFD48B12046B3
:10288000294600226F4B00F099FC04460D46A9F240
:10289000FE383046394600226B4B00F0B7FD48B198
:1028A000B8F1000F4FF00000C0F2B680674909B0E0
:1028B000BDE8F08F304639460022654B00F092FDAE
:1028C0008146002840F0A2803046394600F032FAB6
:1028D0000B46024682468B463046394600F06EFC77
:1028E0001A22CDE9020100F003FA00F023FAC1F345
:1028F0000A5340F2FF7C06460F464BB1634507D0B2
:102900001A2BD5BF4E46064601F00047A1F1D077FD
:102910005946504600F00AFD8146404600F0E2FC70
:1029200032463B46CDE9040100F05CFC82468B4612
:1029300000F000FA0A4601461346CDE900120246AD
:102940005946504600F03AFCDDE902AB32463B46C0
:10295000CDE906015046594600F030FCDDE904237C
:1029600000F040FCDDE9062300F014FCCDE9040191
:10297000484600F0B7FC22462B4600F033FC0646E2
:102980000F4600F0D7F90A4601461346CDE9021278
:1029900002463946304600F011FCDDE9042300F020
:1029A000F9FB06460F4622462B465046594600F094
:1029B00019FC32463B4600F0EDFB00F0FDF9C1F397
:1029C0000A5440F2FF730D460646002C3FF46FAFE9
:1029D0009C423FF46CAFDDE9000100F0A7FC08FB6E
:1029E00009F70744DDE9020100F0A0FCC3191C440B
:1029F000002C1ADD40F2FE72944211DD05F0004514
:102A000045F0FF41002041F4E00150E7B8F1000F2C
:102A10004FF00000FFF64AAF002109B0BDE8F08F8B
:102A2000002205EB0351901941E7002005F0004119
:102A30003DE700BFAFF30080EF39FAFE422EE63FDC
:102A40000000E03F0000F03F0000B0400000F07FD9
:102A50000000B0C0012A2DE9F84F6CD002EBD27310
:102A60005B10012B06460F46144698464FD013467E
:102A7000002AB8BFD31C9B10012B994600F082801E
:102A80001346002AB8BFD31DDB10012B9A4658D03D
:102A90001346002AB8BF02F10F031B11012B9B46FE
:102AA00073D01346002AB8BF02F11F035B11012B3C
:102AB0001D4674D0002AB8BF3F329211FFF7CAFFFB
:102AC00002460B4600F08EFBED0702460B465FD434
:102AD0001046194600F086FB1BF0010F02460B461C
:102AE00005D032463B4600F07DFB02460B461046C1
:102AF000194600F077FB1AF0010F02460B4622D070
:102B000032463B4600F06EFB02460B461BE0024697
:102B10000B461046194600F065FBE40702460B46DB
:102B200005D532463B4600F05DFB02460B4610469B
:102B30001946BDE8F88F02460B4610461946BDE817
:102B4000F88F02460B461046194600F04BFB19F071
:102B5000010F02460B4605D032463B4600F042FBD1
:102B600002460B461046194600F03CFB18F0010FD8
:102B700002460B46CDD032463B4600F033FB0246C0
:102B80000B46C6E702460B46ECE702460B46AEE7AD
:102B900032463B4600F026FB02460B4698E70246CB
:102BA0000B4695E700292DE9F04716461F460446D7
:102BB0000D4680F28D80C3F30A53A3F2FF33342B0A
:102BC00026D84FF0FF31C3F1340CC3F1140801FAD9
:102BD00008FA01FA0CF9A3F1140E49EA0A0921FADC
:102BE0000EFA49EA0A0901FA0CF122EA010127EA80
:102BF000090951EA09010BD173B322FA0CF007FA63
:102C00000EFE40EA0E0027FA08F21043C30723D451
:102C100005F100431D46A04699463046394600F06E
:102C200085FB2B0D8246024607D040F2FF7083429F
:102C300003D0C5F3130121431DD0BAF1000F17D003
:102C40000AF12003402B30D932463B4640464946E4
:102C5000BDE8F047FFF7C8BD3B463246204605F1C8
:102C60000041FFF79FFF01F100431946BDE8F087DF
:102C700000201C49FAE71C4AA3F2FF335245B8BFB3
:102C800052468242A8BF024602FB03F101F2FF3323
:102C9000002B20DD40F2FE7293421FDC002211481F
:102CA00000EB015319461046E0E7BAF1000F09DACC
:102CB00042464B4600200B4900F0B8FA8046894650
:102CC000CAF1000240464946BDE8F047FFF7C2BEE0
:102CD00080468946A1E700200021C7E7002003497C
:102CE000C4E700BF0000F03F00F8FFFF0000F07FE6
:102CF000C1F30A53C3B110B540F2FF7E73450ED045
:102D00001344002B8C460BDD40F2FE718B420CDD30
:102D100000200CF0004C4CF0FF4141F4E00110BDEC
:102D2000002001F0004110BD704700230CEB025160
:102D3000181810BDC1F30A53A3F2FF33B3F1FF3FDC
:102D40000A462CDB2FD0332B28DC012170B5064638
:102D50000220C3F13304C3F1130E133B21FA03F332
:102D600001FA0EFE4EEA030EA4F1200C01FA04F360
:102D7000C4F120059B1920FA05F100FA0CFC00FAB9
:102D800004F042EB0E024CEA010ED0F1000C6EEBA7
:102D90004E0E0CEA03000EEA020170BD70470020DF
:102DA00001F00041704701F0004242F07F510020E5
:102DB00041F44011704700BF40F6FF7CBCEB115F4F
:102DC00040D0F8B500222A4B05460E4600F00AFB1B
:102DD000A8BB002228463146264B00F017FB0446CC
:102DE00098BB28463146FFF7A5FF00F09FFA07463B
:102DF00000F078FA02460B462846314600F0DEF92C
:102E000019A3D3E9002300F0EDF900F0A0FCC1F311
:102E10000A5340F2FF7C86460A467BB163450DD0DB
:102E20003B44A34214DD40F2FE718B4214DD204688
:102E300002F0004242F0FF4141F4E001F8BD002001
:102E40000021F8BD00200021704700200A49F8BD8C
:102E5000204601F00041F8BD14EB0E0002EB0751D3
:102E6000F8BD00BFAFF30080EF39FAFE422EE63F17
:102E70000000B0C00000B0400000F07F2DE9F04F2E
:102E800014461D4683B00022AD4B8046894600F0B3
:102E900083FA002840F08180C5F30A572E46BA46CF
:102EA0000194002F44D0404649460022A54B00F033
:102EB00073FA002841D040F2FF739F4238D040F2AD
:102EC000FF722B0D934200F0938040F2FF319D4B37
:102ED00040F6FF72300D904200F0A580AAF2FF325A
:102EE000002AC0F20A81332A19DC4FF0FF31C2F107
:102EF000340EC2F1140C01FA0CFC01FA0EF0143A73
:102F000021FA02F240EA0C001043019A01FA0EF194
:102F100022EA010126EA0000014340F0EE80224649
:102F20002B464046494603B0BDE8F04FFFF73ABE96
:102F30000020834903B0BDE8F08F4B46C9F30A5225
:102F4000190D7ABB8542A7F2FF3235DB342A54D8FB
:102F50004FF0FF332746C2F13400C2F1140403FAE4
:102F600004FC03FA00F1A2F1140541EA0C0123FA72
:102F700005FC41EA0C01834027EA030326EA01012C
:102F80000B433AD14AB1C74006FA05F547EA0500B6
:102F900026FA04F42043C1072FD54046494603B022
:102FA000BDE8F08F40F2FF70814243D1002D4FF019
:102FB00000001EDA0021BDE7342A19D84FF0FF3196
:102FC0002746C2F11405C2F1340401FA05FE01FAE4
:102FD00004F0A2F1140C40EA0E0021FA0CFE40EAC3
:102FE0000E00A14027EA010126EA0000014307D0B4
:102FF0000020554903B0BDE8F08F0020002199E77B
:1030000000204AB1E74006FA0CFC47EA0C0426FA15
:1030100005F52C43E207ECD503F0004343F0FF41F4
:1030200041F4E00186E740F2FE3399424FF00000A0
:10303000DFDDBFE740F6FF70814271D1002DA7F2BE
:10304000FF332CDB342BD3D84FF0FF322746C3F1AC
:103050003400C3F1140402FA04FC02FA00F1A3F1F3
:10306000140541EA0C0122FA05FC41EA0C018240F8
:1030700027EA020226EA01010A43B9D1002B48D00F
:10308000C74006FA05F547EA050026FA04F420438E
:1030900010F0010F4FF00000ABD02C494AE7342B61
:1030A000ABD84FF0FF322746C3F13400C3F114040C
:1030B00002FA04FC02FA00F1A3F1140541EA0C0142
:1030C00022FA05FC41EA0C01824027EA020226EAC4
:1030D00001010A4391D1FBB1C74006FA05F547EA61
:1030E000050026FA04F4204310F0010F4FF0000011
:1030F0003FF460AF4FF000411CE7002BFFF678AFC4
:1031000022462B464046494603B0BDE8F04FFFF744
:103110006BBB00200D490DE700204FF0004109E78F
:1031200040F2FF77280DB84211467FF4D1AE40F24D
:10313000FE339A424FF000007FF73CAF59E700BFE3
:103140000000F03F0000F0BF0000F07F0000F0FF43
:1031500086B003B451FC0804CDE9020151FC090416
:10316000CDE9040151EC0A04CDE9060103BCF047A6
:10317000BDE800504EEC00C4BDE800504EEC01C468
:10318000BDE800504EEC02C400BD000000B5FFF7E2
:10319000DFFF02E010FE30F4F8D441EC100443EC01
:1031A000112400EE010410EE010480EE200451EC25
:1031B0001004704700B5FFF7CBFF02E010FE30F4BB
:1031C000F8D441EC100443EC112400EE010410EE9D
:1031D000210480EE200451EC3004704700B5FFF765
:1031E000B7FF02E010FE30F4F8D410B541EC100443
:1031F00043EC112451EC040453EC0524A0FB024CD5
:103200005FF0000EE0FB03CEE1FB02CE4CEC20446D
:103210000024E1FB03E444EC30E480EE200451ECB4
:10322000500410BD00B5FFF793FF02E010FE30F42C
:10323000F8D441EC100443EC112451EC2104A0FB20
:1032400001126FEA820252FB100052FB12F252FB93
:103250001000A0EBD07C53EC04245CFB13F153EC86
:103260001524A1FB022001FB030053EC4424A2EB34
:10327000000050FB1CF24FEA111312EB017043EBFC
:10328000E27140EA515020EA915020F0070053ECDF
:103290007524A0FB023C53EC752400FB03CC01FB1E
:1032A00002CC53EC0424ACEB824C40EA5C70A0F1FD
:1032B000010041EC400480EE200451EC70047047A2
:1032C00000B5FFF745FF02E010FE30F4F8D441EC02
:1032D000100480EE220410EEB204704700B5FFF730
:1032E00037FF02E010FE30F4F8D440EC700400EE3A
:1032F000010410EE210480EE200451EC30047047EC
:1033000000B5FFF725FF02E010FE30F4F8D440ECE2
:10331000600400EE010410EE210480EE200451EC64
:103320003004704700B5FFF713FF02E010FE30F4E1
:10333000F8D441EC800400EE010410EE010480EEAC
:10334000400410EE1304704700B5FFF701FF02E0E0
:1033500010FE30F4F8D441EC800400EE010410EECD
:10336000010480EE400410EE3304704700B5FFF70F
:10337000EFFE02E010FE30F4F8D441EC100443EC10
:10338000112400EE010410EE3004C0F30070704709
:1033900000B5FFF7DDFE02E010FE30F4F8D441EC9A
:1033A000100443EC112400EE010410EE3004C0F3CD
:1033B0008070704700B5FFF7CBFE02E010FE30F4DE
:1033C000F8D443EC102441EC110400EE010410EE9B
:1033D00030F48CBF01200020704700BF00B5FFF71C
:1033E000B7FE02E010FE30F4F8D443EC102441ECB8
:1033F000110400EE010410EE30F42CBF0120002077
:10340000704700BF00B5FFF7A3FE02E010FE30F4E6
:10341000F8D441EC100443EC112400EE010410EE4A
:1034200030F42CBF01200020704700BF00B5FFF72B
:103430008FFE02E010FE30F4F8D441EC100443ECAF
:10344000112400EE010410EE30F48CBF01200020A6
:10345000704700BF404261EB410140F2F334B1FAE2
:1034600081F20C2A0CD2153211FA02F3C2F12002B9
:10347000D04021FA02F12244584141EB02517047F9
:1034800069B1C2F12B0230FA02F3C2F1200291407D
:1034900090401943A4EB020201EB02517047010076
:1034A0004FF00000A4F12004D9D17047012767F341
:1034B0001F5117FA03F817D0A0FB080701FB08718A
:1034C000A1FB06785FEAD8469219A6FB047806FBB2
:1034D0000588090351EA1051D7EB003061EB080170
:1034E000A94238BF70470BE00C33012717FA03F8E5
:1034F0000FD0A0FB080701FB0871A94238BF704735
:1035000008BFA04238BF7047001B61EB05010132C4
:10351000704703F1200311FA03F6D3F12003D840DA
:10352000D940304370470000000000000000000058
:103530000453B1086018850FC8E5F22A6E07271EEC
:103540000D12B2210412572F12557CBCDA30723F93
:1035500017A717A55531994E9D0DBF0AEEE0AB5F39
:10356000E3EF6D9C7636AD6F697BCCE33D62BD7E4B
:10357000F0810682F3FA428F37D5B78A5313C89E7B
:103580007FABB320491570AF0000000000000000C1
:10359000025E88155580FF00907806B1A602FE01F4
:1035A000DC4E21F0EB88FB027A7C801F1615F803B5
:1035B0003C5DA9D110A9F304AA466CF5C146EE05FD
:1035C000FF65E4EB09F0E70613C00C9EC3A6E00715
:1035D000E1BFEC91C46CD808D5AF5EFFDC43CF09E6
:1035E000466A72E4D72DC50A237E6E197B2CBA0B6E
:1035F000BFF571648741AE0C61DFB88CB86EA10D68
:1036000009A9856DC5B5930E3153B1086018850FB2
:103610003071E498359875105915550580FF0F00E5
:1036200009C3EB8F80FB2F00B1910E9A82F34F00FC
:103630001FE7FD2287E76F00C3A09A298FD78F006D
:103640004F4366AC9BC3AF00412A83A9ADABCF000B
:103650004FB7B41EC68FEF00B6815F09E66F0F014A
:10366000678589660E4C2F011A52DA3240244F01C9
:10367000483A9B6A7CF86E01FF81B709C4C88E0185
:103680009C8DBC0B1895AE017010DA6B795DCE0184
:103690003A3BE224E921EE0138739533427FECA0F6
:1036A0003114FAF5BD8689916B02FAE6E0F2918356
:1036B000E682120713A85177212621686AB2736A3D
:1036C0009D0DBF0AEEE0AB5F19B4E0B71CB66A54BB
:1036D0009596E53DEF07A548D1CBE555DC0E4E3C70
:1036E000CE68ADE839B5A432CB3CFA96D9569A28C3
:1036F000C9B21CA1F9FCAE21864B6BE58AD2F0164B
:103700000453B1086018850F02C00C9EC3A6E007E1
:103710000000000000000000AC79CFD1F71772B1B3
:10372000293BAAB84FEAC12040F00040490043F1CC
:10373000200340F20001C3F6F071C3F10B0320FA3D
:1037400003F038BF7047404261F1000170475FEA03
:10375000D17CC1F30A53A3F2FF330C2B62DA13F1CD
:10376000200FDFDD2DE9F0413C4C70CC4FF0000222
:10377000FFF79CFE1CF0010F04D06FEA0202201A32
:1037800065EB010102F2FE3C40F2FE739C455CD207
:103790000A0F334B03EBC2030CCB02F03F0545F09D
:1037A0004005801A99410A0E2E4B03EBC20318CB39
:1037B00002F580725543C01AA1414A0D2A4B03EB12
:1037C000C20318CB124402F5805205FB0255C01A01
:1037D000A1418A0252EA905242F1000282FB023475
:1037E0005B0D53EAC423C01841EB545184FB0234EF
:1037F0004FF0553383FB043454FB11F304EB930473
:1038000010EB440241EBE473E900A1FB0240C1FB71
:103810000301400A50EBC1504FEA512151EB0C51CA
:10382000BDE8F081B3F5806F07D150EA01320CBFDB
:1038300021EAE17141F400217047002000211CF0D1
:10384000010F08BFC7F6F07170474FF000004FF04E
:103850000001A8BFC7F6F071BDE8F081183700106D
:1038600028350010883500101836001040F200018D
:10387000CFF6F0710020704750EA013218BF41F4D2
:10388000002170477FEAA65540F019814FF480541B
:1038900020E18CEA11331B0640F0EE80BCF1000FF2
:1038A00067D1C90451EA5031C004B1FA81F4202C27
:1038B0004BD20125A540A0FB052301FB0533A0FB4E
:1038C00003C5A1FB02C6E1FB6356B2EB152263F10F
:1038D0000003B2EB066273EB1623A0FB06C7A1FB45
:1038E00005C8E1FB66784FF05535A7FB05C65FF0CC
:1038F000000CE8FB056C16EB0C064CF1000C12EB0F
:10390000963243F1000312EB8C4243EB9C3358FB9D
:1039100011F55FF0333755FB11F656FB17F8A5EBA1
:10392000581756FB11F5C2F6802656FB15F507EB26
:103930001537B2EB472063EBD751C4F58064A4F18F
:103940001504FFF78CFDBDE8F081B0FA80F410FAA1
:1039500004F1A0FB01234FF00000B0EB132061F154
:103960000001C4F58064A4F13504FFF778FDBDE8DB
:10397000F081890451EA90318004404261EB4101B9
:10398000B1FA81F4202C4ED2013C0125A540A0FBC8
:10399000052301FB0533A0FB03C5A1FB02C6E1FB28
:1039A000635612EB152243F1000312EB066253EB50
:1039B0001623A0FB06C7A1FB05C8E1FB66784FF004
:1039C0005535A7FB05C65FF0000CE8FB056C16EB50
:1039D0000C064CF1000C12EB963243F1000312EB93
:1039E0008C4243EB9C3358FB11F55FF0333755FBAA
:1039F00011F656FB17F805EB581756FB11F5C2F6F2
:103A0000802656FB15F507EB153712EB472043EBE5
:103A1000D751C4F58064A4F11504FFF720FD41F0EF
:103A20000041BDE8F081B0FA80F410FA04F1A0FB87
:103A300001234FEA1320C4F58064A4F13504FFF795
:103A40000EFD91F00041BDE8F0815FEA410CBFF44A
:103A50000DAF5FEA5C5C3FF409AFACF2FF3CBCF534
:103A6000806F3FF409AF012262F31F512DE9F0414D
:103A7000BCEBEC7F3FF40DAF0C0C4E4D05EBC405D9
:103A800095E80C0002F03F0505F14005A5FB000696
:103A900005FB01616FEAE14404F01F04464D05EBAC
:103AA000C40560CD521943EB060304F58074A4FBF2
:103AB000000604FB01667FEA26643FF4E3AE3F4D57
:103AC00005EBC40522CD521843EB050341F2010575
:103AD00005EB44046404A4FB0050C4EBC401E4FB04
:103AE000060180EAE17481EAE175A5FB0567A4FBA4
:103AF00005487F084FEA360616EB080647F100072F
:103B00008C0254EA905444F10004801B61EB0701DD
:103B100054FB14F555FB14F655FB15F74FF05534CF
:103B200056FB14F6B6EB173610EB860041EBA67188
:103B3000101A63EB0101224A24CA1CF1010C0BDDAF
:103B4000A2FB0C230024E5FB0C34121A8B4164F118
:103B500000045FF080410CE0DCF1000CA2FB0C23C0
:103B60000024E5FB0C3482184B4144F100045FF063
:103B700040414CB91C0013000022B1F100711CB986
:103B80001C000023B1F10071B4FA84F5A5F11D0603
:103B9000A1EB0651AC4013FA05F0C5F12005EB404E
:103BA0001C43EA401043C00A50EB445041EBD4217F
:103BB000BDE8F08118360010883500101836001066
:103BC00018370010012956D001EBD1725210012A8A
:103BD00007EE100A0B4645D0F0B50029B8BF0331F7
:103BE000891001290C4685B062D01946002BB8BF58
:103BF000D91DC91001290D4642D01946002BB8BF66
:103C000003F10F01091101290E4654D01946002B6A
:103C1000B8BF03F11F01491101290F4651D01946C0
:103C2000002BB8BF03F13F018911CDE902230190B8
:103C3000FFF7C8FFDDE9022307EE900A17F0010F36
:103C400067EEA77A9DED017A38D1F60767EEA77A7D
:103C500001D567EE877AED0767EEA77A12D567EE92
:103C6000877A0FE067EE077ADB0748BF67EE877A4F
:103C700017EE900A704707EE900A17EE900A704709
:103C8000F0EE477AE00767EEA77A01D567EE877A0C
:103C900067EEA77AD10748BF67EE877ADA0767EE43
:103CA000A77A01D567EE877A17EE900A05B0F0BDC6
:103CB000F0EE477AECE7F0EE477ACCE767EE877AEA
:103CC000C3E7F0EE477AC0E710B5021E0C4682B09B
:103CD00014DAC1F3C7537F3B172B0CD80120C3F173
:103CE000170C00FA0CF00138084204D173B321FA22
:103CF0000CF1CB072AD402F10042104607EE904A9D
:103D0000FDEEE77A12F0FF4317EE901A05D0B3F1FB
:103D1000FF4F02D0C2F3160323B301B301F1200316
:103D2000402B2FD910F07CFEFFF78FFE02460B468A
:103D30002046CDE9002310F073FEDDE90023FFF7F4
:103D400051FAFFF704FDFFF7BFFA06E0214602F142
:103D50000040FFF7B9FF00F1004002B010BD4FF086
:103D60007E50FAE7D20D7F3A01F3080101FB02F31E
:103D700003F17F02002A15DDFE2A15DCDB0503F1C5
:103D80007E50EAE7002908DA07EE100AF7EE007A1B
:103D9000C7EE877A17EE900A494202B0BDE810409C
:103DA000FFF710BF0020D8E74FF0FF40D5E700BF76
:103DB000C0F3C7537F3B591C02460CDB0ED0162BB9
:103DC00008DC01216FF00100C3F1160399400A4499
:103DD00098401040704700F00040704700F00042EB
:103DE00042F07E50704700BFC0F3C7530246A3B1F4
:103DF0007F3B0CD4162B0FDC0120C3F11703984036
:103E0000431ED10F01FB032240421040704700289F
:103E100001DA034870470020704700F00040704707
:103E2000000080BF08B500F007FBDFED047A07EE65
:103E3000100A67EE277A17EE900A08BDD95BDE3EBE
:103E400007EE900AB7EE007AF4EE477AF1EE10FA38
:103E50002DD011F0FF420B4626D0FFEE006AF4EEA3
:103E6000667AF1EE10FA10B582B021D1B2F1FF4FAF
:103E700067D0CA0DFF2A43D05D4812F0FF020CD074
:103E80007F3A64D4162A08DC4FF0010CC2F1170205
:103E90000CFA02F2013A1A4259D117EE900A02B016
:103EA000BDE81040FFF710BF17EE100A70477047CB
:103EB00010F0FF4F19D100294FEAD1522ADB7F3A87
:103EC000172A24D80121C2F1170081400139194273
:103ED0001DD1CAB39FED477A23FA00F010F0010F0D
:103EE00047FE277A17EE900A08E04FEAD05CBCF153
:103EF000FF0F45D1002B0ADB4FF0FF4002B010BD91
:103F000040F27F1C5FFA8CFCBCF17E0FF4D80020DD
:103F100002B010BDD2B27F3A172AEDD80121C2F10A
:103F2000170C01FA0CF101391942E5D122B123FA3B
:103F30000CFC1CF0010FDFD000F0004040F0FF400F
:103F4000DCE717EE100AD9E717EE900AD6E700284B
:103F5000D2DB17EE900A0C4610F062FDFFF775FDFC
:103F600002460B462046CDE9002310F059FDDDE95D
:103F70000023FFF737F9FFF7EAFBFFF7A5F9BDE7E5
:103F800040F2FF1EF4454FEAD3520AD0FF2AB9D0BF
:103F900072457FF472AF5FFA8CFCBCF17E0FABD937
:103FA000B5E7002B10DB7F3A172AA5D80121C2F113
:103FB00017008140013919429ED11AB123FA00F04D
:103FC000C20799D50C4899E7D2B27F3A172A9ED8F2
:103FD0000121C2F1170081400139194297D11AB16C
:103FE00023FA00F0C30792D54FF0004086E700BFE8
:103FF000000080BF00000000000080FFC0F3C75237
:10400000FF2A44D08C46C1F3C75100293FD030B5B8
:10401000C40F254612B9ECBB002030BD8A42FCDB40
:10402000C0F31600CCF3160C521A40F400004CF406
:10403000000E32D04FF0FF334FEAEE1CB3FBFCF31F
:104040001C460C2A9446A8BF4FF00C0C431204FBEC
:1040500003F300FA0CF0A2EB0C02CCF11D0C43FAB6
:104060000CF301335B10002A0EFB1300E9DC8645DC
:1040700016DCA0EB0E00864501DCA0EB0E0005B1BE
:104080004042C1F19601BDE8304000F059B84FF010
:10409000FF4070474FF0004030BD7045EFDBECE76C
:1040A0000028ECDA10EB0E0048BF7044E7E700BFD1
:1040B0000022002980F2A880404261EB4101B1B3A7
:1040C000B1FA81F3083B16D4994010FA03FCC3F10E
:1040D000200320FA03F040EA0100A2EB0302C2F140
:1040E00095021CEB0C0C40EBC25040F0004020D07D
:1040F000FE2A16D2704703F1210311FA03FC5CEA91
:10410000000CC3F1210321FA03F0A3EB020202F138
:10411000B50240EBC25040F000400AD0FE2A38BF42
:1041200070474FF00040A8BFCFF68070704711462F
:1041300009E028BF20F00100FE2A38BF7047F0E7F1
:10414000002832DA4042B0FA80F3083B0CD49840A1
:1041500001EB0302C2F1950200EBC25040F00040B7
:10416000FE2A38BF704713E003F1210310FA03FC65
:10417000C3F1210320FA03F0A3EB010202F195023F
:1041800040EBC25040F0004008D0FE2A38BF7047D4
:104190004FF00040A8BF40F0FF40704728BF20F01C
:1041A0000100FE2A38BF7047F2E720B3B0FA80F36F
:1041B000083B0AD4984001EB0302C2F1950200EBE0
:1041C000C250FE2A38BF704711E003F1210310FAF4
:1041D00003FCC3F1210320FA03F0A3EB010202F177
:1041E000950240EBC25007D0FE2A38BF7047ACBFE3
:1041F0004FF0FF400020704728BF20F00100FE2A4A
:1042000038BF7047F3E7002289B3B1FA81F3083B66
:1042100014D4994010FA03FCC3F1200320FA03F0F0
:1042200040EA0100A2EB0302C2F195021CEB0C0C68
:1042300040EBC2501DD0FE2A14D2704703F1210377
:1042400011FA03FC5CEA000CC3F1210321FA03F02C
:10425000A3EB020202F1B50240EBC25009D0FE2AE4
:1042600038BF7047ACBF4FF0FF4000207047114689
:104270009BE728BF20F00100FE2A38BF7047F1E716
:10428000000000000000000000000000DB60BE280D
:104290004A059193F4D5097F70374D7D66A5D836D0
:1042A00010E4104FAFF224024B1102EB830201F035
:1042B0001F034FF001049C40A4FB0034D568A5FB0C
:1042C0000456956805FB0466E5FB0356556805FB37
:1042D0000366704700000000C11545D4852932DA15
:1042E000012262F3DF507E392AD400FA01F041F650
:1042F0009553C5F6554380FB03012BA292EC034A6C
:10430000820D61F39A2200EE102ABBEEC00A60EE25
:10431000000AC1F3444220EE042A26A320EE201A0C
:1043200053F8222000EEA42A891501EE052A02EB9B
:10433000C15200EE102A00EE020A10EE100A704779
:104340004942C840D3E747F21822C4F2B122904252
:10435000C6D3B0F1FF4F02D950F48000704740F24D
:104360000000C7F68070704711F17B0F0CDA012254
:1043700062F3DF50823105D54942C84040F1000068
:104380004042B4E78840FBE74AF64F42CCF2AE2207
:104390009042ECD910F5000F02D950F4800070471C
:1043A0004FF00000704700BF1872313FF0FD753EBE
:1043B0004758633D0000803F87CD823FC3AA853FB9
:1043C0000F98883FC2958B3F3AA48E3FD3C3913F4D
:1043D000F0F4943FF037983F3A8D9B3F32F59E3F83
:1043E0004370A23FD7FEA53F5BA1A93F3F58AD3F19
:1043F000F623B13FF304B53FAFFBB83FA408BD3F80
:104400004D2CC13F2A67C53FBEB9C93F8C24CE3F62
:104410001EA8D23FFD44D73FB8FBDB3FDFCCE03FD7
:1044200007B9E53FC7C0EA3FBAE4EF3F7D25F53F56
:10443000B383FA3F00000000B0F1FF4F3ED2C11538
:104440003ED04FF0010262F3DF5038BF400026A398
:1044500093EC034AAFF21C0303EB104323F0070372
:10446000D3E9002300FB02F040EC103AFAEEC00A58
:1044700020EEA01A61F17E0160EE811AC90521EEDD
:10448000012A40F6FC3221EE041AC5F6B90261EEAB
:10449000A41A51FB12F122EE052A03EE901A71EED6
:1044A000C21AFAEEC53A31EE611A70EEC10A30EE68
:1044B000200A30EE230A10EE100A704705DC0BD0FC
:1044C00010F1FF4F09D310F5000F40F4800003D81E
:1044D00040F20000CFF6C070704740F20000CFF607
:1044E00080707047AFF300800000003FABAAAA3E87
:1044F0000000803E000000005501000001CB92BE8C
:1045000048010000C3C87DBE3B010000685F54BE87
:104510002F010000C7992CBE250100002C3C0ABECB
:104520001A0100002F1AC6BD11010000C2AC83BDE4
:1045300008010000D814FCBC0001000000000000CD
:10454000F8000000EC0A023DF10000008E51773DBA
:10455000EA0000009806B83DE40000003B39ED3D5C
:10456000DD000000088B163ED800000003FA2D3E47
:10457000D2000000D7D24A3ECD000000DE7F633E6D
:10458000C8000000E3C87C3EC3000000E65A8B3E32
:10459000BF00000084F7953EBA0000006E8CA33E79
:1045A000B6000000EFADAE3EB2000000C40EBA3E51
:1045B000AE000000CDB1C53EAB0000005F99CE3E1D
:1045C000410201D150F0004050F480007047F0B536
:1045D000012363F3DF50C1F109014FF07E07FFF7BC
:1045E00061FEB30F53F100039C44B6EB8376B20037
:1045F00028BF5242B2F1805F0BD20231FFF752FE68
:1046000096EA260242F10002B2F1805F01D2023F37
:10461000F3D50A4CA2FB0424B4FA84F29440240A91
:10462000A7EB020244EBC250C10DD1F17F01F60F9E
:1046300000EBC673BDE8F04073E00000A2DA0FC9DA
:1046400011F1800FBCD030EACC7248BF0CF1020CE3
:1046500020F0004000EE100A0DA2F2EC032A22EE38
:10466000802A11F1080FB9FE422AB0DDA2EE630ADA
:10467000A2EE430A10EE103AFDEEC21AC3F3C7527F
:10468000782AA4D3D2F17F0111EE902A944448E015
:1046900083F9223F7A7795B60010C93F07B5C0F37A
:1046A000C751FF2925D000F032F8BDE80640CEF80A
:1046B00000000ED2C9438CEAD17C63EEA02AE1EE61
:1046C000032A73EE622A12EE900A80EACC70106020
:1046D00000BD8CEAD17C21EE232AA3EE602A8CEA6D
:1046E000D37133EEC22A12EE100A80EAC170106054
:1046F00000BD4102BDE80E4001D150F0004050F431
:1047000080001060186070475FF0000C01E05FF0FF
:10471000010CC0F3C751A1B3D1F17F0190D920EAB8
:10472000CC7323F0004000EE100AC0F38440203028
:1047300030FA01F1834A51F10001B2EC024A02EB76
:10474000810202EBC102D2EC032A70EE620A20EE73
:10475000A01A5FEA5C0C61EE201A15D221EE041A51
:1047600061EEA41A70EEE10A21EE232AA3EE602A7C
:104770008CEAD37133EEC22A12EE100A80EAC170BD
:10478000704700F00040C7E761EEA41A70EEE10A3E
:1047900021EE041A63EEA02AE1EE032A73EE622AE8
:1047A00012EE900A80EACC70704700BFAFF3008031
:1047B000C1FEFF3E25AA2A3E000000000000803F07
:1047C0000000000061C9FC3CCDE07F3F1CBFFC3C09
:1047D0007605813DFE7D7F3F9EEF803D090CBF3D0C
:1047E0000FE37E3F22C5BE3DB624FF3D14047E3F4D
:1047F000E27BFE3D13071F3E48EB7C3FA0631E3E5D
:104800006D30403E1D817B3F15103F3EA2AD603EA6
:10481000CFDC793F3EE15E3E7B0D803EFA08783F7B
:1048200096717D3E6E988F3E65FF753F68B88D3EF0
:10483000F4E19F3E939E733FFD4B9D3EC654B03EB8
:10484000AEF7703FB3DDAC3EC589BF3E604B6E3FF7
:104850000A1ABB3E26C4CF3ECA356B3F631CCA3E14
:10486000F254E03E66D1673F0739D93EDDF0EF3EB6
:104870004B66643F1641E73E312B003F8894603F12
:104880000FC3F53E07E4073FA2C55C3F2B99013FEC
:10489000C51F103F8F7D583F65A1083F8AF6173F1F
:1048A000B534543FCA310F3FE2FF1F3F599B4F3F82
:1048B000D7C8153F4606283F6BCF4A3FC4371C3F39
:1048C0004130303FE0B9453FE49A223FA71D383FD1
:1048D000CA98403F20A6283F2FC73F3FAC763B3FBA
:1048E0004A562E3FDB13483FCCB6353F6B52343F20
:1048F00079C74F3F2F35303FD0B4393F52DD573F56
:1049000070412A3F912D3F3F26CE5F3F9F3E243F7F
:10491000C35D443FF125683F50C21D3F1C9D493F88
:10492000E13B703F4150173FBF7E4E3F7810783FCC
:1049300071ED103FAF06533FD4F47F3FA75A0A3FB3
:104940009B64573FB04700109A4238BF8854704765
:10495000704700BF2DE9F04F83B00F461146DDE9E7
:104960000EB292079846DDE90C93064629D00D4613
:104970009BB109EB030405EB040A01950D460D9369
:10498000AAEB040214F8010D43463946B047A1458D
:10499000F6D129460D9B019D1D440F9B9B070CD50D
:1049A0006C1AA34509D92A464346394620200134CA
:1049B000B0475C4505F10105F5D3284603B0BDE8D5
:1049C000F08F5B4515D28A461C468946ABEB030542
:1049D0000D4452464346394620200AF1010AB047A9
:1049E000AA45F6D149462346DDF83090002CC0D1C7
:1049F000E3E70D46002BBCD1DFE700BF2DE9F04F08
:104A00000F460F9906469DF82C008D079046DDE96C
:104A10000CA299468346099CDDF828C00E9B49D418
:104A2000002B42D1944545D201F0010504F1FF3E2F
:104A30003020E64405E00CF1010C62450EF8010F50
:104A400002D9BCF1200FF6D1002D00F0878063451C
:104A500030D9601E4FF0300E604405E00CF1010CBF
:104A60009C4500F801EF25D0BCF1200FF6D1CD0612
:104A70000ED5480551D4624564D0634562D0BAF181
:104A8000100F4DD0BAF1020F55D0BCF1200F2DD12F
:104A90002022CDE90B310A924B4642463946304638
:104AA0000994BDE8F04FFFF755BF11F001052ED175
:104AB0009445BBD3CD061ED54805E0D4BCF1000F0C
:104AC000D9D1BAF1100F5FD0BAF1020F74D03022F1
:104AD0004FF0010C2270BBF1000F12D1480742D5F4
:104AE0002B2204F80C200CF10102D2E762460CF1F3
:104AF000010C3020A054BCF1200FC9D0BBF1000F35
:104B0000ECD02D2204F80C200CF10102C1E798B37F
:104B1000944503F1FF3389D399E7BAF1100FB7D168
:104B20008D063DD5BCF1200FB2D0582204F80C20E0
:104B30000CF1010CA9E7BCF1200FA9D062460CF1E1
:104B4000010C08E0BCF10102BBD0BAF1100F35D066
:104B5000BAF1020FCDD16220A05496E7CD06CAD596
:104B6000480588D58BE70A0749BF2022624604F82A
:104B70000C200CF101028CE711F00C0F00D0013B6E
:104B80009445FFF453AF62E78A0613D4782222706B
:104B900030224FF0020C6270BBF1000F9ED0B0E7E4
:104BA000BCF1200F3FF474AF782204F80C200CF114
:104BB000010C6AE75822EAE76222E8E78D06ACF1C9
:104BC000020004D54FF0580E04F800E091E74FF0D2
:104BD000780E04F800E08CE700B9704701F078BB6C
:104BE00010B1D1E900311847704700BF0000000044
:104BF0002DE9F04F97B09DED207BDDE9225B8046EB
:104C0000894651EC170B9A46249B0C920793024657
:104C10000B468DED047BFEF7ADFB002840F0E381F1
:104C2000DDE904014FF0FF326FF48013FEF7C6FB9D
:104C3000002840F0CB80DDE904014FF0FF32B24B99
:104C4000FEF7F8FB002840F09F80DDE90467AAA387
:104C5000D3E9002330463946FEF7ECFB002840F04C
:104C60008280A7A3D3E9002330463946FEF7A6FB8E
:104C7000002878D13046394600220023FEF79EFBFB
:104C8000002840F098800D90079B302113F4806F2E
:104C900008BF06250EAA2B46A5F1200605E0013B1C
:104CA000B34202F8011B00F06581092BF7D81E46BC
:104CB000ED1ADDE90401FEF739FB944B044603EBE2
:104CC000C60393ED007B8DED087BFEF70BFB0246E0
:104CD0000B46DDE90401FEF771FADDE90823FEF772
:104CE00081FACDE90A01FEF733FB0746FEF70CFB1C
:104CF00002460B46DDE90A01FEF760FA0022844B0A
:104D0000CDE90A01FEF796FB002800F08880013704
:104D10003846FEF7F9FA02460B46DDE90801FEF7D0
:104D200061FB08B100270134002E00F088800DF1EE
:104D30003703DFF8F0C158190DE0ACFB0721C908B3
:104D400001EB8102A7EB42023032092F00F8012F5C
:104D500040F2FB800F46202D06F1FF3605F10105DC
:104D6000EBD1202586E0079B9DED047BCDE923B3A5
:104D70004946534640460C9A8DED207B229517B04C
:104D8000BDE8F04F00F080B9079B494658074CBF7B
:104D900004230323404621935346079A48BF5D4CA2
:104DA000CDE922B258BF5C4C0C9A209417B0BDE8F4
:104DB000F04FFFF7CFBD3B46324600200021FEF703
:104DC000FDF90123CDE904010D935DE7079B03F095
:104DD00002029C07049200F0F4800C9F3D464F4E67
:104DE000341D14F8010D2A4653464946C047A642D1
:104DF00005F10105F5D1049B3C1D63B10C9D631BBE
:104E00009B4508D922465346494620200134C047D5
:104E1000631B9B45F6D8204617B0BDE8F08F0022F3
:104E2000DDE90A013A4BFEF7C9FA00287FF47CAFAE
:104E3000002F40F0C2800137002E7FF478AF20466B
:104E4000FEF750FA02460B46DDE90401FEF7B6F91B
:104E500000222F4B06460F46FEF7B0FA40B9304607
:104E6000394600222A4BFEF7E5FA002800F0A1801F
:104E70000DF137032A4859190EE080FB0476C2EB86
:104E8000A60202EB8206A4EB460630361446013534
:104E900001F8016F002A47D0202D4FEAE472ECD1CF
:104EA000079A02F00302012A14D1BBF1000F11D0BE
:104EB0000D9A002A60D00BF1FF3BBBF1200F09D9FE
:104EC00030222B4404E001355D4503F8012F31D237
:104ED000202DF8D1079B0EACCDE902B300945346C8
:104EE000494640460C9A0195FFF734FD044620469A
:104EF00017B0BDE8F08F00BF0000000065CDCD41C8
:104F00000000000065CDCDC1FFFFEF7F58520110BA
:104F10000000E03FE8500110F0500110F85001107F
:104F200067666666CDCCCCCC079A02F00302012AF4
:104F300000F09680202DCDD00D9B3BB32D220DEBA4
:104F4000050383F838200135C4E7202D3FF409AF6D
:104F500030212E445A1905E00135202D02F8011F99
:104F60003FF4FFAEAE42F7D12E226E44013586F8F3
:104F700038207FE720259CE6079A12F00C0F5AD0C4
:104F80000BF1FF3BAB459BD8202DA3D0079B5A07C5
:104F900006D52B220DEB050383F83820013599E760
:104FA0001B0797D520220DEB050383F83820013528
:104FB00090E7013424F001045AE7F9077FF5B4AE15
:104FC00039E7BBF1040F7FF608AF0C9B1D46043B8D
:104FD00003EB0B072A465346494620200135C047BC
:104FE000AF42F7D1FAE6079B03F002029D07049255
:104FF00025D00C9F3D46224EF41C14F8010D2A4684
:1050000053464946C047A64205F10105F5D1049B28
:10501000FC1C002B3FF4FFAE0C9D631B9B457FF6F1
:10502000FAAE22465346494620200134C047631B4E
:105030009B45F6D8EFE6AB453FF642AF4AE7BBF1FA
:10504000030FD6D90C9B1D46033B03EB0B072A46E7
:105050005346494620200135C047BD42F7D1C9E734
:10506000BBF1000F3FF466AF0D9A002A84D00BF11C
:10507000FF3B5D45FFF424AF202D7FF45FAF29E7B0
:10508000F4500110000000002DE9F04F9FB01E46C3
:10509000DDE928ABDDE92B982A9B04460D460B92EF
:1050A0000A9352465B4650465946FEF763F900287C
:1050B00040F0C680504659464FF0FF327B4BFEF71A
:1050C000B9F9002840F0BC80504659464FF0FF32F5
:1050D0006FF48013FEF772F9002840F0B18050465B
:1050E000594600220023FEF769F9002840F0DD81CF
:1050F000CDE908ABDDE9081218F480600B460F46D5
:1051000008F400610C921491159040F0A8801343AC
:1051100040F0D080002940F0EC8106230A9318F07B
:105120000202109240F0DD814B46042B38BF04236D
:105130000E920422043B12921493504659460022C8
:105140000023FEF73BF9002840F02A829DED087B02
:10515000149B0B9A03930A9B8DED007B029328F41A
:1051600000630493294633462046FFF741FD02467B
:1051700018F0200F334629460CBF6520452002F168
:105180000108A047129B0DF1580A03F1FF3B0E9B4B
:10519000002283EAE37C5046DFF814E10B9FACEB7E
:1051A000E37CD90FCDF8208002E0202AC44610D03D
:1051B000AEFB0C384FEAD80808EB8803ACEB43038E
:1051C00001303033BCF1090F02F1010200F8013C5B
:1051D000EBD805234FF0000C06930A23DDF820805E
:1051E000CDE90121CDE9033CCDF800A0334642468C
:1051F00029462046CDF814B0FFF700FC109B8246EC
:10520000D3B1A0EB0708C14516D907EB0802334616
:105210002946202008F10108A047C145F5D87B1E8A
:105220004B44C7F10102A3EB0A035244914538BF36
:1052300000230AF1010A9A4450461FB0BDE8F08FDE
:10524000334629462046CDE928AB0A9CCDE92B9868
:105250000B9A2A941FB0BDE8F04FFFF7C9BC57EA7C
:10526000020329D100293FF45AAF00230E930A9B71
:105270000E9A934200F3BA81002750465946002205
:105280000023FEF79BF8002840F015819DED087B78
:1052900028F4006343F480632C938DED287B334620
:1052A00029462046CDE92A790B9AD3E7FFFFEF7F05
:1052B000CDCCCCCC06230A930C9BC3F30A50A0F2AE
:1052C000FF30FEF70FF8B2A3D3E90023FDF78AFF02
:1052D000B1A3D3E90023FDF75DFF0C9BCDE90E01DF
:1052E000C3F3130343F07F5138460022A24B41F42D
:1052F0004011FDF763FF94A3D3E90023FDF772FF8C
:1053000002460B46DDE90E01FDF744FFFEF70EF8FD
:105310000E90FDF7E7FF8EA3D3E90023CDE90C0142
:10532000FDF760FF0022954BFDF734FFFDF7FEFF10
:1053300089A3D3E900230746DDE90C01FDF752FFFD
:10534000CDE90C013846FDF7CDFF85A3D3E9002355
:10535000FDF748FF02460B46DDE90C01FDF72EFF85
:1053600002460B46CDE90C23FDF73CFFCDE91001C9
:10537000DDE90C0102460B46FDF70CFF0022CDE9EA
:105380001201DDE910017E4BFDF750FF00227D4B3D
:10539000FDF700FF02460B46DDE91001FDF746FF71
:1053A0000022794BFDF7F6FE02460B46DDE91001BF
:1053B000FDF73CFFCDE91001DDE90C2300204FF0A3
:1053C0008041FDF7FBFE02460B46DDE91001FDF7CB
:1053D000E1FE02460B46DDE91201FDF727FF002240
:1053E0006A4BFDF7D7FE07F2FF3C00224FEA0C5351
:1053F000FDF7F8FE02460B46DDE90801CDE90C2376
:10540000FDF7DCFF50B1DDE90C010E9B0022013BF2
:105410000E935C4BFDF70AFFCDE90C01DDE90C01B1
:105420000E9B02466333C62B08F002031093149BB5
:105430002DD8002B5FD0042312930A433FF417AFFB
:10544000DDE9080148A3D3E90023FDF7DFFF48B1F8
:10545000DDE9080146A3D3E90023FDF7AFFF0028EB
:105460007FF405AF0A9B002B51D0159A002A00F05B
:10547000AC80013B0A93129B994505D9109B002BE8
:1054800000F0AF80022310930023149344E02BBB61
:10549000B9F1050F4FD908F00203002B49D10523BC
:1054A0001293A9F1050314933AE00BF10043CDF8F0
:1054B00020A009931EE628F4006343F4806320468D
:1054C000CDE92A792C933346DDE90867344629462D
:1054D00007F10045CDE928450B9ABBE60523129359
:1054E000ABE70222002310920422149312920E932F
:1054F00023E60527C1E6B9F1040F1FD9109B002B45
:1055000077D104231293A9F10403149304E0129BAE
:1055100099455FD80A9B14930E9B002B3FF40DAE68
:10552000DDE90801DDE90C23FDF780FECDE9080186
:1055300003E60223109305231293F1E70423129349
:10554000EAE700BFAFF3008061436F63A787D23FF4
:1055500071A379094F930A401655B5BBB16B024050
:10556000EF39FAFE422EE63F2D431CEBE2361A3F9E
:105570000000000080842E410000F83F0000E03F62
:1055800000002C4000002440000018400000F03FC4
:10559000FB799F501344D33FB3C8608B288AC63F22
:1055A000149BDDE908A703930A9B07F1004B0293C4
:1055B00028F400630B9A0493294633462046CDE92C
:1055C00000ABFFF715FB0246D2E5129B994515D8B3
:1055D0001492A1E7109B23B10A9B1493022310930A
:1055E0009AE7129BA9EB0303149395E79B1A5F1E9E
:1055F00043E604231293022310938DE7109B002BA4
:10560000EFD002231492109386E700BF2DE9F04FEC
:1056100091469A4C9A4AB1F1000A9BB018BF834652
:1056200014601878974ADDF8908008BF93460028E8
:1056300000F08A821D460026CDF8209008E0324610
:105640005146089BD84701362878002800F0C780CB
:10565000252805F10105F2D100222B4613F8011B84
:10566000A1F1200010280AD8DFE800F03F09093B2B
:105670000909090909090937093309092F00A1F1A5
:105680003000092840F289802A2900F0E9800024AE
:105690002E2900F094800027A1F1680012282CD850
:1056A000DFE810F04E012B0049012B0040012B00D8
:1056B0002B002B002B002B002B002B0027002B0096
:1056C0002B002B002B002B0027001D4642F001026F
:1056D000C3E71D4642F00202BFE71D4642F0040246
:1056E000BBE71D4642F01002B7E71D4642F0080234
:1056F000B3E7697842F48072013367291D467ED88A
:10570000242940F2B880A1F12503422B00F2B38096
:10571000DFE813F05101B100B100B100B100B100F8
:10572000B100B100B100B100B100B100B100B100F1
:10573000B100B100B100B100B100B100B100B100E1
:10574000B100B100B100B100B100B100B100B100D1
:10575000B100B1001E013A011E01B100B100B1005B
:10576000B100B100B100B100B100B100B100B100B1
:10577000B100B100B100B100B100B401B100B1009D
:10578000B100B100B100B100B100B100B100B4018D
:105790005801B4011E013A011E01002404EB8404E7
:1057A00001EB440419781D46A1F130000928A4F149
:1057B000300403F10103F1D92E297FF46CAF69782D
:1057C0001846A1F13007092F42F4806240F225818A
:1057D0002A2900F032811D46002701335CE7344658
:1057E000DDF82090B14501D809F1FF364B4632462D
:1057F00051460020D84720461BB0BDE8F08FA1F1EC
:105800006903DBB20F2B36D8012049F2410C9840D6
:1058100010EA0C0040F0F4800A2B35D0072B2AD177
:1058200058F8041B002940F0108122F0100412F4F3
:10583000806144F0210400F00A8112AA0823059334
:105840001023CDE9002032460694049703930023E9
:10585000029351465846089BFFF7D0F80646F3E6F8
:1058600058F8044B6978002C1D46BCBF42F0020278
:10587000644201330CE70846E1E600BF0D56001014
:10588000405D00205149001058F8049B002F99F802
:10589000000014BF3B464FF0FF33002800F0828326
:1058A000494603EB090C04E011F8013F002B00F01E
:1058B00043818C45F8D1ACEB0901530540F12081BF
:1058C000B94228BF394612F0020300F08382022356
:1058D000CDE9094832468846089C37440B9307E0D7
:1058E00023465146D84719F8010F013610B1324608
:1058F000B742F5D10B9B4146099CDDF82880002B6F
:105900003FF4A2AE37468C427FF69EAE2644089CFA
:10591000761A3A462346514620200137D847B742E7
:10592000F7D191E669786C297FF4E4AEA97842F466
:105930004072EB1CE1E6697842F400720133DCE668
:105940006978682900F0FB8042F080020133D4E6D8
:10595000672900F0C980472900F0CD80452900F073
:10596000CC80CDE9034208F10708029728F0070828
:105970003246F8E802675146CDE900675846089B71
:10598000FFF782FB06465FE6462908BF42F0200289
:10599000CDE9034208F10708029728F007083246CC
:1059A000F8E802675146CDE900675846089BFFF7C3
:1059B0001FF9064648E6324651462520089BD8473F
:1059C000013641E608F104039207099306F1010745
:1059D00040F1C3803246514698F80000089BD847F2
:1059E000012C40F2B4812644089C3A462346514695
:1059F00020200137D847B742F7D1DDF8248023E6CD
:105A00006F2974D040F24182782900F086814FF0EE
:105A10000A0922F010024B4638E0002707EB8707FF
:105A200001EB4701A1F1300710F8011FA1F130038C
:105A3000092BF3D90546431C2EE658F8047BA978B8
:105A400002356B1C27EAE77726E642F0210412AA0A
:105A5000944602E020283FF4F1AE01F00F03092B39
:105A600094BF303337330F298CF8003000F1010038
:105A70000CF1010C4FEA1111ECD8DFE6582966D081
:105A8000622940F089804FF002094B4612F4806C85
:105A900000F0D48022F00D02099212F4007140F05F
:105AA0007B8112F4807008F1040940F038825106BD
:105AB00040F13A8198F80010002940F04A81099A93
:105AC00022F010020992BCF1000F00F0428108465A
:105AD00012AA0999CDE90337CDE9054101900023C8
:105AE000009202933246A1E042F4006239E74FF09F
:105AF00008094B46CAE742F4006242F0200230E750
:105B000012F0020300F08C810223CDE909481F4600
:105B10008846089C324623465146D84719F8010F5B
:105B200001360028F6D13B464146099CDDF8288025
:105B3000002B3FF489ADE5E6A1EB0901BDE6A978AC
:105B400042F0C002EB1CD8E5044606464AE64FF098
:105B5000100942F020024B4698E7012C40F2F180F8
:105B6000374606F1FF39CDF82880DDF82080A144C2
:105B70003A464346514620200137D8474F45F7D192
:105B8000DDF828803A4698F800005146089BD8472F
:105B90002644DDF8248057E512F4806300F0C180CC
:105BA0004FF4806322F0110010F4007E4AD110F40B
:105BB000807C08F1040940F03781410600F1A9809A
:105BC000020640F1E381B8F9002082EAE271A1EB1C
:105BD000E2711FFA81FED10F0991002A00F05F8166
:105BE000734612AA9646DFF8A0830A9403E0BCF13C
:105BF000200F23460FD0A8FB0314E40804EB840114
:105C0000A3EB41010EF1010E3031092B0CF1010C17
:105C10000EF8011CEBD80A9C099B0092CDE901C348
:105C20000A233246CDE9054004970393514658466E
:105C3000089BFEF7E3FEC846064605E522F00C0287
:105C400009922AE708F1070828F00708D8F8042085
:105C500058F808CBD10F5CEA020E6CD0002A6346DC
:105C600002DA5B4262EB42029146099312AA944621
:105C70004FF0000ECDE90A18CDE90C470E960F92B1
:105C800003E0BEF1200F3B4630D04FF0CC3213EB97
:105C90000901BD4F41F10001A7FB014626F00304B5
:105CA00004EB9604091B5C1A02FB04F63A4669F100
:105CB000000802FB08660522A4FB077407F0010830
:105CC0002644A8FB024864180A2B0CF1010C4FEA89
:105CD000570704F1300479F100090EF1010E0CF8B8
:105CE000014C47EAC6774FEA5609CAD27346DDE946
:105CF0000A18DDE90C470E9E0F9ACDF824E0CDE995
:105D000001310A230092CDE90540324604970393FE
:105D10009FE598F8002096465DE74FF010094B4646
:105D2000B4E622F010003FE711064CBFB8F80010AF
:105D3000D8F80010C0E6002B40F042819946099344
:105D400094E73246514698F80000089BD8473E46F3
:105D500053E6099A0A9412F0200F14BF4FF041083D
:105D60004FF0610812AA9446A8F10A0802E0202820
:105D700071460FD0B1FBF3FE03FB1E14092C94BF38
:105D80003034444499428CF8004000F101000CF199
:105D9000010CECD20A9C9CE608F1070828F00708E1
:105DA000D8F8042058F8081B0A920A438E467BD183
:105DB000099A22F010020992BCF1000F74D0002061
:105DC00012AA0999CDE90020CDE905413246CDE975
:105DD00003373CE58C4298BF01317FF679AD4FF433
:105DE0008063CDE909949946A2190B97089F541A2C
:105DF00032463B46514620200136D847A642F7D1CD
:105E0000DDE90A474B46DDF8249099F800000028A8
:105E10003FF41AAC611C002B3FF477AE002357E52A
:105E20008C42DED8013170E6D8F80020D10F002A6C
:105E300000F0B38082EAE273A3EBE27312AA944605
:105E4000CDE90914DFF8408103E0BEF1200F2346BD
:105E50000FD0A8FB0314E40804EB8401A3EB410179
:105E60000CF1010C3031092B0EF1010E0CF8011C64
:105E7000EBD8DDE909140A230092CDE9054032464A
:105E8000CDE901E104970393D0E6692922F01000DF
:105E900040F0918012F480633FF486AE80E6002BE0
:105EA0003FF49FAE12AAB7E6099ACDE90B8412F02F
:105EB000200F14BF41216121CDE90D76CDE90F3BC3
:105EC000CDF844A00027F0460A9C12AE0DF1480B15
:105ED000A1F10A0A03E0202F80460C4613D0214688
:105EE0004A46002340460EF0BFFDD2B2092A94BFB5
:105EF00030325244C84574F10004327007F1010792
:105F000006F10106E7D23846DDE90B845A460E9EBB
:105F10000D9F0F9BDDF844A0DDF840B051E7D8F8A5
:105F200000E0BEF1000F0DD122F010020992BCF189
:105F3000000F07D012AA0998CDE90337CDE9054033
:105F40000191CCE5099A12F0200F14BF4120612085
:105F500012AA94460A92A0F10A0202E02029C6463B
:105F60000FD0BEFBF3F803FB18E0092894BF3030D4
:105F700080189E458CF8000001F101010CF1010C24
:105F8000ECD20A9AD7E700BFCDCCCCCCD8F8002011
:105F900082EAE27EAEEBE27E1DE6002B3FF44EAFDE
:105FA00012AA68E712F480610ED012F0020114D038
:105FB00001463746A7E44FF00A0902464B4665E51D
:105FC000002312AA09939AE612F002037FF49AAC16
:105FD000002C7FF406AFFFF737BB002C7FF4FFAE39
:105FE000FFF732BB0CB400B585B00DF1180C5CF8AE
:105FF000043B0A46CDF800C001460548CDF80CC068
:10600000FFF704FB05B05DF804EB02B0704700BF7A
:10601000494900108C4610B584B000930290134695
:1060200002A94FF0FF320348CDF80CC0FFF7EEFA9B
:1060300004B010BDE14B001010B5094A84B01468DB
:106040004CB1034600914FF0FF3203A90548A04729
:10605000012004B010BD00F07DF9204604B010BD51
:10606000405D0020D94B001000BEFDE7704700BF27
:1060700008B5FFF7F9FF00BF38B5064C064DFCF731
:10608000A7FAAC4204D254F8043B9847AC42FAD386
:1060900038BD00BFC84A0110CC4A01100368084649
:1060A0001146184770B505460846697D82B000293B
:1060B0004FD0002A25DD037814460A2B064622D04D
:1060C000012C4FF0000E0DD03246012312F801CF03
:1060D0001946BCF10A0F03F1010320D09C42F5D10F
:1060E000744505DD2B68A4EB0E0106EB0E00984706
:1060F000311911F8013CA3F10D03B3FA83F35B09E5
:106100002B7502B070BD2B7D002BD9D102212B68DD
:1061100013489847012CEBD04FF0010ED4E712F84A
:10612000010C0D28DAD08E4506EB0E00A1EB0E0116
:1061300005DACDE900322B689847DDE90032CDE978
:10614000003202212B6806489847009B019A9E4620
:10615000C4E711462B6802B0BDE87040184700BF85
:10616000A85201100B685A1C802A0B440A6018714F
:1061700000D0704730B50E4B0C46186883B0A0B104
:106180000D1D01E0006980B10368002BFAD0094BB6
:106190001B680BB18342F5D1294622680190FFF7B5
:1061A00081FF019800690028EED1206003B030BD66
:1061B00054500020645000202DE9F04782B09046F2
:1061C0001C460D460746FCF753F84FF0FF3C6FF0B6
:1061D00000462E4A821841F10003944576EB0301F4
:1061E0003CBF624633462A480EF0F2FB6B1C8246E7
:1061F00040D00CB3274E284B1C68B4B1B8F1000F47
:106200001CD1DFF89C8001E0246974B12368002B65
:10621000FAD0D8F800300BB19C42F5D120462A467E
:106220003946B0472469002CF0D1BAF1000F26D1CD
:10623000284602B0BDE8F087184EDCE74FF00A09A7
:10624000DFF85C8002E02469002CEED02368002B8C
:10625000F9D0D8F800300BB1A342F4D12A46394620
:106260002046B047012220460DF107018DF8079026
:10627000B047E8E738460EF045FB0546B9E7044865
:106280000EF072FB284602B0BDE8F08740420F00D6
:1062900058250020A5600010545000209D6000107B
:1062A00064500020084A136823B90AE003F1100281
:1062B0001B6933B18342F9D129B91869106019619A
:1062C000704701B1106070475450002000F070BA60
:1062D000F0B583B006468DF80700FBF7C9FF4FF015
:1062E000FF356FF00044174A821841F100039542D0
:1062F00074EB03013CBF23462A4613480EF068FBAB
:10630000124B07461C689CB1114D01E024697CB119
:106310002368002BFAD02B680BB19C42F6D12046A3
:1063200001220DF10701FFF7BDFE2469002CEFD11A
:1063300017B9304603B0F0BD03480EF015FB3046E8
:1063400003B0F0BD40420F005825002054500020FB
:106350006450002038B504460EF0D4FA01230546F7
:106360001A4620462946FFF727FF084B1C682CB128
:1063700063682BB198472469002CF9D1284638BDB1
:106380002469002CF4D1284638BD00BF54500020A9
:106390002DE9F041A2B00E460546FBF769FF4FF02C
:1063A000FF3C6FF00044254A821841F100039445F8
:1063B00074EB03013CBF2346624621480EF008FB04
:1063C0000024334607462A461E4801A90194FFF7D8
:1063D00021FE1D4E019B80463468BBB1002C2AD0A3
:1063E0001A4D01E0246974B12368002BFAD02B68A0
:1063F0000BB1A342F6D12046019A02A9FFF752FE43
:106400002469002CF0D12346346801932CB16368D1
:1064100043B198472469002CF9D12FB9404622B0E6
:10642000BDE8F0812469F1E705480EF09DFA404689
:1064300022B0BDE8F0810194EFE700BF40420F00B9
:106440005825002065610010545000206450002041
:106450000FB400B583B004A951F8040B0191FFF704
:1064600097FF03B05DF804EB04B07047024A034B9A
:1064700010601960704700BFE84F0020EC4F00200B
:10648000184B70B51A68002A28D0EFF3108172B645
:10649000D2E8CF4F0120002CFAD1C2E8440F002CE3
:1064A000F6D1BFF35F8F00220F4C1868596022703D
:1064B000C0E88F2F81F31088002400250B4E307820
:1064C000FBF736F820B9002400252046294670BD88
:1064D0003078FBF73DF82046294670BD4FF47A74BA
:1064E0000025EBE74C5D00207D7000207C700020D3
:1064F000014B1878FBF72CB87C70002038B50446A7
:1065000000200D4601F0AAFBA8B3002001F0BCFB5F
:1065100088B3FBF7ADFE4FF0FF3E6FF0004C174A1B
:10652000821841F1000396457CEB03013CBF7246A3
:10653000634613480EF04CFAE8B1002001F08EFBE0
:1065400058B901464FF0FF3000F092FD6FF00204A1
:106550000B480EF009FA204638BD002001F094FBEC
:106560000028EED021462A46002001F097FB044681
:106570000028EDD1EAE76FF00204ECE740420F009B
:106580005C70002008B5FBF773FE4FF0FF3E6FF024
:10659000004C0F4A821841F1000396457CEB030141
:1065A0003CBF724663460B480EF012FA70B14FF0D2
:1065B000FF30002100F05CFD002001F0B5FB002859
:1065C000F5D1BDE8084003480EF0CEB908BD00BFC4
:1065D00040420F005C7000202DE9F04107460E4656
:1065E000FBF746FE4FF0FF356FF00044324A821849
:1065F00041F10003954274EB03013CBF2A46234658
:106600002E480EF0E5F908B9BDE8F081002001F050
:1066100025FB002845D0002E3EDD0025DFF8A480B4
:1066200012E02246002001F0C9FB002105444FF092
:10663000FF3000F01DFD002001F076FBFBF718FE97
:10664000C8E90001AE4227DD002001F0D5FB741B34
:106650008442A8BF04467919002CE2D121464FF0AC
:10666000FF3000F005FD204601F05EFB204601F002
:10667000F5FA88B1204601F0BFFB0028E2D1FBF714
:10668000F7FD0F4AD8F800309B18D8F8042042F1E3
:10669000000283428A41D5D20848BDE8F0410EF09D
:1066A00063B90020BDE8F0410021064BC3E90001B9
:1066B00002480EF059B900BF40420F005C70002044
:1066C00020A10700A827002010B5002184B032487F
:1066D0000EF0CEF928BB314B1A6802B3EFF31081EC
:1066E00072B6D2E8CFEF5FF0010CBEF1000FF8D127
:1066F000C2E84ECFBEF1000FF3D1BFF35F8FDFF8DA
:10670000A8C0D3F800E09CF800205960D3B2012261
:106710008CF80020CEE88F0F81F31088CBB104B045
:1067200010BD00214FF0FF3000F0A2FC002001F06E
:10673000ABFA044618480EF017F9002CEFD0184BAE
:106740001B68002BEBD0174A106804B0BDE810405E
:106750001847FBF725FB0446FBF78AFD4FF0FF3E89
:106760006FF0004C10F57A7241F1000396457CEB16
:10677000030138BF63464FF000014FF0010C38BFF2
:106780007246DFF828E02046CDE9011CCDF800E094
:10679000FBF70AFB04B010BD5C7000204C5D0020CC
:1067A000E84F0020EC4F00207D7000208164001035
:1067B0004FF0504330B585B01C68FBF7F1FAFBF79A
:1067C0000DFCA04202D0002005B030BD00212C4BB2
:1067D00008461B7801F0E0FC2A480368002B4BD0E8
:1067E0000120FBF757F80346274C2849C0B2237015
:1067F000FAF7CAFE20780121FAF784FE0E20FAF794
:10680000B3FE60BB224B6FF00044C3E90000FBF70E
:10681000C7FA0546FBF72CFD4FF0FF3C10F57A72E6
:1068200041F10003944574EB030138BF23464FF058
:1068300000014FF0010438BF6246DFF860C028460F
:10684000CDE90114CDF800C0FBF7AEFA0028BADBA1
:1068500001211048FFF726FD012005B030BD0120C1
:10686000FAF70AFE01460A48FBF772F800220E20EA
:106870000949FAF7BBFEEBE7FBF74EF8B0E700BFBC
:10688000C87801105C7000207C700020C966001080
:106890004C5D002000230020F16400108164001092
:1068A000002001F0DBB900BF0048704724530110FD
:1068B00000487047D052011000B51C4A03461178B9
:1068C00083B031B363B940F209424FF44173DFF84A
:1068D00060C0ACF802201648ACF8003003B000BD30
:1068E000052B20D8134ADFF848C052F82310604621
:1068F0000023013903E0132B20F8022F10D011F8E8
:10690000012F0133DBB2002AF5D15B0043F4407361
:10691000E1E701901121104600F024F8019BD1E736
:106920004FF44A73D7E70020D8E700BF6470002017
:1069300024500020B852011000B545F247308BB00A
:10694000FBF7F6FD01220346092101A89847DDE97E
:106950000332034912BA1BBAC1E900230BB000BDD0
:1069600040700020012900F0BB80614A0139137892
:106970004FEA231CBCF1090FCCBF0CF1370C0CF112
:10698000300C012980F800C000F0AD8003F00F0347
:10699000092B8CBF373330330229437000F0A380BA
:1069A00053784FEA231CBCF1090FCCBF0CF1370C14
:1069B0000CF1300C032980F802C000F0948003F041
:1069C0000F03092B8CBF373330330429C37000F019
:1069D0008A8093784FEA231CBCF1090FCCBF0CF1DD
:1069E000370C0CF1300C052980F804C07BD003F083
:1069F0000F03092B8CBF373330330629437172D014
:106A0000D3784FEA231CBCF1090FCCBF0CF1370C33
:106A10000CF1300C072980F806C064D003F00F0396
:106A2000092B8CBF373330330829C3715BD01379FE
:106A30004FEA231CBCF1090FCCBF0CF1370C0CF151
:106A4000300C092980F808C04DD003F00F03092B42
:106A50008CBF373330330A29437244D053794FEA1D
:106A6000231CBCF1090FCCBF0CF1370C0CF1300C1E
:106A70000B2980F80AC036D003F00F03092B8CBF16
:106A8000373330330C29C3722DD093794FEA231C4E
:106A9000BCF1090FCCBF0CF1370C0CF1300C0D29F7
:106AA00080F80CC01FD003F00F03092B8CBF3733C5
:106AB00030330E29437316D0D3791A11092ACCBF6B
:106AC000373230320F2982730DD003F00F03092BB8
:106AD00094BF303337331029C37318BF103002D03E
:106AE000002303707047002308440370704700BF01
:106AF00040700020704700BF0022014B1A707047A1
:106B00007A7000204B79FF2B0BD1887948B9CB796B
:106B1000012B07D1082A05D9034B8A7809201A705E
:106B200070470020704700BF7A7000200120704736
:106B3000012901D00120704708B5104B91881B78BE
:106B4000994201D0002008BD5378012B08D0022BB8
:106B5000F8D1002164220846FBF76CFC012008BD37
:106B6000518811F480721ABFC1F3C012480A4FF065
:106B7000FF3001F00301FBF7E7FC00BF7A70002053
:106B800000487047E0530110012907D15378012BC9
:106B900002D19388072B03D0002070470120704753
:106BA0001146A623014A00F01FBF00BF3853011051
:106BB0000346012201481A70704700BF04540110B7
:106BC00008B50B68B3F5966F00D008BD00224FF0F2
:106BD000FF301146FBF7B8FC10B500F02DF90C237F
:106BE0001C4CFF22A3670E201B49FAF7FFFC402232
:106BF00000211A480DF0FCFE4FF0800C0120174ACE
:106C00000023A2F822C0507010464022144902838B
:106C10000287144A81604360C2F88430C2F8803031
:106C200080F8213080F83B3043620F4BC360C36271
:106C3000803B83620DF0F0FE4FF0005C4FF4803239
:106C400001200A490A4B2064C4F84CC0C4F89010D3
:106C5000DA6410BD00001150990300206C50002030
:106C600084001050000010500001105010D001009E
:106C70000020115001210E20FAF744BC00220248E6
:106C8000114600F0F9B800BF8C500020044B197079
:106C900021B14FF40032034BC3F89020704700BF7E
:106CA00076700020002011500B785B0600D07047F2
:106CB0004B78052BFBD14B88014ADBB21360F6E71A
:106CC00000001150CB782DE9F04103F0030EBEF126
:106CD000010FC3F3010057D000268C78DFF8D4C031
:106CE00004F07F0253008988984603EBD4130CEB21
:106CF0004313E509D876C1F30A0185F001009C70C1
:106D000019835870DE70D3006DBB254804330CEB3B
:106D100082141F18A7601E506AB3224B03EBC203F4
:106D200063603F318909BEF1020F14BF8B01CB01B3
:106D30001D4908EB05020CEB421C0A681B48134472
:106D400083420B60CCF80C2028D882F0A04383F457
:106D50008013DCF8042043EA8E6343F000431360A1
:106D60000120BDE8F0810E480CEB82140344A362BD
:106D700040F832605AB913460D4A0CEB451CCCF86A
:106D80000C20CCF80430EBE70020BDE8F081D20005
:106D900002F1A04202F580126262C2E7FBF712FC28
:106DA0008000105004001050485D0020FF0F10506C
:106DB000000110506C5000200DF02EBE08B5964614
:106DC000DFF81CC001F07F02C80900EB42000CEBA9
:106DD00040101A46714600F04FF8012008BD00BF70
:106DE0006C50002011F07F0205D100290CBF022059
:106DF0000120064B9866C909054B01EB420003EBE5
:106E000040104FF4006200210DF0FABD0020115037
:106E10006C50002011F07F0300D17047002205481C
:106E20005B0003EBD11300EB43106FF40061C27001
:106E30000DF0E6BD6C5000204FF0805209480A4921
:106E400008B50A4B02600A609968C94311F0805185
:106E5000FAD14FF4805206480DF0CAFD0922054BC5
:106E60005A6708BD00200240003002400000024086
:106E7000000010500000115000234FF0010C10B51D
:106E8000016180F81AC08282C38204460DF07CFD45
:106E900020B14FF40032074BC3F8902020460DF08C
:106EA000D7FD10B10123237710BD2046BDE8104067
:106EB0000DF082BD002011502DE9F0414FF0000887
:106EC0001B4C0546424623781A4F1B4E0DE0336893
:106ED00013EB421323D0DB682846984708F10108DA
:106EE00023785FFA88F2934206D39342A2EB03031E
:106EF000EDD807EB4313EEE7542200210F480DF0C5
:106F000077FD4FF0FF330D4C2022C4E90133C4E973
:106F10000333FF21BDE8F04109480DF069BD4FF092
:106F2000E023D3F8F03DDB0700D500BEBDE8F081DB
:106F30007570002024540110B84D0020C04E002070
:106F4000D44E0020704700BF704700BF002070473C
:106F500000207047704700BF704700BF704700BFF8
:106F6000704700BF024B5878003818BF01207047A7
:106F7000C04E0020024B1878C0F38000704700BF5D
:106F8000C04E00202DE9F0472D4F3B78FF2B54D108
:106F900000293DD054228A468146002129480DF01F
:106FA00027FD0022284C294B20461A70FAF7B4FC22
:106FB000274B28481C60284CFAF7BCFC204601F0FF
:106FC000DDFB264A264B146023B12648FFF7F0FD6F
:106FD000254B18604FF00008224C43462278234E80
:106FE000214D0DE02A6812EB431311D05B687BB191
:106FF000984708F1010822785FFA88F3934211D884
:107000009342EFD39B1A06EB43135B68002BEFD13F
:107010004FF0E023D3F8F03DDB0700D500BE0020A1
:10702000BDE8F0875146484687F80090FFF7D4FD49
:107030000028EDD04846FFF71DFE0120BDE8F0878F
:1070400034230020C04E0020B84E0020777000206E
:10705000144F00202C23002018230020184F00205C
:10706000B16B001075700020B84D00202454011041
:10707000A44B1B78FF2B00F012812DE9F04FA24C9E
:10708000A24DDFF89C82A24E8BB027687B69EFF39C
:10709000108272B6D3E8CF0F01210028FAD1C3E8DD
:1070A000401F0028F6D1BFF35F8FBA61384607A9A9
:1070B00001F0AAF900237A69C2E88F3FBB6983F324
:1070C0001088002800F0C6809DF81D30013B072B7A
:1070D00000F28383DFE803F0A3AD91998A350A04B7
:1070E000089B002BD1D009989847CEE79DF8201037
:1070F00001F07F0705EB470000EBD11090F834302A
:1071000023F0010380F8343090F8343023F0040386
:1071100080F83430002F00F0A080027D98F8003015
:107120009A4280F08F807B4B1B6813EB421300F078
:107130008A809F699DF82120099B9DF81C00B84713
:10714000A3E73378002B7ED03378013B337033785C
:1071500003F0FF00002B98D1DFF8B0A19DF81CB020
:107160009AF8003043F001038AF800309AF834307E
:1071700060F300038AF834309AF8343060F3820305
:107180008AF834309AF8353060F300038AF83530E5
:107190009AF8353060F382038AF8353000F088FCC5
:1071A0009DF8203003F06002602A66D0402A77D034
:1071B00003F01F03012B00F0B580022B7CD0002BC5
:1071C0005BD1202A00F0E781002A56D19DF82130BA
:1071D000092B52D8DFE813F0AB019B015100BD0130
:1071E00051008C01620151005601E7002B78D9074C
:1071F0007FF54BAFFFF7B4FE47E7EB78DA077FF593
:1072000044AF0898FFF7A0FE3FE72B78D8077FF53B
:107210003CAF2878C0F3C000FFF7A0FE35E79DF82B
:107220001C00FFF749FE00F039FC9DF82030AB70E0
:107230002BE79DF81C00FFF73FFE00F02FFCFFF747
:107240008BFE22E711D04FF0E023D3F8F03DDC07AE
:1072500000D500BE0BB0BDE8F08F099B9DF8212042
:107260009DF81C0000F038FC0FE72B4B61E7FFF79F
:107270001FFB0246002840F085814FF0E023D3F841
:10728000F03DDF0700D500BE9DF81C000021FFF790
:10729000A9FD80219DF81C00FFF7A4FDF5E67047CD
:1072A0001E4800F005FC0121584608AAFFF76CFCB7
:1072B00000287FF4EAAEE7E79DF8241011F0700F84
:1072C000DBD1174801F07F0390F800C00AEB4300C0
:1072D00000EBD110007D604551D340F06E810E4827
:1072E0000090002A00F06D81009F786900F0E0FBBB
:1072F000012158467B6908AA984700287FF4C5AE4B
:10730000C2E700BF34230020184F0020C04E0020E9
:1073100077700020B84D002024540110896B0010B4
:10732000757000209DF824300F2BADD8B14A53441E
:107330001B791278934230D3A6D1AF4F786900F011
:10734000B7FB012158467B6908AA984700287FF4BB
:107350009CAE9DF8203013F0600795D19DF8213048
:107360000A3B012B90D800F0A3FB9DF821300A2B9B
:1073700000F00D82584608A900F01AFB85E6DFF8F8
:107380007CC2DCF800C00CEB40100090002A00F03A
:10739000188100283FF478AFA6E7984A176817EBE2
:1073A0004317CBD170E79AF801209DF82230934221
:1073B00000F05D819AF80120002A40F0D2818AF81D
:1073C0000130002B00F05181013BD8B2FFF770FA79
:1073D000002800F06E814378022B40F06A81C27968
:1073E0009AF80010C2F340131B01C2F3801221F07F
:1073F000300143EA42130B438AF80030438800F11E
:107400000901C3180293029B8B4240F2BD814B7865
:107410000B2B00F0C6810120042B40F04A81002292
:10742000029B01925B1A1FFA83F9724B00921B7840
:1074300003901EE0714B1B6813EB421300F039817F
:107440001F694A46584605910493B847019B08288E
:1074500003F101030599019303D98145049B80F051
:107460000B81644B9DF804201B7800929342C0F07E
:107470002081009A9342A2EB0303DBD85E4A02EB21
:107480004313DDE79AF8013058468DF81A300DF1B4
:107490001A02012308A900F0A7FAF6E5BDF82200B8
:1074A000030A5A1EC0B20E2A3FF6EEAE01A151F8F1
:1074B00022F000BFE57600107375001021770010F0
:1074C0008972001089720010037700107375001024
:1074D0008972001089720010897200108972001080
:1074E000897200108972001089720010D77600101E
:1074F00008A800F0E3FA58469DF82210FFF7BEFBFB
:107500009AF8003043F002038AF80030BDE5BDF878
:107510002230012B7FF4B8AE9AF80030584623F0A1
:10752000080308A98AF8003000F042FAADE5584691
:107530009AF800309A0802F00202C3F34013134392
:10754000ADF81A300DF11A02022308A900F04CFA26
:107550009BE5BDF82230012B7FF496AE9AF80030FF
:10756000584643F0080308A98AF8003000F020FAD2
:107570008BE5022B3FF47BAEFFF7EAFC02460028C6
:107580003FF482AE5846538808A900F02DFA00282F
:107590007FF47BAD78E69DF824300F2B3FF674AE78
:1075A000144A53441B79127893421ED2134A176827
:1075B00017EB43177FF499AE66E6002A7FF464AEBA
:1075C00000929DF821C00CF0FD02012A18D0BCF1F8
:1075D000000F7FF452AE0AEB430303EBD11393F891
:1075E00034305846C3F34003AAE77FF44DAE024F50
:1075F0007BE600BF7570002024540110B84D0020B8
:10760000BDF82220DAB97948BCF1010F007800F00A
:107610008F80CDE90113FFF7E5FB029B01990AEB8F
:10762000430303EBD11393F8342042F0020283F8B2
:10763000342093F8342042F0010283F83420009B78
:10764000002B3FF422AD1F46586900F031FA7B69E8
:10765000012108AA58469847002000F029FA9AF814
:107660003530DB073FF511AD84E6FFF775FC584672
:1076700008A900F09DF908E502460398012800F0EA
:10768000A580002800F09280002391F802E007E036
:10769000009F8CF804705FFA83FC604540F286809E
:1076A0000EEB030C5AFA8CFC9CF804700133FF2F8C
:1076B000EED04FF0E023D3F8F03DD90700D500BE5F
:1076C0004FF0E023D3F8F03DDA0700D500BE0023E9
:1076D0008AF80130D8E5FFF753FA024600287FF414
:1076E00051AFD1E5FFF7E0F8024600283FF4C5AD01
:1076F0005846122308A900F077F900287FF4C5AC9A
:10770000C2E5FFF723FC024600283FF4BDAD584612
:10771000137808A900F068F900287FF4B6ACB3E547
:10772000BDF82410FFF7C8F802460028EFD1ABE5FA
:10773000CDE902320191FFF76DFB029B01990AEB43
:10774000430303EBD11393F83410039A62F341011E
:1077500083F8341093F8341062F3000183F8341086
:107760006DE7002158460193FFF790FA5846FFF75E
:1077700023FB9AF8022058460092FFF79DFB009ADF
:10778000019B8AF802201AE6FFF7E4FB6FE75846F0
:10779000012308A90DF11A028DF81A7000F024F9DE
:1077A00073E40B78C87819444B7835E6009F10488D
:1077B0003B46CDE9001200F0A1FDDDE900121144C5
:1077C0000C4A1378BB42BFF41EAE72E7D3F810C068
:1077D000094B9C4508BF022056E74FF0E023D3F841
:1077E000F03DDB077FF551AC00BE4EE434230020B2
:1077F000D44E002075700020017F00102DE9F84F55
:107800000A9F002A40D00C461E4615464FF0000B3A
:10781000DFF88090DFF8808016E0204698F80210AC
:1078200099F800A000F03AFDD0B121465046FFF78C
:1078300049FAE0B1A3780BF1010BDA0920D1AB458D
:107840003B7021D023781C446378052B0FD1E1785D
:1078500001F00301B1420AD1A37813F0700FDCD01C
:107860004FF0E023D3F8F03DDA0700D500BE4FF02B
:10787000E023D3F8F03DDB0709D40020BDE8F88F02
:107880000B9AAB451370DDD10120BDE8F88F00BE27
:10789000F3E700BF34230020C04E00208B7813F0A4
:1078A000700F08D04FF0E023D3F8F03DDA0700D591
:1078B00000BE0020704710B582B0084601910C4907
:1078C0000C4A8978147800F0E9FC48B94FF0E023BD
:1078D000D3F8F03DDB0700D500BE002002B010BD9C
:1078E0002046019902B0BDE81040FFF7EBB900BF98
:1078F000C04E0020342300200A46064B0648196873
:10790000D309343302F07F0203EB4203184400F042
:1079100079BC00BF144F0020C04E00200A46064B21
:1079200006481968D309343302F07F0203EB42039F
:10793000184400F097BC00BF144F0020C04E002038
:1079400010B5194801F07F0400EB440000EBD110A2
:1079500090F834C01CF0010F08D04FF0E023D3F8AA
:10796000F03DDA0700D500BE002010BD00F1300464
:1079700094F804C00D484CF0010C007884F804C061
:10798000FFF71CFA0028F0D14FF0E021227960F3D4
:1079900000022271227960F382022271D1F8F03D57
:1079A000DB07E1D500BEDFE7C04E00203423002016
:1079B000DFF830C00023624610B58E4604460868E2
:1079C0004968CCF80C3003C29EF800102046BDE890
:1079D000104081F0FF011A4601F08001CCF8083018
:1079E000FFF7AEBF804E0020DFF8ACC070B5154683
:1079F000624600248E4606460868496882B003C283
:107A0000CCF80850ACF80E40BEF80620934228BFD0
:107A10001346ACF80C308AB133B3DDB19CF90020C9
:107A2000402B28BF4023002A29DB21463046194A33
:107A3000FFF786FF70B1012002B070BD9EF8001004
:107A4000134681F0FF01304601F08001FFF778FF17
:107A50000028F0D14FF0E023D3F8F03DDB0700D54C
:107A600000BE002002B070BD1A469CF8001001F064
:107A700080013046FFF764FF0028DCD1EAE71A46B0
:107A80002946044801930CF0DBFF8021014A019B49
:107A9000EFE700BF404E0020804E00200022034B45
:107AA000C3E90022C3E902221A617047804E002018
:107AB000014B1861704700BF804E00200146054A07
:107AC0004FF0000C134600684968C2E902CC03C3BA
:107AD000704700BF804E002030B53E4CC909227867
:107AE0000546B1EBD21F83B017D053B14FF0E0235E
:107AF000D3F8F03DDB0702D4002003B030BD00BE58
:107B0000FAE72146FFF7D0F823691BB1224603218B
:107B100028469847012003B030BD94F90020002A80
:107B200008DBA0680028E7D01A462B4901930CF027
:107B300087FF019BE089A168E288184480B219445C
:107B40008242E081A16016D03F2B14D9A28994F91A
:107B50000040131A9BB2402B28BF4023002C28DB87
:107B600090424FF0000132D01B4A2846FFF7E8FE52
:107B70000028CFD1BAE7236923B102212846154A4C
:107B8000984768B100232178284681F0FF011A4602
:107B900001F08001FFF7D4FE0028A7D00120BAE74A
:107BA00001462846FFF71EF980212846FFF71AF9FB
:107BB000B0E7904208D01A46074801930CF040FF06
:107BC0008021054A019BD0E780210022CDE70A46AB
:107BD000CBE700BF804E0020404E002070B582B041
:107BE0000446FFF7BFF908B902B070BDFFF7C2F94C
:107BF00002460028F8D1C82304FB03F315492546A3
:107C0000CC18E0780028EFD010335E18304601928F
:107C100000F0E8FB3F28E7D9E1780198FFF76CFE18
:107C20000028E1D0304600F0DDFB3F28E1780AD99A
:107C30004023DFF824C001980CEBC51202B0BDE868
:107C40007040FFF77DBE019802B0BDE87040FFF7BD
:107C500065BE00BF60250020BC4D002010B5044665
:107C6000FFF780F908B9002010BDFFF783F900285D
:107C7000F9D1C822034B02FB0433187900F001004C
:107C800010BD00BF60250020C82208B5024B02FBD2
:107C9000003000F08DFB08BD702500204FF6FF730B
:107CA0002DE9F041C8249A4228BF1A4600FB04F48B
:107CB0001B4D04F1100382B0804692B258195F192F
:107CC00000F0F0FB0646FFF74DF918B9304602B058
:107CD000BDE8F081FFF74EF90028F7D12544EA7896
:107CE000002AF3D00190384600F07CFB3F28EDD904
:107CF0000198E978FFF700FE0028E7D0384600F049
:107D000071FB3F28E97807D9064A4023019802EB26
:107D1000C812FFF715FED9E70198FFF7FFFDD5E779
:107D200060250020BC4D0020F0B583B00546FFF76C
:107D300019F910B9002003B0F0BDFFF71BF9044694
:107D40000028F7D1C82305FB03F31A4A03F12401E5
:107D50008F183846009300F02BFB0028EAD0154A14
:107D6000009B2046D618B178FFF7C6FD0028E1D069
:107D70001149384601EBC5114022009100F092FBF9
:107D800096F802C0034670B1019061462046009A01
:107D9000FFF7D6FD58B94FF0E023D3F8F03DDB07ED
:107DA000C8D500BEC6E76146FFF7B8FDC2E7019837
:107DB000C1E700BF60250020FC4D002070B50546DE
:107DC0004FF6FF70C823824228BF0246094C92B288
:107DD00003FB0544204600F029FC0646204600F03F
:107DE000E7FA3F2801D8304670BD2846FFF79CFFD0
:107DF000304670BD84250020C82208B5024B02FB26
:107E0000003000F0EFFA08BD8425002070B5002492
:107E100082B0C822002118480CF0EAFDFF234FF47D
:107E2000E131082215480470134800940646437156
:107E30008160827300F1380101234022103000F08C
:107E400087FA0123402206F17801009306F1B80574
:107E500006F1240000F07CFA2846F9F75DFD06F1F2
:107E6000C000F9F759FD06F1C000C6E90745C6E9AB
:107E70000C0402B070BD00BF602500203C4E002005
:107E80000A4B196B1A6A61B13AB10022C3E90C229C
:107E9000DA6100221A62012070470120C3E90C2236
:107EA0007047002AF7D0D961F3E700BF60250020B2
:107EB0000022104908B510480B7802600271DA07F9
:107EC00007D59B070CD5BDE8084001210B4800F001
:107ED00071BC103000F052FC06490B789B07F2D4BD
:107EE000064800F04BFCBDE808400121034800F0C3
:107EF00061BC00BF3C4E002060250020842500208E
:107F000070B54B7984B0022B02D18B79022B03D050
:107F10000024204604B070BD2B4B9B783BB14FF042
:107F2000E023D3F8F03DDB07F2D500BEF0E78B7815
:107F30000546254803700B78194491F801C0BCF13F
:107F4000240F08BF092409D03BE00B78194491F8AD
:107F500001C02344BCF1240F9CB207D19442F4D950
:107F60000020FFF73BFE204604B070BD6346BCF125
:107F7000050F16D0042BF3D14B790A2BF0D1134BFC
:107F80000A780193013300930223164611442846D0
:107F90001A46FFF733FC0028C1D00E3433199CB2C7
:107FA000DEE728460391FFF779FC03990028B6D055
:107FB0008B78054A53700B781A1919444B7894B290
:107FC000D8E763460924D2E7602500206225002017
:107FD000137803F06003202B0BD100B5DFF8BCC091
:107FE00093889CF800E083B09E4504D0002003B045
:107FF00000BD002070475378203B032BF6D8DFE804
:1080000003F02C270D02012933D0032922D11E4B66
:1080100003B300205188AFF300801BE0012928D072
:10802000032917D15288194802F0010383F0010196
:1080300001938CF80420009200F0BCFB144949B174
:10804000009A00200199C2F34002AFF3008001E0E2
:10805000012912D0012003B000BD01290DD0032950
:10806000F8D10C4B002BF5D000200B49FEF7A8FDF2
:10807000F0E71146FFF79CFCECE711460723064AA0
:10808000FFF7B2FCE6E700BF0000000084250020F7
:1080900000000000C16B0010682500206025002052
:1080A0002DE9F041354C0D46E27807468A421E46DE
:1080B00082B02FD0A3788B4209D04FF0E023D3F8C1
:1080C000F03DDB0724D4002002B0BDE8F0812C4B4A
:1080D00013B10020AFF300800020FFF725FE002839
:1080E00047D1284800F064F9002842D1002E40D042
:1080F00016F03F053DD13846A178FFF7FDFB00287B
:1081000037D02B462A463846A178FFF719FC30E0D5
:1081100000BED8E79AB21C4904F1100000F086FABC
:108120001A4BD3B16279FF2A17D0B6B1164B03EBC5
:10813000060802E0434510D0627913F8011B914212
:10814000F8D11348019300F043F9019B0028F1D1C5
:108150006179AFF30080019BECE70E4B1BB10C483B
:1081600000F036F938B10020FFF738FDA378AB42B4
:10817000ADD00120A8E7AFF30080F4E76025002030
:108180000000000084250020BC4D002000000000FD
:10819000702500200000000000B583B0D9B101288F
:1081A0000ED80B7863B1DFF858C0012B0CF8003003
:1081B00002D0012003B000BDFEF7E4FE0028F8D194
:1081C0004FF0E023D3F8F03DDB0702D4002003B0EA
:1081D00000BD00BEFAE70122084601A9ADF804205F
:1081E000FEF7D0FE012238B94FF0E023D3F8F03D7E
:1081F000DA07ECD500BEEAE7014B1A70E7E700BFEB
:10820000B44E0020037813F001031ED130B50246AE
:10821000007883B00446400702D5184603B030BD4D
:1082200008460D464FF0FF3101920CF0CDFB019A4C
:10823000137813F001030BD1117849070AD4117890
:10824000012341F00401117004E000231846704737
:10825000C4F38003284601930CF086FB019B18466B
:1082600003B030BD70B50D4604464FF0FF312846CF
:108270000CF0AAFB2378C3F380065B0708D52378AC
:1082800013F0010311BF0026227863F382022270EB
:1082900028460CF069FB304670BD00BFC378828869
:1082A00003F003000228C2F30A0215D003280AD003
:1082B00001281CD1022940F2FF3308BF4FF480632C
:1082C00093420DD37047022914BF40234FF48063BB
:1082D000934205D30120704702290AD0402AF9D9D8
:1082E0004FF0E023D3F8F03DDB0700D500BE0020BF
:1082F0007047B2F5007FEDD0F2E700BF0A4491422B
:1083000025D291F801C0BCF1050F05D091F800C04D
:1083100061448A42F5D8704700B591F802C00CF06C
:108320007F0E00EB4E0E4FEADC1C0EF80C3091F87D
:1083300000C061448A4209D991F801C0BCF1050F1F
:10834000EBD091F800C061448A42F5D800BD704777
:108350002DE9F041B2F5004F9DF8185024D804469D
:10836000C06898460F46164618B14FF0FF310CF022
:108370002BFB206918B14FF0FF310CF025FB0022D8
:10838000C8F30E03E06843EAC53362812760A68024
:10839000E380228108B10CF0E7FA206908B10CF003
:1083A000E3FA0120BDE8F0810020BDE8F08100BFC4
:1083B000038942899BB292B28088934236BFC2EB56
:1083C00040029B1A9B189BB2984228BF18467047E0
:1083D0000289438990B29BB2C01AB0FA80F040097A
:1083E000704700BF038942899BB2808892B2934252
:1083F00036BFC2EB40029B1A9B189BB2984286BFC5
:10840000C01A80B20020704730B5044600690D469E
:1084100083B018B14FF0FF310CF0D6FA2289618990
:1084200092B289B2A3888A4236BFC1EB4300501A88
:10843000801880B268B3834209D29A422CBFD21A04
:10844000D21891B28B42618103D8C91A89B28B428A
:10845000FBD9E2882368C2F30E0202FB01312846F1
:108460000CF0EEFA6289A38892B2511C89B28A425A
:108470004FF0010210D9002103FA02F0091A206915
:10848000618118B101920CF06FFA019A104603B0A5
:1084900030BD0246618989B2B1EB430F4FEA430018
:1084A000EDDBEBE72DE9F04105460069884682B037
:1084B00028B14FF0FF3100920CF086FA009A29891A
:1084C0006B8989B29BB2AC88994236BFC3EB440634
:1084D000CE1A7618B6B2002E4BD0B44241D3B24277
:1084E00028BF32469C4296B203D81B1B9BB29C42CB
:1084F000FBD9B5F806C0E01A296880B2CCF30E02A9
:108500008642174602FB031125D910FB02F24046B2
:1085100092B2019300920CF093FA019B009A341BE3
:10852000234408EB020013FB07F2296892B20CF017
:1085300087FA6A89AC8892B293199BB29A421AD987
:1085400062009B1A28696B8108B10CF00DFA304665
:1085500002B0BDE8F081404606FB02F20CF070FA72
:10856000E7E7A1422CBF091B09198BB226466B8194
:10857000B5E76B899BB2B3EB440F4FEA4402E1DBF2
:10858000DFE700BF70B50446C0680E4682B018B180
:108590004FF0FF310CF018FA2589238961899BB2CD
:1085A00089B2A2888B4236BFC1EB42015B1A5B18CD
:1085B0009BB29A42ADB20BD8E179C90908D1E06803
:1085C00018B101910CF0D0F90199084602B070BDC4
:1085D000954228BF2B4617D39B1A9BB29342FBD2DE
:1085E000E2882068C2F30E0202FB030031460CF061
:1085F00027FA6B1C9BB29D42A28811D9002351001F
:108600005B1A01212381DAE7E2882068C2F30E02B7
:1086100005FB020031460CF013FA0135A288ABB21B
:10862000B3EB420F4FEA4201EBDBE9E72DE9F047FC
:10863000154682B0002A4AD00446C068884618B160
:108640004FF0FF310CF0C0F9E17926896389C9093F
:10865000A288B6B29BB23ED19E4236BFC3EB420364
:10866000F31A9B199BB2934253D2D31A9BB2AB42DB
:1086700028BF2B469DB27319B4F806C01FFA83F9C0
:10868000A5EB020A9642334603D39B1A9BB2934250
:10869000FBD2D21A91B22068CCF30E02A94217463F
:1086A00002FB030052D3414605FB02F20CF0C8F96D
:1086B000A3884E454FEA430202D8B9EB430F01DBD2
:1086C000A9EB0209E0682A46A4F8089028BB1046E6
:1086D00002B0BDE8F087954227D29E4236BFC3EB79
:1086E0004201F11A891989B250002944AF1A814216
:1086F000BA4608DB991889B24E1BB6B2B342894616
:1087000038D9301A86B2AB191FFA83F9B4F806C00B
:10871000B8E70022E0680028D9D000920CF024F9D4
:10872000009A104602B0BDE8F087002AF2D0B4F8F3
:1087300006C0AD1A99181E46CCF30E0303FB05883C
:108740004FF0000A15461FFA81F99BE711FB02F270
:10875000414692B2019300920CF072F9019B009A8B
:10876000534413FB07F308EB020120689AB20CF0A4
:1087700067F99DE7B042C4DDC8E700BF10B5044605
:10878000C06818B14FF0FF310CF01EF9206918B124
:108790004FF0FF310CF018F90023E068638123816A
:1087A00008B10CF0E1F8206908B10CF0DDF8012007
:1087B00010BD00BF38B50446C0680D4618B14FF073
:1087C000FF310CF001F9206918B14FF0FF310CF0C6
:1087D000FBF8E379E06865F3C713E37108B10CF0C7
:1087E000C3F8206908B10CF0BFF8012038BD00BF04
:1087F000012307480749084A03600B609368D907BB
:10880000FCD50123054A13601368DB05FCD57047CE
:1088100000200240003002400000024000000A40F8
:108820002DE9F04F054600274FF0010C85B09DF86B
:108830003800DDE90F4602902868C7664160191EBE
:10884000C0F86CC0019140F38880029B571E01F173
:10885000FF3883EA0C091CB161463046A0472868FE
:108860004FF0000B2B799B02C34514BF002109F088
:10887000010117F8012F42EA412213430361ACB111
:108880004FF0000A03E02B685A6BD2061ED4002179
:108890003046A0475FFA8AFA0028F4D06FF0010B47
:1088A0005846029B2B7105B0BDE8F08F436BD9068B
:1088B000FCD5D0F88020002A41D1C34548D0019B87
:1088C0000BF1010B5B45EBD00023CDE7D3F8802003
:1088D000EAB9BAF1000F0ED1C34509D0019B0BF1E3
:1088E000010B5B45DCD001213046A0472868EBE74F
:1088F000029B002BF2D1039203E02B685A6B920586
:108900000AD400213046A0470028F6D0C6E74FF031
:10891000010A5B6D0392F4E7039A1B6EBAF1000F34
:10892000DCD0E2B102F0090CBCF1080F18BF4FF027
:10893000FF3B5846029B2B7105B0BDE8F08F01212B
:10894000436D436B9B05FCD5036E0029B7D0E8E768
:10895000029B002BB3D11946F3E7BB46A0E74FF0CB
:10896000FF3B9DE72DE9F04F4FF0010C1746002229
:108970000446006883B0B3F10009C2669DF83080F8
:108980004160DDE90D65C0F86CC060DD09F1FF33C1
:10899000019388EA0C0A002E57D0934601212846FD
:1089A000B04720680346416F1029FCD0BBF1000F8F
:1089B00037D00021019A934514BF4FF0000C0AF004
:1089C000010C41EA4C2141F4807101613EB91AE089
:1089D0002846B04700283CD12368996F21BBD3F8C3
:1089E0008010596B11F04001F2D0002128465B6DD8
:1089F000B0476FEA000B584684F8048003B0BDE826
:108A0000F08F836FC3B9D0F88030436B5B06F8D525
:108A10004FF0FF3B436D584684F8048003B0BDE837
:108A2000F08F21798902C5E71B690BF1010BD9454C
:108A300007F8013BB2D1DEE703690BF1010BD94521
:108A400007F8013BD7D02068ACE7B346AAE79346C6
:108A5000D1E76FF0010BCEE7F0B5074683B00520F4
:108A60000191F9F78FFC01991F4A00EB510CBCFBF7
:108A7000F1FC0CEB4C05A2FB052E1C4E4FEA9E04AC
:108A8000B14200EB4003ACEB9E0E27D8184AA2FB84
:108A900003239B0D0133002239684F2DCA660A68F3
:108AA00001F5805682F0040202F006023260C1F83D
:108AB0001CE00C6298BF01240A4688BF2409C1F853
:108AC000A040B0FBFCF0012452F87C5F6B409BB2ED
:108AD00002F580521360CC6603B0F0BD054AA2FBDC
:108AE0000323DB0D0133D6E7CDCCCCCC3F420F00C6
:108AF0006BCA5F6B893BE655114A00B5904214BFC3
:108B000010222022DFF840E00E4BDFF840C0CEF804
:108B100000201A60DCF8083032EA0303FAD140F290
:108B2000651E4FF0030C02680371D366C2F800E0C3
:108B3000D3635DF804EB9363C2F888C0FFF78CBF82
:108B40003823002000300240002002400000024094
:108B50002DE9F0418AB006AC804617461E46DDE995
:108B6000122320469DF840500591F9F75FFB3346EC
:108B7000CDE901043A46404605990095FFF750FEBD
:108B80000AB0BDE8F08100BF2DE9F0418AB006AC23
:108B9000804617461E46DDE9122320469DF84050C8
:108BA0000591F9F743FB3346CDE901043A464046C7
:108BB00005990095FFF7D6FE0AB0BDE8F08100BF29
:108BC0003A4B2DE9F043984214BF4FF480234FF401
:108BD00000230546364E374C374A83B03360236056
:108BE000946833EA0404FBD14FF002090620019196
:108BF000F9F7C8FBAE464A465EF8046F01990EF5D8
:108C000040574FEA412843464FEAD15C1640C7F827
:108C1000009008E013EB080302F102024CEBD15C78
:108C2000B2F5807F03D0984274EB0C09F2D24FF476
:108C30008073C2EB022C01E0012B34D0B0FBFCF8B6
:108C400041459946ACEB020C03F1FF33F4D209FB2A
:108C500002F91C0202212B46B0FBF9F04FF0030C85
:108C60002A612A680EF5005E624005F5805802F41C
:108C70007F42C8F80020CEF800606C68396053F875
:108C8000242B0C4082F0070202F0CF0203F50053C0
:108C9000C8F80020CEF80040C3F800C0CEF800109D
:108CA00003B0BDE8F0839146D4E700BF00800840E0
:108CB0000020024000300240000002402DE9F04355
:108CC00004464FF00208254683B006200191F9F7CB
:108CD00059FB424655F8046F019905F540594FEA92
:108CE000412E002773464FEAD15C1640C9F8008038
:108CF00008E013EB0E0302F102024CEBD15CB2F57B
:108D0000807F03D0984277EB0C08F2D24FF4807347
:108D1000C2EB022C01E0012B1BD0B0FBFCFE8E4508
:108D20001F46ACEB020C03F1FF33F4D902FB07F74B
:108D30001B02B0FBF7F02261226805F50055534095
:108D400003F47F4304F5805423602E6003B0BDE834
:108D5000F08317460023ECE72DE9F0411546D0F8E3
:108D600068218646CB792AB1DA0705D56FF00A006B
:108D7000BDE8F0815B07F9D491F90530002B01DBE8
:108D80009D42F3D10EF12F4303F560031A0D012329
:108D90000C791C48A3401646013B50F82220AB40FA
:108DA0001A421746984629D104B30968AC46164AB8
:108DB00001EB44040BE0B3F5005F38BF5B190CF125
:108DC0001200A1424EF820300CF1010C0ED031F807
:108DD000023B03EA0200B0F5005FECD113F0600F34
:108DE000EDD1DEF8680143409BB2E4E7054A47EA6B
:108DF0000803284642F82630BDE8F0816FF00800ED
:108E0000B6E700BFDC4F002000E0FFFFF0B59E4654
:108E1000D0F868319DF81450D21A1F2A39D80C4660
:108E20004EF280034EF29F014FF4003704EB440CE6
:108E3000002D08BF194600EBCC0303F5435300EBAC
:108E4000CC0CBEF1050FDCF8DC60DCF8CC50DF6048
:108E50000ED95301AEF1050E43F0A0530532BEF119
:108E6000050FCCF8DC3002F01F02CCF8D810F0D897
:108E7000520104EB440442EA8E6300EBC402C2F8E0
:108E8000DC300020C2F8D810C2F8DC60C2F8CC5048
:108E9000F0BD6FF00400F0BD4FF0010C2DE9F04182
:108EA000904602680CFA01FE22EA0E020260002BD4
:108EB0003DD01E69DFF804E1F2439C681F6801EBB6
:108EC00041050EEA121E00EBC50502EA5202C5F882
:108ED000C87012EA0E0FC5F8D040D0F8684101FA08
:108EE0000CFC0EEA56060BD056EA040263D15E680B
:108EF000DA680CEB010300EBC303C3F8CC600FE0AE
:108F0000002E4ED15E68002CF2D0DA684FEA1E5374
:108F100086EA0376C5F8CC604FEA0E3E82EA1E224E
:108F20000CEB010300EBC303C3F8DC2015E04FF4A6
:108F300040254FF480364FF4F83401EB410200EB4A
:108F4000C202C2F8C860C2F8D050D0F868514FEAE7
:108F5000410CC2F8CC40C2F8DC304FF0013701229E
:108F60004FF000448C4400EBCC0303F5865301F131
:108F7000040E01F1080507FA01F11C6100EBCC0CAD
:108F80001C6102FA0EFE8160AA4000F50050C0F894
:108F900000E00260002008F01F06CCF8D860BDE8B1
:108FA000F08144B15C68DA684FEA1E5384EA0373C7
:108FB000C5F8CC30B0E76FF00A00F0E7218410006C
:108FC0002DE9F04F8DB0DDE91656AC19302C9DF827
:108FD000607063D8002E61D0CDE9082301234FF0E3
:108FE000000C04F1FF3A4FEA1A1A2D0903FA0AFAA3
:108FF000AB407C1C4AEA0303CDE90601CDE9043409
:10900000DFF82492844CCDF80CC04FEA145AAAF22F
:10901000025A039B4FEA8A06F51C002B00F097804A
:109020000DF12C0B00270DF12C0802E00137042F65
:1090300038D02B46324600217848CDF80090F8F71A
:10904000A5F9831BB0425BB2C0F29680002B88F872
:10905000003008F10108E9DAA7F1040A002F00F056
:10906000CC804FF00008C3441BF9011B6B4831440E
:1090700008F10108F8F7CCF94745F5DCBAF1000F23
:1090800080F2AF80664BA4F580149C42BDD1DDF820
:109090000CC0059B0CF1010C9C45B3D100200DB018
:1090A000BDE8F08FF8F72AF95E4B804653F82A3076
:1090B0002BB9049B9B0003F01003C4F86831D4F86B
:1090C0006831002B36D0049BDD0736D40120069989
:1090D000544B91F804C091F9051000FA0CF00029E6
:1090E00053F82A2000F1FF30CCF120035ADB9942DB
:1090F0008C4622D800FA01F111421ED16246204668
:109100000699FFF729FEB0F1000A6EDB079B089A6B
:109110001C609DF92C3040461360099BC3F800A0E9
:10912000F8F7FEF8012F5CD004274FF001080DF18D
:109130002C0B98E7049B5807C8D54046F8F7F0F881
:109140004FF000084FF0FF3A0DF12C0B8BE72B4648
:10915000324600213148CDF80090F8F717F9831B0B
:10916000B0425BB233DB002B8DF82C300CDBF8F710
:10917000C5F801278046A2E7FF220DEB070383F81D
:109180002C20A7F1040A69E7254B4FEA145AA4F5ED
:1091900080149C42AAF2035A3FF479AF4FEA8A0640
:1091A000F31CD5E7002B08DB00FA03F111429C46C3
:1091B00003F1FF33A2D0591CF6D14046F8F7B0F8BE
:1091C0004FF000086FF0080A0DF12C0B4BE7144B21
:1091D0004FEA145AA4F580149C42AAF2035ADDD136
:1091E00055E701200DB0BDE8F08F4046F8F798F83C
:1091F0004FF000080DF12C0B35E7094AA4F5801358
:1092000093423FF444AF4FEA145AAAF2035A4FEA8A
:109210008A061C46F51C05E700004050F84F002068
:1092200000001050DC4F00209C51011002F012B9D8
:1092300070B50D46064688B300F000FD437A04463B
:1092400073B3032B2CD00AF0BBFD00232372A3724F
:1092500023614FF48073A382C5B91E23A38140F21A
:10926000011363600F4B2570E3610F4B23624FF0D6
:109270007F5363620123A362A3854FF07E53236370
:109280004FF44073A386032384F83830304600F04F
:10929000D6FC2946BDE8704002F0B4B9642070BD28
:1092A000B420FCE7CDCCCC3F000020410021FFF7EB
:1092B000BFBF00002DE9F0470F469046994604468F
:1092C000E8B0002856D0D0F800A0BAF1000F53D172
:1092D0000AF050FD04AB00930DF10E0205AB03A99B
:1092E0000DF10A0003F04FFDBDF80A30282B45D1DF
:1092F000254E2660304600F0A1FC80F809A0054606
:10930000304600F09EFC709B4246009339464B4627
:1093100001F0AEFE0446B0B9012730466F72FFF788
:10932000C5FF0446804670B9304600F088FC2146EF
:109330003A46064603F071FC044640B141463046C9
:109340002A7A03F06AFC204668B0BDE8F08748AB93
:1093500028AA08A9304604F0C9FA214607462A7A05
:10936000304603F05AFC04465FB90028EBD10223D3
:109370006B72E8E76424E6E7B424E4E74FF49674FC
:10938000E1E73C46DFE700BFEC5C002070B50E462D
:109390001546002861D000295FD0002A5DD000F07A
:1093A0004DFC437A0446022B59D130462F490BF02D
:1093B000CBF918B92B68E361002070BD30462C4909
:1093C0000BF0C2F918B92B7884F82830F4E730464E
:1093D00028490BF0B9F938B92B7884F82B3084F888
:1093E000293084F82A30E7E7304623490BF0ACF9FE
:1093F00010B92B682362DFE7304620490BF0A4F94F
:1094000010B92B88A385D7E730461D490BF09CF98E
:1094100010B92B682363CFE730461A490BF094F953
:1094200080B92E8830460BF0EFFA4FF080410546A8
:10943000206A0BF0E1FA014628460BF0E9FA80B900
:10944000A681B9E7304610490BF07EF958B92B7860
:1094500084F8353084F83830AEE76420ADE7B420C6
:10946000ABE77B20A9E77320A7E700BF44540110B6
:109470005C540110755401108C5401109D5401105E
:10948000AD540110C1540110D5540110F7B50D466B
:109490001446074600285DD000295BD0002A59D029
:1094A00000F0CCFB0646384600F0C9FB737A07464D
:1094B000012B51D928462A490BF046F920B9F36906
:1094C0002360002003B0F0BD284626490BF03CF98C
:1094D00018B996F828302370F3E7284622490BF094
:1094E00033F910B996F82B30F5E728461F490BF0F1
:1094F0002BF908B9336AE3E728461D490BF024F934
:1095000010B9B38D2380DCE728461A490BF01CF90B
:1095100008B9336BD4E7284617490BF015F9024612
:1095200048B9ADF806000DF10601384603F0C2FC5B
:10953000BDF80630E6E7284610490BF005F908B9F2
:10954000B389DFE728460E490BF0FEF830B996F8EC
:109550003530C0E76420B5E7B420B3E77320B1E746
:10956000445401105C540110755401108C540110C6
:109570009D540110AD540110EB540110C154011061
:10958000D55401102DE9F0410F460446E2B0002801
:1095900045D0002943D000F051FB0646204600F09C
:1095A0004EFB737A0546022B3BD1012102AA04F03F
:1095B00045F98A282DD1002128460DF1070203F034
:1095C0005BFA0446804678B99DF80730012B0FD02E
:1095D00001460122284603F020FB044640B14146E3
:1095E0002846327A03F019FB204662B0BDE8F081CC
:1095F00022AA02A9284642AB04F078F904460021C9
:109600002846327A03F009FB002CEDD108B104465C
:10961000EAE70D22394602A801F0C6FEF7E7642406
:10962000E2E7B424E0E72DE9F74F88469146044687
:1096300000285ED000F003FB0546204600F0FEFA4D
:10964000437A0746022B56D1032640F2012300211C
:1096500028460DEB0602ADF804308DF8066003F0E5
:109660000BFA044608BB9DF80330B34215D1002223
:109670002846114601F0B2FC0446B0B906460DF189
:10968000040A16F80AB0A6B9B9F1000F1CD10722D6
:109690005946284603F0C1FA1AE0014632462846E8
:1096A00003F0BBFA04460028E1D0204603B0BDE831
:1096B000F08FB8F1000FE7D04146284601F01FFDBA
:1096C00004460028E0D0F0E75946284603F030F879
:1096D00004460028E9D10136032ED2D100212846C4
:1096E00001F0E4FE04460028DFD10AF095FB7E720B
:1096F000DBE76424D9E7B424D7E70000F0B50746D8
:109700008BB0002848D000F099FA0546384600F0A2
:1097100096FA6B7A0646022B40D100210DF1270202
:1097200003F0AAF90446F8B99DF82730012B1ED1A1
:109730006C46069505F1200CBCE80F000FC49CE8B0
:10974000030084E80300164A3846EB69154900F027
:109750007AFA044698B9014601223846FFF763FFBA
:10976000044660B903236B7220460BB0F0BD01467E
:109770000122304603F051FA04460028D8D00223D3
:1097800000216B7295F8383030462A7A85F83530EA
:10979000A97203F042FAE7E76424E5E7B424E3E7BB
:1097A000F4540110FA5401102DE9F74F0E4690467B
:1097B000824600287CD000297AD000F03FFA054686
:1097C000504600F03CFA6B7A0746022B72D14FF0FC
:1097D000000B6946CDF800B001F0C4FC0446002837
:1097E00060D1AB7A002B61D0A8890BF00DF90099FC
:1097F0000BF002F901463846009101F0ACFC04463A
:1098000000284FD13846296A01F097FC0446002809
:1098100048D1AB7A1BB995F8353085F8383001233B
:10982000AB7285F83530B04781465046FFF766FF8A
:109830000446002836D1B04701A982463846CDF803
:1098400004B001F081FC044660BB286A0BF0F4F818
:1098500004460BF0D9F801990BF0F6F822460146C0
:10986000384602F04EFE8346A8890BF0CDF8044638
:10987000AAEB09000BF0C8F80F490BF0D5F85946D0
:109880000BF0BAF8014620460BF08AF8014638463C
:1098900001F070FC044628B985F81480AE61B04729
:1098A0006C752861204603B0BDE8F08F5946A2E7E9
:1098B0006424F7E7B424F5E700007A4470B5044661
:1098C00078B300F0BBF90546204600F0B8F9AB7A52
:1098D000064613B96B7A032B25D195F83830002151
:1098E000304685F8353001F028FC044668B900217F
:1098F000304601F030FC044638B90021304601F012
:1099000039FC044608B90AF049FA002130462A7A9F
:1099100003F083F948B914B90223AC726B72204684
:1099200070BD6424FBE7B424F9E70446F7E738B5D3
:109930000546D8B100F082F90446284600F07FF9C8
:10994000637A0546032B13D10AF028FA2846002132
:10995000227A03F062F9054630B9A36998470123DA
:109960006375022320616372284638BD6425FBE7D6
:10997000B425F9E72DE9F04FADF5C75D87B00F4687
:10998000CDE90B02002800F03D8100F058F90646B1
:109990000B9800F053F9837A0546E3B1437D012B20
:1099A00019D1836998472B69C41A304601F0EAFB44
:1099B000844206D2002420460DF5C75D07B0BDE8FD
:1099C000F08F2A7DA9690B980DF5C75D07B0BDE83A
:1099D000F04FFFF7E9BE6A7A032A40F015810023B1
:1099E00012A90B608B801493ADF854301693ADF828
:1099F0005C3014A940F201218DF846204FF48272A8
:109A000011AB1980304618A90DF142031A8001F0FC
:109A100088FB04460028CED180461AAB0A930A9AE6
:109A20001FFA88F352E902128B424FF0000373EBE6
:109A3000020220DB194630221AA80AF0D9FF4FF0A3
:109A400000030DF13B0888F80030304602F04BFB74
:109A5000002840F096809DF83B300DF13B08002B2C
:109A600040F0B280304602F0D5FD00283BD0012303
:109A700088F80030A8E011AB4FF4C35200211FFA60
:109A800088F926A813F809B00AF0B2FF4FF48272E1
:109A90000DF1580AADF842200DF14203AAF1180366
:109AA0002A790193AAF11C030093594601233046F9
:109AB00002F03FFD044600287FF47DAF5946304652
:109AC000AAF1160326AA02F0A8FCD028044608D161
:109AD00014AB23F819004FF0000B18230DF14202CC
:109AE0003AE00028F7D00A9B53E90250012D70F1AB
:109AF0000003FFF65FAF002C7FF45DAF23460DF649
:109B0000F80212AEA2F6A80216AF99B236F81140CA
:109B1000002C7FF450AF32F81140002C7FF44BAF93
:109B200037F811400133002C7FF445AF99B2A942B8
:109B30008441EADB3EE70D921FFA8BF126AA03FB74
:109B40000121304601F07EFF182304460D9A08B12A
:109B50002AF819000BF1010B10881FFA8BF18842CB
:109B6000E9D80DF6F803A3F6BC031888BDF8401039
:109B700010AA02F026FD12AB23F8190008F1010823
:109B80004DE730460A990DF13B0203F0F7FAAB7A44
:109B9000ABB9002F3FF459AFEC460C9B0DF1780E9A
:109BA0000893BEE80F00ACE80F009EE80F008CE8B9
:109BB0000F000DF1680999E80F00B84745E798F8DC
:109BC0000030002B3FF441AFAB7A002B8BD03046F6
:109BD00002F031FD37B90B98FFF7A9FE002882D0BB
:109BE0000446E8E66E460C9B1EAD08930FCD0FC6EB
:109BF00095E80F0086E80F000DF1680C9CE80F0057
:109C0000B847E8E76424D6E6B424D4E638B5044679
:109C100080B1056875B16B7A032B0DD00AF096F907
:109C200005F13C0001F05CFA08B9206038BD002362
:109C30002360FBE76420F9E7B420F7E77047C06BC7
:109C400070473C30704782B02DE9F041E8B00F46D4
:109C500016460446DDF8D8816F9300284FD0B8F13E
:109C6000000F4CD0437A022B4BD1C56B0021284604
:109C70000DF11F0202F074FF00283BD19DF81F3048
:109C800003F0FD03012B3ED1284648AB28AA08A9C2
:109C900003F02CFE70BB002170980AF079FE58B9D1
:109CA00004F11C0C0DF5DE7EBEE80F00ACE80F00E1
:109CB0009EE807008CE807002846616A03F072F806
:109CC000C0B94146042220460AF002FD3946284622
:109CD00000F014FE70B96F4604F1240CBCE80F00CC
:109CE0000FC7DCF8003031463B602846D4E9072333
:109CF00003F0FEFC68B0BDE8F04102B0704764209C
:109D0000F8E7B420F6E77420F4E700000000000054
:109D1000D0B50446C4F30220F9F7E4FA0022124B4E
:109D2000F9F738FA0646C4F301300F46F9F7ECFAB2
:109D300002460B4600204FF08041F9F79FF802469B
:109D40000B4630463946F9F74DFA02460B4604A158
:109D5000D1E90001F9F76AFAD0BD00BFAFF3008086
:109D600000000000D01293410000F03F2DE9F843BD
:109D70000C46FFF7CDFF6307064604F003004CBF17
:109D8000DFF86C90DFF86C900F46F9F7BDFA00220F
:109D9000194BF9F7FFF902460B4600204FF08041BE
:109DA000F9F76CF84FF0000804460D4632463B4682
:109DB00000201049F9F73AFA0022104BF9F712FA8D
:109DC00042464B46F9F70EFA22462B46F9F70AFAB5
:109DD00002460B4600200749F9F728FAF9F7B8FAC6
:109DE0004FF0000360F30C031846BDE8F88300BF92
:109DF0000000E03F0000F03F00001C400000504029
:109E00002DE9734F824610461C460A9E8B46FFF78B
:109E10007FFF6307CDE9000104F003004CBFDFF8CA
:109E20007C90DFF87C90F9F76FFA00221D4BF9F770
:109E3000B1F902460B4600204FF08041F9F71EF8B9
:109E4000DDE900234FF0000804460D4600201449C8
:109E5000F9F7ECF90022144BF9F7C4F942464B46E6
:109E6000F9F7C0F922462B46F9F7BCF902460B4632
:109E700050465946F9F7DAF904460D46F9F768FAFB
:109E8000294630802046F9F763FAB378000C60F376
:109E90000203B37002B0BDE8708F00BF0000E03F66
:109EA0000000F03F00001C40000050402DE9F04F42
:109EB0000E460446A1B0002800F0C08001F019F958
:109EC00000F50C5050E90223B24273F10003C0F2D6
:109ED000B780002E00F0B480204601F00AF96A46EF
:109EE00005463146204603F0A9FC0446002840F010
:109EF000A18005F5005696F81403D5F8907100F08E
:109F000003000AF081FD01464FF08040F9F798FF09
:109F1000014638460AF088FD01464FF07E500AF0AF
:109F200083FD4FF0864182460AF08EFD07469DF87C
:109F30004C0000F00F0001300AF092FD39460AF0A3
:109F400083FD40490AF080FD3F490AF055FD9DF927
:109F500005308146002BACBF3C493D494FF07E5057
:109F60000AF062FD3B490AF06FFD01460AF044FD2C
:109F70003949804648460AF067FD014640460AF0E6
:109F80003BFD804696F8160300F007000AF03CFD02
:109F900001464FF08040F9F753FF834696F81603C9
:109FA000C0F30110C0F108000AF05AFD01464FF05D
:109FB0008040F9F745FF8146594650460AF044FD76
:109FC00049460AF041FD96F81433814696F8440359
:109FD0005A0700F00F004CBF4FF0844B4FF0854BF9
:109FE0000AF012FD01464FF08040F9F729FF824642
:109FF000594638460AF028FD51460AF025FD074625
:10A00000164940460AF0F8FC49460AF0F5FC394684
:10A010000AF0F2FC4946C5F8B80140460AF0ECFCEB
:10A0200096F84433DB0648BF002739460AF0E4FCC3
:10A03000C5F8BC01204621B0BDE8F08F6424F9E7E3
:10A040006624F7E70000304195BFD63700247449F5
:10A050000024F449000084440000A04017B7D13820
:10A06000F8B5002837D001F044F800F5005797F80C
:10A0700014330446B7F80C035B07C0F30C004CBF65
:10A080004FF07C564FF07E560AF0EAFCD4F890115F
:10A0900005464FF07E500AF0C7FC4FF085410AF0AC
:10A0A000D3FC31460AF0D0FC064697F8140300F0C2
:10A0B000030007300AF0D4FC01464FF08040F9F766
:10A0C000BFFE014630460AF0BFFC29460AF0BCFC40
:10A0D000A0600020F8BD6420FCE700002DE9F04FEF
:10A0E00087B09046DDE914599A46DDF848B00391EF
:10A0F0000290002800F05F81002900F05C81002AB6
:10A1000000F059811468002120460AF041FC002823
:10A1100040F053814FF07E5120460AF089FC002820
:10A1200040F04B81029B4FF07E511F6838460AF089
:10A130006FFC002840F04181039B4FF07E511E6868
:10A1400030460AF065FC002840F037813146384639
:10A150000AF082FC2023002800F00C8189F80130ED
:10A160004FF07C5130460AF06FFC39460AF05CFC37
:10A170000DF1160300930322052105AB03F014FF34
:10A180000446002840F0F280BDF81430BDF81620D7
:10A1900003F01F0343EA421389F800300122BBF8A1
:10A1A000003013996FF30C03ABF80030139B4FF0A2
:10A1B0007E501B780DF1160762F305030B703146D4
:10A1C0000AF032FC05220821009705AB03F0ECFEF3
:10A1D0000446002840F0CA80BDF81430BDF81620AF
:10A1E0002B706B78D8F8001062F304036B70304664
:10A1F0000AF02AFC0122BAF80030014664F30C038D
:10A20000AAF80030109B4FF07E501B7862F30503D4
:10A21000109A13700AF008FC05220821009705AB7C
:10A2200003F0C2FE0446002840F0A080119ABDF859
:10A23000143013705378BDF8162062F30403119A9A
:10A24000537099F8000000225D4B410900F01F0097
:10A2500003F02CFE01464FF07E500AF0E5FB139B05
:10A2600006461978BBF800000022564B01F03F016A
:10A27000C0F30C0003F01AFE69780022524B074627
:10A2800001F01F01287803F011FE014638460AF05C
:10A29000CBFB31460AF0D8FB029B0022186099F8EC
:10A2A0000100474B410900F01F0003F0FFFD01468C
:10A2B0004FF07E500AF0B8FB139B06461978BBF8A6
:10A2C000000000223F4B01F03F01C0F30C0003F0FF
:10A2D000EDFD697800223C4B074601F01F0128780C
:10A2E00003F0E4FD014638460AF09EFB31460AF0D1
:10A2F000ABFB039B00221860109BBAF80000197892
:10A30000C0F30C002F4B01F03F0103F0CFFD119B78
:10A3100006465978119800222B4B01F01F01007856
:10A3200003F0C4FD014630460AF07EFB139B06464F
:10A330001978BBF800000022224B01F03F01C0F366
:10A340000C0003F0B3FD697800221F4B074601F0B3
:10A350001F01287803F0AAFD014638460AF064FB85
:10A36000014630460AF060FBC8F80000204607B0FE
:10A37000BDE8F08F89F800304FF07C5138460AF084
:10A3800063FB31460AF050FB0DF1160300930322E4
:10A39000052105AB03F008FE04460028E6D1BDF810
:10A3A0001430BDF8162003F01F0343EA42133E4663
:10A3B00089F80130F2E66424D8E77324D6E700BFB9
:10A3C0000000144000002A40000020402DE9F04F1A
:10A3D0000C4691460646B9B0002800F08682002956
:10A3E00000F08382002A00F08082AC4920460AF007
:10A3F000ABF9AB49054620460AF0A6F98046002D88
:10A4000000F02E81B0FA80F35B0904222046A549B2
:10A410000C930AF023F9002840F06982A2492046F3
:10A420000AF092F9A149834620460AF08DF9A04925
:10A43000119020460AF088F99E49054620460AF008
:10A4400083F99D49079020460AF07EF99B490890C0
:10A4500020460AF079F99A49074620460AF074F92D
:10A460000E90304600F045FE99F80030824643F0E9
:10A47000700389F8003099F80130B8F1000F40F00E
:10A48000F18043F0020389F80130B9F8083043F451
:10A49000B27343F00103A9F8083099F80A30304646
:10A4A00023F03F0343F03F0389F80A30A02389F8E3
:10A4B000123099F8033043F0800389F80330B9F87B
:10A4C000043023F45C5323F0030343F40053A9F84E
:10A4D000043002F075FC99F814309AF8CF2162F339
:10A4E000010389F81430BBF1000F00F0C880B7FAFF
:10A4F00087F35B09D9F814209B0022F45C1243F423
:10A50000E02322F004021343C9F81430089B1BB95E
:10A510004FF07C53CAF8C031DAF8C08100214046C0
:10A520000AF036FA30AC002840F0AB8040460AF022
:10A5300077FA0094B9F81430B9F80420FFF760FCFA
:10A54000BDF8C03099F81020A9F80E309DF8C2303F
:10A55000C3F3020363F3020289F81020B9F8141060
:10A56000B9F80400FFF702FC002F14BF0A220222F0
:10A57000B9F8443042F4807223F4F85323F01F03F7
:10A5800043F4A05343F01903A9F84430B9F8463016
:10A59000A9F80C0023F49F7323F001031343A9F8D7
:10A5A0004630079B13B10C9B002B74D0DFF814814D
:10A5B0000E9B0BB9DFF810814FF07E573046CDF877
:10A5C0004880139700F095FD8446002D00F08080B0
:10A5D000C0F89481C0F89881C0F89C81C0F8A0812F
:10A5E000C0F8A481C0F8A881C0F8AC71C0F8B071FF
:10A5F000C0F8B47100F5CA7600F5D07509F1380BD2
:10A6000009F1420709F1400809F13E03029309F1FB
:10A610003C03019309F13A03009330465B46CDE9D0
:10A620000474CDF80C8006F1180206F10C01FFF756
:10A6300055FD002840F056810436AE42E4D1BDF805
:10A64000C030A9F82830A9F82A30A9F82C30A9F888
:10A650002E30A9F83030A9F83230A9F8343006E1AC
:10A660000123D2E643F0010389F80130B9F806303E
:10A6700043F4B27343F00103A9F806300DE7012358
:10A6800038E7002299F81030A9F80E2062F302038F
:10A6900089F8103062E7DFF8348089E7015501104E
:10A6A000FA540110085501100D55011013550110F1
:10A6B000195501101F550110255501102B5501107A
:10A6C000315501100000A8410000484200009841A7
:10A6D0002646DFF820E2CCF8AC71BEE80F000FC6CA
:10A6E0009EE80F0086E80F002E46834BCCF8B07131
:10A6F0001293CCF89431CCF89831CCF89C31CCF84A
:10A70000A031CCF8A431CCF8A83114AB0A9318AB23
:10A7100008931CAB099320AB079324AB0B932CAB92
:10A72000CCF8B4710DF1A00B0D930A9BDDF834E069
:10A730001A4622F8026B0A92089AF046114621F84E
:10A74000026B0891099928F8026B084620F8026B01
:10A7500009900798CDF83480074627F8026B0797D1
:10A760000B9FBC462CF8026BCDF82CC0DC462BF8B6
:10A77000026BCDE90021CDE90207CDE904CE13AA91
:10A7800004EB850112A8FFF7A9FC002840F0AA807D
:10A79000BDF850300F930A9B0F9A33F8023C9A424F
:10A7A00040F09F80089BBDF860E033F8023C9E4576
:10A7B00040F09780099BBDF870C033F8023C9C457F
:10A7C00040F08F80079BBDF8807033F8023C9F42B9
:10A7D00040F087800B9BBDF8900033F8023C984214
:10A7E0007FD1BDF8A0103BF8023C994279D138AB3B
:10A7F00003EB450212F82F3C013510935B09984694
:10A8000012F8303C082D68F34713DDF8408068F3F8
:10A81000040302F8303C88D10F9BA9F83AE0A9F86C
:10A820003830BDF8B030A9F83CC0A9F82830BDF8E0
:10A83000B230A9F83E70A9F82A30BDF8B430A9F8B2
:10A840004000A9F82C30BDF8B630A9F84210A9F89C
:10A850002E30BDF8B830A9F83030BDF8BA30A9F8BC
:10A860003230BDF8BC30A9F83430BDF8BE30A9F89C
:10A870003630119B002B0CBF0222012242F01F2315
:10A8800043EA0243D9F8182002F0E0321A43C9F82B
:10A890001820D9F81C2002F0E0321A43C9F81C2015
:10A8A000D9F8202002F0E0321A43C9F82020D9F864
:10A8B000242002F0E0321343C9F824300E9B0BB180
:10A8C0000C9B2BB199F84A3043F0020389F84A30C7
:10A8D00040F20113AAF8CC31012300208AF8CE31CE
:10A8E00000E0A02039B0BDE8F08F6420FAE76820CE
:10A8F000F8E700BF685501108FC27D412DE9F04790
:10A900000C46074694B0002800F06683002900F04A
:10A91000638300F0EEFB0546384600F0EBFB814612
:10A9200005F50D5080222146183009F0D1FE012195
:10A93000032248460DF10E0303F076F9BDF80E1020
:10A9400005F50C560129308000F2428301212022B6
:10A9500048460DF10E0303F067F9BDF80E10708044
:10A96000012900F235830121232248460DF10E030F
:10A9700003F05AF9BDF80E10B080012900F22883C7
:10A980000121732248460DF10E0303F04DF9BDF885
:10A990000E10F080012900F21B8301217522484628
:10A9A0000DF10E0303F040F9BDF80E1030810129BE
:10A9B00000F20E830121A02248460DF10E0303F0A0
:10A9C00033F9BDF80E107081012900F201830121D5
:10A9D000A12248460DF10E0303F026F9BDF80E1032
:10A9E0007082012900F2F48201214FF483724846FB
:10A9F0000DF10E0303F018F9BDF80E10B081012916
:10AA000000F2E682012140F2071248460DF10E03E2
:10AA100003F00AF9BDF80E10F081012900F2D88286
:10AA200001214FF4847248460DF10E0303F0FCF847
:10AA3000BDF80E103082012900F2CA82012140F2D5
:10AA4000091248460DF10E0303F0EEF8BDF80E10A2
:10AA5000B082012900F2BC8201214FF48572484680
:10AA60000DF10E0303F0E0F8BDF80E10F08201299D
:10AA700000F2AE8201214FF4897248460DF10E03B7
:10AA800003F0D2F8BDF80E103083012900F2A08245
:10AA9000012140F2131248460DF10E0303F0C4F8F1
:10AAA000BDF80E107083012900F2928201214FF44B
:10AAB0008A7248460DF10E0303F0B6F8BDF80E1089
:10AAC000B083012900F28482012140F21512484628
:10AAD0000DF10E0303F0A8F8BDF80E10F083012964
:10AAE00000F2768201214FF48B7248460DF10E037D
:10AAF00003F09AF8BDF80E103084012900F2688244
:10AB0000012140F2171248460DF10E0303F08CF8B4
:10AB1000BDF80E107084012900F25A8201214FF411
:10AB20008C7248460DF10E0303F07EF8BDF80E104E
:10AB3000B084012900F24C82012140F219124846EA
:10AB40000DF10E0303F070F8BDF80E10F08401292A
:10AB500000F23E8201214FF48D7248460DF10E0342
:10AB600003F062F8BDF80E103085012900F2308242
:10AB7000012140F21B1248460DF10E0303F054F878
:10AB8000BDF80E107085012900F2228201214FF4D8
:10AB90008E7248460DF10E0303F046F8BDF80E1014
:10ABA000B085012900F21482012140F21D124846AD
:10ABB0000DF10E0303F038F8BDF80E10F0850129F1
:10ABC00000F2068201214FF48F7248460DF10E0308
:10ABD00003F02AF8BDF80E103086012900F2F88142
:10ABE000012140F21F1248460DF10E0303F01CF83C
:10ABF000BDF80E107086012900F2EA8101214FF4A0
:10AC0000907248460DF10E0303F00EF8BDF80E10D9
:10AC1000B086012900F2DC81012140F22112484670
:10AC20000DF10E0303F000F8BDF80E10F0860129B7
:10AC300000F2CE81012140F20F1248460DF10E03C1
:10AC400002F0F2FFBDF80E103087012900F2C0813A
:10AC500001214FF4887248460DF10E0302F0E4FF23
:10AC6000BDF80E107087012900F2B281012140F277
:10AC7000111248460DF10E0302F0D6FFBDF80E107A
:10AC8000B087012900F2A481012140F22312484635
:10AC90000DF10E0302F0C8FFBDF80E10F087012978
:10ACA00000F2968101214FF4927248460DF10E0395
:10ACB00002F0BAFFBDF80E10A6F84000012900F21C
:10ACC0008781012140F2251248460DF10E0302F062
:10ACD000ABFFBDF80E10A6F84200012900F2788102
:10ACE00001214FF4917248460DF10E0302F09CFFD2
:10ACF000BDF80E10A6F84400012900F26981012177
:10AD00004FF4937248460DF10E0302F08DFFBDF82B
:10AD10000E10A6F84600012900F25A81012140F2E6
:10AD20002B1248460DF10E0302F07EFFBDF80E1007
:10AD3000A6F84800012900F24B8101214FF49872D6
:10AD400048460DF10E0302F06FFFBDF80E10A6F895
:10AD50004A00012900F23C81214632463846FFF77D
:10AD600035FB0146002840F033814FF0010833469F
:10AD700003224846CDF8008002F0F8FF0146002883
:10AD800040F0268120224846CDF80080B31C02F016
:10AD9000EDFF0146002840F01B8123224846CDF8F4
:10ADA0000080331D02F0E2FF0146002840F01081D0
:10ADB00073224846CDF80080B31D02F0D7FF01464C
:10ADC000002840F0058175224846CDF8008006F144
:10ADD000080302F0CBFF0146002840F0F98005F59A
:10ADE0000054B4F80A33A022ADF81030B4F812338E
:10ADF0004846ADF812300223009304AB02F0B6FFD0
:10AE00000146002840F0E480B4F81033D4F80C2355
:10AE1000ADF81830B4F814330592ADF81A30B4F820
:10AE200016334FF48372ADF81C3005234846009367
:10AE300005AB02F09BFF0146002840F0C980B4F842
:10AE40003C33D4F83823ADF82430B4F818330892E2
:10AE5000ADF82630B4F81A3340F20F12ADF82830AE
:10AE6000B4F81C334846ADF82A30B4F81E33ADF8B8
:10AE70002C30B4F82033ADF82E30B4F82233ADF8CE
:10AE80003030B4F82433ADF83230B4F82633ADF8AE
:10AE90003430B4F82833ADF83630B4F82A33ADF88E
:10AEA0003830B4F82C33ADF83A30B4F82E33ADF86E
:10AEB0003C30B4F83033ADF83E30B4F83233ADF84E
:10AEC0004030B4F83433ADF84230B4F83633ADF82E
:10AED0004430B4F84433ADF84630B4F83E33ADF8FE
:10AEE0004830B4F84033ADF84A30B4F84233ADF8E6
:10AEF0004C30B4F84633ADF84E301823009308AB0D
:10AF000002F034FF0146002862D140F22B1248467D
:10AF1000CDF8008006F1480302F028FF0146002822
:10AF200056D14FF498724846CDF8008006F14A0396
:10AF300002F01CFF014600284AD1B088FEF7E8FE67
:10AF4000F8F7C2F940F2011394F80A630322C6F33A
:10AF50004001C5F89001A5F8D43185F8D68105F2F5
:10AF6000D71009F045FDC6F3800385F8DA3185F87E
:10AF7000DB3185F8DC31C6F3C00385F8DD3185F8B7
:10AF8000DE3185F8DF31C6F3001385F8E03185F84E
:10AF9000E13185F8E231B4F80C33C6F34016C3F35F
:10AFA0000C03414685F8E36185F8E46185F8E561C5
:10AFB0003846C4F8C432FEF779FF014640B9384636
:10AFC000FFF74EF8014618B9A5F8CC0185F8CE0177
:10AFD000084614B0BDE8F0876421F9E7F0B50546EE
:10AFE0001646084687B0002D3FD040F20123ADF849
:10AFF0001430032304AA0DF10E018DF8163000F071
:10B0000044FABDF80E40BDF81030A34202D2002031
:10B0100007B0F0BD04F118036B4413F8047C284614
:10B0200000F068F84FF4987239460DF1120302F0FF
:10B03000FBFDADF80C00BDF812000128E8D89DF822
:10B040000C30284666F300038DF80C3000F052F8FF
:10B0500001234FF498720093394603AB02F086FE49
:10B060000028D5D10134A4B2CDE76420D0E7000098
:10B070002DE9F04198460E4617460546069B48B313
:10B0800041B33AB3B8F1000F24D01BB3124CFF21E7
:10B0900004F500520460C2F8F03204F10C004FF4E1
:10B0A000C07209F0A5FC0D4B3A46A4F88C3184F827
:10B0B0008E312868434600F511503146183002F0B1
:10B0C0009BFD28B90322002304F50C5444E9022314
:10B0D000BDE8F0816420FBE7202800200101010089
:10B0E00028B1006800F51150183002F0C1BE64208C
:10B0F0007047704700F50050D0F85804704708B505
:10B10000034608465BB103F50053D3F8F03233B180
:10B110009847002840F22F1008BF002008BD642087
:10B12000FCE740B139B100F50C5050E90223002092
:10B13000C1E9002370476420704718B1C0F8C011FE
:10B14000002070476420704718B1836800200B60AE
:10B1500070476420704718B1C0F8C41100207047D0
:10B160006420704720B1D0F8C43100200B607047D4
:10B170006420704718B1C0F8C811002070476420DF
:10B180007047000008B530B10349D0F8C80109F094
:10B190005BFC09F051FC08BD00007A44A0B1B0F896
:10B1A0006E3073B9B0F870205AB9B0F8723043B944
:10B1B000B0F874203AB9B0F87600B0FA80F04009DF
:10B1C000704700207047184670471FB5002859D0B7
:10B1D00090F87230C3F38403032B8ABF042100214B
:10B1E000B0F8523001F1100284BFADF80030B0F871
:10B1F0006C306A4488BFADF80230B0F86E3002F8A7
:10B20000103C01F110026A441B0A02F80F3CB0F82E
:10B21000703001F110026A4402F80E3C01F1100294
:10B220006A441B0A02F80D3CB0F8723001F11002BA
:10B230006A4402F80C3C01F110026A441B0A02F84D
:10B240000B3CB0F8743001F110026A4402F80A3C79
:10B2500001F110026A441B0A02F8093CB0F876308A
:10B2600001F110026A4402F8083C01F110026A443C
:10B270001B0A68460A3102F8073C02F007FEB0FAE2
:10B2800080F0400905B05DF804FB2DE9F04F85B072
:10B29000129EDDE90EECDDE91078002800F08180D7
:10B2A00000297ED0BEF1000F7BD0BCF1000F78D01A
:10B2B000002F76D0B8F1000F73D0002E71D0052A80
:10B2C0006BD990F8705090F8734005F00309240989
:10B2D00044EA0914ADF8044090F87140AD08ADF8A7
:10B2E000065004F03F05ADF8085090F86E50A409E0
:10B2F00005F00F0544EA8504ADF80A40B0F86E4049
:10B300000DF10409C4F30514ADF80C4090F86F403A
:10B310004D1EA408ADF80E4001F1050A39F802BB34
:10B320005FFA8BF4BBF1190F94BF41341634E4B2C9
:10B3300005F8014F5545F1D106240025944228DB3C
:10B34000B0F87220C2F3C4121A8090F87230C3F3BE
:10B350008403A8F8003090F8743003F07F03AEF84F
:10B36000003090F8753003F07F03ACF8003090F8AF
:10B3700077303B8090F8763003F00103337073B17F
:10B38000FFF723FF00280CBF9A20002005B0BDE87E
:10B39000F08F0D55013424B2D0E77320F6E79C20DE
:10B3A000F4E76420F2E70000F0B50F4615460646C4
:10B3B0008DB0002843D0002941D0234B0AA918683A
:10B3C0009A889B790A908DF82E300023ADF81E30B4
:10B3D000ADF82030ADF822300DF11D0304930DF1CE
:10B3E0002603039309AB02930DF12203019308ABEB
:10B3F000ADF82C20009307220DF11E033046FFF715
:10B4000044FFBDF8223004460293BDF8203029469F
:10B410000193BDF81E30384600930C4A0AABFAF788
:10B42000E1FD85420DD91CB13046FFF7B7FE18B1DA
:10B430000C2D8CBF0024732420460DB0F0BD642475
:10B44000FAE77324F8E700BF88550110385501105A
:10B4500001207047F0B4049F38B131B12AB123B153
:10B460001FB10497F0BC02F0EBBC6420F0BC704745
:10B47000012806D0022806D003280CBF0220032092
:10B4800070470020704701207047022809D0032828
:10B490000AD0013818BF0120002340000B80108023
:10B4A000704701231846F9E70223FBE7F7B5044686
:10B4B000084674B301A90DF10602FFF7E6FF42F258
:10B4C000BC26002142F2EC274FF0000CBDF80430FE
:10B4D000BDF806509D4208D2002004F50054D4F86F
:10B4E000C432C4F8C03203B0F0BD04EB830202F5ED
:10B4F0000052E0180133C2F8A412C2F8B0129BB295
:10B500008155C155C2F8C812C2F8D412C2F8E0C2BF
:10B51000E0E76420E7E7000070B50E460446002827
:10B520006AD04FF01063C0F85C3340F60913002571
:10B53000A0F860334FF4806300F50052C0F8585310
:10B54000C0E9D455C2F8C43200238360C0F89031FA
:10B55000C0F89431C0F89831C0F89C31C0F8A031DF
:10B56000C0F8A431C0F8A831C0F8AC31C0F8B0318F
:10B57000C0F8B431C0F8B831C0F8BC31C0F8C0313F
:10B58000C0F8C431C0F8C8311C4B2946C0F8CC31D2
:10B590001B4BC0F8D0314FF00133C0E97533C0E91F
:10B5A000773340F20113A0F8E431C2E9A95500F560
:10B5B0005970C2E9AB55C2E9AD55A2F8BC5282F848
:10B5C000BE524FF4C86209F013FA4FF4C86229461C
:10B5D00004F6A41009F00CFA29464FF4C86204F6E8
:10B5E000E47009F005FA29462046FFF75FFF10B91D
:10B5F0000EB984F8620370BD6420FCE7010101000C
:10B600000000C0402DE9F04F89B0044603910028A6
:10B6100065D0012200F500551146D5F858040DF10A
:10B620001A0302F001FBADF81400BDF81A0001285E
:10B6300049D19DF81530009043F0800302468DF803
:10B6400015300021D5F8580405AB02F08FFB022815
:10B65000ADF81A0037D164212046FFF750FD90BBAA
:10B6600040F201230DF11C08ADF81C30A61E032387
:10B67000B146C34601278DF81E3004F1040A009735
:10B6800000221BF8011BD5F8580406AB02F006FB9C
:10B69000C8B99DF8183029F8023FD145EFD10146CD
:10B6A000D5F8580402F07CFA68B9002318F8011B99
:10B6B0001A46D5F8580402F0B7FA36F8023FC0B27D
:10B6C000984203D06B2009B0BDE8F08F5645ECD10D
:10B6D0002046039909B0BDE8F04FFFF71DBF642075
:10B6E000F1E77FB50E4615461C4608B302B3FFF7D7
:10B6F00001FD0223A3220093314603AB02F0CEFAF0
:10B70000A0B9BDF80E302B8014B1BDF80C302380E9
:10B710009DF80D3013F0300F0CD140F6FF72BDF8DC
:10B720000C30C3F30B03934208BFD52004B070BDA7
:10B730006420FBE70320F9E773B50E4615461C4667
:10B7400058B152B1A400FFF7D5FC2B46A5223146D3
:10B75000009402F0A3FA02B070BD6420FBE70288F7
:10B76000034642B9408840B99A883AB9D888B0FAB5
:10B7700080F04009704700207047104670474378BA
:10B780003F2B9DBF90F90300C043C00F00207047BE
:10B7900043783F2B9ABF90F90300C00F00207047F9
:10B7A000437803F0C003402B03BF90F90300C0436C
:10B7B000C00F00207047437803F0C003402B07D12F
:10B7C000C07800F0C000A0F1800358425841704793
:10B7D00000207047437803F0C003402B07D1C078A6
:10B7E00000F0C000A0F1C00358425841704700204B
:10B7F000704700002DE9F84F0D464FF00008002378
:10B80000CE78DFF8609004464246B1F800A091F887
:10B8100000B0036106F01F014B46A87802F046FB1A
:10B820006979074642464B46287901F01F0102F02C
:10B830003DFB6A79EB88CAF3041ACBF3020B520979
:10B8400043EA024384F800B0C6F3401284F801A032
:10B85000C6F38016A060A2702046E6706760E360C1
:10B86000BDE8F88F00002040F0B591F803C091F8D2
:10B8700000E08F784E790D79CC798A794978CEF3CA
:10B88000050ECCF3050CC7F30507C6F30506C5F393
:10B890000505C4F30504C2F30502C1F305010170F7
:10B8A00080F801E080F802C0C770067145718471AC
:10B8B000C271F0BD002230B5C0E902228D88CC886B
:10B8C00002614A88098842F3090241F309010180B3
:10B8D00042808580C48030BDC2798379002002F027
:10B8E000010143EA0123C2F3400143EA4123C2F3C9
:10B8F000800143EA8123C2F3C00143EAC123C2F3BA
:10B90000001243EA0232DBB263F30700120A82B08C
:10B9100062F30F2002B07047002210B54C79C0F8D6
:10B92000062042818A88C9886409C2F30B0241EA71
:10B9300004410160828010BD73B50E4615461C4659
:10B94000FFF7D7FB00F50C5050E90223B24273F128
:10B9500000030CDB0123294668466370FFF784FF70
:10B9600000980199231D03C3002002B070BD66201A
:10B97000FBE72DE9F04186B0804668461C4603236C
:10B9800006460F4663701146251DFFF793FF0FCE45
:10B990000FC53368B4F904002B6001F03FFFF7F7DF
:10B9A00093FCE0604046FFF7A4FB05463846FFF7EE
:10B9B0005FFD05EBC0150C352946608901F024F8C0
:10B9C00029466061208901F03BF82061002006B023
:10B9D000BDE8F081F8B51E460D461746FFF789FB16
:10B9E00004463046FFF744FD04EB800101F50051A9
:10B9F000D1F8B0320133C1F8B032D1F8A432632BA0
:10BA00001ED84FF0640C0CFB00302A6904EB0010C8
:10BA1000C0F8642380F871632A78013380F87223B8
:10BA20006C7880F873436C68C0F86843AC68C0F801
:10BA30006C43BA5C80F870230020C1F8A432F8BDD2
:10BA40000420FCE72DE9F04F4B788DB0082B894698
:10BA5000059003D1AE200DB0BDE8F08FFFF749FB94
:10BA600099F80030804618460393FFF701FD08EB74
:10BA7000000393F8D7218346069293F8DD2193F8CB
:10BA8000E0310792049399F80130082BE2D0059831
:10BA9000FFF72FFB054699F80000FFF7E9FC2B188C
:10BAA00093F8D41193F8D77193F8DA4193F8DD2124
:10BAB00093F8E0C193F8E3310646019399F8013019
:10BAC00011B9002B00F03C8217B9012B00F038822D
:10BAD00014B9022B00F0348212B9032B00F030822B
:10BAE000BCF1000F02D1042B00F02A82019810B99A
:10BAF000052B00F0258205EB060E9EF85F03092B4F
:10BB000002904AD0092843D1062B46D8062002903D
:10BB1000002900F0A48087F0010E8DF828E08DF850
:10BB200029704FF0000E002F53D1002C40F08F8071
:10BB3000002A00F0908020469246A6468DF82CE020
:10BB40004FF0010E8DF82A0001988DF82EE08DF847
:10BB50002D0003F130008DF82BA00DEB000E1EF828
:10BB600008EC8DF820E04FF0000E8DF821E0002C5D
:10BB700040F04A814FF0000E8DF822E0002A40F09C
:10BB80008E818DF82320BCF1000F00F0928016E129
:10BB9000062B02D802980628BAD90922AB1983F8D5
:10BBA0005F230022012783F8502383F8532383F86F
:10BBB000562383F8592383F85C2399F80130042B2A
:10BBC00000F2D581DFE813F0C201F201040216028F
:10BBD000280203F13000ADF82AE0ADF82CE08DF832
:10BBE0002EE00DEB000E1EF808EC8DF820E081F041
:10BBF000010E8DF828108DF829E08DF82A40002CD0
:10BC000040F0AE804FF0010E002A3BD001988DF835
:10BC10002BE08DF82D0003F130008DF82C408DF8CD
:10BC20002EE00DEB000A1AF808AC8DF822408DF8D2
:10BC300021A0BCF1000F40F05F81002900F0548189
:10BC4000ADF828E04FF0000E4FF0010C36E1204631
:10BC5000BA46BE4672E710469246E6466EE78DF853
:10BC60002010002FC3D18DF82170002C82D0002A23
:10BC700040F00381BCF1000F40F0EA80BC464FF079
:10BC8000000EC9E08DF82B20BCF1000F40F086803B
:10BC900001988DF82C208DF82D0003F130008DF8DF
:10BCA0002EE00DEB000C1CF808CCADF822208DF82E
:10BCB00021C04FF0000C01988DF824C0002800F03E
:10BCC000398100290CBFBA464FF0000A002C40F021
:10BCD0002D81B2FA82FC96464FEA5C1C8DF82CC08E
:10BCE0004FF0010C03F130008DF82DC08DF82EC0FF
:10BCF0008DF828108DF829A08DF82A408DF82BE0BA
:10BD00000DEB000C1CF808EC002918BF0027002CD4
:10BD100040F01381B2FA82FC4FEA5C1C8DF82B20B4
:10BD2000019A30338DF82D2001228DF828108DF8DE
:10BD300029708DF82A408DF82CC08DF82E206B4488
:10BD400013F8083C8DF825E08DF82630029B30333F
:10BD50006B4413F8103C002B3FF41FAF00272CE777
:10BD60004FF0000E8DF82BE08DF82CE04FF0010E17
:10BD700001988DF82EE08DF82D0003F130000DEBC9
:10BD8000000E1EF808EC8DF821E0002A75D1BCF1F8
:10BD9000000F5DD100293FF471AF39E001988DF8B3
:10BDA0002CE08DF82D0003F130008DF82EE00DEB26
:10BDB000000C1CF808CCADF822208DF821C0002919
:10BDC0000CBFBA464FF0000A002C40F0AB80B2FA2C
:10BDD00082FC96464FEA5C1C8DF82CC04FF0010C9B
:10BDE00001988DF82EC08DF82D0003F130008DF8EC
:10BDF00028108DF829A08DF82A408DF82BE00DEB46
:10BE0000000C1CF808CC56E7BABBBCF1000F1FD1E0
:10BE10004FF0010E4FF0000C8DF828E08DF829C08E
:10BE20004FF0010E4FF0000C0198ADF82AE08DF8AC
:10BE30002D0003F130008DF82EE08DF82CC00DEBB5
:10BE4000000E1EF808EC8DF822E08DF823C030E7D4
:10BE50004FF0000C4FF0010E03F13000ADF82CE074
:10BE6000CDF828C08DF82EC00DEB000E1EF808ECA2
:10BE70008DF822E08DF823C0A1E74FF0807ECDF849
:10BE800028E04FF0000E03F13000ADF82CE08DF803
:10BE90002EE00DEB000E1EF808EC8DF822E0BCF150
:10BEA000000F29D101B34FF0010CADF828C0002CD0
:10BEB0003FF4C8AE4FF0010E4FF0000C8DF82BC0D0
:10BEC0004FF0000C8DF82CC04FF0010C01988DF84C
:10BED0002EC08DF82D0003F130008DF82AE00DEB17
:10BEE000000C1CF808CCB0E74FF0000C8DF828C00F
:10BEF0009FB98DF82970DAE74FF0000C4FF0010E72
:10BF000003F13000CDF828C08DF82EC0ADF82CE03C
:10BF10000DEB000C1CF808CCACE74FF0010C8DF8D1
:10BF200029C0C4E74FF0000EF44655E74FF0000E6D
:10BF3000F446D3E6DDF804E0E6E600229446EDE6BA
:10BF400009232E44D22086F85F3384E51824CC469A
:10BF500004FB0654BCE80F0004F5F4740FC401227E
:10BF60009CE80300AB1984E8030083F8502399F898
:10BF70000130354485F85F33002B5FD1069B002BE1
:10BF800074D1002F40F0AD8008EB0B0494F85033CF
:10BF9000002B00F0828094F8533323B198F8625359
:10BFA000002D68D0002384F8503376E01824CC4666
:10BFB00004FB0654BCE80F0004F50C740FC4012206
:10BFC0009CE80300AB1984E8030083F85323CEE711
:10BFD0001824CC4604FB0654BCE80F0004F51E747C
:10BFE0000FC401229CE80300AB1984E8030083F826
:10BFF0005623BCE71824CC4604FB0654BCE80F00CB
:10C0000004F530740FC401229CE80300AB1984E8E6
:10C01000030083F85923AAE71824CC4604FB0654EE
:10C02000BCE80F0004F542740FC401229CE8030031
:10C03000AB1984E8030083F85C2398E7012BA0D0B8
:10C04000022B0BD1079B8BB9049B7BB9002F48D1E6
:10C05000002208EB0B0383F850231EE0032BF3D0E0
:10C06000042BF3D0052BF1D0062BEFD0002F0CBF03
:10C070000020D120EFE4182101FB0BF101F50D7236
:10C0800001F5F671039B059842444144FFF7A2FC79
:10C09000042804D0B8B984F85003002001E084F8E3
:10C0A00050530023D84488F8533388F8563388F81F
:10C0B000593388F85C33092388F85F33031F5842EB
:10C0C00058418000C7E4092384F8505384F853533F
:10C0D00084F8565384F8595384F85C5384F85F33DA
:10C0E000B9E4D120B7E4F8B580B1FFF702F800F564
:10C0F0000C5353E90264002302461D46012002F559
:10C10000005799B2B14275EB040100DBF8BD58B19C
:10C1100099B201F6B40102EB8101D7F8C002496877
:10C1200088428CBF002001200133EAE7F8B50D46B4
:10C13000FEF7DFFF04462846F7F7E6F804F500545B
:10C140000646B4F80C030F46C0F30C00F7F7DCF812
:10C1500002460B4630463946F7F768F8F7F7B4F869
:10C16000F8BD2DE9F0410C4616461D46FEF7C1FF0D
:10C1700080462046FFF77CF908EB800404F5005464
:10C1800008F5005C3268D4F8C812BCF80C73511A78
:10C19000C7F30C07C1F31200C7F50023834214DA7A
:10C1A00098F86213D4F8D432C4F8C82241B9834253
:10C1B00006DCC1188B4206D94FF0FF31D4200EE0C7
:10C1C000A0F50020C118002009E0B0F5003F13D809
:10C1D000D4F8D432C4F8C82219180028EAD1C4F817
:10C1E000D412BCF80C233160C2F30C020AB1B1FBCB
:10C1F000F7F22A60BDE8F081D320FBE72DE9F04794
:10C2000088B08A461D4614468146FEF772FF804676
:10C210005046FFF72DF908EB000393F8CC310746A1
:10C2200003BB21466C4668466B702E1DFFF7E2FA91
:10C230000FCC0FC6236851463360484607AB05F163
:10C240001002FFF78EFF044640B948462969FFF700
:10C250006DFF07F6B807686148F82700204608B068
:10C26000BDE8F0876824F9E72DE9F7431C4604236D
:10C2700063700E4691460746FEF73BFF8046304608
:10C28000FFF7F6F899F80520B9F80630520943EAA5
:10C290000243636000233146A360054601AB384684
:10C2A000221DFFF75EFF064640B938466168FFF77A
:10C2B0003DFF05F6B805A06048F82500304603B0FC
:10C2C000BDE8F0832DE9F04387B00E4691461C4649
:10C2D0000746FEF70EFF80463046FFF7C9F80623F3
:10C2E0000546684649466370FFF716FB07C804F128
:10C2F000040C8CE8070005AB314662463846FFF770
:10C3000030FF064640B938466168FFF70FFF05F673
:10C31000B805E06048F82500304607B0BDE8F08376
:10C320002DE9F0410E4614461D460746002870D000
:10C33000FEF7DFFE00F50C5050E90223B24273F124
:10C34000000368DB002E66D020462E70FFF707FA48
:10C3500010B108236B7029E02046FFF710FA38B1BE
:10C360002B46224631463846BDE8F041FFF746BF2E
:10C370002046FFF70DFA38B12B46224631463846A3
:10C38000BDE8F041FFF7D8BA2046FFF709FA80B1BF
:10C3900002236B7063882288A088E188C3F30E03B0
:10C3A000C2F30D02AA80EB80288169810020BDE8DC
:10C3B000F0812046FFF7FFF938B12B46224631467F
:10C3C0003846BDE8F041FFF7D4BA2046FFF702FA3D
:10C3D00038B12B46224631463846BDE8F041FFF7DA
:10C3E00043BF637803F0C003802B06D105232046AA
:10C3F0006B70FFF771FAA880D8E7C02B07D12B46E6
:10C40000224631463846BDE8F041FFF75BBF0923BD
:10C41000A0E76420CBE76620C9E72DE9F04F0E4680
:10C42000934699468046ADF6440D002860D0002A18
:10C430005ED0002B5CD0FEF75CFE00F50C5050E99E
:10C440000223B24273F1000354DB002E52D06A463D
:10C450003146404601ABFFF744F9044608B10328D2
:10C4600032D1BDF80070C7F30807B7F5827F43D813
:10C470003B463146404608AAFFF75EF905460028CC
:10C480003DD1B9F800A0BA4528BFBA46A9F800A026
:10C490001FFA85F9CA454FEAC50208D808AB9D18AE
:10C4A0004F4516D884B9574588BFD0240CE01823CF
:10C4B00008A903FB05B30A4440463146FFF730FFA5
:10C4C000013504460028E3D020460DF6440DBDE8B2
:10C4D000F08F2A463146404602ABFFF721FF083570
:10C4E00004460028F0D109F101091FFA89F9D7E7BC
:10C4F0006424E9E76624E7E740F29314E4E769245B
:10C50000E2E770B515460E46FEF7F3FD04462846F1
:10C5100008F07AFAD4F8BC1108F096FAD4F8B811F9
:10C520000546304608F068FA0146284608F064FAE5
:10C5300070BDF0B585B00C46DDE90A7506460028E9
:10C540003DD0002D3BD000213980298072B303B348
:10C55000FEF7D0FD022370220093214603AB01F0C9
:10C560009DFB08BBBDF80C303B80BDF80E302B8026
:10C570002B785B060BD53046FEF7BBFD0546204603
:10C58000FEF776FF42F2EC2301220544EA54002034
:10C590000AE0FEF7AFFD0123702200933B462146DF
:10C5A00001F07CFB0028E3D005B0F0BD002BDFD00C
:10C5B000FEF7A0FD0123712200932B46EFE76420D4
:10C5C000F2E700F47B6200F0B000C30614D48306E7
:10C5D00014D4130614D4130AD20513D49A0717D40B
:10C5E0005A0711D41A0711D40B0611D411F4807F05
:10C5F00014BF782000207047A5207047A620704700
:10C60000A8207047A9207047AB207047AC20704726
:10C61000AA20704708B568B1FEF76BFD00F500531E
:10C6200093F8EC0220B193F8ED0208B193F8EE0212
:10C6300000F0010008BD08B540B1FEF75AFD002327
:10C6400000F50050A0F8EC3280F8EE3208BD7FB55E
:10C650000D461646044658B30DF10B0200F00CFAD5
:10C6600020BB9DF80B30072B24D02046FEF742FD5F
:10C670004FF4987229460DF10E0301F0D5FAADF88A
:10C680000C00BDF80E00012810D89DF80C30204693
:10C6900066F341038DF80C30FEF72CFD01234FF4B7
:10C6A00098720093294603AB01F060FB04B070BDA3
:10C6B0006420FBE77420F9E730B50D46144685B0D9
:10C6C00090B18AB1FEF716FD01234FF498720093E2
:10C6D000294603AB01F0E2FA20B99DF80C30C3F310
:10C6E0004003237005B030BD6420FBE7F0B589B08E
:10C6F00001AA064614460D4B03F1180715461868A3
:10C700005968083303C5BB422A46F7D11B880D2060
:10C710002B80234633F8022BB24205D0013880B279
:10C720000028F7D109B0F0BD0120FBE790550110BA
:10C73000F7B50D46044678B381B3072200F06DFAD1
:10C74000064610B9002003B0F0BDFFF7CFFF08B3D5
:10C750000123294620460DF107028DF80730FFF727
:10C76000ABFF0028EFD19DF8077029467A1E18BF4D
:10C7700001222046FFF76BFF0028E4D1072229465B
:10C78000204600F04AFA0028DCD03A4629462046E6
:10C79000FFF75DFF3046D6E76420D4E76620D2E796
:10C7A00008B512221021B0F91E0001F06DFC002224
:10C7B000034BF6F717FD0022024BF6F713FD08BDF9
:10C7C000000010C00000603F08B513221021B0F92E
:10C7D000200001F059FC0022034BF6F703FD002274
:10C7E000024BF6F7FFFC08BD000030400000D03ED1
:10C7F0002DE9F84F16461F468246002870D00A9B46
:10C80000002B6DD0FEF724FE002857D00722082108
:10C810009AF96D0001F038FC33A3D3E90023F6F751
:10C82000E1FC0022364BF6F7B5FC31A3D3E9002337
:10C83000F6F7D8FC044650460D46FFF7B1FF804698
:10C8400050468946FFF7C0FF002282468B4630469D
:10C8500039462C4BF6F7B2FC00222B4BF6F7C2FC04
:10C8600000222A4BF6F7BEFC06460F4602460B4650
:10C8700040464946F6F7B6FC0022214BF6F78AFC03
:10C880003246804689463B4650465946F6F7AAFC52
:10C8900032463B46F6F7A6FC02460B464046494662
:10C8A000F6F778FC0B46024629462046F6F7BEFC12
:10C8B0000A9BC3E900010020BDE8F88FBAF82E00FA
:10C8C000C0F3090373B10B2218460A2101F0B0FB33
:10C8D00002460B4608A1D1E90001F6F7A7FCA9E73B
:10C8E0006420E9E78A20E7E79A9999999999C93FDD
:10C8F000F168E388B5F8743FFA7E6ABC7493583FD8
:10C900000000F03F00003940000010C00000603F10
:10C910002DE9F84F14461D468046002860D00A9B3A
:10C92000002B5DD00722082190F96C0001F0ACFBD0
:10C930002DA3D3E90023F6F755FC00222E4BF6F782
:10C9400029FC2BA3D3E90023F6F74CFC12228246E4
:10C950008B46B8F91E00102101F096FB1322064603
:10C960000F46B8F92000102101F08EFB002280460E
:10C97000894620462946214BF6F720FC0022204B11
:10C98000F6F730FC00221F4BF6F72CFC04460D4650
:10C9900002460B4630463946F6F724FC0022164B79
:10C9A000F6F7F8FB224606460F462B464046494618
:10C9B000F6F718FC22462B46F6F714FC02460B4607
:10C9C00030463946F6F7E6FB0B46024659465046D6
:10C9D000F6F72CFC0A9BC3E900010020BDE8F88FA4
:10C9E0006420FBE7AFF300809A9999999999C93F20
:10C9F0008DEDB5A0F7C6503F0000F03F0000394074
:10CA0000000010C00000603F1FB502AB0446009359
:10CA100000220846094BFFF77BFF18B107F0F4FF2F
:10CA200004B010BD10222046114601F001FBDDE9E3
:10CA30000223F6F7D7FBF6F747FCF1E70000494081
:10CA40001FB502AB0446009300220846094BFFF7CE
:10CA5000CFFE18B107F0D8FF04B010BD1122204658
:10CA6000102101F0E5FADDE90223F6F7BBFBF6F74A
:10CA70002BFCF1E7000049402DE9F0470E46144633
:10CA8000074686B0002863D0002A61D040F2012317
:10CA9000ADF8103003234FF0010930460DF10E02BE
:10CAA00003A98DF81230FEF7F0FC2C4BBDF80C50AA
:10CAB000ADF814308DF81630BDF80EC0AC4518D264
:10CAC000BDF80C2056B90123511C02F1180089B29F
:10CAD0000DEB00058C452DD2002B3DD0002002F13E
:10CAE00018030DEB030212F8043C237006B0BDE8F6
:10CAF000F08705F118030DEB030818F808AC384669
:10CB0000FEF7F8FA90225146CDF8009002AB01F002
:10CB1000C5F80028EAD19DF80830C3F30212012AB3
:10CB200008F8042C03D902F00303032B12D10135BA
:10CB3000ADB2C1E74BB101F11800684415F8043CEF
:10CB400010F8040C181A43424341013189B2C1E77D
:10CB50006420CBE77420C9E77220C7E70808080003
:10CB60002DE9F3410E4615460746A8B3A2B3FEF7DA
:10CB7000C1FA902231460DF1060301F055F8044642
:10CB8000BDF8060001281BD83846FEF7B3FA042288
:10CB900031460DF1060301F047F80246BDF80600E4
:10CBA000C4F3021801280BD804F007034345C4F36B
:10CBB000020102D15440620705D0082374202B7073
:10CBC00002B0BDE8F081012B03D903F00303032B6E
:10CBD000F3D100202970F3E76420F1E71FB50C467C
:10CBE000B8B1072A17D88B23D340DB0713D500230E
:10CBF000ADF80C3062F302038DF80C30FEF77AFAD0
:10CC0000012304220093214603AB01F0AFF804B0E6
:10CC100010BD6420FBE77420F9E72DE9F04F0F46C3
:10CC200015460646C9B0002800F0A780072A00F282
:10CC3000A6808B23D340DB0740F1A18040F2012383
:10CC4000ADF81C300323384606AA0DF116018DF805
:10CC50001E30FEF71AFC072D0DF11C090CD1002423
:10CC60003046FEF746FA204490F8CC31002B40F0D5
:10CC700088800134032CF3D12A4639463046FFF729
:10CC8000ADFF0446002874D10A213046FEF737FA7A
:10CC9000044600286DD1394630460DF10F02FFF7EA
:10CCA000EBFE9DF80F300446AB4221D1002860D046
:10CCB000072D5ED100230893ADF824300A233046B7
:10CCC0000AA9ADF81A30FEF72CFABDF816700DF16E
:10CCD0002008BDF81820BA4210D2BDF816309A428A
:10CCE00008D338F81350002D42D101339BB2F6E738
:10CCF000072DDFD0002C08BF71243AE0F02200217C
:10CD00000CA819F807B007F073FE0A23ADF81A3023
:10CD100004AB009301230DF1140A1A46594630461C
:10CD2000CDF804A0FFF705FC054608BB5946304680
:10CD30000DF11A030CAAFFF770FB4FF0180BBDF8AA
:10CD40001A20ABB29A420AD8BAF80010BDF8100007
:10CD5000FFF737FC28F817000137BFB2B9E7A9B2CF
:10CD60000CAB30460BFB0131FEF76CFE0135E6E7FC
:10CD70002C46204649B0BDE8F08F6424F9E77424BE
:10CD8000F7E79D24F5E7F7B5089F48B141B13AB1FF
:10CD900033B12FB1009706F0E5FD002003B0F0BDE0
:10CDA0006420FBE710B50C4628B1FEF7A2F9C0F8E5
:10CDB000D041002010BD6420FCE70000000000000E
:10CDC0002DE9F04393B0FEF794F900F500530546C2
:10CDD000B3F80403FCF79CFF0022334B06460F46D2
:10CDE000F6F7ECFA10B12CA7D7E900672AA1D1E930
:10CDF000000132463B46F6F719FAF6F797FAF6F7CE
:10CE000071FA02460B4600202849F6F70FFA6F46E2
:10CE100001244FF00008CDE90201DFF8949002AE42
:10CE20004B46D6E900014246F6F7DCF9032C2346CF
:10CE3000A8BF03230134082CE6E9020107F8013FEB
:10CE4000EED10FF25C09D9E90089072412AFD5F8B9
:10CE5000D00107F0E5FD42464B46F6F7C3F907F06F
:10CE6000C3FD4246064677E902014B46F6F7BAF99A
:10CE700007F0BAFD86420ADC04F148036B4413F85C
:10CE8000483C204685F8CF3113B0BDE8F083013C23
:10CE9000DDD12346F5E700BF00000000D01273414A
:10CEA000000000000088C3400000F03F0000184070
:10CEB0000000E03F70B50C4606461146CEB0C2B940
:10CEC0004FF49C72684607F093FD684606F0D6FC66
:10CED000BDF8B8506A460121304600F0D8FD30B99F
:10CEE0009DF855309B0818BFBDF8565025804EB0B0
:10CEF00070BDB2F8B850EDE72DE9F04F8FB0934612
:10CF0000064603910793FEF7F4F800F50053D3F8B3
:10CF1000C01204463046FFF709F96322079B954982
:10CF20001860039B03F5486019605A739A73DA73AB
:10CF3000596099601A7310338342F5D10025304649
:10CF4000CBF80050CBF80450CBF80850FFF7CBF8E3
:10CF50000190002800F0FC8004F50C5353F8082CD5
:10CF600053F8043C0C9505932B46ADF834500492CD
:10CF7000029504996A1CEDB28D42059973EB01018B
:10CF800015DB0026ADF82C308DF82E30029B9E422A
:10CF900080F0E9800025784A04F50A5AA8462F4611
:10CFA0000AF1200A0CAB0DF12C0906921BE005F6E4
:10CFB000A80504EB850569680298154608440290A7
:10CFC000D7E719F8011B33F8022B0AF1040A19B943
:10CFD000BAF80010914234D84FF0010209F8012C40
:10CFE000013548F10008049A9542059A78EB02024F
:10CFF000E7DB0021019B0498CAB282424FF0000097
:10D00000059DA84130DB002B40F0AD800EAB03EB5B
:10D010004709642339F8088C079A03FB07833633E2
:10D0200004EB0313116858681D1D07F015FD30B39C
:10D0300007F138030DEB03074FF0010307F80C3C31
:10D04000A4E70993642303FB052204EB0212D2F840
:10D0500064130698089107F0EBFC099B0028BFD0E9
:10D060000899AFB20691BBE72BB102F138030DEB83
:10D07000030212F80C3C03F001030131BBE7013657
:10D08000B6B208F10108C82E29F8088C3FF67EAF29
:10D09000039B06F18057013F03EB071795E80F004C
:10D0A00087E80F0072E71FFA88F704EB87060EABDC
:10D0B00003EB470306F50056D6F8A42233F8085CC4
:10D0C000531B1BB2002B4BF8275011DD64234FF488
:10D0D000C86003FB075100FB074092B2521B04EBF0
:10D0E0000111120101F5597100F5597007F0C8FCE2
:10D0F000D6F8A402D6F8B032421BC6F8A4225BF8D8
:10D1000027C002EB0C01642904EB070123D142F292
:10D11000BC2E11F80EE0BEF1000F1CD1DAB1019A5D
:10D12000A3EB0C03C6F8B03242F2BC2308F10108AD
:10D13000CA541FFA88F359E902128B427AEB0202B1
:10D14000B1DB04F50054D4E9B0321344C4F8C03262
:10D150000FB0BDE8F08F2D1A1D444BF82750002268
:10D16000D6F8A432DEE74FF0000804F50C59C246A9
:10D17000DFE700BF0000C07FFFFF7F7F2DE9F04F9A
:10D18000C1B00C4607460292002800F01981002920
:10D1900000F01681FDF7ADFF302205460021204644
:10D1A00007F026FC482200212EA807F021FC2422AB
:10D1B00000210FA807F01CFC00212C2218A805F55F
:10D1C000B1560436CDE90611089107F011FC0CABFD
:10D1D00031463846009309AA05ABFFF78DFED5F816
:10D1E000CC222EAB3046A26209A906F027FE18AA6F
:10D1F0000FA906A806F002FB0021189807F0FCFB17
:10D20000199907F0F9FB1A9907F0F6FB05F50C538D
:10D21000064653E90201F6F74BFF0146304607F098
:10D2200003FCDDF8C09006464946484607F0BCFBC3
:10D2300008B14FF00009C4F80490DDF8C4904946E5
:10D24000484607F0B1FB08B14FF00009C4F8089058
:10D25000DDF8C8904946484607F0A6FB08B14FF0F4
:10D260000009C4F80C90DDF8CC904946484607F018
:10D270009BFB08B1DFF85491C4F81090DDF8D09012
:10D280004946484607F090FB08B1DFF84091C4F8E2
:10D290001490DDF8D4904946484607F085FB08B164
:10D2A000DFF8289131463046C4F8189007F07CFB2F
:10D2B00000B1464E2662109E3146304607F074FBA0
:10D2C00000B1424E05F500536662D3E9B063B6FB88
:10D2D000F3F6013E304607F097FBA96807F0B4FB70
:10D2E000324601463846FFF70CF9D5F8C41107F06D
:10D2F00083FB374907F0A8FBF6F75AFD344907F0DE
:10D3000093FB9DF8B9304FF00308003B18BF012391
:10D31000002723AE20606377E6620DF1B90A0DF1B4
:10D32000D8090DF1B30B1AF8012F59F8041F003A70
:10D3300018BF012208460BF8012F002F08BF17461F
:10D34000039107F031FB07F00107039900B11F4972
:10D3500046F8041BD9F80C100846039107F024FB8B
:10D36000039900B11949B160D9F818100846039122
:10D3700007F01AFB039900B1144908F1FF381FFAAE
:10D3800088F8B161B8F1000FCDD19DF8B820D7B9B8
:10D39000131E18BF01232377D5F8C0410021204672
:10D3A00007F046FB50B10599204607F0F9FA4FF017
:10D3B0007E5107F02DFB003818BF0120029B18702A
:10D3C00041B0BDE8F08F0123E5E700BF0000C07F5A
:10D3D0000000C8422DE9F8431546044600287DD0D8
:10D3E000002A7BD0B0F8600000F01F0041B9F5F7CB
:10D3F0008BFFC5E900012046BDE8F84300F0A0BB63
:10D4000002284DD004D8012831D040F22D1066E01A
:10D4100003380128F9D8082963D80139C1F3460334
:10D42000313334F81300CB0754BFC0B2000A5FFA9F
:10D4300081F8F5F757FFDFF8B090064609EBC8030F
:10D4400058680F4607F0ECFA02460B46304639465C
:10D45000F5F7B4FE064659F838000F4607F0E0FA33
:10D4600002460B4630463946F5F7E0FEC1E7022991
:10D470000AD003290DD0012933D10B221021B4F891
:10D48000620000F0D5FDB4E70E221021B4F864006C
:10D49000F7E71322B4F96600102100F0F5FDA8E7C4
:10D4A000013903291DD8DFE801F00204060B0D2223
:10D4B000E4E70F22E9E70F221021B4F86600E0E765
:10D4C0000C22B4F86800102100F0B2FD024601F110
:10D4D000004300200549F5F7D1FC8AE76420BDE848
:10D4E000F8834FF49770FAE7AC5501100000244020
:10D4F0002DE9F047E2B0804614461D460E469DF8E1
:10D50000A8A1002900F0EB80002A00F0E88075490E
:10D51000304607F019F974498146304607F014F98E
:10D520000746B9F1000F00D028B965B1BAF12F0F45
:10D5300009D8732004E015B1BAF12F0FF9D90020F2
:10D5400062B0BDE8F0872246404602A9FFF7B2FC70
:10D550000028F5D1BDF80800A4F8B8001DB1F5F712
:10D56000D3FEC5E90001B9F1000F01D0002FE6D1CB
:10D57000404642AB22AA02A900F0B8F90028DFD148
:10D58000002200239DF85D600146CDE9002302A83A
:10D590006A46B608FFF71EFF0028D1D17FB9032ED7
:10D5A0000AD1DDE900010022504BF5F707FF18B959
:10D5B000B4F8B830032B5ED84FF4D170C0E7022E18
:10D5C00056D1DDE90001F5F7C3FE86B2022EB6D1D1
:10D5D0006A46012102A8FFF7FDFE0028B0D1DDE96F
:10D5E0000001F5F771FE6A46C4F8BC00314602A896
:10D5F000FFF7F0FE0028A3D1DDE90001F5F764FE96
:10D600006A46C4F8C000032102A8FFF7E3FE002821
:10D6100096D1DDE90001F5F757FE6A46C4F8C4006B
:10D62000042102A8FFF7D6FE002889D1DDE9000118
:10D63000F5F74AFE0646C4F8C800002D3FF47FAF58
:10D64000D4F8BC0007F0ECF9C5E90201D4F8C00039
:10D6500007F0E6F9C5E90401D4F8C40007F0E0F9E1
:10D66000C5E90601304607F0DBF9C5E9080166E7C0
:10D67000032E7FF464AFDDE90001F5F769FE80B2A7
:10D6800002287FF65CAF0127002621E06A46394672
:10D690004846FFF79FFE00287FF452AFDDE9000106
:10D6A0001DB105EBC603C3E90A01F5F70DFE06F14E
:10D6B000320A0136F6B204EB8A0AB045CAF8040011
:10D6C00009F18009E2D10137FFB2092F3FF437AFEA
:10D6D00006F103080DF108095FFA88F8D6E764201F
:10D6E0002EE700BF47550110F45401100000084018
:10D6F00082B02DE9F043D1B00E4658A9074681E823
:10D700000C00002800F08280002E7FD0FDF7F1FC95
:10D71000044600F50F5080223146183006F0D8FF3D
:10D720003C49304607F010F880463B49304607F048
:10D730000BF8B8F1000F65D0B0FA80F56D0902A8BA
:10D7400006F09CF894F8CC31002B61D194F8CD31DF
:10D75000002B5DD194F8CE81B8F1000F58D1D4F8E8
:10D76000983138460493D4F8A4310593FDF7C1FCF1
:10D77000D0F8909194F8CF0107F046F901464FF0A8
:10D780008040F6F75DFB0146484607F04DF90290F0
:10D79000002D39D0589B04F500540393599B94F8FD
:10D7A000142316939DF86C31C2F380028DF8AA30D1
:10D7B0009DF878318DF834218DF8AD309DF86D31BC
:10D7C00031468DF8AB309DF86E3138468DF8AC306F
:10D7D000BDF87031CDF80080ADF8B8305D9B02AA7D
:10D7E0002F939DF87931ADF836314346FFF780FE2F
:10D7F000044602A806F0F2FA204651B0BDE8F04314
:10D8000002B0704701259AE76824F2E76424F3E741
:10D810007324F1E747550110F454011008B5F5F7EA
:10D8200061FD0022034BF5F7DDFC0022024BF5F70A
:10D83000B1FC08BD0000D0BF0000394070B50C46F7
:10D840001646054608B9642070BDFDF752FC00F588
:10D850000C5050E90223A24273F100031DDBE4B136
:10D86000002EF0D02846FDF744FC05462046FDF783
:10D87000FFFD2B1893F88C4134B1802200213046F3
:10D8800007F0B6F88A20DFE705EBC01180223046AA
:10D890000C3107F0D5F82046D6E76620D4E7000023
:10D8A00030B50446A1B0E0B180220021684607F0FF
:10D8B0009FF8002319460C4A12F8010B40B120AD25
:10D8C000481C05EB410134F8135021F8805C81B20B
:10D8D0000133402BF0D149000139684689B200F08C
:10D8E000D5FA21B030BD00BFEC5501102DE9F0474D
:10D8F000884617461E4605468CB0002800F0C580B5
:10D90000002900F0C280002A00F0BF80002B00F048
:10D91000BC80FDF7EEFB90F88C310446DBB990F843
:10D920008D31C3B990F88E31ABB900F10C01802272
:10D93000404607F085F8802204F18C01384607F054
:10D940007FF88022304604F5867107F079F80020D0
:10D950000CB0BDE8F08740F2012303242846CDE94E
:10D960000987ADF810308DF812400B96FDF7C2FB19
:10D97000002107460DF10F022846FFF77DF8002829
:10D98000E6D19DF80F6006F0FD06012E77D10DF16E
:10D99000100800965422384618F8011B07AB00F017
:10D9A0007DF90028D4D19DF81C30DB0769D5013CF6
:10D9B000A4B2002CEDD14CF6CC43ADF81860ADF814
:10D9C000163009AE0323512200930021384605ABDF
:10D9D000ADF8144000F0CAF90028B9D180464FF0E4
:10D9E000040A0DF11009CDF800A05122384619F8AB
:10D9F000011B07AB00F052F90028A9D19DF81C309B
:10DA000003F03F03A3423CD19DF8203003F0030311
:10DA1000012B36D19DF8223003F00303012B30D1C6
:10DA200056F82830BDF81E2008F10108B8F1030FA0
:10DA300023F81420D7D10134402CC3D180460746A7
:10DA400056F8044B2046FFF72BFF94F87B308342B7
:10DA500019D12846FDF74DFB00EBC8108022214666
:10DA60000C3006F0EDFF2846FDF743FB404408F17B
:10DA70000108B8F1030F80F88C71E1D167E78C20C1
:10DA800066E7852064E7992062E7642060E7F0B5E7
:10DA90000D4617460446E1B010B9642061B0F0BDF0
:10DAA000FDF727FB00F50C5050E90223AA4273F161
:10DAB00000031DDBE5B1002FEFD02046FDF719FB79
:10DAC00006462846FDF7D4FC064496F88C313BB157
:10DAD0006946204640AB20AAFFF708FF0028DDD1A9
:10DAE0003A462946204661B0BDE8F040FFF7A6BEA1
:10DAF0006620D3E7F0B5034687B0F8B16A4600F177
:10DB00005E0100F16A0714460E46104631F8025FC6
:10DB1000023404F8025CB9424FEA152504F8015CAE
:10DB2000F4D1523333F8021F023291729E424FEA0F
:10DB30001121D172F6D1172100F0A8F907B0F0BD7C
:10DB400010B50446FFF7D6FF94F85F30834214BF48
:10DB50009F20002010BDF0B54FF4347500244D43D4
:10DB6000059E00EB4200A5F53175B44200D1F0BD31
:10DB70001719BFB2B7F5B47FF9D233F814C059B949
:10DB8000A0F80CC0A0F8DCC2A0F8ACC5A52F00F12D
:10DB90000200ECD00134E8E720F805C0F6E7000009
:10DBA00010B5044620B3036813B3836803B3436816
:10DBB000F3B1A9B94FF434720E490C3006F040FFAE
:10DBC0004FF434720B4904F5377006F039FF4FF407
:10DBD0003472084904F2AC5006F032FF002010BD48
:10DBE0004FF43472013902FB010002490C30F3E7B3
:10DBF0006420F4E7FC58011010B480B179B172B11F
:10DC00006BB1084C0460C4E901324FF4FE7321602B
:10DC1000C4F87C380021006810BCFFF7C1BF642045
:10DC200010BC70476C54002030B528B104681CB19A
:10DC300084680CB1446824B90BB164221A800020B6
:10DC400030BDB2F5B47F03D3002BF8D06522F5E7E1
:10DC500079B900EB42018D89B1F8DC42AC4203D1C5
:10DC6000B1F8AC15A14203D0002BE8D06622E5E75D
:10DC70000121094CA45C1CB123B101241C8001E0EA
:10DC8000002BFBD14FF4B473013903FB012200EBED
:10DC900042008089D4E700BF945701102DE9F04F6E
:10DCA00085B00F4615469A460446DDF838B0002880
:10DCB00055D00368002B52D08368002B4FD04368A7
:10DCC000002B4CD000294CD0A52A04D902EB0B0321
:10DCD000B3F5B47F47D2A846002607F003034FEA06
:10DCE00043395E4509D3204653462A463946CDF886
:10DCF00000B0FFF730FF00201EE041F6F07101EAAE
:10DD000008116FEA4141D4F87C28ABEB060390B2CE
:10DD10006FEA5141834228BF034641EA090138BFF7
:10DD20009BB22068D4F808C089B20AEB460203937C
:10DD3000E047039B18B1692005B0BDE8F08FB8F14A
:10DD4000A50F434401D8A52B06DC1FFA83F8D4F8AD
:10DD50007C3833449EB2C4E74FF0A508F7E764204F
:10DD6000EAE76620E8E76520E6E700002DE9F04FE6
:10DD700085B08A4614469B4605460E9E002857D01D
:10DD80000368002B54D08368002B51D04368002BCC
:10DD90004ED0A52A03D99319B3F5B47F4AD2A14630
:10DDA0004FF000080AF003035F03B0450DD35B4654
:10DDB0002246009651462846FFF7CDFE23461F4ACD
:10DDC0002644B3422DD9002017E0D5F87C28A6EBD5
:10DDD000080390B241F6F071834228BF0346D5E9AB
:10DDE000000C01EA091138BF9BB239430BEB480222
:10DDF0000393E047039B18B16A2005B0BDE8F08F9C
:10DE0000B9F1A50F4B4401D8A52B07DC1FFA83F904
:10DE1000D5F87C3843441FFA83F8C6E74FF0A509CC
:10DE2000F6E7105D40B9A52CE7D001339BB2C8E7F7
:10DE30006420E2E76520E0E70220DEE72C560110CF
:10DE400010B588B181B17AB118240480022008800D
:10DE50000020064910800A681A604A685A608A6879
:10DE60009A60029B186010BD6420FCE74D550110BC
:10DE700050B103681A683AB19A682AB15B68002BFE
:10DE800014BF00206420704764207047034601449B
:10DE9000002010B5044C8B4200D110BD13F8012BAB
:10DEA0004240A05CF7E700BFCC5B01102DE9F843CE
:10DEB00005460C4639B303F1004300204FF0804182
:10DEC000F4F7DCFF064660420F46F5F70BFA024610
:10DED0000B4600204FF08041F4F7D0FF8046894682
:10DEE0002846F5F711FA32463B46F5F77BF9002252
:10DEF000064BF5F74FF942464B46F5F773F9F5F740
:10DF0000E3F9BDE8F8830020FBE700BF0000F03F25
:10DF10002DE9F8430646184690460F46F5F7F4F902
:10DF200002460B4600204FF08041F4F7A7FF32462F
:10DF30003B46F5F757F9F4F7FDFE044640460D461B
:10DF4000F5F7E2F902460B468046894600204FF07D
:10DF50008041F4F793FF0022124BF5F72FF9224688
:10DF60002B46F5F72BFA60B142464B4600204FF0A6
:10DF70008041F4F783FF00220A4BF5F71FF90446AE
:10DF80000D460022002330463946F5F717FA08B14E
:10DF90000024002520462946F5F7DAF980B2BDE8CD
:10DFA000F88300BF0000F03F2DE9F84388460021C8
:10DFB000044691461D46089E06F02AFD002835D1EC
:10DFC0004FF07E51204606F047FD074670BB00210A
:10DFD000204606F0DDFC20B12F8037800020BDE810
:10DFE000F8830127308007FA09F74FF07E51204669
:10DFF00006F00EFD60B94FF07E51204606F0D0FCD1
:10E0000006F00EFD43464246FFF782FF2880E5E713
:10E010002146204606F0F0FC04463088013080B2EC
:10E0200087423080E1D8002333802B807320D6E7ED
:10E03000F8B5064610460F46F5F766F902460B4658
:10E0400000204FF08041F4F719FF04464FF0FF30F5
:10E050000D46B84026EA0000F5F756F922462B4651
:10E06000F5F7E4F8F8BD4FF0FF3301228B4020EACA
:10E07000030310B54C1E18B202FA04F48442DEBF4A
:10E080008A409B1A18B210BD70B580B21446FFF7D3
:10E09000EAFF06462046F5F737F902460B46002010
:10E0A0004FF08041F4F7EAFE04460D463046F5F79E
:10E0B00019F922462B46F5F7B9F870BD036810B57B
:10E0C000012B0DD0012303600023C0F82433094B3A
:10E0D00000F548721C68034643F8044F9342FBD195
:10E0E000D0F824335A1C18BF0133C0F8243340F849
:10E0F000231010BD4C230020431E0230834205D064
:10E1000013F8012F002AF9D0012070470020704732
:10E11000F0B500248DB00239049405940694079458
:10E12000089409940A940B9403293BD8DFE801F082
:10E1300030024E44DFF8A0E0DFF8A0C0284F294E9F
:10E14000294D2A4C2A4907912A49039608912A49C0
:10E150002A4E09912A49CDF800E00A912949CDF8C3
:10E1600004C002970496059506940B910CA90138FA
:10E1700001EB001050F82C1C116050F8282C1A608C
:10E1800050F8242C129B50F8300C1A600DB0F0BDE2
:10E19000DFF874E0DFF874C01D4F1E4E1E4D1F4C9B
:10E1A0001F49D0E7DFF87CE0DFF87CC01F4F204E2E
:10E1B000194D204C2049C6E7204D214C21482249C9
:10E1C00002900095012001940391CFE71F4D204C50
:10E1D00020482149F4E700BFC520B03C083D1B3D65
:10E1E0009CC40840A1F8B13E4ED1913C2F6EE33E55
:10E1F0004D846D3F1B2F5D3C24B97C3D0AD7233CE9
:10E20000575B613FB22EEE3EB9FC873C8FC2F53CB6
:10E21000ABCF0140FE439A3ECDCCCC3D33C4F13E62
:10E22000986E823F211F743CDDB5843C2E903440B3
:10E230003BDF8F3ED122BB3E3D9B153F0586AC3C6C
:10E2400002840F3D984C01409E07573E0C94943C2D
:10E25000193C0C3DB30CE13F143F663E38B5B0F8B5
:10E2600054300446022B4FF0000514D110490069C8
:10E2700006F0DEFB68B10F4B25621A682346E260A8
:10E28000626204F1500143F8285F43F8042F8B4287
:10E29000FBD1256138BD012BFBD10749006906F090
:10E2A000C7FB0028F5D0034B1B68E360F1E700BF14
:10E2B0000000A0404C230020000020412DE9F8433D
:10E2C00004460D4606684768D0F8088000F16C09DE
:10E2D000E168304606F090FB21690646384606F0B4
:10E2E0008BFB61690746404606F086FB0C34A1456E
:10E2F0008046EDD1A8606F602E60BDE8F883000015
:10E30000F8B5044615461E4603292AD8DFE801F071
:10E310000A021C2E0023A0F854301C4B1B68836596
:10E32000E3651EE00123A0F85430104605F066FEB8
:10E33000164F30B9304605F061FE10B1A5653B6857
:10E34000EEE7134BA365FAE70223A0F8543010461A
:10E3500005F054FE30B9304605F050FE10B9A56501
:10E36000E665F8BD0B4BA3650B4BD9E70223A0F87C
:10E370005430104605F042FE20B9304605F03EFE0E
:10E380000028ECD0054BA365054BC9E74C230020C2
:10E390009A99993ECDCCCC3D0AD7A33CCDCCCC3C70
:10E3A0000AD7233C2DE9F0410446006805F026FE1B
:10E3B000D0B90126256804F1240854F8047F3846B2
:10E3C00005F01CFE28B92846394606F015FB05461F
:10E3D00001364445F1D1304606F042FB014628465D
:10E3E00006F022FBBDE8F08100250026E3E7F8B542
:10E3F0000446006805F002FE68B12746022657F879
:10E40000040F05F0FBFD3546013628B1C92EF6D1C3
:10E4100026683046F8BD012505F18043013B54F8DC
:10E4200023600135043CC92DF3D054F825703046E3
:10E43000394606F0EDFA00B937463E460135F2E7B7
:10E44000F8B50446006805F0D9FD68B127460226F4
:10E4500057F8040F05F0D2FD3546013628B1C92E14
:10E46000F6D126683046F8BD012505F18043013B11
:10E4700054F823600135043CC92DF3D054F82570BD
:10E480003046394606F0D4FA00B937463E460135E3
:10E49000F2E770B50546006805F0B0FDE8B9012661
:10E4A0002C68686805F0AAFD28B92046696806F05E
:10E4B000A3FA04460136A86805F0A0FD28B9204655
:10E4C000A96806F099FA04460136304606F0C8FA03
:10E4D0000146204606F0A8FA70BD00260024E0E7B9
:10E4E0002DE9F043054600686B68AE6885B0019081
:10E4F0000293039605F082FD041E0746686818BF64
:10E50000012405F07BFDD0B1304605F077FD0028F1
:10E5100034D10134C4F1020304AA02EB8303022CB8
:10E5200043F80C6CC4F1030633D1019C204605F07E
:10E5300045FD38B32E4B186805B0BDE8F08304AA3A
:10E54000C4F1010302EB83036A68304643F80C2CE4
:10E5500005F054FD0028DDD00134022C0198E4D0F0
:10E56000029906F049FA03464FF07C51184606F02E
:10E570006BFA022604464FF07E581AE0002FD9D1DC
:10E580000224EAE7204605F039FD0028D2D1002018
:10E59000D2E70299019806F02FFA032E0346E3D141
:10E5A000039906F029FA134906F03EFA4FF00008E5
:10E5B0000446002700250DF10409214659F8040BF3
:10E5C00006F0EEF9014606F03FFA0146284606F04D
:10E5D00013FA0137B7420546EFDB41464FF0804062
:10E5E00006F0DEF90146284606F01EFAA4E700BF51
:10E5F0004C230020000040402DE9F04F0446002647
:10E60000ADF2646D069108AD00F10408334658F888
:10E61000269054F823004946771C023606F0D0F9BC
:10E6200000286AD03B463746C82EC5E9003705F1B9
:10E630000805EBD107230593022300930127009BD4
:10E6400002935B000093029B03F1010B009B019777
:10E650001F44C92FA8BFC9274FF00008019BDDF850
:10E660000490FB1A0BF1FF350393039B98454BDB9A
:10E67000019BD0A9581E039B23EAE37208AB03EB6E
:10E680008000920006F0DCF9029B07EB030BBBF164
:10E69000C80FDBDD059B013B0593CFD16FF04047F1
:10E6A000354608AB013E53F826303B4454F823006E
:10E6B00005F0A4FC002840F08B80012D15D06C499A
:10E6C000069806F0B1F90646284606F0C9F9014653
:10E6D000304606F0B9F98046F5F76AFB4FF07E51F7
:10E6E000064606F095F9002878D0089B3B4454F87C
:10E6F00023000DF2646DBDE8F08F484605F07EFC06
:10E7000000288FD133468FE708AB53F825A009F1D5
:10E71000FF330AF18042013A54F8221008AA52F855
:10E720002330079103F18042013A54F82200049308
:10E7300006F046F9079920B3049A09F10109D0AB14
:10E74000D94543F8282041D107F1FF3AAAEB050A41
:10E7500008AB08F101004FEA8A0203EB8501D0AB58
:10E76000AF42D8BF4FF0000AAF42D8BF002203EB40
:10E77000800006F065F9D044AA44554608F1010826
:10E7800073E7084605F03AFC0028D5D1D0AB43F832
:10E7900028A005F1010A0235AF42EED1ABEB090525
:10E7A000AA00D945C8BF002509F1FF3308A908F11F
:10E7B000010001EB8301D0ABD945C8BF002203EBB8
:10E7C000800006F03DF9A844A944D6E7AA46D4E75C
:10E7D000002E7FF465AF274B18688AE74FF09E4103
:10E7E000304606F039F958B9304606F0F5F84FF0E2
:10E7F0004F410746304606F02FF948B1BD4207DCCD
:10E80000013D08AB53F8253003F18043013B6EE72F
:10E810003146404606F0C4F86FF0404508AB013F72
:10E8200053F82770804601462F444FF07C5006F085
:10E83000B7F854F8271006F007F94FF07E51074655
:10E84000304606F0D9F806F0C7F808AB013853F89F
:10E8500020304FF07C511D44404606F0CDF854F86E
:10E86000251006F0F1F80146384606F0C5F840E7F5
:10E870000000C8424C2300202DE9F04F43680446B5
:10E88000012B0E4691468FB036D1B4F85470D4F8AF
:10E890001080002F5CD04FF07E51206A06F0ACF85B
:10E8A000002105462062404606F0C2F8002859D0F3
:10E8B000E568B4F86030012B40F0FB8149462846FA
:10E8C00006F0B6F800B14D46284605F097FB002843
:10E8D00000F0F78123460022E66043F8282FB14A72
:10E8E0005034126843F8042FA342FBD130460FB0D6
:10E8F000BDE8F04FF5F778BA0127816D47604FF01A
:10E900007E5006F04DF8A849054606F08DF8A74957
:10E910006061284606F088F8E16DA0614FF07E50F6
:10E9200006F03EF8A14906F07FF89E4B00211A68D8
:10E93000234621612162E0612772E260626243F84E
:10E94000281F04F1500143F8042F9942FBD19CE7A2
:10E950000021404606F06CF810B1E568E560A8E7D4
:10E960003546FBE7022F40F079814FF07E51A06AD7
:10E9700006F042F84FF08041A062074606F048F8E2
:10E9800000287ED03546E66006F1004004F12C07F1
:10E99000BA4660620DF11008BAE80F00A8E80F004F
:10E9A000BAE80F00A8E80F0024229AE8030088E8DC
:10E9B000030005A904A806F063F8BC46E36A0DF15C
:10E9C000100E0D93BEE80F00ACE80F00BEE80F007C
:10E9D000ACE80F0098E803008AE803003846266593
:10E9E000FFF7E0FC0DF1100C02900FCFACE80F0028
:10E9F0000FCF0027ACE80F0004AB9AE80300BB463A
:10EA000088E803009846019358F804AB504605F097
:10EA1000F5FA002800F0BE800BF1010B01370A2F38
:10EA2000F2D1BBF10A0F40F0C7805E4B1F68002196
:10EA3000284605F0EDFF88B106F100434FF07E5205
:10EA400063622346E66043F8282F564A116804F1B2
:10EA5000500243F8041F9A42FBD13546384605F070
:10EA6000A7FF02990746284605F09AFF394620F08D
:10EA7000004005F0DDFF00283FF41BAF0023636278
:10EA800017E74B49384605F0C3FF4A4900282ED006
:10EA9000284605F0BDFF40B34FF07E51284605F0F3
:10EAA0007FFFA769014607F10047384605F0CCFF14
:10EAB0004FF07E5105F0A0FF054629464FF07E50ED
:10EAC00005F06EFFE16805F0BFFF314607462846B6
:10EAD00005F0BAFF0146384605F08EFF0546E060B6
:10EAE0003046616A05F088FF50E7A56DE5E72846E6
:10EAF00005F08EFF00284AD04FF07E51284605F0E1
:10EB00004FFF0746A069394600F1004005F09CFF21
:10EB10004FF07E5105F070FF0546E069394600F17F
:10EB2000004005F091FF4FF07E5105F065FF07466C
:10EB300029464FF07E5005F033FFD4F80C80D4F80E
:10EB400024A083465146404605F056FF01465846EC
:10EB500005F07AFF31468346284605F075FF0146E9
:10EB6000584605F049FF4146E060054605F018FFAC
:10EB7000394605F069FF394680464FF07E5005F072
:10EB80000FFF514605F060FF01464046AAE7A56D1C
:10EB9000E76DCDE7A7EB0B020EAB03EB820242F869
:10EBA00028AC3BE74C23002000001041000030421D
:10EBB0000000404000003442BBF1090FDDF8108036
:10EBC000CBF10A0A34D1404605F0F8F900287FF469
:10EBD0002CAF404605F012FA00287FF426AF00273C
:10EBE00025E7404657F8041F039205F005FF8046CD
:10EBF000039A01325245F4DD584605F031FF0146D3
:10EC00000746344805F0CCFE0146404605F00CFFAF
:10EC10004FF000088346002353450CDB39462E484D
:10EC200005F0BEFE0146404605F0FEFE0746FEE644
:10EC3000022204AFDEE70393019B594653F8040B0D
:10EC4000019305F0ADFE014605F0FEFE014640468B
:10EC500005F0D2FE039B80460133DDE728461D49BF
:10EC600005F0D6FE18B34FF07E51284605F098FE09
:10EC70006769014607F10047384605F0E5FE4FF0A9
:10EC80007E5105F0B9FE054629464FF07E5005F04D
:10EC900087FEE16805F0D8FE31460746284605F0B4
:10ECA000D3FE0146384605F0A7FE054656E6A56D9B
:10ECB000EAE7022B7FF408AE4946284605F0A8FE95
:10ECC00000E60649284605F04BFE002105F050FEFF
:10ECD00006460BE60000204100001041FFFF7F7F49
:10ECE0002DE9F84F4D1C954281460C4622D001F18A
:10ECF0008047013F50F827B000EB87078E1CD7F8FC
:10ED000004A0B24251465846D7F8088002D0E31C0E
:10ED10009A4220D105F07CFE414670B1504605F084
:10ED200077FE002879D14146584605F071FE00284B
:10ED300018BF34462046BDE8F88F584605F068FEF7
:10ED40000028F7D14146504605F062FE002814BF66
:10ED500034462C46EEE705F05BFE414600282ED0F7
:10ED6000504605F055FE00283AD14146584605F078
:10ED70004FFE002838D1A84604F1FF3AD7F80CB06E
:10ED80003F695846394605F053FE28B92A462546BC
:10ED900014463A465F46934606F18042013A594688
:10EDA00059F8220005F044FE002838D159F82A60AD
:10EDB0005846314605F02CFED8B10334BAE7584620
:10EDC00005F026FE20B1B04604F1FF3A2E46D5E705
:10EDD0004146504605F01CFEA04640B1AA46F5E764
:10EDE000B046A2462646C9E7A846AA46FAE7A24682
:10EDF000C4E73946304605F01BFE10B10AF10104A4
:10EE000098E708F1804B0BF1FF3B384659F82B107F
:10EE100005F0FEFD28B1EC1C8CE72C468AE7344651
:10EE200088E7444686E7000038B504460D4605F0FD
:10EE3000E5F808B13C4B1CE0284605F0DFF8002857
:10EE4000F8D1284605F0BAF8E8B124F000444FF0B4
:10EE50007E51204605F09CFD60B94FF07E51204662
:10EE600005F0E6FD002138B1284605F0E1FD40B18E
:10EE70002E4B1C68204638BD284605F0D9FD0028D9
:10EE8000F6D00024F6E70021284605F081FD002891
:10EE900041D14FF07E5125F0004005F079FD60B181
:10EEA0000021284605F0C4FD0028E3D121464FF09B
:10EEB0007E5005F0B9FD0446DCE74FF0804128465E
:10EEC00005F066FD20B12146204605F0BDFDF2E7C4
:10EED0004FF07C51284605F05BFD002140B12046F3
:10EEE00005F0BAFDD0B12046BDE8384005F060BD60
:10EEF000204605F08DFD40B12846F4F775FF014628
:10EF0000284605F095FD002894D129462046BDE805
:10EF10003840F4F795BF4FF07E54ABE70021204610
:10EF200005F076FDEFE700BF4C23002048230020CA
:10EF3000704B2DE9F74F054608460E461C6805F054
:10EF40005DF8002840F0A0803046F4F76BFF0446DF
:10EF50006869F4F767FF0646E869F4F763FF074658
:10EF60000146304605F048FD4FF07C5105F06CFD40
:10EF700039468246304605F067FD5F498146304696
:10EF8000FFF752FF31468346304605F05DFD51469E
:10EF900005F05AFD59498046584605F055FD014691
:10EFA000404605F029FD49468046304605F04CFDB7
:10EFB0000146404605F0F4FCA9698046286A05F040
:10EFC000EFFC4D4900903846FFF72EFF3946834647
:10EFD000384605F039FD514605F036FD47490190A8
:10EFE000584605F031FD0146019805F005FD4946FA
:10EFF0008346384605F028FD0146584605F0D0FC0A
:10F00000414605F0CDFC0146009805F00DFD314666
:10F010008346204605F0D4FC10B1414640462AE024
:10F020003146204605F004FD002831D039462046FF
:10F0300005F0C6FC00282BD02F492046FFF7F4FE30
:10F0400021460746204605F0FFFC514605F0FCFC32
:10F050002A490646384605F0F7FC0146304605F0D9
:10F06000CBFC49460646204605F0EEFC01463046FC
:10F0700005F096FC414605F093FC594605F0E4FC8A
:10F08000A96905F0B9FC0446204603B0BDE8F08F3D
:10F090003946204605F0CCFC0028BED0394638461B
:10F0A00005F0AAFC3146074605F07AFC01462046E9
:10F0B00005F086FC0028B0D02146384605F070FCEB
:10F0C0000D490446FFF7B0FE21460746204605F0ED
:10F0D000BBFC514605F0B8FC08490646384605F029
:10F0E000B3FC0146304605F087FC214606464846FB
:10F0F000BAE700BF4C23002000004040ABAAAABEE4
:10F100000378BBB9012303704368012B12D102239A
:10F110004360037A73B1084B00211A680346C2604A
:10F1200001610162426243F8281F503043F8042F06
:10F130008342FBD1704700BF4C2300202DE9F04FE4
:10F140001E46B64B8FB00392D3F890258246012A13
:10F150001CBF0122C3F89025002333607360B360A5
:10F160000B930C930D93D1E90043E4180F4602D2A0
:10F170008B68E41801D3C82402E0C82CFBD84CB13A
:10F18000AAF1100500E0013C2301E85804F036FF25
:10F190000028F8D1A24B4FF0000B1B6804F18058F7
:10F1A0000293002308F1FF380AEB081801930BF1D2
:10F1B00001031846049305F053FC019905F01CFC6B
:10F1C0000546204605F04CFC0146284605F0F8FBB4
:10F1D000002839D130680B9B7568C31838BF984632
:10F1E0000C9B28BF4FF0FF38B468ED180D9B28BF6B
:10F1F0004FF0FF35E41828BF4FF0FF3405F004FC52
:10F200008146404605F000FC0146484605F00CFCEE
:10F210008046386805F0F8FB0146404605F014FCCE
:10F22000F4F7C6FD4FF09F41804605F0F1FB002842
:10F2300040F098804FF09F41404605F00DFC0038AB
:10F2400018BF0120404290E00AEB0B1999F90F100A
:10F25000D9F804207F2901F1010C08BF4FF07F0C81
:10F260006E4905928C44D9F808209CF893C54FEA62
:10F270000B1306925AF8030099F90D5099F90E20D4
:10F28000BCF1000F06D001EB050C9CF8D5C5BCF114
:10F29000000F38D17F2A02F1010C08BF4FF07F0C1C
:10F2A000614491F8D815099269BB5E49089305F04D
:10F2B000BBFB0790F4F77CFD0146079805F070FB57
:10F2C000594920F0004005F0A3FB089BD8B9099AE2
:10F2D000D1070BD50699084605F08EFB0599C9F8AC
:10F2E0000800084605F088FBC9F8040005F18045D0
:10F2F000013D56F82530DDF810B05A1C18BF013317
:10F3000046F8253053E7621EA2EB0B0203F1100111
:10F310001201A345A8BF00225144484605F0B0FBA6
:10F320004FF06332029B4FF07E510198C8F80030D5
:10F33000C8F80430C8F80830C8F80C2005F05CFBA9
:10F34000013D0EABA90003EB850555F80C2C01908F
:10F35000531C01F1380318BF01320DEB030141F8D2
:10F360000C2C24E7404605F067FB039B186070688F
:10F3700005F04AFB8046284605F046FB014640461C
:10F3800005F052FB0546786805F03EFB014628462D
:10F3900005F05AFBF4F70CFD4FF09F41054605F0D0
:10F3A00037FB38B3284605F047FB039B5860B0682D
:10F3B00005F02AFB0546204605F026FB01462846B7
:10F3C00005F032FB0446B86805F01EFB01462046F6
:10F3D00005F03AFBF4F7ECFC4FF09F41044605F0D2
:10F3E00017FB88B1204605F027FB039B98600FB000
:10F3F000BDE8F08F4FF09F41284605F02DFB003807
:10F4000018BF01204042D0E74FF09F41204605F051
:10F4100023FB003818BF01204042E6E7785D00205A
:10F420004C23002041DA7F3F17B7D1382DE9F04F48
:10F430001D466E4B1646D3F8982A0C46012A1EBF6D
:10F440000122C3F8982A83F89C2A0A6887B02A60A8
:10F450003268109901900A6062686A6072684A6056
:10F46000A268AA60B2688A6093F8AC2A002A4CD1DC
:10F4700093F8AD3A002B00F04281D4E900329B189A
:10F4800028BF4FF0FF33A768DFF860A1FF1828BF3F
:10F490004FF0FF374FF07251DAF8A80A05F0D4FAAE
:10F4A000C82F28BFC8274FF000084FF0804BDDF869
:10F4B00004900290474546DD99F90F0005F0D0FA17
:10F4C000039099F90E0005F0CBFA00F1004158467F
:10F4D000FFF7AAFC0146029805F0B6FA039905F079
:10F4E000B3FADAF8A41A05F093FA48B199F90D10B5
:10F4F00011F1800F76D00029C8BF494289F80D105C
:10F5000008F1010809F11009D4E7D4E90072BF1825
:10F5100002D2A268BF1801D3C82702E0C72F88BF54
:10F52000C827D3F8A03ADDF804A00293AAF110038B
:10F5300003EB0713039300239F420DD12B4B93F84A
:10F54000AD3A002B99D1D4E90073FF1802D2A36819
:10F55000FF184DD3C8274EE09AF90D9019F1800F8E
:10F5600011D0B9F1000F03DAC9F100094FFA89F996
:10F57000D346C9F10002013352B203998B4505D13C
:10F580000AF1100AD8E74FF07F09EFE79BF91D80D9
:10F5900018F1800F23D0B8F1000F03DAC8F100088A
:10F5A0004FFA88F8DBF81010DAF80000CDE90423F0
:10F5B00005F0F6F9029920F0004005F001FA059BEC
:10F5C0000028DDD0C845049A1CBFC8F100088AF89D
:10F5D0000D200BF1100B18BF8BF80D80CDE74FF00D
:10F5E0007F08DDE76FF07E0188E700BF785D0020CF
:10F5F000C72F88BFC827854B07F18058D3F800B0C4
:10F60000019B08F1FF3803EB081800234FF0010AB3
:10F610000293504605F024FA029905F0EDF981466F
:10F62000384605F01DFA0146484605F0C9F900289C
:10F6300040F08580286805F0E7F90746206805F066
:10F64000E3F90146384605F0EFF90746306805F062
:10F65000DBF90146384605F0F7F9F4F7A9FB4FF05E
:10F660009F41074605F0D4F9002800F0AC803846E9
:10F6700005F0E2F9109B1860686805F0C5F90746C7
:10F68000606805F0C1F90146384605F0CDF9074636
:10F69000706805F0B9F90146384605F0D5F9F4F778
:10F6A00087FB4FF09F41074605F0B2F9002800F0B4
:10F6B0009480384605F0C0F9109B5860A86805F0A2
:10F6C000A3F90546A06805F09FF90146284605F014
:10F6D000ABF90446B06805F097F90146204605F0FD
:10F6E000B3F9F4F765FB4FF09F41044605F090F93C
:10F6F00000287CD0204605F09FF9109B9860109A56
:10F700003368126870689B1A109A38BF00235268D9
:10F710001099801A38BF00208968B268521A34BF25
:10F7200001210021C0182CBF01230023002B18BF8A
:10F730004FF0FF30002964D007B0BDE8F08F019B87
:10F740000AF180500138010103EB001090F90D908F
:10F75000B9F1000F34DAA7EB0A0212011031BA45F1
:10F76000C8BF0022194405F08BF94FF0633319F13B
:10F77000800FC8F800B0C8F804B0C8F808B0C8F8DE
:10F780000C300CD019F1020F2B680FD019F1030FB8
:10F7900011D0B9F1FF3F02D103B1013B2B600298B8
:10F7A0004FF07E5105F028F9029032E76B6803B103
:10F7B000013B6B60F3E7AB6803B1013BAB60EEE785
:10F7C0000AF1010A25E74FF09F41384605F044F958
:10F7D000003818BF012040424CE74FF09F413846A7
:10F7E00005F03AF9003818BF0120404264E74FF0B5
:10F7F0009F41204605F030F9003818BF01204042F3
:10F800007BE7101828BF4FF0FF3095E74C2300200E
:10F810002DE9F04FAE4C1F46D4F8C03A87B0012B0B
:10F82000884691464FF00006019018D001237822B7
:10F83000002104F6D420C4F8C03A84F8C43AC4F8CD
:10F84000D06A05F0D5F87822002104F64C3005F096
:10F85000CFF87822002104F6C43005F0C9F8D4F8B6
:10F86000D0BAD4F8C8AA58465146039604960596CD
:10F8700005F0F2F8A8B94FF07E51584605F0BCF8F3
:10F880000146504605F06CF8D9E900329B1806464F
:10F89000C4F8D00A03D2D9F808209B186ED3C82325
:10F8A0006FE04FF07E51504605F07AF8F4F780FA99
:10F8B0004FF09F41064605F0ABF800283CD00021F0
:10F8C000304605F0C9F810B1304605F0B5F8804D66
:10F8D00000212A46884202F10C0237DC4FF09F419A
:10F8E000304605F095F800283ED00021304605F05E
:10F8F000B3F810B1304605F09FF80022904205F1B0
:10F900000C05B8DDD5F8506BD5F8541BD5F84CCBA9
:10F91000C5F8446BC5F840CBD5F8C86BD5F8C4CB57
:10F92000C5F8481BD5F8CC1B0132C5F8B8CBC5F8D3
:10F93000BC6BC5F8C01BE1E74FF09F41304605F0B6
:10F940008BF8003818BF01204042C0E7D2F8D8CA6F
:10F95000D2F8D4EAD2F8DC3A0131C2F8C8EAC2F8E7
:10F96000CCCAC2F8D03AB5E74FF09F41304605F017
:10F9700073F8003818BF01204042BEE7C82B28BFEB
:10F98000C8234FF07E5BD4F8CC2A019D009205EB92
:10F990000319A94571D13046F4F70AFA4FF09F4197
:10F9A000054605F035F800287ED00021284605F0F0
:10F9B00053F810B1284605F03FF84FF0000B431EF6
:10F9C000D8F8001003EB430304EB8302C2F8D41A07
:10F9D000D8F8041004EB8303C2F8D81AD8F808202A
:10F9E000DFF8ECA0C3F8DC2AD4F8D46AD4F8D89AAB
:10F9F000D4F8DC8ADAF8E01A304604F0FDFFDAF8D1
:10FA0000E41A0646484604F0F7FFDAF8E81A814699
:10FA1000404604F0F1FF0BF1010BBBF1090F8046EA
:10FA20000AF10C0AE6D1B8604FF09F412846C7F8AA
:10FA300004903E6004F0ECFF00283FD000212846EF
:10FA400005F00AF810B1284604F0F6FF0138039BD0
:10FA500000EB400004EB8002C2F84C3BC2F8C43B10
:10FA6000049BC2F8503BC2F8C83B059BC2F8543B0C
:10FA7000C2F8CC3B07B0BDE8F08FA968686804F015
:10FA8000D3FF009904F0D4FF60B195F90D3006AAB8
:10FA9000013B02EB830A5AF80C0C594604F0ACFF08
:10FAA0004AF80C0C103574E74FF09F41284604F0DB
:10FAB000D3FF003818BF012040427EE74FF09F413E
:10FAC000284604F0C9FF003818BF01204042BDE7B6
:10FAD000785D00202DE9F04F9FB00993AD4B019266
:10FAE000D3F840220690012A089100F09E8101225D
:10FAF000D3F84862C3F84022A74A3046C3F84C22E4
:10FB000004F07CFA0446304604F058FA0443E4B2A8
:10FB1000002C00F0C481A14B1D682C464FF03F41E2
:10FB2000284604F091FF9E4915901B902846189591
:10FB300004F08AFF00234FF0000B1690179400F199
:10FB400000401A941D94974C19931C900DF13008A5
:10FB5000002594F9013094F900A0029394F9023041
:10FB600015AE039356F8049B029804F079FFB16830
:10FB700004F06AFF0746504604F072FF494604F05D
:10FB800063FF0146384604F037FF0746039804F048
:10FB900067FF716904F058FF0146384604F02CFFF6
:10FBA00048F825000335092DDCD10BF1010BBBF121
:10FBB000030F04F1030408F10408C9D115AC0CAD1E
:10FBC0000FCD0FC40FCD0FC4DDF834802B680C9D12
:10FBD0000E9E236028F0004925F000444946204647
:10FBE00026F0004704F014FF002800F00F82394689
:10FBF000484604F01DFF002800F008825C460626F7
:10FC00004FF0000B109BCDF8548018930F9B169566
:10FC10001993139B1B93129B1C93159B16981946C3
:10FC2000029304F001FF029905461690179804F01C
:10FC3000FBFE189B0746194617902846039304F0CD
:10FC400003FF0146199804F0ABFE03998046199012
:10FC5000384604F0F9FE01461A9804F0A1FE1B9BF9
:10FC6000814619461A902846049304F0EDFE014699
:10FC70001C9804F095FE04991C908246384604F0C6
:10FC8000E3FE01461D9804F08BFE28F000411D9014
:10FC9000059029F0004004F0CBFE60B1059B16975B
:10FCA0001C935B46B3461E461795CDF86490CDF87D
:10FCB0006880CDF874A0DDF864901A98494604F085
:10FCC000B3FE1C9B07461946059304F0BDFE014692
:10FCD0001D9804F065FE169D07902946384604F0ED
:10FCE000B3FE179904F05CFE079904F09DFE804670
:10FCF0000146059804F0A8FE294604F07DFE494619
:10FD000000F1004004F090FE224D231D05EB83031B
:10FD10008246014603980B9304F096FE01464FF08D
:10FD20007E5004F03DFE41460A90049804F08CFE9B
:10FD300001460A9804F034FE029904F075FE0B9B0C
:10FD40000799C3F8400205EB8403C3F854A2C3F833
:10FD5000588207F1004004F067FE0446014605980A
:10FD600004F072FE01464FF07E5004F019FE494641
:10FD700004F05AFE80460146039804F065FE2146D1
:10FD80000746049804F060FE0146384604F034FE4D
:10FD9000029909E0785D00208E2BE4344C2300208A
:10FDA000D7B35D3FF65C011000F1004004F03CFE6B
:10FDB0000BF1040A05EB8B0305EB8A0ACAF8400233
:10FDC0000799C3F85482C3F858424FF07E5004F0AC
:10FDD0002BFE0446059B214603F1004004F034FE4F
:10FDE000494604F021FE01460746039804F02CFE24
:10FDF00021468046049804F027FE0146404604F060
:10FE0000FBFD029900F1004004F00EFE06F104092A
:10FE100005EB860305EB8909C9F84002C3F8547263
:10FE2000C3F85842012385F84432834BD3F84C522F
:10FE3000069B2846196804F007FE019B04461860DB
:10FE4000069B2846596804F0FFFD019B0646586052
:10FE5000069B2846996804F0F7FD019B054631464C
:10FE60009860204604F0D4FD2946002800F0F48074
:10FE7000304604F0CDFD0546002840F0F0814FF0FB
:10FE80008043289A6D4E13600CAC16F9010B04F0F8
:10FE9000E7FD0135092D44F8040BF6D1F2E068497D
:10FEA0003046F4F7ABF820F0004504466549284693
:10FEB00004F0BEFD60B10021204604F0B9FD6049A8
:10FEC000002839D0204604F06BFD044620F00045A0
:10FED00028465D4904F074FD002831D05B49204676
:10FEE00004F0B2FDF4F710FC054630465449F4F72F
:10FEF00085F820F0004604465249304604F098FD4B
:10FF000060B10021204604F093FD4D49002848D0FF
:10FF1000204604F045FD044620F0004630464A499C
:10FF200004F04EFD002840D04849204604F08CFDE6
:10FF3000F4F7EDFB0446F1E5204604F05DFDC4E76F
:10FF40004349284604F03CFD0021C0B1204604F09E
:10FF50006FFD404940B1204604F022FD3B4904F0CA
:10FF600073FDF4F7D4FBBFE7204604F045FD3749A5
:10FF700004F06AFDF4F7CBFB00F10045B5E720463D
:10FF800004F056FD2F4940B1204604F009FD2F49E9
:10FF900004F05AFDF4F7B8FBEEE7204604F02CFD20
:10FFA000F5E7204604F028FDB5E72949304604F07E
:10FFB00007FD0021C0B1204604F03AFD254950B1AB
:10FFC000204604F0EDFC214904F03EFDF4F79CFBD3
:10FFD00000F10044A2E5204604F00EFD1B4904F0A8
:10FFE00033FDF4F791FBA5E7204604F021FD154908
:10FFF00040B1204604F0D4FC144904F025FDF4F788
:020000041001E9
:1000000086FBE5E7204604F0F7FCF5E72046394695
:1000100004F0FEFC044660B1119B159618930F9BEB
:1000200000261A93149B06241B93129B17951D936D
:10003000F3E50626F1E500BF785D0020E45C0110E1
:100040000000B443000034430000344235FA8E3CD3
:10005000000007430000B442204604F0D9FC0546E6
:10006000002840F0FC804FF07E53289A984E136091
:100070000CAC16F9010B04F0F3FC0135092D44F822
:10008000040BF6D100244FF0A456002715AB0593BE
:10009000019BDFF840A2083306935AF8043F0CADE9
:1000A0000293DAF80C30A9460393DAF81830049377
:1000B000019BA3F1040BD8460023D9F80010029845
:1000C0000A9304F0C1FCD9F804100790039804F0D7
:1000D000BBFC0146079804F08FFCD9F80810079084
:1000E000049804F0B1FC0146079804F085FC58F828
:1000F000041F04F0A9FC0A9B0146184604F07CFC8E
:10010000069A0346424509F10C09D6D1099A019B8A
:1001100042F8270053F82790314629F0004840461E
:1001200004F086FC002800F0AA804146304604F026
:100130007BFC06460146204604F086FC314604F06E
:1001400083FC4FF07E5104F057FC464604464FF0C6
:1001500000092968029804F077FC696880460398D2
:1001600004F072FC0146404604F046FCA968804653
:10017000049804F069FC0146404604F03DFC5BF83D
:10018000041F04F061FC0146484604F035FC069B60
:1001900081469B4505F10C05DBD1059B013743F8F2
:1001A000040B032F05937FF478AF204604F000FC86
:1001B000314604F049FC159C074624F000464FF0F8
:1001C000A451304604F034FC002865D14FF0D541ED
:1001D000204604F039FC014604F036FC4FF0A456EA
:1001E0000546DDF85880314628F00044204604F0EA
:1001F0001FFC002853D02146304604F015FC06466B
:10020000294604F021FC314604F01EFC4FF07E51DB
:1002100004F0F2FB0546DDF85C80214628F000463C
:10022000304604F005FC002846D03146204604F054
:10023000FBFB0446294604F007FC214604F004FCBD
:100240004FF07E5104F0D8FB04F0B2FB314604F0CD
:10025000FBFB089B186038461FB0BDE8F08F0025F7
:100260001D4B289A1D4E13600CAC16F9010B04F0BF
:10027000F7FB0135092D44F8040BF6D102E73146AE
:10028000484604F0D1FB014604F0DEFB014620465F
:1002900004F0B2FB04465AE74FF07E55A1E7314621
:1002A000404604F0C1FB014604F0CEFB294604F0B1
:1002B000A3FB34460546AEE72146404604F0B4FBB6
:1002C000014604F0C1FB294604F096FB2646BBE735
:1002D000ED5C0110C45F002000004040DB5C0110B9
:1002E0002DE9F04F364CABB02069364904F09CFB49
:1002F000B4F8BC30D4F87452D4F8CC90D4F8D0A070
:10030000D4F8D4B00493D4F8C8306022E86004F183
:10031000D80112A80393B4F8C480CDF82090CDF88A
:1003200028A0CDF824B004F08BFB274B00221F68D7
:100330000CAB194612AE56F8040BCDE90623059115
:1003400003F05CFE069A05990132182A079B01F812
:10035000010BF0D1002113F8012B0AB1012202E0B8
:1003600001311829F7D15046059203F047FE8DF868
:100370002C00584603F042FE8DF82D00039803F040
:100380003DFE8DF82E00484603F038FE0BAE314698
:100390000023059A8DF82F0011F8010BB0B1DAB1E6
:1003A00009AB009341460AAB049808AAFDF7B0FEDA
:1003B000089B6861AB610A9BEB61099B2B62D0E1F2
:1003C000785D0020CDCCCC3F4C2300200133042BA2
:1003D000E2D1002A40F0BD81B8F1050F40F2AF81B3
:1003E000B849129804F0DCFAB6498146139804F033
:1003F000D7FAB4498046149804F0D2FAB2490746B5
:10040000484604F021FBB14904F0F6FAAE498246B1
:10041000404604F019FBAD4904F0EEFA014650469F
:1004200004F0EAFAA8498246384604F00DFBA749D1
:1004300004F0E2FA0146504604F0DEFAA4490890BE
:10044000484604F001FBA34904F0D6FAA0498146CE
:10045000404604F0F9FA9F4904F0CEFA01464846B6
:1004600004F0CAFA9A498046384604F0EDFA9949F0
:1004700004F0C2FA0146404604F0BEFA96490990DB
:10048000159804F08DFA94498246169804F088FA7B
:1004900091498146179804F083FA90498046504666
:1004A00004F0D2FA8E4904F0A7FA8C490746484670
:1004B00004F0CAFA8A4904F09FFA0146384604F06B
:1004C0009BFA86490746404604F0BEFA844904F088
:1004D00093FA0146384604F08FFA824904F0A4FAF0
:1004E00081490746504604F0AFFA804904F084FA87
:1004F0007D498246484604F0A7FA7C4904F07CFA1C
:100500000146504604F078FA77498146404604F0A7
:100510009BFA764904F070FA0146484604F06CFAFA
:10052000704904F081FA0A90089B7149AB610A9BFB
:100530006F61EB61099B28462B62FEF7F9FC6D4960
:10054000686204F071FA249FDDF89C80A862E36D74
:100550004046AB60D4F8C0302B6103F04FFD38B992
:10056000384603F04BFD18B9C4F8B87AC4F8BC8A11
:10057000C4F87452604DA5F5A5670FCF0FC50FCF16
:100580000FC53B686A1C2B70A5F22753A5F20755CF
:1005900053F8041BAB4242F8041BF9D11B781370CB
:1005A000564BB4F8C450A3F2755203CA5960E16DBA
:1005B000E268C4F8B011216EC4F8A821C4F848124A
:1005C000E169C4F80426C4F8EC15216AA3F2755257
:1005D000C4F8FC15616A1860C4F8F81503CAC4F8B9
:1005E0000906596394F8383184F8083647F6FF73E2
:1005F000AB4228BF2B46A4F8123685BBD4F8D49062
:10060000D4F8C880D4F8CC70D4F8D000CDF82090BD
:10061000CDF82880099703F0F1FCB0FA80F040098A
:100620008DF82C00484603F0E9FCB0FA80F0400950
:100630008DF82D00404603F0E1FCB0FA80F040094F
:100640008DF82E00384603F0D9FCB0FA80F040094E
:100650008DF82F0016F8013B002B40F08F80B4F985
:100660001236042B02DD0423A4F81236E368D4F812
:100670003C21B4F83A11C4F80C342148D4F8403184
:10068000FDF73EFE0023D4F83C21B4F83A11A4F85B
:10069000B8341C48D4F84031FDF732FE0123D4F8B9
:1006A0003C21A4F81C35B4F83A11D4F8403116486E
:1006B000FDF726FE0223A4F88035E36DC4F8C83A9E
:1006C00024E000BFCD4C9043DFF22238E71D273CE9
:1006D000F3CD91397368913DD3BCE33CF6281C3FC0
:1006E00096438B3C00004040E17A4142A8C6BB3FA4
:1006F000CDCC4C3D6AFA0A3E0C63002051630020C9
:10070000D06100203462002098620020A369C4F800
:10071000CC3A94F8AF3084F8AC3A94F8B03084F81E
:10072000AD3AD4F8B430C4F8A03AD4F8B830C4F82C
:10073000A43AE368C4F8A83A2BB0BDE8F08F09AB3F
:100740000093414601200AAB08AAFDF7E1FC0746E9
:10075000EAE6039BC5F814A0C5F818B0EB61C5F82C
:1007600020900A492846FEF7E3FB0949804604F039
:100770005BF9C5F82480A862B846E8E60135042D87
:100780007FF468AF4FF6FF736EE700BFCDCC4C3DF2
:100790006AFA0A3EF0B587B06E4600240C4B0D4D48
:1007A00005930D4B0D4F00930D4B01930D4B029391
:1007B0000D4B03930D4B0493384656F8041BFEF77C
:1007C00033FB0134062C45F8040FF5D107B0F0BD1A
:1007D0003BCD7140F85F00201344134000002041DE
:1007E0004E2C26408A143940C5FC4B4000E55E4043
:1007F0001D4B10B5C0F894310123C0F87C311B4B60
:100800000446C0F898311A4B43624FF07C53C0F84D
:100810009C31184B8362FFF7BDFF4FF4A872002193
:1008200004F12C0004F0E4F80023134AC4F88031EA
:10083000C4F8A021114AC4F88431C4F8A421104A94
:10084000C4F888311068C4F88C31C4F89031C4F809
:10085000A83104F5D47204F5EC7142F8040F8A4211
:10086000FBD1C4F8DC3110BD8096984ACDCCCC3D8C
:10087000000048430080BB451F85EB3E295CAF3F2D
:100880004C2300204C4BD3F8C02A012A04BF02227B
:10089000C3F8C02AD3F874221168012904BF0221C9
:1008A0001160D3F8A021012A04BF0222C3F8A021BD
:1008B000D3F84022012A04BF0222C3F84022D3F811
:1008C000E425012A04BF0222C3F8E425D3F8982ABC
:1008D000012A04BF0222C3F8982AD3F8B02A012AB9
:1008E00004BF0222C3F8B02AD3F85C24012A19D12C
:1008F0000222C3F85C2493F860249AB12F4A30484E
:1009000011680022C3F86824C3F87824C3F880244F
:100910000022C3F86414C3F87C1401320A2A40F898
:10092000041FFAD1D3F8C024012A19D10222C3F836
:10093000C02493F8C4249AB1204A224811680022A6
:10094000C3F8CC24C3F8DC24C3F8E4240022C3F8A1
:10095000C814C3F8E01401320A2A40F8041FFAD17F
:10096000D3F82425012A19D10222C3F8242593F8AB
:1009700028259AB1114A144811680022C3F830257D
:10098000C3F84025C3F848250022C3F82C15C3F846
:10099000441501320A2A40F8041FFAD1D3F87C2208
:1009A000012A08D10222C3F87C2293F8803213B1C5
:1009B0000648FFF71DBF7047785D00204C230020DC
:1009C000F86100205C620020C0620020F05F00201F
:1009D000054B93F8962A2AB993F8970A003818BF5E
:1009E0000120704701207047785D0020012310B579
:1009F0001E4C4FF08041A4F8783600231C4AC4F8FE
:100A00009016C4F894261B4AC4F8903A1268C4F8A9
:100A1000943A04F5C26001330F2B40F8042FFAD149
:100A20000023154801330A2B40F8042FFAD1134B49
:100A3000C4F87C26C4F8EC35114BC4F88026C4F801
:100A4000F835104BC4F88426C4F88C26C4F8001678
:100A50004FF47C7200210C48C4F8FC3503F0C8FF49
:100A60000023C4F88C3A84F8983610BD785D0020D5
:100A7000000040404C230020C463002017B7D13948
:100A80000000F0410000C0401464002070B5634CC9
:100A90000026D4F8C03A012B13D17822002104F6A5
:100AA000D420C4F8D06A03F0A3FF7822002104F612
:100AB0004C3003F09DFF7822002104F6C43003F08F
:100AC00097FF574BD4F8A0211D680023012AC4F8D2
:100AD0005051C4F85451C4F87051C4F88061C4F83E
:100AE0004451C4F85851C4F86451C4F87461C4F84E
:100AF0008451C4F89051C4F84851C4F85C51C4F80A
:100B00006851C4F87861C4F88851C4F89451C4F8A5
:100B10004C51C4F86051C4F86C51C4F87C61C4F8FD
:100B20008C51C4F89851C4F89C310DD13D4AC4F899
:100B30003C62C4F8B851C4F8BC51C4F8C051013388
:100B40001E2B42F8045FFAD1D4F8E435012B01D111
:100B5000FFF74CFFD4F83C3C012B08D10023324A6C
:100B6000C4F8603F0133C82B42F8045FFAD1D4F8CF
:100B7000643F012B09D100232C4AC2F888329C3AE9
:100B80000133C82B42F8045FFAD1D4F85C34012B4E
:100B900010D10023264AC4F86454C4F87C54C4F825
:100BA0006864C4F87864C4F8806401330A2B42F89E
:100BB000045FFAD1D4F8C034012B10D100231D4AB0
:100BC000C4F8C854C4F8E054C4F8CC64C4F8DC6475
:100BD000C4F8E46401330A2B42F8045FFAD1D4F874
:100BE0002435012B10D10023134AC4F82C55C4F826
:100BF0004455C4F83065C4F84065C4F8486501330D
:100C00000A2B42F8045FFAD1D4F87C32012B04D1CC
:100C1000BDE870400948FFF7EBBD70BD785D00206E
:100C20004C230020385F0020B4690020786D00203C
:100C3000F86100205C620020C0620020F05F0020AC
:100C40000023104A436082650F4AA0F86030C265F5
:100C500002220023A0F854200C4A03621268836227
:100C6000036143618361C361C260426200F1280392
:100C700000F1500143F8042F8B42FBD10023037095
:100C8000704700BFCDCCCC3C0AD7233C4C2300207E
:100C90002DE9F04F91428BB00446CDE9001202934A
:100CA00009DD00268A4B1868029B1E60149B1E609B
:100CB0000BB0BDE8F08F00220125019BCDE9032296
:100CC0005E1E029B1D60009BB20003F180430692F2
:100CD00054F82620013B54F823904FF0FF3B44F892
:100CE00023202A4605F1804808F1FF3844F8269071
:100CF0006F1E04EB8808BB00B242059307F1010A9E
:100D000054F8273036DD069AA350009B44F827900C
:100D1000534557DC029AA7EB0B031360009A9A42E3
:100D200080F2D3807E1E039A731B9F1C4AB1019AE6
:100D3000019702EBD272B7EB620FCCBF0122002207
:100D40000492039A82F001020392049A002A7ED050
:100D500005F18043023B04EB83030593012F33DC51
:100D6000029BAE421D6003DA54F8260001369DE76F
:100D70002B46A9E7D8F800104846CDE9082307918B
:100D800003F006FEDDE90712099B50B1C8F80030F8
:100D9000059B0BF1010BE1505746013208F10408A5
:100DA000A9E74846CDE90823079103F041FE089AD8
:100DB00030B1099B0799C8F80030059BE150EBE77B
:100DC000BA46E9E7BD1CAEE7052397FBF3F86FF0E1
:100DD0000403294603FB08F9149A07EB090308EBFF
:100DE000880ADDF814B01360AA448A451AD1002B92
:100DF0002BDD7A19A5EB0901013A914203D0204677
:100E0000FDF76EFF024608EB0503013B013A54F87B
:100E1000231054F8220008F1010744F8230044F895
:100E200022109BE70A1D204607930691FDF758FF05
:100E300001385BF8042F54F820C00699CBF800C0A5
:100E4000079B44F820200531CFE7474686E7022F6D
:100E500054F8269084DD5F1C05EB570705F1804BA5
:100E600007F18043013B0BF1FF3B54F823A054F8FA
:100E70002B805146404603F0CBFD494678B15046A1
:100E800003F0C6FDB8B94946404603F0C1FD00284D
:100E90003FF466AF771CAF427FF762AF0BE040468E
:100EA00003F0B6FD00287FF45BAF4946504603F0DF
:100EB000AFFD0028EED107F18047013F54F82730FD
:100EC00044F82B3044F827804AE73E464CE700BF01
:100ED0004C2300202DE9F04FADF2844D0B930023FD
:100EE0004FF0000BCDE90D33CDE90F331193DDF851
:100EF000B434DDF8A8A4C3F800B000238AF80030A9
:100F0000DDF8B8340390C3F800B0DDF8BC341392B8
:100F1000C3F800B0DDF8C0342BAAC3F800B000233A
:100F20008AF80130DDF8B834C3F804B0DDF8BC3419
:100F3000C3F804B0DDF8C034C3F804B000238AF865
:100F40000230DDF8B834C3F808B0DDF8BC34C3F8BB
:100F500008B0DDF8C034C3F808B02EABFEF7EEF8E9
:100F6000A74B93F8AE20002A01F0DD8193F8982674
:100F70001292D3F83C2C012A42D0A14AD2F8643F05
:100F8000012B0DD1002302F58051C1F888329D4913
:100F900002F6647209680133C82B42F8041FFAD1C3
:100FA000974AD2F8E435012B38D10123944C4FF005
:100FB0008041D4F88806A4F8783603F029FD00288B
:100FC00068D0B4F912369048042B01BF8D4B1B68D2
:100FD000C4F85036C4F85436FDF7E4F9884C054699
:100FE000B4F91266C4F88C06042E40F0BA80874922
:100FF00003F00EFD002846D00323A4F8783649E01C
:101000000022C3F8602F7F4A03F63C431168002298
:101010000132C82A43F8041FFAD1AEE70123C2F80F
:10102000E435784B7A491B68D2F8040659935A93F1
:101030005B935C935D935E935F9303F005FD0025E6
:101040004FF07C56589058AC2068314603F0FCFCB9
:101050000135072D44F8040FF6D100236D4A12F82C
:10106000011F59B958A9664A51F82330C2F8883689
:10107000012382F8E835FFF7B9FC96E70133082B26
:10108000EDD10023EEE7284602F0B8FF0028B3D1E7
:10109000A4F878665A4CB4F878365A1E08925E4A1C
:1010A000591E52F82110C4F8EC15D91D033352F81B
:1010B000233052F82110C4F8FC35089A574BC4F875
:1010C000F81553F82230C4F80036554B9E5630467A
:1010D00003F0C6FC534B089AC4F890060546985690
:1010E00003F0BEFC012EC4F8940643DDDDF8BC34E9
:1010F000C3F800B0DDF8B834C3F800B0DDF8C03490
:10110000C3F800B0DDF8BC34C3F804B0DDF8B8347F
:10111000C3F804B0DDF8C034C3F804B0DDF8BC3463
:10112000C3F808B0DDF8B834C3F808B0DDF8C0344F
:10113000C3F808B0324BD3F89406F2F739FE4FF0FB
:101140009E41044603F064FC00286FD14FF09E419D
:10115000204603F081FC002814BF6FF000450025F5
:1011600070E0013696D1304903F052FC002891D04E
:10117000022342E74FF07E51284603F03DFC4FF03A
:101180009E41044603F044FC60B34FF04F412046BB
:1011900003F062FC88B3204603F01EFC0546032DD5
:1011A000C5F10306C8BF0026154C05F68F20324650
:1011B0000021204403F01CFC05F69120324600215A
:1011C000204403F015FC05F693203246002120440C
:1011D00003F00EFC05F6952032460021204403F072
:1011E00007FC83E74FF09E41204603F035FC0028C2
:1011F00014BF6FF000450025D1E74FF00045CEE762
:10120000785D00204C230020C8630020000070435C
:10121000B00FA134806300204C5D01103C5D0110D3
:10122000145D0110105D01100000C8424FF04F41E5
:10123000204603F011FC002800F0A080204603F0B7
:10124000CBFB0546002DC5F102064FEA860605F1E7
:10125000FF37D8BF04264FEA8707D8BF002705F518
:10126000C2708000904C011F314430443A46214402
:10127000204403F005FC05F289108000011F314471
:1012800030443A462144204403F0FAFB05F5C77088
:101290008000011F314430443A462144204403F089
:1012A000EFFB2B9803F0B0FB4C90C4F814060746F4
:1012B0002C9803F0A9FB4D90C4F8280606462D98FB
:1012C00003F0A2FB4FF428724E90C4F83C0605468A
:1012D00004F29C6104F2EC7003F0D2FBDDE92E32E3
:1012E0009B184ED2309A9B1802934AD2029B002B35
:1012F0004AD119466C2204F5D460C4F89C7603F0F8
:1013000077FB6C22029904F5E260C4F80C6703F0E5
:101310006FFB6C22029904F5F060C4F87C5703F06F
:1013200067FB00230593604CB4F87836D4F8FC15BD
:10133000022B40F24E830023C4F8903AC4F8943A4A
:10134000059803F075FB5849002800F0EA83D1F8AE
:101350009006F2F72DFD4FF09F41044603F058FB35
:10136000002800F047830021204603F075FB002889
:1013700000F04983204603F05FFB44E34FF0004553
:1013800060E74FF0FF330293029B0027C82B28BF72
:10139000C8230C93444B049303F27C63A3F27C6454
:1013A0000793002326460693404B196858AB1A460C
:1013B000099300230133C82B42F8041BFAD1D6F855
:1013C0003C3C012B61D0D6F8643F012B09D10023AE
:1013D000374AC2F888329C3A0133C82B42F8041FBE
:1013E000FAD1039B4FF000081D4605937B1C0A931E
:1013F00095F90D307A1C934268D196F80836287B0F
:10140000002B4CD000284DD003F0FEFA4FF07E5157
:1014100003F0F2FA4FF07C5103F016FB4FF08541D8
:1014200003F012FB814695F90E0003F019FB01460B
:101430004FF08040FDF7F8FC0146484603F004FBFE
:10144000049BD3F8041603F0EFFA0346AA68D5F814
:101450000490114648461492159303F0E5FA159B43
:10146000194603F0F1FA01461248FCF727FE002363
:1014700095F90E001049149A11F901CF84451FD136
:1014800011460E48FCF71AFE1DE000230B4AC6F871
:10149000603F0133C82B42F8041FFAD193E703F0F1
:1014A000B3FABBE70023D1E7785D00204C2300208E
:1014B000786D0020DC6C002067630020B469002098
:1014C0000133082BD8D158AB43F828900C9B08F176
:1014D0000108434505F1100588DCB449B448FDF71F
:1014E0008BF8DDF8BC34B14943F82700B6F87836FC
:1014F000B048012B40F24181FDF77EF8079B05467D
:10150000186802F07BFD002840F03581089AAA4B4C
:10151000284653F82290494603F096FA49468046F9
:101520004FF07E5003F03CFA079B196803F08CFAE9
:101530000146404603F060FA8046DDF8B834404684
:10154000069943F8278003F073FA08B9DDF818808C
:10155000079BCDF818801D602BAB53F82750284609
:1015600003F052FA0746C4F89C06002D00F01781DC
:101570004CA8FCF7B5FF05464CA8FCF78AFF0146CE
:10158000284603F051FAD4F83C39C4F8A006439336
:10159000D4F8EC3743A844934597FCF7A1FF0546E0
:1015A00043A8FCF776FF0146284603F03DFA83493D
:1015B000C4F8A40658A8FDF71FF87C49C4F8A8068B
:1015C00058A8FDF719F87E49C4F8AC0658A8FDF7ED
:1015D00013F8C4F8B00658A8FCF709FFC4F8B4061D
:1015E00058A8FCF72DFF7549C4F8B8067148FDF7F7
:1015F00003F86E49C4F8BC066E48FCF7FDFF70495D
:10160000C4F8C0066B48FCF7F7FFC4F8C406694885
:10161000FCF7EDFEC4F8C8066648FCF711FF694BFD
:10162000C4F8CC0619680023099A013342F8041B58
:10163000C82B0992F8D1644AD2F83C3C012B00F047
:10164000A380614AD2F8643F012B0BD1002302F53D
:101650008050C0F8883202F664720133C82B42F819
:10166000041FFAD14FF00009584D58AF05F54A78DC
:10167000059B0A9A93F90D30934217D1059B187B6D
:1016800003F0C2F9059B47F8290093F90F0003F016
:10169000E7F901462846FCF711FD059B93F90E007A
:1016A00003F0DEF901464046FCF708FD059B09F111
:1016B0000109103305930C9B4B45D9DC3F4958A8D1
:1016C000FCF79AFF3949C4F8D00658A8FCF794FFF4
:1016D0003B49C4F8D40658A8FCF78EFFC4F8D806D6
:1016E00058A8FCF784FEC4F8DC0658A8FCF7A8FE4E
:1016F0003249C4F8E0062F48FCF77EFF2B49C4F8B6
:10170000E4062C48FCF778FF2D49C4F8E806294880
:10171000FCF772FFC4F8EC062648FCF768FEC4F834
:10172000F0062448FCF78CFE2449C4F8F40620484F
:10173000FCF762FF1D49C4F8F8061D48FCF75CFF82
:101740001F49C4F8FC061A48FCF756FFC4F8000706
:101750001748FCF74CFEC4F804071548FCF770FE68
:10176000C4F80807079B7034043307930A9B032BC4
:101770002ED01F4618E6A846DFE6FCF73DFFDDF851
:10178000B83443F82700E7E6002302F63C42C2F8EB
:1017900024330133C82B42F8041FFAD151E76C22DD
:1017A000294604F5D46003F023F9DBE70000484242
:1017B000E06C0020B8690020005D01100000C84105
:1017C000000096424C230020785D0020B469002080
:1017D000854B4CA8B3F87826844F012A81BF069A1E
:1017E000C3F87C26C3F88026C3F88426FCF778FE6D
:1017F00004464CA8FCF74DFE0146204603F014F9C0
:10180000DDF8C0340590043B0693DDF8C03458ACD5
:10181000083308932546BC460026BCE80F000FC5D8
:10182000DCF80030A0462B603546079458F8049B3E
:10183000484602F0E3FB00287AD001360135052D39
:10184000F4D1052E78D16A4B1868069B143743F8FB
:10185000040F0693069A089B9342DBD100264FF0B3
:1018600000084CAF049BD3F81446204602F0C6FB98
:10187000002800F0AC8000254446049BD3F818965D
:10188000484602F0BBFB28B92046494603F0B4F8AD
:1018900004460135049BD3F81C96484602F0AEFB83
:1018A00028B92046494603F0A7F804460135049BB1
:1018B000D3F82096484602F0A1FB28B920464946B5
:1018C00003F09AF804460135049BD3F82496484661
:1018D00002F094FB28B92046494603F08DF80446EF
:1018E0000135284603F0BCF80146204603F09CF879
:1018F000049B01361433032E47F8040B0493B1D133
:10190000DDF8C0344C99186803F08EF8DDF8C03467
:101910004D991860586803F087F8DDF8C0344E9987
:101920005860986803F080F8DDF8C0349860FAE4F5
:10193000AB1B44F8239081E7042E2568C6F1050807
:101940002FD1284602F03AFB00287FF47CAF2846CE
:1019500002F054FB00287FF476AF002075E753F8BF
:10196000041F2846099303F047F80546099B09F12F
:101970000109C845F3DA404603F072F801462846EB
:1019800003F052F800254FF000090990C8450CDC1F
:10199000C6F1040003F064F80146284603F044F859
:1019A00053E723464FF00209E3E7079B099953F8F1
:1019B000040B09F10109079302F0F2FF014603F05D
:1019C00043F80146284603F017F80546DEE70125EF
:1019D00053E73FF4B5AC059803F02AF8002800F06F
:1019E000F480D4F89006B4E4785D00208C63002085
:1019F0004C2300204FF09F41204603F02DF8003883
:101A000018BF0120404220EAE07201219C4802F008
:101A1000EFFF0124FEF7DCFF9A4DDDF8B8341E68B5
:101A2000D5F8EC35002800F00781D5F800161846E7
:101A300002F0FAFF3146054602F0EAFF003818BF0F
:101A40000120DDF8B8348AF800005968284602F011
:101A5000DFFF003818BF0120DDF8B8348AF8010034
:101A60009968284602F0D4FF061E18BF01269AF88E
:101A700000308AF80260002B40F0FB80814BD3F8E5
:101A8000F815DDF8BC34186802F0D2FF051E18BF47
:101A900001259AF80130EDB28AF80050002B40F091
:101AA000EA80784BD3F8F815DDF8BC34586802F0BA
:101AB000BFFF003818BF01208AF80100002E40F057
:101AC000DC80704BD3F8F815DDF8BC34986802F070
:101AD000AFFF003818BF01208AF802005046FCF71B
:101AE0000BFB002840F0D280674B13F8012F002A2F
:101AF00000F01181634BD3F89006F2F759F94FF0DB
:101B00009F41054602F084FF002840F009814FF014
:101B10009F41284602F0A0FF003818BF0120404234
:101B200006E1FEF755FF002800F08180D1F890060D
:101B3000F2F73EF94FF09F41054602F069FFF8B118
:101B40000021284602F088FF10B1284602F074FFF9
:101B50004C4B4FF09E410344284693F8954A02F0BF
:101B600057FFB8B14FF04F41284602F075FF48B318
:101B7000284602F031FF434B002293F8961A17E0F3
:101B80004FF09F41284602F067FF003818BF012040
:101B90004042DDE74FF09E41284602F05DFF0028FD
:101BA00014BF6FF000400020E5E7012201380E91DC
:101BB0000128FADC12B10E9A83F8972A002283F8E2
:101BC000962A27E74FF00040D5E7FEF701FF70B3F4
:101BD000D4F89006F2F7ECF84FF09E41044602F07C
:101BE00017FF68B14FF04F41204602F035FF00B3B8
:101BF000204602F0F1FE234B002293F8961A0DE0E6
:101C00004FF09E41204602F027FF002814BF6FF0DE
:101C100000400020EFE7012201380F910128FADC93
:101C200012B10F9A83F8972A002283F8962A00248B
:101C3000F0E64FF00040DEE71946304602F0F8FECD
:101C4000003818BF0120DDF8B8348AF80000D5F854
:101C5000EC15586802F0ECFE003818BF0120DDF8E2
:101C6000B8348AF80100D5F8EC15986802F0E0FE67
:101C7000FAE601250DE701201EE701202CE700BF51
:101C80000E680020785D002007680020B34FD7F869
:101C90009006F2F78DF84FF09F41064602F0B8FE2D
:101CA00008B30021304602F0D7FEE0B1304602F022
:101CB000C3FE002817DD87F8905A9AF801300128F2
:101CC00087F8923A9AF8023087F8943A0BD09AF84B
:101CD000003087F8913A9AF8013087F8933A9AF8E9
:101CE000023087F8953A9D4EB6F87836022B40F2CE
:101CF000C182029B002B6DD15046CDF864B1FCF738
:101D0000FBF90546002840F0EA80002C40F0EF8007
:101D1000002635469BE0013006287FF4E6AEE2E778
:101D20000021284602F098FE10B1284602F084FEF9
:101D30008A4B184490F88F2A8AF8002090F8912A4C
:101D40008AF8012090F8932A8AF80220D3F89006A6
:101D5000F2F72EF84FF09E41054602F059FE88B189
:101D60004FF04F41284602F077FE80B3284602F03C
:101D700033FE7A4B002293F8901A93F8925A93F814
:101D8000943A0FE04FF09E41284602F065FE00288D
:101D900014BF6FF000400020EBE70122CDE91035C1
:101DA00001380D910128F8DC6C4B42B10D9A83F893
:101DB000912A119A83F8932A109A83F8952A00227F
:101DC00083F8902A83F8922A83F8942A8BE74FF0BD
:101DD0000040CEE758A906F29C6002F01AF9599F1C
:101DE0003846F1F7E5FF4FF09E41804602F010FEC5
:101DF000D0B15046FCF780F94FF04F4105464046C0
:101E000002F02AFEA0B1404602F0E6FD002D45D0CA
:101E100001287CD14FF00133C6F88C3A002C00F039
:101E2000FD8196F8983647E05046FCF765F905467F
:101E3000002D6CD1002C40F0828026464FF07D5161
:101E4000384602F0F5FD0546002840F0DE8100230B
:101E5000434A12F8011F002900F084803F4B93F899
:101E60008F2A029293F88E2A83F88F2A93F88D2A6C
:101E700083F88E2A93F88C2A83F88D2A002283F81F
:101E80008C2A002D40F0CC81002E72D093F8983629
:101E9000002B3AD1029B002B68D010E01CB9421EE7
:101EA00056425641CAE7012849D14FF00133C6F8DE
:101EB0008C3A2A4B93F898362BBB01230293274B7D
:101EC000D3F88C0602F09AF8F8B90022234B0126C9
:101ED000C3F88C2AC3F8902AC3F8942A49E04FF03B
:101EE0007A51002002F0A4FDC8B9029EAFE74FF07E
:101EF0007A51002002F09CFD00283FF409AF4FF01A
:101F00000133C6F88C3A01230293002631E04FF0EA
:101F10007A51384602F08CFD0646002897D04FF0E3
:101F200001320E4BC3F88C2A002CECD126460B4B09
:101F300093F89836002BE6D1012302937CE14FF011
:101F40007A51599802F074FD00283FF4E1AE4FF049
:101F50000132024BC3F88C2AD5E700BF785D002020
:101F6000036800200133042B7FF473AF00231E4667
:101F70000293029B029A8AF800308AF801308AF8AC
:101F80000230B64B83F89826B44CD4F83C3C012B75
:101F900000F07D81D4F8643F012B0BD10023B049C0
:101FA000B04A0968C2F888329C3A0133C82B42F81B
:101FB000041FFAD1DDF8B434059A1A60002E40F0FF
:101FC00073815046FCF798F8029B1843C0B2002872
:101FD00000F095814FF07E51D4F8680402F00CFDBA
:101FE0004FF07E51C4F86804D4F8CC0402F004FD2C
:101FF0004FF07E51C4F8CC04D4F8300502F0FCFC5C
:102000004FF07E51C4F83005D4F8540402F0F4FCCB
:102010004FF00109C4F8540434AB00932BAA2EA945
:10202000039831ABFDF702FA8C4A43A9C2F89C0130
:102030000C46002002F2B45212F8013F0130B3FA0C
:1020400083F321284FEA531304F8013BF4D1002213
:1020500011F8013B002B01F0A5830132212AF7D1B1
:10206000349802F0D1FC28900546359802F0CCFC5B
:1020700029900446369802F0C7FC784E074696F839
:10208000B1302A9053B3D6F8B03AD6F8B81A012B2B
:1020900018BF01231E901CBFC6F8B03A86F8B43AA8
:1020A00013981C951D9402F07BFCD6F8BC1A02F024
:1020B000CBFC01464FF07E5002F072FC8046014698
:1020C000284602F0C1FC41462890204602F0BCFCA4
:1020D00041462990384602F0B7FC2A90B9F1000F2A
:1020E00000F0328396F8AE30002B00F02D83D6F846
:1020F00068444FF07E51204602F09AFC002836D00A
:102100002046594902F084FC002830D0B6F87826E1
:10211000564BD6F8D0AA134413F9010C02F0A0FCD8
:1021200001460490504602F01BFC0021059002F08D
:102130007FFC002840F01A820599504602F030FCDE
:10214000464CD4F83C82C4F8D00A4146049802F0C8
:1021500007FC0021064602F06BFC002840F09B8241
:102160003146404602F01CFC3C4BC3F83C02404860
:102170001CA9FCF7A3F83A4B1D991C681C981794EE
:10218000259422941F942694239420942794249495
:102190002194189402F030FC1E9902F02DFC0021CD
:1021A000069002F0F5FBDFF8B480002841F0F382DE
:1021B000D8F83C3C012B00F0CE82D8F8A031012B9E
:1021C00040F0D382D8F83C72D8F8B0613846314636
:1021D00002F042FC002840F0E5824FF07E51384684
:1021E00002F00AFC0146304602F0BAFBDDE931326A
:1021F0009B18339DC8F83C020593C0F02D834FF027
:10220000FF33013D0593C8232EE34FF00132134BFA
:10221000C3F88C2A002E7FF44CAE74E6064686E6A0
:10222000002C7FF431AE93F89836002B7FF46DAE1E
:10223000029B002B3FF49AAE084CD4F88C0601F0B8
:10224000DDFE00283FF441AE002E3FF492AE94F83C
:102250009836002B3FF433AE57E600BF785D002080
:102260004C230020786D002000004040365D0110B6
:102270004C6800205046FBF73FFF2043C0B20038B7
:1022800018BF0120029486F8980600267CE60023F9
:10229000AE4AC4F8603F116804F63C420133C82BD3
:1022A00042F8041FFAD175E600258AF800508AF832
:1022B00001508AF802504FF07E51D4F8680402F0C1
:1022C0009BFB4FF07E51C4F86804D4F8CC0402F0B4
:1022D00093FB4FF07E51C4F8CC04D4F8300502F0E3
:1022E0008BFB4FF07E51C4F83005D4F8540402F053
:1022F00083FBC4F854045046FBF7FEFEC0B9129BA2
:102300008BB19348FBF7AAFF9248FBF7A7FF9248CF
:10231000FBF7A4FF9149D4F8540402F089FB48B9B3
:102320008F4BC3F854B44FF00009CDF8089073E612
:1023300002954FE601234FF4A87200218948C4F8A2
:10234000F43302F055FB814B874A19680023C4F827
:10235000F8B3C4F8FCB3C4F800B4C4F804B4C4F8C7
:1023600008B4C4F820B401330C2B42F8041FFAD18E
:10237000D6E7039B4FEA081103EB081090F90FE032
:10238000BEF17F0F0EF1010C08BF4FF07F0CDFF89C
:10239000D0E1F4449CF8B435002B35D090F90DA071
:1023A0000AF1FF3A0EEB0A0C9CF8D63563B304F140
:1023B000FF3C039BACEB080C4FEA0C1C1031944221
:1023C0002CBF62460022194402F05AFB5F4A039B6D
:1023D000116804F18052013A100103EB0212195006
:1023E000516091604FF063310498D1604FF07E519D
:1023F00002F002FB2EA951F82A200490531C18BFAA
:10240000013241F82A204246904608F10102104666
:10241000059202F025FB049902F0EEFA824620466E
:1024200002F0F2FA0146504602F0CAFA059A002874
:102430009FD12E982F9B301A309C38BF0020FB1A5A
:102440002CBF98464FF000082C1B38BF0024319059
:10245000CDF8C880339402F0D7FA8246304602F0B5
:10246000D3FA0146504602F0DFFA0646349802F0ED
:10247000CBFA0146304602F0E7FAF1F799FC4FF04B
:102480009F41064602F0C4FA48B94FF09F413046DA
:1024900002F0E2FA003818BF0120404202E0304664
:1024A00002F0CAFA3490404602F0AEFA06463846C8
:1024B00002F0AAFA0146304602F0B6FA064635980E
:1024C00002F0A2FA0146304602F0BEFAF1F770FCC3
:1024D0004FF09F41064602F09BFA18B3304602F0D7
:1024E000ABFA3590204602F08FFA0446284602F0F7
:1024F0008BFA0146204602F097FA0446369802F01D
:1025000083FA0146204602F09FFAF1F751FC4FF0A2
:102510009F41044602F07CFA70B1204602F08CFA2A
:1025200036909DE54FF09F41304602F095FA003815
:1025300018BF01204042D4E74FF09F41204602F0EF
:102540008BFA003818BF01204042E9E74C230020F5
:10255000D061002034620020986200200000FA431D
:10256000785D00201C600020986100204FF07E51B3
:10257000059802F015FAF1F71BFC05465046F1F7F5
:1025800017FC044602F058FA8046284602F024FA66
:102590006FF001034FF0FF354FF09F474FF00009F8
:1025A0000028A8BF1B1AB64E06933946204602F0F3
:1025B0002FFA002857D04946204602F04DFA00284D
:1025C00014BF404600206B1C0344984238BF0023D0
:1025D000013B03EB430306EB830239462046C2F876
:1025E000D4BAC2F8D8BAC2F8DCBA02F011FA00289C
:1025F00041D04946204602F02FFA002814BF404639
:1026000000206B1C0344984238BF0023013B03EBBE
:10261000430306EB830239462046C2F84CBBC2F89E
:1026200050BBC2F854BB02F0F3F960B349462046F0
:1026300002F012FA002814BF404600206B1C03442D
:10264000984238BF0023013B03EB430306EB8302B0
:10265000069B013DAB42C2F8C4BBC2F8C8BBC2F87E
:10266000CCBBA2D168E53946204602F0F5F9002836
:10267000A9D02B46ACE73946204602F0EDF90028F8
:10268000BFD02B46C2E73946204602F0E5F90028C4
:10269000D4D02B46D7E77B4B4FF07E513046D3F852
:1026A00000A002F07DF9F1F783FB02F095F920EA32
:1026B000E0794046F1F77CFB054602F0BDF94FF0AA
:1026C0009F410490284602F0A3F9074678B1002103
:1026D000284602F0C1F988BB0746044610E04FF0D7
:1026E0009F41284602F0B8F948B9002408E04FF0AD
:1026F0009F41284602F0B0F90028EDD03C46E44363
:102700005F4B013C04EB4404013703EB8402B94501
:10271000C2F8C4A1C2F8C8A1C2F8CCA1FFF620AD8E
:102720004FF09F4128463C4602F072F90028D6D06F
:102730000021284602F090F910B9D6E700273C4660
:10274000049B1C1BDCD2D0E703981CAB31AA28A940
:10275000FDF75EF80FE5C8F8600F08F63C4301305E
:10276000C82843F8044FFAD127E501254FF07251EC
:10277000D8F8A801C8F8A05102F066F90023424A2F
:10278000C8F8B40188F8A451C8F83CB2C8F8B841F8
:10279000C8F8BC41C8F8C04101331E2B42F8044FB1
:1027A000FAD10FE54FF07E51304602F0F9F8F1F71B
:1027B000FFFA4FF09F41054602F02AF950B300217D
:1027C000284602F049F910B1284602F035F90022F6
:1027D0002B4B904203F10C0326DC3046F1F7E8FA6C
:1027E0004FF09F41054602F013F958B300212846E7
:1027F00002F032F910B1284602F01EF9013800EB60
:10280000400008EB8003C3F8C441C3F8C841C3F8D3
:10281000CC41E2E44FF09F41284602F01DF9003818
:1028200018BF01204042D2E7D3F8C811D3F8CCC179
:10283000D3F8C4510132C3F8B851C3F8BC11C3F87E
:10284000C0C1C6E74FF09F41284602F005F90038A5
:1028500018BF01204042D1E7059B5D19BFF4D3ACFE
:10286000C82D2B4628BFC8230026039A044F02EB2D
:10287000031304920793DDF80CA0014C3DE000BF68
:10288000785D00204C230020385F00209AF90D204D
:10289000731C93422FD19AF90E0002F0E1F800F177
:1028A00000414FF08040D4F8B481FCF7BDFA0146F6
:1028B000404602F0C9F8D4F83C3C8146012B5BD17C
:1028C000D4F8608FB8F1FF3F65D1D4F8AC11C4F8EB
:1028D000608F484602F0A8F808909AF90F0002F0BD
:1028E000BFF8494602F0B0F8089902F041F804EB4D
:1028F0008808C8F83C0C0AF1100A079B5345C5D15B
:10290000DFF8C890D9F8604F002C00F00582D9F8A4
:102910003C02F1F74DFA4FF09F41804602F078F803
:1029200000283BD00021404602F096F810B1404606
:1029300002F082F8013800EB400084192449254850
:10294000FBF75AFE214B03EB8404C4F8C401D3F80F
:102950003C4C012C2CD04FF09F41404602F058F8DF
:1029600000283DD14FF09F41404602F075F80038F5
:1029700018BF012040423BE00123C4F83C3C002347
:10298000154AC4F8603F1168144A0133C82B42F855
:10299000041FFAD194E708F1010896E74FF09F4130
:1029A000404602F059F8003818BF01204042C1E704
:1029B00000220949C3F8602F096803F63C4301323D
:1029C000C82A43F8041FFAD1C5E700BF785D00208C
:1029D00000004842B86900204C230020B469002060
:1029E0000021404602F038F810B1404602F024F8C9
:1029F0000022BC4696461146B94BDFF8E882D3F870
:102A00000090D8F8603F884200F34D81B5490AB183
:102A1000C1F8603FBEF1000F01D0C1F83C4CB24993
:102A2000B248FBF7E9FD8046C7F8B801AD4A25ABCF
:102A300043F82680D2F83C3C012B00F09F81013600
:102A4000032E07F104077FF416AF18AB009322AAF8
:102A50001FAB17A925A8FDF73DF8A24E179B04460A
:102A60000393D6F87C32012B43D00123C6F87C3285
:102A7000C6F8F4339E4B9F4AC6F810349E4BC6F8F6
:102A80000C24C6F89C324FF07C53C6F814349B4B90
:102A9000C6F8A032FDF77EFE4FF4A872002106F5BD
:102AA000297001F0A5FF0022954BC6F8F8B3C6F8CF
:102AB0001834944BC6F8FCB3C6F81C34884BC6F8DF
:102AC00000B41968C6F804B4C6F808B4C6F820B44F
:102AD00006F5846301320C2A43F8041FFAD101235E
:102AE0008048C0F854B480F8803200F51E70FDF7BD
:102AF0007FFE7C4E0021D6F8540401F099FF002897
:102B000000F0498100254FF4A8727F4958A801F0D0
:102B100097FF589B58AE184656F8041F01F06CFFFB
:102B20000135532D0346F6D1784901F095FF002871
:102B300000F0218600254FF4A872734958A801F0CF
:102B40007FFF589E58AF304657F8041F01F054FFDE
:102B50000135532D0646F6D11425DFF8B4A14FF404
:102B6000A872694958A80DF1F00801F069FF4246C2
:102B7000002358AF4FF00109386857F8291009F1C0
:102B80000109CDE9042301F037FFDDE90423B9F1A0
:102B90000C0FF2D10C33542B42F8040B07F1300721
:102BA000E8D1002708F11C002A460021401B01F053
:102BB0001FFF3C9B184658F8041F01F01DFF01370A
:102BC000062F0346F6D1314601F02EFF043D4AF8A8
:102BD000040FC4D1434E0DF1DC0E06F57E7CBCE83B
:102BE0000F00AEE80F00DCF800303899CEF8003066
:102BF000379801F001FF399901F0FEFE3A9901F092
:102C0000FBFE3B9901F0F8FED6F8FC83D6F8F813EA
:102C10000490404601F0C4FED6F800A44146059059
:102C2000504601F0BDFE0146059801F0E5FED6F8DC
:102C3000049480465146484601F0B2FE01464046A3
:102C400001F0DAFE49468046D6F8080401F0A8FEF5
:102C50000146404601F0D0FE0DF598784FF07A51CC
:102C600001F0F2FEC44606F2244682460FCEACE8DE
:102C70000F000FCEACE80F0096E80F008CE80F00B5
:102C80001BAE35600C2D32681A9540F03A81042A4B
:102C900000F39E84032A00F2F083DFE812F049017A
:102CA00097039A03C303012C0BD00023194A013365
:102CB000C82B42F8049FFAD14FF0010E00230133D4
:102CC00001E05C1CFBD1DCF8C44108EB8302C2F8D4
:102CD0003C4C0122013114460CF10C0C93E600BF70
:102CE0004C230020785D002000004842B869002095
:102CF000CDCCCC3D8096984A000048430080BB452F
:102D00001F85EB3E295CAF3F1C600020000096430E
:102D10006C610020B4690020D7F8B80101F06EF9A9
:102D2000F0B9D7F8B881D9F83C02F1F741F84FF083
:102D30009F41814601F06CFEB0B10021484601F090
:102D40008BFE18B1484601F077FE0446013C754BF6
:102D500004EB4404344403EB8403C3F8C48165E604
:102D6000714BD3F80080DEE74FF09F41484601F0F9
:102D700073FE041E18BF01246442E7E700236A497A
:102D8000C2F8603F096802F63C420133C82B42F8A2
:102D9000041FFAD153E6D6F81014039801F05CFE34
:102DA00000283FF4AFAED6F81414039801F008FEE3
:102DB00000283FF4A7AE4FF00608D6F8F47306EBF0
:102DC0008703D3F8A03206EB87061846D6F8D01250
:102DD00001F012FEB8F10108034606F13006F4D105
:102DE000524901F039FE4F4BA8B17A1C63D1012240
:102DF000C3F8F4230721D3F8F42303EB820001394D
:102E0000C0F8A0B200F13000F9D1474903EB8202CB
:102E10000968C2F82014059A4FF00008AA4288BF3A
:102E20004FF0FF35C82D28BFC8254FF07E59D3F885
:102E3000F42303EB8203039AC3F8202445457FF76C
:102E400061AE049BDFF8DCA09968586801F0ECFDE6
:102E500001F0AEFD049B064693F90E0001F000FE62
:102E600001464FF08040FBF7DFFF4FF0854101F056
:102E7000EBFDDAF80C1401F0D7FD01F099FD0146E5
:102E8000304601F0D1FDDAF89C12074601F0C0FD92
:102E9000DAF8F463A8B109360AEB8606D6F87C02A4
:102EA000494601F0A9FD049BC6F87C02103308F1E5
:102EB00001080493C2E701370C2FC3F8F47399D9C2
:102EC00095E73846DAF8A01201F0B2FDB8B90AF574
:102ED0002073824653F8041F3846059301F070FDB5
:102EE000059B20B90AF1010ABAF1060FF2D10C23B1
:102EF00003FB0A660B4B093603EB8606CEE7513619
:102F0000CAE758F825900592484601F077F830B99D
:102F1000059A531CAB423360D8BF48F82290013564
:102F2000B0E600BF785D00204C2300200000C841BF
:102F3000B34BD3F80080B34B4046C3F82084F0F77E
:102F400071FFB1490546049801F07EFDAF49064680
:102F5000504601F079FD0146304601F04DFDAC4987
:102F600006464046FBF760FF0146304601F06CFD27
:102F7000A8490646284601F067FD0146304601F0A3
:102F80003BFDA5490646049801F05EFDA349814634
:102F9000504601F059FD0146484601F02DFDA0497B
:102FA00081464046FBF740FF0146484601F04CFD94
:102FB0009C498046284601F047FD0146404601F005
:102FC0001BFD99498046304601F022FD002800F0A3
:102FD00065833046954901F01BFD00B1934E884B47
:102FE00030461D6801F00AF8002833D130468E497A
:102FF00001F01EFD70BB30468C4901F009FD48BB55
:103000008B49304601F028FD002814BF0225012518
:10301000884B05F1FF3913F909A0504601F020FD56
:103020000146304601F0BCFC824B06465857A0EBE7
:103030000A0001F015FD0146304601F0F5FC0021C3
:10304000064601F0A5FCDFF8F0A1002800F002839D
:103050005AF829504046794901F0DAFC002800F07E
:1030600070834046764901F0D3FC08B1DFF8D08187
:1030700002220126DFF8CC91974200F32983771EC4
:1030800019F907A0504601F0EBFC0146404601F05B
:1030900087FC804619F90600DFF8AC91A0EB0A0026
:1030A00001F0DEFC0146404601F0BEFC00218046F6
:1030B00001F06EFC002800F0208359F827603146AB
:1030C0004FF07E5001F0B0FC4E4BC3F81854C3F8DB
:1030D0001C044FF07E534B4ECDF8A4B0D6F874725A
:1030E000CDF8A8B0FB62D6F8D03A7863BB603B68F5
:1030F0000398012B18BF01233D631CBF3B603B714C
:1031000000F07CFF002840F03C835049039801F018
:1031100057FC002800F037834D490398BD6AFBF740
:1031200083FE0146284601F08FFC0546B9680698E3
:1031300001F07AFCF96801F087FC294601F074FC83
:10314000396901F081FC054600F058FF002840F085
:103150001F834049284601F003FC002101F008FCD0
:103160002890C6F88405C6F888B5C6F88CB5254DF4
:10317000DDF8AC34D5F88465D5F874721E60386B10
:10318000314601F061FCDDF8AC3431465860786BB3
:1031900001F05AFCDDF8AC3432469860D5F884155D
:1031A00005F58B60FBF768FBDDF8AC340246596827
:1031B000186005F2BC40FBF75FFBDDF8AC34264E2F
:1031C0001A689968586005F5A460FBF755FBDDF8AF
:1031D000AC342422986005F2546105F5CA6001F010
:1031E0004FFCDDF8AC341D491868C5F8740601F0D1
:1031F0001FFC003818BF01200B9B314630E000BF98
:103200004C230020785D0020D5F885415B11C74232
:10321000418282BE4C97AF42A178CD41F43D354307
:10322000789C22BEAD9AAA420000244200002041B0
:103230000000F041D85C0110CC5C01100000B042ED
:1032400000000C42305D0110185D0110CDCC4C3DEA
:10325000ABAA2A3FFFFF7F7F00401C4600007A4454
:103260001870DDF8AC34186801F0E2FBA0B101235E
:103270000B9A1370DDF8AC34196858681E6001F0C1
:10328000D3FB314601F0E0FBF0F7AEFD314601F033
:1032900067FBDDF8AC345860DDF8AC34A8491F6832
:1032A000384601F0D1FBDDF8AC340646996801F0F0
:1032B000AFFB70B14FF07E51384601F0CDFB40B10D
:1032C0003046F0F791FDDDF8AC340B9A986001239D
:1032D0001370DDF8AC349B49186801F0B5FBF0F7CA
:1032E00083FDDDF8B03498491860DDF8AC34186817
:1032F00001F0AAFBF0F778FDDDF8B034934958608F
:10330000DDF8AC34186801F09FFBF0F76DFDDDF8D7
:10331000B03428A99860259BC5F85041C5F84431C0
:10332000269B8B48C5F84831279BC5F84C31179B25
:10333000C5F85431229BC5F85831239BC5F85C3140
:10334000249BC5F860311F9BC5F86431209BC5F8EC
:103350006831219BC5F86C31189BC5F87031FAF7BC
:10336000ADFF289B28A9C5F88431299B7948C5F869
:1033700088312A9BC5F88C31FAF7A0FF289B28A931
:10338000C5F89031299B7448C5F894312A9BC5F83B
:103390009831FAF793FFD5F8D04A2898214601F0E2
:1033A00043FB2146C5F87401299801F03DFB2146F5
:1033B000C5F878012A9801F037FBC5F87C0102981E
:1033C000C5F880410DF2844DBDE8F08FDDF8308105
:1033D000B1E54C9D0021284601F01AFB4D9EB0F14D
:1033E00000084FF00001304618BF4FF0010801F00F
:1033F0000FFB003818BF01205FFA88F8804509D01C
:103400003146284601F0F8FA4FF07C5101F01CFBE0
:10341000804690E5284600F0D1FD0028F0D12946ED
:103420003046A2E0DDF830814D9E4046314601F045
:10343000EFFA4E9D294678B1304601F0E9FAC0B95D
:103440002946404601F0E4FA003818BF0120400048
:103450004CAB53F820806EE5404601F0D9FA50B9E4
:103460002946304601F0D4FA002814BF022001207A
:10347000EEE70120ECE70020EAE7DDF830814D9E21
:103480004046314601F0C4FA4E9D294600283FD0FF
:10349000304601F0BDFA00284BD12946404601F0E4
:1034A000B7FA002815BF00200220022100210123C5
:1034B0004CAA52F82150CDE9191052F82060002191
:1034C00028461B93059301F0A3FADDF83C91B0F177
:1034D00000084946304618BF4FF0010801F098FA3D
:1034E00000285DD0059B4CAA52F82360484631461F
:1034F00001F08EFA0021002841D0484601F088FAF8
:10350000003818BF0120404528D02946484679E7B1
:10351000404601F07DFA804678B92946304601F0F0
:1035200077FA002815BF012002200221012143461D
:10353000BEE7002001210223BAE701200021FAE7BB
:1035400000002041925C0441A91301413A920441D8
:103550003C690020C46800204C680020284600F028
:103560002DFD0028D1D12946484601F019FA4FF027
:103570007C5101F069FA294601F03EFA48E73046ED
:1035800001F046FA003818BF0120404502D0294614
:10359000304637E7284600F011FD0028F7D13EE716
:1035A0000021304601F034FA003818BF01204045B0
:1035B000EDD1304600F002FD0028E8D13146284622
:1035C00001F0EEF94FF07C5101F03EFA3146D3E7BD
:1035D0004FEA620919AD12F0010F09F101010095DE
:1035E0001AAB4CA833D1FDF753FB1A9B8046994583
:1035F000BFF6A1AC2A681AAB013A494600964CA81E
:10360000FDF746FB00210546404601F001FA002186
:10361000061E284618BF012601F0FAF9003818BF27
:103620000120F6B2864202D029464046EAE64046EC
:1036300000F0C4FC0028F7D14146284601F0B0F95B
:103640004FF07C5101F000FA0146404694E7FDF747
:103650001FFBDDE64FF07E5130465AF8255001F051
:1036600097F900287FF4F6AC5AF829902946484685
:1036700001F08EF950BB31464FF07E5001F090F9C9
:10368000494601F0E1F929468146304601F0DCF96E
:103690000146484601F0B0F90546DBE431464C48A6
:1036A00001F07EF94B4901F0CFF901464A48FBF79A
:1036B000BBFB4FF07E5101F09FF94849FBF7B4FB8B
:1036C00001464FF07E5001F0AFF9E5E7444DC1E40B
:1036D000BB194FEA630A09EB630313F9010C049267
:1036E00001F0BEF9414601F06BF9049A18B1564653
:1036F0000AF10102C0E45746BEE44FF07E51404655
:1037000059F8266001F044F900287FF4D8AC59F844
:1037100027703146384601F03BF950BB41464FF027
:103720007E5001F03DF9394601F08EF931460746E9
:10373000404601F089F90146384601F05DF9064638
:10374000BDE44146274801F02BF9274901F07CF9F7
:1037500001462148FBF768FB4FF07E5101F04CF920
:103760002249FBF761FB01464FF07E5001F05CF906
:10377000E5E73E46A3E41E4BD3F81854D3F81C04E7
:10378000A7E41C4B039338460399FBF7D1FBCCE429
:10379000194B1868E4E4C8F884B5C8F888B5C8F8C7
:1037A0008CB5E4E4319E329F9846F41928BF4FF05F
:1037B000FF342E932F9330930023339D2B962C1997
:1037C00028BF4FF0FF342C972D950493FEF71DBEB4
:1037D000D2157D427B83D73F00002041C0EC1E3DC7
:1037E00065BEDB3B2790DD42B684D43F9487853CA1
:1037F000785D0020CDCCCC3D4C230020F0B51446A4
:1038000000221B4B07461B680D460B604B600B628A
:10381000E26003608B604B612361E361226043607F
:10382000CB608B6163612362626083600B61CB61FB
:10383000A36163620023A3620E4BA2601B78B3B145
:103840000D4E96E8070087E8070006F10C070FCF3A
:103850000FC50FCF0FC53B682B6006F130050FCDAC
:103860000FC40FCD0FC495E8070084E80700F0BD32
:103870004C2300207E700020BC5E002070B5044602
:103880002B4B2C4D03602C4B00F1100243602B4B53
:1038900005F1400683602A4BC3602B4603CBB3423D
:1038A000106051601D4602F10802F6D10025254B3B
:1038B00046222365244B25496365A565E56504F12A
:1038C000600001F0BDF8224B2246C4F8A830214B1D
:1038D000A4F8B850C4F8AC300123A4F8B0304FF0CD
:1038E0007E53C4F8B4301C4B04F594711B68C4F8C3
:1038F000BC30C4F8C030C4F8C43042F8C83F42F805
:10390000043F9142FBD1002284F82C210322C4F809
:103910003031C4F83431114BA4F82E211B782BB16F
:103920004FF49C7220460E4901F08AF870BD00BF2A
:103930008096984A8C5D0110CDCCCC3F00000842A7
:1039400000009841000020410000F041CC5D0110D2
:103950006F12033B00409C454C2300207E700020EA
:10396000845D002010B528240480022008800020F7
:10397000054910800A681A604A685A608A689A6025
:10398000029B186010BD00BF595501102DE9F84F7A
:10399000D64B1D78002D40F0A781D54CD54BD64F86
:1039A0002361D64B04F11C066361D54BDFF85483C9
:1039B000A3610FCF0FC60FCF0FC60FCF0FC6DFF813
:1039C00048936560C4F80C8097E80F0086E80F0004
:1039D000CE4B4622CE4904F16C00E365C4E919558B
:1039E000C4F8609001F02CF8CA4B4FF07E5BC4F82D
:1039F000B430C94B2146C4F8B8300123C74AA4F8F3
:103A0000BC301268C4F8C0B0A4F8C450C4F8C820D0
:103A1000C4F8CC20C4F8D02041F8D42F0135182D9B
:103A200041F8042FFAD1002600210320BC4D84F870
:103A30003811C5F88C12A4F83A01C4F89C11C5F8E5
:103A4000A022C4F83C21C4F84021C4F84421C4F8A1
:103A50004821C4F84C21C4F85021C4F85421C4F8BA
:103A60005821C4F85C21C4F86021C4F86421C4F86A
:103A70006821C4F86C21C4F87021C4F88421C4F80A
:103A80008821C4F88C21C4F89021C4F89421C4F88A
:103A90009821C5F894B2C5F898B2C5F89CB2C4F89C
:103AA0007461C4F87861C4F87C61C4F88061C5F8B9
:103AB000A422C5F8A822C5F8AC22C5F8B022C5F8E2
:103AC000B42205F52372C4F874220122C4F8F42349
:103AD000944ADFF854A2C4F81024944A944FC4F8CE
:103AE0009C224FF07C52C4F81424924AC5F8BCA220
:103AF000C5F8C072C5F8B8B2C4F87C12C4F8A022E8
:103B0000C4F80C84FCF746FE0021A5F65C504FF487
:103B1000A87200F06DFF0021C4F818A4DFF8FCA122
:103B2000C4F81C74DAF80070C4F8F863C4F8FC63D5
:103B3000C4F80064C4F80464C4F80864C4F82064D9
:103B4000A5F53E6501310C2945F8047FFAD1002224
:103B50004FF080457849C4F8546484F87822C4F85A
:103B6000A021C4F8A881C4F8AC51C4F8B0B1C4F81D
:103B70003C62C4F8B871C4F8BC71C4F8C0710132B9
:103B80001E2A41F8047FFAD1002121226B48C4F893
:103B90004012C4F89015C4F8489200F029FF0122A1
:103BA00084F89425664A674902F1240052F804CB50
:103BB000824241F804CBF9D101200022A4F8780612
:103BC00061486249C4F8EC0561484A60C4F8F005F0
:103BD00000F10430C4F8F4055E480A60C4F8FC053E
:103BE0005D48C4F8E425A4F81226C4F8F895C4F892
:103BF0000056C4F8048684F80826C4F894063731C1
:103C000001320F2A41F8047FFAD1002253490132D0
:103C10000A2A41F8047FFAD1C4F8905600254FF4DF
:103C20007C7229464E48C4F87C76C4F88076C4F885
:103C30008476C4F88C7684F8985600F0D9FE40F269
:103C40000112344BA4F8AC2A464A4748C4F8A03ABB
:103C5000C4F8B82A304B454AC4F8A43AC4F8BC2A80
:103C6000C4F88C5AC4F8905AC4F8945AC4F8985AB4
:103C7000C4F8A88AC4F8B05AFCF7E2FF6430FCF735
:103C8000DFFF6430FCF7DCFF29464FF4B47200F22A
:103C9000B450C4F88465C4F88865C4F88C65C4F869
:103CA000C05AC4F8C8BAC4F8D06A00F0A1FEDAF865
:103CB00000102F4BC4F83C5CC4F8605F0135C82D80
:103CC00043F8041FFAD10023154AC4F8643FC2F830
:103CD00088329C3A0133C82B42F8041FFAD10023E2
:103CE00023700123014A1370BDE8F88F7E70002015
:103CF000785D0020CDCCCC3F8C5D011000000842E7
:103D0000000098418096984A0000F0410000204150
:103D1000CC5D01106F12033B00409C454C230020FA
:103D2000786D0020CDCCCC3D1F85EB3E0000484394
:103D3000295CAF3F0080BB45385F00200C6300204A
:103D4000125E01102D63002017B7D1395163002096
:103D5000000102030000C04000004040C463002096
:103D60001464002000006042D06100201EA7E83BE0
:103D7000B46900200122074B1A7083F8782283F877
:103D8000202583F8BC2483F858240022024B1A70A3
:103D9000FFF7FCBD785D00207E700020064B1B788D
:103DA0004BB1064B5A68012A05D102225A601B7A90
:103DB0000BB1FCF767BD70477E700020785D002076
:103DC000044B1B782BB1044B5B68012B01D1FCF732
:103DD0005DBE70477E700020785D002038B50B4BCB
:103DE00001461B7883B10A4C6368012B0CD0094D46
:103DF0004FF49C7204F10C0000F022FE2946E06DA5
:103E000000F016FE00B1E56538BD00BF7E700020F1
:103E1000785D00200000204138B5064B1B783BB18F
:103E200000230125044C23726560FCF759FA2572C2
:103E300038BD00BF7E700020785D00202DE9F04382
:103E40001C460023904600222362A36063616362E4
:103E50002363E363E360A361A36263632364236179
:103E6000E361E362A3636364354B06461B780F4648
:103E700089B022602271002B5FD0324D6B68012B1C
:103E80000AD04FF001092A72C5F80490FCF728FA0D
:103E900085F80890FCF7FAFD04F13C03069304F161
:103EA0003003059304F12403049304F120030393E6
:103EB00004F11403029304F108030193A31C00937B
:103EC000424639463046631CFDF704F82070A0686E
:103ED00000F094F820B9A0681B4900F041FDA060F3
:103EE000606900F08BF820B96069174900F038FD6F
:103EF0006061E06800F082F820B9E068124900F0E3
:103F00002FFDE060A06900F079F820B9A0690E49A2
:103F100000F026FDA061206900F070F820B920694A
:103F2000094900F01DFD2061E06900F067F820B943
:103F3000E069054900F014FDE06109B0BDE8F083D7
:103F40007E700020785D0020FFFF7F7F10B5164C4B
:103F5000237853B9012323706368012B05D1022311
:103F60006360237A0BB1FCF78DFC1048FBF7C8F8AF
:103F70000F48FBF7C5F80F48FBF7C2F894F8783202
:103F80008BB9012384F87832D4F87C32012B0AD122
:103F90000223C4F87C3294F8803223B1BDE810408B
:103FA0000548FCF725BC10BD785D0020D0610020DD
:103FB0003462002098620020F05F0020D0B500F04D
:103FC0002FFD21F000474FF0FF3239460A4B0646DD
:103FD0004FF00104EFF7CEF940B94FF0FF32304611
:103FE0003946054BEFF7FEF900B9044684F00100AD
:103FF00000F00100D0BD00BFFFFFEF7F08B500F06B
:104000000FFD02460B46EFF7B5F9003818BF012047
:1040100008BD00F00FB8002907DA4B42B0FBF3F1FE
:1040200003FB110020B948427047B0FBF1F0704724
:104030000131F8E72DE9F04FADF2C45D74AE3746BB
:10404000DFF8E882DFF8E8920991051F00F57B743C
:1040500059F804AB58F8041B55F8040F00F0A0FC05
:10406000514600F0E1FCA54247F8040BF0D10024D2
:1040700002210120CDE90E44FFF7CDFF431C04933C
:10408000AC4B01937C2C8CBF7C23802300254FF00C
:104090000109DDF804A005930DF13808049B4B4598
:1040A00049DA019B06F5007603F500730193002CB5
:1040B0003FD000214FF4C87210A800F099FC642191
:1040C0006320FFF7A8FF431C069310AB01939A4BA4
:1040D0000E9E0493019B0F9D03936423029301237F
:1040E0000593DDE905239342C0F22881DDE903341D
:1040F0000022029906390A910A991C33914204F16F
:104100000E0463DC039B03EB8204049B03EB420875
:10411000029B934240DC059B01330593029B643B69
:104120000293039B03F5C8730393049BC833049362
:10413000D7E78024A6E7D34642460023C5F1020113
:10414000069106998B421FDA0027116803960291A7
:10415000CDE90732039B3BF9271053F8040B090400
:10416000039300F071FC0146029800F045FC059BAA
:104170000137BB420290DDE90732E9D142F8040B76
:1041800001330BF1020BDCE709F1010908F1080822
:104190000AF1040A023581E738F9021B276809048D
:1041A0003046079200F050FC394600F025FC0746E7
:1041B000B8F9C6102846090400F046FC394600F05C
:1041C0001BFC079A44F8040B0132A1E70D9253F847
:1041D000082C34F90E1C53F81CBC079253F8042C1D
:1041E0000904304653F818AC53F8149C53F8108C5B
:1041F00053F80C7C0C93089200F026FC594600F012
:10420000FBFB34F90C1C0B900904304600F01CFC3D
:10421000514600F0F1FB34F90A1C8346090430468C
:1042200000F012FC494600F0E7FB34F9081C824616
:104230000904304600F008FC414600F0DDFB34F98B
:10424000061C81460904304600F0FEFB394600F0AA
:10425000D3FB34F9041C80460904304600F0F4FB1B
:10426000079900F0C9FB34F9021C074609043046DF
:1042700000F0EAFB089900F0BFFBB4F9BC1007900E
:104280000904284600F0E0FB594600F0B5FBB4F9FC
:10429000BE1008900904284600F0D6FB514600F0F5
:1042A000ABFBB4F9C01082460904284600F0CCFBF1
:1042B000494600F0A1FBB4F9C21081460904284622
:1042C00000F0C2FB414600F097FBB4F9C4108046F1
:1042D0000904284600F0B8FB394600F08DFBB4F91C
:1042E000C61007460904284600F0AEFB079900F007
:1042F00083FBB4F9BA1083460904284600F0A4FBF6
:104300000B9900F079FB0C9B089A43F81C0C43F8BE
:10431000182C0D9A43F814AC43F8109C43F80C8CFD
:1043200043F8087C43F804BC0732E5E6B474011096
:10433000C4700110D46C0110446B011000231D46A1
:10434000914CDFF84882924F924E04F5C87903935E
:10435000019B54F804BB53F8040B57F804AB58F80E
:10436000041B019300F048FB594600F06DFB5146D9
:1043700000F042FB8246FFF741FE30B92946504625
:1043800000F056FB002800F0F780D346294650463F
:1043900000F0E6FA804900F057FB594600F02CFB8C
:1043A000019B014643F8040C56F8040B00F04CFB4B
:1043B0000146039800F020FBA1450390C8D10023DB
:1043C0001D46764C764F774EDFF8DCB1DFF8DCA186
:1043D000029356F8043B039954F8049B57F8040BD6
:1043E00001935BF8048B00F02FFB019900F004FBB4
:1043F000494600F029FB414600F0FEFA8046FFF7EF
:10440000FDFD30B92946404600F012FB002800F0BF
:10441000B580C1462946404600F0A2FA5E495AF8E6
:10442000048B00F011FB494600F0E6FA414600F02B
:104430000BFB0146029800F0DFFA5D4B0290A342AD
:10444000C7D100231D465B4CDFF86C815B4F5C4E8F
:10445000DFF870B1019357F8043B029954F804ABAC
:1044600058F8040B039356F8049B00F0EDFA0399F7
:1044700000F0C2FA514600F0E7FA494600F0BCFAF3
:104480008146FFF7BBFD28B92946484600F0D0FA1F
:10449000002875D0CA462946484600F061FA3E49D0
:1044A0005BF8049B00F0D0FA514600F0A5FA4946AB
:1044B00000F0CAFA0146019800F09EFA424B0190C2
:1044C000A342C8D100242646404B414DDFF8048169
:1044D000414FDFF808B1029357F8043B0199039369
:1044E000029B55F804AB53F8049B58F8040B029355
:1044F00000F0AAFA039900F07FFA514600F0A4FAFE
:10450000494600F079FA8146FFF778FD28B931462F
:10451000484600F08DFA002834D0CA463146484655
:1045200000F01EFA1C495BF8049B00F08DFA51461E
:1045300000F062FA494600F087FA0146204600F092
:104540005BFA274B0446AB42C6D1264900F07CFA01
:10455000254900F051FA25490E90204600F074FAE2
:10456000234900F01DFA09990F900EA800F042F8B7
:104570000DF2C45DBDE8F08FAB4607E7A94649E7F9
:10458000AA4688E7B246C9E7B46901102468011059
:1045900094660110046501109A99993E3C640110DB
:1045A00074630110AC620110E46101101C61011020
:1045B00004650110B860011054600110F05F011033
:1045C0008C5F0110285F01101C610110685E0110F2
:1045D000F85E0110C85E0110985E0110385E01108F
:1045E000285F0110D7E22DBF91623E3FD5D9143F1D
:1045F0003D633E3FF8B5066804460D4641683046C7
:1046000000F006FAF8B167683946206800F0C8F98A
:10461000EFF762FE286039460646606800F0C0F990
:10462000EFF75AFE01460446304600F0E5F9014630
:104630000746304600F0F8F939462860204600F079
:10464000F3F96860F8BD3046FFF7D8FC20B1606828
:10465000FFF7D4FC0028D6D02768D5E782B340EA1C
:1046600001039B0730B504468E4617D1032A07D8AD
:1046700014E0043A22D01CF0803F1FD1032A23D932
:1046800023687146DEF800502046A3F1013C043453
:10469000AB420EF1040E2CEA030CEAD003780C783E
:1046A000A3420FD1013A024406E03BB110F8013FAA
:1046B00011F8014FA34205D19042F6D1002030BD40
:1046C00010467047181B30BD20467146E6E700BF14
:1046D00040EA01039B0710B5044601D1032A19D80B
:1046E000A44601F1FF3E07E01EF8011F501E03F82B
:1046F000011B31B102469C466346002AF4D1204694
:1047000010BD0028FBD0944403F8011B6345FBD186
:10471000204610BD0846A446D0F800E0014604300B
:10472000AEF1013323EA0E0313F0803FD9D1043AEE
:104730004CF804EB032AEFD80146D2E7014B186886
:10474000704700BF5023002080EA010C1CF0030FCB
:1047500037D110F0030C20F0030021F0030150F8D2
:10476000042B08BF51F8043B0ED08CF0030C6FF003
:104770007F434FEACC0C23FA0CFC51F8043B42EA8D
:104780000C0243EA0C0300BFA2F1013C9A4201BFB4
:104790002CEA020C1CF0803F50F8042B51F8043B2B
:1047A000F2D04FEA02604FEA1222012828BFB0EB94
:1047B000036F08BF1B0AF4D003F0FF03000EC01AFA
:1047C000704710F0030F0AD010F8012B11F8013BCD
:1047D000012A28BF9A42F4D0A2EB0300704720B40C
:1047E00050F8042B01F0030521F0030151F8043BBC
:1047F000022D27D04ED800BF22F07F45B5EB132FF6
:10480000A2F1013C2CEA020C0DD11CF0803C08BF47
:1048100051F8043B0AD185EA0205B5EB036F0CD1D0
:1048200050F8042BE8E74FEA13235BE03CF07F4CA1
:1048300054D10B784FEA126554E04FEA126503F049
:10484000FF034FE04FEA0245A2F1013C4FEA154554
:104850002CEA020CB5EB134F18D11CF0803C08BFBA
:1048600051F8043B07D185EA0205B5EB034F09D1A6
:1048700050F8042BE6E75FEA0C4C2FD10B884FEA87
:1048800012452FE04FEA03434FEA12454FEA134324
:1048900028E000BF02F0FF05B5EB136FA2F1013C69
:1048A0002CEA020C0DD11CF0803C08BF51F8043BEF
:1048B0000AD185EA0205B5EB032F0AD150F8042B83
:1048C000E8E74FEA13630DE012F0FF0F06D051F84E
:1048D000043B4FEA122523F07F4303E04FF0000032
:1048E00020BC704705F0FF0203F0FF00012828BF3D
:1048F000904204BF2D0A1B0AF4D0A2EB000020BC9A
:10490000704700BF20F0030110F00300C0F1000069
:1049100051F8043B00F1040C4FEACC0C6FF000029C
:104920001CBF22FA0CF213434FF0010C4CEA0C2C82
:104930004CEA0C4CA3EB0C0222EA030212EACC1262
:1049400004BF51F8043B0430F4D0C2F1000102EA84
:104950000102B2FA82F2C2F11F0200EBD2007047EC
:104960005FF800F0611100205FF800F061020020A4
:104970005FF800F0251100205FF800F0310F0020F3
:104980005FF800F0B10E00205FF800F0550A00203B
:104990005FF800F08D1A00205FF800F0C10F0020D2
:1049A0005FF800F0511500205FF800F0F11A0020C8
:1049B0005FF800F0BD1000205FF800F0F90A002059
:1049C0005FF800F0B51A00205FF800F0290200201F
:1049D0005FF800F0F10100205FF800F01D1B0020DF
:1049E0005FF800F03D0E00205FF800F03510002069
:1049F0005FF800F0412000205FF800F0551500201E
:104A00005FF800F0B10A00205FF800F0B516002052
:104A10005FF800F0A11A00205FF800F0A902002062
:104A20005FF800F0991400205FF800F0CD18002026
:104A30005FF800F0DD1A00205FF800F0691B00202D
:104A40005FF800F0C92000205FF800F06517002033
:104A50005FF800F07D0A00205FF800F0C91A00201E
:104A60005FF800F0BD1600205FF800F0A91B0020E1
:104A70005FF800F0110100205FF800F0AD0D00209C
:104A80005FF800F01D1F002079260010F1250010AE
:104A90002126001009270010592600107925001042
:104AA000A126001065250010CD180010A5260010C5
:104AB0009D1C0010C12500108D2600103D26001001
:0C4AC0009D140010C5140010396900108E
:104AD000796573006E6F00002020743D25372E32FB
:104AE0006620732020504D312025362E316620203F
:104AF000504D322E352025362E31662020504D3136
:104B0000302025362E31662075672F6D332020200A
:104B100023504D312025362E31662023504D322E24
:104B2000352025362E31662023504D313020253654
:104B30002E3166202F636D332020206F62737472D4
:104B400075637465643D257320206F75745F6F66AF
:104B50005F72616E67653D25730A00002020202882
:104B60004D49534F20756E64726976656E29000059
:104B70002020286C696E6B2070726F76656E2062E3
:104B80006F746820776179732900000020203C2D24
:104B90002D204D49534D4154434800000A3D3D3DB1
:104BA00020424D563038302070726F626520286286
:104BB000656E636820746F6F6C29203D3D3D000079
:104BC000737069313A204D49534F20475025752065
:104BD00053434B2047502575204D4F534920475094
:104BE00025752C20666C69676874204353204750F4
:104BF00025750A0076656E646F72206C6962726159
:104C000072792025752E25752E25752E25732E2556
:104C10006C64202873746174757320256429202DB9
:104C2000206E6F2073656E736F72206E65656465AC
:104C3000640A0000666C696768742D70617468208E
:104C40006F70656E20617420626F6F74207265747E
:104C500075726E6564207374617475732025642C9D
:104C600020696420222573220A0000002D2D207265
:104C700061772031362D626974205350492C206EA3
:104C80006F2076656E646F72206C696272617279F2
:104C9000202D2D0020204353204750252D327520F4
:104CA000253575206B487A2074782030782530348B
:104CB000583A2025303458202530345820253034B7
:104CC00058202530345825730A0000002D2D20620D
:104CD0006D763038305F6F70656E2070657220635E
:104CE0006869702073656C656374202D2D00000069
:104CF00020203C2D2D20424D563038300000000041
:104D000020204353204750252D327520626D763088
:104D100038305F6F70656E3A20256425730A000095
:104D20002020202073656E736F722069643A202200
:104D30002573222028737461747573202564290AF1
:104D4000000000002020283130373A206E6F2061AB
:104D50006E73776572206F6E207468697320736557
:104D60006C656374290000006E6F20424D56303828
:104D70003020616E737765726564206F6E204750D6
:104D800031322F475031332F475034372E0A436882
:104D900065636B2C20696E2074686973206F726480
:104DA00065722C20746865207468696E677320666C
:104DB00069726D776172652063616E6E6F742066D3
:104DC00069783A0A20202D205053207469656420A8
:104DD0004C4F5720617420706F7765722D7570206D
:104DE000286C617463686564206F6E63653B206640
:104DF0006C6F6174696E67203D20493243290A2037
:104E0000202D205644444C2F564444412F564444B0
:104E1000442028332E3320562920616E64205644C6
:104E200044494F20616C6C2070726573656E740A22
:104E300020202D204D4F53492F4D49534F206E6F49
:104E4000742063726F7373656420287261772072B7
:104E5000656164732061626F766520776F756C643D
:104E6000206563686F207478290A20202D207468DB
:104E700065205A494620666C6578207365617465C3
:104E800064000000696E746567726174696F6E5FBB
:104E900074696D65000000006D6561737572656D04
:104EA000656E745F616C676F726974686D00000095
:104EB000646F5F6F62737472756374696F6E5F6441
:104EC0006574656374696F6E00000000646F5F76DF
:104ED0006962726174696F6E5F66696C746572692C
:104EE0006E67000020202020696E7465677261740F
:104EF000696F6E5F74696D6520252E3166207320A1
:104F000020616C676F726974686D20256420206F62
:104F100062737472756374696F6E5F6465746563E0
:104F200074696F6E202564202076696272617469ED
:104F30006F6E5F66696C746572696E672025640ABE
:104F4000000000002020202073657420616C676FD2
:104F5000726974686D20484947485F50524543491B
:104F600053494F4E3A2025640A000000202020209B
:104F700072656164206261636B3A20256425730A5F
:104F800000000000202073746172745F636F6E74A0
:104F9000696E756F75735F6D6561737572656D654B
:104FA0006E743A2025640A0020203431383A207487
:104FB0006869732053444B20646F6573206E6F746F
:104FC000206D6174636820746869732073656E7303
:104FD0006F722073616D706C650000002D2D20666E
:104FE000697273742072656164696E6720697320E9
:104FF0007E312E39207320617761792C20746865A9
:105000006E207E312F73202D2D000000202073652F
:105010007276655F696E746572727570743A202578
:10502000640A00000A2A2A2A2050414E4943202AB5
:105030002A2A0A004E6F207370696E6C6F636B735F
:105040002061726520617661696C61626C65000047
:105050004E6F2075736572204952517320617265DD
:1050600020617661696C61626C6500004861726400
:105070007761726520616C61726D20256420616CBE
:10508000726561647920636C61696D65640000001C
:1050900048617264206173736572740052656C6557
:1050A00061736500626F6F74325F773235713038CB
:1050B00030000000322E332E30000000636C6F751C
:1050C00064735F636172726965720000626D76304D
:1050D00038305F70726F62650000000053657020A9
:1050E0003238203230323600666E692B0000000004
:1050F000666E69006E616E00666E692D00000000CC
:1051000055534220737464696E202F207374646F4A
:105110007574000052617370626572727920506913
:10512000000000005069636F00000000426F617270
:10513000642043444300000052657365740000001E
:10514000556E68616E646C656420495251203078F8
:1051500025780A0065702025303258207761732049
:10516000616C726561647920617661696C61626C01
:105170006500000043616E277420636F6E74696E72
:1051800075652078666572206F6E20696E61637444
:105190006976652065702025303258004E6F2050AA
:1051A000494F207374617465206D616368696E6531
:1051B000732061726520617661696C61626C650063
:1051C0000000FFFFA5A500000C0D2F00D451011019
:1051D0000FFF0100A020203F42ADC3A0014026A048
:1051E0004000CC004AA08A004AA00D008D00C2A059
:1051F000008000001A0000001100000012000000F2
:105200004000444506005250D3F075429C500110B6
:1052100006005250E182887FA450011006005250CF
:10522000ABB36053B450011006005250BBFF3CB604
:10523000BC50011006005250861C0302CC500110D5
:10524000060052505422A29DDC500110050052501D
:10525000DE65F468309D0110000000000000F03FA2
:105260000000000000002440000000000000594041
:105270000000000000408F40000000000088C34094
:1052800000000000006AF8400000000080842E4109
:1052900000000000D01263410000000084D7974155
:1052A0000000000065CDCD410D0A000006005250FF
:1052B00053B4F4A10051011000000000145101107A
:1052C00024510110647000202C510110385101103C
:1052D00009025400030100807D080B000202020055
:1052E0000009040000010202000405240020010559
:1052F000240100010424020605240600010705819B
:105300000308001009040100020A0000000705025A
:10531000024000000705820240000009040200006C
:10532000FF00010512011002EF0201408A2E090060
:1053300000010102030100000A0000000000030652
:10534000A6000800020002009C0014000300574958
:105350004E55534200000000000000000000800095
:105360000400010028004400650076006900630025
:10537000650049006E0074006500720066006100FF
:1053800063006500470055004900440000004E00DE
:105390007B0062006300370033003900380063008F
:1053A00031002D0037003300630064002D0034000D
:1053B0006300620037002D003900380062003800B9
:1053C0002D003900310033006100380066006300B1
:1053D000610037006200660036007D0000000000BA
:1053E000050F2100011C100500DF60DDD88945C7CD
:1053F0004C9CD2659D9E648A9F00000306A6000116
:105400000000000000000000F56A0010000000002D
:10541000F96A0010056B0010316B00102D6B001045
:1054200000000000000000000D7E0010817E0010D2
:10543000B17E0010017F0010D17F0010A18000100C
:1054400000000000766F6C756D65747269635F6D46
:105450006173735F64656E7369747900646F5F6F05
:1054600062737472756374696F6E5F64657465638B
:1054700074696F6E00646F5F766962726174696FE0
:105480006E5F66696C746572696E6700696E7465DB
:1054900067726174696F6E5F74696D6500646973CA
:1054A000747269627574696F6E5F696400706D32E1
:1054B000355F7363616C696E675F666163746F7299
:1054C00000647574795F6379636C696E675F70659A
:1054D00072696F64006D6561737572656D656E7478
:1054E0005F616C676F726974686D00626174636894
:1054F0005F696400342E302E3000312E302E31366C
:1055000000312E302E313500312E302E00312E302C
:105510002E3100312E302E3200312E302E3300311C
:105520002E302E3400312E302E3500312E302E39D3
:1055300000312E302E31330025732530325825307E
:1055400032582530325800332E302E300062386306
:10555000343838656462663800383238333833336B
:105560006165356100000000B81EA741295CA141BA
:105570009A999B410AD795417B149041EC518A41FD
:10558000D7A384418FC27D410000000000000000CD
:1055900071007200A100A200A300A500A600A70050
:1055A000A800AA00AB00AC00780000000000003F9B
:1055B000000096C200401C46000048C30000A04105
:1055C0000000F0C300002041008089C40000803F3B
:1055D000000000000000803F000000000000A0412B
:1055E00000007AC400401C460000000001010101D7
:1055F000010101010101010101010101010101019B
:10560000010101010101010101010101010101018A
:105610000101010101000000000000000000000085
:105620000000000000000000000100000101010076
:105630000000000000000001010101010101010161
:10564000010101010101010101010101000000004E
:105650000100000000000000000000000000000049
:105660000000000000000101010101010100000033
:10567000000101010101010101010101000000001F
:10568000010101010101010101010101010101000B
:105690000000000001010101010101010101000000
:1056A00000000001010101010101010101000000F0
:1056B00000000101010101010101010101010101DC
:1056C00001010101010101010101010100000001CD
:1056D00001000001010101010101010101010101BC
:1056E00001010101010101010101010101010101AA
:1056F000010101010101010101010101010101019A
:105700000101010101010101010101010101010189
:105710000101010101010101010101010101010179
:10572000010101010101010101010101000001016B
:105730000101000000000000010000000000000066
:105740000000000000000000000000000000000059
:105750000000000101010100010101010000010040
:105760000100000001000000000000000000000037
:105770000000000000000000000000000000010127
:10578000010101010101010101010101000000010C
:105790000001010001010100010100000000000101
:1057A00000000000000000000000000000000000F9
:1057B00000000000000000000101000000000000E7
:1057C00000000000000000000000000000000000D9
:1057D00000000000010001000001000000000000C6
:1057E00000000000010101010100000000000000B4
:1057F00000000000010101000001000100000000A4
:105800000000000001010000000000000000000096
:105810000000000001000000000000000000000087
:105820000000000001000000000000000000000077
:105830000000000000000001010100000000000065
:105840000000000000000000000000000000000058
:105850000000000000000000000000000000000048
:105860000000000000000000000000000000000038
:105870000000000000000000000000000000000028
:105880000000000000000000000000000000000018
:105890000000000000010101010100000000000003
:1058A00001000000000000000000000000000000F7
:1058B00000000000000000000000000101010100E4
:1058C00000000000000001000100000101000000D4
:1058D00000000000000000000000000000000000C8
:1058E00000000000000100000000000000000000B7
:1058F000000000000001000100010101790000002A
:1059000040007000000000000000000000000000E7
:105910000000000000000000000000000000000087
:105920000000000000000000000000000000000077
:105930000000000000000000000000000600000061
:105940000000002000000000E40000000000400013
:10595000008094545F06000000000000000000007A
:105960000000000000000000000000000000000037
:105970000000000000000000000000007900FFFFB0
:10598000000800000000000000000000000000000F
:105990000000000000000000000000000000000007
:1059A00000000000000000000000000000000000F7
:1059B00000000000000000000000000000070000E0
:1059C00000007F02807F00000481000000000000D2
:1059D00000000000000000000000000000000000C7
:1059E00000000000000000000000000000000000B7
:1059F00000000000000000000000000000000000A7
:105A00000000000000000000000000000000000096
:105A10000000000000000000000000000000000086
:105A20000000000000000000000000000000000076
:105A30000000000000000000000000003F003F00E8
:105A40000000000000000000000000000000000056
:105A50000000000000000000000000000000000046
:105A60000000000000000000000000000000000036
:105A70000000000000000000000000000000000026
:105A80000000000000000000000000000000000016
:105A90000000000000000000000000000000000006
:105AA00000000000000000000000000000000000F6
:105AB00000000000000000000000000000000000E6
:105AC00000000000000000000000000000000000D6
:105AD00000000000000000000000000000000000C6
:105AE00000000000000000000000000000000000B6
:105AF00000000000000000000000000000000000A6
:105B00000000000000000000000400000000000091
:105B10000700FF7F00002233445500000100AF055D
:105B2000001F001F001F001F001F001F001F001F7D
:105B30004420442044204420442044204420442045
:105B4000091400000100AF050F0000000000000074
:105B50000000000000000000000000000100000044
:105B600000000200000003080F40000000000000D9
:105B70000000000000000000000000000000000025
:105B80000000000000000000000000000000000015
:105B90000000000000000000000000000000000005
:105BA00000000000000000000000000000000000F5
:105BB00000000000000000000000000000000000E5
:105BC00000000000000000000000000000070E09B7
:105BD0001C1B1215383F363124232A2D70777E790D
:105BE0006C6B6265484F464154535A5DE0E7EEE9FD
:105BF000FCFBF2F5D8DFD6D1C4C3CACD90979E99ED
:105C00008C8B8285A8AFA6A1B4B3BABDC7C0C9CEDC
:105C1000DBDCD5D2FFF8F1F6E3E4EDEAB7B0B9BECC
:105C2000ABACA5A28F88818693949D9A2720292EBC
:105C30003B3C35321F18111603040D0A5750595EAC
:105C40004B4C45426F68616673747D7A898E87809C
:105C500095929B9CB1B6BFB8ADAAA3A4F9FEF7F08C
:105C6000E5E2EBECC1C6CFC8DDDAD3D4696E67607C
:105C700075727B7C51565F584D4A4344191E17106C
:105C800005020B0C21262F283D3A33344E4940475C
:105C900052555C5B7671787F6A6D64633E3930374C
:105CA00022252C2B0601080F1A1D1413AEA9A0A73C
:105CB000B2B5BCBB9691989F8A8D8483DED9D0D72C
:105CC000C2C5CCCBE6E1E8EFFAFDF4F30193AD39C0
:105CD00065BEDB3BE7B00F3D0A1E29010000000155
:105CE000000000FF01000000FF00000001FF0000B5
:105CF000000100000001000100010000000001009F
:105D00000000803F80B7803E0000803F0000803F61
:105D1000030305050202010128BB113C4D8DB93C6E
:105D2000DF012D3D8E4FA13DAE67163EC09B773EF5
:105D300023323C4650580105050500000000004094
:105D40006EA30940000070400000404117B7D139F0
:105D50008AD7B5389C50083917B7D1390000C040F0
:105D60000000A0400000B8409A9949410000F0416D
:105D70000000F0410000F0410000F04100007041DF
:105D800000007041000070410000704117B7D13928
:105D90000000C0400000F041000070418AD7B538D3
:105DA0000000A0400000F041000070419C50083904
:105DB0000000B8400000F0410000704117B7D13931
:105DC0009A9949410000F041000070410100000033
:105DD00000000000000000000000000000000000C3
:105DE00000000000000000000000000000010100B1
:105DF00000000000000000000000000000000000A3
:105E00000000000000000000000000000000000092
:105E10000000010100000000000000000000000080
:105E20000000000000000000000000000000000072
:105E300000000001010100003907033FFA40003F64
:105E4000778B013FB87D063F12C15BBFDD9F063FE8
:105E5000547A59BFAB1350BFF050F73E955A5BBF11
:105E600052574EBFA81D52BF06D4AEC0CEA08F3F22
:105E70002A3D3BBE0BF009C05C4057C034F9DD3F02
:105E800037178EC0F8FE9AC08A1A484061DF48C0B2
:105E9000C6A402C02BCB1FC1961FD53EAFDCE7BD09
:105EA000D0A9043CED598E3EEE97B73E496F99BD9F
:105EB000E2F8D23E9DAFCF3E521553BEC278A13E0E
:105EC0001588413E7B39873F8369CBBC2E4402BD98
:105ED000254CA5BC4D522CBD20D54C3D0A1D2EBCD9
:105EE000F341353D4B04203D9BD4ABBCAC863F3DDC
:105EF000A632363DCD71533D7E365141298A24412B
:105F000004888141CBE3F34054841B41AF00BC4182
:105F10009A6A3041740D454172367641ED932541C0
:105F20009DDB3641928C1941C0FA90BE178E8F3E90
:105F30002084AB3EBA1598BE39FC89BE908582BEDE
:105F4000C13D8FBEA869A33EB1C78CBE893790BE44
:105F5000AB3C953EF7BA823E06D3983EA55E8FBE17
:105F6000EAF891BEF44B803EFAA68ABE98628EBED5
:105F7000A9248F3EE12E93BEDB5F89BEE9B092BEBD
:105F8000D0D08DBEB1E296BE4F758CBE551588BE81
:105F9000D0BC79BE76F8BABEBD68AFBD63D249BF8A
:105FA000FC24C73DC547A63EE45391BE74364FBEA0
:105FB000C33F1AC04A8745BF7501B2BD3FDD32BF3E
:105FC0008C5A59BDDA9FEDBE5A781FBEF13F213F72
:105FD000C9CDB13D38FB7CBCB39DE63E396B09BFF2
:105FE0000A89D63C1AB89FBCD28A1CBE0CA4EABE51
:105FF0000B524B3D6192653C443BFB3CA395533CAB
:10600000FFBC763DDDC00EBC50CAD3BC69239C3CAE
:1060100017078B3C9678083EE312C13D2E3364BBD4
:1060200019C2913D28582F3CC6D46C3DDFD7FF3BA9
:10603000A30787BDD6B514BC7A2163BCEDB471BD8E
:10604000A771823D985327BBBB41EE3B9AACA83C5D
:1060500049B18B3D2716FD3CC97BCEBC5FB4E1BC8A
:10606000036FCD3CD691573C42CD4B3C683F553CED
:106070009D1EE7BC97E04D3C8263CB3BA899F2BCE8
:106080001855BCBC7AB4DBBC06B8EB3CBC3BA63CA8
:10609000C261CEBC2438963C713F9E3CA7B4EEBC96
:1060A000D4A2C63C27A6953C94FB003D0DABB53C65
:1060B000814C993CCC8CB13C1C38BA40F3B2F740CF
:1060C0007458F94054F4D84029F65241B95F1F4141
:1060D00001B14141D1B3F7409B3054412DDD904196
:1060E000A0E4DD40D23910416D7D03415A50C040DB
:1060F000617E04412618FF40BC781341EB500B41F0
:1061000091B5E240D33FF04068F30D41FC5EA940F9
:10611000B426EB4018040841FEECE040E025333E95
:106120000827B8BECBF5C3BE2A29443EC74472BE79
:10613000A5313D3E83D66CBEBCCE333ED878A7BEDB
:106140002DA6663E5B42623EF2F20E3EA279343EDE
:10615000B65C463EFB31763E6F15BEBEF080523EC9
:1061600075BB513EB37B143E593172BE49B7303EC8
:106170002080553ED1A4533EB7BB3C3E826356BE01
:10618000EF2D553EB86D5BBE9DD06DBE8D18583E4F
:106190005BA96FBE5D2E353EBF11B7BECD3E213E21
:1061A00092461B3E894269BE37FE493EF77967BE7B
:1061B000D4AB7EBEFA9D513E96432E3EAEBD3B3ED5
:1061C000C6FC403EF5BF4E3EB38C513EE7DE383E46
:1061D000B66666BE2795663EA8765B3E872686BE77
:1061E000D0D7513E8928943E942C10BEDAB5C0BD5C
:1061F000C25C30BE7761333D93E424BEB18C9EBE59
:10620000748FD7BE138C5ABE66EBB33D59AC043DB8
:10621000289F683E6CB4FABD96A77ABD614D9FBEBB
:106220001A07E33E2EEE9E3D70E453BD89F7E6BEAD
:1062300014CC033ECEF7ACBDDC6126BEFA52613E03
:106240005BA8EDBE94F802BE49CF82BD012D2E3E63
:106250009CD1E5BEE8409F3DC4C4823E55A4C33DE9
:10626000460936BF31957EBE4957563EC8C3483EA3
:1062700078ECC33D7952F93E4434B8BE6D77953D14
:10628000584A35BBB00E633EAC44B1BDE8838CBD0B
:106290004017CABD7B3B52BEF603C4BD1EE16B3E38
:1062A000089AC2BEEEAE8F3C5A92A5BD483339BDA6
:1062B00070A51C3B799F3B3A1DC5133DB72D013B93
:1062C0007F6B873C40B6613D8980743D00BBC83C14
:1062D0005F4387BC4502D6BBF072ECBCD019943C3E
:1062E0007E7C183C288C913DAB1682BD557197BCC5
:1062F000ACCD0A3C780D533D2E6407BCDB9EB83B09
:10630000357EDA3C416417BD4B2E1E3D0950C23C20
:1063100061AA513CE46C95BC6AAF503D959A50BC63
:106320000184CABC93B6A3BC24DF463D719A0C3DE0
:10633000FA5ED8BCA5E49ABCAE44EDBB4C0586BD64
:106340009BB89F3D128F17BC9326B63AF2801EBDB4
:10635000B3F6903CC00B6D3CC6EE983CB47D383D26
:10636000BF8EBD3CAF9905BD8B4D8D3DC192AE3BFF
:1063700075E88A3CD5DAA23C7B738ABCA4D0FEBC0B
:10638000FF4FD03C21A6A4BC7B89723CF22D96BC69
:10639000952B843C6E4DCEBC023EE13CE841D53CA1
:1063A000CB2DB23CC23FA63C59CAA33C322B143D74
:1063B0002DF6A7BC451C213D7E83B13CCBA08B3C78
:1063C000FDDE9ABC19CA3D3C8B26AA3C9BA6B53C77
:1063D000BE60A33B3FEF76BC8E9BC73CE7A596BC57
:1063E000222C4DBCCACCE03C7C5D86BCFB88D03CFA
:1063F000A0E677BC1274C43C1667993C2F6297BC28
:10640000EB171A3CCF6BA0BCFF23DABC6AF6803CCA
:10641000F317833CEF66BA3C1111CC3C47E7D83CFC
:10642000A3C69D3CC38BC03CF6969BBC297C9F3C7D
:10643000247EAA3CAAF593BC7D7BDA3CCDB7CA404A
:10644000C9971C416574B640766F9B40DFC8C64053
:106450003A221D416C39CB405B94E9409FF7E34001
:106460004F95A240A4A59C4026F4FA40E619DB40D3
:10647000B0BFC4407CB58E40D42A0741688F7440B9
:10648000D81CB34009FE0A41E826EA4050163A41BA
:10649000EA3BC4400F27B74024E3404155CAFA40C5
:1064A00097A7AC40402FBF402E5423415B24A84007
:1064B000FAEFF0403FE99440E8D94641CE5BE34033
:1064C000E0900241B4A7EB4076D55741EF5FCA4058
:1064D000950FAE409B22E340793AD040B9D0B2400C
:1064E000D80EA24062779E4063E2AD4035999A4053
:1064F00061EDD340C869DB406A27B440B39AE440F9
:106500009CFA9D401DBB523ECDB14E3E7B2775BED1
:10651000E362393E68034C3E2510123E3DE6413EA3
:1065200058308C3E00D96D3E29F24C3E3438113E35
:10653000E531653E11D3DF3D340A2F3EAB732B3E70
:1065400036AC963E4139883ECF1C9E3E3F431C3EB2
:106550006A73173ED57D153EB1F0EB3D04BA6ABEB5
:106560007873153E0115173EA10E5FBE45D1793EE9
:1065700010B0013E2231663E4976023ED529133ED7
:10658000910875BE7D7D35BE71A52E3E9FD9073E13
:106590002138313EE57D423ED446223E7FC7333E20
:1065A000B8AE81BE5D17443EB0AF303EC2AB403E98
:1065B0009ED8263E5230903E234EF23DB42F173ED9
:1065C000CB464DBE3602403E2188023E609A093ECF
:1065D000151F953E30F2373E9DFA4E3E0BE00B3EC6
:1065E000B707E43DFB3E2B3ED29A4ABE16F5293E44
:1065F0005162263EABB3F23D0F4086BE0C206D3E8D
:1066000066853C3E4F689CBE31073E3ED3848ABEC1
:1066100024AE163E95F93A3E1E056ABEB468023EA7
:10662000E7BB4E3E402142BE1137033E39D90F3EF3
:10663000FBA90C3E8FC0DC3D53AE7CBE17AB2B3E9E
:1066400087BB593E6B22393EA5B71D3EC3FC87BEB2
:10665000304A6F3E8FBB063E6A7B043E3E830E3E51
:106660001CBA213E250B2D3ED1B280BEE839143E26
:1066700019AD183ECD9F423E70E8253E28E4253EE8
:10668000F9BD003E8B1C62BE4701193E879EF63D58
:10669000983B033EEE8C0CBE43C15ABE532B223DA9
:1066A0009C8844BE12F550BE714714BDEEA47DBD5A
:1066B0005449D2BDFF5CDBBD0FC04ABDB99CEDBDE6
:1066C000F0902ABE563081BDDC9B64BDBCAFC3BD1B
:1066D00012A7C6BD665313BE903CD4BDF02F12BDA9
:1066E000862389BED71320BEC0F5ABBA0070033D28
:1066F0005D9219BECC62E3BD0C3304BDEECD0EBE7F
:1067000049FF0BBEE30C80BE11D611BDF6C388BE97
:106710006AA6A03C3903C6BDE0C907BE665F14BEC9
:10672000A44BBFBC85795BBE9E19EABD7A1754BEE7
:10673000EFCC13BD98C81EBE6CA227BE9093EFBCD1
:10674000B9F06FBDC56E48BD6B67BCBD290492BE74
:10675000D6EDCFBDC16544BE92432FBEB0E6C1BDEC
:10676000A06DB5BC496DA0BD7C281ABE146004BEE6
:10677000AF6A33BE9087CEBD88C877BD37AA5ABDF1
:106780002A610EBECE4322BE63B710BD205CD9BDC8
:10679000ECEA23BE1EC3A1BCD6B5DFBC5871E4BD74
:1067A0007E4743BD201ABFBDB3FB5C3DBBBBC0BD34
:1067B00076CB50BC272F07BD48C102BE3DBD03BEEE
:1067C0000CFE49BD6D4F3DBED9377D3DA2C69EBD75
:1067D000593A67BDC0C86ABE2077EDBC0A1EFE3DAF
:1067E000F0978BBC10D4AEBD2E9444BD4E66BCBC9D
:1067F0009E5C83BD458BA0BD00F63FBDBBDC60BE8B
:10680000769334BC731113BEE6534ABDB687E2BD1E
:10681000642F2EBE7FA9D1BC35F43FBEF6B5DEBDD8
:10682000EA683FBDDA7868BCA5C9DA3CCB0CF5BC98
:106830007BCA313D8EFDDD3C68DEBF3B0451A53C8B
:106840000E008D3C69CDDBBB699E8ABC33B721BC91
:1068500088B28C3CF779CB3BA1ADA4BCE0D2ADBAF9
:106860005D16A53A3B30A53CD1D9553C023FFEBC54
:10687000BB00FB3C4BB2173C319EA3BCA28C96BC28
:10688000386F0E3C3E58FEBB6DF2943BD95D87BB22
:106890007A251F3CC89C193D7093D2BB5239E23C0B
:1068A000DF3DB0BC5D45533C3B548A3A3252C1B9DE
:1068B00096AF61BC438A803C8A589F3923902F3D14
:1068C0001A36323C9395CF3C213D5F3C4819CCBCF5
:1068D000F4F1EF3B78928EBC943B93BC0C8F223D3D
:1068E000F8E3B63C75B8513C67F2233C2A1027BC4C
:1068F0005965DBBC05B60ABC364BBFBA9E4BCCB95A
:10690000A965843B988DDBBBE9A81D3CF303BABCA9
:106910001985EC3B764FB039AC7D41BB4ABB2BBBF4
:106920003198AE3C1E5F9EBB2BACBBBC349E003D81
:10693000F70DCDBCAFD03BB954392BBD026F5ABC5B
:10694000058762BC7E9D34BC410891BBEC16D5BB6B
:10695000863EC5BC4A2E5C3CE65B2CBD4BE8C23B88
:10696000227590BCA85EE53C0638A7BC707389BD53
:106970008ED1C8BCA6A4DA3C21BCFFBC7E2B92BC45
:10698000CF6F84BCCA8C07BC8D7CAE3BA60B253C6C
:106990006D9C55BC1C1B763BBF379FBCE23E3E3C0A
:1069A000C802143C8A998A3AD478B23CB212DB3CD1
:1069B000526ABCBC95DDE63F3E100640DD1030401B
:1069C0000F8F19403DFF5E404FFFF23F5B60A53FD8
:1069D0001B3CE73F65791A40ED4F124003BF63400F
:1069E000E8D41940E3AF0840BFFA16406758EF3FBC
:1069F0001DFF1F40187F224045EEFF3F84222C40A0
:106A00000A784C4044E22D400E35EA3F91CE4E408C
:106A10003CC6114060433740A1E71440EA75D43FBB
:106A20006D0C294065024D4003CB0440A9838A4088
:106A3000003017400F8A6B40DA4F3E40FEDB354096
:106A40006B05D13FB5BBFB3F2F730740A25D1940DB
:106A50005DFDE53F958A0A402C942240296931402A
:106A6000AA48D33F767D2C408D994440D82D544080
:106A70009A2426402F563240DAF22040F7768240A0
:106A800028BAE83FE20C284099CF10403D34354009
:106A90007AD663407113F93FEA084040A485244048
:106AA000EBCE2340413136408CC60A4083B42A40A5
:106AB00048260140F1D7F13FC3A92A40D72B2B40EC
:106AC000AE784B4061460D407E4C0C40BAF94240D6
:106AD000010AB43F6C453D402A0D5740CF36354042
:106AE0005D7C3F40C97B2940DD5A13402693B93F66
:106AF000532303404EC32F405119CD3FBFC309401C
:106B0000B37B5D407B3ADB3F2DED4340FDC103404D
:106B1000AB733D40E6E96040D8F62A40364F20404E
:106B20000D86D13FC3402140A5FF7B405C47034019
:106B3000E02E2840EE0D1E401FD31E4062470B4042
:106B4000CD748840683CA23CB2BD823C5A3D48BCF2
:106B50001ABA6F3D6E3D4A3D403D673DD9BB7D3D14
:106B6000B63D3A3D523D8B3D773DA63D743D28BC38
:106B7000AFBD8A3D633DBEBD253CD2BA643DD4BBAA
:106B8000573DBDBD93BD613D333DDFBB183C803DEE
:106B90002D3D00BE503D263D463D74BC6C3D5A3DEA
:106BA000453DC9BD193D753D2F3D893D1B3DCD3C42
:106BB000633D333D8D3DA9BD3E3D3D3D923DDEBD36
:106BC0005A3D983DD4BD4D3DAEBD453D4B3DC6BD46
:106BD000303DFFBBB9BD593D8B3D263D7A3DADBD36
:106BE0007CBB753DA63CA03BB8BD553D80BB513D2F
:106BF000A3BB1F3D883D9ABDB23C0ABB2B3D553D12
:106C0000523D643DCBBD8A3D0A3C333DB83DA53D78
:106C100018BDAD3D433D9B3DC33D8A3D673D36BDFF
:106C200029BD853DAA3D44BD38BD4F3D443D6F3D26
:106C300048BD8B3D50BD9D3DD1BC70BD3BBD28BD09
:106C4000AE3DC13D5B3DB03D05BD14BD05BD3FBD85
:106C500070BDC03DC33D81BD62BD42BD47BD66BD87
:106C60001ABD973D4C3D58BD45BD00BD873D5FBD3C
:106C700012BD823D3CBDA23D67BD42BD70BD05BD9C
:106C800051BD52BD4FBD31BD673D6CBD07BD0ABD95
:106C9000F3BC24BD47BD40BD4BBDB73D1BBD32BDA0
:106CA00065BD34BD63BD23BDC93D32BD983DB53D15
:106CB00012BD263DB03D50BDB13D31BD263D04BDA8
:106CC000A73DBD3D833DE4BC4ABD59BD25BD6FBD5B
:106CD000A53D19BD31BD94BE883D8E3E433CA23DCD
:106CE000703CA83B8A3C963C7DBDFEBC863CC73DC3
:106CF000623B51BC82BC41BC34BCB83BFC3DDD3C7A
:106D0000903D8B3D04BD52BB8B3CE53B8D3D1B3D17
:106D10008F3C83BD1ABDF2BD793DCC3C8D3D643DB9
:106D2000073E993D793D073D54BCFA3C3BBEFFBD53
:106D3000643E723D493D003DF3BD8EBD8CBE3DBEFF
:106D4000143E123D82BD9EBEC33DBDBE473CCEBC7F
:106D500046BD703CE03C123E2BBE363D36BDCB3DC1
:106D60000BBDA23C1CBD9EBDD33D52BD4B3ECBBD19
:106D7000263CC3BDD4BD77BD5F3C813D833C50BA4A
:106D8000843DB8BD103E7BBD5DBD8F3D0B3E3A3DA1
:106D9000983D9F3CB33C76BD7CBD46BE1ABE253DAA
:106DA0000E3E9C3B783EB2BDC83D1CBE09BE4DBEEA
:106DB000A43D863D383DAEBD9BBC293EB43C81BB65
:106DC000C8BBC8BC5D3D8E3D01BD613DA6BDCBBD10
:106DD0004C3D633C4BBCBCBB1F3D0A3D973DC23D97
:106DE000EBBC343D9DBD613DC73C47BDFB3D213DF6
:106DF000463C4FBD703C86BB4A3B47BD023EB83D5A
:106E00000C3EBD3DACBCDA3C1A3D7A3D4CBE3BBEAF
:106E10004D3EC63DE73D233DC9BDD7BD75BE3ABE1B
:106E2000E63B9A3DEFBD2BBEA43D313EEC3C7A3BA8
:106E3000ED3AB33CCE3C893D8C3CADBC5BBD7EBDE8
:106E4000F2BC81BC9FBD6ABD363D0B3D903D9F3D70
:106E50003EBCD8BCC93CD03C8ABC013E9ABCC73DB4
:106E6000D23C4E3B9C3C89BDA4BD9D3D863D39BC7A
:106E7000DD3DA43D913D553DF4BD93BBD6BD02BE65
:106E8000F33DB63D9E3C673D5DBD8BBD35BE2BBE23
:106E9000563DA03D4BBDABBECA3C24BEDA3B2BBD2C
:106EA000283D8DBC3F3D3C3D05BD403DFBBDAABCE2
:106EB000263D26BD8339CA3C313DBDBA983DAC3D27
:106EC000CABDF93D5ABD07BA693C473CC33A9B3D30
:106ED00084BD5D3C9E3AB23CAEBBB4BCCC3D32BD41
:106EE0003A3D423DFB3C833C74BD47BDC3BD35BD0F
:106EF000973D873DDC3D113D193D9BBB46BE1ABE0B
:106F0000523CCF3D573CB4BDE2BA083E84BC1D3C68
:106F1000E5BCA0BC583C7C3C31BD623D89BD423DD6
:106F2000853C2C3CD5BDB3BC283D8CBCA03D46BBAC
:106F30008A3B8F3CF53CA33D893C56BB4B3D91BC05
:106F400028BDBFBD9A3C00BEF5BBCABC033ED23CC7
:106F50001C3E973D713C883C56BD0C3D1CBE1DBE81
:106F6000AA3DE33D623D813D24BD52BD58BE19BEE0
:106F7000983CFF3D02BE4CBEB73DAA3D413D0E3D93
:106F8000003C7EBCD53CACBBF9BB0A3D8FBD2E3D61
:106F9000813C8CBC7DBD94BD893D593D413DC53D85
:106FA000C7BC09BD593CA13AB53BBF3D07BE37BC84
:106FB0004C3D2BBDF03C343DA3389F3DA83D993B53
:106FC0002E3EA23DA63C8E3D13BE143C06BEDDBD4A
:106FD0001D3EDB3D8F3D093DA7BD61BD3FBE02BEED
:106FE00028BB543D28BD45BEDF3CCBBC8C39253D7C
:106FF000A63C47BCCC3CD23C093D243DF7BD69BD15
:10700000223DCABBA0BCE5BC3C3D943D653D033E72
:1070100067BDE43C2ABDD5BB643CC9BCA1BCF63C01
:1070200040BDF73C1F3D073D74BB7ABDB33DCF3B30
:10703000F23D6B3D803C333CAFBD88BDE8BD73BDC8
:107040005D3DFB3CD63D6A3CCC3CCC3A49BEF3BDF1
:107050003E3D8D3D07BDF8BDA4BC333DCDBA88BCD7
:1070600025BC8A3C9BBBD53A91BD07BC82BDAEBD59
:10707000213D463D91BC50BDA6BA933CFE3CF83D37
:107080002BBD90BCBA3C993BEF3CDA3C66BDF2BCF0
:1070900090BCBFBD8B3D89BCC8BC2BBC253EBD3957
:1070A000E63D613D4C3BBA3D99BD703C02BE16BE0B
:1070B000E63D0D3E083D8A3DBBBC3FBD3BBEFEBD2F
:1070C00039BCB13DDADCD2402327114087981D40FE
:1070D0000FA42C3D2ED0443D4DC1593D9FFB6D3D2D
:1070E00015842B3DC53C043858802738ACA4803823
:1070F000E797F7389FA1F437503D1C41AF22344148
:10710000BBCB4B41A4196A41BC731741241BD4402B
:1071100090ABF840536D174103A933417038C1401B
:10712000F7E41D40BA77264012012F40C05E35407B
:10713000A2B01540D204EA40C0A225405DEE7E40D8
:107140000BE43D3D8E79513DDE75723D30AD843DA1
:107150001EB43C3D33BD173837FA4238B47C803812
:1071600059DEFB3895C2093800D12D419EB24A4103
:10717000B3DB664100458741E7032741C411CF4097
:10718000DFACF040C9360F41153A2C41DF54BC400A
:10719000928F2240C6852A40046E3240EB9B3A40D3
:1071A00044791A400CF5CC4077621240057A2E40A3
:1071B0007941173D1A0F213D1FE6333DE15A523DFB
:1071C000B6EA153D35D51638B1FB30384D9C8638BA
:1071D0001CCDC138BC930D38BDBC1D41CE95354189
:1071E000FA104E419806714158B81641C8FDC14089
:1071F000FC65E24090BB0941D5302441EAE4AE4051
:10720000E1681E4037EB264000F42F40C42638408A
:1072100006A015402963BB40899D05408AC53C40B6
:107220000E63053DB62D273DCAB93F3D68D25A3D94
:10723000EC81033D4D21E53729B711387AEB6538EC
:10724000925AB7381365C637DEB41D410ACF3541AF
:107250004A0E4C41EADC684113051841F2FDCE406C
:10726000156DF4408698154160A1314131E7BA406F
:107270009BCD1C409CF02540359E2E40EC2C35408B
:10728000DB8214403275D1403C682440269485400E
:107290003DFD2E3DBECB3B3D8254533D82EC7B3DBC
:1072A00017CE2D3D3FF8E037C3DC183838B26C38C4
:1072B000E0060539C93DC537609E3141F8C64E41EB
:1072C000F39E694195DA86410B592941D4E3CE40BA
:1072D0006FFEEF4008E90E4136552A416A3DBC4039
:1072E000654221407C0329400C303140423C39400A
:1072F00069471940869FB340902F0740C0E31C4068
:10730000D3F2E13CDCCE033D49162A3D93033F3DD9
:107310000F4EDE3C38DE1E38B3D34138113A8F3879
:107320001F14C3384ADE1438018B18417379304179
:10733000170C4E41025571417DBF124144EAC240D3
:1073400020E3E44006EF0941321925412C1EB040EC
:10735000193E1E4029EA26403C3C2F40C54A374092
:10736000D3D01540A0F6CA40B74F1140AC0E6340D1
:10737000AC700F3D52F8193DD3462F3D97C0593D93
:107380002BD10D3D5000F837A4371938DE2773385C
:10739000A940AC38763EE43751FD1D419D2A32416B
:1073A000907F474188A06641FFF1174193F7CA409B
:1073B00024FCEF40FEA11341615E3241BD58B6404E
:1073C00066811B40A4742440241A2D404634344066
:1073D00000C71240C867D24024A72340C05D984030
:1073E000D5D1403D568D4A3D1FA75E3D1C61813D74
:1073F00084BC3F3DA6201038944A4738E151883874
:10740000513EC838343BEB37A73E2D4169224B41F2
:107410005D6A664125A985414D9C21410A36CD40D2
:107420008475EE4018910E41FAF629419CC3BB4089
:1074300077692140C3BD2940E76A31409210394045
:10744000B06619403F98BB40F1C80C409CD0244026
:10745000C3A3E03CC9D4003D88851D3DCC20453DFB
:10746000B3F0DC3CA1810E38268E3438F3498338E2
:107470002534BE383CE20638964C1B41BCEF354102
:107480009FBA4D4189226D413DBD1441D796C240FE
:107490002B19E440B6410841120D2241677AB040F1
:1074A00018B81E40BBD126401D762E408A3B364080
:1074B0003813164000A44140684E673F23C1533F34
:1074C00031E9C83BD312F33BB53B143C09083E3CC1
:1074D000C3F2BD3BF96089371E12A03759DFCB37A5
:1074E000C4B704381A1D7F37001F1C4000BA49403A
:1074F0008092814000B8A94000D80B4080418F4065
:1075000000D1B640009BE840007E0A4100946740ED
:1075100000C8044000E40F4000F2194000F0204091
:107520000028F23F00145840D32E873F5771903FF8
:107530007D2EEE3BC559113C059F313CA27B5F3C43
:1075400059EEE03B1FF08B37A286A537382CD63793
:10755000C9111B3891EF7C3700FE3A40006C774030
:10756000003F9F4000BED440001024408049894025
:1075700000A9AD408092D94000B4054100485E406A
:1075800000980A4000D61540001B204000C029404A
:107590000010FC3F00983F400C6D633F5751573F30
:1075A0001E4FBF3B7553E53B497E0D3C64DA3B3CC7
:1075B0009992B23B86508F37889AA63747FFD337C8
:1075C0000D5D0B387C9E843700491F4000384E40CB
:1075D00000D2844000EAB04000F80B4000166F4033
:1075E000005E9740009AC14000D8EA4000544340F2
:1075F000008F004000840B4000CB154000801E40EF
:1076000000E8E83F00903D40777D603F8374673F2E
:107610004F82B63B00A8E73BFE9B0E3C94DE383C15
:10762000C4E5AA3B6046853797609837A2B2BC375D
:107630000379F437C1107437002F1E4000F44C401A
:10764000006882400060A94000D40C4080138B4049
:107650000018B2400024E340008D074100085F405D
:107660000091024000C60D4000C3174000CC1E40F0
:107670000010EE3F00CC5140D0D0863F546A8A3F84
:10768000FE01E43B9CA1073C5577243C85FE593C18
:107690006818D73B102988375253A237B364D237C2
:1076A000D9D515383210753700844240008A7E40A3
:1076B0000025A4400088D5400054294000F28640AF
:1076C00000F8AA40808FD74000F5034100B05C402D
:1076D00000AC094000AE144000321F400098284022
:1076E0000080FA3F00C838404FD6583F73434D3FA3
:1076F0007781AB3B42DDD53B1121083C65E62F3C51
:10770000766AA03BF732903784DBA9370A9DD937D8
:10771000E25D0E38B78683370057184000DC4840DA
:1077200000D485400094B04000BC064000B26B40DD
:10773000007E9640804CBF400062EA4000443E40DC
:107740000032004000420B4000FC1440008C1D4001
:107750000010E83F005047404062673F84F07B3FA5
:10776000D4FBBD3B38BDDD3B9BCA073C31A03C3C54
:1077700004C5B23BC62E85376D4A9737CC4FB93713
:107780008438E737A56F793700761C4000EA44401B
:1077900000A4794000A4A64000C00B4080668B4046
:1077A000001EB240808EE240007E084100185F401B
:1077B00000120340000A0E4000D1174000541F4041
:1077C00000A0ED3F00E052404BDD843F2370933F2B
:1077D0008CFBF63BF33B0D3C305A2A3C77FB643C78
:1077E0002631EC3B932E8A3707D4A1372D53D4375B
:1077F000070310382C45783700993D4000507840F9
:1078000000D29F400074D24000481F4080B48640A0
:107810000088AA4080A6D64000C2024100745C40A5
:10782000000B0A400078154000571F40008C28408C
:107830000010FB3F0084344038BF5A3FD2EA4F3F2C
:10784000212CAA3B090AD33BA89C063C6A35333C51
:10785000C2499D3BDD588C37A3D9A33797DDCF377D
:10786000EA660638C7F7813700031C40005A4D40CE
:1078700000D682400096A94000740940009C6740F1
:1078800000EC9240001EB9400042E04000B43C4091
:107890000044FD3F00280940005E124000681A4085
:0478A0000048E53F78
:0878A400A4CEFF7F01000000EB
:1078AC0004520110105201101C52011028520110E8
:1078BC0034520110405201104C520110AC520110C4
:1078CC00034600B50268EFF3108C72B6D2E8CFEF26
:1078DC000120BEF1000FF9D1C2E84E0FBEF1000F2E
:1078EC00F4D1BFF35F8F93F90420002A09DB01B1B7
:1078FC000A60002000221B68C3E88F2F8CF31088CD
:10790C0000BD4FF05042126801201A71F2E700BF1F
:10791C004FF050412DE9F8431F460B6804461646BC
:10792C0000259946DFF874802368EFF3108272B655
:10793C00D3E8CF0F01210028FAD1C3E8401F00285B
:10794C00F6D1BFF35F8F94F904302168002B1BDB59
:10795C0098F80030DBB2C1E88F5F82F3108898F89A
:10796C0000209A4208D03046394602F005F800282B
:10797C00DAD00020BDE8F88320BF3046394601F04C
:10798C00FBFF0028D0D0F4E7002384F80490C1E872
:10799C008F3F82F310880120BDE8F8837B700020B4
:1079AC0070B582B001A9064614461D46FFF788FF44
:1079BC0038B94FF050439DF9042093F900309A42A6
:1079CC0001D102B070BD22462B46304602B0BDE854
:1079DC007040FFF79DBF00BF70B505460C4601F027
:1079EC00CFFF02460B464FF47A704FF0FF3E6FF01C
:1079FC00004CE4FB002396457CEB030138BF724638
:107A0C002846BDE8704038BF6346FFF781BF00BF12
:107A1C000368EFF3108172B6D3E8CFCF0122BCF12B
:107A2C00000FF9D1C3E84C2FBCF1000FF4D1BFF318
:107A3C005F8F4FF0FF0C074A80F804C013780133B6
:107A4C00137000230268C2E88F3F81F3108840BF97
:107A5C00704700BF7B700020002108B5134B4FF41A
:107A6C00707299601248D960196159619961D96134
:107A7C00196259629962D962196359639963D9631E
:107A8C00196459649964D964196559659965D965FE
:107A9C00196659669966D966196759679967D967DE
:107AAC0001F0A6FE034B044A1A6008BD00001050FA
:107ABC00AC500020485D0020800110502DE9F047AB
:107ACC001E4B84B0D3F858A0BAF1000F21D000247B
:107ADC0001254FF4E069DFF86C80194F05E00134A3
:107AEC00E4B2202C4FEA450513D01AEA050FF6D064
:107AFC00E34304F0FE0603F001031E4407EB4616B5
:107B0C003046C8F8585000F001FC28B93AEA050A8A
:107B1C00E5D104B0BDE8F087B378F28A8DF808306F
:107B2C00002301A80121ADF8049003928DF80930CF
:107B3C0000F00AFC304600F08DFBE7E70000115026
:107B4C006C5000200030115070B5B24B86B0D3F899
:107B5C00984014F4003574D0AF4AB04B906A93F847
:107B6C003B20AF49022A086000F0E680002593F81C
:107B7C007B20022A00F0B28193F8BB20022A00F08D
:107B8C00A28193F8FB20022A00F0928193F83B210A
:107B9C00022A00F0818193F87B21022A00F0718186
:107BAC0093F8BB21022A00F0618193F8FB21022A91
:107BBC0000F0508193F83B22022A00F03F8193F8A9
:107BCC007B22022A00F01A8193F8BB22022A00F0D1
:107BDC00098193F8FB22022A00F0F88093F83B23EA
:107BEC00022A00F0E78093F87B23022A00F0B7808A
:107BFC0093F8BB23022A00F07C8193F8FB23022A22
:107C0C0000F0C7803DB9874B1B7823B94FF4003285
:107C1C00854BC3F890204FF440727E4B01219B6C36
:107C2C0003A8C3F30A030493ADF80C2000F08CFBFB
:107C3C00E3064FF400357D4E07D5FFF73FFF354681
:107C4C0003E0E3064FF01006F7D4E0031DD57348AC
:107C5C000226837E45F4803533BB4FF00103012EA1
:107C6C00C37000F120001BD14FF4C062704BADF813
:107C7C000C2093E80300CDE90401314603A800F081
:107C8C0063FB4FF40032684B1A65E1043ED4620486
:107C9C002ED423041DD4A54240F0BB8106B070BD88
:107CAC00837E0126002BD8D0624B5A4A1E66536E37
:107CBC0036EA0303FBD14FF440520021019000F04F
:107CCC00CFFA019800F0C6FA574B01985E661E6613
:107CDC00C3E74FF4A063012103A8ADF80C3000F00A
:107CEC0033FB4FF40062504B45F400451A65D2E764
:107CFC004FF48063012103A8ADF80C3000F024FB95
:107D0C001022494B45F480451A65C2E70026414BC9
:107D1C0045F480551E60FFF79FFE4FF480730121E0
:107D2C0003A8ADF80C308DF8106000F00DFB4FF48B
:107D3C0000223D4B1A65AAE793F83A50002D3FF408
:107D4C0016AF93F83C20002A3FF411AF002203F148
:107D5C00200083F83C2000F0A7FA304B07E793F89B
:107D6C007A63002E3FF444AF93F87C23002A40F052
:107D7C00408193F8BB23022A40F0C48093F8BA23C5
:107D8C00002A40F0BB8093F8FB23022A7FF443AF18
:107D9C00354693F8FA23002A3FF434AF93F8FC23CA
:107DAC00002A3FF438AF0022234883F8FC2300F06C
:107DBC007BFA30E793F83A63002E3FF414AF93F854
:107DCC003C23002A40F0A98035460CE793F8FA6270
:107DDC00002E3FF403AF93F8FC22002A40F0AF8052
:107DEC003546FBE693F8BA62002E3FF4F2AE93F8F8
:107DFC00BC22002A40F09A803546EAE693F87A6273
:107E0C00002E3FF4E1AE93F87C22002A40F0CD80A6
:107E1C003546D9E60000115000000B406C50002094
:107E2C0058500020767000200030115010000200D5
:107E3C0000001050002011504C54002093F83A626E
:107E4C00002E3FF4BCAE93F83C22002A40F0A480F4
:107E5C003546B4E693F8FA61002E3FF4ABAE93F8D6
:107E6C00FC21002A40F08F803546A3E693F8BA61D6
:107E7C00002E3FF49AAE93F8BC21002A7AD13546F5
:107E8C0093E693F87A61002E3FF48AAE93F87C2146
:107E9C00002A66D1354683E693F83A61002E3FF40A
:107EAC007AAE93F83C21002A40F09180354672E678
:107EBC0093F8FA60002E3FF469AE93F8FC20002A88
:107ECC007CD1354662E693F8BA60002E3FF459AE89
:107EDC0093F8BC20002A3BD1354652E693F87A60E1
:107EEC00002E3FF449AE93F87C20002A78D1354619
:107EFC0042E693F8BA23002A3FF47FAE93F8BC23F2
:107F0C00002A7ED193F8FB23022A7FF484AE93F8E7
:107F1C00FA23002A3FF47FAE40E700223F4883F863
:107F2C003C23354600F0C0F93D4B5CE600223D4851
:107F3C0083F8BC22354600F0B7F9394B49E60022EC
:107F4C00394883F8FC22354600F0AEF9344B45E64F
:107F5C000022364883F8BC20354600F0A5F9304B9A
:107F6C000FE60022324883F87C21354600F09CF95C
:107F7C002B4B15E600222F4883F8BC21354600F028
:107F8C0093F9274B11E600222B4883F8FC21354648
:107F9C0000F08AF9224B0DE60022284883F83C2297
:107FAC00354600F081F91E4B09E60022244883F87F
:107FBC007C22354600F078F9194B05E60022214861
:107FCC0083F8FC20354600F06FF9154BDEE50022F6
:107FDC001D4883F83C21354600F066F9104BDAE574
:107FEC0000221A4883F87C20354600F05DF90C4BD2
:107FFC00C2E50022164883F87C2300F055F9084BA3
:10800C00B7E60022134883F8BC2300F04DF9044B6B
:10801C0078E7114885EA040101F0AAFC8C53002092
:10802C006C5000200C5300204C5300200C510020AD
:10803C00CC5100200C5200204C5200208C520020BD
:10804C00CC5200204C5100208C510020CC500020F0
:10805C00CC5300200C540020405101102DE9F0436A
:10806C00828AB0F818E003469645C07828BF964639
:10807C00041E18BF012480F001000D46A2EB0E0275
:10808C005978D87092B24EF480609A8240EA4430AB
:10809C00A1BB1969BEF1000F2CD00EF1FF34DA68C8
:1080AC00052CA14602EB85182FD9A8EB0104013C45
:1080BC00022CC4460A4628D94FEA9E0701EB8706D4
:1080CC0052F8044B96424CF8044BF9D1BEEB870F97
:1080DC000ED011F82720B9EB870108F8272008EB00
:1080EC00870205D074780129547001D0B178917051
:1080FC0019699A8A7144196140F400400AB940F434
:10810C00804005B10004BDE8F08308F1FF3201EBBB
:10811C000E0611F8014BB14202F8014FF9D1E7E715
:10812C0083682DE9F0410546186801B1000C6A78A6
:10813C00C0F309004AB9EB8A0344EB822B8B8342D0
:10814C0084BF0023AB82BDE8F081D5F810C088B3A2
:10815C00421EEB68052A164603EB811E31D98901B4
:10816C004C1C1C44ACEB0404022C624629D900F4D0
:10817C007F7173460F464FEA90085C1853F8041B46
:10818C00A34242F8041BF9D1B84211D01EF8283092
:10819C00BE440CF82830F31BBC4409D09EF80120D7
:1081AC00012B8CF8012003D09EF802308CF80230A1
:1081BC00D5F810C0EA8A0CEB00030244EA822B616A
:1081CC00BCE70CF1FF3C0EEB00021EF8013B7245C4
:1081DC000CF8013FF9D1EBE710B504468368002198
:1081EC001B68FFF79DFF63681B685B0002D5238B40
:1081FC00834200D010BD2046BDE810400121FFF79E
:10820C008FBF00BF084B1B6C13F0020302D18278A6
:10821C00D20901D100207047C07EA0F10200B0FA53
:10822C0080F04009704700BF0000115008B5FFF7FF
:10823C00E9FF50B1054A064B906A1B68A0F54870DF
:10824C00C01AC6288CBF0020012008BD00000B40BE
:10825C00585000200023C0E904338376704700BFD8
:10826C0008B5836819B1D3F800C001EA0C018AB1D2
:10827C00114352050ED51A6852050DD4084A21F443
:10828C00806CC3F800C0126C920703D40C23033B20
:10829C00FDD28368196008BD8178024801F068FB43
:1082AC00000011505451011030B54368002183B0C7
:1082BC0005461C68FFF7D2FE134B40F48052196C34
:1082CC00AB7889070ED55B060ED024F0A04444F0A1
:1082DC000054002128466B681C6003B0BDE8304098
:1082EC00FFF7BEBFDB09F0D0AB8A002BEDD001212C
:1082FC0028460192FFF7B2FE019A24F00054024383
:10830C0044F0A044E5E700BF0000115038B5857E6D
:10831C00044695B1FFF760FFA38A0BB9284638BD18
:10832C002046FFF783FF20B1012323770025284641
:10833C0038BD2046FFF7B8FFF8E78178014801F017
:10834C0017FB00BF7451011070B543780446023B13
:10835C000E4686B0042B13D8DFE803F00349677090
:10836C0044000021774B1A7822F001021A701A7817
:10837C0022F002021A7059701A7861F382021A7094
:10838C00714B1B685A69EFF3108072B6D2E8CFCFED
:10839C000121BCF1000FF9D1C2E84C1FBCF1000F58
:1083AC00F4D1BFF35F8F214698611846019301F019
:1083BC00F3FA019B00225969C1E88F2F9B6983F363
:1083CC00108840B94FF0E023D3F8F03DDB0707D518
:1083DC0000BE06B070BD32466178207801F0C4FA58
:1083EC0006B070BD594A137801331370C8E70022E8
:1083FC00574B1878134611E05649096811EB431393
:10840C0008D0DB6933B12078616801929847504BF2
:10841C00019A18780132D3B2834218D89842EBD81B
:10842C004D491B1A01EB4313EBE7464B1A78D20765
:10843C00D6D51A7842F004021A70A1E7414B1A788B
:10844C00D507CDD51A7822F004021A7098E73D4B67
:10845C001A78500733D4DB78DA07C1D503223A4BAC
:10846C00207861681B688DF80C008DF80D205A6916
:10847C000491EFF3108172B6D2E8CF4F0120002C9B
:10848C00FAD1C2E8440F002CF6D1BFF35F8F99618B
:10849C00184603A9019301F07FFA019B0022596948
:1084AC00C1E88F2F9B6983F3108800288AD032464D
:1084BC009DF80D109DF80C0001F056FA90E7002580
:1084CC0005201978CDE9045521F0040103951970A4
:1084DC008DF80D001C4A217812688DF80C1051692A
:1084EC00EFF3108072B6D1E8CFEF5FF0010CBEF164
:1084FC00000FF8D1C1E84ECFBEF1000FF3D1BFF39E
:10850C005F8F906103A91046019201F045FA019A20
:10851C005169C1E88F5F926982F31088094B38B9B1
:10852C004FF0E022D2F8F02DD10794D500BE92E79F
:10853C0032469DF80D109DF80C0001F015FA014B18
:10854C0089E700BFC04E0020184F00207770002034
:10855C0075700020B84D00202454011084466AB375
:10856C00013900B502EB010EDCF80C309B07FBD592
:10857C0011F8013F7145CCF80830F5D1DCF80C301E
:10858C00580705D5DCF80830DCF80C305807F9D45E
:10859C00DCF80C30D90606D5DCF80C30D906F7D44B
:1085AC0001E0DCF80830DCF80C305B07F9D401236F
:1085BC001046CCF8203000BDDCF80830DCF80C306C
:1085CC005807F9D4DCF80C30D90606D5DCF80C3099
:1085DC00D906F7D401E0DCF80830DCF80C305B0786
:1085EC00F9D401231046CCF82030704730B50D4635
:1085FC0019469E46E1B1A3B1D0F80CC003F10804B2
:10860C001CF0020F03D0A14226D28560013BC46846
:10861C006407F0D58468013902F8014B0029EAD1CE
:10862C0006E0C4686407F5D4C4686407F2D4F8E7BC
:10863C004BB1C2689107FCD513F1080F05D0013B73
:10864C008560002BF5D1704630BDC2689207F0D51D
:10865C00C2689207F9D4ECE7C4686407DAD4CBE7B4
:10866C0030B50C4619469E46F1B1B3B1D0F80CC0EA
:10867C0003F108051CF0020F05D0A9422CD234F8E6
:10868C00025B013B8560C5686D07EED585680139D5
:10869C0022F8025B0029E8D106E0C5686D07F5D425
:1086AC00C5686D07F2D4F8E76BB1C2689107FCD5C9
:1086BC0013F1080F09D0214631F8022B013B0C466F
:1086CC008260002BF1D1704630BDC2689207ECD5A8
:1086DC00C2689207F9D4E8E7C5686D07D6D4C5E738
:1086EC0084466AB3023900B501EB420EDCF80C305B
:1086FC009B07FBD531F8023F8E45CCF80830F5D1FD
:10870C00DCF80C30580705D5DCF80830DCF80C30F8
:10871C005807F9D4DCF80C30D90606D5DCF80C3047
:10872C00D906F7D401E0DCF80830DCF80C305B0734
:10873C00F9D401231046CCF8203000BDDCF8083009
:10874C00DCF80C305807F9D4DCF80C30D90606D517
:10875C00DCF80C30D906F7D401E0DCF80830DCF892
:10876C000C305B07F9D401231046CCF8203070474D
:10877C0030B50D4619469E46E1B1A3B1D0F80CC0F8
:10878C0003F108041CF0020F03D0A14226D285602D
:10879C00013BC4686407F0D58468013922F8024BA8
:1087AC000029EAD106E0C4686407F5D4C4686407FC
:1087BC00F2D4F8E74BB1C2689107FCD513F1080F5E
:1087CC0005D0013B8560002BF5D1704630BDC268E9
:1087DC009207F0D5C2689207F9D4ECE7C468640735
:1087EC00DAD4CBE70A1E38B5C2F30A55A8BF4FF04E
:1087FC00010EC2F31302B8BF4FF0FF3EA5F2FF3CCF
:10880C0042F48012BCF1130F0CDCBCF1000F21DB25
:10881C004FF40023CCF1140143FA0CF3134423FA64
:10882C0001F213E0BCF11E0F1BD8A5F213454FF05B
:10883C000041E9404318CCF1340128BF0132CB4050
:10884C00AA401343BCF1140F18BF1A4602FB0EFECC
:10885C00704638BDBCF1FF3F18BF4FF0000E70469C
:10886C0038BD01F091F88646704638BD00B52DED47
:10887C00028B08EE100A83B000F024F8B4EE488A9C
:10888C00F1EE10FA06D6DFED0E7AB4EEE78AF1EED1
:10889C0010FA03D403B0BDEC028B00BDCDED017A10
:1088AC0001F076F8DDED017A03462122C7EEA77AB6
:1088BC001A6017EE900A03B0BDEC028B00BD00BF2E
:1088CC000000000007EE900AF1EEE77A17EE900A2E
:1088DC00704700BF38B505460C4600F037F808B9AC
:1088EC00204638BD204600F031F868B107EE104A3A
:1088FC0007EE905AF4EEC77AF1EE10FA77FE877A0B
:10890C0017EE904A204638BD2C46204638BD00BF95
:10891C0038B505460C4600F019F808B9204638BDA4
:10892C00204600F013F868B107EE104A07EE905A93
:10893C00B4EEE77AF1EE10FA77FE877A17EE904AEA
:10894C00204638BD2C46204638BD00BF30F00040D4
:10895C000ED0A0F50003B3F1FE4F0DD3421E074B12
:10896C009A4207D9A0F1FF40B0FA80F04009704755
:10897C00022070470320704704207047FEFF7F00E1
:10898C0081F0004102E000BF83F0004330B54FEAB4
:10899C0041044FEA430594EA050F08BF90EA020F21
:1089AC001FBF54EA000C55EA020C7FEA645C7FEAB4
:1089BC00655C00F0E2804FEA5454D4EB5555B8BFD7
:1089CC006D420CDD2C4480EA020281EA030382EA48
:1089DC00000083EA010180EA020281EA0303362DDA
:1089EC0088BF30BD11F0004F4FEA01314FF4801CAD
:1089FC004CEA113102D0404261EB410113F0004FBF
:108A0C004FEA03334CEA133302D0524263EB430375
:108A1C0094EA050F00F0A780A4F10104D5F1200E13
:108A2C000DDB02FA0EFC22FA05F2801841F100016E
:108A3C0003FA0EF2801843FA05F359410EE0A5F142
:108A4C0020050EF1200E012A03FA0EFC28BF4CF073
:108A5C00020C43FA05F3C01851EBE37101F0004529
:108A6C0007D54FF0000EDCF1000C7EEB00006EEB36
:108A7C000101B1F5801F1BD3B1F5001F0CD34908C0
:108A8C005FEA30004FEA3C0C04F101044FEA445217
:108A9C0012F5800F80F09A80BCF1004F08BF5FEA9E
:108AAC00500C50F1000041EB045141EA050130BD7E
:108ABC005FEA4C0C404141EB0101013C28BFB1F590
:108ACC00801FE9D291F0000F04BF01460020B1FADB
:108ADC0081F308BF2033A3F10B03B3F120020CDAAE
:108AEC000C3208DD02F1140CC2F10C0201FA0CF08C
:108AFC0021FA02F10CE002F11402D8BFC2F1200CF1
:108B0C0001FA02F120FA0CFCDCBF41EA0C019040A6
:108B1C00E41AA2BF01EB0451294330BD6FEA0404EF
:108B2C001F3C1CDA0C340EDC04F11404C4F12002DA
:108B3C0020FA04F001FA02F340EA030021FA04F3EC
:108B4C0045EA030130BDC4F10C04C4F1200220FA43
:108B5C0002F001FA04F340EA0300294630BD21FA81
:108B6C0004F0294630BD94F0000F83F4801306BF47
:108B7C0081F480110134013D4EE77FEA645C18BF3B
:108B8C007FEA655C29D094EA050F08BF90EA020FD2
:108B9C0005D054EA000C04BF1946104630BD91EACA
:108BAC00030F1EBF0021002030BD5FEA545C05D1CD
:108BBC004000494128BF41F0004130BD14F580040C
:108BCC003CBF01F5801130BD01F0004545F0FE4180
:108BDC0041F470014FF0000030BD7FEA645C1ABFB5
:108BEC00194610467FEA655C1CBF0B46024650EAEC
:108BFC00013406BF52EA033591EA030F41F4002118
:108C0C0030BD00BF90F0000F04BF0021704730B59D
:108C1C004FF4806404F132044FF000054FF0000172
:108C2C0050E700BF90F0000F04BF0021704730B533
:108C3C004FF4806404F1320410F0004548BF404208
:108C4C004FF000013EE700BF42004FEAE2014FEA5D
:108C5C0031014FEA02701FBF12F07F4393F07F4F38
:108C6C0081F06051704732F07F4208BF704793F03B
:108C7C007F4F04BF41F40021704730B54FF460744E
:108C8C0001F0004521F000411CE700BF50EA010251
:108C9C0008BF704730B54FF000050AE050EA0102FA
:108CAC0008BF704730B511F0004502D5404261EB6A
:108CBC0041014FF4806404F132045FEA915C3FF4AB
:108CCC00D8AE4FF003025FEADC0C18BF03325FEA48
:108CDC00DC0C18BF033202EBDC02C2F1200300FAF9
:108CEC0003FC20FA02F001FA03FE40EA0E0021FA1E
:108CFC0002F11444BDE600BF80F0004002E000BF6A
:108D0C0081F0004142001FBF5FEA410392EA030F6A
:108D1C007FEA226C7FEA236C6AD04FEA1262D2EBB4
:108D2C001363C1BFD218414048404140B8BF5B42B9
:108D3C00192B88BF704710F0004F40F4000020F052
:108D4C007F4018BF404211F0004F41F4000121F068
:108D5C007F4118BF494292EA030F3FD0A2F10102B2
:108D6C0041FA03FC10EB0C00C3F1200301FA03F1F0
:108D7C0000F0004302D5494260EB4000B0F5000F13
:108D8C0013D3B0F1807F06D340084FEA310102F1D2
:108D9C000102FE2A51D2B1F1004F40EBC25008BF84
:108DAC0020F0010040EA03007047490040EB00004E
:108DBC00013A28BFB0F5000FEDD2B0FA80FCACF14F
:108DCC00080CB2EB0C0200FA0CF0AABF00EBC2507C
:108DDC0052421843BCBFD0401843704792F0000F6A
:108DEC0081F4000106BF80F400000132013BB5E7BD
:108DFC004FEA41037FEA226C18BF7FEA236C21D033
:108E0C0092EA030F04D092F0000F08BF0846704797
:108E1C0090EA010F1CBF0020704712F07F4F04D165
:108E2C00400028BF40F00040704712F100723CBF78
:108E3C0000F50000704700F0004343F0FE4040F4A2
:108E4C00000070477FEA226216BF08467FEA236360
:108E5C000146420206BF5FEA412390EA010F40F44B
:108E6C00800070474FF0000304E000BF10F0004397
:108E7C0048BF40425FEA000C08BF704743F096437E
:108E8C0001464FF000001CE050EA010208BF704799
:108E9C004FF000030AE000BF50EA010208BF704720
:108EAC0011F0004302D5404261EB41015FEA010C35
:108EBC0002BF84460146002043F0B64308BFA3F12D
:108ECC008053A3F50003BCFA8CF2083AA3EBC2530F
:108EDC0010DB01FA02FC634400FA02FCC2F120022E
:108EEC00BCF1004F20FA02F243EB020008BF20F065
:108EFC000100704702F1200201FA02FCC2F12002CB
:108F0C0050EA4C0021FA02F243EB020008BF20EABF
:108F1C00DC7070474FF0FF0C1CEAD0521EBF1CEAED
:108F2C00D15392EA0C0F93EA0C0F6FD01A4480EADB
:108F3C00010C400218BF5FEA41211ED04FF00063C4
:108F4C0043EA501043EA5111A0FB01310CF00040F0
:108F5C00B1F5000F3EBF490041EAD3715B0040EA16
:108F6C00010062F17F02FD2A1DD8B3F1004F40EBE6
:108F7C00C25008BF20F00100704790F0000F0CF0B9
:108F8C00004C08BF49024CEA502040EA51207F3A7D
:108F9C00C2BFD2F1FF0340EAC250704740F4000058
:108FAC004FF00003013A5DDC12F1190FDCBF00F049
:108FBC0000407047C2F10002410021FA02F1C2F1F7
:108FCC00200200FA02FC5FEA310040F1000053EA93
:108FDC004C0308BF20EADC70704792F0000F00F0E1
:108FEC00004C02BF400010F4000F013AF9D040EAE7
:108FFC000C0093F0000F01F0004C02BF490011F47B
:10900C00000F013BF9D041EA0C018FE70CEAD15378
:10901C0092EA0C0F18BF93EA0C0F0AD030F0004CF8
:10902C0018BF31F0004CD8D180EA010000F00040AC
:10903C00704790F0000F17BF90F0004F084691F06A
:10904C00000F91F0004F14D092EA0C0F01D14202A4
:10905C000FD193EA0C0F03D14B0218BF084608D16D
:10906C0080EA010000F0004040F0FE4040F40000B7
:10907C00704740F0FE4040F4400070474FF0FF0C4A
:10908C001CEAD0521EBF1CEAD15392EA0C0F93EA91
:10909C000C0F69D0A2EB030280EA010C49024FEAE3
:1090AC00402037D04FF0805343EA111143EA10139C
:1090BC000CF000408B4238BF5B0042F17D024FF454
:1090CC00000C8B4224BF5B1A40EA0C00B3EB510F2F
:1090DC0024BFA3EB510340EA5C00B3EB910F24BF18
:1090EC00A3EB910340EA9C00B3EBD10F24BFA3EB9D
:1090FC00D10340EADC001B0118BF5FEA1C1CE0D165
:10910C00FD2A3FF650AF8B4240EBC25008BF20F017
:10911C00010070470CF0004C4CEA50207F32C2BF6B
:10912C00D2F1FF0340EAC250704740F400004FF008
:10913C000003013A37E792F0000F00F0004C02BF39
:10914C00400010F4000F013AF9D040EA0C0093F003
:10915C00000F01F0004C02BF490011F4000F013B5D
:10916C00F9D041EA0C0195E70CEAD15392EA0C0FC5
:10917C0008D142027FF47DAF93EA0C0F7FF470AFFD
:10918C00084676E793EA0C0F04D14B023FF44CAF40
:10919C0008466EE730F0004C18BF31F0004CCAD1D5
:1091AC0030F000427FF45CAF31F000437FF43CAF11
:1091BC005FE700BF4FF0FF3C06E000BF4FF0010C33
:1091CC0002E000BF4FF0010C4DF804CD4FEA400215
:1091DC004FEA41037FEA226C18BF7FEA236C11D05F
:1091EC0001B052EA530C18BF90EA010F58BFB2EB12
:1091FC00030088BFC81738BF6FEAE17018BF40F092
:10920C00010070477FEA226C02D15FEA402C05D145
:10921C007FEA236CE4D15FEA412CE1D05DF8040BCA
:10922C00704700BF844608466146FFE70FB5FFF75D
:10923C00C9FF002848BF10F1000F0FBD4DF808ED15
:10924C00FFF7F4FF0CBF012000205DF808FB00BF06
:10925C004DF808EDFFF7EAFF34BF012000205DF860
:10926C0008FB00BF4DF808EDFFF7E0FF94BF0120AD
:10927C0000205DF808FB00BF4DF808EDFFF7D2FFAA
:10928C0094BF012000205DF808FB00BF4DF808EDED
:10929C00FFF7C8FF34BF012000205DF808FB00BFBA
:1092AC004FEA40024FEA41037FEA226C02D15FEAA7
:1092BC00402C08D17FEA236C02D15FEA412C02D109
:1092CC004FF0000070474FF0010070474FEA40022A
:1092DC00B2F1FE4F0FD34FF09E03B3EB12620DD9D8
:1092EC004FEA002343F0004310F0004F23FA02F042
:1092FC0018BF404270474FF00000704712F1610FE9
:10930C0001D1420205D110F0004008BF6FF00040BF
:10931C0070474FF00000704742000ED2B2F1FE4F82
:10932C000BD34FF09E03B3EB126209D44FEA002328
:10933C0043F0004323FA02F070474FF000007047EF
:10934C0012F1610F01D1420202D14FF0FF30704790
:10935C004FF00000704700BF53B94AB9002908BF4D
:10936C0000281CBF4FF0FF314FF0FF3000F0ACB9BC
:10937C00ADF1080C6DE904CE00F006F8DDF804E060
:10938C00DDE9022304B070472DE9F047064682B0B0
:10939C00174608460A9AB4460D46002B4DD18F420B
:1093AC00BE4665D9B7FA87F149B1C1F120038D40AA
:1093BC0007FA01FE06FA01FC26FA03F31D434FEAF5
:1093CC001E461FFA8EF04FEA1C43B5FBF6F406FB63
:1093DC00145543EA054304FB00F59D4206D91EEBE8
:1093EC00030302D29D4200F24C81013C5B1B1FFA2D
:1093FC008CFCB3FBF6F506FB153305FB00F04CEAD1
:10940C00034C60450AD91EEB0C0C2CBF0123002326
:10941C00604502D9002B00F03781013DACEB000C0C
:10942C0045EA0440002422B12CFA01F30021C2E9E0
:10943C000031214602B0BDE8F0878B4208D90AB151
:10944C00C2E9006100242046214602B0BDE8F08745
:10945C00B3FA83F4002C4DD18B42C0F00581B74296
:10946C0040F202812046002AE3D0C2E900C5E0E7C1
:10947C00002F00F0A2801946B7FA87F3002B40F0BA
:10948C00B480C31B1FFA8EF83F0C01244FEA1C401A
:10949C00B3FBF7F507FB153340EA034308FB05F074
:1094AC0098420AD91EEB03032CBF012600269842D2
:1094BC0002D9002E00F0E280013D1B1A1FFA8CFC31
:1094CC00B3FBF7F007FB10334CEA034C08FB00F33B
:1094DC0063450AD91EEB0C0C2CBF012600266345F4
:1094EC0002D9002E00F0C7800138ACEB030C40EA27
:1094FC00054098E7C4F12008A34006FA04FAA140FD
:10950C0027FA08FC20FA08F007FA04F94CEA030CD5
:10951C0026FA08F34FEA1C460B431FFA8CFE190C73
:10952C00B0FBF6F706FB170041EA004107FB0EF013
:10953C0088420AD91CEB01012CBF01250025884269
:10954C0002D9002D00F0B280013F091A9BB2B1FB89
:10955C00F6F006FB101100FB0EFE43EA01439E459C
:10956C000AD91CEB03032CBF012100219E4502D913
:10957C00002900F09E80013840EA0740A3EB0E035F
:10958C00A0FB09E18B4276460F4602D307D1F24588
:10959C0005D2BEEB090661EB0C0101380F4652B146
:1095AC00BAEB060163EB070303FA08F5E140E3406D
:1095BC000D43C2E9005300243BE77308B846490841
:1095CC00019743EAC0734FEAC67C1C0C9BB244EA79
:1095DC00014443EA0443B4FBF7F4B1FBF7F51F2154
:1095EC00019844EA05441B1A50E7194607FA03FE92
:1095FC00C3F1200300FA01F44FEA1E47D84026FAC3
:10960C0003F31FFA8EF806FA01FC2343B0FBF7F5BF
:10961C001C0C07FB150044EA004005FB08F48442CF
:10962C004AD91EEB00002CBF01260026844200D92B
:10963C008EB3001B013DB0FBF7F404FB08F6A1460A
:10964C00019607FB19009BB2019E43EA0043B3420B
:10965C00C6D21EEB03032CBF01200020B34200D264
:10966C00A8B109F1FF34BBE7B6EB070C60EB0303C1
:10967C0001201D46F7E6F444023836E7023D7344F8
:10968C001BE7023C7344B1E6F444023DC6E6A9F183
:10969C0002047344A4E7AEEB0404023D2044B0FB87
:1096AC00F7F404FB08F6A1460196CAE7023F6144B1
:1096BC004BE7023863445FE7001BB0FBF7F404FB95
:1096CC0008F6A1460196BCE7704700BF884270B50A
:1096DC0031D98B1883422ED9032A00EB02011DD9F4
:1096EC0041EA030C1D461CF0030F18D14FEA920EF1
:1096FC008C460EF1FF36A1EB8E0453F804ED4CF8BA
:10970C0004EDA445F9D1C6EB867302F0030201EB1C
:10971C00830105EB830C0439ACF1040352B102F163
:10972C00FF3C6FEA0C0C9C4413F8012D634501F8C7
:10973C00012DF9D170BD032A50D941EA00039B07D2
:10974C004ED10F2A51D922F00F0301F1100601F16D
:10975C00100C2031103B00F1100E19445CF8104C29
:10976C000CF1100C0EF1100E4EF8204C5CF81C4C49
:10977C004EF81C4C5CF8184C4EF8184C5CF8144C19
:10978C008C454EF8144CE9D1F11812F00C0F03442F
:10979C0002F00F0503F1100325D025F0030C1A1F5E
:1097AC00ACF104048C4626461C195CF804EB42F818
:1097BC0004EFA242F9D10431043305F00302314421
:1097CC003344002AB6D0013A0132013B0A4411F865
:1097DC0001CB914203F801CFF9D170BD0346F0E7FC
:1097EC00013A0346F0E72A46EBE703461546D4E771
:1097FC0030B584078646034606D0A2B303F8011B96
:10980C00980702F1FF32F8D1032A26D95FFA81FCBE
:10981C000F2A0CEB0C2C0CEB0C402AD922F00F0C61
:10982C009C44C3E90000C3E9020010336345F8D13E
:10983C0012F00C0F02F00F0517D04FEA950C1A46D8
:10984C000CF1FF3403EB8C0C42F8040B6245FBD19A
:10985C00043305F0030203EB840322B11A4403F82A
:10986C00011B9A42FBD1704630BD2A46002AF5D125
:10987C00F9E71546E1E700BF844641EA000313F01F
:10988C00030349D1403A23D30B6803604B68436010
:10989C008B688360CB68C3600B6903614B69436160
:1098AC008B698361CB69C3610B6A03624B6A436248
:1098BC008B6A8362CB6AC3620B6B03634B6B436330
:1098CC008B6B8363CB6BC36340304031403ADBD24C
:1098DC0030320BD30B6803604B6843608B6883603A
:1098EC00CB68C36010301031103AF3D20C3205D370
:1098FC0051F8043B40F8043B043AF9D2043208D046
:10990C00D2071CBF11F8013B00F8013B01D30B88B7
:10991C0003806046704700BF082A13D38B07B1D071
:10992C0010F00303AED0C3F10403D21ADB071CBF43
:10993C0011F8013B00F8013BA4D331F8023B20F8AD
:10994C00023B9FE7043AD9D3013A11F8013B00F8E6
:10995C00013BF9D20B7803704B7843708B78837092
:10996C0060467047000000005FF800F0456F001083
:10997C005FF800F0CD1200105FF800F0D920001055
:10998C005FF800F0712200105FF800F02D3300102A
:10999C005FF800F03D4701105FF800F0858500107E
:1099AC0001000900000000000000000000000000A1
:1099BC00000000000000000000000000000000009B
:1099CC000000000000000000000000000076000015
:1099DC00000000000000000000000000000000007B
:1099EC00000000000000000000000000000000006B
:1099FC000000000000000000280000000000000033
:109A0C00000000000000000000000000000000004A
:109A1C002900000000000000000000000000000011
:109A2C00000000000000000010000000000000001A
:109A3C000000010000000000000000000000020017
:109A4C000000000000000000000003000000000007
:109A5C0000000000000004000000000000000000F6
:109A6C000000050000000000000000000000FF00E6
:109A7C000000000001B5486801318E460047704671
:109A8C0009380149884701BDB117001000000000DA
:109A9C00FFFFFFFFFFFFFF7F000000000000000042
:109AAC00000000000000000000000000282600203C
:109ABC00D965001085650010FD6400106D64001000
:109ACC0000000000000100001C4F002010000C00E2
:109ADC00000000000000000000000000000000007A
:109AEC0000000000FF0000000080094000000000A2
:109AFC0000000940000000000000807F0000C07FD3
:109B0C00582300200000000000000000804C0020C2
:109B1C00E84C0020504D0020000000000000000028
:109B2C000000000000000000000000000000000029
:109B3C000000000000000000000000000000000019
:109B4C000000000000000000000000000000000009
:109B5C0000000000000000000000000000000000F9
:109B6C0000000000000000000000000000000000E9
:109B7C0000000000000000000000000000000000D9
:109B8C0000000000000000000000000000000000C9
:109B9C0000000000000000000000000000000000B9
:109BAC0001000000000000000E33CDAB34126DE656
:109BBC00ECDE05000B0000000000000000000000BF
:109BCC000000000000000000000000000000000089
:109BDC000000000000000000000000000000000079
:109BEC000000000000000000000000000000000069
:109BFC000000000000000000000000000000000059
:109C0C000000000000000000000000000000000048
:109C1C000000000000000000000000000000000038
:109C2C000000000000000000000000000000000028
:109C3C000000000000000000000000000000000018
:109C4C000000000000000000000000000000000008
:109C5C0000000000000000000000000000000000F8
:109C6C0000000000000000000000000000000000E8
:109C7C0000000000000000000000000000000000D8
:109C8C0000000000000000000000000000000000C8
:109C9C0000000000000000000000000000000000B8
:109CAC0000000000000000000000000000000000A8
:109CBC000000000000000000000000000000000098
:109CCC000000000000000000000000000000000088
:109CDC000000000000000000000000000000000078
:109CEC000000000000000000000000000000000068
:109CFC000000000000000000000000000000000058
:109D0C000000000000000000000000000000000047
:109D1C00D3DEFFFFFE010000FF0100001C64FEFF0C
:049D2C00793512ABC8
:040000051000014D99
:00000001FF
