:020000041000EA
:10000000002008205B0100101B0100101D010010E2
:100010001101001011010010110100101101001058
:100020001901001019010010190100101F01001022
:10003000110100101901001021010010230100100E
:100040001101001011010010110100101101001028
:100050001101001011010010110100101101001018
:100060001101001011010010110100101101001008
:1000700011010010110100101101001011010010F8
:1000800011010010110100101101001011010010E8
:1000900011010010110100101101001011010010D8
:1000A00011010010110100101101001011010010C8
:1000B00011010010110100101101001011010010B8
:1000C00011010010110100101101001011010010A8
:1000D0001101001011010010110100101101001098
:1000E0001101001011010010110100101101001088
:1000F0001101001011010010110100101101001078
:100100001101001011010010110100101101001067
:10011000EFF30580103800BE00BE00BE00BE00BE7A
:1001200000BE00BEF2EB88714803011068030110A5
:100130009C01001090A31AE7D3DEFFFF42012110BB
:10014000FF01000080240100793512AB00201E4918
:10015000086006C881F3088810474FF050400068D7
:1001600008B10020F3E70DA40ECC002902D000F066
:1001700012F8F9E71549164A002000E001C1914242
:10018000FCD114498847144988471449884700BE60
:10019000FDE701C901C29A42FBD370476803011011
:1001A0001001002060230020B82501100000082065
:1001B00000000820B825011000E0072000E007201B
:1001C000000000007047000008ED00E06023002000
:1001D0007C6E0020E95D0010BD040010E15D0010A0
:1001E00010B586B004468DF815208DF8141002F075
:1001F000F3FA42F210734FF0FF3C6FF00042C01868
:1002000041F10003844572EB03013CBF6046134695
:100210004FF0000CCDE902032146022305AACDF8D8
:1002200000C0024808F04CFB06B010BD4021002081
:1002300030B587B0044615468DF8171002F0CCFA99
:1002400042F210734FF0FF3C6FF00042C01841F1D2
:100250000001844572EB01033CBF11466046012357
:1002600002900391174821460DF11702009308F000
:1002700027FB002823DB02F0AFFA42F210734FF0A5
:10028000FF3C6FF00042C01841F10003844572EB5F
:1002900003013CBF604613464FF0000CCDE902035A
:1002A0002A46214601230748CDF800C008F024FB68
:1002B0000028B4BF6FF00100002007B030BD4FF040
:1002C000FF30FAE740210020002330B5DFF840C0BE
:1002D00083B005460DF107029CF800000C468DF82E
:1002E0000730FFF7A5FF38B10346224629460648E6
:1002F00005F066FF03B030BD224629469DF8073061
:10030000024805F05DFFF5E770F0001090F0001076
:10031000E81F002000232DE9F04F624F8DB00893B5
:100320000A933C78CDF82330CDF82B308DF81F3070
:10033000824602F051FA42F210734FF0FF32C018B9
:100340006FF0004341F10001824273EB01053CBFB5
:10035000104619460123CDE902010DF11F02214685
:100360005148009308F0ACFA0028C0F2988002F0DF
:1003700033FA42F210734FF0FF32C0186FF00043AF
:1003800041F10001824273EB01053CBF1046194662
:100390000023CDE90201009321460723424808AA21
:1003A00008F0AAFA0028B4BF6FF001094FF0000965
:1003B0004FF0000B42F210744FF0FF360AADCDF84B
:1003C00014B097F800808DF81FB002F005FA8C4643
:1003D0006FF0004110EB040E4CF1000C764571EB10
:1003E0000C0038BF8C464FF0010238BF4FF0FF3E83
:1003F000134600924146CDE902EC2B480DF11F0255
:1004000008F05EFA002846DB02F0E6F96FF00042E1
:1004100010EB040C41F1000E6645414672EB0E08EC
:100420003CBF96464FF0FF3C0020012300902A4637
:10043000CDE902CE1C4808F05FFA00282BDB0BF157
:10044000010BBBF1070F05F10105BAD14A46514630
:10045000164805F0B5FE0DF11F040DF1260514F840
:10046000011F134805F0ACFEAC42F8D105991148C4
:1004700005F0A6FE0DF127040DF12E0514F8011F5D
:100480000B4805F09DFEAC42F8D10B4805F01AFE72
:100490000DB0BDE8F08F4FF0FF330593CFE74FF07D
:1004A000FF3985E7E81F002040210020ACF0001054
:1004B000C4F00010CCF00010DCF000102DE9F04F7B
:1004C000CBB005F0BBFD00F0DDFB02E0642002F0E4
:1004D0003BF806F09DF80028F8D000244FF4FA709D
:1004E00002F032F80B4805F0EDFD78210A4805F0DE
:1004F00067FE802200210AA80EF05EFD2746A04676
:100500000DF1A80908264FF0000B8DF8A87005948E
:1005100007E000BF7CF20010A0F200100136782E38
:1005200030D08DF8277002F057F942F210744FF076
:10053000FF3E0D466FF0004C041945F10005A6453D
:100540007CEB05003CBF744665460123CDE90245BE
:10055000C9480DF12702F1B2CDF8008008F0B0F9DA
:100560000028DBDBBBF1770FD8D83346CBF1800115
:1005700009EB0B00C14A013605F0ECFB782E0BF1BC
:10058000050BCED148460AA9059C0EF047FB90B159
:100590004846BB490EF08AFA002800F0E082B94BC9
:1005A0004A462146B84805F00BFE4B468021B74A23
:1005B0000AA805F0CFFB4FF47A70013401F0C4FFB4
:1005C000782C9FD1B24805F07DFD1B2001F00EF97B
:1005D0001B264FF0000343EC44604FF050440022D0
:1005E0000121304601F0E0F8022001F0ADFF0122C8
:1005F00000213046656801F0D7F8022001F0A4FF21
:10060000002264681146304605F0006504F000647D
:1006100001F0CAF8C5F3C062C4F3C063002D40F016
:10062000A7829C499C48AC4208BF014600919B4868
:100630001B2105F0C5FD9A4805F0C2FD082642F2CF
:10064000107802F0C9F84FF0FF3C6FF0004710EB54
:10065000080541F10004AC4577EB040B3CBF65464F
:100660003C464FF0000E01234A46CDE90254824831
:10067000F1B2CDF800E008F03FF9002803DB314685
:100680007E4805F09DFD0136782EDAD10A2005F06E
:10069000D7FC844805F094FD0826002742F2107824
:1006A0008DF8A87002F098F84FF0FF3E6FF0004C04
:1006B00010EB080441F10005A6457CEB05083CBFA2
:1006C0007446654601234A46CDE902456A48F1B2BF
:1006D000009708F0F5F8002803DB3146674805F07D
:1006E0006FFD0136782ED9D10A2005F0A9FC4FF014
:1006F000FF3828216FF000470023322442F21075A2
:100700001E46CDE905335FFA81FB079102F064F8DC
:1007100010EB050E41F1000CF04577EB0C013CBFEE
:100720004FF0FF3E6FF0004C01234A465946CDE999
:1007300002EC5148009608F0DFF8002802DB059B28
:10074000013305938DF8A86002F046F810EB050E12
:1007500041F1000CF04577EB0C013CBF4FF0FF3E40
:100760006FF0004C01234A465946CDE902EC42485D
:10077000009608F0A5F800284FF0020002DB069B67
:100780000133069301F0E0FE013CBFD10799DDE99A
:1007900005234548059105F013FD05994B1C2A2BAF
:1007A0004FF02901A8D1274642F21076DFF82481C4
:1007B00098F800B02A978DF8287002F00DF84FF0E5
:1007C000FF3E6FF00042851941F1000CAE4572EB1F
:1007D0000C013CBF9446754601235946CDE9025CA5
:1007E000254800930AAA08F06BF800281EDB01F0E8
:1007F000F3FF4FF0FF3E6FF00042851941F1000C0E
:10080000AE4572EB0C013CBF9446754604234A4644
:100810005946CDE9025C1848009708F06DF80028A9
:1008200004DB9DF8A830A02B00F0AC811F4B08F131
:1008300001089845BCD11E4D1E48297805F0C0FC22
:100840001D4805F03FFC00211C48FFF73DFD072136
:100850001B48FFF739FD3D211A48FFF735FD3E21C2
:100860001948FFF731FD39211848FFF72DFD3A21CE
:100870001748FFF729FD2FE040210020D4F2001097
:10088000DCF2001018F10010ECF20010FCF2001085
:1008900000F3001030F2001038F1001020F30010C7
:1008A00044F3001058F300106CF30010AAF7001086
:1008B000E81F0020D8F3001034F4001058F40010A2
:1008C00060F4001068F4001074F4001080F400105C
:1008D0008CF40010A8F700103821B648FFF7F4FC9C
:1008E0003621B548FFF7F0FCB44805F0EBFB2022B9
:1008F0003F212878FFF774FCB14F07F1200857F823
:10090000046FB44205D20A200A3401F01DFEB4423D
:10091000F9D32046FFF7FEFC4745F0D1A94805F082
:10092000D1FB3921A848FFF7CFFC3A21A748FFF7B0
:10093000CBFC38219F48FFF7C7FC36219E48FFF7C4
:10094000C3FC3D21A248FFF7BFFC3E21A148FFF7B1
:10095000BBFC0721A048FFF7B7FCA04805F0B2FB9D
:1009600000223D212878FFF73BFC1E2001F0ECFD22
:1009700001223F212878FFF733FC4FF47A7001F011
:10098000E3FD36218C48FFF79FFC3A218F48FFF7A3
:100990009BFC934805F096FB00223F212878FFF747
:1009A0001FFC00223E212878FFF71AFC01223B2180
:1009B0002878FFF715FC05223D212878FFF710FC69
:1009C000322001F0C1FD3D218148FFF77DFC052665
:1009D00042F210744FF0FF370023082295F8008090
:1009E0000A93ADF82C30C9F80030A9F804308DF81E
:1009F000272001F0F1FE6FF00043001941F10002E1
:100A0000874273EB02013CBF1A464FF0FF300123CF
:100A1000CDE90202414673480DF12702009307F029
:100A20004FFF002819DB01F0D7FE6FF0004C0019D2
:100A300041F1000287427CEB02013CBF62464FF06D
:100A4000FF304FF0000CCDE9020241460623654815
:100A50000AAACDF800C007F04FFF142395F80080D4
:100A60008DF8273001F0B8FE6FF00043001941F116
:100A70000002874273EB02013CBF1A464FF0FF3081
:100A80000123CDE90202414656480DF127020093A9
:100A900007F016FF002819DB01F09EFE6FF0004CF6
:100AA000001941F1000287427CEB02013CBF624623
:100AB0004FF0FF304FF0000CCDE902024146062313
:100AC0004A464848CDF800C007F016FFBDF9AC1003
:100AD000BDF9AA20BDF9A800CDE90121BDF92C304E
:100AE000BDF92A20BDF9281000903F4805F068FBA9
:100AF000C82001F029FD013E7FF46EAF3B4805F0B0
:100B0000E1FA32463D212878FFF76AFB1E2001F00A
:100B10001BFD80223F212878FFF762FB4FF47A709B
:100B200001F012FD38212348FFF7CEFB392126487A
:100B3000FFF7CAFB3A212548FFF7C6FB3046FFF70F
:100B4000E9FB4A4631462878FFF772FBB0B12848E6
:100B500005F0B8FA4FF47A7001F0F6FCFAE748466F
:100B600024490DF0A3FF00287FF419AD224B17E5AF
:100B700022492348002C18BF014657E5214805F0BB
:100B8000A1FAE4E72049214A214DBBF1290F18BF02
:100B90000A469DF8AB101F4802919DF8AA100191DA
:100BA0009DF8A9100091594685F800B005F008FBA2
:100BB00046E600BF94F40010A0F40010ACF400105E
:100BC00084F70010E0F4001080F400108CF40010A2
:100BD00068F4001074F4001060F40010FCF40010CD
:100BE0001CF500104021002054F5001080F5001085
:100BF000C0F50010E4F200102CF1001088F1001094
:100C000060F10010A8F5001070F2001060F2001002
:100C1000E81F002098F300100023FF22C0E90033F2
:100C2000C0E90233C0E9043382717047000000005C
:100C300000239FED057BC0E9013380ED047B038039
:100C4000704700BFAFF3008000000000000000000C
:100C500000239FED097B037080ED027B80ED067B16
:100C600080ED0A7B4360036180F8203080F83030EB
:100C7000704700BFAFF300800000000000000000DC
:100C800001F082BE2DE9F04F97B008AB1C464FF043
:100C9000010900279F4A0DF12C0807CA83E80700C5
:100CA00054F8045B284600F0A1FD4FF0010343EC2B
:100CB00044504FF0000646EC40504445F0D1964871
:100CC000FFF7AAFF9548FFF7B3FF1E2000F08EFD47
:100CD0001E2046EC44000022012100F065FD07F0D3
:100CE0003FFC1F212E2000F041FD00222E20114646
:100CF00000F05AFD00212E2000F068FD132000F0C6
:100D000075FD152000F072FD4FF0130846EC44808D
:100D10004FF0150A46EC44A001220021404600F0A5
:100D200043FD01220021504600F03EFD03237C4D8F
:100D30007C4ECDE901392A4631467B48CDF800800A
:100D400007AB07F0A7FF002840F08180774978487B
:100D500007F08AFD03211C2000F008FD03211D205F
:100D600000F004FD002201211C2000F01DFD0022E6
:100D700001211D2000F018FD6E4800F0CDF900F0B3
:100D80002DFC092000F032FD4FF00104092344EC52
:100D9000403044EC443044EC40300C2000F026FD60
:100DA0000C2344EC403044EC443044EC40300D2003
:100DB00000F01CFD0D2344EC403044EC443044EC86
:100DC00040302F2000F012FD2F2344EC403044EC43
:100DD000443044EC40305849584807F0A9FD0121FF
:100DE000082000F0C3FC01210A2000F0BFFC012113
:100DF0000B2000F0BBFC524800F08EF900F068FABE
:100E000001F0EAFCC9B14FF47A7200230EF0D8F871
:100E1000024600234B4800F0D5FB01F0DDFC89B110
:100E20004FF47A7200230EF0CBF8024600234648B6
:100E300000F0C8FB17B0BDE8F08F444BA3FB0030B7
:100E40008209E6E7414BA3FB00308209EEE70097F9
:100E5000424601232968306807F042FE0097524657
:100E600001232968306807F03BFE4FF480324FF4CD
:100E7000F833CDE910234FF44023A4461293079B87
:100E8000139703F10E02DB0143EA0233049323F0CC
:100E9000F8530DF1400B43F0A852D8465F46059237
:100EA000BBE80F00ACE80F004FF0FF31A246A646AA
:100EB000049BCCF800100C93DCF800300493BAE8E3
:100EC0000F00A8E80F00049BCBF800300FCFAEE86E
:100ED0000F004FF418230E931D4B059A0F934FF4F8
:100EE00000230C920D93079A23462968306807F077
:100EF0003DFE00287FF42AAF32682B68106809FA9B
:100F000003F3034313491448136081F80090FFF77B
:100F10009FFE1BE7D4F7001008260020B025002014
:100F2000604E00205C4E0020ACF70010A08601004F
:100F3000402100201820002040420F00008008407F
:100F4000EC1F00206020002048200020D34D6210BC
:100F5000FFFF10FE746E0020C8250020F0B5047855
:100F600089B0012C054616461F468DF8171040D053
:100F7000447801F031FC4FF0FF326FF0004310F580
:100F8000FA5041F10001824273EB010C3CBF104664
:100F900019460123CDE902010DF1170221462A4825
:100FA000009307F08DFC002820DB6D7801F014FC25
:100FB0004FF0FF326FF0004310F5FA5041F100049A
:100FC000824273EB04013CBF10461C4629460025B3
:100FD00002903B463246039400951B4807F08CFC78
:100FE000A842B4BF0020012009B0F0BD002009B024
:100FF000F0BDCBB2022163F07F038DF81F301348A0
:10100000134B4268596003680A4083F00703114993
:1010100003F0CF030B60104B5A60AB784FF0000227
:1010200042EC403022460DF11F010DF0D5FF3B464A
:101030003246002105480DF093FFAB7844EC403078
:10104000204609B0F0BD00BF4021002000800840CC
:1010500000B008400090084000A0084030B5037878
:1010600089B0012B04468DF81C108DF81D2021D06D
:1010700043784FF0FF341D4601F0AEFB6FF00042A5
:1010800010F5FA5041F10003844272EB03013CBFBA
:10109000204613460024CDE902032946022307AA6D
:1010A0000094184807F00CFCA042B4BF00200120B7
:1010B00009B030BD144801F07F018DF81C10426862
:1010C000124902F0020C022205934A600168DFF81F
:1010D00044E081F0070101F0CF01CEF800100C4987
:1010E000C1F804C0A1784FF0000C4CEC401007A9E7
:1010F0000DF072FFA278059B43EC4020184609B022
:1011000030BD00BF402100200080084000B00840F2
:1011100000A008400090084070B5D0220025037858
:1011200092B0012B80F8255004468DF81F508DF8A1
:10113000202000F09C80457801F04EFB4FF0FF32FC
:101140006FF0004310F5FA5041F1000C824273EB4E
:101150000C013CBF10469C4601230290294657488B
:1011600008AACDF80CC0009307F0AAFB002822DBE8
:1011700063784FF0FF351E4601F02EFB6FF0004202
:1011800010F5FA5041F10003854272EB03013CBFB8
:101190002846134600250290039331460123474811
:1011A0000DF11F02009507F0A7FBA84203DB9DF895
:1011B0001F30602B02D0002012B070BD1A2388218E
:1011C00020460AAAFFF7CAFE0028F4D00723E1212F
:1011D000204608AAFFF7C2FE0028ECD0BDF8282060
:1011E0009DF824309DF823009DF82510A280BDF8BD
:1011F0002A202281BDF82C206281BDF82E20E280B9
:101200000C9AE2600D9A22610E9A62610F9AA261B5
:101210009DF841202277BDF82020E2839DF822200E
:1012200062779DF8265003F00F021B0942EA001274
:1012300043EA01132284F22101222046638484F8C8
:101240002450FFF70BFF0028B5D02722F4212046B9
:10125000FFF704FF0028AED04022F5212046FFF71B
:10126000FDFE0028A7D0012384F82530A4E7022042
:101270008DF82820124E134A716850603268014080
:1012800082F00702104802F0CF0202600F4A51605C
:10129000A27845EC40201A460AA9304605930DF085
:1012A0009BFE059B0DF11F02294630460DF058FEAE
:1012B000A278059B43EC402079E700BF4021002045
:1012C0000080084000B008400090084000A008409E
:1012D000F0B500240C269FED307B0321304D85B006
:1012E0000095304B304D314AC3E90044146030481A
:1012F000304A2E719C60304F304B314E87ED007B71
:10130000C2E900448DF80F1094600A2114731C6028
:101310000B2208232860346000F05CF8287900F084
:1013200071F8284B294600932448274B274A07F099
:1013300029FE28B1214B30601C60002005B0F0BDB3
:101340001E4C206807F01AFE034628B91949206888
:1013500007F004FF034660B11848336008F010F846
:101360000023164A1360134AC2E9003393601373D3
:10137000E3E7174920680DF10F0207F06FFE0346FF
:101380000028E9D1206807F0A5FF03460028E3D133
:101390000120D3E7AFF30080000000000000000050
:1013A00040420F00345B00204C4E00202C5B00209C
:1013B00000800840446E002000260020684E002077
:1013C000305B002091150010E1140010251400106E
:1013D000D4F5001030B583B00D460699CDE9003242
:1013E00007F0A6FA04460121284600F0BFF901984B
:1013F000012100F0BBF90098012100F0B7F9204667
:1014000003B030BD00B583B0019000F0EFF94FF0AC
:101410000103019843EC400043EC440043EC4000DE
:1014200003B000BD2DE9F04184B0ADF806100028EE
:101430003CD0002A38D090460268022711461D464B
:1014400051F8043F90F804C0044601F5405007608D
:10145000106802F5805E80F00F003B4001F50051FE
:1014600000F0CF00CEF8000000260B6046EC40C034
:1014700000BF00BF00BF012320680DF10E020DF177
:101480000601ADF80E600DF0CBFD01281CD185B929
:10149000002000BF00BF00BF4FF00102237942ECE3
:1014A000403004B0BDE8F081002BC4D06FF00100E3
:1014B000F7E72B464246314620680DF055FD854240
:1014C000E6D06FF00100E4E700BF00BF00BF4FF0BF
:1014D0000102237942EC40304FF0FF30E1E700BFDA
:1014E0002DE9F04182B0ADF80610002839D0002A6D
:1014F00035D01D46036802279C4690465CF8042FB1
:1015000001790CF54056376003F5805E1B683A4060
:1015100083F00F030CF5005C03F0CF030446CEF814
:1015200000304FF00000CCF8002040EC401000BF2D
:1015300000BF00BF012220680DF106010DF068FD1B
:1015400001281BD185B9284600BF00BF00BF4FF05E
:101550000102237942EC403002B0BDE8F081002B5B
:10156000C7D04FF0FF30F7E72A46414620680DF01C
:101570004FFD281A18BF4FF0FF30E5E700BF00BF4E
:1015800000BF4FF00102237942EC4030E9E700BF91
:1015900038B541F28833984210D8044650B10A2C2D
:1015A000254628BF0A25FFF76BFB284600F0CCFF35
:1015B000641BF4D1FFF764FB002038BD6FF002001C
:1015C00038BD00BF002112F5FA7243F10003C0E9F3
:1015D0000331826041700175704700BF2DE9F0470B
:1015E0004FF000094FF0FE0A4F465D4C5D4E86B04D
:1015F00004F1040816F8015B04F8017B002D3ED0CD
:101600008DF813A001F0E8F84FF0FF326FF00043BF
:1016100010F57A6041F10001824273EB010C3CBF8E
:10162000104619460123CDE902010DF113022946A6
:101630004D48009307F044F9002820DB01F0CCF876
:101640004FF0FF326FF0004310F57A6041F1000176
:10165000824273EB010C3CBF104619460097CDE95E
:10166000020102232946404805AA07F045F900284F
:1016700005DB44F65413BDF814209A4205D04445C6
:10168000B8D1484606B0BDE8F087FF238DF8133087
:1016900001F0A2F84FF0FF326FF0004310F57A60CE
:1016A00041F10001824273EB010C3CBF1046194628
:1016B0000123CDE902010DF1130229462A480093C6
:1016C00007F0FEF80028DADB01F086F84FF0FF3271
:1016D0006FF0004310F57A6041F10001824273EB34
:1016E000010C3CBF104619460023CDE902010093CE
:1016F000294602231C4805AA07F0FEF80028BEDB95
:1017000046F22203BDF814209A42B8D14FF48A431E
:10171000ADF8143027238DF8163001F05DF84FF046
:10172000FF326FF0004310F57A6041F10001824210
:1017300073EB010C3CBF104619460023CDE90201B2
:10174000009329460323084805AA07F0B9F80028A2
:1017500095DB012309F1010904F8013C8FE700BF83
:10176000745B0020E0F70010402100204FF4807CE3
:101770000C4B00B553F8202003EB8003C00082F02F
:10178000400200F1804003F5805E02F0C00200F5E7
:10179000203003F54053CEF800204160C3F800C06C
:1017A00000BD00BF04800340DFF81CC0C90041EA4F
:1017B00082015CF820200CEB8003514003F580533C
:1017C00001F00C011960704704800340064B402271
:1017D00003EB800319B103F500531A60704703F55A
:1017E00040531A60704700BF048003404FF000036D
:1017F00000B543EC440043EC40004FF0050E4FF4BD
:10180000807C0C4BC20053F8201003EB800081F069
:10181000400102F1804303F5203301F0C00200F5DE
:10182000805100F540500A60C3F804E0C0F800C0E1
:1018300000BD00BF048003400FB400B5084883B06A
:1018400004F040FC049B3BB105A91846019104F04B
:10185000ABFA044804F036FC012004F0BDFA00BFE6
:10186000ECF5001094F30010EFF3108072B6064B05
:10187000D3E8CF1F01220029FAD1C3E8412F002964
:10188000F6D1BFF35F8F70479F4C00200023034ABF
:10189000C2E88F3F80F31088704700BF9F4C002044
:1018A00070B51646EFF3108472B6DFF848E0DEE854
:1018B000CF2F0123002AFAD1CEE8423F002AF6D1E9
:1018C000BFF35F8F012301F0070CCA0803FA0CF382
:1018D00010F802C01CEA030508D14CEA030C00F81A
:1018E00002C0CEE88F5F84F3108870BD3046FFF7EA
:1018F000A3FF00BF9F4C0020F8B50F461946EFF339
:10190000108672B61C4DD5E8CF4F0123002CFAD1BA
:10191000C5E8443F002CF6D1BFF35F8F8A421BD845
:10192000012402E00132914222D3D30810F803E0EF
:1019300002F0070C04FA0CFC1EEA0C0FF2D14EEA7E
:101940000C0E00F803E010460023C5E88F3F86F335
:101950001088984207DBF8BD0023C5E88F3F86F367
:1019600010884FF0FF30002FF5D00698FFF764FF86
:101970004FF0FF30E8E700BF9F4C002000B5EFF3C9
:10198000108E72B6104BD3E8CFCF0122BCF1000FFE
:10199000F9D1C3E84C2FBCF1000FF4D1BFF35F8F36
:1019A00001224FEAD10C01F0070102FA01F110F80F
:1019B0000C2022EA010200F80C200022C3E88F2F3D
:1019C0008EF3108800BD00BF9F4C0020044A1078A1
:1019D000431CDBB2182B28BF10231370704700BFC5
:1019E0007820002000B5DFF81CC083B001461F231B
:1019F0001822CDF800C00248FFF77EFF03B000BDFB
:101A0000F04D0020FCF500104FF0E022936843F009
:101A100000539360704700BF0021044B03F1200284
:101A2000C3E88F1F01339342FAD17047944C0020D2
:101A30004FF0E0234FF08032C3F80024C3F80424B1
:101A4000C3F80824C3F80C24C3F81024C3F81424E2
:101A5000C3F81824C3F81C24C3F82024C3F8242492
:101A6000C3F82824C3F82C24C3F8302462B6704786
:101A7000012300F01F029340400941B1800000F1B2
:101A8000604000F56140C0F8803103607047024A51
:101A9000203042F82030704700E100E00123064A80
:101AA000410952F8212000F01F008340134214BF67
:101AB00001200020704700BF00E100E0012243093F
:101AC000034900F01F008240403341F82320704753
:101AD00000E100E0054A10309268054B52F8200002
:101AE000C01A47288CBF00200120704700ED00E09D
:101AF0007C20002008B5EFF3108E72B6134BD3E8AC
:101B0000CFCF0122BCF1000FF9D1C3E84C2FBCF1BB
:101B1000000FF4D1BFF35F8F0D4A10309268DFF8E9
:101B200034C052F82020624501D091420BD1084ABE
:101B3000926842F82010BFF35F8F0022C3E88F2F16
:101B40008EF3108808BD00F0F1FF00BF9D4C00200F
:101B500000ED00E0110100102DE9F84F8B46114611
:101B6000EFF3108872B6664FD7E8CF2F0123002A13
:101B7000FAD1C7E8423F002AF6D1BFF35F8F614B2D
:101B800093F90040002CC0F2B88000F110055E48C7
:101B900004EB440900EB890296794FEA89091E702B
:101BA0005A4B9B6853F82560331A472B35D826F0DB
:101BB000010E9EF807308B4209D86FE00CEB4C0306
:101BC00000EB830393F807A08A4551D99E469EF9FE
:101BD00006C0BCF1000FF1DA4BF601590EF1040A10
:101BE000131FA3EB0A03C3F34A036FEAC3436FEA6D
:101BF000D3438EF80640DFF820A104EB440400EB49
:101C00008402AEF8043040F824A0A2F8049082F8D0
:101C100006C0D171C2F808B01DE03D4B9E426CD1A8
:101C20003C4BD17109F102010144043B5B1AC3F33F
:101C30004A036FEAC3434FF421416FEAD34320F8CC
:101C400009105380FF214BF60153C2F808B091717F
:101C5000938042F001062D4B9B6843F82560BFF34B
:101C60005F8F0023C7E88F3F88F31088BDE8F88FA7
:101C7000F2466FF00703A3EB09033AF8049F1B1A1F
:101C800049F30A0909F102090AEB49099944C9F320
:101C90004A096FEAC9496FEAD949A1E76FF007031A
:101CA000D1711C4909F1020404440439091BA3EB56
:101CB0000903C1F34A011B1A6FEAC1417344C3F31C
:101CC0004A036FEAC3436FEAD1414FF421466FEAFA
:101CD000D3435180104920F8096093804AF6AA2422
:101CE00073461B1A5B415C43240DC2F808B0947123
:101CF00042F00106CEF80010ADE700F017FF00BF7C
:101D00009D4C0020756E00207C20002000ED00E03E
:101D100011010010C4200020014880472DE9F04146
:101D2000EFF30583DBB29E46EFF3108572B62F49C1
:101D3000D1E8CF2F0123002AFAD1C1E8423F002A7F
:101D4000F6D1BFF35F8FDFF8B48040F00106D8F81A
:101D500008704AF6AA2357F82E700446244AA41A9B
:101D6000644163431B0DB7425BB226D092F9064033
:101D70009C4228D092F912409C422FD092F91E40EA
:101D80009C422DD092F92A409C422BD092F93640A9
:101D90009C4229D092F942409C4208BF052413D0AE
:101DA000144A002492F800C0137080F806C0C1E8FD
:101DB0008F4F85F31088BDE8F081D8F808200E4CCD
:101DC00042F82E40ECE7002404EB440402EB8402CA
:101DD000FF2494714BF601549480E1E70124F3E76A
:101DE0000224F1E70324EFE70424EDE79D4C0020F3
:101DF0007C200020756E00201101001000ED00E035
:101E000000B5DFF824C083B0014605230022CDF8D9
:101E100000C00448FFF770FD0028A8BFC0F13300E0
:101E200003B000BD7B6E002018F60010014B0B4480
:101E300003607047944C002070B5104C104DAC42BC
:101E40000ED2FF26236863B1FFF7C0FD014620468E
:101E5000FFF7ECFFA680BFF35F8F0834AC42F1D3ED
:101E600070BDFFF7B3FD01462046FFF7DFFF267187
:101E7000BFF35F8F0834AC42E4D370BD5823002019
:101E80006023002010B50446FFF7A0FD0146204660
:101E9000FFF7CCFFFF232371BFF35F8F10BD00BF9F
:101EA00010B504460120FFF79DFD034B034423605A
:101EB000BFF35F8F10BD00BF944C0020024B0B445A
:101EC0000360BFF35F8F7047944C002010490B688C
:101ED000EFF3108072B6D3E8CFCF0122BCF1000F30
:101EE000F9D1C3E84C2FBCF1000FF4D1BFF35F8FE1
:101EF000084A4FF0000C1378096801331370C1E8E9
:101F00008FCF80F3108840BF00200021704700BFB2
:101F1000546E0020776E00202DE9F04F2DED028BDE
:101F200085B0EFF30583DBB2103B9A0818BF01229E
:101F30004FF0010103F0030B18BFA94CA94B08BFD8
:101F4000A94C0BEB820253F8225001FA0BF204F574
:101F500041539FEDA18B02925A602FE0AB88190488
:101F600040F19480AB79002B40F0DE80B5F9086039
:101F7000002EC0F21C816B6906EB460603EBC6031C
:101F8000D3E90267B7F1FF3F08BFB6F1FF3F0ED0BC
:101F900004EB8B01A36A0A69D21AF31A934205D3A0
:101FA0000123226A03FA0BF3134200D10E6120468B
:101FB00000F00AFCB042B941C0F2F980B5F90860FE
:101FC000029B002EE363C9DBD5F8149006EB460AAA
:101FD00009EBCA07BB682046D7F80C80019300F0D4
:101FE000F3FB019B984271EB0801B7DBB8F1000FDE
:101FF000C0F2C080D7E904317C4A934200F0F880F7
:102000007A88B5F9080092B242EA00409847024641
:102010000B4652EA030100F0AD80002B80F2CD8028
:102020000199B1EB020E68EB030839F93A30C7E9C0
:1020300002E8002B92DB686903EB430200EBC2026B
:10204000D2E90271BE4578EB010C4FEA430285DB11
:10205000AC462CF8083F06E003EB430100EBC1015E
:102060005A00D1E90271BE4578EB01011A4405DB43
:1020700030F9323000EBC20C002BEDDA29F83A309F
:10208000ACF80060AB8819043FF56CAF2B69EFF337
:10209000108272B6D3E8CF0F01210028FAD1C3E82D
:1020A000401F0028F6D1BFF35F8F4FF6FF76A88858
:1020B0000023296900B2AE80C1E88F3F82F3108807
:1020C0009842FFF64FAF0746A1466E6905F1080832
:1020D000B5F9083007EB470E002BC44606EBCE02DD
:1020E00015DBD2E90240AA46019704E036F9353003
:1020F0009446002B09DB03EB430506EBC502D2E94E
:102100000271BC4270EB0101F0DA5546019FACF858
:10211000007036F93E7026F83E30002FD8DAAB79E1
:102120004C46002B3FF422AF0023AB71B5F9086099
:10213000721C33463BD0686905F1080E03E08E46F9
:102140005A1C3FF415AF03EB430200EBC2014F886A
:102150009C463F0430F93230F1D5664581ED028B63
:10216000EED0AEF800302989664620F83210A5F886
:1021700008C0E5E739F83A302B812B69EFF310827C
:1021800072B6D3E8CF0F01210028FAD1C3E8401F6F
:102190000028F6D1BFF35F8F6B88296929F83A30A0
:1021A00000236E80C1E88F3F82F31088D6E640BFDF
:1021B00005B0BDEC028BBDE8F08F20460393019281
:1021C00000F002FB019A039B10EB020E43EB0108A7
:1021D0002BE700BFAFF30080FFFFFFFFFFFFFFFF14
:1021E00000800B40545B002000000B40191F0010C2
:1021F00008460B69039198470028BBD00399D1E9A1
:10220000002306E738B5384B1C692CB1BDE83840CF
:102210000A213648FFF70ABE0321354800F0C2FA0A
:10222000334D314BDD60FFF7D1FB324A4FF0504E5A
:10223000024403202C4B4FF00F0C18701A61DEF88B
:1022400000204FF6FF715A705A69A3F802C0148338
:102250004FF00204A2F848404FF00404A2F878407E
:102260004FF00504A2F890404FF00604A2F8A840F1
:102270004FF00704A2F8C0404FF00904A2F8F04064
:102280004FF00A04A2F808414FF00B04A2F82041D5
:102290004FF00C04A2F838414FF0010414864FF0BF
:1022A0000804A2F8D840144C4FF00D0E4FF00E0C5D
:1022B0009C6008249980A2F850E1A2F868C1A2F8B5
:1022C000600011800D4A2C620D49D360FFF712FCAB
:1022D00001210320FFF7CCFB0A4B0A211C640348B1
:1022E000BDE83840FFF7A2BDE8200020546E002072
:1022F00000000B40944C0020FFFF1000545B0020B6
:10230000191F001000200B4000487047E8200020F3
:10231000F0B583B09DF828401D46034654B9CDE979
:10232000000200F059FA019A009B824265EB01011C
:10233000A1425BDB1969EFF3108072B6D1E8CF6F71
:102340000124002EFAD1C1E8464F002EF6D1BFF38A
:102350005F8FB3F902401F69002C3EDBD3F814C035
:1023600004EB440E3CF83E10002659800CEBCE01E5
:10237000C7E88F6F80F310884888C1E902250130D3
:10238000C0F30E00012838BF0120089A48800A6176
:10239000099A40EA04404A611A69EFF3108172B663
:1023A000D2E8CF7F0125002FFAD1C2E8475F002F86
:1023B000F6D1BFF35F8F9A882CF83E201A699C8073
:1023C000C2E88F6F81F3108801211C78DA68A14080
:1023D00002F50153596003B0F0BD0023C7E88F3FF9
:1023E00080F310884FF0FF3003B0F0BD204603B0FB
:1023F000F0BD00BFF0B516461F4602690346EFF375
:10240000108072B6D2E8CF4F0121002CFAD1C2E879
:10241000441F002CF6D1BFF35F8FB3F902101D6982
:10242000002945DBD3F814E001EB41023EF83240CD
:102430000EEBC20C5C800024C5E88F4F80F310883F
:1024400005983546CCF8100006983E46CCF81400A6
:10245000BCF80200CCE902560130C0F30E0001289E
:1024600038BF0120ACF8020040EA0140D3F810C0A8
:10247000EFF3108572B6DCE8CF7F0126002FFAD18A
:10248000CCE8476F002FF6D1BFF35F8FB3F804C0DD
:102490002EF832C099801A69C2E88F4F85F31088F0
:1024A00001211C78DA68A14002F501535960F0BDA2
:1024B0000023C5E88F3F80F310884FF0FF30F0BD58
:1024C00003464089B0EB214F3ADD58690A1402EB0C
:1024D000420210B5D3F810C000EBC200EFF3108E2B
:1024E00072B6DCE8CF4F0122002CFAD1CCE8442FA1
:1024F000002CF6D1BFF35F8F428889B292B28A4234
:1025000007D000221B69C3E88F2F8EF310880020AC
:1025100010BD6FEA42426FEA52424280012100221E
:1025200018699971C0E88F2F8EF3108893F800C056
:10253000DA68084602F5015301FA0CF1596010BD42
:1025400000207047407870472DE9F04383B006467D
:1025500000F042F94FF47A7304464FF0FF306FF009
:102560000042E6FB0341A04272EB01033ABF04467E
:1025700015460D46A61F45F1FF37B44275EB07031C
:102580003CBF0026374600F027F9301A67EB0101FF
:10259000012871F1000106DA2046294603B0BDE8A2
:1025A000F04300F023B900F017F9864267EB010110
:1025B00000290ADB00211D4B324600931C483B4694
:1025C0000191FFF717FF0130E6D04FF0000E194AD6
:1025D000DFF868C01849536A9F4204D8906AB04235
:1025E000DAD29F42D8D1DCF80030EFF3108072B617
:1025F000D3E8CF9F5FF00108B9F1000FF8D1C3E82D
:10260000498FB9F1000FF3D1BFF35F8F0B785FFAF9
:1026100083F8DCF80030C3E88FEF80F31088087887
:10262000804500D120BF20BFD5E700BFCD1E0010E0
:10263000E820002000000B40776E0020546E002040
:10264000F0B5024685B0EFF30585EDB2002D61D1FE
:102650000B46424CD4E90001994208BF90424AD04F
:10266000CDE902233E4BDF681E78384600F0ACF817
:1026700006F1040C57F82CC0029A039BACEB000C3B
:10268000101A63EB0101604571F1000133DACDE905
:10269000022300F0A1F8029A039B824263EB01013E
:1026A000002949DB2F492E4800910195CDE90232DE
:1026B000FFF7A0FEDDE90232011E3DDD2A48C4E934
:1026C0000023446A9C4246D3806A904241D3244806
:1026D000CDE90232FFF7F4FE2349029B486A984293
:1026E0001CD314BF012000208B6A039A934228BF99
:1026F00040F001000CE020BF1B49486A98420DD30E
:1027000014BF012000208B6A934228BF40F00100D3
:1027100005B0F0BD1448436A8B4202D2002005B0D8
:10272000F0BD14BF01230023816A914234BF1846D3
:1027300043F0010005B0F0BD0B49486A9842EDD363
:10274000C01A18BF01208B6A934228BF40F00100D5
:10275000DEE79C42BBD120BFB9E700BFE0200020EC
:10276000E8200020CD1E001000000B40084BD0E9EF
:1027700000C15A6A914208D814BF012000209B6A08
:10278000634528BF40F0010070470020704700BF3C
:1027900000000B4001460248C1E90023704700BF1A
:1027A0006D27001010B4054B054C064AA04214BF1B
:1027B0001846581C10BCFFF773B800BFF44D00203A
:1027C00000800B4034F600100346416A0A46986ABE
:1027D000596A8A42FAD17047034B596A0A46986A85
:1027E000596A9142FAD1704700000B40074A536A78
:1027F0009942FCD8994207D1044B02E05A6A9142AF
:1028000002D19A6A9042F9D8704700BF00000B408D
:1028100000EB400C4FEA8C0C0CF1804C0CF5803C2A
:1028200070B51E46DCF80430041FB3F5803F38BF96
:102830004FF48033E4B238BFCCF80430012C2ED9E9
:102840004FF40065284B0CF5405ECEF8005053F86D
:1028500020E0BEF1000F17D1DCF800E0012C8EEA79
:10286000421202F0E0020CF5805ECEF800202BD977
:102870004FF4006143F820604FF480330CF50052B0
:102880001160CCF8043070BD5D69B5FBFEFE0EF141
:10289000010E0EEB4E0EBEF1030EFCD2DCE7012959
:1028A000CED103240CF540531C60DCF80830DB0764
:1028B000FBD5DCF800300CF5805E83EA421303F0B0
:1028C000E003CEF80030084B0122DCF800404C4019
:1028D00004F00304CEF8004002FA01F1DCF808200D
:1028E0000A42FBD0C4E700BFFC4D0020014B53F867
:1028F00020007047FC4D002010B5029C8E464FEA28
:10290000043C4CEA034C1C4BB3FBF1F30168B2FBF3
:10291000F3F4002920DB194A194B904214BF4FF4FD
:1029200080424FF4004217491A6003F580531A6041
:102930008B6832EA0303FBD1212200F540530433B4
:10294000C0F800E084601A600268002AFCDA0822FD
:10295000C0F80CC01A6010BD036803F03F03734554
:10296000D9D18368C3F30B03A342D4D1C36803F462
:10297000EE236345CFD110BD001BB700008005409A
:102980000020024000000240024A034B12685A60D5
:10299000704700BF445B002000800D404FF0804C2A
:1029A000214B00B5C3F800C0002839D0DFF888C03B
:1029B000A3F54053C3F81CC0DFF880C040F001000D
:1029C00080EA0C0CC3F820C0596298624FF0804E28
:1029D0004FF0E061144B1548DFF864C0C3F800E025
:1029E000C0F808C019602AB94FF00042A3F580531F
:1029F0001A6000BD4FF47A7303FB02F2B2F1807FDC
:102A00002ABF6FF07F4313461A464FF08041DFF82C
:102A100034C00748CCF80030064B4260196000BD56
:102A2000034BD861D2E700BF00B00D4000A00140C9
:102A300000800D4000A00D40D3C007B02D3FF84FDF
:102A4000F3FFFF01445B0020012300EB4000800006
:102A500000F1804000F5841041600360704700BFC2
:102A600010B5002482B00B46E48A002141E800F151
:102A7000CDE900034B0254BF1021042144F252203F
:102A8000A047DDE9002386460A214FF48170F44611
:102A900002B0BDE8104060470023DB8A002242E814
:102AA00000F2520201D4102118470421184700BF38
:102AB00008B503460846191E02DB1AB140F0300083
:102AC000FFF7CEFF40F02000FAE700BF034AD2F83C
:102AD0002838002BFBD0BFF35F8F704700000E40FB
:102AE0000021044B044ABFF35F8F43F8041B934259
:102AF000F9D170470C080E402C080E404FF42A6C98
:102B00004FF48D70054A064B0649C2F800C0D060EC
:102B100019605368002BFCDA704700BF0080044046
:102B200000A0044000B0FA00704700BF08B501489B
:102B3000FEF782FE58F6001038B5054C054DAC4244
:102B400004D254F8043B9847AC42FAD338BD00BFD6
:102B500028F0001068F000100648DFF828C0064B87
:102B6000064A0749C0F800C01A608B6832EA0303BE
:102B7000FBD170470020024000300240F6FFF30313
:102B8000000002407F3BEFEF044BDB6CB3F5004FDE
:102B900003D14FF48022024BDA64704700001150D9
:102BA000002011504FF0E022044BD2F8881D0B4357
:102BB000C2F8883D10EE3004704700BF03033000B8
:102BC0006FF06041044B054A19609368DB4333F0B2
:102BD0006043FAD1704700BF00300240000002405D
:102BE00010B545F25320FFF757FFBDE810400346EC
:102BF0000420184710B545F25320FFF74DFFBDE8FC
:102C00001040034601201847FEF706BF1349144B36
:102C100070B55C1AA508442D2A4628BF4422114EDF
:102C2000920030460CF0E0F9432D13D80E4A0FD035
:102C3000C5F144003319410803EBC101C3E9002287
:102C400008338B42FAD1C30704D520F001000544B4
:102C500046F82520054B9E6070BD00BF00000010A7
:102C600010010010000000201101001000ED00E034
:102C7000002370B52B4C82B0C4F88430FFF73EFFC0
:102C80000122294BDA63636C012BFCD10321264A14
:102C9000244B11639C6B012CFCD102260525214697
:102CA0000523224A22480096FFF726FE21462B469E
:102CB000204A21480095FFF71FFE002204203146DC
:102CC0001E4BFFF7A5FD2146284600221C4BFFF7AF
:102CD0009FFD0022082011461A4BFFF799FD0022A4
:102CE00009201146174BFFF793FD002206201146DD
:102CF000134BFFF78DFD0022114B07201146FFF704
:102D000087FD0420FFF7F2FD00240F4BA3FB0035E5
:102D1000AD0CE0B229460134FFF796FE062CF8D13F
:102D200002B070BD0000014000300140002F685922
:102D300000000540008C864700800540001BB7005E
:102D400080D1F008006CDC0283DE1B430000000031
:102D50002DE9F04FC1F30A5916461F4689B0A9F272
:102D6000FF38B9F1000F30D040F2FF7291452CD0FE
:102D70000024C9F57F720332201801EB025101F0E3
:102D800018F987A3D3E9002300F004FD0022864B45
:102D900004460D4600F002FE48B1204629460022B6
:102DA000824B00F0BFFC04460D46A9F2FE38B8F194
:102DB000000F22D132463B462046294600F0C6FC91
:102DC00009B0BDE8F04F00F0ABBA01F0F2F874A31F
:102DD000D3E9002300F0DEFC0022734B04460D46CD
:102DE00000F0DCFD48B12046294600226F4B00F080
:102DF00099FC04460D46A9F2FE38304639460022B9
:102E00006B4B00F0B7FD48B1B8F1000F4FF0000078
:102E1000C0F2B680674909B0BDE8F08F3046394648
:102E20000022654B00F092FD8146002840F0A28010
:102E30003046394600F032FA0B46024682468B464F
:102E40003046394600F06EFC1A22CDE9020100F04E
:102E500003FA00F023FAC1F30A5340F2FF7C06465E
:102E60000F464BB1634507D01A2BD5BF4E460646D9
:102E700001F00047A1F1D0775946504600F00AFD15
:102E80008146404600F0E2FC32463B46CDE9040173
:102E900000F05CFC82468B4600F000FA0A460146D0
:102EA0001346CDE9001202465946504600F03AFC5E
:102EB000DDE902AB32463B46CDE9060150465946B4
:102EC00000F030FCDDE9042300F040FCDDE90623DE
:102ED00000F014FCCDE90401484600F0B7FC22469E
:102EE0002B4600F033FC06460F4600F0D7F90A46A1
:102EF00001461346CDE9021202463946304600F03B
:102F000011FCDDE9042300F0F9FB06460F462246DA
:102F10002B465046594600F019FC32463B4600F01D
:102F2000EDFB00F0FDF9C1F30A5440F2FF730D46CA
:102F30000646002C3FF46FAF9C423FF46CAFDDE9D6
:102F4000000100F0A7FC08FB09F70744DDE90201D6
:102F500000F0A0FCC3191C44002C1ADD40F2FE72E4
:102F6000944211DD05F0004545F0FF41002041F499
:102F7000E00150E7B8F1000F4FF00000FFF64AAF54
:102F8000002109B0BDE8F08F002205EB0351901934
:102F900041E7002005F000413DE700BFAFF30080AE
:102FA000EF39FAFE422EE63F0000E03F0000F03F1E
:102FB0000000B0400000F07F0000B0C0012A2DE901
:102FC000F84F6CD002EBD2735B10012B06460F4614
:102FD000144698464FD01346002AB8BFD31C9B1006
:102FE000012B994600F082801346002AB8BFD31DFA
:102FF000DB10012B9A4658D01346002AB8BF02F1C5
:103000000F031B11012B9B4673D01346002AB8BF38
:1030100002F11F035B11012B1D4674D0002AB8BFBB
:103020003F329211FFF7CAFF02460B4600F08EFBBB
:10303000ED0702460B465FD41046194600F086FBAA
:103040001BF0010F02460B4605D032463B4600F00E
:103050007DFB02460B461046194600F077FB1AF03E
:10306000010F02460B4622D032463B4600F06EFB73
:1030700002460B461BE002460B461046194600F07E
:1030800065FBE40702460B4605D532463B4600F099
:103090005DFB02460B4610461946BDE8F88F024616
:1030A0000B4610461946BDE8F88F02460B461046FF
:1030B000194600F04BFB19F0010F02460B4605D0F4
:1030C00032463B4600F042FB02460B46104619468C
:1030D00000F03CFB18F0010F02460B46CDD0324603
:1030E0003B4600F033FB02460B46C6E702460B4662
:1030F000ECE702460B46AEE732463B4600F026FBC5
:1031000002460B4698E702460B4695E700292DE953
:10311000F04716461F4604460D4680F28D80C3F3E5
:103120000A53A3F2FF33342B26D84FF0FF31C3F1FB
:10313000340CC3F1140801FA08FA01FA0CF9A3F1EE
:10314000140E49EA0A0921FA0EFA49EA0A0901FAB3
:103150000CF122EA010127EA090951EA09010BD120
:1031600073B322FA0CF007FA0EFE40EA0E0027FABB
:1031700008F21043C30723D405F100431D46A046BF
:1031800099463046394600F085FB2B0D82460246B3
:1031900007D040F2FF70834203D0C5F313012143EF
:1031A0001DD0BAF1000F17D00AF12003402B30D9FF
:1031B00032463B4640464946BDE8F047FFF7C8BDAA
:1031C0003B463246204605F10041FFF79FFF01F1E3
:1031D00000431946BDE8F08700201C49FAE71C4A65
:1031E000A3F2FF335245B8BF52468242A8BF0246FF
:1031F00002FB03F101F2FF33002B20DD40F2FE72EF
:1032000093421FDC0022114800EB0153194610467F
:10321000E0E7BAF1000F09DA42464B4600200B49BD
:1032200000F0B8FA80468946CAF100024046494695
:10323000BDE8F047FFF7C2BE80468946A1E70020FF
:103240000021C7E700200349C4E700BF0000F03FAA
:1032500000F8FFFF0000F07FC1F30A53C3B110B5BF
:1032600040F2FF7E73450ED01344002B8C460BDDDD
:1032700040F2FE718B420CDD00200CF0004C4CF053
:10328000FF4141F4E00110BD002001F0004110BDFC
:10329000704700230CEB0251181810BDC1F30A53FC
:1032A000A3F2FF33B3F1FF3F0A462CDB2FD0332BC1
:1032B00028DC012170B506460220C3F13304C3F1B6
:1032C000130E133B21FA03F301FA0EFE4EEA030E2E
:1032D000A4F1200C01FA04F3C4F120059B1920FA93
:1032E00005F100FA0CFC00FA04F042EB0E024CEA85
:1032F000010ED0F1000C6EEB4E0E0CEA03000EEA4C
:10330000020170BD7047002001F00041704701F0DC
:10331000004242F07F51002041F44011704700BF4D
:1033200040F6FF7CBCEB115F40D0F8B500222A4B81
:1033300005460E4600F00AFBA8BB0022284631468F
:10334000264B00F017FB044698BB28463146FFF792
:10335000A5FF00F09FFA074600F078FA02460B46F8
:103360002846314600F0DEF919A3D3E9002300F026
:10337000EDF900F0A0FCC1F30A5340F2FF7C864651
:103380000A467BB163450DD03B44A34214DD40F2B5
:10339000FE718B4214DD204602F0004242F0FF41F4
:1033A00041F4E001F8BD00200021F8BD002000211B
:1033B000704700200A49F8BD204601F00041F8BDE1
:1033C00014EB0E0002EB0751F8BD00BFAFF3008015
:1033D000EF39FAFE422EE63F0000B0C00000B040D8
:1033E0000000F07F2DE9F04F14461D4683B0002207
:1033F000AD4B8046894600F083FA002840F081807A
:10340000C5F30A572E46BA460194002F44D04046D1
:1034100049460022A54B00F073FA002841D040F243
:10342000FF739F4238D040F2FF722B0D934200F0A1
:10343000938040F2FF319D4B40F6FF72300D904279
:1034400000F0A580AAF2FF32002AC0F20A81332AD6
:1034500019DC4FF0FF31C2F1340EC2F1140C01FA45
:103460000CFC01FA0EF0143A21FA02F240EA0C00C8
:103470001043019A01FA0EF122EA010126EA000046
:10348000014340F0EE8022462B464046494603B0B9
:10349000BDE8F04FFFF73ABE0020834903B0BDE816
:1034A000F08F4B46C9F30A52190D7ABB8542A7F239
:1034B000FF3235DB342A54D84FF0FF332746C2F1B0
:1034C0003400C2F1140403FA04FC03FA00F1A2F17F
:1034D000140541EA0C0123FA05FC41EA0C01834082
:1034E00027EA030326EA01010B433AD14AB1C74058
:1034F00006FA05F547EA050026FA04F42043C10759
:103500002FD54046494603B0BDE8F08F40F2FF702A
:10351000814243D1002D4FF000001EDA0021BDE7AB
:10352000342A19D84FF0FF312746C2F11405C2F1F1
:10353000340401FA05FE01FA04F0A2F1140C40EA89
:103540000E0021FA0CFE40EA0E00A14027EA01011C
:1035500026EA0000014307D00020554903B0BDE82A
:10356000F08F0020002199E700204AB1E74006FAD9
:103570000CFC47EA0C0426FA05F52C43E207ECD5CF
:1035800003F0004343F0FF4141F4E00186E740F2DD
:10359000FE3399424FF00000DFDDBFE740F6FF70D9
:1035A000814271D1002DA7F2FF332CDB342BD3D80D
:1035B0004FF0FF322746C3F13400C3F1140402FA7E
:1035C00004FC02FA00F1A3F1140541EA0C0122FA0D
:1035D00005FC41EA0C01824027EA020226EA0101C9
:1035E0000A43B9D1002B48D0C74006FA05F547EA8F
:1035F000050026FA04F4204310F0010F4FF00000FC
:10360000ABD02C494AE7342BABD84FF0FF322746DA
:10361000C3F13400C3F1140402FA04FC02FA00F10D
:10362000A3F1140541EA0C0122FA05FC41EA0C0160
:10363000824027EA020226EA01010A4391D1FBB146
:10364000C74006FA05F547EA050026FA04F42043C8
:1036500010F0010F4FF000003FF460AF4FF0004159
:103660001CE7002BFFF678AF22462B464046494622
:1036700003B0BDE8F04FFFF76BBB00200D490DE72D
:1036800000204FF0004109E740F2FF77280DB842D3
:1036900011467FF4D1AE40F2FE339A424FF0000063
:1036A0007FF73CAF59E700BF0000F03F0000F0BFDC
:1036B0000000F07F0000F0FF86B003B451FC080466
:1036C000CDE9020151FC0904CDE9040151EC0A04E1
:1036D000CDE9060103BCF047BDE800504EEC00C444
:1036E000BDE800504EEC01C4BDE800504EEC02C4F1
:1036F00000BD000000B5FFF7DFFF02E010FE30F470
:10370000F8D441EC100443EC112400EE010410EE57
:10371000010480EE200451EC1004704700B5FFF75F
:10372000CBFF02E010FE30F4F8D441EC100443EC7F
:10373000112400EE010410EE210480EE200451EC6F
:103740003004704700B5FFF7B7FF02E010FE30F419
:10375000F8D410B541EC100443EC112451EC0404EE
:1037600053EC0524A0FB024C5FF0000EE0FB03CEFF
:10377000E1FB02CE4CEC20440024E1FB03E444ECEA
:1037800030E480EE200451EC500410BD00B5FFF78A
:1037900093FF02E010FE30F4F8D441EC100443EC47
:1037A000112451EC2104A0FB01126FEA820252FBAA
:1037B000100052FB12F252FB1000A0EBD07C53EC35
:1037C00004245CFB13F153EC1524A1FB022001FB44
:1037D000030053EC4424A2EB000050FB1CF24FEA20
:1037E000111312EB017043EBE27140EA515020EAF1
:1037F000915020F0070053EC7524A0FB023C53ECE1
:10380000752400FB03CC01FB02CC53EC0424ACEB8D
:10381000824C40EA5C70A0F1010041EC400480EE73
:10382000200451EC7004704700B5FFF745FF02E03B
:1038300010FE30F4F8D441EC100480EE220410EEB7
:10384000B204704700B5FFF737FF02E010FE30F416
:10385000F8D440EC700400EE010410EE210480EE78
:10386000200451EC3004704700B5FFF725FF02E05B
:1038700010FE30F4F8D440EC600400EE010410EEC9
:10388000210480EE200451EC3004704700B5FFF7AE
:1038900013FF02E010FE30F4F8D441EC800400EE97
:1038A000010410EE010480EE400410EE1304704792
:1038B00000B5FFF701FF02E010FE30F4F8D441EC50
:1038C000800400EE010410EE010480EE400410EECE
:1038D0003304704700B5FFF7EFFE02E010FE30F44E
:1038E000F8D441EC100443EC112400EE010410EE76
:1038F0003004C0F30070704700B5FFF7DDFE02E052
:1039000010FE30F4F8D441EC100443EC112400EE26
:10391000010410EE3004C0F38070704700B5FFF76B
:10392000CBFE02E010FE30F4F8D443EC102441EC5E
:10393000110400EE010410EE30F48CBF01200020D1
:10394000704700BF00B5FFF7B7FE02E010FE30F48D
:10395000F8D443EC102441EC110400EE010410EE05
:1039600030F42CBF01200020704700BF00B5FFF7E6
:10397000A3FE02E010FE30F4F8D441EC100443EC56
:10398000112400EE010410EE30F42CBF01200020C1
:10399000704700BF00B5FFF78FFE02E010FE30F465
:1039A000F8D441EC100443EC112400EE010410EEB5
:1039B00030F48CBF01200020704700BF404261EB13
:1039C000410140F2F334B1FA81F20C2A0CD21532E3
:1039D00011FA02F3C2F12002D04021FA02F122448E
:1039E000584141EB0251704769B1C2F12B0230FAE4
:1039F00002F3C2F12002914090401943A4EB02026D
:103A000001EB0251704701004FF00000A4F12004C7
:103A1000D9D17047012767F31F5117FA03F817D060
:103A2000A0FB080701FB0871A1FB06785FEAD846F6
:103A30009219A6FB047806FB0588090351EA105188
:103A4000D7EB003061EB0801A94238BF70470BE0AB
:103A50000C33012717FA03F80FD0A0FB080701FB6E
:103A60000871A94238BF704708BFA04238BF7047ED
:103A7000001B61EB05010132704703F1200311FACD
:103A800003F6D3F12003D840D940304370470000FB
:103A900000000000000000000453B1086018850F0A
:103AA000C8E5F22A6E07271E0D12B2210412572F05
:103AB00012557CBCDA30723F17A717A55531994EC5
:103AC0009D0DBF0AEEE0AB5FE3EF6D9C7636AD6F08
:103AD000697BCCE33D62BD7EF0810682F3FA428FC2
:103AE00037D5B78A5313C89E7FABB320491570AF43
:103AF0000000000000000000025E88155580FF00F5
:103B0000907806B1A602FE01DC4E21F0EB88FB02A4
:103B10007A7C801F1615F8033C5DA9D110A9F30427
:103B2000AA466CF5C146EE05FF65E4EB09F0E70631
:103B300013C00C9EC3A6E007E1BFEC91C46CD8088B
:103B4000D5AF5EFFDC43CF09466A72E4D72DC50AC4
:103B5000237E6E197B2CBA0BBFF571648741AE0CC6
:103B600061DFB88CB86EA10D09A9856DC5B5930E3E
:103B70003153B1086018850F3071E498359875108D
:103B80005915550580FF0F0009C3EB8F80FB2F00EF
:103B9000B1910E9A82F34F001FE7FD2287E76F0075
:103BA000C3A09A298FD78F004F4366AC9BC3AF0049
:103BB000412A83A9ADABCF004FB7B41EC68FEF002B
:103BC000B6815F09E66F0F01678589660E4C2F018C
:103BD0001A52DA3240244F01483A9B6A7CF86E014F
:103BE000FF81B709C4C88E019C8DBC0B1895AE012E
:103BF0007010DA6B795DCE013A3BE224E921EE01E7
:103C000038739533427FECA03114FAF5BD86899163
:103C10006B02FAE6E0F29183E682120713A851776D
:103C2000212621686AB2736A9D0DBF0AEEE0AB5F80
:103C300019B4E0B71CB66A549596E53DEF07A54860
:103C4000D1CBE555DC0E4E3CCE68ADE839B5A4329B
:103C5000CB3CFA96D9569A28C9B21CA1F9FCAE21E0
:103C6000864B6BE58AD2F0160453B1086018850FB5
:103C700002C00C9EC3A6E007000000000000000088
:103C8000AC79CFD1F71772B1293BAAB84FEAC1205E
:103C900040F00040490043F1200340F20001C3F628
:103CA000F071C3F10B0320FA03F038BF70474042B4
:103CB00061F1000170475FEAD17CC1F30A53A3F2BE
:103CC000FF330C2B62DA13F1200FDFDD2DE9F04119
:103CD0003C4C70CC4FF00002FFF79CFE1CF0010F33
:103CE00004D06FEA0202201A65EB010102F2FE3CE9
:103CF00040F2FE739C455CD20A0F334B03EBC203C8
:103D00000CCB02F03F0545F04005801A99410A0EA0
:103D10002E4B03EBC20318CB02F580725543C01A39
:103D2000A1414A0D2A4B03EBC20318CB124402F502
:103D3000805205FB0255C01AA1418A0252EA9052F4
:103D400042F1000282FB02345B0D53EAC423C01827
:103D500041EB545184FB02344FF0553383FB043460
:103D600054FB11F304EB930410EB440241EBE473B6
:103D7000E900A1FB0240C1FB0301400A50EBC15026
:103D80004FEA512151EB0C51BDE8F081B3F5806F42
:103D900007D150EA01320CBF21EAE17141F4002160
:103DA0007047002000211CF0010F08BFC7F6F0711A
:103DB00070474FF000004FF00001A8BFC7F6F07148
:103DC000BDE8F081803C0010903A0010F03A0010FD
:103DD000803B001040F20001CFF6F07100207047E8
:103DE00050EA013218BF41F4002170477FEAA6551E
:103DF00040F019814FF4805420E18CEA11331B0606
:103E000040F0EE80BCF1000F67D1C90451EA503197
:103E1000C004B1FA81F4202C4BD20125A540A0FBAF
:103E2000052301FB0533A0FB03C5A1FB02C6E1FB93
:103E30006356B2EB152263F10003B2EB066273EB3B
:103E40001623A0FB06C7A1FB05C8E1FB66784FF06F
:103E50005535A7FB05C65FF0000CE8FB056C16EBBB
:103E60000C064CF1000C12EB963243F1000312EBFE
:103E70008C4243EB9C3358FB11F55FF0333755FB15
:103E800011F656FB17F8A5EB581756FB11F5C2F6BD
:103E9000802656FB15F507EB1537B2EB472063EB91
:103EA000D751C4F58064A4F11504FFF78CFDBDE87B
:103EB000F081B0FA80F410FA04F1A0FB01234FF076
:103EC0000000B0EB132061F10001C4F58064A4F19F
:103ED0003504FFF778FDBDE8F081890451EA90319F
:103EE0008004404261EB4101B1FA81F4202C4ED2B2
:103EF000013C0125A540A0FB052301FB0533A0FBE8
:103F000003C5A1FB02C6E1FB635612EB152243F188
:103F1000000312EB066253EB1623A0FB06C7A1FBBE
:103F200005C8E1FB66784FF05535A7FB05C65FF085
:103F3000000CE8FB056C16EB0C064CF1000C12EBC8
:103F4000963243F1000312EB8C4243EB9C3358FB57
:103F500011F55FF0333755FB11F656FB17F805EBFB
:103F6000581756FB11F5C2F6802656FB15F507EBE0
:103F7000153712EB472043EBD751C4F58064A4F109
:103F80001504FFF720FD41F00041BDE8F081B0FAD3
:103F900080F410FA04F1A0FB01234FEA1320C4F5CA
:103FA0008064A4F13504FFF70EFD91F00041BDE8F7
:103FB000F0815FEA410CBFF40DAF5FEA5C5C3FF457
:103FC00009AFACF2FF3CBCF5806F3FF409AF0122B2
:103FD00062F31F512DE9F041BCEBEC7F3FF40DAFD4
:103FE0000C0C4E4D05EBC40595E80C0002F03F05A6
:103FF00005F14005A5FB000605FB01616FEAE14400
:1040000004F01F04464D05EBC40560CD521943EB87
:10401000060304F58074A4FB000604FB01667FEA36
:1040200026643FF4E3AE3F4D05EBC40522CD5218A4
:1040300043EB050341F2010505EB44046404A4FBD2
:104040000050C4EBC401E4FB060180EAE17481EA9C
:10405000E175A5FB0567A4FB05487F084FEA360616
:1040600016EB080647F100078C0254EA905444F11D
:104070000004801B61EB070154FB14F555FB14F69B
:1040800055FB15F74FF0553456FB14F6B6EB1736C3
:1040900010EB860041EBA671101A63EB0101224A76
:1040A00024CA1CF1010C0BDDA2FB0C230024E5FB50
:1040B0000C34121A8B4164F100045FF080410CE073
:1040C000DCF1000CA2FB0C230024E5FB0C3482186D
:1040D0004B4144F100045FF040414CB91C00130017
:1040E0000022B1F100711CB91C000023B1F1007174
:1040F000B4FA84F5A5F11D06A1EB0651AC4013FA04
:1041000005F0C5F12005EB401C43EA401043C00A0E
:1041100050EB445041EBD421BDE8F081803B0010CE
:10412000F03A0010803B0010803C0010012956D06E
:1041300001EBD1725210012A07EE100A0B4645D04E
:10414000F0B50029B8BF0331891001290C4685B0AC
:1041500062D01946002BB8BFD91DC91001290D46E0
:1041600042D01946002BB8BF03F10F0109110129F4
:104170000E4654D01946002BB8BF03F11F01491158
:1041800001290F4651D01946002BB8BF03F13F015A
:104190008911CDE902230190FFF7C8FFDDE9022371
:1041A00007EE900A17F0010F67EEA77A9DED017AEE
:1041B00038D1F60767EEA77A01D567EE877AED0763
:1041C00067EEA77A12D567EE877A0FE067EE077A77
:1041D000DB0748BF67EE877A17EE900A704707EE55
:1041E000900A17EE900A7047F0EE477AE00767EE04
:1041F000A77A01D567EE877A67EEA77AD10748BF1D
:1042000067EE877ADA0767EEA77A01D567EE877AD5
:1042100017EE900A05B0F0BDF0EE477AECE7F0EE4D
:10422000477ACCE767EE877AC3E7F0EE477AC0E7D4
:1042300010B5021E0C4682B014DAC1F3C7537F3B9F
:10424000172B0CD80120C3F1170C00FA0CF0013821
:10425000084204D173B321FA0CF1CB072AD402F13E
:104260000042104607EE904AFDEEE77A12F0FF4357
:1042700017EE901A05D0B3F1FF4F02D0C2F3160328
:1042800023B301B301F12003402B2FD90AF0A0FE84
:10429000FFF78FFE02460B462046CDE900230AF0C9
:1042A00097FEDDE90023FFF751FAFFF704FDFFF762
:1042B000BFFA06E0214602F10040FFF7B9FF00F126
:1042C000004002B010BD4FF07E50FAE7D20D7F3AA9
:1042D00001F3080101FB02F303F17F02002A15DD5F
:1042E000FE2A15DCDB0503F17E50EAE7002908DA37
:1042F00007EE100AF7EE007AC7EE877A17EE900AFB
:10430000494202B0BDE81040FFF710BF0020D8E7D7
:104310004FF0FF40D5E700BFC0F3C7530246A3B13B
:104320007F3B0CD4162B0FDC0120C3F11703984000
:10433000431ED10F01FB032240421040704700286A
:1043400001DA034870470020704700F000407047D2
:10435000000080BF08B500F0EBF8DFED047A07EE4F
:10436000100A67EE277A17EE900A08BDD95BDE3E89
:1043700007EE900AB7EE007AF4EE477AF1EE10FA03
:104380002DD011F0FF420B4626D0FFEE006AF4EE6E
:10439000667AF1EE10FA10B582B021D1B2F1FF4F7A
:1043A00067D0CA0DFF2A43D05D4812F0FF020CD03F
:1043B0007F3A64D4162A08DC4FF0010CC2F11702D0
:1043C0000CFA02F2013A1A4259D117EE900A02B0E1
:1043D000BDE81040FFF72CBF17EE100A704770477A
:1043E00010F0FF4F19D100294FEAD1522ADB7F3A52
:1043F000172A24D80121C2F117008140013919423E
:104400001DD1CAB39FED477A23FA00F010F0010FD7
:1044100047FE277A17EE900A08E04FEAD05CBCF11D
:10442000FF0F45D1002B0ADB4FF0FF4002B010BD5B
:1044300040F27F1C5FFA8CFCBCF17E0FF4D80020A8
:1044400002B010BDD2B27F3A172AEDD80121C2F1D5
:10445000170C01FA0CF101391942E5D122B123FA06
:104460000CFC1CF0010FDFD000F0004040F0FF40DA
:10447000DCE717EE100AD9E717EE900AD6E7002816
:10448000D2DB17EE900A0C460AF0A2FDFFF791FD71
:1044900002460B462046CDE900230AF099FDDDE9EE
:1044A0000023FFF753F9FFF706FCFFF7C1F9BDE75B
:1044B00040F2FF1EF4454FEAD3520AD0FF2AB9D08A
:1044C00072457FF472AF5FFA8CFCBCF17E0FABD902
:1044D000B5E7002B10DB7F3A172AA5D80121C2F1DE
:1044E00017008140013919429ED11AB123FA00F018
:1044F000C20799D50C4899E7D2B27F3A172A9ED8BD
:104500000121C2F1170081400139194297D11AB136
:1045100023FA00F0C30792D54FF0004086E700BFB2
:10452000000080BF00000000000080FF00000000CD
:10453000B0F1FF4F3ED2C1153ED04FF0010262F301
:10454000DF5038BF400026A393EC034AAFF21C03B0
:1045500003EB104323F00703D3E9002300FB02F031
:1045600040EC103AFAEEC00A20EEA01A61F17E018A
:1045700060EE811AC90521EE012A40F6FC3221EED7
:10458000041AC5F6B90261EEA41A51FB12F122EE2B
:10459000052A03EE901A71EEC21AFAEEC53A31EE10
:1045A000611A70EEC10A30EE200A30EE230A10EED6
:1045B000100A704705DC0BD010F1FF4F09D310F53E
:1045C000000F40F4800003D840F20000CFF6C07026
:1045D000704740F20000CFF680707047AFF3008064
:1045E0000000003FABAAAA3E0000803E0000000091
:1045F0005501000001CB92BE48010000C3C87DBE3A
:104600003B010000685F54BE2F010000C7992CBE1B
:10461000250100002C3C0ABE1A0100002F1AC6BD5D
:1046200011010000C2AC83BD08010000D814FCBC1D
:104630000001000000000000F8000000EC0A023D4C
:10464000F10000008E51773DEA0000009806B83D69
:10465000E40000003B39ED3DDD000000088B163E14
:10466000D800000003FA2D3ED2000000D7D24A3E07
:10467000CD000000DE7F633EC8000000E3C87C3E42
:10468000C3000000E65A8B3EBF00000084F7953E51
:10469000BA0000006E8CA33EB6000000EFADAE3E47
:1046A000B2000000C40EBA3EAE000000CDB1C53E5F
:1046B000AB0000005F99CE3E9A4238BF88547047E5
:1046C000704700BF2DE9F04F83B00F461146DDE97A
:1046D0000EB292079846DDE90C93064629D00D46A6
:1046E0009BB109EB030405EB040A01950D460D93FC
:1046F000AAEB040214F8010D43463946B047A14520
:10470000F6D129460D9B019D1D440F9B9B070CD59F
:104710006C1AA34509D92A4643463946202001345C
:10472000B0475C4505F10105F5D3284603B0BDE867
:10473000F08F5B4515D28A461C468946ABEB0305D4
:104740000D4452464346394620200AF1010AB0473B
:10475000AA45F6D149462346DDF83090002CC0D159
:10476000E3E70D46002BBCD1DFE700BF2DE9F04F9A
:104770000F460F9906469DF82C008D079046DDE9FF
:104780000CA299468346099CDDF828C00E9B49D4AB
:10479000002B42D1944545D201F0010504F1FF3EC2
:1047A0003020E64405E00CF1010C62450EF8010FE3
:1047B00002D9BCF1200FF6D1002D00F087806345AF
:1047C00030D9601E4FF0300E604405E00CF1010C52
:1047D0009C4500F801EF25D0BCF1200FF6D1CD06A5
:1047E0000ED5480551D4624564D0634562D0BAF114
:1047F000100F4DD0BAF1020F55D0BCF1200F2DD1C2
:104800002022CDE90B310A924B46424639463046CA
:104810000994BDE8F04FFFF755BF11F001052ED107
:104820009445BBD3CD061ED54805E0D4BCF1000F9E
:10483000D9D1BAF1100F5FD0BAF1020F74D0302283
:104840004FF0010C2270BBF1000F12D1480742D586
:104850002B2204F80C200CF10102D2E762460CF185
:10486000010C3020A054BCF1200FC9D0BBF1000FC7
:10487000ECD02D2204F80C200CF10102C1E798B312
:10488000944503F1FF3389D399E7BAF1100FB7D1FB
:104890008D063DD5BCF1200FB2D0582204F80C2073
:1048A0000CF1010CA9E7BCF1200FA9D062460CF174
:1048B000010C08E0BCF10102BBD0BAF1100F35D0F9
:1048C000BAF1020FCDD16220A05496E7CD06CAD529
:1048D000480588D58BE70A0749BF2022624604F8BD
:1048E0000C200CF101028CE711F00C0F00D0013B01
:1048F0009445FFF453AF62E78A0613D478222270FE
:1049000030224FF0020C6270BBF1000F9ED0B0E776
:10491000BCF1200F3FF474AF782204F80C200CF1A6
:10492000010C6AE75822EAE76222E8E78D06ACF15B
:10493000020004D54FF0580E04F800E091E74FF064
:10494000780E04F800E08CE700B9704701F078BBFE
:1049500010B1D1E900311847704700BF00000000D6
:104960002DE9F04F97B09DED207BDDE9225B80467D
:10497000894651EC170B9A46249B0C9207930246EA
:104980000B468DED047BFEF7A9FF002840F0E38184
:10499000DDE904014FF0FF326FF48013FEF7C2FF30
:1049A000002840F0CB80DDE904014FF0FF32B24B2C
:1049B000FEF7F4FF002840F09F80DDE90467AAA31A
:1049C000D3E9002330463946FEF7E8FF002840F0DF
:1049D0008280A7A3D3E9002330463946FEF7A2FF21
:1049E000002878D13046394600220023FEF79AFF8E
:1049F000002840F098800D90079B302113F4806FC1
:104A000008BF06250EAA2B46A5F1200605E0013BAE
:104A1000B34202F8011B00F06581092BF7D81E464E
:104A2000ED1ADDE90401FEF735FF944B044603EB74
:104A3000C60393ED007B8DED087BFEF707FF024672
:104A40000B46DDE90401FEF76DFEDDE90823FEF704
:104A50007DFECDE90A01FEF72FFF0746FEF708FFAE
:104A600002460B46DDE90A01FEF75CFE0022844B9C
:104A7000CDE90A01FEF792FF002800F08880013797
:104A80003846FEF7F5FE02460B46DDE90801FEF763
:104A90005DFF08B100270134002E00F088800DF181
:104AA0003703DFF8F0C158190DE0ACFB0721C90846
:104AB00001EB8102A7EB42023032092F00F8012FEF
:104AC00040F2FB800F46202D06F1FF3605F101056F
:104AD000EBD1202586E0079B9DED047BCDE923B338
:104AE0004946534640460C9A8DED207B229517B0DF
:104AF000BDE8F04F00F080B9079B494658074CBF0E
:104B000004230323404621935346079A48BF5D4C34
:104B1000CDE922B258BF5C4C0C9A209417B0BDE886
:104B2000F04FFFF7CFBD3B46324600200021FEF795
:104B3000F9FD0123CDE904010D935DE7079B03F027
:104B400002029C07049200F0F4800C9F3D464F4EF9
:104B5000341D14F8010D2A4653464946C047A64263
:104B600005F10105F5D1049B3C1D63B10C9D631B50
:104B70009B4508D922465346494620200134C04768
:104B8000631B9B45F6D8204617B0BDE8F08F002286
:104B9000DDE90A013A4BFEF7C5FE00287FF47CAF41
:104BA000002F40F0C2800137002E7FF478AF2046FE
:104BB000FEF74CFE02460B46DDE90401FEF7B2FDAE
:104BC00000222F4B06460F46FEF7ACFE40B930469A
:104BD000394600222A4BFEF7E1FE002800F0A180B2
:104BE0000DF137032A4859190EE080FB0476C2EB19
:104BF000A60202EB8206A4EB4606303614460135C7
:104C000001F8016F002A47D0202D4FEAE472ECD161
:104C1000079A02F00302012A14D1BBF1000F11D050
:104C20000D9A002A60D00BF1FF3BBBF1200F09D990
:104C300030222B4404E001355D4503F8012F31D2C9
:104C4000202DF8D1079B0EACCDE902B3009453465A
:104C5000494640460C9A0195FFF734FD044620462C
:104C600017B0BDE8F08F00BF0000000065CDCD415A
:104C70000000000065CDCDC1FFFFEF7F38F80010C8
:104C80000000E03FB0F60010B8F60010C0F60010CB
:104C900067666666CDCCCCCC079A02F00302012A87
:104CA00000F09680202DCDD00D9B3BB32D220DEB37
:104CB000050383F838200135C4E7202D3FF409AF00
:104CC00030212E445A1905E00135202D02F8011F2C
:104CD0003FF4FFAEAE42F7D12E226E44013586F886
:104CE00038207FE720259CE6079A12F00C0F5AD057
:104CF0000BF1FF3BAB459BD8202DA3D0079B5A0758
:104D000006D52B220DEB050383F83820013599E7F2
:104D10001B0797D520220DEB050383F838200135BA
:104D200090E7013424F001045AE7F9077FF5B4AEA7
:104D300039E7BBF1040F7FF608AF0C9B1D46043B1F
:104D400003EB0B072A465346494620200135C0474E
:104D5000AF42F7D1FAE6079B03F002029D070492E7
:104D600025D00C9F3D46224EF41C14F8010D2A4616
:104D700053464946C047A64205F10105F5D1049BBB
:104D8000FC1C002B3FF4FFAE0C9D631B9B457FF684
:104D9000FAAE22465346494620200134C047631BE1
:104DA0009B45F6D8EFE6AB453FF642AF4AE7BBF18D
:104DB000030FD6D90C9B1D46033B03EB0B072A467A
:104DC0005346494620200135C047BD42F7D1C9E7C7
:104DD000BBF1000F3FF466AF0D9A002A84D00BF1AF
:104DE000FF3B5D45FFF424AF202D7FF45FAF29E743
:104DF000BCF60010000000002DE9F04F9FB01E46E9
:104E0000DDE928ABDDE92B982A9B04460D460B9281
:104E10000A9352465B4650465946FEF75FFD00280E
:104E200040F0C680504659464FF0FF327B4BFEF7AC
:104E3000B5FD002840F0BC80504659464FF0FF3287
:104E40006FF48013FEF76EFD002840F0B1805046ED
:104E5000594600220023FEF765FD002840F0DD8161
:104E6000CDE908ABDDE9081218F480600B460F4667
:104E700008F400610C921491159040F0A88013433F
:104E800040F0D080002940F0EC8106230A9318F00E
:104E90000202109240F0DD814B46042B38BF042300
:104EA0000E920422043B129214935046594600225B
:104EB0000023FEF737FD002840F02A829DED087B95
:104EC000149B0B9A03930A9B8DED007B029328F4AD
:104ED00000630493294633462046FFF741FD02460E
:104EE00018F0200F334629460CBF6520452002F1FB
:104EF0000108A047129B0DF1580A03F1FF3B0E9BDE
:104F0000002283EAE37C5046DFF814E10B9FACEB10
:104F1000E37CD90FCDF8208002E0202AC44610D0CF
:104F2000AEFB0C384FEAD80808EB8803ACEB430320
:104F300001303033BCF1090F02F1010200F8013CED
:104F4000EBD805234FF0000C06930A23DDF82080F0
:104F5000CDE90121CDE9033CCDF800A0334642461E
:104F600029462046CDF814B0FFF700FC109B82467E
:104F7000D3B1A0EB0708C14516D907EB08023346A9
:104F80002946202008F10108A047C145F5D87B1E1D
:104F90004B44C7F10102A3EB0A035244914538BFC9
:104FA00000230AF1010A9A4450461FB0BDE8F08F71
:104FB000334629462046CDE928AB0A9CCDE92B98FB
:104FC0000B9A2A941FB0BDE8F04FFFF7C9BC57EA0F
:104FD000020329D100293FF45AAF00230E930A9B04
:104FE0000E9A934200F3BA81002750465946002298
:104FF0000023FEF797FC002840F015819DED087B0B
:1050000028F4006343F480632C938DED287B3346B2
:1050100029462046CDE92A790B9AD3E7FFFFEF7F97
:10502000CDCCCCCC06230A930C9BC3F30A50A0F240
:10503000FF30FEF70BFCB2A3D3E90023FEF786FB9B
:10504000B1A3D3E90023FEF759FB0C9BCDE90E0178
:10505000C3F3130343F07F5138460022A24B41F4BF
:105060004011FEF75FFB94A3D3E90023FEF76EFB2C
:1050700002460B46DDE90E01FEF740FBFEF70AFC97
:105080000E90FEF7E3FB8EA3D3E90023CDE90C01DC
:10509000FEF75CFB0022954BFEF730FBFEF7FAFBB8
:1050A00089A3D3E900230746DDE90C01FEF74EFB97
:1050B000CDE90C013846FEF7C9FB85A3D3E90023EF
:1050C000FEF744FB02460B46DDE90C01FEF72AFB26
:1050D00002460B46CDE90C23FEF738FBCDE9100163
:1050E000DDE90C0102460B46FEF708FB0022CDE984
:1050F0001201DDE910017E4BFEF74CFB00227D4BD7
:10510000FEF7FCFA02460B46DDE91001FEF742FB12
:105110000022794BFEF7F2FA02460B46DDE9100158
:10512000FEF738FBCDE91001DDE90C2300204FF03C
:105130008041FEF7F7FA02460B46DDE91001FEF763
:10514000DDFA02460B46DDE91201FEF723FB0022E1
:105150006A4BFEF7D3FA07F2FF3C00224FEA0C53EA
:10516000FEF7F4FA02460B46DDE90801CDE90C230F
:10517000FEF7D8FB50B1DDE90C010E9B0022013B8C
:105180000E935C4BFEF706FBCDE90C01DDE90C014B
:105190000E9B02466333C62B08F002031093149B48
:1051A0002DD8002B5FD0042312930A433FF417AF8E
:1051B000DDE9080148A3D3E90023FEF7DBFB48B192
:1051C000DDE9080146A3D3E90023FEF7ABFB002885
:1051D0007FF405AF0A9B002B51D0159A002A00F0EE
:1051E000AC80013B0A93129B994505D9109B002B7B
:1051F00000F0AF80022310930023149344E02BBBF4
:10520000B9F1050F4FD908F00203002B49D105234E
:105210001293A9F1050314933AE00BF10043CDF882
:1052200020A009931EE628F4006343F4806320461F
:10523000CDE92A792C933346DDE9086734462946BF
:1052400007F10045CDE928450B9ABBE605231293EB
:10525000ABE70222002310920422149312920E93C1
:1052600023E60527C1E6B9F1040F1FD9109B002BD7
:1052700077D104231293A9F10403149304E0129B41
:1052800099455FD80A9B14930E9B002B3FF40DAEFB
:10529000DDE90801DDE90C23FEF77CFACDE9080120
:1052A00003E60223109305231293F1E704231293DC
:1052B000EAE700BFAFF3008061436F63A787D23F87
:1052C00071A379094F930A401655B5BBB16B0240E3
:1052D000EF39FAFE422EE63F2D431CEBE2361A3F31
:1052E0000000000080842E410000F83F0000E03FF5
:1052F00000002C4000002440000018400000F03F57
:10530000FB799F501344D33FB3C8608B288AC63FB4
:10531000149BDDE908A703930A9B07F1004B029356
:1053200028F400630B9A0493294633462046CDE9BE
:1053300000ABFFF715FB0246D2E5129B994515D845
:105340001492A1E7109B23B10A9B1493022310939C
:105350009AE7129BA9EB0303149395E79B1A5F1E30
:1053600043E604231293022310938DE7109B002B36
:10537000EFD002231492109386E700BF2DE9F04F7F
:1053800091469A4C9A4AB1F1000A9BB018BF8346E5
:1053900014601878974ADDF8908008BF934600287B
:1053A00000F08A821D460026CDF8209008E03246A3
:1053B0005146089BD84701362878002800F0C7805E
:1053C000252805F10105F2D100222B4613F8011B17
:1053D000A1F1200010280AD8DFE800F03F09093BBE
:1053E0000909090909090937093309092F00A1F138
:1053F0003000092840F289802A2900F0E980002441
:105400002E2900F094800027A1F1680012282CD8E2
:10541000DFE810F04E012B0049012B0040012B006A
:105420002B002B002B002B002B002B0027002B0028
:105430002B002B002B002B0027001D4642F0010201
:10544000C3E71D4642F00202BFE71D4642F00402D8
:10545000BBE71D4642F01002B7E71D4642F00802C6
:10546000B3E7697842F48072013367291D467ED81C
:10547000242940F2B880A1F12503422B00F2B38029
:10548000DFE813F05101B100B100B100B100B1008B
:10549000B100B100B100B100B100B100B100B10084
:1054A000B100B100B100B100B100B100B100B10074
:1054B000B100B100B100B100B100B100B100B10064
:1054C000B100B1001E013A011E01B100B100B100EE
:1054D000B100B100B100B100B100B100B100B10044
:1054E000B100B100B100B100B100B401B100B10030
:1054F000B100B100B100B100B100B100B100B40120
:105500005801B4011E013A011E01002404EB840479
:1055100001EB440419781D46A1F130000928A4F1DB
:10552000300403F10103F1D92E297FF46CAF6978BF
:105530001846A1F13007092F42F4806240F225811C
:105540002A2900F032811D46002701335CE73446EA
:10555000DDF82090B14501D809F1FF364B463246BF
:1055600051460020D84720461BB0BDE8F08FA1F17E
:105570006903DBB20F2B36D8012049F2410C984069
:1055800010EA0C0040F0F4800A2B35D0072B2AD10A
:1055900058F8041B002940F0108122F0100412F486
:1055A000806144F0210400F00A8112AA08230593C7
:1055B0001023CDE90020324606940497039300237C
:1055C000029351465846089BFFF7D0F80646F3E68B
:1055D00058F8044B6978002C1D46BCBF42F002020B
:1055E000644201330CE70846E1E600BF7D5300103A
:1055F000405B0020C146001058F8049B002F99F82A
:10560000000014BF3B464FF0FF33002800F08283B8
:10561000494603EB090C04E011F8013F002B00F0B0
:1056200043818C45F8D1ACEB0901530540F1208151
:10563000B94228BF394612F0020300F083820223E8
:10564000CDE9094832468846089C37440B9307E069
:1056500023465146D84719F8010F013610B132469A
:10566000B742F5D10B9B4146099CDDF82880002B01
:105670003FF4A2AE37468C427FF69EAE2644089C8D
:10568000761A3A462346514620200137D847B7427A
:10569000F7D191E669786C297FF4E4AEA97842F4F9
:1056A0004072EB1CE1E6697842F400720133DCE6FB
:1056B0006978682900F0FB8042F080020133D4E66B
:1056C000672900F0C980472900F0CD80452900F006
:1056D000CC80CDE9034208F10708029728F00708BB
:1056E0003246F8E802675146CDE900675846089B04
:1056F000FFF782FB06465FE6462908BF42F020021C
:10570000CDE9034208F10708029728F0070832465E
:10571000F8E802675146CDE900675846089BFFF755
:105720001FF9064648E6324651462520089BD847D1
:10573000013641E608F104039207099306F10107D7
:1057400040F1C3803246514698F80000089BD84784
:10575000012C40F2B4812644089C3A462346514627
:1057600020200137D847B742F7D1DDF8248023E65F
:105770006F2974D040F24182782900F086814FF081
:105780000A0922F010024B4638E0002707EB870792
:1057900001EB4701A1F1300710F8011FA1F130031F
:1057A000092BF3D90546431C2EE658F8047BA9784B
:1057B00002356B1C27EAE77726E642F0210412AA9D
:1057C000944602E020283FF4F1AE01F00F03092BCC
:1057D00094BF303337330F298CF8003000F10100CB
:1057E0000CF1010C4FEA1111ECD8DFE6582966D014
:1057F000622940F089804FF002094B4612F4806C18
:1058000000F0D48022F00D02099212F4007140F0F1
:105810007B8112F4807008F1040940F0388251064F
:1058200040F13A8198F80010002940F04A81099A25
:1058300022F010020992BCF1000F00F042810846EC
:1058400012AA0999CDE90337CDE90541019000235A
:10585000009202933246A1E042F4006239E74FF031
:1058600008094B46CAE742F4006242F0200230E7E2
:1058700012F0020300F08C810223CDE909481F4693
:105880008846089C324623465146D84719F8010FEE
:1058900001360028F6D13B464146099CDDF82880B8
:1058A000002B3FF489ADE5E6A1EB0901BDE6A9783F
:1058B00042F0C002EB1CD8E5044606464AE64FF02B
:1058C000100942F020024B4698E7012C40F2F1808B
:1058D000374606F1FF39CDF82880DDF82080A14455
:1058E0003A464346514620200137D8474F45F7D125
:1058F000DDF828803A4698F800005146089BD847C2
:105900002644DDF8248057E512F4806300F0C1805E
:105910004FF4806322F0110010F4007E4AD110F49D
:10592000807C08F1040940F03781410600F1A9802C
:10593000020640F1E381B8F9002082EAE271A1EBAE
:10594000E2711FFA81FED10F0991002A00F05F81F8
:10595000734612AA9646DFF8A0830A9403E0BCF1CE
:10596000200F23460FD0A8FB0314E40804EB8401A6
:10597000A3EB41010EF1010E3031092B0CF1010CAA
:105980000EF8011CEBD80A9C099B0092CDE901C3DB
:105990000A233246CDE90540049703935146584601
:1059A000089BFEF7E3FEC846064605E522F00C021A
:1059B00009922AE708F1070828F00708D8F8042018
:1059C00058F808CBD10F5CEA020E6CD0002A63466F
:1059D00002DA5B4262EB42029146099312AA9446B4
:1059E0004FF0000ECDE90A18CDE90C470E960F9244
:1059F00003E0BEF1200F3B4630D04FF0CC3213EB2A
:105A00000901BD4F41F10001A7FB014626F0030447
:105A100004EB9604091B5C1A02FB04F63A4669F192
:105A2000000802FB08660522A4FB077407F00108C2
:105A30002644A8FB024864180A2B0CF1010C4FEA1B
:105A4000570704F1300479F100090EF1010E0CF84A
:105A5000014C47EAC6774FEA5609CAD27346DDE9D8
:105A60000A18DDE90C470E9E0F9ACDF824E0CDE927
:105A700001310A230092CDE9054032460497039391
:105A80009FE598F8002096465DE74FF010094B46D9
:105A9000B4E622F010003FE711064CBFB8F8001042
:105AA000D8F80010C0E6002B40F0428199460993D7
:105AB00094E73246514698F80000089BD8473E4686
:105AC00053E6099A0A9412F0200F14BF4FF04108D0
:105AD0004FF0610812AA9446A8F10A0802E02028B3
:105AE00071460FD0B1FBF3FE03FB1E14092C94BFCB
:105AF0003034444499428CF8004000F101000CF12C
:105B0000010CECD20A9C9CE608F1070828F0070873
:105B1000D8F8042058F8081B0A920A438E467BD115
:105B2000099A22F010020992BCF1000F74D00020F3
:105B300012AA0999CDE90020CDE905413246CDE907
:105B400003373CE58C4298BF01317FF679AD4FF4C5
:105B50008063CDE909949946A2190B97089F541ABE
:105B600032463B46514620200136D847A642F7D15F
:105B7000DDE90A474B46DDF8249099F8000000283B
:105B80003FF41AAC611C002B3FF477AE002357E5BD
:105B90008C42DED8013170E6D8F80020D10F002AFF
:105BA00000F0B38082EAE273A3EBE27312AA944698
:105BB000CDE90914DFF8408103E0BEF1200F234650
:105BC0000FD0A8FB0314E40804EB8401A3EB41010C
:105BD0000CF1010C3031092B0EF1010E0CF8011CF7
:105BE000EBD8DDE909140A230092CDE905403246DD
:105BF000CDE901E104970393D0E6692922F0100072
:105C000040F0918012F480633FF486AE80E6002B72
:105C10003FF49FAE12AAB7E6099ACDE90B8412F0C1
:105C2000200F14BF41216121CDE90D76CDE90F3B55
:105C3000CDF844A00027F0460A9C12AE0DF1480BA7
:105C4000A1F10A0A03E0202F80460C4613D021461A
:105C50004A460023404609F0B3F9D2B2092A94BF5C
:105C600030325244C84574F10004327007F1010724
:105C700006F10106E7D23846DDE90B845A460E9E4E
:105C80000D9F0F9BDDF844A0DDF840B051E7D8F838
:105C900000E0BEF1000F0DD122F010020992BCF11C
:105CA000000F07D012AA0998CDE90337CDE90540C6
:105CB0000191CCE5099A12F0200F14BF4120612018
:105CC00012AA94460A92A0F10A0202E02029C646CE
:105CD0000FD0BEFBF3F803FB18E0092894BF303067
:105CE00080189E458CF8000001F101010CF1010CB7
:105CF000ECD20A9AD7E700BFCDCCCCCCD8F80020A4
:105D000082EAE27EAEEBE27E1DE6002B3FF44EAF70
:105D100012AA68E712F480610ED012F0020114D0CA
:105D200001463746A7E44FF00A0902464B4665E5AF
:105D3000002312AA09939AE612F002037FF49AACA8
:105D4000002C7FF406AFFFF737BB002C7FF4FFAECB
:105D5000FFF732BB0CB400B585B00DF1180C5CF840
:105D6000043B0A46CDF800C001460548CDF80CC0FA
:105D7000FFF704FB05B05DF804EB02B0704700BF0D
:105D8000B94600108C4610B584B0009302901346BB
:105D900002A94FF0FF320348CDF80CC0FFF7EEFA2E
:105DA00004B010BD5149001010B5094A84B0146800
:105DB0004CB1034600914FF0FF3203A90548A047BC
:105DC000012004B010BD00F07DF9204604B010BDE4
:105DD000405B00204949001000BEFDE7704700BF4E
:105DE00008B5FFF7F9FF00BF38B5064C064DFCF7C4
:105DF000A3FEAC4204D254F8043B9847AC42FAD319
:105E000038BD00BF68F000106CF000100368084651
:105E10001146184770B505460846697D82B00029CD
:105E20004FD0002A25DD037814460A2B064622D0DF
:105E3000012C4FF0000E0DD03246012312F801CF95
:105E40001946BCF10A0F03F1010320D09C42F5D1A1
:105E5000744505DD2B68A4EB0E0106EB0E00984798
:105E6000311911F8013CA3F10D03B3FA83F35B0977
:105E70002B7502B070BD2B7D002BD9D102212B6870
:105E800013489847012CEBD04FF0010ED4E712F8DD
:105E9000010C0D28DAD08E4506EB0E00A1EB0E01A9
:105EA00005DACDE900322B689847DDE90032CDE90B
:105EB000003202212B6806489847009B019A9E46B3
:105EC000C4E711462B6802B0BDE87040184700BF18
:105ED00088F800100B685A1C802A0B440A6018715D
:105EE00000D0704730B50E4B0C46186883B0A0B197
:105EF0000D1D01E0006980B10368002BFAD0094B49
:105F00001B680BB18342F5D1294622680190FFF747
:105F100081FF019800690028EED1206003B030BDF8
:105F2000544E0020644E00202DE9F04782B0904688
:105F30001C460D460746FCF74FFC4FF0FF3C6FF048
:105F400000462E4A821841F10003944576EB030186
:105F50003CBF624633462A4809F00AF86B1C824669
:105F600040D00CB3274E284B1C68B4B1B8F1000FD9
:105F70001CD1DFF89C8001E0246974B12368002BF8
:105F8000FAD0D8F800300BB19C42F5D120462A4611
:105F90003946B0472469002CF0D1BAF1000F26D160
:105FA000284602B0BDE8F087184EDCE74FF00A093A
:105FB000DFF85C8002E02469002CEED02368002B1F
:105FC000F9D0D8F800300BB1A342F4D12A463946B3
:105FD0002046B047012220460DF107018DF80790B9
:105FE000B047E8E7384608F0F7FE0546B9E7044849
:105FF00009F012F8284602B0BDE8F08740420F00D1
:1060000058230020155E0010544E00200D5E001035
:10601000644E0020084A136823B90AE003F1100215
:106020001B6933B18342F9D129B91869106019612C
:10603000704701B110607047544E002000F070BAF4
:10604000F0B583B006468DF80700FCF7C5FB4FF0AE
:10605000FF356FF00044174A821841F10003954262
:1060600074EB03013CBF23462A46134808F080FF27
:10607000124B07461C689CB1114D01E024697CB1AC
:106080002368002BFAD02B680BB19C42F6D1204636
:1060900001220DF10701FFF7BDFE2469002CEFD1AD
:1060A00017B9304603B0F0BD034808F0B5FF3046DD
:1060B00003B0F0BD40420F0058230020544E002092
:1060C000644E002038B5044608F086FE01230546DC
:1060D0001A4620462946FFF727FF084B1C682CB1BB
:1060E00063682BB198472469002CF9D1284638BD44
:1060F0002469002CF4D1284638BD00BF544E00203E
:106100002DE9F041A2B00E460546FCF765FB4FF0C5
:10611000FF3C6FF00044254A821841F1000394458A
:1061200074EB03013CBF23466246214808F020FF80
:106130000024334607462A461E4801A90194FFF76A
:1061400021FE1D4E019B80463468BBB1002C2AD035
:106150001A4D01E0246974B12368002BFAD02B6832
:106160000BB1A342F6D12046019A02A9FFF752FED5
:106170002469002CF0D12346346801932CB1636864
:1061800043B198472469002CF9D12FB9404622B079
:10619000BDE8F0812469F1E7054808F03DFF40467D
:1061A00022B0BDE8F0810194EFE700BF40420F004C
:1061B00058230020D55E0010544E0020644E00206D
:1061C0000FB400B583B004A951F8040B0191FFF797
:1061D00097FF03B05DF804EB04B07047024A034B2D
:1061E00010601960704700BFE84D0020EC4D0020A2
:1061F000184B70B51A68002A28D0EFF3108172B6D8
:10620000D2E8CF4F0120002CFAD1C2E8440F002C75
:10621000F6D1BFF35F8F00220F4C186859602270CF
:10622000C0E88F2F81F31088002400250B4E3078B2
:10623000FBF734FC20B9002400252046294670BD18
:106240003078FBF73BFC2046294670BD4FF47A744A
:106250000025EBE74C5B0020796E0020786E002073
:10626000014B1878FBF72ABC786E002038B504463D
:1062700000200D4601F0AAFBA8B3002001F0BCFBF2
:1062800088B3FCF7A9FA4FF0FF3E6FF0004C174AB5
:10629000821841F1000396457CEB03013CBF724636
:1062A0006346134808F064FEE8B1002001F08EFB5D
:1062B00058B901464FF0FF3000F092FD6FF0020434
:1062C0000B4808F0A9FE204638BD002001F094FBE1
:1062D0000028EED021462A46002001F097FB044614
:1062E0000028EDD1EAE76FF00204ECE740420F002E
:1062F000586E002008B5FCF76FFA4FF0FF3E6FF0C4
:10630000004C0F4A821841F1000396457CEB0301D3
:106310003CBF724663460B4808F02AFE70B14FF04E
:10632000FF30002100F05CFD002001F0B5FB0028EB
:10633000F5D1BDE80840034808F06EBE08BD00BFB7
:1063400040420F00586E00202DE9F04107460E46EE
:10635000FCF742FA4FF0FF356FF00044324A8218E2
:1063600041F10003954274EB03013CBF2A462346EA
:106370002E4808F0FDFD08B9BDE8F081002001F0CD
:1063800025FB002845D0002E3EDD0025DFF8A48047
:1063900012E02246002001F0C9FB002105444FF025
:1063A000FF3000F01DFD002001F076FBFCF714FA31
:1063B000C8E90001AE4227DD002001F0D5FB741BC7
:1063C0008442A8BF04467919002CE2D121464FF03F
:1063D000FF3000F005FD204601F05EFB204601F095
:1063E000F5FA88B1204601F0BFFB0028E2D1FCF7A6
:1063F000F3F90F4AD8F800309B18D8F8042042F17E
:10640000000283428A41D5D20848BDE8F04108F035
:1064100003BE0020BDE8F0410021064BC3E90001A6
:10642000024808F0F9BD00BF40420F00586E00203E
:1064300020A10700A825002010B5002184B0324813
:1064400008F082FD28BB314B1A6802B3EFF31081CC
:1064500072B6D2E8CFEF5FF0010CBEF1000FF8D1B9
:10646000C2E84ECFBEF1000FF3D1BFF35F8FDFF86C
:10647000A8C0D3F800E09CF800205960D3B20122F4
:106480008CF80020CEE88F0F81F31088CBB104B0D8
:1064900010BD00214FF0FF3000F0A2FC002001F001
:1064A000ABFA0446184808F0B7FD002CEFD0184BA3
:1064B0001B68002BEBD0174A106804B0BDE81040F1
:1064C0001847FBF721FF0446FCF786F94FF0FF3E23
:1064D0006FF0004C10F57A7241F1000396457CEBA9
:1064E000030138BF63464FF000014FF0010C38BF85
:1064F0007246DFF828E02046CDE9011CCDF800E027
:10650000FBF706FF04B010BD586E00204C5B002066
:10651000E84D0020EC4D0020796E0020F161001064
:106520004FF0504330B585B01C68FBF7EDFEFCF72B
:1065300009F8A04202D0002005B030BD00212C4B4C
:1065400008461B7801F0E0FC2A480368002B4BD07A
:106550000120FBF755FC0346274C2849C0B22370A5
:10656000FBF7C8FA20780121FBF782FA0E20FBF72F
:10657000B1FA60BB224B6FF00044C3E90000FBF7A7
:10658000C3FE0546FCF728F94FF0FF3C10F57A7280
:1065900041F10003944574EB030138BF23464FF0EB
:1065A00000014FF0010438BF6246DFF860C02846A2
:1065B000CDE90114CDF800C0FBF7AAFE0028BADB34
:1065C00001211048FFF726FD012005B030BD012054
:1065D000FBF708FA01460A48FBF770FC00220E2080
:1065E0000949FBF7B9FAEBE7FBF74CFCB0E700BF52
:1065F00064030110586E0020786E0020396400108A
:106600004C5B00200021002061620010F16100104D
:10661000002001F0DBB900BF0048704704F900100A
:1066200000487047B0F8001000B51C4A03461178C6
:1066300083B031B363B940F209424FF44173DFF8DC
:1066400060C0ACF802201648ACF8003003B000BDC2
:10665000052B20D8134ADFF848C052F823106046B3
:106660000023013903E0132B20F8022F10D011F87A
:10667000012F0133DBB2002AF5D15B0043F44073F4
:10668000E1E701901121104600F024F8019BD1E7C9
:106690004FF44A73D7E70020D8E700BF606E0020B0
:1066A000244E002098F8001000B545F247308BB01A
:1066B000FCF7F2F901220346092101A89847DDE918
:1066C0000332034912BA1BBAC1E900230BB000BD63
:1066D0003C6E0020012900F0BB80614A013913782B
:1066E0004FEA231CBCF1090FCCBF0CF1370C0CF1A5
:1066F000300C012980F800C000F0AD8003F00F03DA
:10670000092B8CBF373330330229437000F0A3804C
:1067100053784FEA231CBCF1090FCCBF0CF1370CA6
:106720000CF1300C032980F802C000F0948003F0D3
:106730000F03092B8CBF373330330429C37000F0AB
:106740008A8093784FEA231CBCF1090FCCBF0CF16F
:10675000370C0CF1300C052980F804C07BD003F015
:106760000F03092B8CBF373330330629437172D0A6
:10677000D3784FEA231CBCF1090FCCBF0CF1370CC6
:106780000CF1300C072980F806C064D003F00F0329
:10679000092B8CBF373330330829C3715BD0137991
:1067A0004FEA231CBCF1090FCCBF0CF1370C0CF1E4
:1067B000300C092980F808C04DD003F00F03092BD5
:1067C0008CBF373330330A29437244D053794FEAB0
:1067D000231CBCF1090FCCBF0CF1370C0CF1300CB1
:1067E0000B2980F80AC036D003F00F03092B8CBFA9
:1067F000373330330C29C3722DD093794FEA231CE1
:10680000BCF1090FCCBF0CF1370C0CF1300C0D2989
:1068100080F80CC01FD003F00F03092B8CBF373357
:1068200030330E29437316D0D3791A11092ACCBFFD
:10683000373230320F2982730DD003F00F03092B4A
:1068400094BF303337331029C37318BF103002D0D0
:10685000002303707047002308440370704700BF93
:106860003C6E0020704700BF0022014B1A70704739
:10687000766E00204B79FF2B0BD1887948B9CB7904
:10688000012B07D1082A05D9034B8A7809201A70F1
:1068900070470020704700BF766E002001207047CF
:1068A000012901D00120704708B5104B91881B7851
:1068B000994201D0002008BD5378012B08D0022B4B
:1068C000F8D1002164220846FCF768F8012008BDD1
:1068D000518811F480721ABFC1F3C012480A4FF0F8
:1068E000FF3001F00301FCF7E3F800BF766E0020F3
:1068F00000487047C0F90010012907D15378012BD7
:1069000002D19388072B03D00020704701207047E5
:106910001146A623014A00F01FBF00BF18F900105E
:106920000346012201481A70704700BFE4F90010C5
:1069300008B50B68B3F5966F00D008BD00224FF084
:10694000FF301146FCF7B4F810B500F02DF90C2318
:106950001C4CFF22A3670E201B49FBF7FDF84022C9
:1069600000211A4808F028FB4FF0800C0120174A3C
:106970000023A2F822C0507010464022144902831E
:106980000287144A81604360C2F88430C2F88030C4
:1069900080F8213080F83B3043620F4BC360C36204
:1069A000803B836208F010FB4FF0005C4FF48032B4
:1069B00001200A490A4B2064C4F84CC0C4F8901066
:1069C000DA6410BD00001150990300206C4E0020C5
:1069D00084001050000010500001105010D0010031
:1069E0000020115001210E20FBF742B8002202487E
:1069F000114600F0F9B800BF8C4E0020044B19700E
:106A000021B14FF40032034BC3F89020704700BF10
:106A1000726E0020002011500B785B0600D070478A
:106A20004B78052BFBD14B88014ADBB21360F6E7AC
:106A300000001150CB782DE9F04103F0030EBEF1B8
:106A4000010FC3F3010057D000268C78DFF8D4C0C3
:106A500004F07F0253008988984603EBD4130CEBB3
:106A60004313E509D876C1F30A0185F001009C7053
:106A700019835870DE70D3006DBB254804330CEBCE
:106A800082141F18A7601E506AB3224B03EBC20387
:106A900063603F318909BEF1020F14BF8B01CB0146
:106AA0001D4908EB05020CEB421C0A681B48134405
:106AB00083420B60CCF80C2028D882F0A04383F4EA
:106AC0008013DCF8042043EA8E6343F00043136034
:106AD0000120BDE8F0810E480CEB82140344A36250
:106AE00040F832605AB913460D4A0CEB451CCCF8FD
:106AF0000C20CCF80430EBE70020BDE8F081D20098
:106B000002F1A04202F580126262C2E7FCF70EF8C1
:106B10008000105004001050485B0020FF0F105000
:106B2000000110506C4E002008F04EBA08B5964691
:106B3000DFF81CC001F07F02C80900EB42000CEB3B
:106B400040101A46714600F04FF8012008BD00BF02
:106B50006C4E002011F07F0205D100290CBF0220ED
:106B60000120064B9866C909054B01EB420003EB77
:106B700040104FF40062002108F0EEB900201150DF
:106B80006C4E002011F07F0300D1704700220548B1
:106B90005B0003EBD11300EB43106FF40061C27094
:106BA00008F0DAB96C4E00204FF0805209480A49CB
:106BB00008B50A4B02600A609968C94311F0805118
:106BC000FAD14FF48052064808F0F6F90922054B35
:106BD0005A6708BD00200240003002400000024019
:106BE000000010500000115000234FF0010C10B5B0
:106BF000016180F81AC08282C382044608F094F9C9
:106C000020B14FF40032074BC3F89020204608F023
:106C1000F3F910B10123237710BD2046BDE81040E1
:106C200008F08EB9002011502DE9F0414FF0000816
:106C30001B4C0546424623781A4F1B4E0DE0336825
:106C400013EB421323D0DB682846984708F101086C
:106C500023785FFA88F2934206D39342A2EB0303B0
:106C6000EDD807EB4313EEE7542200210F4808F05C
:106C7000A3F94FF0FF330D4C2022C4E90133C4E9DE
:106C80000333FF21BDE8F041094808F095B94FF002
:106C9000E023D3F8F03DDB0700D500BEBDE8F0816E
:106CA000716E002004FA0010B84B0020C04C002088
:106CB000D44C0020704700BF704700BF00207047D1
:106CC00000207047704700BF704700BF704700BF8B
:106CD000704700BF024B5878003818BF012070473A
:106CE000C04C0020024B1878C0F38000704700BFF2
:106CF000C04C00202DE9F0472D4F3B78FF2B54D19D
:106D000000293DD054228A4681460021294808F0B6
:106D100053F90022284C294B20461A70FBF7B2F891
:106D2000274B28481C60284CFBF7BAF8204601F096
:106D3000DDFB264A264B146023B12648FFF7F0FD01
:106D4000254B18604FF00008224C43462278234E12
:106D5000214D0DE02A6812EB431311D05B687BB123
:106D6000984708F1010822785FFA88F3934211D816
:106D70009342EFD39B1A06EB43135B68002BEFD1D2
:106D80004FF0E023D3F8F03DDB0700D500BE002034
:106D9000BDE8F0875146484687F80090FFF7D4FDDC
:106DA0000028EDD04846FFF71DFE0120BDE8F08722
:106DB00034210020C04C0020B84C0020736E00200D
:106DC000144D00202C21002018210020184D0020F7
:106DD00021690010716E0020B84B002004FA0010E9
:106DE000A44B1B78FF2B00F012812DE9F04FA24C31
:106DF000A24DDFF89C82A24E8BB027687B69EFF32F
:106E0000108272B6D3E8CF0F01210028FAD1C3E86F
:106E1000401F0028F6D1BFF35F8FBA61384607A93B
:106E200001F0AAF900237A69C2E88F3FBB6983F3B6
:106E30001088002800F0C6809DF81D30013B072B0C
:106E400000F28383DFE803F0A3AD91998A350A0449
:106E5000089B002BD1D009989847CEE79DF82010C9
:106E600001F07F0705EB470000EBD11090F83430BC
:106E700023F0010380F8343090F8343023F0040319
:106E800080F83430002F00F0A080027D98F80030A8
:106E90009A4280F08F807B4B1B6813EB421300F00B
:106EA0008A809F699DF82120099B9DF81C00B847A6
:106EB000A3E73378002B7ED03378013B33703378EF
:106EC00003F0FF00002B98D1DFF8B0A19DF81CB0B3
:106ED0009AF8003043F001038AF800309AF8343011
:106EE00060F300038AF834309AF8343060F3820398
:106EF0008AF834309AF8353060F300038AF8353078
:106F00009AF8353060F382038AF8353000F088FC57
:106F10009DF8203003F06002602A66D0402A77D0C6
:106F200003F01F03012B00F0B580022B7CD0002B57
:106F30005BD1202A00F0E781002A56D19DF821304C
:106F4000092B52D8DFE813F0AB019B015100BD01C2
:106F500051008C01620151005601E7002B78D907DE
:106F60007FF54BAFFFF7B4FE47E7EB78DA077FF525
:106F700044AF0898FFF7A0FE3FE72B78D8077FF5CE
:106F80003CAF2878C0F3C000FFF7A0FE35E79DF8BE
:106F90001C00FFF749FE00F039FC9DF82030AB7073
:106FA0002BE79DF81C00FFF73FFE00F02FFCFFF7DA
:106FB0008BFE22E711D04FF0E023D3F8F03DDC0741
:106FC00000D500BE0BB0BDE8F08F099B9DF82120D5
:106FD0009DF81C0000F038FC0FE72B4B61E7FFF732
:106FE0001FFB0246002840F085814FF0E023D3F8D4
:106FF000F03DDF0700D500BE9DF81C000021FFF723
:10700000A9FD80219DF81C00FFF7A4FDF5E670475F
:107010001E4800F005FC0121584608AAFFF76CFC49
:1070200000287FF4EAAEE7E79DF8241011F0700F16
:10703000DBD1174801F07F0390F800C00AEB430052
:1070400000EBD110007D604551D340F06E810E48B9
:107050000090002A00F06D81009F786900F0E0FB4D
:10706000012158467B6908AA984700287FF4C5AEDD
:10707000C2E700BF34210020184D0020C04C002082
:10708000736E0020B84B002004FA0010F96800105D
:10709000716E00209DF824300F2BADD8B14A5344B7
:1070A0001B791278934230D3A6D1AF4F786900F0A4
:1070B000B7FB012158467B6908AA984700287FF44E
:1070C0009CAE9DF8203013F0600795D19DF82130DB
:1070D0000A3B012B90D800F0A3FB9DF821300A2B2E
:1070E00000F00D82584608A900F01AFB85E6DFF88B
:1070F0007CC2DCF800C00CEB40100090002A00F0CD
:10710000188100283FF478AFA6E7984A176817EB74
:107110004317CBD170E79AF801209DF822309342B3
:1071200000F05D819AF80120002A40F0D2818AF8AF
:107130000130002B00F05181013BD8B2FFF770FA0B
:10714000002800F06E814378022B40F06A81C279FA
:107150009AF80010C2F340131B01C2F3801221F011
:10716000300143EA42130B438AF80030438800F1B0
:107170000901C3180293029B8B4240F2BD814B78F8
:107180000B2B00F0C6810120042B40F04A81002225
:10719000029B01925B1A1FFA83F9724B00921B78D3
:1071A00003901EE0714B1B6813EB421300F0398112
:1071B0001F694A46584605910493B847019B082821
:1071C00003F101030599019303D98145049B80F0E4
:1071D0000B81644B9DF804201B7800929342C0F011
:1071E0002081009A9342A2EB0303DBD85E4A02EBB4
:1071F0004313DDE79AF8013058468DF81A300DF147
:107200001A02012308A900F0A7FAF6E5BDF822004A
:10721000030A5A1EC0B20E2A3FF6EEAE01A151F883
:1072200022F000BF55740010E3720010917400103A
:10723000F96F0010F96F001073740010E372001002
:10724000F96F0010F96F0010F96F0010F96F00105E
:10725000F96F0010F96F0010F96F001047740010FB
:1072600008A800F0E3FA58469DF82210FFF7BEFB8D
:107270009AF8003043F002038AF80030BDE5BDF80B
:107280002230012B7FF4B8AE9AF80030584623F034
:10729000080308A98AF8003000F042FAADE5584624
:1072A0009AF800309A0802F00202C3F34013134325
:1072B000ADF81A300DF11A02022308A900F04CFAB9
:1072C0009BE5BDF82230012B7FF496AE9AF8003092
:1072D000584643F0080308A98AF8003000F020FA65
:1072E0008BE5022B3FF47BAEFFF7EAFC0246002859
:1072F0003FF482AE5846538808A900F02DFA0028C2
:107300007FF47BAD78E69DF824300F2B3FF674AE0A
:10731000144A53441B79127893421ED2134A1768B9
:1073200017EB43177FF499AE66E6002A7FF464AE4C
:1073300000929DF821C00CF0FD02012A18D0BCF18A
:10734000000F7FF452AE0AEB430303EBD11393F823
:1073500034305846C3F34003AAE77FF44DAE024FE2
:107360007BE600BF716E002004FA0010B84B0020CD
:10737000BDF82220DAB97948BCF1010F007800F09D
:107380008F80CDE90113FFF7E5FB029B01990AEB22
:10739000430303EBD11393F8342042F0020283F845
:1073A000342093F8342042F0010283F83420009B0B
:1073B000002B3FF422AD1F46586900F031FA7B697B
:1073C000012108AA58469847002000F029FA9AF8A7
:1073D0003530DB073FF511AD84E6FFF775FC584605
:1073E00008A900F09DF908E502460398012800F07D
:1073F000A580002800F09280002391F802E007E0C9
:10740000009F8CF804705FFA83FC604540F2868030
:107410000EEB030C5AFA8CFC9CF804700133FF2F1E
:10742000EED04FF0E023D3F8F03DD90700D500BEF1
:107430004FF0E023D3F8F03DDA0700D500BE00237B
:107440008AF80130D8E5FFF753FA024600287FF4A6
:1074500051AFD1E5FFF7E0F8024600283FF4C5AD93
:107460005846122308A900F077F900287FF4C5AC2C
:10747000C2E5FFF723FC024600283FF4BDAD5846A5
:10748000137808A900F068F900287FF4B6ACB3E5DA
:10749000BDF82410FFF7C8F802460028EFD1ABE58D
:1074A000CDE902320191FFF76DFB029B01990AEBD6
:1074B000430303EBD11393F83410039A62F34101B1
:1074C00083F8341093F8341062F3000183F8341019
:1074D0006DE7002158460193FFF790FA5846FFF7F1
:1074E00023FB9AF8022058460092FFF79DFB009A72
:1074F000019B8AF802201AE6FFF7E4FB6FE7584683
:10750000012308A90DF11A028DF81A7000F024F970
:1075100073E40B78C87819444B7835E6009F10481F
:107520003B46CDE9001200F0A1FDDDE90012114457
:107530000C4A1378BB42BFF41EAE72E7D3F810C0FA
:10754000094B9C4508BF022056E74FF0E023D3F8D3
:10755000F03DDB077FF551AC00BE4EE43421002046
:10756000D44C0020716E0020717C00102DE9F84F82
:107570000A9F002A40D00C461E4615464FF0000BCD
:10758000DFF88090DFF8808016E0204698F802103F
:1075900099F800A000F03AFDD0B121465046FFF71F
:1075A00049FAE0B1A3780BF1010BDA0920D1AB4520
:1075B0003B7021D023781C446378052B0FD1E178F0
:1075C00001F00301B1420AD1A37813F0700FDCD0AF
:1075D0004FF0E023D3F8F03DDA0700D500BE4FF0BE
:1075E000E023D3F8F03DDB0709D40020BDE8F88F95
:1075F0000B9AAB451370DDD10120BDE8F88F00BEBA
:10760000F3E700BF34210020C04C00208B7813F03A
:10761000700F08D04FF0E023D3F8F03DDA0700D523
:1076200000BE0020704710B582B0084601910C4999
:107630000C4A8978147800F0E9FC48B94FF0E0234F
:10764000D3F8F03DDB0700D500BE002002B010BD2E
:107650002046019902B0BDE81040FFF7EBB900BF2A
:10766000C04C0020342100200A46064B0648196809
:10767000D309343302F07F0203EB4203184400F0D5
:1076800079BC00BF144D0020C04C00200A46064BB8
:1076900006481968D309343302F07F0203EB420332
:1076A000184400F097BC00BF144D0020C04C0020CF
:1076B00010B5194801F07F0400EB440000EBD11035
:1076C00090F834C01CF0010F08D04FF0E023D3F83D
:1076D000F03DDA0700D500BE002010BD00F13004F7
:1076E00094F804C00D484CF0010C007884F804C0F4
:1076F000FFF71CFA0028F0D14FF0E021227960F367
:1077000000022271227960F382022271D1F8F03DE9
:10771000DB07E1D500BEDFE7C04C002034210020AC
:10772000DFF830C00023624610B58E460446086874
:107730004968CCF80C3003C29EF800102046BDE822
:10774000104081F0FF011A4601F08001CCF80830AA
:10775000FFF7AEBF804C0020DFF8ACC070B5154617
:10776000624600248E4606460868496882B003C215
:10777000CCF80850ACF80E40BEF80620934228BF63
:107780001346ACF80C308AB133B3DDB19CF900205C
:10779000402B28BF4023002A29DB21463046194AC6
:1077A000FFF786FF70B1012002B070BD9EF8001097
:1077B000134681F0FF01304601F08001FFF778FFAA
:1077C0000028F0D14FF0E023D3F8F03DDB0700D5DF
:1077D00000BE002002B070BD1A469CF8001001F0F7
:1077E00080013046FFF764FF0028DCD1EAE71A4643
:1077F00029460448019307F0F7FB8021014A019BC9
:10780000EFE700BF404C0020804C00200022034BDB
:10781000C3E90022C3E902221A617047804C0020AC
:10782000014B1861704700BF804C00200146054A9B
:107830004FF0000C134600684968C2E902CC03C34C
:10784000704700BF804C002030B53E4CC9092278FB
:107850000546B1EBD21F83B017D053B14FF0E023F0
:10786000D3F8F03DDB0702D4002003B030BD00BEEA
:10787000FAE72146FFF7D0F823691BB1224603211E
:1078800028469847012003B030BD94F90020002A13
:1078900008DBA0680028E7D01A462B49019307F0BF
:1078A000A3FB019BE089A168E288184480B21944D7
:1078B0008242E081A16016D03F2B14D9A28994F9AD
:1078C0000040131A9BB2402B28BF4023002C28DB1A
:1078D00090424FF0000132D01B4A2846FFF7E8FEE5
:1078E0000028CFD1BAE7236923B102212846154ADF
:1078F000984768B100232178284681F0FF011A4695
:1079000001F08001FFF7D4FE0028A7D00120BAE7DC
:1079100001462846FFF71EF980212846FFF71AF98D
:10792000B0E7904208D01A460748019307F05CFB85
:107930008021054A019BD0E780210022CDE70A463D
:10794000CBE700BF804C0020404C002070B582B0D7
:107950000446FFF7BFF908B902B070BDFFF7C2F9DE
:1079600002460028F8D1C82304FB03F31549254635
:10797000CC18E0780028EFD010335E183046019222
:1079800000F0E8FB3F28E7D9E1780198FFF76CFEAB
:107990000028E1D0304600F0DDFB3F28E1780AD92D
:1079A0004023DFF824C001980CEBC51202B0BDE8FB
:1079B0007040FFF77DBE019802B0BDE87040FFF750
:1079C00065BE00BF60230020BC4B002010B50446FC
:1079D000FFF780F908B9002010BDFFF783F90028F0
:1079E000F9D1C822034B02FB0433187900F00100DF
:1079F00010BD00BF60230020C82208B5024B02FB67
:107A0000003000F08DFB08BD702300204FF6FF739F
:107A10002DE9F041C8249A4228BF1A4600FB04F41D
:107A20001B4D04F1100382B0804692B258195F19C1
:107A300000F0F0FB0646FFF74DF918B9304602B0EA
:107A4000BDE8F081FFF74EF90028F7D12544EA7828
:107A5000002AF3D00190384600F07CFB3F28EDD996
:107A60000198E978FFF700FE0028E7D0384600F0DB
:107A700071FB3F28E97807D9064A4023019802EBB9
:107A8000C812FFF715FED9E70198FFF7FFFDD5E70C
:107A900060230020BC4B0020F0B583B00546FFF703
:107AA00019F910B9002003B0F0BDFFF71BF9044627
:107AB0000028F7D1C82305FB03F31A4A03F1240178
:107AC0008F183846009300F02BFB0028EAD0154AA7
:107AD000009B2046D618B178FFF7C6FD0028E1D0FC
:107AE0001149384601EBC5114022009100F092FB8C
:107AF00096F802C0034670B1019061462046009A94
:107B0000FFF7D6FD58B94FF0E023D3F8F03DDB077F
:107B1000C8D500BEC6E76146FFF7B8FDC2E70198C9
:107B2000C1E700BF60230020FC4B002070B5054674
:107B30004FF6FF70C823824228BF0246094C92B21A
:107B400003FB0544204600F029FC0646204600F0D1
:107B5000E7FA3F2801D8304670BD2846FFF79CFF62
:107B6000304670BD84230020C82208B5024B02FBBA
:107B7000003000F0EFFA08BD8423002070B5002427
:107B800082B0C8220021184807F016FAFF234FF4EC
:107B9000E1310822154804701348009406464371E9
:107BA0008160827300F1380101234022103000F01F
:107BB00087FA0123402206F17801009306F1B80507
:107BC00006F1240000F07CFA2846FAF75BF906F18A
:107BD000C000FAF757F906F1C000C6E90745C6E943
:107BE0000C0402B070BD00BF602300203C4C00209C
:107BF0000A4B196B1A6A61B13AB10022C3E90C222F
:107C0000DA6100221A62012070470120C3E90C22C8
:107C10007047002AF7D0D961F3E700BF6023002046
:107C20000022104908B510480B7802600271DA078B
:107C300007D59B070CD5BDE8084001210B4800F093
:107C400071BC103000F052FC06490B789B07F2D44F
:107C5000064800F04BFCBDE808400121034800F055
:107C600061BC00BF3C4C0020602300208423002026
:107C700070B54B7984B0022B02D18B79022B03D0E3
:107C80000024204604B070BD2B4B9B783BB14FF0D5
:107C9000E023D3F8F03DDB07F2D500BEF0E78B78A8
:107CA0000546254803700B78194491F801C0BCF1D2
:107CB000240F08BF092409D03BE00B78194491F840
:107CC00001C02344BCF1240F9CB207D19442F4D9E3
:107CD0000020FFF73BFE204604B070BD6346BCF1B8
:107CE000050F16D0042BF3D14B790A2BF0D1134B8F
:107CF0000A78019301330093022316461144284663
:107D00001A46FFF733FC0028C1D00E3433199CB259
:107D1000DEE728460391FFF779FC03990028B6D0E7
:107D20008B78054A53700B781A1919444B7894B222
:107D3000D8E763460924D2E76023002062230020AD
:107D4000137803F06003202B0BD100B5DFF8BCC023
:107D500093889CF800E083B09E4504D0002003B0D7
:107D600000BD002070475378203B032BF6D8DFE896
:107D700003F02C270D02012933D0032922D11E4BF9
:107D800003B300205188AFF300801BE0012928D005
:107D9000032917D15288194802F0010383F0010129
:107DA00001938CF80420009200F0BCFB144949B107
:107DB000009A00200199C2F34002AFF3008001E075
:107DC000012912D0012003B000BD01290DD00329E3
:107DD000F8D10C4B002BF5D000200B49FEF7A8FD85
:107DE000F0E71146FFF79CFCECE711460723064A33
:107DF000FFF7B2FCE6E700BF00000000842300208C
:107E0000000000003169001068230020602300207A
:107E10002DE9F041354C0D46E27807468A421E4670
:107E200082B02FD0A3788B4209D04FF0E023D3F853
:107E3000F03DDB0724D4002002B0BDE8F0812C4BDC
:107E400013B10020AFF300800020FFF725FE0028CB
:107E500047D1284800F064F9002842D1002E40D0D4
:107E600016F03F053DD13846A178FFF7FDFB00280D
:107E700037D02B462A463846A178FFF719FC30E068
:107E800000BED8E79AB21C4904F1100000F086FA4F
:107E90001A4BD3B16279FF2A17D0B6B1164B03EB58
:107EA000060802E0434510D0627913F8011B9142A5
:107EB000F8D11348019300F043F9019B0028F1D158
:107EC0006179AFF30080019BECE70E4B1BB10C48CE
:107ED00000F036F938B10020FFF738FDA378AB4247
:107EE000ADD00120A8E7AFF30080F4E760230020C5
:107EF0000000000084230020BC4B00200000000094
:107F0000702300200000000000B583B0D9B1012823
:107F10000ED80B7863B1DFF858C0012B0CF8003095
:107F200002D0012003B000BDFEF7E4FE0028F8D126
:107F30004FF0E023D3F8F03DDB0702D4002003B07C
:107F400000BD00BEFAE70122084601A9ADF80420F1
:107F5000FEF7D0FE012238B94FF0E023D3F8F03D10
:107F6000DA07ECD500BEEAE7014B1A70E7E700BF7D
:107F7000B44C0020037813F001031ED130B5024643
:107F8000007883B00446400702D5184603B030BDE0
:107F900008460D464FF0FF31019207F029F8019A8B
:107FA000137813F001030BD1117849070AD4117823
:107FB000012341F00401117004E0002318467047CA
:107FC000C4F380032846019307F026F8019B184666
:107FD00003B030BD70B50D4604464FF0FF31284662
:107FE00007F006F82378C3F380065B0708D52378EB
:107FF00013F0010311BF0026227863F3820222707E
:10800000284607F009F8304670BD00BFC378828863
:1080100003F003000228C2F30A0215D003280AD095
:1080200001281CD1022940F2FF3308BF4FF48063BE
:1080300093420DD37047022914BF40234FF480634D
:10804000934205D30120704702290AD0402AF9D96A
:108050004FF0E023D3F8F03DDB0700D500BE002051
:108060007047B2F5007FEDD0F2E700BF0A449142BD
:1080700025D291F801C0BCF1050F05D091F800C0E0
:1080800061448A42F5D8704700B591F802C00CF0FF
:108090007F0E00EB4E0E4FEADC1C0EF80C3091F810
:1080A00000C061448A4209D991F801C0BCF1050FB2
:1080B000EBD091F800C061448A42F5D800BD70470A
:1080C0002DE9F041B2F5004F9DF8185024D8044630
:1080D000C06898460F46164618B14FF0FF3106F0BB
:1080E00087FF206918B14FF0FF3106F081FF0022B1
:1080F000C8F30E03E06843EAC53362812760A680B7
:10810000E380228108B106F087FF206908B106F0FC
:1081100083FF0120BDE8F0810020BDE8F08100BFB1
:10812000038942899BB292B28088934236BFC2EBE8
:1081300040029B1A9B189BB2984228BF1846704772
:108140000289438990B29BB2C01AB0FA80F040090C
:10815000704700BF038942899BB2808892B29342E4
:1081600036BFC2EB40029B1A9B189BB2984286BF57
:10817000C01A80B20020704730B5044600690D4631
:1081800083B018B14FF0FF3106F032FF22896189C8
:1081900092B289B2A3888A4236BFC1EB4300501A1B
:1081A000801880B268B3834209D29A422CBFD21A97
:1081B000D21891B28B42618103D8C91A89B28B421D
:1081C000FBD9E2882368C2F30E0202FB0131284684
:1081D00006F00AFF6289A38892B2511C89B28A42D2
:1081E0004FF0010210D9002103FA02F0091A2069A8
:1081F000618118B1019206F00FFF019A104603B099
:1082000030BD0246618989B2B1EB430F4FEA4300AA
:10821000EDDBEBE72DE9F04105460069884682B0C9
:1082200028B14FF0FF31009206F0E2FE009A298952
:108230006B8989B29BB2AC88994236BFC3EB4406C6
:10824000CE1A7618B6B2002E4BD0B44241D3B24209
:1082500028BF32469C4296B203D81B1B9BB29C425D
:10826000FBD9B5F806C0E01A296880B2CCF30E023B
:108270008642174602FB031125D910FB02F2404645
:1082800092B20193009206F0AFFE019B009A341B5C
:10829000234408EB020013FB07F2296892B206F0B0
:1082A000A3FE6A89AC8892B293199BB29A421AD9FA
:1082B00062009B1A28696B8108B106F0ADFE30465A
:1082C00002B0BDE8F081404606FB02F206F08CFEEB
:1082D000E7E7A1422CBF091B09198BB226466B8127
:1082E000B5E76B899BB2B3EB440F4FEA4402E1DB85
:1082F000DFE700BF70B50446C0680E4682B018B113
:108300004FF0FF3106F074FE2589238961899BB205
:1083100089B2A2888B4236BFC1EB42015B1A5B185F
:108320009BB29A42ADB20BD8E179C90908D1E06895
:1083300018B1019106F070FE0199084602B070BDB7
:10834000954228BF2B4617D39B1A9BB29342FBD270
:10835000E2882068C2F30E0202FB0300314606F0F9
:1083600043FE6B1C9BB29D42A28811D90023510091
:108370005B1A01212381DAE7E2882068C2F30E024A
:1083800005FB0200314606F02FFE0135A288ABB294
:10839000B3EB420F4FEA4201EBDBE9E72DE9F0478F
:1083A000154682B0002A4AD00446C068884618B1F3
:1083B0004FF0FF3106F01CFEE17926896389C90977
:1083C000A288B6B29BB23ED19E4236BFC3EB4203F7
:1083D000F31A9B199BB2934253D2D31A9BB2AB426E
:1083E00028BF2B469DB27319B4F806C01FFA83F953
:1083F000A5EB020A9642334603D39B1A9BB29342E3
:10840000FBD2D21A91B22068CCF30E02A9421746D1
:1084100002FB030052D3414605FB02F206F0E4FDE5
:10842000A3884E454FEA430202D8B9EB430F01DB64
:10843000A9EB0209E0682A46A4F8089028BB104678
:1084400002B0BDE8F087954227D29E4236BFC3EB0B
:108450004201F11A891989B250002944AF1A8142A8
:10846000BA4608DB991889B24E1BB6B2B3428946A8
:1084700038D9301A86B2AB191FFA83F9B4F806C09E
:10848000B8E70022E0680028D9D0009206F0C4FDC9
:10849000009A104602B0BDE8F087002AF2D0B4F886
:1084A00006C0AD1A99181E46CCF30E0303FB0588CF
:1084B0004FF0000A15461FFA81F99BE711FB02F203
:1084C000414692B20193009206F08EFD019B009A04
:1084D000534413FB07F308EB020120689AB206F03D
:1084E00083FD9DE7B042C4DDC8E700BF10B5044678
:1084F000C06818B14FF0FF3106F07AFD206918B15D
:108500004FF0FF3106F074FD0023E06863812381A2
:1085100008B106F081FD206908B106F07DFD01205B
:1085200010BD00BF38B50446C0680D4618B14FF005
:10853000FF3106F05DFD206918B14FF0FF3106F004
:1085400057FDE379E06865F3C713E37108B106F0FE
:1085500063FD206908B106F05FFD012038BD00BF52
:10856000012307480749084A03600B609368D9074D
:10857000FCD50123054A13601368DB05FCD5704761
:1085800000200240003002400000024000000A408B
:108590002DE9F04F054600274FF0010C85B09DF8FE
:1085A0003800DDE90F4602902868C7664160191E51
:1085B000C0F86CC0019140F38880029B571E01F106
:1085C000FF3883EA0C091CB161463046A047286891
:1085D0004FF0000B2B799B02C34514BF002109F01B
:1085E000010117F8012F42EA412213430361ACB1A4
:1085F0004FF0000A03E02B685A6BD2061ED400210C
:108600003046A0475FFA8AFA0028F4D06FF0010BD9
:108610005846029B2B7105B0BDE8F08F436BD9061D
:10862000FCD5D0F88020002A41D1C34548D0019B19
:108630000BF1010B5B45EBD00023CDE7D3F8802095
:10864000EAB9BAF1000F0ED1C34509D0019B0BF175
:10865000010B5B45DCD001213046A0472868EBE7E1
:10866000029B002BF2D1039203E02B685A6B920518
:108670000AD400213046A0470028F6D0C6E74FF0C4
:10868000010A5B6D0392F4E7039A1B6EBAF1000FC7
:10869000DCD0E2B102F0090CBCF1080F18BF4FF0BA
:1086A000FF3B5846029B2B7105B0BDE8F08F0121BE
:1086B000436D436B9B05FCD5036E0029B7D0E8E7FB
:1086C000029B002BB3D11946F3E7BB46A0E74FF05E
:1086D000FF3B9DE72DE9F04F4FF0010C17460022BC
:1086E0000446006883B0B3F10009C2669DF830808B
:1086F0004160DDE90D65C0F86CC060DD09F1FF3354
:10870000019388EA0C0A002E57D09346012128468F
:10871000B04720680346416F1029FCD0BBF1000F21
:1087200037D00021019A934514BF4FF0000C0AF096
:10873000010C41EA4C2141F4807101613EB91AE01B
:108740002846B04700283CD12368996F21BBD3F855
:108750008010596B11F04001F2D0002128465B6D6A
:10876000B0476FEA000B584684F8048003B0BDE8B8
:10877000F08F836FC3B9D0F88030436B5B06F8D5B8
:108780004FF0FF3B436D584684F8048003B0BDE8CA
:10879000F08F21798902C5E71B690BF1010BD945DF
:1087A00007F8013BB2D1DEE703690BF1010BD945B4
:1087B00007F8013BD7D02068ACE7B346AAE7934659
:1087C000D1E76FF0010BCEE7F0B5074683B0052087
:1087D0000191FAF78BF801991F4A00EB510CBCFB91
:1087E000F1FC0CEB4C05A2FB052E1C4E4FEA9E043F
:1087F000B14200EB4003ACEB9E0E27D8184AA2FB17
:1088000003239B0D0133002239684F2DCA660A6885
:1088100001F5805682F0040202F006023260C1F8CF
:108820001CE00C6298BF01240A4688BF2409C1F8E5
:10883000A040B0FBFCF0012452F87C5F6B409BB27F
:1088400002F580521360CC6603B0F0BD054AA2FB6E
:108850000323DB0D0133D6E7CDCCCCCC3F420F0058
:108860006BCA5F6B893BE655114A00B5904214BF55
:1088700010222022DFF840E00E4BDFF840C0CEF897
:1088800000201A60DCF8083032EA0303FAD140F223
:10889000651E4FF0030C02680371D366C2F800E056
:1088A000D3635DF804EB9363C2F888C0FFF78CBF15
:1088B0003821002000300240002002400000024029
:1088C0002DE9F0418AB006AC804617461E46DDE928
:1088D000122320469DF840500591F9F75BFF33467F
:1088E000CDE901043A46404605990095FFF750FE50
:1088F0000AB0BDE8F08100BF2DE9F0418AB006ACB6
:10890000804617461E46DDE9122320469DF840505A
:108910000591F9F73FFF3346CDE901043A46404659
:1089200005990095FFF7D6FE0AB0BDE8F08100BFBB
:108930003A4B2DE9F043984214BF4FF480234FF493
:1089400000230546364E374C374A83B033602360E8
:10895000946833EA0404FBD14FF002090620019128
:10896000F9F7C4FFAE464A465EF8046F01990EF56A
:1089700040574FEA412843464FEAD15C1640C7F8BA
:10898000009008E013EB080302F102024CEBD15C0B
:10899000B2F5807F03D0984274EB0C09F2D24FF409
:1089A0008073C2EB022C01E0012B34D0B0FBFCF849
:1089B00041459946ACEB020C03F1FF33F4D209FBBD
:1089C00002F91C0202212B46B0FBF9F04FF0030C18
:1089D0002A612A680EF5005E624005F5805802F4AF
:1089E0007F42C8F80020CEF800606C68396053F808
:1089F000242B0C4082F0070202F0CF0203F5005353
:108A0000C8F80020CEF80040C3F800C0CEF800102F
:108A100003B0BDE8F0839146D4E700BF0080084072
:108A20000020024000300240000002402DE9F041E9
:108A30001546D0F868218646CB792AB1DA0705D5E4
:108A40006FF00A00BDE8F0815B07F9D491F90530B9
:108A5000002B01DB9D42F3D10EF12F4303F56003A0
:108A60001A0D01230C791C48A3401646013B50F80F
:108A70002220AB401A421746984629D104B3096810
:108A8000AC46164A01EB44040BE0B3F5005F38BF77
:108A90005B190CF11200A1424EF820300CF1010CD0
:108AA0000ED031F8023B03EA0200B0F5005FECD1D2
:108AB00013F0600FEDD1DEF8680143409BB2E4E7AC
:108AC000054A47EA0803284642F82630BDE8F08107
:108AD0006FF00800B6E700BFDC4D002000E0FFFFAC
:108AE000F0B59E46D0F868319DF81450D21A1F2A6E
:108AF00039D80C464EF280034EF29F014FF40037F6
:108B000004EB440C002D08BF194600EBCC0303F521
:108B1000435300EBCC0CBEF1050FDCF8DC60DCF855
:108B2000CC50DF600ED95301AEF1050E43F0A053D7
:108B30000532BEF1050FCCF8DC3002F01F02CCF894
:108B4000D810F0D8520104EB440442EA8E6300EBE3
:108B5000C402C2F8DC300020C2F8D810C2F8DC60D1
:108B6000C2F8CC50F0BD6FF00400F0BD4FF0010C26
:108B70002DE9F041904602680CFA01FE22EA0E024D
:108B80000260002B3DD01E69DFF804E1F2439C68CF
:108B90001F6801EB41050EEA121E00EBC50502EA53
:108BA0005202C5F8C87012EA0E0FC5F8D040D0F8CE
:108BB000684101FA0CFC0EEA56060BD056EA040294
:108BC00063D15E68DA680CEB010300EBC303C3F802
:108BD000CC600FE0002E4ED15E68002CF2D0DA6837
:108BE0004FEA1E5386EA0376C5F8CC604FEA0E3E84
:108BF00082EA1E220CEB010300EBC303C3F8DC2066
:108C000015E04FF440254FF480364FF4F83401EB73
:108C1000410200EBC202C2F8C860C2F8D050D0F8DE
:108C200068514FEA410CC2F8CC40C2F8DC304FF03A
:108C3000013701224FF000448C4400EBCC0303F5D4
:108C4000865301F1040E01F1080507FA01F11C61D8
:108C500000EBCC0C1C6102FA0EFE8160AA4000F50C
:108C60000050C0F800E00260002008F01F06CCF8B9
:108C7000D860BDE8F08144B15C68DA684FEA1E5301
:108C800084EA0373C5F8CC30B0E76FF00A00F0E770
:108C9000218410002DE9F04F8DB0DDE91656AC1996
:108CA000302C9DF8607063D8002E61D0CDE9082388
:108CB00001234FF0000C04F1FF3A4FEA1A1A2D0974
:108CC00003FA0AFAAB407C1C4AEA0303CDE9060129
:108CD000CDE90434DFF82492844CCDF80CC04FEA7F
:108CE000145AAAF2025A039B4FEA8A06F51C002B7B
:108CF00000F097800DF12C0B00270DF12C0802E0FD
:108D00000137042F38D02B46324600217848CDF861
:108D10000090F8F7F1FD831BB0425BB2C0F2968081
:108D2000002B88F8003008F10108E9DAA7F1040AFD
:108D3000002F00F0CC804FF00008C3441BF9011B4A
:108D40006B48314408F10108F8F718FE4745F5DC97
:108D5000BAF1000F80F2AF80664BA4F580149C42FC
:108D6000BDD1DDF80CC0059B0CF1010C9C45B3D1C5
:108D700000200DB0BDE8F08FF8F776FD5E4B804621
:108D800053F82A302BB9049B9B0003F01003C4F85E
:108D90006831D4F86831002B36D0049BDD0736D417
:108DA00001200699544B91F804C091F9051000FA7E
:108DB0000CF0002953F82A2000F1FF30CCF12003F9
:108DC0005ADB99428C4622D800FA01F111421ED199
:108DD000624620460699FFF729FEB0F1000A6EDBD5
:108DE000079B089A1C609DF92C3040461360099B34
:108DF000C3F800A0F8F74AFD012F5CD004274FF01C
:108E000001080DF12C0B98E7049B5807C8D5404684
:108E1000F8F73CFD4FF000084FF0FF3A0DF12C0B36
:108E20008BE72B46324600213148CDF80090F8F709
:108E300063FD831BB0425BB233DB002B8DF82C301B
:108E40000CDBF8F711FD01278046A2E7FF220DEBAE
:108E5000070383F82C20A7F1040A69E7254B4FEAA2
:108E6000145AA4F580149C42AAF2035A3FF479AF35
:108E70004FEA8A06F31CD5E7002B08DB00FA03F162
:108E800011429C4603F1FF33A2D0591CF6D1404653
:108E9000F8F7FCFC4FF000086FF0080A0DF12C0BFE
:108EA0004BE7144B4FEA145AA4F580149C42AAF2E3
:108EB000035ADDD155E701200DB0BDE8F08F4046E3
:108EC000F8F7E4FC4FF000080DF12C0B35E7094AE8
:108ED000A4F5801393423FF444AF4FEA145AAAF228
:108EE000035A4FEA8A061C46F51C05E7000040506D
:108EF000F84D002000001050DC4D002064F70010F9
:108F000070B50D46064688B300F052FA437A04461F
:108F100073B3032B2CD005F047FB00232372A372FD
:108F200023614FF48073A382C5B91E23A38140F24D
:108F3000011363600F4B2570E3610F4B23624FF009
:108F40007F5363620123A362A3854FF07E532363A3
:108F50004FF44073A386032384F83830304600F082
:108F600028FA2946BDE8704001F0C4BE642070BDF7
:108F7000B420FCE7CDCCCC3F000020410021FFF71E
:108F8000BFBF00002DE9F0470F46904699460446C2
:108F9000E8B0002856D0D0F800A0BAF1000F53D1A5
:108FA00005F0EEFA04AB00930DF10E0205AB03A938
:108FB0000DF10A0003F007FABDF80A30282B45D15D
:108FC000254E2660304600F0F3F980F809A00546EA
:108FD000304600F0F0F9709B4246009339464B460C
:108FE00001F0FEFB0446B0B9012730466F72FFF76F
:108FF000C5FF0446804670B9304600F0DAF92146D4
:109000003A46064603F029F9044640B14146304647
:109010002A7A03F022F9204668B0BDE8F08748AB11
:1090200028AA08A9304603F013FD214607462A7AEC
:10903000304603F012F904465FB90028EBD1022351
:109040006B72E8E76424E6E7B424E4E74FF496742F
:10905000E1E73C46DFE700BFEC5A002070B50E4662
:109060001546002861D000295FD0002A5DD000F0AD
:109070009FF9437A0446022B59D130462F4905F017
:10908000CDFD18B92B68E361002070BD30462C4936
:1090900005F0C4FD18B92B7884F82830F4E7304681
:1090A000284905F0BBFD38B92B7884F82B3084F8BB
:1090B000293084F82A30E7E73046234905F0AEFD31
:1090C00010B92B682362DFE73046204905F0A6FD82
:1090D00010B92B88A385D7E730461D4905F09EFDC2
:1090E00010B92B682363CFE730461A4905F096FD87
:1090F00080B92E88304605F087FF4FF08041054645
:10910000206A05F06DFF0146284605F035FF80B95D
:10911000A681B9E73046104905F080FD58B92B7893
:1091200084F8353084F83830AEE76420ADE7B420F9
:10913000ABE77B20A9E77320A7E700BF24FA001064
:109140003CFA001055FA00106CFA00107DFA00107D
:109150008DFA0010A1FA0010B5FA00102DE9F041C7
:109160000F460446E2B0002845D0002943D000F065
:109170001FF90646204600F01CF9737A0546022BBB
:109180003BD1012102AA03F00BFC8A282DD100213A
:1091900028460DF1070202F08FFF0446804678B999
:1091A0009DF80730012B0FD001460122284603F01D
:1091B00054F8044640B141462846327A03F04DF84F
:1091C000204662B0BDE8F08122AA02A9284642AB3F
:1091D00003F03EFC044600212846327A03F03DF8B5
:1091E000002CEDD108B10446EAE70D22394602A869
:1091F00001F060FCF7E76424E2E7B424E0E72DE93E
:10920000F74F88469146044600285ED000F0D1F81A
:109210000546204600F0CCF8437A0746022B56D18B
:10922000032640F20123002128460DEB0602ADF88B
:1092300004308DF8066002F03FFF044608BB9DF83D
:109240000330B34215D100222846114601F07EFAC0
:109250000446B0B906460DF1040A16F80AB0A6B9DC
:10926000B9F1000F1CD107225946284602F0F5FF3C
:109270001AE001463246284602F0EFFF0446002875
:10928000E1D0204603B0BDE8F08FB8F1000FE7D081
:109290004146284601F0EBFA04460028E0D0F0E70A
:1092A0005946284602F064FD04460028E9D10136FB
:1092B000032ED2D10021284601F070FC044600287C
:1092C000DFD105F09DF97E72DBE76424D9E7B42491
:1092D000D7E70000F0B507468BB0002848D000F073
:1092E00067F80546384600F064F86B7A0646022BAC
:1092F00040D100210DF1270202F0DEFE0446F8B94C
:109300009DF82730012B1ED16C46069505F1200CE7
:10931000BCE80F000FC49CE8030084E80300164A71
:109320003846EB69154900F048F8044698B90146FB
:1093300001223846FFF763FF044660B903236B72CE
:1093400020460BB0F0BD01460122304602F085FFF9
:1093500004460028D8D0022300216B7295F83830DB
:1093600030462A7A85F83530A97202F076FFE7E7B1
:109370006424E5E7B424E3E7CBFA0010D1FA001047
:1093800038B5044680B1056875B16B7A032B0DD0F2
:1093900005F048F905F13C0001F05AFA08B92060DF
:1093A00038BD00232360FBE76420F9E7B420F7E72A
:1093B0007047C06B70473C30704782B02DE9F04178
:1093C000E8B00F4616460446DDF8D8816F930028B2
:1093D0004FD0B8F1000F4CD0437A022B4BD1C56B64
:1093E000002128460DF11F0202F0DAFE00283BD1D1
:1093F0009DF81F3003F0FD03012B3ED1284648ABFA
:1094000028AA08A903F024FB70BB0021709805F07E
:10941000BFFD58B904F11C0C0DF5DE7EBEE80F004F
:10942000ACE80F009EE807008CE807002846616A58
:1094300002F0D8FFC0B941460422204605F090F959
:109440003946284600F012FE70B96F4604F1240C2C
:10945000BCE80F000FC7DCF8003031463B602846FF
:10946000D4E9072303F0F6F968B0BDE8F04102B093
:1094700070476420F8E7B420F6E77420F4E70000B2
:10948000D0B50446C4F30220FAF7E0F90022124BEB
:10949000FAF734F90646C4F301300F46FAF7E8F953
:1094A00002460B4600204FF08041F9F79BFF024631
:1094B0000B4630463946FAF749F902460B4604A1F5
:1094C000D1E90001FAF766F9D0BD00BFAFF3008023
:1094D00000000000D01293410000F03F2DE9F84356
:1094E0000C46FFF7CDFF6307064604F003004CBFB0
:1094F000DFF86C90DFF86C900F46FAF7B9F90022AC
:10950000194BFAF7FBF802460B4600204FF080415A
:10951000F9F768FF4FF0000804460D4632463B4617
:1095200000201049FAF736F90022104BFAF70EF92D
:1095300042464B46FAF70AF922462B46FAF706F955
:1095400002460B4600200749FAF724F9FAF7B4F966
:109550004FF0000360F30C031846BDE8F88300BF2A
:109560000000E03F0000F03F00001C4000005040C1
:109570002DE9734F824610461C460A9E8B46FFF724
:109580007FFF6307CDE9000104F003004CBFDFF863
:109590007C90DFF87C90FAF76BF900221D4BFAF70C
:1095A000ADF802460B4600204FF08041F9F71AFF54
:1095B000DDE900234FF0000804460D460020144961
:1095C000FAF7E8F80022144BFAF7C0F842464B4687
:1095D000FAF7BCF822462B46FAF7B8F802460B46D3
:1095E00050465946FAF7D6F804460D46FAF764F99C
:1095F000294630802046FAF75FF9B378000C60F313
:109600000203B37002B0BDE8708F00BF0000E03FFE
:109610000000F03F00001C40000050402DE9F04FDA
:109620000E460446A1B0002800F0C08001F019F9F0
:1096300000F50C5050E90223B24273F10003C0F26E
:10964000B780002E00F0B480204601F00AF96A4687
:1096500005463146204603F0A3F90446002840F0B1
:10966000A18005F5005696F81403D5F8907100F026
:10967000030005F0C9FC01464FF08040FAF778FE80
:109680000146384605F094FC01464FF07E5005F047
:109690008FFC4FF08641824605F05AFC07469DF844
:1096A0004C0000F00F00013005F07EFC394605F05B
:1096B0004FFC404905F04CFC3F4905F091FC9DF9F9
:1096C00005308146002BACBF3C493D494FF07E50F0
:1096D00005F06EFC3B4905F03BFC014605F080FCC3
:1096E00039498046484605F033FC0146404605F0BE
:1096F00077FC804696F8160300F0070005F084FC1E
:1097000001464FF08040FAF733FE834696F8160381
:10971000C0F30110C0F1080005F046FC01464FF00F
:109720008040FAF725FE81465946504605F010FC68
:10973000494605F00DFC96F81433814696F844032B
:109740005A0700F00F004CBF4FF0844B4FF0854B91
:1097500005F05AFC01464FF08040FAF709FE8246B8
:109760005946384605F0F4FB514605F0F1FB074633
:109770001649404605F034FC494605F031FC3946AF
:1097800005F02EFC4946C5F8B801404605F028FC16
:1097900096F84433DB0648BF0027394605F020FC25
:1097A000C5F8BC01204621B0BDE8F08F6424F9E77C
:1097B0006624F7E70000304195BFD637002474498E
:1097C0000024F449000084440000A04017B7D138B9
:1097D000F8B5002837D001F044F800F5005797F8A5
:1097E00014330446B7F80C035B07C0F30C004CBFFE
:1097F0004FF07C564FF07E5605F0D6FBD4F8901112
:1098000005464FF07E5005F0D3FB4FF0854105F043
:109810009FFB314605F09CFB064697F8140300F0C9
:109820000300073005F0C0FB01464FF08040FAF717
:109830009FFD0146304605F08BFB294605F088FB6D
:10984000A0600020F8BD6420FCE700002DE9F04F87
:1098500087B09046DDE914599A46DDF848B0039187
:109860000290002800F05F81002900F05C81002A4E
:1098700000F0598114680021204605F089FB00287A
:1098800040F053814FF07E51204605F0B9FB00288F
:1098900040F04B81029B4FF07E511F68384605F027
:1098A0006BFB002840F04181039B4FF07E511E6806
:1098B000304605F061FB002840F0378131463846DC
:1098C00005F05EFB2023002800F00C8189F80130B0
:1098D0004FF07C51304605F03BFB394605F068FB04
:1098E0000DF1160300930322052105AB03F0F6FBEF
:1098F0000446002840F0F280BDF81430BDF8162070
:1099000003F01F0343EA421389F800300122BBF839
:10991000003013996FF30C03ABF80030139B4FF03A
:109920007E501B780DF1160762F305030B7031466C
:1099300005F03EFB05220821009705AB03F0CEFBA6
:109940000446002840F0CA80BDF81430BDF8162047
:109950002B706B78D8F8001062F304036B703046FC
:1099600005F0F6FA0122BAF80030014664F30C0360
:10997000AAF80030109B4FF07E501B7862F305036D
:10998000109A137005F014FB05220821009705AB0F
:1099900003F0A4FB0446002840F0A080119ABDF813
:1099A000143013705378BDF8162062F30403119A33
:1099B000537099F8000000225D4B410900F01F0030
:1099C00003F00EFB01464FF07E5005F0F1FA139BB9
:1099D00006461978BBF800000022564B01F03F0103
:1099E000C0F30C0003F0FCFA69780022524B0746E2
:1099F00001F01F01287803F0F3FA0146384605F01C
:109A0000D7FA314605F0A4FA029B0022186099F8B3
:109A10000100474B410900F01F0003F0E1FA014645
:109A20004FF07E5005F0C4FA139B06461978BBF838
:109A3000000000223F4B01F03F01C0F30C0003F097
:109A4000CFFA697800223C4B074601F01F012878C5
:109A500003F0C6FA0146384605F0AAFA314605F089
:109A600077FA039B00221860109BBAF8000019785F
:109A7000C0F30C002F4B01F03F0103F0B1FA119B32
:109A800006465978119800222B4B01F01F010078EF
:109A900003F0A6FA0146304605F08AFA139B064603
:109AA0001978BBF800000022224B01F03F01C0F3FF
:109AB0000C0003F095FA697800221F4B074601F06D
:109AC0001F01287803F08CFA0146384605F070FA39
:109AD0000146304605F06CFAC8F80000204607B091
:109AE000BDE8F08F89F800304FF07C51384605F022
:109AF0002FFA314605F05CFA0DF1160300930322AC
:109B0000052105AB03F0EAFA04460028E6D1BDF8CA
:109B10001430BDF8162003F01F0343EA42133E46FB
:109B200089F80130F2E66424D8E77324D6E700BF51
:109B30000000144000002A40000020402DE9F04FB2
:109B40000C4691460646B9B0002800F086820029EE
:109B500000F08382002A00F08082AC49204605F0A4
:109B60005DF8AB490546204605F058F88046002DC3
:109B700000F02E81B0FA80F35B0904222046A5494B
:109B80000C9304F0B3FD002840F06982A2492046FE
:109B900005F044F8A1498346204605F03FF8A04966
:109BA0001190204605F03AF89E490546204605F0FA
:109BB00035F89D490790204605F030F89B490890FC
:109BC000204605F02BF89A490746204605F026F86E
:109BD0000E90304600F045FE99F80030824643F082
:109BE000700389F8003099F80130B8F1000F40F0A7
:109BF000F18043F0020389F80130B9F8083043F4EA
:109C0000B27343F00103A9F8083099F80A303046DE
:109C100023F03F0343F03F0389F80A30A02389F87B
:109C2000123099F8033043F0800389F80330B9F813
:109C3000043023F45C5323F0030343F40053A9F8E6
:109C4000043002F0DDFB99F814309AF8CF2162F36A
:109C5000010389F81430BBF1000F00F0C880B7FA97
:109C600087F35B09D9F814209B0022F45C1243F4BB
:109C7000E02322F004021343C9F81430089B1BB9F7
:109C80004FF07C53CAF8C031DAF8C0810021404659
:109C900005F07EF930AC002840F0AB80404605F07E
:109CA00097F90094B9F81430B9F80420FFF760FC74
:109CB000BDF8C03099F81020A9F80E309DF8C230D8
:109CC000C3F3020363F3020289F81020B9F81410F9
:109CD000B9F80400FFF702FC002F14BF0A22022289
:109CE000B9F8443042F4807223F4F85323F01F0390
:109CF00043F4A05343F01903A9F84430B9F84630AF
:109D0000A9F80C0023F49F7323F001031343A9F86F
:109D10004630079B13B10C9B002B74D0DFF81481E5
:109D20000E9B0BB9DFF810814FF07E573046CDF80F
:109D30004880139700F095FD8446002D00F0808048
:109D4000C0F89481C0F89881C0F89C81C0F8A081C7
:109D5000C0F8A481C0F8A881C0F8AC71C0F8B07197
:109D6000C0F8B47100F5CA7600F5D07509F1380B6A
:109D700009F1420709F1400809F13E03029309F194
:109D80003C03019309F13A03009330465B46CDE969
:109D90000474CDF80C8006F1180206F10C01FFF7EF
:109DA00055FD002840F056810436AE42E4D1BDF89E
:109DB000C030A9F82830A9F82A30A9F82C30A9F821
:109DC0002E30A9F83030A9F83230A9F8343006E145
:109DD0000123D2E643F0010389F80130B9F80630D7
:109DE00043F4B27343F00103A9F806300DE70123F1
:109DF00038E7002299F81030A9F80E2062F3020328
:109E000089F8103062E7DFF8348089E7D8FA00106B
:109E1000D1FA0010DFFA0010E4FA0010EAFA00109C
:109E2000F0FA0010F6FA0010FCFA001002FB001025
:109E300008FB00100000A8410000484200009841C3
:109E40002646DFF820E2CCF8AC71BEE80F000FC662
:109E50009EE80F0086E80F002E46834BCCF8B071C9
:109E60001293CCF89431CCF89831CCF89C31CCF8E2
:109E7000A031CCF8A431CCF8A83114AB0A9318ABBC
:109E800008931CAB099320AB079324AB0B932CAB2B
:109E9000CCF8B4710DF1A00B0D930A9BDDF834E002
:109EA0001A4622F8026B0A92089AF046114621F8E7
:109EB000026B0891099928F8026B084620F8026B9A
:109EC00009900798CDF83480074627F8026B07976A
:109ED0000B9FBC462CF8026BCDF82CC0DC462BF84F
:109EE000026BCDE90021CDE90207CDE904CE13AA2A
:109EF00004EB850112A8FFF7A9FC002840F0AA8016
:109F0000BDF850300F930A9B0F9A33F8023C9A42E7
:109F100040F09F80089BBDF860E033F8023C9E450E
:109F200040F09780099BBDF870C033F8023C9C4517
:109F300040F08F80079BBDF8807033F8023C9F4251
:109F400040F087800B9BBDF8900033F8023C9842AC
:109F50007FD1BDF8A0103BF8023C994279D138ABD3
:109F600003EB450212F82F3C013510935B0998462C
:109F700012F8303C082D68F34713DDF8408068F391
:109F8000040302F8303C88D10F9BA9F83AE0A9F805
:109F90003830BDF8B030A9F83CC0A9F82830BDF879
:109FA000B230A9F83E70A9F82A30BDF8B430A9F84B
:109FB0004000A9F82C30BDF8B630A9F84210A9F835
:109FC0002E30BDF8B830A9F83030BDF8BA30A9F855
:109FD0003230BDF8BC30A9F83430BDF8BE30A9F835
:109FE0003630119B002B0CBF0222012242F01F23AE
:109FF00043EA0243D9F8182002F0E0321A43C9F8C4
:10A000001820D9F81C2002F0E0321A43C9F81C20AD
:10A01000D9F8202002F0E0321A43C9F82020D9F8FC
:10A02000242002F0E0321343C9F824300E9B0BB118
:10A030000C9B2BB199F84A3043F0020389F84A305F
:10A0400040F20113AAF8CC31012300208AF8CE3166
:10A0500000E0A02039B0BDE8F08F6420FAE7682066
:10A06000F8E700BF30FB00108FC27D412DE9F047BB
:10A070000C46074694B0002800F06683002900F0E3
:10A08000638300F0EEFB0546384600F0EBFB8146AB
:10A0900005F50D5080222146183004F061FB0121A6
:10A0A000032248460DF10E0302F070FEBDF80E10BB
:10A0B00005F50C560129308000F24283012120224F
:10A0C00048460DF10E0302F061FEBDF80E107080DF
:10A0D000012900F235830121232248460DF10E03A8
:10A0E00002F054FEBDF80E10B080012900F2288362
:10A0F0000121732248460DF10E0302F047FEBDF820
:10A100000E10F080012900F21B83012175224846C0
:10A110000DF10E0302F03AFEBDF80E103081012958
:10A1200000F20E830121A02248460DF10E0302F039
:10A130002DFEBDF80E107081012900F2018301216E
:10A14000A12248460DF10E0302F020FEBDF80E10CC
:10A150007082012900F2F48201214FF48372484693
:10A160000DF10E0302F012FEBDF80E10B0810129B0
:10A1700000F2E682012140F2071248460DF10E037B
:10A1800002F004FEBDF80E10F081012900F2D88221
:10A1900001214FF4847248460DF10E0302F0F6FDE2
:10A1A000BDF80E103082012900F2CA82012140F26E
:10A1B000091248460DF10E0302F0E8FDBDF80E103D
:10A1C000B082012900F2BC8201214FF48572484619
:10A1D0000DF10E0302F0DAFDBDF80E10F082012938
:10A1E00000F2AE8201214FF4897248460DF10E0350
:10A1F00002F0CCFDBDF80E103083012900F2A082E0
:10A20000012140F2131248460DF10E0302F0BEFD8B
:10A21000BDF80E107083012900F2928201214FF4E3
:10A220008A7248460DF10E0302F0B0FDBDF80E1023
:10A23000B083012900F28482012140F215124846C0
:10A240000DF10E0302F0A2FDBDF80E10F0830129FE
:10A2500000F2768201214FF48B7248460DF10E0315
:10A2600002F094FDBDF80E103084012900F26882DE
:10A27000012140F2171248460DF10E0302F086FD4F
:10A28000BDF80E107084012900F25A8201214FF4AA
:10A290008C7248460DF10E0302F078FDBDF80E10E9
:10A2A000B084012900F24C82012140F21912484683
:10A2B0000DF10E0302F06AFDBDF80E10F0840129C5
:10A2C00000F23E8201214FF48D7248460DF10E03DB
:10A2D00002F05CFDBDF80E103085012900F23082DD
:10A2E000012140F21B1248460DF10E0302F04EFD13
:10A2F000BDF80E107085012900F2228201214FF471
:10A300008E7248460DF10E0302F040FDBDF80E10AE
:10A31000B085012900F21482012140F21D12484645
:10A320000DF10E0302F032FDBDF80E10F08501298B
:10A3300000F2068201214FF48F7248460DF10E03A0
:10A3400002F024FDBDF80E103086012900F2F881DC
:10A35000012140F21F1248460DF10E0302F016FDD6
:10A36000BDF80E107086012900F2EA8101214FF438
:10A37000907248460DF10E0302F008FDBDF80E1074
:10A38000B086012900F2DC81012140F22112484609
:10A390000DF10E0302F0FAFCBDF80E10F086012953
:10A3A00000F2CE81012140F20F1248460DF10E035A
:10A3B00002F0ECFCBDF80E103087012900F2C081DC
:10A3C00001214FF4887248460DF10E0302F0DEFCC5
:10A3D000BDF80E107087012900F2B281012140F210
:10A3E000111248460DF10E0302F0D0FCBDF80E101C
:10A3F000B087012900F2A481012140F223124846CE
:10A400000DF10E0302F0C2FCBDF80E10F087012919
:10A4100000F2968101214FF4927248460DF10E032D
:10A4200002F0B4FCBDF80E10A6F84000012900F2BD
:10A430008781012140F2251248460DF10E0302F0FA
:10A44000A5FCBDF80E10A6F84200012900F27881A3
:10A4500001214FF4917248460DF10E0302F096FC73
:10A46000BDF80E10A6F84400012900F2698101210F
:10A470004FF4937248460DF10E0302F087FCBDF8CD
:10A480000E10A6F84600012900F25A81012140F27F
:10A490002B1248460DF10E0302F078FCBDF80E10A9
:10A4A000A6F84800012900F24B8101214FF498726F
:10A4B00048460DF10E0302F069FCBDF80E10A6F837
:10A4C0004A00012900F23C81214632463846FFF716
:10A4D00035FB0146002840F033814FF00108334638
:10A4E00003224846CDF8008002F0F2FC0146002825
:10A4F00040F0268120224846CDF80080B31C02F0AF
:10A50000E7FC0146002840F01B8123224846CDF895
:10A510000080331D02F0DCFC0146002840F0108171
:10A5200073224846CDF80080B31D02F0D1FC0146ED
:10A53000002840F0058175224846CDF8008006F1DC
:10A54000080302F0C5FC0146002840F0F98005F53B
:10A550000054B4F80A33A022ADF81030B4F8123326
:10A560004846ADF812300223009304AB02F0B0FC71
:10A570000146002840F0E480B4F81033D4F80C23EE
:10A58000ADF81830B4F814330592ADF81A30B4F8B9
:10A5900016334FF48372ADF81C3005234846009300
:10A5A00005AB02F095FC0146002840F0C980B4F8E4
:10A5B0003C33D4F83823ADF82430B4F8183308927B
:10A5C000ADF82630B4F81A3340F20F12ADF8283047
:10A5D000B4F81C334846ADF82A30B4F81E33ADF851
:10A5E0002C30B4F82033ADF82E30B4F82233ADF867
:10A5F0003030B4F82433ADF83230B4F82633ADF847
:10A600003430B4F82833ADF83630B4F82A33ADF826
:10A610003830B4F82C33ADF83A30B4F82E33ADF806
:10A620003C30B4F83033ADF83E30B4F83233ADF8E6
:10A630004030B4F83433ADF84230B4F83633ADF8C6
:10A640004430B4F84433ADF84630B4F83E33ADF896
:10A650004830B4F84033ADF84A30B4F84233ADF87E
:10A660004C30B4F84633ADF84E301823009308ABA5
:10A6700002F02EFC0146002862D140F22B1248461F
:10A68000CDF8008006F1480302F022FC01460028C4
:10A6900056D14FF498724846CDF8008006F14A032F
:10A6A00002F016FC014600284AD1B088FEF7E8FE09
:10A6B000F9F7BEF840F2011394F80A630322C6F3D7
:10A6C0004001C5F89001A5F8D43185F8D68105F28E
:10A6D000D71004F071FCC6F3800385F8DA3185F8F1
:10A6E000DB3185F8DC31C6F3C00385F8DD3185F850
:10A6F000DE3185F8DF31C6F3001385F8E03185F8E7
:10A70000E13185F8E231B4F80C33C6F34016C3F3F7
:10A710000C03414685F8E36185F8E46185F8E5615D
:10A720003846C4F8C432FEF779FF014640B93846CE
:10A73000FFF74EF8014618B9A5F8CC0185F8CE010F
:10A74000084614B0BDE8F0876421F9E7F0B5054686
:10A750001646084687B0002D3FD040F20123ADF8E1
:10A760001430032304AA0DF10E018DF8163000F009
:10A7700004FABDF80E40BDF81030A34202D200200A
:10A7800007B0F0BD04F118036B4413F8047C2846AD
:10A7900000F068F84FF4987239460DF1120302F098
:10A7A000F5FAADF80C00BDF812000128E8D89DF8C4
:10A7B0000C30284666F300038DF80C3000F052F898
:10A7C00001234FF498720093394603AB02F080FBEB
:10A7D0000028D5D10134A4B2CDE76420D0E7000031
:10A7E0002DE9F04198460E4617460546069B48B3AC
:10A7F00041B33AB3B8F1000F24D01BB3124CFF2180
:10A8000004F500520460C2F8F03204F10C004FF479
:10A81000C07204F0D1FB0D4B3A46A4F88C3184F899
:10A820008E312868434600F511503146183002F049
:10A8300095FA28B90322002304F50C5444E90223B5
:10A84000BDE8F0816420FBE7202600200101010023
:10A8500028B1006800F51150183002F0A3BB642045
:10A860007047704700F50050D0F85804704708B59D
:10A87000034608465BB103F50053D3F8F03233B119
:10A880009847002840F22F1008BF002008BD642020
:10A89000FCE740B139B100F50C5050E9022300202B
:10A8A000C1E90023704764207047A0B1B0F86E3052
:10A8B00073B9B0F870205AB9B0F8723043B9B0F833
:10A8C00074203AB9B0F87600B0FA80F040097047C9
:10A8D00000207047184670471FB5002859D090F8DF
:10A8E0007230C3F38403032B8ABF04210021B0F824
:10A8F000523001F1100284BFADF80030B0F86C3076
:10A900006A4488BFADF80230B0F86E3002F8103CEF
:10A9100001F110026A441B0A02F80F3CB0F87030D3
:10A9200001F110026A4402F80E3C01F110026A447F
:10A930001B0A02F80D3CB0F8723001F110026A44B3
:10A9400002F80C3C01F110026A441B0A02F80B3CAD
:10A95000B0F8743001F110026A4402F80A3C01F1C7
:10A9600010026A441B0A02F8093CB0F8763001F183
:10A9700010026A4402F8083C01F110026A441B0A02
:10A9800068460A3102F8073C02F01AFBB0FA80F080
:10A99000400905B05DF804FB2DE9F04F85B0129E2B
:10A9A000DDE90EECDDE91078002800F08180002957
:10A9B0007ED0BEF1000F7BD0BCF1000F78D0002F0D
:10A9C00076D0B8F1000F73D0002E71D0052A6BD964
:10A9D00090F8705090F8734005F00309240944EA98
:10A9E0000914ADF8044090F87140AD08ADF8065078
:10A9F00004F03F05ADF8085090F86E50A40905F03A
:10AA00000F0544EA8504ADF80A40B0F86E400DF138
:10AA10000409C4F30514ADF80C4090F86F404D1EC6
:10AA2000A408ADF80E4001F1050A39F802BB5FFA3F
:10AA30008BF4BBF1190F94BF41341634E4B205F81E
:10AA4000014F5545F1D106240025944228DBB0F88A
:10AA50007220C2F3C4121A8090F87230C3F38403D8
:10AA6000A8F8003090F8743003F07F03AEF800309F
:10AA700090F8753003F07F03ACF8003090F8773031
:10AA80003B8090F8763003F00103337073B1FFF729
:10AA900023FF00280CBF9A20002005B0BDE8F08FEE
:10AAA0000D55013424B2D0E77320F6E79C20F4E77B
:10AAB0006420F2E7F0B50F46154606468DB0002833
:10AAC00043D0002941D0234B0AA918689A889B7962
:10AAD0000A908DF82E300023ADF81E30ADF82030EE
:10AAE000ADF822300DF11D0304930DF126030393FD
:10AAF00009AB02930DF12203019308ABADF82C20B2
:10AB0000009307220DF11E033046FFF745FFBDF805
:10AB1000223004460293BDF8203029460193BDF847
:10AB20001E30384600930C4A0AABFBF713F98542F6
:10AB30000DD91CB13046FFF7B8FE18B10C2D8CBFF3
:10AB40000024732420460DB0F0BD6424FAE773247A
:10AB5000F8E700BF50FB00100FFB0010012070470A
:10AB6000012806D0022806D003280CBF02200320AB
:10AB700070470020704701207047022809D0032841
:10AB80000AD0013818BF0120002340000B8010803C
:10AB9000704701231846F9E70223FBE7F7B504469F
:10ABA000084674B301A90DF10602FFF7E6FF42F271
:10ABB000BC26002142F2EC274FF0000CBDF8043017
:10ABC000BDF806509D4208D2002004F50054D4F888
:10ABD000C432C4F8C03203B0F0BD04EB830202F506
:10ABE0000052E0180133C2F8A412C2F8B0129BB2AE
:10ABF0008155C155C2F8C812C2F8D412C2F8E0C2D9
:10AC0000E0E76420E7E7000070B50E460446002840
:10AC10006AD04FF01063C0F85C3340F6091300258A
:10AC2000A0F860334FF4806300F50052C0F8585329
:10AC3000C0E9D455C2F8C43200238360C0F8903113
:10AC4000C0F89431C0F89831C0F89C31C0F8A031F8
:10AC5000C0F8A431C0F8A831C0F8AC31C0F8B031A8
:10AC6000C0F8B431C0F8B831C0F8BC31C0F8C03158
:10AC7000C0F8C431C0F8C8311C4B2946C0F8CC31EB
:10AC80001B4BC0F8D0314FF00133C0E97533C0E938
:10AC9000773340F20113A0F8E431C2E9A95500F579
:10ACA0005970C2E9AB55C2E9AD55A2F8BC5282F861
:10ACB000BE524FF4C86204F07FF94FF4C8622946CF
:10ACC00004F6A41004F078F929464FF4C86204F69B
:10ACD000E47004F071F929462046FFF75FFF10B9D0
:10ACE0000EB984F8620370BD6420FCE70101010025
:10ACF0000000C0402DE9F04F89B0044603910028C0
:10AD000065D0012200F500551146D5F858040DF123
:10AD10001A0302F03BF8ADF81400BDF81A00012840
:10AD200049D19DF81530009043F0800302468DF81C
:10AD300015300021D5F8580405AB02F0C9F80228F7
:10AD4000ADF81A0037D164212046FFF790FD90BB83
:10AD500040F201230DF11C08ADF81C30A61E0323A0
:10AD6000B146C34601278DF81E3004F1040A00974E
:10AD700000221BF8011BD5F8580406AB02F040F87E
:10AD8000C8B99DF8183029F8023FD145EFD10146E6
:10AD9000D5F8580401F0B6FF68B9002318F8011B74
:10ADA0001A46D5F8580401F0F1FF36F8023FC0B258
:10ADB000984203D06B2009B0BDE8F08F5645ECD126
:10ADC0002046039909B0BDE8F04FFFF71DBF64208E
:10ADD000F1E77FB50E4615461C4608B302B3FFF7F0
:10ADE00041FD0223A3220093314603AB02F008F891
:10ADF000A0B9BDF80E302B8014B1BDF80C30238003
:10AE00009DF80D3013F0300F0CD140F6FF72BDF8F5
:10AE10000C30C3F30B03934208BFD52004B070BDC0
:10AE20006420FBE70320F9E773B50E4615461C4680
:10AE300058B152B1A400FFF715FD2B46A5223146AB
:10AE4000009401F0DDFF02B070BD6420FBE70288D2
:10AE5000034642B9408840B99A883AB9D888B0FACE
:10AE600080F04009704700207047104670474378D3
:10AE70003F2B9DBF90F90300C043C00F00207047D7
:10AE800043783F2B9ABF90F90300C00F0020704712
:10AE9000437803F0C003402B03BF90F90300C04385
:10AEA000C00F00207047437803F0C003402B07D148
:10AEB000C07800F0C000A0F18003584258417047AC
:10AEC00000207047437803F0C003402B07D1C078BF
:10AED00000F0C000A0F1C003584258417047002064
:10AEE000704700002DE9F84F0D464FF00008002391
:10AEF000CE78DFF8609004464246B1F800A091F8A1
:10AF000000B0036106F01F014B46A87802F068F814
:10AF10006979074642464B46287901F01F0102F045
:10AF20005FF86A79EB88CAF3041ACBF3020B520973
:10AF300043EA024384F800B0C6F3401284F801A04B
:10AF4000C6F38016A060A2702046E6706760E360DA
:10AF5000BDE8F88F00002040F0B591F803C091F8EB
:10AF600000E08F784E790D79CC798A794978CEF3E3
:10AF7000050ECCF3050CC7F30507C6F30506C5F3AC
:10AF80000505C4F30504C2F30502C1F30501017010
:10AF900080F801E080F802C0C770067145718471C5
:10AFA000C271F0BD002230B5C0E902228D88CC8884
:10AFB00002614A88098842F3090241F309010180CC
:10AFC00042808580C48030BDC2798379002002F040
:10AFD000010143EA0123C2F3400143EA4123C2F3E2
:10AFE000800143EA8123C2F3C00143EAC123C2F3D3
:10AFF000001243EA0232DBB263F30700120A82B0A6
:10B0000062F30F2002B07047002210B54C79C0F8EF
:10B01000062042818A88C9886409C2F30B0241EA8A
:10B0200004410160828010BD73B50E4615461C4672
:10B03000FFF717FC00F50C5050E90223B24273F100
:10B0400000030CDB0123294668466370FFF784FF89
:10B0500000980199231D03C3002002B070BD662033
:10B06000FBE72DE9F04186B0804668461C46032385
:10B0700006460F4663701146251DFFF793FF0FCE5E
:10B080000FC53368B4F904002B6001F079FCF8F7C0
:10B09000CFFBE0604046FFF7E4FB05463846FFF78C
:10B0A0005FFD05EBC0150C352946608900F0CCFF2B
:10B0B00029466061208900F0E3FF2061002006B08E
:10B0C000BDE8F081F8B51E460D461746FFF7C9FBEF
:10B0D00004463046FFF744FD04EB800101F50051C2
:10B0E000D1F8B0320133C1F8B032D1F8A432632BB9
:10B0F0001ED84FF0640C0CFB00302A6904EB0010E2
:10B10000C0F8642380F871632A78013380F87223D1
:10B110006C7880F873436C68C0F86843AC68C0F81A
:10B120006C43BA5C80F870230020C1F8A432F8BDEB
:10B130000420FCE72DE9F04F4B788DB0082B8946B1
:10B14000059003D1AE200DB0BDE8F08FFFF789FB6D
:10B1500099F80030804618460393FFF701FD08EB8D
:10B16000000393F8D7218346069293F8DD2193F8E4
:10B17000E0310792049399F80130082BE2D005984A
:10B18000FFF76FFB054699F80000FFF7E9FC2B1865
:10B1900093F8D41193F8D77193F8DA4193F8DD213D
:10B1A00093F8E0C193F8E3310646019399F8013032
:10B1B00011B9002B00F03C8217B9012B00F0388246
:10B1C00014B9022B00F0348212B9032B00F0308244
:10B1D000BCF1000F02D1042B00F02A82019810B9B3
:10B1E000052B00F0258205EB060E9EF85F03092B68
:10B1F00002904AD0092843D1062B46D80620029057
:10B20000002900F0A48087F0010E8DF828E08DF869
:10B2100029704FF0000E002F53D1002C40F08F808A
:10B22000002A00F0908020469246A6468DF82CE039
:10B230004FF0010E8DF82A0001988DF82EE08DF860
:10B240002D0003F130008DF82BA00DEB000E1EF841
:10B2500008EC8DF820E04FF0000E8DF821E0002C76
:10B2600040F04A814FF0000E8DF822E0002A40F0B5
:10B270008E818DF82320BCF1000F00F0928016E142
:10B28000062B02D802980628BAD90922AB1983F8EE
:10B290005F230022012783F8502383F8532383F888
:10B2A000562383F8592383F85C2399F80130042B43
:10B2B00000F2D581DFE813F0C201F20104021602A8
:10B2C000280203F13000ADF82AE0ADF82CE08DF84B
:10B2D0002EE00DEB000E1EF808EC8DF820E081F05A
:10B2E000010E8DF828108DF829E08DF82A40002CE9
:10B2F00040F0AE804FF0010E002A3BD001988DF84F
:10B300002BE08DF82D0003F130008DF82C408DF8E6
:10B310002EE00DEB000A1AF808AC8DF822408DF8EB
:10B3200021A0BCF1000F40F05F81002900F05481A2
:10B33000ADF828E04FF0000E4FF0010C36E120464A
:10B34000BA46BE4672E710469246E6466EE78DF86C
:10B350002010002FC3D18DF82170002C82D0002A3C
:10B3600040F00381BCF1000F40F0EA80BC464FF092
:10B37000000EC9E08DF82B20BCF1000F40F0868054
:10B3800001988DF82C208DF82D0003F130008DF8F8
:10B390002EE00DEB000C1CF808CCADF822208DF847
:10B3A00021C04FF0000C01988DF824C0002800F057
:10B3B000398100290CBFBA464FF0000A002C40F03A
:10B3C0002D81B2FA82FC96464FEA5C1C8DF82CC0A7
:10B3D0004FF0010C03F130008DF82DC08DF82EC018
:10B3E0008DF828108DF829A08DF82A408DF82BE0D3
:10B3F0000DEB000C1CF808EC002918BF0027002CEE
:10B4000040F01381B2FA82FC4FEA5C1C8DF82B20CD
:10B41000019A30338DF82D2001228DF828108DF8F7
:10B4200029708DF82A408DF82CC08DF82E206B44A1
:10B4300013F8083C8DF825E08DF82630029B303358
:10B440006B4413F8103C002B3FF41FAF00272CE790
:10B450004FF0000E8DF82BE08DF82CE04FF0010E30
:10B4600001988DF82EE08DF82D0003F130000DEBE2
:10B47000000E1EF808EC8DF821E0002A75D1BCF111
:10B48000000F5DD100293FF471AF39E001988DF8CC
:10B490002CE08DF82D0003F130008DF82EE00DEB3F
:10B4A000000C1CF808CCADF822208DF821C0002932
:10B4B0000CBFBA464FF0000A002C40F0AB80B2FA45
:10B4C00082FC96464FEA5C1C8DF82CC04FF0010CB4
:10B4D00001988DF82EC08DF82D0003F130008DF805
:10B4E00028108DF829A08DF82A408DF82BE00DEB5F
:10B4F000000C1CF808CC56E7BABBBCF1000F1FD1FA
:10B500004FF0010E4FF0000C8DF828E08DF829C0A7
:10B510004FF0010E4FF0000C0198ADF82AE08DF8C5
:10B520002D0003F130008DF82EE08DF82CC00DEBCE
:10B53000000E1EF808EC8DF822E08DF823C030E7ED
:10B540004FF0000C4FF0010E03F13000ADF82CE08D
:10B55000CDF828C08DF82EC00DEB000E1EF808ECBB
:10B560008DF822E08DF823C0A1E74FF0807ECDF862
:10B5700028E04FF0000E03F13000ADF82CE08DF81C
:10B580002EE00DEB000E1EF808EC8DF822E0BCF169
:10B59000000F29D101B34FF0010CADF828C0002CE9
:10B5A0003FF4C8AE4FF0010E4FF0000C8DF82BC0E9
:10B5B0004FF0000C8DF82CC04FF0010C01988DF865
:10B5C0002EC08DF82D0003F130008DF82AE00DEB30
:10B5D000000C1CF808CCB0E74FF0000C8DF828C028
:10B5E0009FB98DF82970DAE74FF0000C4FF0010E8B
:10B5F00003F13000CDF828C08DF82EC0ADF82CE056
:10B600000DEB000C1CF808CCACE74FF0010C8DF8EA
:10B6100029C0C4E74FF0000EF44655E74FF0000E86
:10B62000F446D3E6DDF804E0E6E600229446EDE6D3
:10B6300009232E44D22086F85F3384E51824CC46B3
:10B6400004FB0654BCE80F0004F5F4740FC4012297
:10B650009CE80300AB1984E8030083F8502399F8B1
:10B660000130354485F85F33002B5FD1069B002BFA
:10B6700074D1002F40F0AD8008EB0B0494F85033E8
:10B68000002B00F0828094F8533323B198F8625372
:10B69000002D68D0002384F8503376E01824CC467F
:10B6A00004FB0654BCE80F0004F50C740FC401221F
:10B6B0009CE80300AB1984E8030083F85323CEE72A
:10B6C0001824CC4604FB0654BCE80F0004F51E7495
:10B6D0000FC401229CE80300AB1984E8030083F83F
:10B6E0005623BCE71824CC4604FB0654BCE80F00E4
:10B6F00004F530740FC401229CE80300AB1984E800
:10B70000030083F85923AAE71824CC4604FB065407
:10B71000BCE80F0004F542740FC401229CE803004A
:10B72000AB1984E8030083F85C2398E7012BA0D0D1
:10B73000022B0BD1079B8BB9049B7BB9002F48D1FF
:10B74000002208EB0B0383F850231EE0032BF3D0F9
:10B75000042BF3D0052BF1D0062BEFD0002F0CBF1C
:10B760000020D120EFE4182101FB0BF101F50D724F
:10B7700001F5F671039B059842444144FFF7A2FC92
:10B78000042804D0B8B984F85003002001E084F8FC
:10B7900050530023D84488F8533388F8563388F838
:10B7A000593388F85C33092388F85F33031F584204
:10B7B00058418000C7E4092384F8505384F8535358
:10B7C00084F8565384F8595384F85C5384F85F33F3
:10B7D000B9E4D120B7E4F8B50D46FFF742F80446C6
:10B7E0002846F8F745F804F500540646B4F80C036B
:10B7F0000F46C0F30C00F8F73BF802460B46304604
:10B800003946F7F7C7FFF8F713F8F8BD2DE9F0410F
:10B810000C4616461D46FFF724F880462046FFF7E3
:10B820009FF908EB800404F5005408F5005C3268C9
:10B83000D4F8C812BCF80C73511AC7F30C07C1F343
:10B840001200C7F50023834214DA98F86213D4F883
:10B85000D432C4F8C82241B9834206DCC1188B42F5
:10B8600006D94FF0FF31D4200EE0A0F50020C1181A
:10B87000002009E0B0F5003F13D8D4F8D432C4F862
:10B88000C82219180028EAD1C4F8D412BCF80C2335
:10B890003160C2F30C020AB1B1FBF7F22A60BDE8D5
:10B8A000F081D320FBE72DE9F04788B08A461D469A
:10B8B00014468146FEF7D5FF80465046FFF750F903
:10B8C00008EB000393F8CC31074603BB21466C46D6
:10B8D00068466B702E1DFFF705FB0FCC0FC6236863
:10B8E00051463360484607AB05F11002FFF78EFF63
:10B8F000044640B948462969FFF76DFF07F6B807C7
:10B90000686148F82700204608B0BDE8F087682441
:10B91000F9E72DE9F7431C46042363700E46914670
:10B920000746FEF79EFF80463046FFF719F999F863
:10B930000520B9F80630520943EA02436360002348
:10B940003146A360054601AB3846221DFFF75EFF76
:10B95000064640B938466168FFF73DFF05F6B80571
:10B96000A06048F82500304603B0BDE8F0832DE91B
:10B97000F04387B00E4691461C460746FEF771FF1E
:10B9800080463046FFF7ECF80623054668464946F0
:10B990006370FFF739FB07C804F1040C8CE807005B
:10B9A00005AB314662463846FFF730FF064640B9E0
:10B9B00038466168FFF70FFF05F6B805E06048F804
:10B9C0002500304607B0BDE8F0832DE9F0410E4672
:10B9D00014461D460746002870D0FEF742FF00F5CA
:10B9E0000C5050E90223B24273F1000368DB002ED1
:10B9F00066D020462E70FFF72AFA10B108236B702C
:10BA000029E02046FFF733FA38B12B46224631466B
:10BA10003846BDE8F041FFF746BF2046FFF730FA51
:10BA200038B12B46224631463846BDE8F041FFF793
:10BA3000FBBA2046FFF72CFA80B102236B706388B3
:10BA40002288A088E188C3F30E03C2F30D02AA8006
:10BA5000EB80288169810020BDE8F0812046FFF756
:10BA600022FA38B12B46224631463846BDE8F0412D
:10BA7000FFF7F7BA2046FFF725FA38B12B462246E2
:10BA800031463846BDE8F041FFF743BF637803F025
:10BA9000C003802B06D1052320466B70FFF794FA74
:10BAA000A880D8E7C02B07D12B462246314638461E
:10BAB000BDE8F041FFF75BBF0923A0E76420CBE7B7
:10BAC0006620C9E72DE9F04F0E4693469946804619
:10BAD000ADF6440D002860D0002A5ED0002B5CD06B
:10BAE000FEF7BFFE00F50C5050E90223B24273F19D
:10BAF000000354DB002E52D06A463146404601AB6B
:10BB0000FFF767F9044608B1032832D1BDF8007089
:10BB1000C7F30807B7F5827F43D83B463146404616
:10BB200008AAFFF781F9054600283DD1B9F800A021
:10BB3000BA4528BFBA46A9F800A01FFA85F9CA4538
:10BB40004FEAC50208D808AB9D184F4516D884B9EE
:10BB5000574588BFD0240CE0182308A903FB05B380
:10BB60000A4440463146FFF730FF013504460028BD
:10BB7000E3D020460DF6440DBDE8F08F2A4631464D
:10BB8000404602ABFFF721FF083504460028F0D1FC
:10BB900009F101091FFA89F9D7E76424E9E7662466
:10BBA000E7E740F29314E4E76924E2E7F0B585B0F3
:10BBB0000C46DDE90A75064600283DD0002D3BD035
:10BBC00000213980298072B303B3FEF74BFE0223B4
:10BBD00070220093214603AB01F012F908BBBDF8B7
:10BBE0000C303B80BDF80E302B802B785B060BD5DC
:10BBF0003046FEF736FE05462046FEF7B1FF42F21C
:10BC0000EC2301220544EA5400200AE0FEF72AFE54
:10BC10000123702200933B46214601F0F1F80028F1
:10BC2000E3D005B0F0BD002BDFD0FEF71BFE0123F3
:10BC3000712200932B46EFE76420F2E700F47B6269
:10BC400000F0B000C30614D4830614D4130614D431
:10BC5000130AD20513D49A0717D45A0711D41A0716
:10BC600011D40B0611D411F4807F14BF782000206A
:10BC70007047A5207047A6207047A8207047A920CC
:10BC80007047AB207047AC207047AA2070477FB543
:10BC90000D461646044658B30DF10B0200F00CFA9F
:10BCA00020BB9DF80B30072B24D02046FEF7DAFD91
:10BCB0004FF4987229460DF10E0301F067F8ADF8C4
:10BCC0000C00BDF80E00012810D89DF80C3020465D
:10BCD00066F341038DF80C30FEF7C4FD01234FF4E9
:10BCE00098720093294603AB01F0F2F804B070BDDE
:10BCF0006420FBE77420F9E730B50D46144685B0A3
:10BD000090B18AB1FEF7AEFD01234FF49872009313
:10BD1000294603AB01F074F820B99DF80C30C3F349
:10BD20004003237005B030BD6420FBE7F0B589B057
:10BD300001AA064614460D4B03F11807154618686C
:10BD40005968083303C5BB422A46F7D11B880D202A
:10BD50002B80234633F8022BB24205D0013880B243
:10BD60000028F7D109B0F0BD0120FBE758FB001017
:10BD7000F7B50D46044678B381B3072200F06DFA9B
:10BD8000064610B9002003B0F0BDFFF7CFFF08B39F
:10BD90000123294620460DF107028DF80730FFF7F1
:10BDA000ABFF0028EFD19DF8077029467A1E18BF17
:10BDB00001222046FFF76BFF0028E4D10722294625
:10BDC000204600F04AFA0028DCD03A4629462046B0
:10BDD000FFF75DFF3046D6E76420D4E76620D2E760
:10BDE00008B512221021B0F91E0001F0E7F9002277
:10BDF000034BF7F7ABFC0022024BF7F7A7FC08BD9B
:10BE0000000010C00000603F08B513221021B0F9F7
:10BE1000200001F0D3F90022034BF7F797FC002232
:10BE2000024BF7F793FC08BD000030400000D03E05
:10BE30002DE9F84F16461F468246002870D00A9B0F
:10BE4000002B6DD0FEF78AFE002857D0072208216C
:10BE50009AF96D0001F0B2F933A3D3E90023F7F7A3
:10BE600075FC0022364BF7F749FC31A3D3E90023D8
:10BE7000F7F76CFC044650460D46FFF7B1FF8046CD
:10BE800050468946FFF7C0FF002282468B46304667
:10BE900039462C4BF7F746FC00222B4BF7F756FCA4
:10BEA00000222A4BF7F752FC06460F4602460B4685
:10BEB00040464946F7F74AFC0022214BF7F71EFCA3
:10BEC0003246804689463B4650465946F7F73EFC87
:10BED00032463B46F7F73AFC02460B464046494697
:10BEE000F7F70CFC0B46024629462046F7F752FCB2
:10BEF0000A9BC3E900010020BDE8F88FBAF82E00C4
:10BF0000C0F3090373B10B2218460A2101F02AF984
:10BF100002460B4608A1D1E90001F7F73BFCA9E76F
:10BF20006420E9E78A20E7E79A9999999999C93FA6
:10BF3000F168E388B5F8743FFA7E6ABC7493583FA1
:10BF40000000F03F00003940000010C00000603FDA
:10BF50002DE9F84F14461D468046002860D00A9B04
:10BF6000002B5DD00722082190F96C0001F026F922
:10BF70002DA3D3E90023F7F7E9FB00222E4BF7F7B7
:10BF8000BDFB2BA3D3E90023F7F7E0FB1222824687
:10BF90008B46B8F91E00102101F010F91322064655
:10BFA0000F46B8F92000102101F008F90022804660
:10BFB000894620462946214BF7F7B4FB0022204B47
:10BFC000F7F7C4FB00221F4BF7F7C0FB04460D46F2
:10BFD00002460B4630463946F7F7B8FB0022164BAF
:10BFE000F7F78CFB224606460F462B46404649464D
:10BFF000F7F7ACFB22462B46F7F7A8FB02460B46A9
:10C0000030463946F7F77AFB0B460246594650460A
:10C01000F7F7C0FB0A9BC3E900010020BDE8F88FD9
:10C020006420FBE7AFF300809A9999999999C93FE9
:10C030008DEDB5A0F7C6503F0000F03F000039403D
:10C04000000010C00000603F1FB502AB0446009323
:10C0500000220846094BFFF77BFF18B102F0D4FF1E
:10C0600004B010BD10222046114601F07BF8DDE936
:10C070000223F7F76BFBF7F7DBFBF1E70000494022
:10C080001FB502AB0446009300220846094BFFF798
:10C09000CFFE18B102F0B8FF04B010BD1122204647
:10C0A000102101F05FF8DDE90223F7F74FFBF7F706
:10C0B000BFFBF1E7000049402DE9F0470E4614466A
:10C0C000074686B0002863D0002A61D040F20123E1
:10C0D000ADF8103003234FF0010930460DF10E0288
:10C0E00003A98DF81230FEF748FD2C4BBDF80C501B
:10C0F000ADF814308DF81630BDF80EC0AC4518D22E
:10C10000BDF80C2056B90123511C02F1180089B268
:10C110000DEB00058C452DD2002B3DD0002002F107
:10C1200018030DEB030212F8043C237006B0BDE8BF
:10C13000F08705F118030DEB030818F808AC384632
:10C14000FEF790FB90225146CDF8009002AB00F034
:10C1500057FE0028EAD19DF80830C3F30212012AE5
:10C1600008F8042C03D902F00303032B12D1013584
:10C17000ADB2C1E74BB101F11800684415F8043CB9
:10C1800010F8040C181A43424341013189B2C1E747
:10C190006420CBE77420C9E77220C7E708080800CD
:10C1A0002DE9F3410E4615460746A8B3A2B3FEF7A4
:10C1B00059FB902231460DF1060300F0E7FD0446DD
:10C1C000BDF8060001281BD83846FEF74BFB0422B9
:10C1D00031460DF1060300F0D9FD0246BDF8060018
:10C1E000C4F3021801280BD804F007034345C4F335
:10C1F000020102D15440620705D0082374202B703D
:10C2000002B0BDE8F081012B03D903F00303032B37
:10C21000F3D100202970F3E76420F1E71FB50C4645
:10C22000B8B1072A17D88B23D340DB0713D50023D7
:10C23000ADF80C3062F302038DF80C30FEF712FB00
:10C24000012304220093214603AB00F041FE04B019
:10C2500010BD6420FBE77420F9E72DE9F04F0F468D
:10C2600015460646C9B0002800F0A780072A00F24C
:10C27000A6808B23D340DB0740F1A18040F201234D
:10C28000ADF81C300323384606AA0DF116018DF8CF
:10C290001E30FEF772FC072D0DF11C090CD1002495
:10C2A0003046FEF7DEFA204490F8CC31002B40F007
:10C2B00088800134032CF3D12A4639463046FFF7F3
:10C2C000ADFF0446002874D10A213046FEF7CFFAAC
:10C2D000044600286DD1394630460DF10F02FFF7B4
:10C2E000EBFE9DF80F300446AB4221D1002860D010
:10C2F000072D5ED100230893ADF824300A23304681
:10C300000AA9ADF81A30FEF7C4FABDF816700DF19F
:10C310002008BDF81820BA4210D2BDF816309A4253
:10C3200008D338F81350002D42D101339BB2F6E701
:10C33000072DDFD0002C08BF71243AE0F022002145
:10C340000CA819F807B002F037FE0A23ADF81A302E
:10C3500004AB009301230DF1140A1A4659463046E6
:10C36000CDF804A0FFF722FC054608BB594630462D
:10C370000DF11A030CAAFFF7A5FB4FF0180BBDF83F
:10C380001A20ABB29A420AD8BAF80010BDF81000D1
:10C39000FFF754FC28F817000137BFB2B9E7A9B27C
:10C3A0000CAB30460BFB0131FEF7C4FE0135E6E76E
:10C3B0002C46204649B0BDE8F08F6424F9E7742488
:10C3C000F7E79D24F5E7F7B5089F48B141B13AB1C9
:10C3D00033B12FB1009701F0CBFE002003B0F0BDC8
:10C3E0006420FBE710B50C4628B1FEF73AFAC0F816
:10C3F000D041002010BD6420FCE7000000000000D8
:10C400002DE9F04393B0FEF72CFA00F500530546F2
:10C41000B3F80403FDF734F80022334B06460F4609
:10C42000F7F780FA10B12CA7D7E900672AA1D1E964
:10C43000000132463B46F7F7ADF9F7F72BFAF7F76D
:10C4400005FA02460B4600202849F7F7A3F96F4684
:10C4500001244FF00008CDE90201DFF8949002AE0C
:10C460004B46D6E900014246F7F770F9032C234604
:10C47000A8BF03230134082CE6E9020107F8013FB5
:10C48000EED10FF25C09D9E90089072412AFD5F883
:10C49000D00102F09DFD42464B46F7F757F902F0F6
:10C4A0004BFD4246064677E902014B46F7F74EF947
:10C4B00002F042FD86420ADC04F148036B4413F8A3
:10C4C000483C204685F8CF3113B0BDE8F083013CED
:10C4D000DDD12346F5E700BF00000000D012734114
:10C4E000000000000088C3400000F03F000018403A
:10C4F0000000E03F70B50C4606461146CEB0C2B90A
:10C500004FF49C72684602F057FD684601F0BCFD8E
:10C51000BDF8B8506A460121304600F06AFB30B9D8
:10C520009DF855309B0818BFBDF8565025804EB079
:10C5300070BDB2F8B850EDE72DE9F8431546044652
:10C5400000287DD0002A7BD0B0F8600000F01F00EA
:10C5500041B9F7F78DF9C5E900012046BDE8F84378
:10C5600000F0A0BB02284DD004D8012831D040F201
:10C570002D1066E003380128F9D8082963D801395D
:10C58000C1F34603313334F81300CB0754BFC0B2B4
:10C59000000A5FFA81F8F7F759F9DFF8B09006461C
:10C5A00009EBC80358680F4602F012FD02460B461D
:10C5B00030463946F7F7B6F8064659F838000F46C0
:10C5C00002F006FD02460B4630463946F7F7E2F820
:10C5D000C1E702290AD003290DD0012933D10B224A
:10C5E0001021B4F8620000F0BDFDB4E70E22102166
:10C5F000B4F86400F7E71322B4F96600102100F0E4
:10C60000DDFDA8E7013903291DD8DFE801F00204A8
:10C61000060B0D22E4E70F22E9E70F221021B4F800
:10C620006600E0E70C22B4F86800102100F09AFDE3
:10C63000024601F1004300200549F6F7D3FE8AE7E0
:10C640006420BDE8F8834FF49770FAE774FB00109C
:10C65000000024402DE9F047E2B0804614461D4614
:10C660000E469DF8A8A1002900F0EB80002A00F0FA
:10C67000E8807549304602F0D1FA74498146304667
:10C6800002F0CCFA0746B9F1000F00D028B965B125
:10C69000BAF12F0F09D8732004E015B1BAF12F0FAA
:10C6A000F9D9002062B0BDE8F0872246404602A9D1
:10C6B000FFF720FF0028F5D1BDF80800A4F8B80066
:10C6C0001DB1F7F7D5F8C5E90001B9F1000F01D0A8
:10C6D000002FE6D1404642AB22AA02A900F0B8F9E9
:10C6E0000028DFD1002200239DF85D600146CDE9DE
:10C6F000002302A86A46B608FFF71EFF0028D1D122
:10C700007FB9032E0AD1DDE900010022504BF7F773
:10C7100009F918B9B4F8B830032B5ED84FF4D170CA
:10C72000C0E7022E56D1DDE90001F7F7C5F886B261
:10C73000022EB6D16A46012102A8FFF7FDFE0028AD
:10C74000B0D1DDE90001F7F773F86A46C4F8BC0020
:10C75000314602A8FFF7F0FE0028A3D1DDE9000171
:10C76000F7F766F86A46C4F8C000032102A8FFF78D
:10C77000E3FE002896D1DDE90001F7F759F86A4693
:10C78000C4F8C400042102A8FFF7D6FE002889D10E
:10C79000DDE90001F7F74CF80646C4F8C800002DA3
:10C7A0003FF47FAFD4F8BC0002F012FCC5E90201EF
:10C7B000D4F8C00002F00CFCC5E90401D4F8C400B0
:10C7C00002F006FCC5E90601304602F001FCC5E9AD
:10C7D000080166E7032E7FF464AFDDE90001F7F797
:10C7E0006BF880B202287FF65CAF0127002621E0BB
:10C7F0006A4639464846FFF79FFE00287FF452AF4D
:10C80000DDE900011DB105EBC603C3E90A01F7F735
:10C810000FF806F1320A0136F6B204EB8A0AB04587
:10C82000CAF8040009F18009E2D10137FFB2092FEB
:10C830003FF437AF06F103080DF108095FFA88F8F5
:10C84000D6E764202EE700BF1EFB0010CBFA0010D5
:10C850000000084082B02DE9F043D1B00E4658A93F
:10C86000074681E80C00002800F08280002E7FD06F
:10C87000FDF7F7FF044600F50F50802231461830CF
:10C8800001F06EFF3C49304602F0C8F980463B4952
:10C89000304602F0C3F9B8F1000F65D0B0FA80F568
:10C8A0006D0902A801F0F0FB94F8CC31002B61D1A6
:10C8B00094F8CD31002B5DD194F8CE81B8F1000F02
:10C8C00058D1D4F8983138460493D4F8A43105935C
:10C8D000FDF7C7FFD0F8909194F8CF0102F094FBD8
:10C8E00001464FF08040F7F743FD0146484602F00D
:10C8F0005FFB0290002D39D0589B04F50054039340
:10C90000599B94F8142316939DF86C31C2F380025E
:10C910008DF8AA309DF878318DF834218DF8AD303E
:10C920009DF86D3131468DF8AB309DF86E3138464B
:10C930008DF8AC30BDF87031CDF80080ADF8B8306E
:10C940005D9B02AA2F939DF87931ADF836314346AD
:10C95000FFF780FE044602A801F034FE204651B0E5
:10C96000BDE8F04302B0704701259AE76824F2E77A
:10C970006424F3E77324F1E71EFB0010CBFA0010E8
:10C9800008B5F6F763FF0022034BF6F7DFFE00223F
:10C99000024BF6F7B3FE08BD0000D0BF00003940DF
:10C9A00070B50C461646054608B9642070BDFDF703
:10C9B00058FF00F50C5050E90223A24273F1000326
:10C9C0001DDBE4B1002EF0D02846FDF74AFF0546F6
:10C9D0002046FEF7C5F82B1893F88C4134B180221D
:10C9E0000021304602F0E8FA8A20DFE705EBC011AB
:10C9F000802230460C3102F0F7FA2046D6E7662056
:10CA0000D4E7000030B50446A1B0E0B18022002197
:10CA1000684602F0D1FA002319460C4A12F8010BBD
:10CA200040B120AD481C05EB410134F8135021F80A
:10CA3000805C81B20133402BF0D149000139684656
:10CA400089B200F0BDFA21B030BD00BFB4FB0010C8
:10CA50002DE9F047884617461E4605468CB000284B
:10CA600000F0C580002900F0C280002A00F0BF80DD
:10CA7000002B00F0BC80FDF7F4FE90F88C310446EA
:10CA8000DBB990F88D31C3B990F88E31ABB900F1B4
:10CA90000C018022404602F0A7FA802204F18C01AA
:10CAA000384602F0A1FA8022304604F5867102F081
:10CAB0009BFA00200CB0BDE8F08740F2012303246C
:10CAC0002846CDE90987ADF810308DF812400B9655
:10CAD000FDF7C8FE002107460DF10F022846FFF7BB
:10CAE000EBFA0028E6D19DF80F6006F0FD06012E56
:10CAF00077D10DF1100800965422384618F8011B22
:10CB000007AB00F07DF90028D4D19DF81C30DB077D
:10CB100069D5013CA4B2002CEDD14CF6CC43ADF864
:10CB20001860ADF8163009AE03235122009300219E
:10CB3000384605ABADF8144000F0CAF90028B9D169
:10CB400080464FF0040A0DF11009CDF800A05122E3
:10CB5000384619F8011B07AB00F052F90028A9D19B
:10CB60009DF81C3003F03F03A3423CD19DF82030D8
:10CB700003F00303012B36D19DF8223003F00303A9
:10CB8000012B30D156F82830BDF81E2008F10108DD
:10CB9000B8F1030F23F81420D7D10134402CC3D1AE
:10CBA0008046074656F8044B2046FFF72BFF94F8C3
:10CBB0007B30834219D12846FDF753FE00EBC810A5
:10CBC000802221460C3002F00FFA2846FDF749FE7C
:10CBD000404408F10108B8F1030F80F88C71E1D1ED
:10CBE00067E78C2066E7852064E7992062E7642088
:10CBF00060E7F0B50D4617460446E1B010B9642071
:10CC000061B0F0BDFDF72DFE00F50C5050E9022398
:10CC1000AA4273F100031DDBE5B1002FEFD02046DF
:10CC2000FDF71FFE06462846FDF79AFF064496F8D4
:10CC30008C313BB16946204640AB20AAFFF708FF84
:10CC40000028DDD13A462946204661B0BDE8F040D3
:10CC5000FFF7A6BE6620D3E7F0B5034687B0F8B16C
:10CC60006A4600F15E0100F16A0714460E4610465E
:10CC700031F8025F023404F8025CB9424FEA15252C
:10CC800004F8015CF4D1523333F8021F023291727E
:10CC90009E424FEA1121D172F6D1172100F090F98E
:10CCA00007B0F0BD10B50446FFF7D6FF94F85F302B
:10CCB000834214BF9F20002010BDF0B54FF434759F
:10CCC00000244D43059E00EB4200A5F53175B442AA
:10CCD00000D1F0BD1719BFB2B7F5B47FF9D233F860
:10CCE00014C059B9A0F80CC0A0F8DCC2A0F8ACC5BB
:10CCF000A52F00F10200ECD00134E8E720F805C0D0
:10CD0000F6E7000010B5044620B3036813B3836848
:10CD100003B34368F3B1A9B94FF434720E490C3030
:10CD200002F062F94FF434720B4904F5377002F0E7
:10CD30005BF94FF43472084904F2AC5002F054F934
:10CD4000002010BD4FF43472013902FB010002498A
:10CD50000C30F3E76420F4E7C4FE001010B480B197
:10CD600079B172B16BB1084C0460C4E901324FF47F
:10CD7000FE732160C4F87C380021006810BCFFF706
:10CD8000C1BF642010BC70476C52002030B528B180
:10CD900004681CB184680CB1446824B90BB16422E6
:10CDA0001A80002030BDB2F5B47F03D3002BF8D039
:10CDB0006522F5E779B900EB42018D89B1F8DC42D3
:10CDC000AC4203D1B1F8AC15A14203D0002BE8D09E
:10CDD0006622E5E70121094CA45C1CB123B10124C2
:10CDE0001C8001E0002BFBD14FF4B473013903FB2D
:10CDF000012200EB42008089D4E700BF5CFD0010F7
:10CE00002DE9F04F85B00F4615469A460446DDF8E9
:10CE100038B0002855D00368002B52D08368002B0F
:10CE20004FD04368002B4CD000294CD0A52A04D900
:10CE300002EB0B03B3F5B47F47D2A846002607F0F8
:10CE400003034FEA43395E4509D3204653462A4639
:10CE50003946CDF800B0FFF730FF00201EE041F664
:10CE6000F07101EA08116FEA4141D4F87C28ABEB7C
:10CE7000060390B26FEA5141834228BF034641EA5C
:10CE8000090138BF9BB22068D4F808C089B20AEB08
:10CE900046020393E047039B18B1692005B0BDE843
:10CEA000F08FB8F1A50F434401D8A52B06DC1FFA7B
:10CEB00083F8D4F87C3833449EB2C4E74FF0A50819
:10CEC000F7E76420EAE76620E8E76520E6E7000088
:10CED0002DE9F04F85B08A4614469B4605460E9EC6
:10CEE000002857D00368002B54D08368002B51D002
:10CEF0004368002B4ED0A52A03D99319B3F5B47F0C
:10CF00004AD2A1464FF000080AF003035F03B04580
:10CF10000DD35B462246009651462846FFF7CDFECC
:10CF200023461F4A2644B3422DD9002017E0D5F8E6
:10CF30007C28A6EB080390B241F6F071834228BF2B
:10CF40000346D5E9000C01EA091138BF9BB2394309
:10CF50000BEB48020393E047039B18B16A2005B02E
:10CF6000BDE8F08FB9F1A50F4B4401D8A52B07DC24
:10CF70001FFA83F9D5F87C3843441FFA83F8C6E7D3
:10CF80004FF0A509F6E7105D40B9A52CE7D00133B5
:10CF90009BB2C8E76420E2E76520E0E70220DEE715
:10CFA000F4FB001050B103681A683AB19A682AB1CC
:10CFB0005B68002B14BF002064207047642070471A
:10CFC00003460144002010B5044C8B4200D110BD33
:10CFD00013F8012B4240A05CF7E700BF9401011059
:10CFE0002DE9F84305460C4639B303F10043002010
:10CFF0004FF08041F6F7F6F9064660420F46F6F725
:10D0000025FC02460B4600204FF08041F6F7EAF976
:10D01000804689462846F6F72BFC32463B46F6F713
:10D0200095FB0022064BF6F769FB42464B46F6F7A6
:10D030008DFBF6F7FDFBBDE8F8830020FBE700BFA2
:10D040000000F03F2DE9F8430646184690460F468B
:10D05000F6F70EFC02460B4600204FF08041F6F733
:10D06000C1F932463B46F6F771FBF6F717F904466D
:10D0700040460D46F6F7FCFB02460B4680468946C5
:10D0800000204FF08041F6F7ADF90022124BF6F781
:10D0900049FB22462B46F6F745FC60B142464B461B
:10D0A00000204FF08041F6F79DF900220A4BF6F779
:10D0B00039FB04460D460022002330463946F6F778
:10D0C00031FC08B10024002520462946F6F7F4FB80
:10D0D00080B2BDE8F88300BF0000F03F2DE9F843BF
:10D0E00088460021044691461D46089E01F044FFF3
:10D0F000002835D14FF07E51204601F041FF074610
:10D1000070BB0021204601F043FF20B12F80378003
:10D110000020BDE8F8830127308007FA09F74FF0B7
:10D120007E51204601F028FF60B94FF07E51204625
:10D1300001F032FF01F04CFF43464246FFF782FF09
:10D140002880E5E72146204601F04AFF0446308862
:10D15000013080B287423080E1D8002333802B80B9
:10D160007320D6E7F8B5064610460F46F6F780FB63
:10D1700002460B4600204FF08041F6F733F9044693
:10D180004FF0FF300D46B84026EA0000F6F770FB7E
:10D1900022462B46F6F7FEFAF8BD4FF0FF33012288
:10D1A0008B4020EA030310B54C1E18B202FA04F4B7
:10D1B0008442DEBF8A409B1A18B210BD70B580B29F
:10D1C0001446FFF7EAFF06462046F6F751FB0246F3
:10D1D0000B4600204FF08041F6F704F904460D4657
:10D1E0003046F6F733FB22462B46F6F7D3FA70BDEE
:10D1F000F0B500248DB00239049405940694079488
:10D20000089409940A940B9403293BD8DFE801F0B1
:10D2100030024E44DFF8A0E0DFF8A0C0284F294ECE
:10D22000294D2A4C2A4907912A49039608912A49EF
:10D230002A4E09912A49CDF800E00A912949CDF8F2
:10D2400004C002970496059506940B910CA9013829
:10D2500001EB001050F82C1C116050F8282C1A60BB
:10D2600050F8242C129B50F8300C1A600DB0F0BD11
:10D27000DFF874E0DFF874C01D4F1E4E1E4D1F4CCA
:10D280001F49D0E7DFF87CE0DFF87CC01F4F204E5D
:10D29000194D204C2049C6E7204D214C21482249F8
:10D2A00002900095012001940391CFE71F4D204C7F
:10D2B00020482149F4E700BFC520B03C083D1B3D94
:10D2C0009CC40840A1F8B13E4ED1913C2F6EE33E84
:10D2D0004D846D3F1B2F5D3C24B97C3D0AD7233C18
:10D2E000575B613FB22EEE3EB9FC873C8FC2F53CE6
:10D2F000ABCF0140FE439A3ECDCCCC3D33C4F13E92
:10D30000986E823F211F743CDDB5843C2E903440E2
:10D310003BDF8F3ED122BB3E3D9B153F0586AC3C9B
:10D3200002840F3D984C01409E07573E0C94943C5C
:10D33000193C0C3DB30CE13F143F663EF8B5044682
:10D3400015461E4603292AD8DFE801F00A021C2EE2
:10D350000023A0F854301C4B1B688365E3651EE076
:10D360000123A0F85430104601F0B4F9164F30B93B
:10D37000304601F0AFF910B1A5653B68EEE7134BFD
:10D38000A365FAE70223A0F85430104601F0A2F991
:10D3900030B9304601F09EF910B9A565E665F8BDD3
:10D3A0000B4BA3650B4BD9E70223A0F85430104672
:10D3B00001F090F920B9304601F08CF90028ECD04A
:10D3C000054BA365054BC9E74C2100209A99993E6E
:10D3D000CDCCCC3D0AD7A33CCDCCCC3C0AD7233C0A
:10D3E00038B504460D4601F075F908B13C4B1CE018
:10D3F000284601F06FF90028F8D1284601F04AF9D3
:10D40000E8B124F000444FF07E51204601F0C0FD09
:10D4100060B94FF07E51204601F0F2FD002138B195
:10D42000284601F0EDFD40B12E4B1C68204638BD6A
:10D43000284601F0E5FD0028F6D00024F6E700219B
:10D44000284601F0A5FD002841D14FF07E5125F07E
:10D45000004001F09DFD60B10021284601F0D0FDA3
:10D460000028E3D121464FF07E5001F0A1FD044693
:10D47000DCE74FF08041284601F08AFD20B12146CB
:10D48000204601F065FDF2E74FF07C51284601F09F
:10D490007FFD002140B1204601F072FDD0B1204651
:10D4A000BDE8384001F044BD204601F065FD40B1C3
:10D4B0002846F6F731FF0146284601F0A1FD002875
:10D4C00094D129462046BDE83840F6F751BF4FF0C9
:10D4D0007E54ABE70021204601F04EFDEFE700BF90
:10D4E0004C21002048210020704B2DE9F74F0546C4
:10D4F00008460E461C6801F0EDF8002840F0A080B8
:10D500003046F6F727FF04466869F6F723FF06461C
:10D51000E869F6F71FFF07460146304601F060FD57
:10D520004FF07C5101F014FD39468246304601F03F
:10D530000FFD5F4981463046FFF752FF3146834673
:10D54000304601F005FD514601F002FD5949804683
:10D55000584601F0FDFC0146404601F041FD4946B8
:10D560008046304601F0F4FC0146404601F014FDCF
:10D57000A9698046286A01F00FFD4D4900903846A0
:10D58000FFF72EFF39468346384601F0E1FC51464D
:10D5900001F0DEFC47490190584601F0D9FC0146F4
:10D5A000019801F01DFD49468346384601F0D0FC44
:10D5B0000146584601F0F0FC414601F0EDFC014601
:10D5C000009801F0F5FC31468346204601F0DCFC72
:10D5D00010B1414640462AE03146204601F010FD98
:10D5E000002831D03946204601F0CEFC00282BD04F
:10D5F0002F492046FFF7F4FE21460746204601F05A
:10D60000A7FC514601F0A4FC2A490646384601F021
:10D610009FFC0146304601F0E3FC494606462046A1
:10D6200001F096FC0146304601F0B6FC414601F09F
:10D63000B3FC594601F08CFCA96901F0D1FC044609
:10D64000204603B0BDE8F08F3946204601F0D8FCF3
:10D650000028BED03946384601F0C2FC31460746A4
:10D6600001F09AFC0146204601F08EFC0028B0D063
:10D670002146384601F090FC0D490446FFF7B0FE04
:10D6800021460746204601F063FC514601F060FC4C
:10D6900008490646384601F05BFC0146304601F079
:10D6A0009FFC214606464846BAE700BF4C210020B1
:10D6B00000004040ABAAAABE0378BBB901230370A7
:10D6C0004368012B12D102234360037A73B1084BE4
:10D6D00000211A680346C26001610162426243F898
:10D6E000281F503043F8042F8342FBD1704700BFFE
:10D6F0004C2100202DE9F04F364CABB02069364963
:10D7000001F056FCB4F8BC30D4F87452D4F8CC9084
:10D71000D4F8D0A0D4F8D4B00493D4F8C8306022A0
:10D72000E86004F1D80112A80393B4F8C480CDF8DE
:10D730002090CDF828A0CDF824B001F055FC274B5F
:10D7400000221F680CAB194612AE56F8040BCDE947
:10D750000623059100F0BEFF069A05990132182AAA
:10D76000079B01F8010BF0D1002113F8012B0AB13E
:10D77000012202E001311829F7D15046059200F04C
:10D78000A9FF8DF82C00584600F0A4FF8DF82D005D
:10D79000039800F09FFF8DF82E00484600F09AFF96
:10D7A0000BAE31460023059A8DF82F0011F8010BBE
:10D7B000B0B1DAB109AB009341460AAB049808AAAC
:10D7C000FFF716FD089B6861AB610A9BEB61099B43
:10D7D0002B62D0E1785B0020CDCCCC3F4C210020E7
:10D7E0000133042BE2D1002A40F0BD81B8F1050FCE
:10D7F00040F2AF81B849129801F0CEFBB64981469C
:10D80000139801F0C9FBB4498046149801F0C4FB99
:10D81000B2490746484601F09BFBB14901F0E0FBE5
:10D82000AE498246404601F093FBAD4901F0D8FB7A
:10D830000146504601F0D4FBA8498246384601F023
:10D8400087FBA74901F0CCFB0146504601F0C8FB1D
:10D85000A4490890484601F07BFBA34901F0C0FBB6
:10D86000A0498146404601F073FB9F4901F0B8FB97
:10D870000146484601F0B4FB9A498046384601F01B
:10D8800067FB994901F0ACFB0146404601F0A8FB5B
:10D8900096490990159801F07FFB944982461698A5
:10D8A00001F07AFB91498146179801F075FB904988
:10D8B0008046504601F04CFB8E4901F091FB8C49AB
:10D8C0000746484601F044FB8A4901F089FB0146BE
:10D8D000384601F085FB86490746404601F038FB93
:10D8E000844901F07DFB0146384601F079FB82490D
:10D8F00001F05EFB81490746504601F029FB804953
:10D9000001F06EFB7D498246484601F021FB7C49CF
:10D9100001F066FB0146504601F062FB7749814603
:10D92000404601F015FB764901F05AFB0146484696
:10D9300001F056FB704901F03BFB0A90089B7149CE
:10D94000AB610A9B6F61EB61099B28462B62FFF775
:10D95000CBFD6D49686201F02BFB249FDDF89C80B4
:10D96000A862E36D4046AB60D4F8C0302B6100F094
:10D97000B1FE38B9384600F0ADFE18B9C4F8B87A2F
:10D98000C4F8BC8AC4F87452604DA5F5A5670FCFE2
:10D990000FC50FCF0FC53B686A1C2B70A5F227532C
:10D9A000A5F2075553F8041BAB4242F8041BF9D10A
:10D9B0001B781370564BB4F8C450A3F2755203CAC7
:10D9C0005960E16DE268C4F8B011216EC4F8A82175
:10D9D000C4F84812E169C4F80426C4F8EC15216AB9
:10D9E000A3F27552C4F8FC15616A1860C4F8F81502
:10D9F00003CAC4F80906596394F8383184F8083624
:10DA000047F6FF73AB4228BF2B46A4F8123685BBFE
:10DA1000D4F8D490D4F8C880D4F8CC70D4F8D0001E
:10DA2000CDF82090CDF82880099700F053FEB0FA89
:10DA300080F040098DF82C00484600F04BFEB0FA0B
:10DA400080F040098DF82D00404600F043FEB0FA0A
:10DA500080F040098DF82E00384600F03BFEB0FA09
:10DA600080F040098DF82F0016F8013B002B40F0A4
:10DA70008F80B4F91236042B02DD0423A4F8123689
:10DA8000E368D4F83C21B4F83A11C4F80C342148C6
:10DA9000D4F84031FFF752FC0023D4F83C21B4F80D
:10DAA0003A11A4F8B8341C48D4F84031FFF746FCCA
:10DAB0000123D4F83C21A4F81C35B4F83A11D4F869
:10DAC00040311648FFF73AFC0223A4F88035E36D95
:10DAD000C4F8C83A24E000BFCD4C9043DFF22238AE
:10DAE000E71D273CF3CD91397368913DD3BCE33CEE
:10DAF000F6281C3F96438B3C00004040E17A4142AF
:10DB0000A8C6BB3FCDCC4C3D6AFA0A3E0C61002052
:10DB100051610020D05F0020346000209860002018
:10DB2000A369C4F8CC3A94F8AF3084F8AC3A94F8CE
:10DB3000B03084F8AD3AD4F8B430C4F8A03AD4F890
:10DB4000B830C4F8A43AE368C4F8A83A2BB0BDE8EA
:10DB5000F08F09AB0093414601200AAB08AAFFF7FA
:10DB600047FB0746EAE6039BC5F814A0C5F818B0C2
:10DB7000EB61C5F820900A492846FFF7B5FC094932
:10DB8000804601F015FAC5F82480A862B846E8E698
:10DB90000135042D7FF468AF4FF6FF736EE700BFC9
:10DBA000CDCC4C3D6AFA0A3EF0B587B06E460024F3
:10DBB0000C4B0D4D05930D4B0D4F00930D4B0193E9
:10DBC0000D4B02930D4B03930D4B0493384656F8BF
:10DBD000041BFFF705FC0134062C45F8040FF5D1B2
:10DBE00007B0F0BD3BCD7140F85D002013441340F9
:10DBF000000020414E2C26408A143940C5FC4B4081
:10DC000000E55E401D4B10B5C0F894310123C0F80B
:10DC10007C311B4B0446C0F898311A4B43624FF0DD
:10DC20007C53C0F89C31184B8362FFF7BDFF4FF463
:10DC3000A872002104F12C0001F0BEF90023134A60
:10DC4000C4F88031C4F8A021114AC4F88431C4F862
:10DC5000A421104AC4F888311068C4F88C31C4F883
:10DC60009031C4F8A83104F5D47204F5EC7142F88F
:10DC7000040F8A42FBD1C4F8DC3110BD8096984A6B
:10DC8000CDCCCC3D000048430080BB451F85EB3E1A
:10DC9000295CAF3F4C2100204C4BD3F8C02A012A0D
:10DCA00004BF0222C3F8C02AD3F8742211680129E4
:10DCB00004BF02211160D3F8A021012A04BF02226F
:10DCC000C3F8A021D3F84022012A04BF0222C3F8DE
:10DCD0004022D3F8E425012A04BF0222C3F8E42538
:10DCE000D3F8982A012A04BF0222C3F8982AD3F84D
:10DCF000B02A012A04BF0222C3F8B02AD3F85C2458
:10DD0000012A19D10222C3F85C2493F860249AB145
:10DD10002F4A304811680022C3F86824C3F87824D9
:10DD2000C3F880240022C3F86414C3F87C140132C1
:10DD30000A2A40F8041FFAD1D3F8C024012A19D1C5
:10DD40000222C3F8C02493F8C4249AB1204A22487E
:10DD500011680022C3F8CC24C3F8DC24C3F8E424FF
:10DD60000022C3F8C814C3F8E01401320A2A40F8AC
:10DD7000041FFAD1D3F82425012A19D10222C3F8AD
:10DD8000242593F828259AB1114A144811680022D5
:10DD9000C3F83025C3F84025C3F848250022C3F84E
:10DDA0002C15C3F8441501320A2A40F8041FFAD191
:10DDB000D3F87C22012A08D10222C3F87C2293F8EE
:10DDC000803213B10648FFF71DBF7047785B002013
:10DDD0004C210020F85F00205C600020C060002023
:10DDE000F05D0020012310B51E4C4FF08041A4F8D7
:10DDF000783600231C4AC4F89016C4F894261B4AAF
:10DE0000C4F8903A1268C4F8943A04F5C260013339
:10DE10000F2B40F8042FFAD10023154801330A2BA9
:10DE200040F8042FFAD1134BC4F87C26C4F8EC3523
:10DE3000114BC4F88026C4F8F835104BC4F884267A
:10DE4000C4F88C26C4F800164FF47C7200210C48EC
:10DE5000C4F8FC3501F0B0F80023C4F88C3A84F81B
:10DE6000983610BD785B0020000040404C21002017
:10DE7000C461002017B7D1390000F0410000C04054
:10DE80001462002070B5634C0026D4F8C03A012B10
:10DE900013D17822002104F6D420C4F8D06A01F00E
:10DEA0008BF87822002104F64C3001F085F87822B6
:10DEB000002104F6C43001F07FF8574BD4F8A021BC
:10DEC0001D680023012AC4F85051C4F85451C4F805
:10DED0007051C4F88061C4F84451C4F85851C4F872
:10DEE0006451C4F87461C4F88451C4F89051C4F802
:10DEF0004851C4F85C51C4F86851C4F87861C4F85A
:10DF00008851C4F89451C4F84C51C4F86051C4F815
:10DF10006C51C4F87C61C4F88C51C4F89851C4F8B1
:10DF20009C310DD13D4AC4F83C62C4F8B851C4F8E4
:10DF3000BC51C4F8C05101331E2B42F8045FFAD122
:10DF4000D4F8E435012B01D1FFF74CFFD4F83C3C69
:10DF5000012B08D10023324AC4F8603F0133C82B9B
:10DF600042F8045FFAD1D4F8643F012B09D10023B1
:10DF70002C4AC2F888329C3A0133C82B42F8045F1D
:10DF8000FAD1D4F85C34012B10D10023264AC4F80E
:10DF90006454C4F87C54C4F86864C4F87864C4F861
:10DFA000806401330A2B42F8045FFAD1D4F8C034FC
:10DFB000012B10D100231D4AC4F8C854C4F8E05402
:10DFC000C4F8CC64C4F8DC64C4F8E46401330A2BFC
:10DFD00042F8045FFAD1D4F82435012B10D1002384
:10DFE000134AC4F82C55C4F84455C4F83065C4F835
:10DFF0004065C4F8486501330A2B42F8045FFAD142
:10E00000D4F87C32012B04D1BDE870400948FFF7F9
:10E01000F9BD70BD785B00204C210020385D0020E8
:10E02000B4670020786B0020F85F00205C6000205F
:10E03000C0600020F05D00200023104A436082652C
:10E040000F4AA0F86030C26502220023A0F85420D5
:10E050000C4A036212688362036143618361C36196
:10E06000C260426200F1280300F1500143F8042F1E
:10E070008B42FBD100230370704700BFCDCCCC3C5A
:10E080000AD7233C4C21002070B504462B4B2C4D65
:10E0900003602C4B00F1100243602B4B05F140064E
:10E0A00083602A4BC3602B4603CBB34210605160A0
:10E0B0001D4602F10802F6D10025254B46222365B4
:10E0C000244B25496365A565E56504F1600000F012
:10E0D0008BFF224B2246C4F8A830214BA4F8B8503D
:10E0E000C4F8AC300123A4F8B0304FF07E53C4F82C
:10E0F000B4301C4B04F594711B68C4F8BC30C4F8F0
:10E10000C030C4F8C43042F8C83F42F8043F9142DE
:10E11000FBD1002284F82C210322C4F83031C4F84A
:10E120003431114BA4F82E211B782BB14FF49C7283
:10E1300020460E4900F058FF70BD00BF8096984AF7
:10E1400094020110CDCCCC3F000008420000984161
:10E15000000020410000F041D40201106F12033B87
:10E1600000409C454C2100207A6E0020845B0020FA
:10E1700010B5282404800220088000200549108062
:10E180000A681A604A685A608A689A60029B186036
:10E1900010BD00BF24FB00102DE9F84FD64B1D78B1
:10E1A000002D40F0A781D54CD54BD64F2361D64BDF
:10E1B00004F11C066361D54BDFF85483A3610FCFD4
:10E1C0000FC60FCF0FC60FCF0FC6DFF8489365609D
:10E1D000C4F80C8097E80F0086E80F00CE4B46226B
:10E1E000CE4904F16C00E365C4E91955C4F86090A8
:10E1F00000F0FAFECA4B4FF07E5BC4F8B430C94B56
:10E200002146C4F8B8300123C74AA4F8BC301268CC
:10E21000C4F8C0B0A4F8C450C4F8C820C4F8CC20D6
:10E22000C4F8D02041F8D42F0135182D41F8042F1F
:10E23000FAD1002600210320BC4D84F83811C5F81E
:10E240008C12A4F83A01C4F89C11C5F8A022C4F8B5
:10E250003C21C4F84021C4F84421C4F84821C4F842
:10E260004C21C4F85021C4F85421C4F85821C4F8F2
:10E270005C21C4F86021C4F86421C4F86821C4F8A2
:10E280006C21C4F87021C4F88421C4F88821C4F832
:10E290008C21C4F89021C4F89421C4F89821C5F8C1
:10E2A00094B2C5F898B2C5F89CB2C4F87461C4F8C9
:10E2B0007861C4F87C61C4F88061C5F8A422C5F80F
:10E2C000A822C5F8AC22C5F8B022C5F8B42205F5DD
:10E2D0002372C4F874220122C4F8F423944ADFF8AC
:10E2E00054A2C4F81024944A944FC4F89C224FF0CE
:10E2F0007C52C4F81424924AC5F8BCA2C5F8C07276
:10E30000C5F8B8B2C4F87C12C4F8A022C4F80C84D2
:10E31000FFF74AFC0021A5F65C504FF4A87200F00C
:10E320004BFE0021C4F818A4DFF8FCA1C4F81C744B
:10E33000DAF80070C4F8F863C4F8FC63C4F8006449
:10E34000C4F80464C4F80864C4F82064A5F53E6504
:10E3500001310C2945F8047FFAD100224FF08045A5
:10E360007849C4F8546484F87822C4F8A021C4F829
:10E37000A881C4F8AC51C4F8B0B1C4F83C62C4F888
:10E38000B871C4F8BC71C4F8C07101321E2A41F8DA
:10E39000047FFAD1002121226B48C4F84012C4F84E
:10E3A0009015C4F8489200F007FE012284F89425E5
:10E3B000664A674902F1240052F804CB824241F8D0
:10E3C00004CBF9D101200022A4F878066148624903
:10E3D000C4F8EC0561484A60C4F8F00500F1043067
:10E3E000C4F8F4055E480A60C4F8FC055D48C4F84A
:10E3F000E425A4F81226C4F8F895C4F80056C4F829
:10E40000048684F80826C4F89406373101320F2AAE
:10E4100041F8047FFAD10022534901320A2A41F817
:10E42000047FFAD1C4F8905600254FF47C72294637
:10E430004E48C4F87C76C4F88076C4F88476C4F874
:10E440008C7684F8985600F0B7FD40F20112344BF8
:10E45000A4F8AC2A464A4748C4F8A03AC4F8B82AF7
:10E46000304B454AC4F8A43AC4F8BC2AC4F88C5AC4
:10E47000C4F8905AC4F8945AC4F8985AC4F8A88AB0
:10E48000C4F8B05AFFF7D8FD6430FFF7D5FD64300B
:10E49000FFF7D2FD29464FF4B47200F2B450C4F82D
:10E4A0008465C4F88865C4F88C65C4F8C05AC4F89B
:10E4B000C8BAC4F8D06A00F07FFDDAF800102F4B1C
:10E4C000C4F83C5CC4F8605F0135C82D43F8041FF4
:10E4D000FAD10023154AC4F8643FC2F888329C3A46
:10E4E0000133C82B42F8041FFAD100232370012303
:10E4F000014A1370BDE8F88F7A6E0020785B002027
:10E50000CDCCCC3F9402011000000842000098419D
:10E510008096984A0000F04100002041D40201108A
:10E520006F12033B00409C454C210020786B00207B
:10E53000CDCCCC3D1F85EB3E00004843295CAF3F6E
:10E540000080BB45385D00200C6100201A030110DB
:10E550002D61002017B7D13951610020000102035D
:10E560000000C04000004040C46100201462002050
:10E5700000006042D05F00201EA7E83BB467002087
:10E580000122074B1A7083F8782283F8202583F83C
:10E59000BC2483F858240022024B1A70FFF7FCBDFC
:10E5A000785B00207A6E0020044B1B782BB1044B63
:10E5B0005B68012B01D1FFF765BC70477A6E0020C4
:10E5C000785B002038B50B4B01461B7883B10A4CB1
:10E5D0006368012B0CD0094D4FF49C7204F10C00C0
:10E5E00000F002FD2946E06D00F00AFD00B1E5658E
:10E5F00038BD00BF7A6E0020785B0020000020410B
:10E6000038B5064B1B783BB100230125044C23721F
:10E610006560FFF76FF8257238BD00BF7A6E002085
:10E62000785B002010B5164C237853B90123237072
:10E630006368012B05D102236360237A0BB1FFF7D6
:10E640002BFB1048FFF738F80F48FFF735F80F4855
:10E65000FFF732F894F878328BB9012384F87832D6
:10E66000D4F87C32012B0AD10223C4F87C3294F80E
:10E67000803223B1BDE810400548FFF7C3BA10BD92
:10E68000785B0020D05F002034600020986000207C
:10E69000F05D0020D0B500F09BFC21F000474FF06A
:10E6A000FF3239460A4B06464FF00104F5F716F9DA
:10E6B00040B94FF0FF3230463946054BF5F746F981
:10E6C00000B9044684F0010000F00100D0BD00BF95
:10E6D000FFFFEF7F08B500F07BFC02460B46F5F725
:10E6E000FDF8003818BF012008BD000082B340EAE1
:10E6F00001039B0730B504468E4617D1032A07D87D
:10E7000014E0043A22D01CF0803F1FD1032A23D901
:10E7100023687146DEF800502046A3F1013C043422
:10E72000AB420EF1040E2CEA030CEAD003780C780D
:10E73000A3420FD1013A024406E03BB110F8013F79
:10E7400011F8014FA34205D19042F6D1002030BD0F
:10E7500010467047181B30BD20467146E6E700BFE3
:10E7600040EA01039B0710B5044601D1032A19D8DA
:10E77000A44601F1FF3E07E01EF8011F501E03F8FA
:10E78000011B31B102469C466346002AF4D1204663
:10E7900010BD0028FBD0944403F8011B6345FBD156
:10E7A000204610BD0846A446D0F800E001460430DB
:10E7B000AEF1013323EA0E0313F0803FD9D1043ABE
:10E7C0004CF804EB032AEFD80146D2E701292DE9E2
:10E7D000F04115465DD94FF0010800224FF0FF349B
:10E7E000C646434608E0A3EB04081A464FF0010E64
:10E7F00002EB0E03994210D900EB040CC75C1CF825
:10E800000E60B742EFD332D04FF001081446C6462F
:10E81000424402EB0E039942EED8012700224FF04A
:10E82000FF36C5F80080BE463B4607E09F1B1A46F0
:10E830004FF0010E02EB0E03994210D900EB060CCB
:10E8400010F803801CF80EC0E045EFD814D0012763
:10E850001646BE463A4402EB0E039942EED8013604
:10E86000601C864201D330462F60BDE8F081C6456A
:10E8700007D00EF1010EBBE7BE4506D00EF1010E2A
:10E88000D8E772444FF0010EB2E772444FF0010E28
:10E89000D0E701270026E6E72DE9F04F9346ADF2D9
:10E8A0001C4D0746894605AA194658461C46FFF7DF
:10E8B0008DFF05AB82460DF2144143F8044F8B42A5
:10E8C000FBD174B1601E0BF1FF32584412F8011FE6
:10E8D00006AEA31A824203F1FF335B4446F82130AF
:10E8E000F4D1059B524658460BEB0301029300F00E
:10E8F00057FB002877D144F400638046A9EB04015C
:10E90000661E05460393A94213D307EB050E06AA1C
:10E910001EF8063052F82330D3B1B8F1000F03D0FF
:10E92000029A9A4288BFA31A1D444FF00008A942D8
:10E93000EBD2039907EB090000F0E4FA8144A9EB5C
:10E940000401A942E1D200200DF21C4DBDE8F08F78
:10E95000D045434638BF5346B3421AD20BF1FF307D
:10E960000EEB03020195184402E00133B3420FD0CD
:10E970001578013210F801CFAC45F6D09E42019DCA
:10E9800007D9CAF101024FF000082A44D518BAE7A6
:10E99000019DD04580F0878007EB0A020AF1FF3322
:10E9A0000BEB0A0001952A4402E0984511D0013B87
:10E9B00010F801CD12F8015DAC45F6D0019D013390
:10E9C00008F10108984509D8029B1D44A4EB0308EF
:10E9D00099E708F10108019D9845F5D970460DF2B7
:10E9E0001C4DBDE8F08FA4EB0A03661E0025A9EBC1
:10E9F0000401534507EB060838BF53460133029321
:10EA000044F400630193A94208D306AB18F805202B
:10EA100053F822309BB11D44A942F6D2019907EB6D
:10EA2000090000F06FFA8144A9EB0401A9428AD3DE
:10EA300006AB18F8052053F82230002BEBD15645D1
:10EA400018D90BF1FF3007EB0A03524650442B4410
:10EA500002E0013296420DD093F800C0013310F865
:10EA600001EFE645F5D0964204D9CAF101032B44E3
:10EA70009D18C8E7BAF1000F10D007EB0A000BEBA6
:10EA80000A02284401E05A4508D010F801CD12F8D6
:10EA900001EDE645F7D0029B1D44BDE778190DF264
:10EAA0001C4DBDE8F08F53468AE700BF2DE9F041C9
:10EAB0000D7890B00446002D49D04A78002A6AD0DB
:10EAC0008B78002B47D0C878002879D00B79002BA1
:10EAD00067D008460E4600F07FF90546204645F40B
:10EAE000007100F00FFA854244D8FE2D00F28680B6
:10EAF000401B4022691C2718684600F05DFA5DB192
:10EB0000721EA81812F8013F03F03F03B11A904299
:10EB10006B4429441970F5D1013C635D03F03F0358
:10EB20006B441B781C44A74203D228E04444A7420C
:10EB300025D314F805C02A46314620460CF03F0C78
:10EB4000EC449CF8008000F02BFA0028EED120461F
:10EB500010B0BDE8F081007860B142EA054240EAB9
:10EB60000343214614F8010F9A4242D00028F6D1FF
:10EB70009A423ED00024204610B0BDE8F0817B5D73
:10EB80007819002BF6D04FF4006100F0BBF9074470
:10EB9000A742C1D2EEE7294610B0BDE8F04100F02F
:10EBA00049B92278002AE5D0096809BA42EA032364
:10EBB000204614F8012FF2B19942F7D1C41EC6E7DE
:10EBC0002678002ED6D01204014642EA056242EAB7
:10EBD000032300E04EB146EA0102204614F8016F1B
:10EBE000B3EB022F4FEA0221F4D18B42C2D1841E33
:10EBF000ADE74C1EABE79942BCD1DFE701462B469F
:10EC00003246204610B0BDE8F041FFF745BE00BFD8
:10EC1000014B1868704700BF5021002080EA010CAA
:10EC20001CF0030F37D110F0030C20F0030021F08B
:10EC3000030150F8042B08BF51F8043B0ED08CF0B0
:10EC4000030C6FF07F434FEACC0C23FA0CFC51F815
:10EC5000043B42EA0C0243EA0C0300BFA2F1013C70
:10EC60009A4201BF2CEA020C1CF0803F50F8042BA2
:10EC700051F8043BF2D04FEA02604FEA1222012819
:10EC800028BFB0EB036F08BF1B0AF4D003F0FF03EB
:10EC9000000EC01A704710F0030F0AD010F8012BB5
:10ECA00011F8013B012A28BF9A42F4D0A2EB0300DD
:10ECB000704720B450F8042B01F0030521F0030144
:10ECC00051F8043B022D27D04ED800BF22F07F45DB
:10ECD000B5EB132FA2F1013C2CEA020C0DD11CF074
:10ECE000803C08BF51F8043B0AD185EA0205B5EB28
:10ECF000036F0CD150F8042BE8E74FEA13235BE0D5
:10ED00003CF07F4C54D10B784FEA126554E04FEA47
:10ED1000126503F0FF034FE04FEA0245A2F1013C08
:10ED20004FEA15452CEA020CB5EB134F18D11CF035
:10ED3000803C08BF51F8043B07D185EA0205B5EBDA
:10ED4000034F09D150F8042BE6E75FEA0C4C2FD1B2
:10ED50000B884FEA12452FE04FEA03434FEA124572
:10ED60004FEA134328E000BF02F0FF05B5EB136F35
:10ED7000A2F1013C2CEA020C0DD11CF0803C08BF32
:10ED800051F8043B0AD185EA0205B5EB032F0AD1FD
:10ED900050F8042BE8E74FEA13630DE012F0FF0F81
:10EDA00006D051F8043B4FEA122523F07F4303E0DD
:10EDB0004FF0000020BC704705F0FF0203F0FF0099
:10EDC000012828BF904204BF2D0A1B0AF4D0A2EBF1
:10EDD000000020BC704700BF20F0030110F00300CA
:10EDE000C0F1000051F8043B00F1040C4FEACC0CD8
:10EDF0006FF000021CBF22FA0CF213434FF0010C1B
:10EE00004CEA0C2C4CEA0C4CA3EB0C0222EA030259
:10EE100012EACC1204BF51F8043B0430F4D0C2F122
:10EE2000000102EA0102B2FA82F2C2F11F0200EB13
:10EE3000D200704711F0FF01034600F003023AD000
:10EE400092BB01EB0123026803EB034310B583EA95
:10EE5000020C1C46A2F1013323EA0203ACF1013299
:10EE600022EA0C02134313F0803F0FD150F804CF75
:10EE70008CEA040EACF10133AEF1013223EA0C034B
:10EE800022EA0E02134313F0803FEFD0037823B938
:10EE900036E010F8013F002B32D09942F9D110BD75
:10EEA0008A4228D09A0729D01A7818460133002AB6
:10EEB000F6D110467047CAB90268A2F1013323EABD
:10EEC000020313F0803F08D150F8042FA2F1013360
:10EED00023EA020313F0803FF6D003785BB110F809
:10EEE000013F002BFBD17047990705D01A781846CF
:10EEF0000133002AF8D170471846DDE71846A0E72D
:10EF0000184610BD59B1034600EB010C02E0013375
:10EF10009C4504D01A78002AF9D1181A704708467F
:10EF2000704700BF000000005FF800F0550A0020A5
:10EF30005FF800F0BD1000205FF800F035100020F1
:10EF40005FF800F0F90A00205FF800F011010020DE
:10EF50005FF800F0B91600205FF800F0B10A002059
:10EF60005FF800F03D0E00205FF800F0C10F0020B8
:10EF70005FF800F0F10100205FF800F0F5190020C3
:10EF80005FF800F01D1A00205FF800F0091A002059
:10EF90005FF800F0E11900205FF800F0A5140020F0
:10EFA0005FF800F0B91D00205FF800F01116002096
:10EFB0005FF800F0211800205FF800F0391E0020F3
:10EFC0005FF800F0451A00205FF800F0A902002069
:10EFD0005FF800F0ED1300205FF800F0AD0D0020A9
:10EFE0005FF800F0A91400205FF800F0C11E0020B7
:10EFF0005FF800F0290200205FF800F07D0A002091
:10F000005FF800F0311A00205FF800F009160020C8
:10F010005FF800F0310F00205FF800F0610200207F
:10F020005FF800F0B10E0020E12B0010592B00100A
:10F03000892B0010712C0010C12B0010E12A001048
:10F04000092C0010CD2A0010391E00100D2C0010C4
:10F0500005220010292B0010F52B0010A52B001005
:0CF06000091A0010311A0010A9660010F7
:10F070002020252D3134732028307825303258292E
:10F0800020493243204552524F522025640A000045
:10F090002020252D3134732028307825303258290E
:10F0A000203D203078253032580A0000743D253448
:10F0B00075206D73202062757273745B25645D200A
:10F0C0000000000025303258200000002020627926
:10F0D0007465776973655B25645D20002020284393
:10F0E00048495020414343204D4147204759522031
:10F0F00053576C2053576820424C3B2077616E7405
:10F10000204130204642203332203046202E2E200F
:10F110002E2E2031352900002020203C2D2D204985
:10F120004D552050524553454E5400002020202874
:10F130006E6F20494D55290064726976656E204CCA
:10F140004F573A20736F6D657468696E67206973F5
:10F15000206F6E20746869732070696E0000000073
:10F1600064726976656E20484947483A20736F6D2E
:10F17000657468696E67206973206F6E20746869B2
:10F18000732070696E000000666F6C6C6F7773207F
:10F190007468652070756C6C202D20494E434F4E6D
:10F1A000434C55534956452E204E6F20696E746569
:10F1B000727275707420697320656E61626C65642B
:10F1C0002028494E545F454E207265736574732044
:10F1D000746F2030783030292C20736F20612057D5
:10F1E0004F524B494E4720706172742072656164C2
:10F1F0007320746869732077617920746F6F2E2093
:10F2000053617973206E6F7468696E672061626FF5
:10F21000757420776865746865722061207061720A
:10F2200074206973206669747465642E00000000A0
:10F2300070753D302070643D312C207768696368BB
:10F24000206973206E6F742061207374617465206F
:10F25000612070696E2063616E20626520696E00B6
:10F2600068696768206F72206F70656E000000002B
:10F2700070756C6C6564206C6F7700000A3D3D3DD5
:10F2800020424E4F3035352070726F626520286203
:10F29000656E636820746F6F6C29203D3D3D0000F2
:10F2A0002D2D207761746368696E67206932633041
:10F2B00020666F7220257520732028726573656142
:10F2C000742F7265706F776572206E6F7729202DAD
:10F2D0002D0A00002030782530325800307832383E
:10F2E000000000003078323900000000743D253302
:10F2F0007520733A257325730A00000025730000FA
:10F300000A2D2D2069732061207061727420666956
:10F310007474656420617420616C6C3F202D2D0035
:10F32000424E4F5F494E54202847502575293A20B8
:10F3300070753D25642070643D2564202D3E202598
:10F34000730A00006932633020726561642D707247
:10F350006F6265203A00000069326330207772697D
:10F3600074652D70726F62653A0000003078253048
:10F3700032583A2025752F353020726561642D4151
:10F38000434B2C2025752F35302077726974652DFD
:10F3900041434B0A00000000424E4F303535206992
:10F3A00064656E74696669656420617420307825CF
:10F3B0003032582028434F4D3320257329202049CF
:10F3C00044732025303258202530325820253032E1
:10F3D0005820253032580A006E6F20434849505F4C
:10F3E0004944203078413020617420656974686533
:10F3F000722030783239206F722030783238202DE8
:10F40000207573696E672030782530325820666F1A
:10F4100072207468652064756D70732062656C6F0E
:10F42000772C2077686963682077696C6C204E417F
:10F43000434B0A000A2D2D2073746174652061739B
:10F440002068775F696E69742829206C656674206E
:10F450006974202D2D000000434849505F49440045
:10F46000504147455F4944004F50525F4D4F44451E
:10F47000000000005057525F4D4F4445000000000F
:10F480005359535F53544154555300005359535FDC
:10F49000455252005359535F434C4B5F5354000045
:10F4A00053545F524553554C540000000A2D2D20F3
:10F4B0005253545F5359532C207468656E207468FE
:10F4C0006520494420626C6F636B206163726F73C7
:10F4D000732074686520626F6F74202D2D0000000A
:10F4E0000A2D2D206166746572207468652066752A
:10F4F0006C6C20626F6F74202D2D00000A2D2D2062
:10F500004249535420285359535F54524947474561
:10F5100052206269743029202D2D00000A2D2D20E3
:10F52000747279204143434759524F202830783034
:10F53000352920616E6420726561642074686520DD
:10F540006461746120726567697374657273202DDC
:10F550002D000000202061636320253664202536BD
:10F560006420253664206D6720202067797220256D
:10F5700036642025366420253664207261770A00BF
:10F580000A2D2D20434C4B5F53454C202865787441
:10F5900065726E616C206372797374616C2920707E
:10F5A000726F6265202D2D0020202863686970200D
:10F5B0007374696C6C20616E7377657273290000D7
:10F5C0000A3D3D3D2070726F626520646F6E65205C
:10F5D0003D3D3D006D6561737572656D656E745F6F
:10F5E000616C676F726974686D0000000A2A2A2ACC
:10F5F0002050414E4943202A2A2A0A004E6F207388
:10F6000070696E6C6F636B732061726520617661E7
:10F61000696C61626C6500004E6F207573657220C5
:10F62000495251732061726520617661696C616233
:10F630006C650000486172647761726520616C617D
:10F64000726D20256420616C726561647920636C41
:10F6500061696D65640000004861726420617373C4
:10F660006572740052656C6561736500626F6F74DA
:10F67000325F77323571303830000000322E332E51
:10F6800030000000636C6F7564735F636172726950
:10F6900065720000626E6F3035355F70726F626543
:10F6A00000000000536570203238203230323600BE
:10F6B000666E692B00000000666E69006E616E0068
:10F6C000666E692D00000000555342207374646912
:10F6D0006E202F207374646F757400005261737014
:10F6E0006265727279205069000000005069636F92
:10F6F00000000000426F6172642043444300000038
:10F700005265736574000000556E68616E646C65C7
:10F71000642049525120307825780A0065702025F0
:10F720003032582077617320616C72656164792092
:10F73000617661696C61626C6500000043616E27EF
:10F740007420636F6E74696E7565207866657220CB
:10F750006F6E20696E61637469766520657020251F
:10F76000303258004E6F2050494F207374617465D9
:10F77000206D616368696E657320617265206176D2
:10F7800061696C61626C650000000000640000004B
:10F790002C0100008A02000020030000B0040000D9
:10F7A000D0070000B80B000029280000B4F70010B3
:10F7B0000FFF0100A020203F42ADC3A0014026A0C2
:10F7C0004000CC004AA08A004AA00D008D00C2A0D3
:10F7D000008000001A00000011000000120000006C
:10F7E0004000444506005250D3F0754264F60010C4
:10F7F00006005250E182887F6CF6001006005250DD
:10F80000ABB360537CF6001006005250BBFF3CB611
:10F8100084F6001006005250861C030294F6001075
:10F82000060052505422A29DA4F60010050052502A
:10F83000DE65F468CC250110000000000000F03FF8
:10F8400000000000000024400000000000005940BB
:10F850000000000000408F40000000000088C3400E
:10F8600000000000006AF8400000000080842E4183
:10F8700000000000D01263410000000084D79741CF
:10F880000000000065CDCD410D0A00000600525079
:10F8900053B4F4A1C8F6001000000000DCF600101C
:10F8A000ECF60010606E0020F4F6001000F7001077
:10F8B00009025400030100807D080B0002020200CF
:10F8C00000090400000102020004052400200105D3
:10F8D0002401000104240206052406000107058115
:10F8E0000308001009040100020A000000070502D5
:10F8F00002400000070582024000000904020000E7
:10F90000FF00010512011002EF0201408A2E0900DA
:10F9100000010102030100000A00000000000306CC
:10F92000A6000800020002009C00140003005749D2
:10F930004E5553420000000000000000000080000F
:10F94000040001002800440065007600690063009F
:10F95000650049006E007400650072006600610079
:10F9600063006500470055004900440000004E0058
:10F970007B00620063003700330039003800630009
:10F9800031002D0037003300630064002D00340087
:10F990006300620037002D00390038006200380033
:10F9A0002D0039003100330061003800660063002B
:10F9B000610037006200660036007D000000000034
:10F9C000050F2100011C100500DF60DDD88945C747
:10F9D0004C9CD2659D9E648A9F00000306A6000190
:10F9E000000000000000000065680010000000003A
:10F9F0006968001075680010A16800109D6800100B
:10FA000000000000000000007D7B0010F17B001072
:10FA1000217C0010717C0010417D0010117E0010CF
:10FA200000000000766F6C756D65747269635F6DC0
:10FA30006173735F64656E7369747900646F5F6F7F
:10FA400062737472756374696F6E5F646574656305
:10FA500074696F6E00646F5F766962726174696F5A
:10FA60006E5F66696C746572696E6700696E746555
:10FA700067726174696F6E5F74696D650064697344
:10FA8000747269627574696F6E5F696400706D325B
:10FA9000355F7363616C696E675F666163746F7213
:10FAA00000647574795F6379636C696E675F706514
:10FAB00072696F64006D6561737572656D656E74F2
:10FAC0005F616C676F726974686D00342E302E3020
:10FAD00000312E302E313600312E302E31350031AE
:10FAE0002E302E00312E302E3100312E302E3200AD
:10FAF000312E302E3300312E302E3400312E302E68
:10FB00003500312E302E3900312E302E3133002584
:10FB10007325303258253032582530325800332E74
:10FB2000302E300038323833383333616535610078
:10FB3000B81EA741295CA1419A999B410AD79541DA
:10FB40007B149041EC518A41D7A384418FC27D41FF
:10FB5000000000000000000071007200A100A2007F
:10FB6000A300A500A600A700A800AA00AB00AC0057
:10FB7000780000000000003F000096C200401C46D4
:10FB8000000048C30000A0410000F0C30000204175
:10FB9000008089C40000803F000000000000803F1A
:10FBA000000000000000A04100007AC400401C4694
:10FBB0000000000001010101010101010101010139
:10FBC0000101010101010101010101010101010125
:10FBD0000101010101010101010101010100000018
:10FBE0000000000000000000000000000000000015
:10FBF0000001000001010100000000000000000100
:10FC000001010101010101010101010101010101E4
:10FC100001010101000000000100000000000000DF
:10FC200000000000000000000000000000000101D2
:10FC300001010101010000000001010101010101B8
:10FC400001010101000000000101010101010101A8
:10FC50000101010101010100000000000101010199
:10FC60000101010101010000000000010101010189
:10FC70000101010101000000000001010101010179
:10FC80000101010101010101010101010101010164
:10FC90000101010100000001010000010101010159
:10FCA0000101010101010101010101010101010144
:10FCB0000101010101010101010101010101010134
:10FCC0000101010101010101010101010101010124
:10FCD0000101010101010101010101010101010114
:10FCE0000101010101010101010101010101010104
:10FCF00001010101000001010101000000000000FC
:10FD000001000000000000000000000000000000F2
:10FD100000000000000000000000000101010100DF
:10FD200001010101000001000100000001000000CC
:10FD300000000000000000000000000000000000C3
:10FD400000000000000001010101010101010101A9
:10FD50000101010100000001000101000101010099
:10FD60000101000000000001000000000000000090
:10FD70000000000000000000000000000000000083
:10FD80000101000000000000000000000000000071
:10FD90000000000000000000000000000100010061
:10FDA000000100000000000000000000010101014E
:10FDB000010000000000000000000000010101003F
:10FDC000000100010000000000000000010100002F
:10FDD0000000000000000000000000000100000022
:10FDE0000000000000000000000000000100000012
:10FDF0000000000000000000000000000000000102
:10FE000001010000000000000000000000000000F0
:10FE100000000000000000000000000000000000E2
:10FE200000000000000000000000000000000000D2
:10FE300000000000000000000000000000000000C2
:10FE400000000000000000000000000000000000B2
:10FE5000000000000000000000000000000101019F
:10FE6000010100000000000001000000000000008F
:10FE70000000000000000000000000000000000082
:10FE8000000000010101010000000000000001006D
:10FE9000010000010100000000000000000000005F
:10FEA0000000000000000000000000000001000051
:10FEB0000000000000000000000000000001000140
:10FEC0000001010179000000400070000000000006
:10FED0000000000000000000000000000000000022
:10FEE0000000000000000000000000000000000012
:10FEF0000000000000000000000000000000000002
:10FF000000000000060000000000002000000000CB
:10FF1000E400000000004000008094545F060000F0
:10FF200000000000000000000000000000000000D1
:10FF300000000000000000000000000000000000C1
:10FF4000000000007900FFFF000800000000000032
:10FF500000000000000000000000000000000000A1
:10FF60000000000000000000000000000000000091
:10FF70000000000000000000000000000000000081
:10FF8000000000000007000000007F02807F0000EA
:10FF900004810000000000000000000000000000DC
:10FFA0000000000000000000000000000000000051
:10FFB0000000000000000000000000000000000041
:10FFC0000000000000000000000000000000000031
:10FFD0000000000000000000000000000000000021
:10FFE0000000000000000000000000000000000011
:10FFF0000000000000000000000000000000000001
:020000041001E9
:10000000000000003F003F00000000000000000072
:1000100000000000000000000000000000000000E0
:1000200000000000000000000000000000000000D0
:1000300000000000000000000000000000000000C0
:1000400000000000000000000000000000000000B0
:1000500000000000000000000000000000000000A0
:100060000000000000000000000000000000000090
:100070000000000000000000000000000000000080
:100080000000000000000000000000000000000070
:100090000000000000000000000000000000000060
:1000A0000000000000000000000000000000000050
:1000B0000000000000000000000000000000000040
:1000C0000000000000000000000000000000000030
:1000D00000040000000000000700FF7F0000223342
:1000E000445500000100AF05001F001F001F001F46
:1000F000001F001F001F001F4420442044204420F4
:100100004420442044204420091400000100AF058D
:100110000F000000000000000000000000000000D0
:1001200000000000010000000000020000000308C1
:100130000F40000000000000000000000000000070
:1001400000000000000000000000000000000000AF
:10015000000000000000000000000000000000009F
:10016000000000000000000000000000000000008F
:10017000000000000000000000000000000000007F
:10018000000000000000000000000000000000006F
:100190000000000000070E091C1B1215383F363105
:1001A00024232A2D70777E796C6B6265484F464117
:1001B00054535A5DE0E7EEE9FCFBF2F5D8DFD6D107
:1001C000C4C3CACD90979E998C8B8285A8AFA6A1F7
:1001D000B4B3BABDC7C0C9CEDBDCD5D2FFF8F1F6E7
:1001E000E3E4EDEAB7B0B9BEABACA5A28F888186D7
:1001F00093949D9A2720292E3B3C35321F181116C7
:1002000003040D0A5750595E4B4C45426F686166B6
:1002100073747D7A898E878095929B9CB1B6BFB8A6
:10022000ADAAA3A4F9FEF7F0E5E2EBECC1C6CFC896
:10023000DDDAD3D4696E676075727B7C51565F5886
:100240004D4A4344191E171005020B0C21262F2876
:100250003D3A33344E49404752555C5B7671787F66
:100260006A6D64633E39303722252C2B0601080F56
:100270001A1D1413AEA9A0A7B2B5BCBB9691989F46
:100280008A8D8483DED9D0D7C2C5CCCBE6E1E8EF36
:10029000FAFDF4F317B7D1390000C0400000F04177
:1002A000000070418AD7B5380000A0400000F0413E
:1002B000000070419C5008390000B8400000F04137
:1002C0000000704117B7D1399A9949410000F041B7
:1002D000000070410100000000000000000000006C
:1002E000000000000000000000000000000000000E
:1002F00000000000000101000000000000000000FC
:1003000000000000000000000000000000000000ED
:1003100000000000000000000000010100000000DB
:1003200000000000000000000000000000000000CD
:1003300000000000000000000000000101010000BA
:08034000DCE8FF7F0100000072
:10034800E4F70010F0F70010FCF7001008F80010B0
:1003580014F8001020F800102CF800108CF8001089
:10036800034600B50268EFF3108C72B6D2E8CFEFFF
:100378000120BEF1000FF9D1C2E84E0FBEF1000F07
:10038800F4D1BFF35F8F93F90420002A09DB01B190
:100398000A60002000221B68C3E88F2F8CF31088A6
:1003A80000BD4FF05042126801201A71F2E700BFF9
:1003B8004FF050412DE9F8431F460B680446164696
:1003C80000259946DFF874802368EFF3108272B62F
:1003D800D3E8CF0F01210028FAD1C3E8401F002835
:1003E800F6D1BFF35F8F94F904302168002B1BDB33
:1003F80098F80030DBB2C1E88F5F82F3108898F874
:1004080000209A4208D03046394601F001FF002802
:10041800DAD00020BDE8F88320BF3046394601F025
:10042800F7FE0028D0D0F4E7002384F80490C1E850
:100438008F3F82F310880120BDE8F883776E002093
:1004480070B582B001A9064614461D46FFF788FF1D
:1004580038B94FF050439DF9042093F900309A427F
:1004680001D102B070BD22462B46304602B0BDE82D
:100478007040FFF79DBF00BF70B505460C4601F000
:10048800C3FE02460B464FF47A704FF0FF3E6FF002
:10049800004CE4FB002396457CEB030138BF724611
:1004A8002846BDE8704038BF6346FFF781BF00BFEC
:1004B8000368EFF3108172B6D3E8CFCF0122BCF105
:1004C800000FF9D1C3E84C2FBCF1000FF4D1BFF3F2
:1004D8005F8F4FF0FF0C074A80F804C01378013390
:1004E800137000230268C2E88F3F81F3108840BF71
:1004F800704700BF776E0020002108B5134B4FF4FA
:10050800707299601248D960196159619961D9610D
:10051800196259629962D962196359639963D963F7
:10052800196459649964D964196559659965D965D7
:10053800196659669966D966196759679967D967B7
:1005480001F0A2FD034B044A1A6008BD00001050D8
:10055800AC4E0020485B0020800110502DE9F04788
:100568001E4B84B0D3F858A0BAF1000F21D0002454
:1005780001254FF4E069DFF86C80194F05E001347C
:10058800E4B2202C4FEA450513D01AEA050FF6D03D
:10059800E34304F0FE0603F001031E4407EB46168E
:1005A8003046C8F8585000F001FC28B93AEA050A64
:1005B800E5D104B0BDE8F087B378F28A8DF8083049
:1005C800002301A80121ADF8049003928DF80930A9
:1005D80000F00AFC304600F08DFBE7E70000115000
:1005E8006C4E00200030115070B5B24B86B0D3F875
:1005F800984014F4003574D0AF4AB04B906A93F821
:100608003B20AF49022A086000F0E680002593F8F5
:100618007B20022A00F0B28193F8BB20022A00F066
:10062800A28193F8FB20022A00F0928193F83B21E3
:10063800022A00F0818193F87B21022A00F071815F
:1006480093F8BB21022A00F0618193F8FB21022A6A
:1006580000F0508193F83B22022A00F03F8193F882
:100668007B22022A00F01A8193F8BB22022A00F0AA
:10067800098193F8FB22022A00F0F88093F83B23C3
:10068800022A00F0E78093F87B23022A00F0B78063
:1006980093F8BB23022A00F07C8193F8FB23022AFB
:1006A80000F0C7803DB9874B1B7823B94FF400325F
:1006B800854BC3F890204FF440727E4B01219B6C10
:1006C80003A8C3F30A030493ADF80C2000F08CFBD5
:1006D800E3064FF400357D4E07D5FFF73FFF35465B
:1006E80003E0E3064FF01006F7D4E0031DD5734886
:1006F8000226837E45F4803533BB4FF00103012E7B
:10070800C37000F120001BD14FF4C062704BADF8EC
:100718000C2093E80300CDE90401314603A800F05A
:1007280063FB4FF40032684B1A65E1043ED462045F
:100738002ED423041DD4A54240F0BB8106B070BD61
:10074800837E0126002BD8D0624B5A4A1E66536E10
:1007580036EA0303FBD14FF440520021019000F028
:10076800CFFA019800F0C6FA574B01985E661E66EC
:10077800C3E74FF4A063012103A8ADF80C3000F0E3
:1007880033FB4FF40062504B45F400451A65D2E73D
:100798004FF48063012103A8ADF80C3000F024FB6E
:1007A8001022494B45F480451A65C2E70026414BA3
:1007B80045F480551E60FFF79FFE4FF480730121BA
:1007C80003A8ADF80C308DF8106000F00DFB4FF465
:1007D80000223D4B1A65AAE793F83A50002D3FF4E2
:1007E80016AF93F83C20002A3FF411AF002203F122
:1007F800200083F83C2000F0A7FA304B07E793F875
:100808007A63002E3FF444AF93F87C23002A40F02B
:10081800408193F8BB23022A40F0C48093F8BA239E
:10082800002A40F0BB8093F8FB23022A7FF443AFF1
:10083800354693F8FA23002A3FF434AF93F8FC23A3
:10084800002A3FF438AF0022234883F8FC2300F045
:100858007BFA30E793F83A63002E3FF414AF93F82D
:100868003C23002A40F0A98035460CE793F8FA6249
:10087800002E3FF403AF93F8FC22002A40F0AF802B
:100888003546FBE693F8BA62002E3FF4F2AE93F8D1
:10089800BC22002A40F09A803546EAE693F87A624C
:1008A800002E3FF4E1AE93F87C22002A40F0CD8080
:1008B8003546D9E60000115000000B406C4E002070
:1008C800584E0020726E00200030115010000200B7
:1008D80000001050002011504C52002093F83A624A
:1008E800002E3FF4BCAE93F83C22002A40F0A480CE
:1008F8003546B4E693F8FA61002E3FF4ABAE93F8B0
:10090800FC21002A40F08F803546A3E693F8BA61AF
:10091800002E3FF49AAE93F8BC21002A7AD13546CE
:1009280093E693F87A61002E3FF48AAE93F87C211F
:10093800002A66D1354683E693F83A61002E3FF4E3
:100948007AAE93F83C21002A40F09180354672E651
:1009580093F8FA60002E3FF469AE93F8FC20002A61
:100968007CD1354662E693F8BA60002E3FF459AE62
:1009780093F8BC20002A3BD1354652E693F87A60BA
:10098800002E3FF449AE93F87C20002A78D13546F2
:1009980042E693F8BA23002A3FF47FAE93F8BC23CB
:1009A800002A7ED193F8FB23022A7FF484AE93F8C1
:1009B800FA23002A3FF47FAE40E700223F4883F83D
:1009C8003C23354600F0C0F93D4B5CE600223D482B
:1009D80083F8BC22354600F0B7F9394B49E60022C6
:1009E800394883F8FC22354600F0AEF9344B45E629
:1009F8000022364883F8BC20354600F0A5F9304B74
:100A08000FE60022324883F87C21354600F09CF935
:100A18002B4B15E600222F4883F8BC21354600F001
:100A280093F9274B11E600222B4883F8FC21354621
:100A380000F08AF9224B0DE60022284883F83C2270
:100A4800354600F081F91E4B09E60022244883F858
:100A58007C22354600F078F9194B05E6002221483A
:100A680083F8FC20354600F06FF9154BDEE50022CF
:100A78001D4883F83C21354600F066F9104BDAE54D
:100A880000221A4883F87C20354600F05DF90C4BAB
:100A9800C2E50022164883F87C2300F055F9084B7C
:100AA800B7E60022134883F8BC2300F04DF9044B45
:100AB80078E7114885EA040101F0BAFB8C5100205F
:100AC8006C4E00200C5100204C5100200C4F00208F
:100AD800CC4F00200C5000204C5000208C5000209F
:100AE800CC5000204C4F00208C4F0020CC4E0020D2
:100AF800CC5100200C52002008F700102DE9F043DB
:100B0800828AB0F818E003469645C07828BF964612
:100B1800041E18BF012480F001000D46A2EB0E024E
:100B28005978D87092B24EF480609A8240EA443084
:100B3800A1BB1969BEF1000F2CD00EF1FF34DA68A1
:100B4800052CA14602EB85182FD9A8EB0104013C1E
:100B5800022CC4460A4628D94FEA9E0701EB8706AD
:100B680052F8044B96424CF8044BF9D1BEEB870F70
:100B78000ED011F82720B9EB870108F8272008EBD9
:100B8800870205D074780129547001D0B17891702A
:100B980019699A8A7144196140F400400AB940F40D
:100BA800804005B10004BDE8F08308F1FF3201EB95
:100BB8000E0611F8014BB14202F8014FF9D1E7E7EF
:100BC80083682DE9F0410546186801B1000C6A7880
:100BD800C0F309004AB9EB8A0344EB822B8B8342AA
:100BE80084BF0023AB82BDE8F081D5F810C088B37C
:100BF800421EEB68052A164603EB811E31D989018E
:100C08004C1C1C44ACEB0404022C624629D900F4A9
:100C18007F7173460F464FEA90085C1853F8041B1F
:100C2800A34242F8041BF9D1B84211D01EF828306B
:100C3800BE440CF82830F31BBC4409D09EF80120B0
:100C4800012B8CF8012003D09EF802308CF802307A
:100C5800D5F810C0EA8A0CEB00030244EA822B6143
:100C6800BCE70CF1FF3C0EEB00021EF8013B72459D
:100C78000CF8013FF9D1EBE710B504468368002171
:100C88001B68FFF79DFF63681B685B0002D5238B19
:100C9800834200D010BD2046BDE810400121FFF777
:100CA8008FBF00BF084B1B6C13F0020302D1827880
:100CB800D20901D100207047C07EA0F10200B0FA2D
:100CC80080F04009704700BF0000115008B5FFF7D9
:100CD800E9FF50B1054A064B906A1B68A0F54870B9
:100CE800C01AC6288CBF0020012008BD00000B4098
:100CF800584E00200023C0E904338376704700BFB4
:100D080008B5836819B1D3F800C001EA0C018AB1AB
:100D1800114352050ED51A6852050DD4084A21F41C
:100D2800806CC3F800C0126C920703D40C23033BF9
:100D3800FDD28368196008BD8178024801F078FA0D
:100D4800000011501CF7001030B54368002183B033
:100D580005461C68FFF7D2FE134B40F48052196C0D
:100D6800AB7889070ED55B060ED024F0A04444F07A
:100D78000054002128466B681C6003B0BDE8304071
:100D8800FFF7BEBFDB09F0D0AB8A002BEDD0012105
:100D980028460192FFF7B2FE019A24F0005402435C
:100DA80044F0A044E5E700BF0000115038B5857E47
:100DB800044695B1FFF760FFA38A0BB9284638BDF2
:100DC8002046FFF783FF20B101232377002528461B
:100DD80038BD2046FFF7B8FFF8E78178014801F0F1
:100DE80027FA00BF3CF7001070B543780446023B71
:100DF8000E4686B0042B13D8DFE803F0034967706A
:100E080044000021774B1A7822F001021A701A78F0
:100E180022F002021A7059701A7861F382021A706D
:100E2800714B1B685A69EFF3108072B6D2E8CFCFC6
:100E38000121BCF1000FF9D1C2E84C1FBCF1000F31
:100E4800F4D1BFF35F8F214698611846019301F0F2
:100E5800E3F9019B00225969C1E88F2F9B6983F34D
:100E6800108840B94FF0E023D3F8F03DDB0707D5F1
:100E780000BE06B070BD32466178207801F0C0F936
:100E880006B070BD594A137801331370C8E70022C1
:100E9800574B1878134611E05649096811EB43136C
:100EA80008D0DB6933B12078616801929847504BCC
:100EB800019A18780132D3B2834218D89842EBD8F5
:100EC8004D491B1A01EB4313EBE7464B1A78D2073F
:100ED800D6D51A7842F004021A70A1E7414B1A7865
:100EE800D507CDD51A7822F004021A7098E73D4B41
:100EF8001A78500733D4DB78DA07C1D503223A4B86
:100F0800207861681B688DF80C008DF80D205A69EF
:100F18000491EFF3108172B6D2E8CF4F0120002C74
:100F2800FAD1C2E8440F002CF6D1BFF35F8F996164
:100F3800184603A9019301F06FF9019B0022596932
:100F4800C1E88F2F9B6983F3108800288AD0324626
:100F58009DF80D109DF80C0001F052F990E700255E
:100F680005201978CDE9045521F00401039519707D
:100F78008DF80D001C4A217812688DF80C10516903
:100F8800EFF3108072B6D1E8CFEF5FF0010CBEF13D
:100F9800000FF8D1C1E84ECFBEF1000FF3D1BFF377
:100FA8005F8F906103A91046019201F035F9019A0B
:100FB8005169C1E88F5F926982F31088094B38B98B
:100FC8004FF0E022D2F8F02DD10794D500BE92E779
:100FD80032469DF80D109DF80C0001F011F9014BF7
:100FE80089E700BFC04C0020184D0020736E002018
:100FF800716E0020B84B002004FA001084466AB3D2
:10100800013900B502EB010EDCF80C309B07FBD56B
:1010180011F8013F7145CCF80830F5D1DCF80C30F7
:10102800580705D5DCF80830DCF80C305807F9D437
:10103800DCF80C30D90606D5DCF80C30D906F7D424
:1010480001E0DCF80830DCF80C305B07F9D4012348
:101058001046CCF8203000BDDCF80830DCF80C3045
:101068005807F9D4DCF80C30D90606D5DCF80C3072
:10107800D906F7D401E0DCF80830DCF80C305B075F
:10108800F9D401231046CCF82030704730B50D460E
:1010980019469E46E1B1A3B1D0F80CC003F108048B
:1010A8001CF0020F03D0A14226D28560013BC46820
:1010B8006407F0D58468013902F8014B0029EAD1A8
:1010C80006E0C4686407F5D4C4686407F2D4F8E796
:1010D8004BB1C2689107FCD513F1080F05D0013B4D
:1010E8008560002BF5D1704630BDC2689207F0D5F7
:1010F800C2689207F9D4ECE7C4686407DAD4CBE78E
:1011080030B50C4619469E46F1B1B3B1D0F80CC0C3
:1011180003F108051CF0020F05D0A9422CD234F8BF
:10112800025B013B8560C5686D07EED585680139AE
:1011380022F8025B0029E8D106E0C5686D07F5D4FE
:10114800C5686D07F2D4F8E76BB1C2689107FCD5A2
:1011580013F1080F09D0214631F8022B013B0C4648
:101168008260002BF1D1704630BDC2689207ECD581
:10117800C2689207F9D4E8E7C5686D07D6D4C5E711
:1011880084466AB3023900B501EB420EDCF80C3034
:101198009B07FBD531F8023F8E45CCF80830F5D1D6
:1011A800DCF80C30580705D5DCF80830DCF80C30D2
:1011B8005807F9D4DCF80C30D90606D5DCF80C3021
:1011C800D906F7D401E0DCF80830DCF80C305B070E
:1011D800F9D401231046CCF8203000BDDCF80830E3
:1011E800DCF80C305807F9D4DCF80C30D90606D5F1
:1011F800DCF80C30D906F7D401E0DCF80830DCF86C
:101208000C305B07F9D401231046CCF82030704726
:1012180030B50D4619469E46E1B1A3B1D0F80CC0D1
:1012280003F108041CF0020F03D0A14226D2856006
:10123800013BC4686407F0D58468013922F8024B81
:101248000029EAD106E0C4686407F5D4C4686407D5
:10125800F2D4F8E74BB1C2689107FCD513F1080F37
:1012680005D0013B8560002BF5D1704630BDC268C2
:101278009207F0D5C2689207F9D4ECE7C46864070E
:10128800DAD4CBE70A1E38B5C2F30A55A8BF4FF027
:10129800010EC2F31302B8BF4FF0FF3EA5F2FF3CA8
:1012A80042F48012BCF1130F0CDCBCF1000F21DBFF
:1012B8004FF40023CCF1140143FA0CF3134423FA3E
:1012C80001F213E0BCF11E0F1BD8A5F213454FF035
:1012D8000041E9404318CCF1340128BF0132CB402A
:1012E800AA401343BCF1140F18BF1A4602FB0EFEA6
:1012F800704638BDBCF1FF3F18BF4FF0000E704676
:1013080038BD00F091FF8646704638BD00B52DED1A
:10131800028B08EE100A83B000F024F8B4EE488A75
:10132800F1EE10FA06D6DFED0E7AB4EEE78AF1EEAA
:1013380010FA03D403B0BDEC028B00BDCDED017AE9
:1013480000F06EFFDDED017A03462122C7EEA77A91
:101358001A6017EE900A03B0BDEC028B00BD00BF07
:101368000000000007EE900AF1EEE77A17EE900A07
:10137800704700BF81F0004102E000BF83F00043E6
:1013880030B54FEA41044FEA430594EA050F08BF18
:1013980090EA020F1FBF54EA000C55EA020C7FEADC
:1013A800645C7FEA655C00F0E2804FEA5454D4EB59
:1013B8005555B8BF6D420CDD2C4480EA020281EA23
:1013C800030382EA000083EA010180EA020281EA5B
:1013D8000303362D88BF30BD11F0004F4FEA0131AD
:1013E8004FF4801C4CEA113102D0404261EB4101BC
:1013F80013F0004F4FEA03334CEA133302D0524242
:1014080063EB430394EA050F00F0A780A4F10104FD
:10141800D5F1200E0DDB02FA0EFC22FA05F2801837
:1014280041F1000103FA0EF2801843FA05F359411D
:101438000EE0A5F120050EF1200E012A03FA0EFC9C
:1014480028BF4CF0020C43FA05F3C01851EBE371C6
:1014580001F0004507D54FF0000EDCF1000C7EEBE3
:1014680000006EEB0101B1F5801F1BD3B1F5001F21
:101478000CD349085FEA30004FEA3C0C04F1010440
:101488004FEA445212F5800F80F09A80BCF1004F69
:1014980008BF5FEA500C50F1000041EB045141EAEB
:1014A800050130BD5FEA4C0C404141EB0101013CB4
:1014B80028BFB1F5801FE9D291F0000F04BF0146A3
:1014C8000020B1FA81F308BF2033A3F10B03B3F175
:1014D80020020CDA0C3208DD02F1140CC2F10C0205
:1014E80001FA0CF021FA02F10CE002F11402D8BF63
:1014F800C2F1200C01FA02F120FA0CFCDCBF41EA2F
:101508000C019040E41AA2BF01EB0451294330BDFD
:101518006FEA04041F3C1CDA0C340EDC04F11404DA
:10152800C4F1200220FA04F001FA02F340EA0300B1
:1015380021FA04F345EA030130BDC4F10C04C4F1F7
:10154800200220FA02F001FA04F340EA03002946D7
:1015580030BD21FA04F0294630BD94F0000F83F421
:10156800801306BF81F480110134013D4EE77FEA04
:10157800645C18BF7FEA655C29D094EA050F08BF50
:1015880090EA020F05D054EA000C04BF1946104631
:1015980030BD91EA030F1EBF0021002030BD5FEA75
:1015A800545C05D14000494128BF41F0004130BD9D
:1015B80014F580043CBF01F5801130BD01F00045F1
:1015C80045F0FE4141F470014FF0000030BD7FEA64
:1015D800645C1ABF194610467FEA655C1CBF0B465F
:1015E800024650EA013406BF52EA033591EA030F76
:1015F80041F4002130BD00BF90F0000F04BF00216E
:10160800704730B54FF4806404F132044FF00005A0
:101618004FF0000150E700BF90F0000F04BF002119
:10162800704730B54FF4806404F1320410F000457F
:1016380048BF40424FF000013EE700BF42004FEA7A
:10164800E2014FEA31014FEA02701FBF12F07F43F7
:1016580093F07F4F81F06051704732F07F4208BFAE
:10166800704793F07F4F04BF41F40021704730B5B5
:101678004FF4607401F0004521F000411CE700BF01
:1016880050EA010208BF704730B54FF000050AE084
:1016980050EA010208BF704730B511F0004502D585
:1016A800404261EB41014FF4806404F132045FEA87
:1016B800915C3FF4D8AE4FF003025FEADC0C18BF30
:1016C80003325FEADC0C18BF033202EBDC02C2F122
:1016D800200300FA03FC20FA02F001FA03FE40EAB4
:1016E8000E0021FA02F11444BDE600BF80F000406C
:1016F80002E000BF81F0004142001FBF5FEA4103E2
:1017080092EA030F7FEA226C7FEA236C6AD04FEAE1
:101718001262D2EB1363C1BFD21841404840414026
:10172800B8BF5B42192B88BF704710F0004F40F4D8
:10173800000020F07F4018BF404211F0004F41F4F4
:10174800000121F07F4118BF494292EA030F3FD0C0
:10175800A2F1010241FA03FC10EB0C00C3F12003D3
:1017680001FA03F100F0004302D5494260EB400062
:10177800B0F5000F13D3B0F1807F06D340084FEACD
:10178800310102F10102FE2A51D2B1F1004F40EBC2
:10179800C25008BF20F0010040EA0300704749002A
:1017A80040EB0000013A28BFB0F5000FEDD2B0FAC7
:1017B80080FCACF1080CB2EB0C0200FA0CF0AABFEA
:1017C80000EBC25052421843BCBFD0401843704788
:1017D80092F0000F81F4000106BF80F4000001328E
:1017E800013BB5E74FEA41037FEA226C18BF7FEA65
:1017F800236C21D092EA030F04D092F0000F08BFA7
:101808000846704790EA010F1CBF0020704712F08D
:101818007F4F04D1400028BF40F00040704712F1CC
:1018280000723CBF00F50000704700F0004343F031
:10183800FE4040F4000070477FEA226216BF084667
:101848007FEA23630146420206BF5FEA412390EA2A
:10185800010F40F4800070474FF0000304E000BF20
:1018680010F0004348BF40425FEA000C08BF7047D1
:1018780043F0964301464FF000001CE050EA010295
:1018880008BF70474FF000030AE000BF50EA0102AA
:1018980008BF704711F0004302D5404261EB410197
:1018A8005FEA010C02BF84460146002043F0B643BC
:1018B80008BFA3F18053A3F50003BCFA8CF2083AE1
:1018C800A3EBC25310DB01FA02FC634400FA02FCEA
:1018D800C2F12002BCF1004F20FA02F243EB0200F1
:1018E80008BF20F00100704702F1200201FA02FC53
:1018F800C2F1200250EA4C0021FA02F243EB020046
:1019080008BF20EADC7070474FF0FF0C1CEAD05289
:101918001EBF1CEAD15392EA0C0F93EA0C0F6FD04A
:101928001A4480EA010C400218BF5FEA41211ED028
:101938004FF0006343EA501043EA5111A0FB013114
:101948000CF00040B1F5000F3EBF490041EAD371E9
:101958005B0040EA010062F17F02FD2A1DD8B3F165
:10196800004F40EBC25008BF20F00100704790F0D4
:10197800000F0CF0004C08BF49024CEA502040EA26
:1019880051207F3AC2BFD2F1FF0340EAC2507047EC
:1019980040F400004FF00003013A5DDC12F1190F2A
:1019A800DCBF00F000407047C2F10002410021FA9C
:1019B80002F1C2F1200200FA02FC5FEA310040F1B4
:1019C800000053EA4C0308BF20EADC70704792F02D
:1019D800000F00F0004C02BF400010F4000F013A65
:1019E800F9D040EA0C0093F0000F01F0004C02BF60
:1019F800490011F4000F013BF9D041EA0C018FE7CF
:101A08000CEAD15392EA0C0F18BF93EA0C0F0AD0D4
:101A180030F0004C18BF31F0004CD8D180EA0100FA
:101A280000F00040704790F0000F17BF90F0004F93
:101A3800084691F0000F91F0004F14D092EA0C0F75
:101A480001D142020FD193EA0C0F03D14B0218BF08
:101A5800084608D180EA010000F0004040F0FE404E
:101A680040F40000704740F0FE4040F440007047EA
:101A78004FF0FF0C1CEAD0521EBF1CEAD15392EA69
:101A88000C0F93EA0C0F69D0A2EB030280EA010C59
:101A980049024FEA402037D04FF0805343EA1111F2
:101AA80043EA10130CF000408B4238BF5B0042F150
:101AB8007D024FF4000C8B4224BF5B1A40EA0C00F5
:101AC800B3EB510F24BFA3EB510340EA5C00B3EB27
:101AD800910F24BFA3EB910340EA9C00B3EBD10F15
:101AE80024BFA3EBD10340EADC001B0118BF5FEA67
:101AF8001C1CE0D1FD2A3FF650AF8B4240EBC25090
:101B080008BF20F0010070470CF0004C4CEA502050
:101B18007F32C2BFD2F1FF0340EAC250704740F49F
:101B280000004FF00003013A37E792F0000F00F091
:101B3800004C02BF400010F4000F013AF9D040EA0F
:101B48000C0093F0000F01F0004C02BF490011F4A3
:101B5800000F013BF9D041EA0C0195E70CEAD1539B
:101B680092EA0C0F08D142027FF47DAF93EA0C0F82
:101B78007FF470AF084676E793EA0C0F04D14B0266
:101B88003FF44CAF08466EE730F0004C18BF31F018
:101B9800004CCAD130F000427FF45CAF31F0004312
:101BA8007FF43CAF5FE700BF4FF0FF3C06E000BFAB
:101BB8004FF0010C02E000BF4FF0010C4DF804CDCE
:101BC8004FEA40024FEA41037FEA226C18BF7FEADE
:101BD800236C11D001B052EA530C18BF90EA010FE0
:101BE80058BFB2EB030088BFC81738BF6FEAE1706F
:101BF80018BF40F0010070477FEA226C02D15FEA0B
:101C0800402C05D17FEA236CE4D15FEA412CE1D076
:101C18005DF8040B704700BF844608466146FFE73D
:101C28000FB5FFF7C9FF002848BF10F1000F0FBD1F
:101C38004DF808EDFFF7F4FF0CBF012000205DF818
:101C480008FB00BF4DF808EDFFF7EAFF34BF01209D
:101C580000205DF808FB00BF4DF808EDFFF7E0FF36
:101C680094BF012000205DF808FB00BF4DF808ED87
:101C7800FFF7D2FF94BF012000205DF808FB00BFEA
:101C88004DF808EDFFF7C8FF34BF012000205DF8CC
:101C980008FB00BF53B94AB9002908BF00281CBF78
:101CA8004FF0FF314FF0FF3000F0ACB9ADF1080C48
:101CB8006DE904CE00F006F8DDF804E0DDE9022362
:101CC80004B070472DE9F047064682B0174608462B
:101CD8000A9AB4460D46002B4DD18F42BE4665D9AF
:101CE800B7FA87F149B1C1F120038D4007FA01FE27
:101CF80006FA01FC26FA03F31D434FEA1E461FFAB3
:101D08008EF04FEA1C43B5FBF6F406FB145543EA84
:101D1800054304FB00F59D4206D91EEB030302D2DE
:101D28009D4200F24C81013C5B1B1FFA8CFCB3FB0B
:101D3800F6F506FB153305FB00F04CEA034C60454D
:101D48000AD91EEB0C0C2CBF01230023604502D9D5
:101D5800002B00F03781013DACEB000C45EA044054
:101D6800002422B12CFA01F30021C2E900312146F6
:101D780002B0BDE8F0878B4208D90AB1C2E9006118
:101D880000242046214602B0BDE8F087B3FA83F468
:101D9800002C4DD18B42C0F00581B74240F2028140
:101DA8002046002AE3D0C2E900C5E0E7002F00F092
:101DB800A2801946B7FA87F3002B40F0B480C31B02
:101DC8001FFA8EF83F0C01244FEA1C40B3FBF7F5CD
:101DD80007FB153340EA034308FB05F098420AD98C
:101DE8001EEB03032CBF01260026984202D9002EC1
:101DF80000F0E280013D1B1A1FFA8CFCB3FBF7F0E0
:101E080007FB10334CEA034C08FB00F363450AD97F
:101E18001EEB0C0C2CBF01260026634502D9002EB0
:101E280000F0C7800138ACEB030C40EA054098E7A6
:101E3800C4F12008A34006FA04FAA14027FA08FCD6
:101E480020FA08F007FA04F94CEA030C26FA08F31A
:101E58004FEA1C460B431FFA8CFE190CB0FBF6F731
:101E680006FB170041EA004107FB0EF088420AD939
:101E78001CEB01012CBF01250025884202D9002D49
:101E880000F0B280013F091A9BB2B1FBF6F006FBE5
:101E9800101100FB0EFE43EA01439E450AD91CEBD4
:101EA80003032CBF012100219E4502D9002900F01F
:101EB8009E80013840EA0740A3EB0E03A0FB09E12E
:101EC8008B4276460F4602D307D1F24505D2BEEBC8
:101ED800090661EB0C0101380F4652B1BAEB060155
:101EE80063EB070303FA08F5E140E3400D43C2E959
:101EF800005300243BE77308B8464908019743EAB2
:101F0800C0734FEAC67C1C0C9BB244EA014443EA06
:101F18000443B4FBF7F4B1FBF7F51F21019844EA39
:101F280005441B1A50E7194607FA03FEC3F12003BC
:101F380000FA01F44FEA1E47D84026FA03F31FFAC5
:101F48008EF806FA01FC2343B0FBF7F51C0C07FBDF
:101F5800150044EA004005FB08F484424AD91EEB08
:101F680000002CBF01260026844200D98EB3001B36
:101F7800013DB0FBF7F404FB08F6A146019607FB08
:101F880019009BB2019E43EA0043B342C6D21EEB3E
:101F980003032CBF01200020B34200D2A8B109F1ED
:101FA800FF34BBE7B6EB070C60EB030301201D46CB
:101FB800F7E6F444023836E7023D73441BE7023C77
:101FC8007344B1E6F444023DC6E6A9F10204734441
:101FD800A4E7AEEB0404023D2044B0FBF7F404FB95
:101FE80008F6A1460196CAE7023F61444BE702386A
:101FF80063445FE7001BB0FBF7F404FB08F6A14657
:102008000196BCE7704700BF032A10D8D2B3013A43
:10201800431E0139024401E09A4233D013F8010FFC
:1020280011F801CF6045F7D0A0EB0C00704710B550
:1020380041EA000484460B46A4070FD0013A431E28
:102048000139024401E09A421AD013F8010F11F83D
:1020580001CF6045F7D0A0EB0C0010BDDCF80040C4
:102068001946D3F800E0604604330CF1040C7445BB
:10207800E4D1043A032AF1D860461946002ADDD192
:10208800002010BD0020704730B5840786460346FF
:1020980006D0A2B303F8011B980702F1FF32F8D16A
:1020A800032A26D95FFA81FC0F2A0CEB0C2C0CEBC7
:1020B8000C402AD922F00F0C9C44C3E90000C3E964
:1020C800020010336345F8D112F00C0F02F00F052F
:1020D80017D04FEA950C1A460CF1FF3403EB8C0C21
:1020E80042F8040B6245FBD1043305F0030203EB0D
:1020F800840322B11A4403F8011B9A42FBD17046AB
:1021080030BD2A46002AF5D1F9E71546E1E700BFB8
:10211800844641EA000313F0030349D1403A23D32C
:102128000B6803604B6843608B688360CB68C3604F
:102138000B6903614B6943618B698361CB69C36137
:102148000B6A03624B6A43628B6A8362CB6AC3621F
:102158000B6B03634B6B43638B6B8363CB6BC36307
:1021680040304031403ADBD230320BD30B68036049
:102178004B6843608B688360CB68C3601030103154
:10218800103AF3D20C3205D351F8043B40F8043B23
:10219800043AF9D2043208D0D2071CBF11F8013B27
:1021A80000F8013B01D30B8803806046704700BFED
:1021B800082A13D38B07B1D010F00303AED0C3F1B4
:1021C8000403D21ADB071CBF11F8013B00F8013BDE
:1021D800A4D331F8023B20F8023B9FE7043AD9D355
:1021E800013A11F8013B00F8013BF9D20B78037072
:1021F8004B7843708B78837060467047000000000E
:102208005FF800F0B56C00105FF800F0D9270010F7
:102218005FF800F0412600105FF800F0F58200102A
:102228005FF800F011EC00105FF800F0953800102E
:102238005FF800F0391800102900000001000900BB
:102248000000000000000000000000000000000086
:102258000000000000000000000000000000000076
:1022680000000000000000000076000000000000F0
:102278000000000000000000000000000000000056
:102288000000000000000000000000000000000046
:10229800000000000000000028000000000000000E
:1022A8000000000000000000000000000000000026
:1022B80029000000000000000000000000000000ED
:1022C80000000000000000001000000000000000F6
:1022D80000000100000000000000000000000200F3
:1022E80000000000000000000000030000000000E3
:1022F80000000000000004000000000000000000D2
:102308000000050000000000000000000000FF00C1
:102318000000000001B5486801318E46004770464C
:1023280009380149884701BD1D1D00100000000043
:10233800FFFFFFFFFFFFFF7F00000000000000001D
:102348000000000000000000000000002824002019
:1023580049630010F56200106D620010DD61001025
:1023680000000000000100001C4D002010000C00BF
:102378000000000000000000000000000000000055
:1023880000000000FF00000000800940000000007D
:1023980000000940000000000000807F0000C07FAE
:1023A800582100200000000000000000804A0020A2
:1023B800E84A0020504B0020000000000000000008
:1023C8000000000000000000000000000000000005
:1023D80000000000000000000000000000000000F5
:1023E80000000000000000000000000000000000E5
:1023F80000000000000000000000000000000000D5
:1024080000000000000000000000000000000000C4
:1024180000000000000000000000000000000000B4
:1024280000000000000000000000000000000000A4
:102438000000000000000000000000000000000094
:1024480001000000000000000E33CDAB34126DE631
:10245800ECDE05000B00000000000000000000009A
:102468000000000000000000000000000000000064
:102478000000000000000000000000000000000054
:102488000000000000000000000000000000000044
:102498000000000000000000000000000000000034
:1024A8000000000000000000000000000000000024
:1024B8000000000000000000000000000000000014
:1024C8000000000000000000000000000000000004
:1024D80000000000000000000000000000000000F4
:1024E80000000000000000000000000000000000E4
:1024F80000000000000000000000000000000000D4
:1025080000000000000000000000000000000000C3
:1025180000000000000000000000000000000000B3
:1025280000000000000000000000000000000000A3
:102538000000000000000000000000000000000093
:102548000000000000000000000000000000000083
:102558000000000000000000000000000000000073
:102568000000000000000000000000000000000063
:102578000000000000000000000000000000000053
:102588000000000000000000000000000000000043
:102598000000000000000000000000000000000033
:1025A8000000000000000000000000000000000023
:1025B800D3DEFFFFFE010000FF01000080DBFEFF0D
:0425C800793512ABA4
:040000051000014D99
:00000001FF
