:020000041000EA
:10000000002008205B0100101B0100101D010010E2
:100010001101001011010010110100101101001058
:100020001901001019010010190100101F01001022
:10003000110100101901001021010010230100100E
:100040001101001011010010110100101101001028
:100050001101001011010010110100101101001018
:100060001101001011010010110100101101001008
:1000700011010010110100101101001011010010F8
:1000800011010010110100101101001011010010E8
:1000900011010010110100101101001011010010D8
:1000A00011010010110100101101001011010010C8
:1000B00011010010110100101101001011010010B8
:1000C00011010010110100101101001011010010A8
:1000D0001101001011010010110100101101001098
:1000E0001101001011010010110100101101001088
:1000F0001101001011010010110100101101001078
:100100001101001011010010110100101101001067
:10011000EFF30580103800BE00BE00BE00BE00BE7A
:1001200000BE00BEF2EB8871B49C0110D49C01109B
:100130009C01001090A31AE7D3DEFFFF42012110BB
:10014000FF010000ACC00100793512AB00201E4950
:10015000086006C881F3088810474FF050400068D7
:1001600008B10020F3E70DA40ECC002902D000F066
:1001700012F8F9E71549164A002000E001C1914242
:10018000FCD114498847144988471449884700BE60
:10019000FDE701C901C29A42FBD37047D49C01100C
:1001A0001001002020260020E4C1011000000820DA
:1001B00000000820E4C1011000E0072000E0072053
:1001C000000000007047000008ED00E0202600203D
:1001D0002C750020AD8B001045020010A58B00107F
:1001E00070B5084696B00C46154600F00BFE42234B
:1001F00001462A460093204605AB00F023FC064644
:1002000001F0DCFD02462EB92946204601F0F8FE39
:1002100016B070BD019605A9094E009131880023E2
:1002200001F1010C0390A6F800C0022003F038FC95
:1002300029462046039A01F0E3FE16B070BD00BFC8
:10024000187500202DE9F04FBF4DC04CBBB008F031
:10025000ADFD02F0C5F803F011FC0FCD0FC495E819
:100260000F00BB4E84E80F00BA48E66000F014FCB3
:1002700001F070FD02460B46B74800F06BFCA4F19C
:100280001005B44B0EAC20462B6001F0A9FE0028EF
:1002900008BF002401F05EFD06460F4601F08EFD0A
:1002A0004FF0000B23462A46CDE90067A94902908A
:1002B000DFF8A482A948DFF8A49200F0ADFD0DF1AB
:1002C000440A01F0B5FD25AECDF81CB0CDF820B044
:1002D00001F040FD082405460F4601F0AFFD04E0A3
:1002E000122B00F0D780013C46D0304603F00AFCC8
:1002F000002841D03B462A46404600F033FC9DF89A
:100300009430102BECD130460DAB0DF12D020BA922
:1003100000F05EFB8346002800F0CB8001F04EFD2C
:100320008C4B2A4604930D9B009003939DF82D302F
:10033000484602939DF82C3001933B4600F030FF75
:100340009DF82C1002465346BDF8960000F060FB65
:10035000834AB2F800B00BF10103138001F02EFDC7
:10036000042302460193594600231120CDF800A032
:1003700003F096FB013CB8D1089B9D42079B77EBAD
:1003800003037BD32A463B464046724900F0F2FB0A
:10039000E0B198F80940002C00F0A7800B2000F095
:1003A00031FD422301466F4A00930B20334600F093
:1003B00049FB834601F002FD0446BBF1000F40F00B
:1003C000AB8022460B20674901F01AFE01F0F6FCD3
:1003D000002154220446304616F012FF304601F048
:1003E00013FE99F800308DF8943099F801308DF8AB
:1003F000983001F0B9FD99F819118DF8970000298E
:1004000070D199F818315A0099F8033098F809001A
:100410001B0143EA800313430B434FF47A728DF8B8
:10042000953028460023394616F0EEFE21463190DD
:10043000484600F03DFD21463290304601F0DEFD99
:100440005146304600F0D8F95023CDE900A3464884
:10045000002301884A1C02802246012003F020FB71
:10046000299B2A46019348463B46009400F028FD0C
:1004700015F57A73089347F10003079301F06AFCBE
:1004800001F0DEFC01F066FC01F0BCFD0A2004F086
:1004900063FA1DE730460DF12E020CA900F0C0FAF8
:1004A00000283FF420AFBDF82E100C9801F066FC38
:1004B00019E75346BDF896000222FF2100F0A8FA82
:1004C000274A11884B1C0991138001F077FC042303
:1004D0000246019311205B460999CDF800A003F074
:1004E000DFFA00E7012100228EE70A2000F08AFCF3
:1004F000422301461D4A00930A20334600F0A2FA27
:10050000079001F05BFC079B83468BB95A460A2093
:10051000164901F075FD59E7CDE9006B1448002339
:1005200001884A1C02802246022003F0B9FA48E7FB
:10053000019323460E4C009621880246481C2080D9
:10054000022003F0ADFAE1E7CC750110AC600020A9
:10055000E1010010E8510020C8280020F028002008
:1005600016750020807201101A7500208C7201101F
:10057000187500204FF6FF73A1B341F2210C4A1EFB
:10058000411E104411F8012F83EA02235A001B0474
:1005900048BF82EA0C025300120448BF83EA0C03EE
:1005A0005A001B0448BF82EA0C025300120448BFE1
:1005B00083EA0C035A001B0448BF82EA0C02530072
:1005C000120448BF83EA0C035A001B0448BF82EAA6
:1005D0000C0253009BB2120444BF83EA0C039BB28B
:1005E0008842CFD118467047F0B51E468BB31346EC
:1005F0004FF0010E79B300F1FF3C0025704601EB8E
:100600000C0709E0964203F805E022D305464FF0B7
:10061000010E1046BC450FD01CF8011F421C0029DA
:10062000F0D086420EF1010E13D9BEF1FF0F19541E
:1006300006D0BC451046EFD12B4483F800E0F0BD56
:100640000230864203F805E003D315464FF0010E51
:10065000E0E70020F0BD7046EFE700BF2DE9F04372
:100660000D4621B34FF0000C0646914619466046F0
:1006700002F1FF3816F80C40CCB104EB0C07AF4286
:1006800015D8012C18D000F1FF3E0EEB0402B44443
:1006900008EB000E07E0814200F1010007D990420B
:1006A0000EF8013F06D01CF8013F002BF3D10020CB
:1006B000BDE8F083FF2C09D0AF42F9D28842F6D2D0
:1006C0000023BC4609F800300130D3E7AF42EFD237
:1006D000BC46CFE72DE9F041BDF81C401E46B4F5FD
:1006E000807F089B43D8099F04F11005BD423ED886
:1006F000B0464FF0000C6FF038064FF0000E1D278B
:1007000066F3070E664661F3070C090A61F30F2CC6
:10071000012167F30F2E61F3174E110C61F30706E9
:10072000110E62F3174C61F30F26120A62F31F6C6D
:1007300068F317464FEA182262F31F6660F31F6ED4
:10074000220A1C73C3F800E0C3F804C09E605A7309
:100750008CB90E34214618461E190893FFF70AFF7C
:10076000089B1855000A70702846BDE8F0810025E6
:100770002846BDE8F08103F10E002246069916F0E6
:100780000FFD089BE5E700BF0F2904D990F800C0D2
:10079000BCF1C70F01D00020704790F801C0BCF138
:1007A0001D0FF8D170B5847882B0012C264604D193
:1007B000848904F1100C8C4502D0002002B070BD79
:1007C0000119CD8904F10E0101920090FFF7D2FECC
:1007D000A842F2D1009B019AD9780E33117033F8F8
:1007E0000A1C3046518053F8081C516033F8041C31
:1007F000D36011811482E1E703780B7043784B706A
:1008000083788B70C378CB7003790B7143794B710C
:10081000B0F906301A0ACA718B71B0F908301A0A99
:100820004A720B72B0F90A301A0ACA728B72838943
:100830001A0A4A730B7303694FEA132C1A0C8B7351
:100840001B0E81F80FC00A744B74B0F914301A0AE9
:10085000CA748B74B0F916301A0A4A750B75B0F960
:1008600018301A0ACA758B75B0F91A301A0A4A7606
:100870000B76B0F91C301A0ACA768B76B0F91E30A6
:100880001A0A4A770B77038C1A0ACA778B77438C3C
:100890001A0A81F8212081F82030838C1A0A81F805
:1008A000232081F82230C38C1A0A81F8252081F890
:1008B0002430B0F928301A0A81F8272081F8263030
:1008C000B0F92A301A0A81F8283081F82920B0F9C5
:1008D0002C301A0A81F82B2081F82A30B0F92E30FA
:1008E0001A0A81F82D2081F82C30036B81F82E3004
:1008F0004FEA132C1A0C1B0E81F82FC081F8302000
:1009000081F83130436B81F832304FEA132C1A0CE6
:100910001B0E81F833C081F8342081F83530038F05
:100920001A0A81F8372081F83630B0F93A301A0ABD
:1009300081F8392081F83830838F1A0A81F83B20FA
:1009400081F83A30036C1A0C81F83C304FEA132CD2
:100950001B0E81F83E2081F83DC081F83F30B0F990
:1009600044301A0A81F8403081F84120B0F946300D
:100970001A0A81F8432081F84230B0F948301A0A47
:1009800081F8452081F84430B0F94A301A0A81F8DC
:10099000472081F84630B0F94C301A0A81F84920D6
:1009A00081F84830B0F94E301A0A81F84B2081F8AE
:1009B0004A30B0F850301A0A81F84D2081F84C3096
:1009C000B0F952301A0A81F84E3081F84F20704742
:1009D00090F800C0BCF1100F17D1B0F810C0BCF1F6
:1009E000050F12D910B4C46894F800C081F800C093
:1009F0000121C46894F801C082F800C0C26810BC2C
:100A0000D2F8022008461A60704700210846704755
:100A10004FEA102C187083F801C09970DA70704793
:100A20000378122B0BD1038A052B08D9C368012048
:100A3000D3F800C0C1F800C09B8813807047002025
:100A4000704700BFF0B583B0AAB1054610461C46FA
:100A50000E46019216F02AFB4028024628BF40228B
:100A60000899931C8B4209D801992570667040B98A
:100A7000022003B0F0BD089C012C0AD8002003B06E
:100A8000F0BDA01C019316F08BFBBDF8040003B071
:100A9000F0BD18705970EBE700B500234FF4967164
:100AA0003C2241F2883E41F27C5CC0E9003E016498
:100AB000416182604FF416710362C362026378235E
:100AC0004FF4FA724FF0320EC0F80CC0C1614FF40F
:100AD000E15C4FF4FA6102618363B4221423C0F82D
:100AE00034E0C0F818C04162C263836200BD00BF39
:100AF000431E0F2B9DBF034B00EB400053F820001B
:100B000000207047F47401104B1E0F2B13D80C4BB0
:100B100001EB410C03EB8C0CDCF808305BB100B549
:100B20008646DCF80400904207DC934205DB012096
:100B30004EF8212000BD00207047002000BD00BFFE
:100B4000F47401104B1E0F2B94BF50F821000020AD
:100B5000704700BF11461A460023C0E90012C0E9E1
:100B60000233704711461A460123C0E9001203728E
:100B7000704700BF30B594460446427A007A83B08D
:100B800018B96072104603B030BD08462168019262
:100B9000BCEB0105616863EB01030C210093FFF7D7
:100BA000D1FF4FF47A7180FB0101009BA84299416B
:100BB0002CBF01200020019A60724240104603B011
:100BC00030BD00BF70B50E46144600214FF484724C
:100BD0001D4616F015FB2946034620461E60C3E954
:100BE0003E0170BDC0E906230174704711461A46E4
:100BF0000123C0E93E12A0F8003170472DE9F04111
:100C0000044615461E46036882B0984690F8F130B7
:100C100000EB8301089803F10E02C862013344F827
:100C2000325004EBC202566003F00F0384F8F13037
:100C300094F8F0300F2B9CBF013384F8F03094F817
:100C40000131002B55D0237CFBB194F8283013B12F
:100C500002B0BDE8F081A269E369AA1A4FF006016B
:100C6000404666EB03070192FFF76CFF4FF47A737F
:100C700080FB0303019A824277EB030352D30123E3
:100C800084F8283002B0BDE8F0816368089A934286
:100C900026D2626001214046FFF754FF089B1844AA
:100CA000636898421ED8D4E9022152EA01030F4634
:100CB00000F09B80AA1A66EB0107404602210192D0
:100CC000FFF740FF4FF47A7380FB0303019A8242DF
:100CD00077EB0302BCD30123C4E906562374B7E7BC
:100CE000002BD7D100220023C4E9022302B0BDE8C3
:100CF000F081D4F8F820D4F8FC30AA1A4FF007019C
:100D0000404666EB03070192FFF71CFF4FF47A732E
:100D100080FB0303019A9042BB413CBF012384F84E
:100D2000013190E703214046FFF70CFF089B9842F2
:100D300006D800220023C4E9082302B0BDE8F081F0
:100D400094F8F0300F2B53D994F8F1C00CF10F0147
:100D500001F00F0101F10E030CF10E0054F83320E5
:100D600054F8307004EBC30304EBC00040685B68C8
:100D7000D21B63EB000352EA030039D004EB81017C
:100D800004EB8C0CC86ADCF82C10401A6CEB0C0CD1
:100D9000BCF1000F02DA40426CEB4C0C1849A0FB8E
:100DA000010E01FB0CE116F003FA04210746404650
:100DB000FFF7C8FEB842BCDDD4E9082152EA0103BE
:100DC0000F461AD0AA1A66EB010705214046019288
:100DD000FFF7B8FE4FF47A7380FB0303019A824257
:100DE00077EB0302BFF44BAF32E7C4E9025664E786
:100DF00004214046FFF7A6FE9BE7C4E90856E4E756
:100E0000A08601000238C0B208289ABF014B185CC6
:100E100000207047C0750110F0B504460E46174615
:100E200085B04FF4947200211D4616F0E9F9DDE912
:100E30000A233146C4E9486704F11800FFF7C2FEEF
:100E400000232370DDE90A23C4E902230DB12B78C6
:100E50000BB905B0F0BD6B68297A04F11800236165
:100E6000DDE90A23FFF7BEFE2B780821DDE90A56EB
:100E7000D81E022898BF0223D4F824012370C4E9A5
:100E80000256C369094A00689847227894F82810E6
:100E9000D4F8243125698DF80420D3E900028DF8B7
:100EA0000C10029501A9904705B0F0BD9872011091
:100EB000006920B1884201D8081A704700207047A5
:100EC0002DE9F043044689B011991830009194F847
:100ED00019719046994694F8286094F84050FFF7AD
:100EE0008DFE27B994F81931002B40F0A08026B967
:100EF00094F82830002B40F092804DB994F840309F
:100F000033B1D4F824310421DD6918689D4AA8471B
:100F10002378082B35D8DFE803F00534B7373737A7
:100F200034349200D4F824319A6918689047D4F880
:100F300024211368002840F0DF8018460221D3697D
:100F4000914A984709252269D4F82431039294F8EC
:100F5000282025708DF808508DF81020C4E90289EA
:100F6000D3E9000202A990472B461821874A02A81C
:100F700007F0E4FDD4F824310121DC69186802AAE5
:100F8000A04709B0BDE8F08394F81911002900F0DA
:100F90009C80A268E568B8EB020669EB0505032BA7
:100FA000D4F8200100F0D880042B0CBF0F211021B1
:100FB000FFF7C8FD4FF47A7380FB0303864275EB9D
:100FC0000303DED32178D4F824210329D36800F069
:100FD000B380042900F0C2800121A170002B00F031
:100FE000C98003261068984735460021D4F824218B
:100FF0006170136910689847216994F82830D4F813
:10100000242125708DF8085003918DF81030C4E923
:101010000289D2E9000302A998473346A5E7D4F82C
:1010200024310321DE691868594AB04765E7D4F8CE
:1010300024310921DF691868564AB84757E7002567
:10104000D4F8243165701A69186829469047D4F895
:101050002421A570D36823B1106829469847D4F895
:101060002421092523692570039394F828308DF8ED
:1010700008508DF81030C4F80880C4F80C9002A90C
:10108000D2E9000398476FE7E378002B7FF479AF4C
:1010900094F81931002B3FF474AFD4F824310D21AA
:1010A000DD6918683C4AA8470121D4F82431A170B1
:1010B000DA681AB118689047D4F8243100216170B9
:1010C0001A691868904703253DE7D4F82431A170C8
:1010D000DA681AB118689047D4F824310021617099
:1010E0001A6918689047D4F824310E21DD692B4A1B
:1010F0001868A847022526E701252169184694F8B3
:10110000283025708DF80850C4F80880C4F80C9079
:1011100003918DF8103002A9536898472B46182187
:101120001A4A02A807F00AFDD4F824312946DC69DE
:10113000186802AAA04724E70021A1700BB110682B
:1011400098470A21D4F82001FFF7FCFC0426D4F8C4
:1011500024213546C1B24BE70E2129E70025A570B1
:1011600063B105262946106898472946D4F82421FA
:1011700035463DE703261946354639E70526194623
:10118000354635E7B4720110C8720110BC72011007
:10119000AC720110A0720110D4720110E072011043
:1011A0002DE9F041044686B01830984617469DF860
:1011B00034509DF83860FFF719FD2378033B022B6C
:1011C0002AD90A2D60D8DFE815F0230061005F00FE
:1011D0005F008B005F00B900230023000B00D100EB
:1011E000642E51D82378083B012B40F2E980D4F8D3
:1011F0002431667018681A6931469047D4F8243152
:10120000DC691868002E00F0CC80954A0C21A047BC
:10121000002006B0BDE8F0810021D4F82431DA685E
:10122000A1701AB118689047D4F824310021617078
:101230001A6918689047D4F824010E21C369894AB5
:1012400000689847394642460223C4E902122169E0
:10125000D4F82401019194F8281023708DF80030FF
:101260008DF80810D0E90002694690470223182142
:1012700068467D4A07F062FCD4F824010121C36965
:101280006A46006898479CE70220C2E7002322696B
:10129000E3700AB90C9A22612378022BB8D0384641
:1012A00041460225C4E90201D4F8243194F82810FB
:1012B00025708DF8005001928DF80810D3E90002D6
:1012C000694690472B4618216846674A07F036FC66
:1012D000D4F8243101216A46DC691868A04797E7F1
:1012E000D4F824310721DD691868604AA847012530
:1012F0002378E570092B8BD03A4643460826C4E98B
:1013000002232269D4F82431019294F8282026700F
:101310008DF8006069468DF80820D3E900029047F7
:10132000334618216846504A07F008FCD4F82431A7
:101330006A462946DC691868A04769E731460F9A72
:101340001098FFF7E1FB00289ED00D2E7FF460AFD0
:10135000A378002B3FF45CAFD4F82421D368002B92
:101360003FF456AF01211068984751E7022E8BD801
:10137000D4F824512B462868AEB12278083A012AC5
:1013800040D9022E18685ED0A27822B99A6812B1AC
:101390009047D4F824310C21DC69354A1868A047FD
:1013A00036E7344A32E7EB68A6701BB131469847FE
:1013B000D4F824510C21EB692F4A2868984727E775
:1013C000394642460225D4F824311868C4E902128D
:1013D00022692570019294F828208DF80050694602
:1013E0008DF808205B6898472B46182168461E4AEE
:1013F00007F0A4FBD4F8243101216A46DD6918689E
:10140000A847F4E6394642460225C4E90212226999
:101410002570019294F828208DF8005069465B6889
:101420008DF8082098472B4618210F4A684607F088
:1014300085FBD4F824310121DD6918686A46A84784
:10144000D4F824319DE70121DA68A17012B19047E8
:10145000D4F824310C21DC69084A1868A047D7E683
:10146000EC720110E0720110BC72011008730110DF
:1014700034730110F87201101473011024730110F9
:101480000023FF22C0E90033C0E90233C0E904337E
:1014900082717047FF292DD083798B4228D010B5F7
:1014A0001446427903793AB302EB030E5FFA8EFEDB
:1014B00001E0734509D003F0010C10F81CC00133A2
:1014C0008C45DBB2F5D1012010BD012A0BD10223DE
:1014D0000EF0010E00F81E1000EB4E0E8EF80140CB
:1014E00043710120F0E7038A01330382002010BD1D
:1014F00001207047002070479E460123E8E700BFA7
:101500008379FF2B01D0012070474079003818BF44
:1015100001207047F8B581790446FF2916461D461B
:101520000BD0D0E90223964275EB030326D3DDE905
:10153000073000229847FF23A3716379F3B1207924
:10154000013B04EB40025178421C14F8100002F0F9
:101550000102FF2907462271637103D0DDE90730DC
:1015600000229847079B0122394608989847069B16
:10157000A7719E1945F10005C4E90265F8BD00BFD9
:10158000F0B5FF2983B040D0164682790D468A42D5
:10159000044633D00027617951B323795E18F6B23F
:1015A000002109E001335278DBB29E420EF804CCF0
:1015B0000EF8032CC1B212D003F0010214F812C0CD
:1015C00002A8654500EB410E04EB420201F1010067
:1015D000E8D10133DBB29E424FF00107ECD139B1C3
:1015E000BDF80430012923801CBFBDF8063063809C
:1015F000002338466171237103B0F0BD1846002204
:10160000B047FF230127A371C5E70027384603B081
:10161000F0BD00BF10B510210024124B124AE0FBB0
:101620000134180E40EA042023F07F410144A2FB5C
:101630000102881A02EB5002D20AC2EB0232891A66
:10164000DFF828C05B1A0CFB03F0DFF824E064F13C
:101650000004A3FB0E320EFB04001B0C104443EAF3
:10166000004010BDFFFFFE0F01011000EFFFFEEF75
:10167000FFEFFFFE012938BF01212DE9F0410C46A3
:10168000174698464FF4805203460021E4FB02318E
:10169000090141EA13711B010646581E4FEA044234
:1016A0004FEA144361F1000115F0AEFDB0F5805F23
:1016B00071F1000332BF054640F6FF750021102D81
:1016C00071F1000138BF10254FF0100CA4FB052369
:1016D000500840EAC3705908E6FB0C01904271EBD8
:1016E00003040BD315F090FDB0F1011F71F100015F
:1016F0000AD23D60C8F80000BDE8F08101203D60DD
:10170000C8F80000BDE8F0814FF480303D60C8F8B3
:101710000000BDE8F08100BF00239FED057BC0E91C
:10172000013380ED047B0380704700BFAFF300807E
:10173000000000000000000010B5DDE9023E19B312
:10174000184CB4FBF1F1022938BF022101FB02F26F
:10175000632A01F1FF3C1ED9134CA4FB0242BCEBEF
:10176000521F4FEA521419D2624664464FF0010CE0
:1017700040F201119B184EF10002C0E904324460AE
:10178000C0F808C0018010BD0649DFF820C001FB89
:1017900002F2632AE0D801221446E9E72246A1EBCF
:1017A000040CE5E740420F001F85EB513F420F005C
:1017B00000230380704700BF037803B143781846C5
:1017C000704700BF01460078D8B110B50C69A2423D
:1017D0004C6973EB040C12D3D1E9014C91F801E090
:1017E0008EF0010EBEF1000F18BFA4461CEB0202E2
:1017F00043F10003C1E9042381F801E010BD00209A
:1018000010BD70470000000000239FED097B0370AE
:1018100080ED027B80ED067B80ED0A7B43600361F7
:1018200080F8203080F83030704700BFAFF3008080
:1018300000000000000000002DE9F0470378DDE91A
:101840000856002B4AD10123C0E90115C0E9036104
:10185000C0E906560370002A5DD090F82030002BB6
:101860003FD08368C4689946EB1AA24666EB04042D
:10187000642B74F1000480F820202DD390460F468D
:101880000446002B37D04EF6602061689A02791A20
:101890009B0D81FB000115F08BFC47F6FF734FF6A3
:1018A000FF721B1841F10001934271F1000110D247
:1018B000B8F1000F0DD0A36AE26A13F5FA7342F192
:1018C000000299457AEB020303D3633080B2C62845
:1018D0001DD9C4E90175E660BDE8F087002AC0D0D3
:1018E000BBE70123C0E90A56C0E90115C66080F8CC
:1018F0002030BDE8F087002AEBD0836AC26A13F576
:10190000FA7342F1000299457AEB0203E1D3012315
:1019100084F83030DDE780F82020DDE7F8B50446B4
:1019200000780E4615461F46E0B1A069101A15D082
:101930004EF6602C2169830D711A820281FB0C0125
:1019400015F036FCB0F5004F71F1000313DA4FF0DB
:10195000FF320B4B9842914110DB00B2C4E90657AD
:101960002661F8BDE3600123C4E90112C4E906570A
:1019700023702661F8BD47F6FF70EFE71846EDE7E4
:101980000180FFFF0346002290F8300083F83020EA
:10199000704700BF012070474FF0010C07C910B419
:1019A000034B044C83E8070084F800C010BC704768
:1019B000B4730020277500200148FFF7A1BD00BFC8
:1019C000D82800200C4A127882B908B578B10D21C8
:1019D000FFF7B8F80346DFF828C012228CF8003071
:1019E0001121BDE808400548FFF754BD70470D20A0
:1019F000FFF77EF80346EEE724750020D828002084
:101A0000AC220020112902D042EC4010704730B5C2
:101A10000C4685B0BAB92D4B1B780BB105B030BD63
:101A20002B4A2C481268052102F001020260204670
:101A3000019302F0A1F84FF0010242EC4440019BF7
:101A400043EC4040EAE7052003F010FA03AB02AA9A
:101A500044F62061FFF70EFE029B20461C4CC3F3A8
:101A60000B036360039BDFF878E003F1FF3C1FFA90
:101A70008CFCC4F810C09EF800C0174AACFB033EB3
:101A80004FEA135C4CEA0E3CC3F3130EF444A2FB82
:101A90000CE2D20802EB820202EB8202ACEB020201
:101AA0009B1A0E4AE568A3FB023E9B0885EA0343A6
:101AB000084D6FF30F03EB60042102F05DF823681B
:101AC000DB4303F001032B6005B030BD247500201B
:101AD00000800A4000900A401F85EB51295C8FC2AC
:101AE000AC22002030B50D4685B0002900F086807C
:101AF00000287ED00921FFF725F80446052003F0D1
:101B0000B5F9FFF787FD4FF47A7303FB00F0A042AD
:101B100041D84948FFF74CFE052003F0A7F9474B91
:101B200004F5FA71A3FB013102AA03AB8909FFF79F
:101B3000A1FD029B424CC3F30B03A366039B414AE6
:101B4000A3FB053C039DDFF804E1013DADB26567F1
:101B50001D0D45EA0C3CC3F313056544A2FB05C209
:101B6000D20802EB820202EB8202AA1A9B1AA3FBA2
:101B70000E3E226FC3F38F03334D53409BB22B674E
:101B800004211A2001F0F8FF636EDB4303F0010328
:101B90006B6605B030BD2A4B2B4A5B6E264803F0BE
:101BA00001035366FFF704FE05211A2001F0E4FF4C
:101BB0001A234FF0010242EC44304FF0000242EC95
:101BC000403003F011F879BB1C4BA3FB00308309B4
:101BD0004FF0000C2A46CDE9003C21461648FFF79D
:101BE000ABFD1548FFF7E8FD1A2340EC403005B087
:101BF00030BD0920FEF77CFF04467FE7104B124AF8
:101C00005B6E0D4803F001035366FFF7D1FD05211C
:101C10001A2001F0B1FF1A234FF0010242EC4430C8
:101C200045EC403005B030BD00234FF47A7215F01A
:101C3000EBFA0346CCE700BF70280020D34D6210BA
:101C400000800A401F85EB5100900A40295C8FC23A
:101C500002F0CABFF0B583B000294FD0002849D0A8
:101C60000D21FEF76FFF334F12234FF00002387043
:101C700042EC40300122304B05201A7003F0F6F898
:101C80006A4601AB44F62061FFF7F4FC009B2B4C45
:101C9000C3F30B036360019B294A5E1EB6B2266143
:101CA0003E78DFF8ACE0A6FB03361F0D47EA0637A7
:101CB000C3F313063E44A2FB0672D20802EB820273
:101CC00002EB8202B21A9B1AA3FB0E3ED4F80CC0A0
:101CD0009B081C4D8CEA03436FF30F03EB60042158
:101CE000112001F049FF2368DB4303F001032B605F
:101CF00003B0F0BD0D20FEF7FBFEB4E70C460E4826
:101D00000B4604701121104A1048FFF739FC0B4BA9
:101D10000C4A1B68052103F001031360112001F038
:101D20002BFF11234FF0010242EC443044EC4030D1
:101D300003B0F0BDAC2200202475002000800A40D2
:101D40001F85EB5100900A40051A0010D82800208A
:101D5000295C8FC208B502F047FF31B14FF47A72A7
:101D6000002315F051FA002108BD034B0021A3FB0D
:101D70000030800908BD00BFD34D621008B50C4B80
:101D8000186002F031FF49B14FF47A72002315F068
:101D90003BFA0022074BC3E9000208BD0022064BB4
:101DA000A3FB0030034B8009C3E9000208BD00BF5C
:101DB000FC740020182A0020D34D621010B5194C75
:101DC0002368DBB102F010FF91B9174BA3FB003081
:101DD0008009164AD2E90031C01A4FF47A724FF0E6
:101DE000000361EB410115F00FFA2368184410BDA0
:101DF0004FF47A72002315F007FAEAE702F0F4FED6
:101E000051B9094BA3FB003080094FF47A720023CB
:101E1000002115F0F9F910BD4FF47A72002315F086
:101E2000F3F9F2E7FC740020D34D6210182A002069
:101E300001214FF4FA6003F071B800BF03F064B8F9
:101E400030B5002204460D4641F288333B4985B047
:101E50000292009322462B4639480191FFF75AFB24
:101E6000384B1A78002A48D03749384B0868D3F8DD
:101E700000C0C3684FEACC010431CB4013F00F031C
:101E800059D000EB8C00B3F1010C016A28D0BCF1F1
:101E9000010F016A24D0032B016A21D0042B016AAF
:101EA0001ED0052B016A1BD0062B016A18D0072B08
:101EB000016A15D0082B016A12D0092B016A0FD0D4
:101EC0000A2B016A0CD00B2B016A09D00C2B016A7A
:101ED00006D00D2B016A03D00E2B016A18BF016AD0
:101EE0001B4B1960164B1B489B79112B1CBF1A4BBF
:101EF0001A78CDE90045FFF79FFC22462B4617488C
:101F0000FFF760FC80B94FF05043154A5B681178C9
:101F100083F08043C3F38073994203D001201149B9
:101F20001370087005B030BD0C48FFF745FC1A234C
:101F300040EC4030E7E7064B1968D3E7051A00107C
:101F4000D82800201F750020B4530020B85300206B
:101F5000B05300208828002024750020702800201D
:101F60002975002028750020184B1B78FBB9184BE9
:101F70009B79A3F11103B3FA83F35B091B014FF0C3
:101F8000504C1449DCF804C043F020020878D2B267
:101F90001CF0804F08BF134620B1002243F04003DD
:101FA000DBB20A700C4A12781AB91846704710232F
:101FB000E5E700B5094883B00193FFF7E3FC019B17
:101FC00043EAC013DBB2184603B000BD24750020FD
:101FD000D8280020287500201F75002088280020A0
:101FE000044B84461B781BB1034A07CA8CE80700E0
:101FF0001846704727750020B4730020704700BF53
:10200000704700BF00F052BF2DE9F04700210546A0
:10201000202308240426A74A88B0A9706B7113688E
:10202000A54F83F4C04303F47043A448C5F80610D9
:102030003B6006601368DB05FCD55368013C11FA70
:1020400083F1F6D19E4BC9081B782987002B4BD012
:102050009C4B9D4A18681268C100D3680431CB407C
:1020600013F00F0300F0AF8102EB8002581E166AD6
:1020700027D00128166A24D0032B166A21D0042BFE
:10208000166A1ED0052B166A1BD0062B166A18D0AE
:10209000072B166A15D0082B166A12D0092B166A60
:1020A0000FD00A2B166A0CD00B2B166A09D00C2BFA
:1020B000166A06D00D2B166A03D00E2B166A18BFAF
:1020C000166A824B1E6002F08FFD002900F06481C9
:1020D0004FF47A72002315F097F802460023314638
:1020E0007B48FFF71BFC00E07A48A5F8520007ABDD
:1020F000794805AA0DF1120100F098FC002800F0C3
:10210000B480BDF81220079B6A81BDF814202B61B2
:10211000AA81724A1360724807AB05AA0DF1120139
:1021200000F084FC002800F01681BDF81210BDF804
:102130001420079B6987AA872B6402F055FD0029AC
:1021400000F089804FF47A72002315F05DF80246A2
:1021500005F1140705F11A060023CDE90076614860
:1021600000F0FAFF002800F0EC8002F03DFD0029AD
:102170006CD04FF47A72002315F046F8024605F150
:10218000440705F14A060023CDE90076564800F0E1
:10219000E3FF002800F0C9800DF1110304AA0DF13E
:1021A0000F010DF1160000F0A9FE002847D0BDF880
:1021B00016209DF81030A5F850201BB1AB7843F0E5
:1021C0000203AB709DF811301BB1AB7843F00403F0
:1021D000AB709DF80F30002B42D000264FF6FF7AEF
:1021E000B14605F120075FFA86F8404606A901F0DE
:1021F0008DFBB0B140460DF11A0101F0E5FB80B155
:10220000BDF8183001343B80BDF91A303B810136EE
:10221000042E07F10207E6D1002C6BD008B0BDE810
:10222000F0874046A7F800A0A7F8089001F062FBED
:102230000028ECD06B7943F040036B71E7E7AB7893
:10224000A5F8500043F00103AB70C6E7274BA3FB92
:102250000032920993E7254BA3FB0032920977E7FE
:10226000AB7843F00803AB70B7E71C4B68811B6881
:10227000A8812B616B7943F003036B7102F0B4FC0E
:10228000002940F09A80194BA3FB003080090022FE
:10229000174BD3E90061B04272EB0101FFF43BAF91
:1022A00041F288314018186052410B485A6000F0E2
:1022B000E1FA30E700000A4000100A4000200A401E
:1022C0001F750020B8530020B4530020B0530020E5
:1022D000882800200080FFFFDC220020A8220020A8
:1022E000B02200202023002008230020D34D6210BC
:1022F000A022002002F078FC002958D1334BA3FB28
:10230000003080090022324BD3E90041A04272EB39
:10231000010183D341F2883140185241C3E90002E0
:1023200001F020FA08B0BDE8F0876B79686463F0CB
:102330007F03A5F84800C5F84A00A5F84E006B7168
:102340002AE76B79686143F010032883C5F81A0007
:10235000E8836B7109E76B79688743F00803A88706
:1023600028646B7102F040FCD9B9184BA3FB003014
:1023700080090022174BD3E90061B04272EB0101E2
:10238000FFF4DBAE41F28831401852411860124828
:102390005A6000F06FFAD0E60C4BA3FB00329209B2
:1023A0009CE64FF47A72002314F02EFFE1E74FF41D
:1023B0007A72002314F028FFA4E74FF47A72002306
:1023C00014F022FF63E7054B1E687CE6D34D6210D4
:1023D0009022002098220020B0220020B05300203C
:1023E0002DE9F04F97B008AB1C464FF001090027CC
:1023F0009F4A0DF12C0807CA83E8070054F8045BD4
:10240000284601F0F9FB4FF0010343EC44504FF034
:10241000000646EC40504445F0D19648FFF730F8AE
:102420009548FFF779F91E2001F0E6FB1E2046ECE7
:1024300044000022012101F0BDFB08F0D7FE1F215E
:102440002E2001F099FB00222E20114601F0B2FB54
:1024500000212E2001F0C0FB132001F0CDFB152040
:1024600001F0CAFB4FF0130846EC44804FF0150A08
:1024700046EC44A001220021404601F09BFB0122D2
:102480000021504601F096FB03237C4D7C4ECDE9A4
:1024900001392A4631467B48CDF8008007AB09F068
:1024A0003FFA002840F081807749784809F022F807
:1024B00003211C2001F060FB03211D2001F05CFBC7
:1024C000002201211C2001F075FB002201211D20AA
:1024D00001F070FB6E4800F0CDF901F043F90920DE
:1024E00001F08AFB4FF00104092344EC403044EC36
:1024F000443044EC40300C2001F07EFB0C2344ECD3
:10250000403044EC443044EC40300D2001F074FB8A
:102510000D2344EC403044EC443044EC40302F2058
:1025200001F06AFB2F2344EC403044EC443044EC8F
:1025300040305849584809F041F80121082001F07D
:102540001BFB01210A2001F017FB01210B2001F0E8
:1025500013FB524800F08EF900F026FC02F044FB19
:10256000C9B14FF47A72002314F04EFE02460023E4
:102570004B4800F0E5FD02F037FB89B14FF47A7269
:10258000002314F041FE02460023464800F0D8FD27
:1025900017B0BDE8F08F444BA3FB00308209E6E79B
:1025A000414BA3FB00308209EEE70097424601232E
:1025B0002968306809F0DAF8009752460123296843
:1025C000306809F0D3F84FF480324FF4F833CDE996
:1025D00010234FF44023A4461293079B139703F153
:1025E0000E02DB0143EA0233049323F0F8530DF1AA
:1025F000400B43F0A852D8465F460592BBE80F0057
:10260000ACE80F004FF0FF31A246A646049BCCF881
:1026100000100C93DCF800300493BAE80F00A8E82F
:102620000F00049BCBF800300FCFAEE80F004FF443
:1026300018230E931D4B059A0F934FF400230C9211
:102640000D93079A23462968306809F0D5F80028C9
:102650007FF42AAF32682B68106809FA03F303434A
:1026600013491448136081F80090FFF7CDF81BE779
:1026700014760110D828002070280020B8530020BC
:10268000B4530020EC750110A08601000024002046
:10269000DC22002040420F0000800840B0220020D1
:1026A0002023002008230020D34D6210FFFF10FEDE
:1026B0001F75002088280020F0B5047889B0012C0F
:1026C000054616461F468DF8171040D0447802F094
:1026D0008BFA4FF0FF326FF0004310F5FA5041F1E2
:1026E0000001824273EB010C3CBF104619460123E6
:1026F000CDE902010DF1170221462A48009308F0A6
:1027000025FF002820DB6D7802F06EFA4FF0FF32D3
:102710006FF0004310F5FA5041F10004824273EB70
:1027200004013CBF10461C462946002502903B464A
:102730003246039400951B4808F024FFA842B4BF1A
:102740000020012009B0F0BD002009B0F0BDCBB2DF
:10275000022163F07F038DF81F301348134B42684A
:10276000596003680A4083F00703114903F0CF035F
:102770000B60104B5A60AB784FF0000242EC4030D7
:1027800022460DF11F0114F053FD3B463246002155
:10279000054814F0F1FCAB7844EC4030204609B019
:1027A000F0BD00BF002400200080084000B00840B9
:1027B0000090084000A0084030B5037889B0012B94
:1027C00004468DF81C108DF81D2021D043784FF061
:1027D000FF341D4602F008FA6FF0004210F5FA507F
:1027E00041F10003844272EB03013CBF20461346D3
:1027F0000024CDE902032946022307AA00941848C1
:1028000008F0A4FEA042B4BF0020012009B030BDF2
:10281000144801F07F018DF81C104268124902F043
:10282000020C022205934A600168DFF844E081F05F
:10283000070101F0CF01CEF800100C49C1F804C027
:10284000A1784FF0000C4CEC401007A914F0F0FCFC
:10285000A278059B43EC4020184609B030BD00BF6C
:10286000002400200080084000B0084000A008407C
:102870000090084070B5D0220025037892B0012B5B
:1028800080F8255004468DF81F508DF8202000F068
:102890009C80457802F0A8F94FF0FF326FF00043BA
:1028A00010F5FA5041F1000C824273EB0C013CBF71
:1028B00010469C46012302902946574808AACDF8A5
:1028C0000CC0009308F042FE002822DB63784FF032
:1028D000FF351E4602F088F96FF0004210F5FA50FD
:1028E00041F10003854272EB03013CBF28461346C9
:1028F0000025029003933146012347480DF11F0242
:10290000009508F03FFEA84203DB9DF81F30602BC6
:1029100002D0002012B070BD1A23882120460AAAD6
:10292000FFF7CAFE0028F4D00723E121204608AAB9
:10293000FFF7C2FE0028ECD0BDF828209DF8243017
:102940009DF823009DF82510A280BDF82A20228141
:10295000BDF82C206281BDF82E20E2800C9AE26046
:102960000D9A22610E9A62610F9AA2619DF8412030
:102970002277BDF82020E2839DF8222062779DF81F
:10298000265003F00F021B0942EA001243EA01132A
:102990002284F22101222046638484F82450FFF728
:1029A0000BFF0028B5D02722F4212046FFF704FFB3
:1029B0000028AED04022F5212046FFF7FDFE00287A
:1029C000A7D0012384F82530A4E702208DF8282021
:1029D000124E134A716850603268014082F007025B
:1029E000104802F0CF0202600F4A5160A27845EC15
:1029F00040201A460AA93046059314F019FC059B9D
:102A00000DF11F022946304614F0B6FBA278059B53
:102A100043EC402079E700BF0024002000800840FC
:102A200000B008400090084000A008402DE9F04F99
:102A300090F8255087B025B90025284607B0BDE895
:102A4000F08F9A46914688460823F72104AA044647
:102A5000FFF732FE05460028EED09DF814C09DF821
:102A600013109DF815E04FEA0C1343EA013343EAD3
:102A70001E13B3F5002FDFD09DF811609DF81020D4
:102A80009DF81270300140EA023040EA171BBBF596
:102A9000002FD1D0501EC0B2FD2815D9B24213D19B
:102AA000BA4211D18A420FD162450DD172450BD184
:102AB0009DF81610914207D19DF81710914203D14D
:102AC000002384F82530B7E7A188B4F90AC0C1EB28
:102AD000131202FB02F24900C1EBD3011313B4F944
:102AE00008200CFB03F302FB01F19B1303EBE1262F
:102AF000BDF81610B4F90C2049BA89B2A6F5FA3C13
:102B0000009106EB860182FB0C2E803109120196A2
:102B1000A66202918CFB0C16B4F90E304FEA0E3E01
:102B20004EEA125E1203039203FB06F2D81701FB72
:102B30000020A3FB013202441B0A0398E78843EA02
:102B400002631B184EEB2222A3FB073E02F5004254
:102B500007FB02EE4FEAEE734FEA6E0253EA6E0E87
:102B600000F0E180B4F91470B4F912E007FB06F646
:102B70000397FF1701FB0766039F8EFB0CCEA7FB95
:102B80000171314400264FEA4E4E4EEADC3E4FEAD8
:102B90004C4C1CEB070C41EB0E01B4F910E0CBF5EB
:102BA000801001EBCE0E00F0004116EB0C0C41EA58
:102BB0005001C007B0EB0C0061EB0E0110EB000CF4
:102BC00041EB010E1CEB000C41EB0E064FEA861E9A
:102BD0004FEA8C174EEA9C6E1CEB070C46EB0E0E70
:102BE0004FEA8E0E4EEA9C7E4FEA8C0C1CEB000CDA
:102BF00041EB0E0E4FEA8E0E4EEA9C7E4FEA8C0C95
:102C00001CEB000041EB0E0114F0D2FAB4F91A30BB
:102C10004A1303FB02FE4FEA503C4CEAC14CDE175C
:102C20000CFB06EEA3FB0C3603FB02F2B6440CFBD6
:102C30000E22A3FB0C3C62445B0EB4F918C043EABD
:102C4000C2131B1841EB62620CFB01F14FEAEC7EF0
:102C50000EFB0011ACFB00C001444FEADC4C4CEA17
:102C6000413C13EB0C0342EBE141B4F916201B0A83
:102C7000D017000140EA127043EA01631201D21832
:102C800040EB2120002802DAFF3240F10000120A56
:102C900042EA0062019B617FA3F5963094F92430EB
:102CA00000FB01F100FB03F3C9129B1201F5004187
:102CB00003FB01F1B4F92030009EB4F922C01B05DA
:102CC000C3EB863300FB1C338912B4F91E0001F5F7
:102CD000001100FB01F103F5804301F50051891358
:102CE000DB1301FB03F3029E207FA8F80060CAF803
:102CF0000020DA1302FB02F2D21100FB02F2A3EB76
:102D00002213B3F1C85FA8BF4FF0C853642128460F
:102D100023EAE3731B1301FB03F39B0AA9F80030BA
:102D200007B0BDE8F08F0022B4E700BF84B08DE8A3
:102D30000F009FED1B7ADDED017AF4EEC77AF1EE1C
:102D400010FA0FDCF5EEC07AF1EE10FA9DF81D10C6
:102D500019DDB6EE007A77EE877AFCEEE77A17EEA9
:102D6000902A02E04FF47A72012101200D4B9DF868
:102D70001CC01A809A68D970024483F802C09A6015
:102D8000187104B0704709B10022EEE7F5EEC07A81
:102D9000F1EE10FAA8BF0121002281F00101E4E761
:102DA00000007A448C600020F0B500240C269FEDD2
:102DB000307B0321304D85B00095304B304D314A8A
:102DC000C3E9004414603048304A2E719C60304F93
:102DD000304B314E87ED007BC2E900448DF80F1077
:102DE00094600A2114731C600B220823286034604D
:102DF00000F0AEF8287900F0C3F8284B294600937C
:102E00002448274B274A08F003FF28B1214B3060A4
:102E10001C60002005B0F0BD1E4C206808F0F4FED8
:102E2000034628B91949206808F0DEFF034660B15F
:102E30001848336009F0E3FA0023164A1360134A76
:102E4000C2E9003393601373E3E7174920680DF17B
:102E50000F0208F049FF03460028E9D1206809F075
:102E60007FF803460028E3D10120D3E7AFF30080C9
:102E7000000000000000000040420F008C600020B5
:102E8000A05300208460002000800840E0740020EF
:102E9000C0280020C0530020886000200D310010A1
:102EA0005D300010A12F00104073011008B50F4BCA
:102EB000D3F800E0BEF1000F07D0DFF83CC0DCE93A
:102EC0000023904271EB030300D208BD10F16403AC
:102ED00041F10001CCE9003100227046044909F0BB
:102EE00042F90028F1D0034B186008BDC053002000
:102EF0002D2D001088600020C0280020DFF848C079
:102F000070B50646DCF80000D8B1DFF840C09CF888
:102F10000400B0B11D460B4BDCF80840D3F800E0CC
:102F20001C60BEEB040E18BF4FF0010EBCF8003061
:102F3000338081F800E09CF8023013709CF8033075
:102F40002B7070BD84600020C05300208C60002076
:102F500030B583B00D460699CDE9003208F02EFB5E
:102F600004460121284600F007FE0198012100F0E7
:102F700003FE0098012100F0FFFD204603B030BDA4
:102F800000B583B0019000F037FE4FF001030198C7
:102F900043EC400043EC440043EC400003B000BD70
:102FA0002DE9F04184B0ADF8061000283CD0002A8D
:102FB00038D090460268022711461D4651F8043F5A
:102FC00090F804C0044601F540500760106802F50F
:102FD000805E80F00F003B4001F5005100F0CF0013
:102FE000CEF8000000260B6046EC40C000BF00BFDA
:102FF00000BF012320680DF10E020DF10601ADF8AE
:103000000E6014F0ADF801281CD185B9002000BF76
:1030100000BF00BF4FF00102237942EC403004B002
:10302000BDE8F081002BC4D06FF00100F7E72B461C
:1030300042463146206814F0F3F88542E6D06FF03E
:103040000100E4E700BF00BF00BF4FF00102237999
:1030500042EC40304FF0FF30E1E700BF2DE9F04196
:1030600082B0ADF80610002839D0002A35D01D46B0
:10307000036802279C4690465CF8042F01790CF502
:103080004056376003F5805E1B683A4083F00F03BB
:103090000CF5005C03F0CF030446CEF800304FF08F
:1030A0000000CCF8002040EC401000BF00BF00BF83
:1030B000012220680DF1060114F09AF801281BD1B5
:1030C00085B9284600BF00BF00BF4FF00102237939
:1030D00042EC403002B0BDE8F081002BC7D04FF089
:1030E000FF30F7E72A464146206814F081F8281A95
:1030F00018BF4FF0FF30E5E700BF00BF00BF4FF043
:103100000102237942EC4030E9E700BF38B541F2D3
:103110008833984210D8044650B10A2C254628BF5F
:103120000A25FEF78BFE284601F016FC641BF4D13D
:10313000FEF784FE002038BD6FF0020038BD00BFEE
:10314000002112F5FA7243F10003C0E903318260F5
:1031500041700175704700BF2DE9F0411646427875
:1031600004461F468AB0042A00F2C482DFE812F047
:10317000CC008C0104013B010500082302788DF886
:103180002030904601F030FD42F210734FF0FF32D4
:10319000C0186FF0004341F10001824273EB010C53
:1031A0003CBF10461946012308ADCDE902012A466D
:1031B0004146B448009308F0C9F90028C0F20A82D9
:1031C00001F012FD42F210734FF0FF32C0186FF0A1
:1031D000004341F10001824273EB010C3CBF1046F9
:1031E00019460023CDE90201009341460623A54874
:1031F00006AA08F0C7F90028C0F2EC8114238DF864
:10320000173001F0F1FC42F210734FF0FF32C0189A
:103210006FF0004341F10001824273EB010C3CBFAF
:10322000104619460123CDE902010DF1170241466E
:103230009448009308F08AF90028C0F2CB8101F08D
:10324000D3FC42F210734FF0FF32C0186FF000430E
:1032500041F10001824273EB010C3CBF104619465C
:103260000023CDE902010093414606232A46854802
:1032700008F088F90028C0F2AD819DF821009DF882
:1032800019109DF820309DF8182043EA002342EAE7
:10329000012210991BB20A809DF8230013EB8302D0
:1032A0009DF8223048BF073243EA00231198D2101C
:1032B00002809DF81B109DF81A201BB242EA0122E1
:1032C00010999DF825004A8013EB83029DF8243065
:1032D00048BF073243EA00231198D21042809DF87C
:1032E0001D109DF81C201BB242EA0122109913EB1D
:1032F00083038A804FF00002119948BF0733DB1027
:103300008B800120226134E0D0E90223964277EBE2
:1033100003032DD342F23F030278ADF82030154667
:1033200001F062FC42F210734FF0FF32C0186FF0F0
:10333000004341F10001824273EB010C3CBF104697
:103340001946CDE90201294608AA002502234D4865
:10335000009508F0FBF840F2EE2301214FF0000049
:10336000F31847F10002C4E902322075617025614B
:1033700000200AB0BDE8F081D0E90223964277EB45
:103380000303F5D33E230278ADF82030904601F0D8
:103390002BFC42F210734FF0FF32C0186FF0004365
:1033A00041F10001824273EB010C3CBF104619460B
:1033B000002308ADCDE9020100932A4602234146CD
:1033C000304808F0C3F8002880F2268147F23053D5
:1033D00005210022F318617047F10001C4E90231B0
:1033E00022612275C4E70021D0E90223964277EBDF
:1033F00003038DF81810BBD33D2302788DF82030DD
:10340000154601F0F1FB42F210734FF0FF32C01885
:103410006FF0004341F10001824273EB010C3CBFAD
:10342000104619460123CDE9020108AA294615488C
:10343000009308F08BF80028C8DB01F0D5FB42F2BE
:1034400010734FF0FF32C0186FF0004341F10001DC
:10345000824273EB010C3CBF104619460023CDE9B4
:103460000201009329460123064806AA08F08AF8BB
:103470000028ABDB9DF81830052BA7D1042363701F
:1034800076E700BF00240020D0E90223964277EBC4
:103490000303FFF46DAF002302788DF818309046D7
:1034A00001F0A2FB42F210734FF0FF32C0186FF030
:1034B000004341F10001824273EB010C3CBF104616
:1034C00019460123CDE9020106AA4146A44800930A
:1034D00008F03CF80028FFF679AF01F085FB42F2D6
:1034E00010734FF0FF32C0186FF0004341F100013C
:1034F000824273EB010C3CBF10461946002308AD15
:10350000CDE902010093414604232A46944808F07D
:1035100039F80028FFF65AAF9DF82030A02B7FF431
:1035200055AF9DF82130FB2B7FF450AF9DF8233031
:103530000F2B7FF44BAF0123072223752378ADF8BF
:103540002020984601F050FB42F210734FF0FF32FA
:10355000C0186FF0004341F10001824273EB010C8F
:103560003CBF104619460023CDE9020100932A46CC
:10357000022341467A4807F0E9FF0028FFF626AF0C
:103580003D23ADF8203001F02FFB42F210734FF0D5
:10359000FF32C0186FF0004341F10001824273EB2B
:1035A000010C3CBF104619460023CDE902010093EF
:1035B0002A46414602236A4807F0C8FF0028FFF662
:1035C00005AF022316F1190147F10002C4E9021206
:1035D0006370CDE623690133022B23617FF6C8AE09
:1035E0002378984642F23F03ADF8203001F0FCFA10
:1035F00042F210734FF0FF32C0186FF0004341F1F8
:103600000001824273EB010C3CBF104619462A466A
:10361000CDE90201414698E63F23ADF8203001F0A4
:10362000E3FA42F210734FF0FF32C0186FF000431C
:1036300041F10001824273EB010C3CBF1046194678
:103640000023CDE9020100932A4602234146444863
:1036500007F07CFF0028FFF6B9AE40F23B13ADF84F
:10366000203001F0C1FA42F21073C01841F100039A
:103670004FF0FF316FF00042814272EB030C3CBF10
:1036800008461346CDE9020300232A46009341462B
:103690000223334807F05AFF0028FFF697AE40F2A6
:1036A0003D53ADF8203001F09FFA42F21073C0187C
:1036B00041F100034FF0FF316FF00042814272EBA5
:1036C000030C3CBF08461346CDE9020300232A46FB
:1036D000009341460223224807F038FF0028FFF6F6
:1036E00075AE032316F11E0147F10002C4E9021270
:1036F00063703DE6D0E90223964277EB0303FFF4C3
:1037000037AE42F23F030278ADF82030154601F0A3
:103710006BFA42F21073C01841F100034FF0FF3111
:103720006FF00042814272EB030C3CBF0846134627
:1037300029460025CDE9020308AA0223084800957E
:1037400007F004FF40F2EE2301214FF00000F218D1
:1037500047F10003C4E9022320756170256107E683
:10376000002400202DE9F0474FF000094FF0FE0A39
:103770004F465D4C5D4E86B004F1040816F8015BBF
:1037800004F8017B002D3ED08DF813A001F02CFA37
:103790004FF0FF326FF0004310F57A6041F1000105
:1037A000824273EB010C3CBF104619460123CDE960
:1037B00002010DF1130229464D48009307F0C6FEA1
:1037C000002820DB01F010FA4FF0FF326FF00043C9
:1037D00010F57A6041F10001824273EB010C3CBFAD
:1037E000104619460097CDE90201022329464048B8
:1037F00005AA07F0C7FE002805DB44F65413BDF800
:1038000014209A4205D04445B8D1484606B0BDE8D8
:10381000F087FF238DF8133001F0E6F94FF0FF3207
:103820006FF0004310F57A6041F10001824273EBC2
:10383000010C3CBF104619460123CDE902010DF1F0
:10384000130229462A48009307F080FE0028DADB9D
:1038500001F0CAF94FF0FF326FF0004310F57A60C3
:1038600041F10001824273EB010C3CBF1046194646
:103870000023CDE902010093294602231C4805AA32
:1038800007F080FE0028BEDB46F22203BDF81420BC
:103890009A42B8D14FF48A43ADF8143027238DF8FB
:1038A000163001F0A1F94FF0FF326FF0004310F530
:1038B0007A6041F10001824273EB010C3CBF10467B
:1038C00019460023CDE90201009329460323084845
:1038D00005AA07F03BFE002895DB012309F1010949
:1038E00004F8013C8FE700BFEC6000202076011057
:1038F00000240020032805D8034B185C003818BFAB
:1039000001207047002070472076011070B5032811
:1039100086B002D8294B1C5C1CB90024204606B096
:1039200070BD0223264A8DF81330125C0E461546F0
:1039300001F05AF94FF0FF326FF0004310F57A6052
:1039400041F10001824273EB010C3CBF1046194665
:103950000123029003911B4829460DF113020093A5
:1039600007F0F4FD0028D8DB01F03EF94FF0FF3CF2
:103970006FF0004210F57A6041F10003844572EB6C
:1039800003013CBF604613464FF0000C02900393C6
:10399000294602230B4805AACDF800C007F0F2FD26
:1039A0000028BADB2046BDF814305BBAC3F30E031F
:1039B00003EB83039B08338006B070BDEC600020EE
:1039C000207601100024002070B5032886B002D8AC
:1039D000274B1C5C1CB90024204606B070BD012397
:1039E000244A8DF81330125C0E46154601F0FCF89F
:1039F0004FF0FF3C6FF0004210F57A6041F1000398
:103A0000844572EB03013CBF1346604603930123D8
:103A10000290294618480DF11302009307F096FD15
:103A20000028D8DB01F0E0F84FF0FF3C6FF00042D7
:103A300010F57A6041F10003844572EB03013CBF4D
:103A4000604613464FF0000C029003932946022370
:103A5000094805AACDF800C007F094FD0028BADB9C
:103A60002046BDF814305BBA338006B070BD00BF8D
:103A7000EC600020207601100024002008B54FF4EF
:103A8000E131064801F0FCF80221002000F074F852
:103A9000BDE808400221012000F06EB80000074098
:103AA0004FF4887C10B5ADF50E7D909C0094BDF868
:103AB0004442019405ACCDE9024CFCF70BFE10B971
:103AC0000DF50E7D10BD01464FF48973204649AABD
:103AD000FCF78AFD0028F3D0002349AA13540130D3
:103AE000EED01146064A084493699B06FCD411F8AF
:103AF000013B81421360F7D10DF50E7D10BD00BF73
:103B0000000007402DE9F041174CA369DA0616D4EE
:103B10008046164E164FA36913F01003FBD125689B
:103B2000316815F0FF050DD0B1F5897F01F1010273
:103B30009ABF32607D543360A369DB06EBD5002069
:103B4000BDE8F0814FF4887338460A4AFCF786FDD9
:103B500035600028F0D0014642460648FCF714FEC6
:103B60000028E9D0BDE8F08100000740DC740020A7
:103B7000C8730020685200204FF4807C0C4B00B5C5
:103B800053F8202003EB8003C00082F0400200F1D4
:103B9000804003F5805E02F0C00200F5203003F59E
:103BA0004053CEF800204160C3F800C000BD00BF04
:103BB00004800340DFF81CC0C90041EA82015CF8C0
:103BC00020200CEB8003514003F5805301F00C01E1
:103BD0001960704704800340064B402203EB8003CA
:103BE00019B103F500531A60704703F540531A608A
:103BF000704700BF048003404FF0000300B543EC62
:103C0000440043EC40004FF0050E4FF4807C0C4B19
:103C1000C20053F8201003EB800081F0400102F154
:103C2000804303F5203301F0C00200F5805100F518
:103C300040500A60C3F804E0C0F800C000BD00BFF7
:103C4000048003400FB400B5084883B005F0F2F8D3
:103C5000049B3BB105A91846019104F087FF044875
:103C600005F0E8F8012004F099FF00BF5873011037
:103C700020740110EFF3108072B6064BD3E8CF1F0B
:103C800001220029FAD1C3E8412F0029F6D1BFF360
:103C90005F8F70479F5000200023034AC2E88F3F88
:103CA00080F31088704700BF9F50002070B5164603
:103CB000EFF3108472B6DFF848E0DEE8CF2F01237F
:103CC000002AFAD1CEE8423F002AF6D1BFF35F8F37
:103CD000012301F0070CCA0803FA0CF310F802C024
:103CE0001CEA030508D14CEA030C00F802C0CEE838
:103CF0008F5F84F3108870BD3046FFF7A3FF00BFCD
:103D00009F500020F8B50F461946EFF3108672B6A3
:103D10001C4DD5E8CF4F0123002CFAD1C5E8443F14
:103D2000002CF6D1BFF35F8F8A421BD8012402E03A
:103D30000132914222D3D30810F803E002F0070CBD
:103D400004FA0CFC1EEA0C0FF2D14EEA0C0E00F83D
:103D500003E010460023C5E88F3F86F310889842A1
:103D600007DBF8BD0023C5E88F3F86F310884FF0CE
:103D7000FF30002FF5D00698FFF764FF4FF0FF30BB
:103D8000E8E700BF9F50002000B5EFF3108E72B639
:103D9000104BD3E8CFCF0122BCF1000FF9D1C3E81B
:103DA0004C2FBCF1000FF4D1BFF35F8F01224FEA1B
:103DB000D10C01F0070102FA01F110F80C2022EAFF
:103DC000010200F80C200022C3E88F2F8EF3108828
:103DD00000BD00BF9F500020044A1078431CDBB296
:103DE000182B28BF10231370704700BF3823002002
:103DF00000B5DFF81CC083B001461F231822CDF8A0
:103E000000C00248FFF77EFF03B000BD345200201F
:103E1000687301104FF0E022936843F00053936001
:103E2000704700BF0021044B03F12002C3E88F1F3D
:103E300001339342FAD17047945000204FF0E023B1
:103E40004FF08032C3F80024C3F80424C3F80824D8
:103E5000C3F80C24C3F81024C3F81424C3F818249E
:103E6000C3F81C24C3F82024C3F82424C3F828244E
:103E7000C3F82C24C3F8302462B67047012300F045
:103E80001F029340400941B1800000F1604000F5FD
:103E90006140C0F8803103607047024A203042F828
:103EA0002030704700E100E00123064A410952F842
:103EB000212000F01F008340134214BF0120002086
:103EC000704700BF00E100E001224309034900F010
:103ED0001F008240403341F82320704700E100E09A
:103EE000054A10309268054B52F82000C01A472846
:103EF0008CBF00200120704700ED00E03C23002033
:103F000008B5EFF3108E72B6134BD3E8CFCF012272
:103F1000BCF1000FF9D1C3E84C2FBCF1000FF4D174
:103F2000BFF35F8F0D4A10309268DFF834C052F84B
:103F30002020624501D091420BD1084A926842F894
:103F40002010BFF35F8F0022C3E88F2F8EF31088FD
:103F500008BD01F0EBF800BF9D50002000ED00E02F
:103F6000110100102DE9F84F8B461146EFF3108830
:103F700072B6664FD7E8CF2F0123002AFAD1C7E8DF
:103F8000423F002AF6D1BFF35F8F614B93F90040A7
:103F9000002CC0F2B88000F110055E4804EB440923
:103FA00000EB890296794FEA89091E705A4B9B688B
:103FB00053F82560331A472B35D826F0010E9EF8AA
:103FC00007308B4209D86FE00CEB4C0300EB830306
:103FD00093F807A08A4551D99E469EF906C0BCF1C8
:103FE000000FF1DA4BF601590EF1040A131FA3EB8F
:103FF0000A03C3F34A036FEAC3436FEAD3438EF85D
:104000000640DFF820A104EB440400EB8402AEF884
:10401000043040F824A0A2F8049082F806C0D171C0
:10402000C2F808B01DE03D4B9E426CD13C4BD171B3
:1040300009F102010144043B5B1AC3F34A036FEA2E
:10404000C3434FF421416FEAD34320F80910538052
:10405000FF214BF60153C2F808B09171938042F0F2
:1040600001062D4B9B6843F82560BFF35F8F00234B
:10407000C7E88F3F88F31088BDE8F88FF2466FF0ED
:104080000703A3EB09033AF8049F1B1A49F30A0933
:1040900009F102090AEB49099944C9F34A096FEA8F
:1040A000C9496FEAD949A1E76FF00703D1711C49EB
:1040B00009F1020404440439091BA3EB0903C1F309
:1040C0004A011B1A6FEAC1417344C3F34A036FEA02
:1040D000C3436FEAD1414FF421466FEAD343518085
:1040E000104920F8096093804AF6AA2473461B1AE7
:1040F0005B415C43240DC2F808B0947142F00106A4
:10410000CEF80010ADE701F011F800BF9D5000207F
:10411000207500203C23002000ED00E0110100107C
:1041200084230020014880472DE9F041EFF3058307
:10413000DBB29E46EFF3108572B62F49D1E8CF2F40
:104140000123002AFAD1C1E8423F002AF6D1BFF389
:104150005F8FDFF8B48040F00106D8F808704AF6A7
:10416000AA2357F82E700446244AA41A64416343D4
:104170001B0DB7425BB226D092F906409C4228D074
:1041800092F912409C422FD092F91E409C422DD0B1
:1041900092F92A409C422BD092F936409C4229D079
:1041A00092F942409C4208BF052413D0144A0024CF
:1041B00092F800C0137080F806C0C1E88F4F85F3F5
:1041C0001088BDE8F081D8F808200E4C42F82E4047
:1041D000ECE7002404EB440402EB8402FF24947116
:1041E0004BF601549480E1E70124F3E70224F1E760
:1041F0000324EFE70424EDE79D5000203C2300203A
:10420000207500201101001000ED00E000B5DFF87E
:1042100024C083B0014605230022CDF800C0044825
:10422000FFF770FD0028A8BFC0F1330003B000BD48
:104230002A75002084730110014B0B440360704702
:104240009450002070B5104C104DAC420ED2FF2699
:10425000236863B1FFF7C0FD01462046FFF7ECFF7E
:10426000A680BFF35F8F0834AC42F1D370BDFFF777
:10427000B3FD01462046FFF7DFFF2671BFF35F8FD6
:104280000834AC42E4D370BD18260020202600205C
:1042900010B50446FFF7A0FD01462046FFF7CCFF0E
:1042A000FF232371BFF35F8F10BD00BF10B504461D
:1042B0000120FFF79DFD034B03442360BFF35F8F95
:1042C00010BD00BF94500020024B0B440360BFF3AD
:1042D0005F8F70479450002010490B68EFF31080F7
:1042E00072B6D3E8CFCF0122BCF1000FF9D1C3E8F9
:1042F0004C2FBCF1000FF4D1BFF35F8F084A4FF091
:10430000000C1378096801331370C1E88FCF80F374
:10431000108840BF00200021704700BFF0740020CB
:1043200022750020000000002DE9F04F2DED028BDA
:1043300085B0EFF30583DBB2103B9A0818BF01226A
:104340004FF0010103F0030B18BFA94CA94B08BFA4
:10435000A94C0BEB820253F8225001FA0BF204F540
:1043600041539FEDA18B02925A602FE0AB88190454
:1043700040F19480AB79002B40F0DE80B5F9086005
:10438000002EC0F21C816B6906EB460603EBC603E8
:10439000D3E90267B7F1FF3F08BFB6F1FF3F0ED088
:1043A00004EB8B01A36A0A69D21AF31A934205D36C
:1043B0000123226A03FA0BF3134200D10E61204657
:1043C00000F00AFCB042B941C0F2F980B5F90860CA
:1043D000029B002EE363C9DBD5F8149006EB460A76
:1043E00009EBCA07BB682046D7F80C80019300F0A0
:1043F000F3FB019B984271EB0801B7DBB8F1000FAA
:10440000C0F2C080D7E904317C4A934200F0F880C2
:104410007A88B5F9080092B242EA0040984702460D
:104420000B4652EA030100F0AD80002B80F2CD80F4
:104430000199B1EB020E68EB030839F93A30C7E98C
:1044400002E8002B92DB686903EB430200EBC20237
:10445000D2E90271BE4578EB010C4FEA430285DBDD
:10446000AC462CF8083F06E003EB430100EBC1012A
:104470005A00D1E90271BE4578EB01011A4405DB0F
:1044800030F9323000EBC20C002BEDDA29F83A306B
:10449000ACF80060AB8819043FF56CAF2B69EFF303
:1044A000108272B6D3E8CF0F01210028FAD1C3E8F9
:1044B000401F0028F6D1BFF35F8F4FF6FF76A88824
:1044C0000023296900B2AE80C1E88F3F82F31088D3
:1044D0009842FFF64FAF0746A1466E6905F10808FE
:1044E000B5F9083007EB470E002BC44606EBCE02A9
:1044F00015DBD2E90240AA46019704E036F93530CF
:104500009446002B09DB03EB430506EBC502D2E919
:104510000271BC4270EB0101F0DA5546019FACF824
:10452000007036F93E7026F83E30002FD8DAAB79AD
:104530004C46002B3FF422AF0023AB71B5F9086065
:10454000721C33463BD0686905F1080E03E08E46C5
:104550005A1C3FF415AF03EB430200EBC2014F8836
:104560009C463F0430F93230F1D5664581ED028B2F
:10457000EED0AEF800302989664620F83210A5F852
:1045800008C0E5E739F83A302B812B69EFF3108248
:1045900072B6D3E8CF0F01210028FAD1C3E8401F3B
:1045A0000028F6D1BFF35F8F6B88296929F83A306C
:1045B00000236E80C1E88F3F82F31088D6E640BFAB
:1045C00005B0BDEC028BBDE8F08F2046039301924D
:1045D00000F002FB019A039B10EB020E43EB010873
:1045E0002BE700BFAFF30080FFFFFFFFFFFFFFFFE0
:1045F00000800B40CC60002000000B4029430010DD
:1046000008460B69039198470028BBD00399D1E96C
:10461000002306E738B5384B1C692CB1BDE838409B
:104620000A213648FFF708BE0321354800F0C2FAD8
:10463000334D314BDD60FFF7CFFB324A4FF0504E28
:10464000024403202C4B4FF00F0C18701A61DEF857
:1046500000204FF6FF715A705A69A3F802C0148304
:104660004FF00204A2F848404FF00404A2F878404A
:104670004FF00504A2F890404FF00604A2F8A840BD
:104680004FF00704A2F8C0404FF00904A2F8F04030
:104690004FF00A04A2F808414FF00B04A2F82041A1
:1046A0004FF00C04A2F838414FF0010414864FF08B
:1046B0000804A2F8D840144C4FF00D0E4FF00E0C29
:1046C0009C6008249980A2F850E1A2F868C1A2F881
:1046D000600011800D4A2C620D49D360FFF710FC79
:1046E00001210320FFF7CAFB0A4B0A211C6403487F
:1046F000BDE83840FFF7A0BDA8230020F0740020DB
:1047000000000B4094500020FFFF1000CC60002000
:104710002943001000200B4000487047A8230020C8
:10472000F0B583B09DF828401D46034654B9CDE945
:10473000000200F059FA019A009B824265EB0101E8
:10474000A1425BDB1969EFF3108072B6D1E8CF6F3D
:104750000124002EFAD1C1E8464F002EF6D1BFF356
:104760005F8FB3F902401F69002C3EDBD3F814C001
:1047700004EB440E3CF83E10002659800CEBCE01B1
:10478000C7E88F6F80F310884888C1E9022501309F
:10479000C0F30E00012838BF0120089A48800A6142
:1047A000099A40EA04404A611A69EFF3108172B62F
:1047B000D2E8CF7F0125002FFAD1C2E8475F002F52
:1047C000F6D1BFF35F8F9A882CF83E201A699C803F
:1047D000C2E88F6F81F3108801211C78DA68A1404C
:1047E00002F50153596003B0F0BD0023C7E88F3FC5
:1047F00080F310884FF0FF3003B0F0BD204603B0C7
:10480000F0BD00BFF0B516461F4602690346EFF340
:10481000108072B6D2E8CF4F0121002CFAD1C2E845
:10482000441F002CF6D1BFF35F8FB3F902101D694E
:10483000002945DBD3F814E001EB41023EF8324099
:104840000EEBC20C5C800024C5E88F4F80F310880B
:1048500005983546CCF8100006983E46CCF8140072
:10486000BCF80200CCE902560130C0F30E0001286A
:1048700038BF0120ACF8020040EA0140D3F810C074
:10488000EFF3108572B6DCE8CF7F0126002FFAD156
:10489000CCE8476F002FF6D1BFF35F8FB3F804C0A9
:1048A0002EF832C099801A69C2E88F4F85F31088BC
:1048B00001211C78DA68A14002F501535960F0BD6E
:1048C0000023C5E88F3F80F310884FF0FF30F0BD24
:1048D00003464089B0EB214F3ADD58690A1402EBD8
:1048E000420210B5D3F810C000EBC200EFF3108EF7
:1048F00072B6DCE8CF4F0122002CFAD1CCE8442F6D
:10490000002CF6D1BFF35F8F428889B292B28A42FF
:1049100007D000221B69C3E88F2F8EF31088002078
:1049200010BD6FEA42426FEA5242428001210022EA
:1049300018699971C0E88F2F8EF3108893F800C022
:10494000DA68084602F5015301FA0CF1596010BD0E
:1049500000207047407870472DE9F04383B0064649
:1049600000F042F94FF47A7304464FF0FF306FF0D5
:104970000042E6FB0341A04272EB01033ABF04464A
:1049800015460D46A61F45F1FF37B44275EB0703E8
:104990003CBF0026374600F027F9301A67EB0101CB
:1049A000012871F1000106DA2046294603B0BDE86E
:1049B000F04300F053B900F017F9864267EB0101AC
:1049C00000290ADB00211D4B324600931C483B4660
:1049D0000191FFF717FF0130E6D04FF0000E194AA2
:1049E000DFF868C01849536A9F4204D8906AB04201
:1049F000DAD29F42D8D1DCF80030EFF3108072B6E3
:104A0000D3E8CF9F5FF00108B9F1000FF8D1C3E8F8
:104A1000498FB9F1000FF3D1BFF35F8F0B785FFAC5
:104A200083F8DCF80030C3E88FEF80F31088087853
:104A3000804500D120BF20BFD5E700BFD94200107C
:104A4000A823002000000B4022750020F0740020F5
:104A5000F0B5024685B0EFF30585EDB2002D61D1CA
:104A60000B46424CD4E90001994208BF90424AD01B
:104A7000CDE902233E4BDF681E78384600F0ACF8E3
:104A800006F1040C57F82CC0029A039BACEB000C07
:104A9000101A63EB0101604571F1000133DACDE9D1
:104AA000022300F0A1F8029A039B824263EB01010A
:104AB000002949DB2F492E4800910195CDE90232AA
:104AC000FFF7A0FEDDE90232011E3DDD2A48C4E900
:104AD0000023446A9C4246D3806A904241D32448D2
:104AE000CDE90232FFF7F4FE2349029B486A98425F
:104AF0001CD314BF012000208B6A039A934228BF65
:104B000040F001000CE020BF1B49486A98420DD3D9
:104B100014BF012000208B6A934228BF40F001009F
:104B200005B0F0BD1448436A8B4202D2002005B0A4
:104B3000F0BD14BF01230023816A914234BF18469F
:104B400043F0010005B0F0BD0B49486A9842EDD32F
:104B5000C01A18BF01208B6A934228BF40F00100A1
:104B6000DEE79C42BBD120BFB9E700BFA0230020F5
:104B7000A8230020D942001000000B40084BD0E9C8
:104B800000C15A6A914208D814BF012000209B6AD4
:104B9000634528BF40F0010070470020704700BF08
:104BA00000000B4001460248C1E90023704700BFE6
:104BB0007D4B001010B4054B054C064AA04214BFB3
:104BC0001846581C10BCFFF771B800BF38520020BF
:104BD00000800B40A07301100346416A0A46986AA0
:104BE000596A8A42FAD17047034B596A0A46986A51
:104BF000596A9142FAD1704700000B4000B58E46C9
:104C0000154A536A9C46916A536A6345FAD1401823
:104C100053EB0E034FF0000228BF0122BAB10E4B36
:104C20005A6A531C08BF104608D04FF0FF3318468D
:104C300009494A6A9A42FCD39A4207D1064B02E0DC
:104C4000596A914202D1996A8142F9D300BD024A60
:104C5000526A9342ECD8EFE700000B40074A536AD0
:104C60009942FCD8994207D1044B02E05A6A91421A
:104C700002D19A6A9042F9D8704700BF00000B40F9
:104C800070B5044682B006200E4600F0EFF800280A
:104C900044D0384A3848944214BF4FF080624FF0F5
:104CA0000062364B364902601A608D6832EA0505AB
:104CB000FBD1304A4FF48070A21AB2FA82F2314925
:104CC000520921F81200062000F0D0F8C200B2FB11
:104CD000F6F20132D10923D1402601236362A16299
:104CE000256BEB0725D42346002153F82C2F0620F3
:104CF00003F5805211602563019200F0B7F840F28D
:104D0000013503218000B0FBF6F0E36A019A83F0DD
:104D1000700303F07E0313602563A16402B070BDCD
:104D20004FF6FE7081421DD929464FF6FF73164E8D
:104D3000D4E740F2013204F540531A63636AA26A71
:104D4000062002EB8312019200F090F80F4B019ABB
:104D5000A3FB00139002DB0AB0FBF3F00021FFF786
:104D60004DFFC0E7C2F345020B4602EB8116114628
:104D7000B4E700BF0080074000200240003002403E
:104D80000000024000750020C0FF3F00757B2B8FA4
:104D900000EB400C4FEA8C0C0CF1804C0CF5803C85
:104DA00070B51E46DCF80430041FB3F5803F38BFF1
:104DB0004FF48033E4B238BFCCF80430012C2ED944
:104DC0004FF40065284B0CF5405ECEF8005053F8C8
:104DD00020E0BEF1000F17D1DCF800E0012C8EEAD4
:104DE000421202F0E0020CF5805ECEF800202BD9D2
:104DF0004FF4006143F820604FF480330CF500520B
:104E00001160CCF8043070BD5D69B5FBFEFE0EF19B
:104E1000010E0EEB4E0EBEF1030EFCD2DCE70129B3
:104E2000CED103240CF540531C60DCF80830DB07BE
:104E3000FBD5DCF800300CF5805E83EA421303F00A
:104E4000E003CEF80030084B0122DCF800404C4073
:104E500004F00304CEF8004002FA01F1DCF8082067
:104E60000A42FBD0C4E700BF40520020014B53F878
:104E7000200070474052002010B5029C8E464FEA39
:104E8000043C4CEA034C1C4BB3FBF1F30168B2FB4E
:104E9000F3F4002920DB194A194B904214BF4FF458
:104EA00080424FF4004217491A6003F580531A609C
:104EB0008B6832EA0303FBD1212200F5405304330F
:104EC000C0F800E084601A600268002AFCDA082258
:104ED000C0F80CC01A6010BD036803F03F037345AF
:104EE000D9D18368C3F30B03A342D4D1C36803F4BD
:104EF000EE236345CFD110BD001BB70000800540F5
:104F00000020024000000240024A034B12685A602F
:104F1000704700BF9C60002000800D4000B54FF03E
:104F2000804E184B184ADFF86CC0DA61174A03F557
:104F30004053C3F800E0C2F808C04FF0E062F1B19E
:104F4000A3F580531A6020B94FF00042104B1A604D
:104F500000BD4FF47A7303FB00F0B0F1807F2ABFED
:104F60006FF07F43034618464FF08042DFF828C0B9
:104F70000449CCF80030064B48601A6000BD1A6046
:104F8000E1E700BF00800D402131B76A00A0014079
:104F900000A00D40F3FFFF019C6000204FF0804C0B
:104FA000214B00B5C3F800C0002839D0DFF888C015
:104FB000A3F54053C3F81CC0DFF880C040F00100E7
:104FC00080EA0C0CC3F820C0596298624FF0804E02
:104FD0004FF0E061144B1548DFF864C0C3F800E0FF
:104FE000C0F808C019602AB94FF00042A3F58053F9
:104FF0001A6000BD4FF47A7303FB02F2B2F1807FB6
:105000002ABF6FF07F4313461A464FF08041DFF806
:1050100034C00748CCF80030064B4260196000BD30
:10502000034BD861D2E700BF00B00D4000A00140A3
:1050300000800D4000A00D40D3C007B02D3FF84FB9
:10504000F3FFFF019C600020012300EB4000800083
:1050500000F1804000F5841041600360704700BF9C
:1050600010B5002482B00B46E48A002141E800F12B
:10507000CDE900034B0254BF1021042144F2522019
:10508000A047DDE9002386460A214FF48170F446EB
:1050900002B0BDE8104060470023DB8A002242E8EE
:1050A00000F2520201D4102118470421184700BF12
:1050B00008B503460846191E02DB1AB140F030005D
:1050C000FFF7CEFF40F02000FAE700BF034AD2F816
:1050D0002838002BFBD0BFF35F8F704700000E40D5
:1050E0000021044B044ABFF35F8F43F8041B934233
:1050F000F9D170470C080E402C080E404FF42A6C72
:105100004FF48D70054A064B0649C2F800C0D060C6
:1051100019605368002BFCDA704700BF0080044020
:1051200000A0044000B0FA00704700BF08B5014875
:10513000FEF788FDC473011038B5054C054DAC422F
:1051400004D254F8043B9847AC42FAD338BD00BFB0
:1051500038720110787201100648DFF828C0064B3B
:10516000064A0749C0F800C01A608B6832EA030398
:10517000FBD170470020024000300240F6FFF303ED
:10518000000002407F3BEFEF044BDB6CB3F5004FB8
:1051900003D14FF48022024BDA64704700001150B3
:1051A000002011504FF0E022044BD2F8881D0B4331
:1051B000C2F8883D10EE3004704700BF0303300092
:1051C0006FF06041044B054A19609368DB4333F08C
:1051D0006043FAD1704700BF003002400000024037
:1051E00010B545F25320FFF757FFBDE810400346C6
:1051F0000420184710B545F25320FFF74DFFBDE8D6
:105200001040034601201847FEF70CBE1349144B0B
:1052100070B55C1AA508442D2A4628BF4422114EB9
:105220009200304611F0BCFF432D13D80E4A0FD028
:10523000C5F144003319410803EBC101C3E9002261
:1052400008338B42FAD1C30704D520F0010005448E
:1052500046F82520054B9E6070BD00BF0000001081
:1052600010010010000000201101001000ED00E00E
:10527000002370B52B4C82B0C4F88430FFF73EFF9A
:105280000122294BDA63636C012BFCD10321264AEE
:10529000244B11639C6B012CFCD102260525214671
:1052A0000523224A22480096FFF7E6FD21462B46B9
:1052B000204A21480095FFF7DFFD002204203146F7
:1052C0001E4BFFF765FD2146284600221C4BFFF7C9
:1052D0005FFD0022082011461A4BFFF759FD0022FE
:1052E00009201146174BFFF753FD002206201146F7
:1052F000134BFFF74DFD0022114B07201146FFF71E
:1053000047FD0420FFF7B2FD00240F4BA3FB00353F
:10531000AD0CE0B229460134FFF796FE062CF8D119
:1053200002B070BD0000014000300140002F6859FC
:1053300000000540008C864700800540001BB70038
:1053400080D1F008006CDC0283DE1B43000000000B
:105350002DE9F04FC1F30A5916461F4689B0A9F24C
:10536000FF38B9F1000F30D040F2FF7291452CD0D8
:105370000024C9F57F720332201801EB025101F0BD
:1053800018F987A3D3E9002300F004FD0022864B1F
:1053900004460D4600F002FE48B120462946002290
:1053A000824B00F0BFFC04460D46A9F2FE38B8F16E
:1053B000000F22D132463B462046294600F0C6FC6B
:1053C00009B0BDE8F04F00F0ABBA01F0F2F874A3F9
:1053D000D3E9002300F0DEFC0022734B04460D46A7
:1053E00000F0DCFD48B12046294600226F4B00F05A
:1053F00099FC04460D46A9F2FE3830463946002293
:105400006B4B00F0B7FD48B1B8F1000F4FF0000052
:10541000C0F2B680674909B0BDE8F08F3046394622
:105420000022654B00F092FD8146002840F0A280EA
:105430003046394600F032FA0B46024682468B4629
:105440003046394600F06EFC1A22CDE9020100F028
:1054500003FA00F023FAC1F30A5340F2FF7C064638
:105460000F464BB1634507D01A2BD5BF4E460646B3
:1054700001F00047A1F1D0775946504600F00AFDEF
:105480008146404600F0E2FC32463B46CDE904014D
:1054900000F05CFC82468B4600F000FA0A460146AA
:1054A0001346CDE9001202465946504600F03AFC38
:1054B000DDE902AB32463B46CDE90601504659468E
:1054C00000F030FCDDE9042300F040FCDDE90623B8
:1054D00000F014FCCDE90401484600F0B7FC224678
:1054E0002B4600F033FC06460F4600F0D7F90A467B
:1054F00001461346CDE9021202463946304600F015
:1055000011FCDDE9042300F0F9FB06460F462246B4
:105510002B465046594600F019FC32463B4600F0F7
:10552000EDFB00F0FDF9C1F30A5440F2FF730D46A4
:105530000646002C3FF46FAF9C423FF46CAFDDE9B0
:10554000000100F0A7FC08FB09F70744DDE90201B0
:1055500000F0A0FCC3191C44002C1ADD40F2FE72BE
:10556000944211DD05F0004545F0FF41002041F473
:10557000E00150E7B8F1000F4FF00000FFF64AAF2E
:10558000002109B0BDE8F08F002205EB035190190E
:1055900041E7002005F000413DE700BFAFF3008088
:1055A000EF39FAFE422EE63F0000E03F0000F03FF8
:1055B0000000B0400000F07F0000B0C0012A2DE9DB
:1055C000F84F6CD002EBD2735B10012B06460F46EE
:1055D000144698464FD01346002AB8BFD31C9B10E0
:1055E000012B994600F082801346002AB8BFD31DD4
:1055F000DB10012B9A4658D01346002AB8BF02F19F
:105600000F031B11012B9B4673D01346002AB8BF12
:1056100002F11F035B11012B1D4674D0002AB8BF95
:105620003F329211FFF7CAFF02460B4600F08EFB95
:10563000ED0702460B465FD41046194600F086FB84
:105640001BF0010F02460B4605D032463B4600F0E8
:105650007DFB02460B461046194600F077FB1AF018
:10566000010F02460B4622D032463B4600F06EFB4D
:1056700002460B461BE002460B461046194600F058
:1056800065FBE40702460B4605D532463B4600F073
:105690005DFB02460B4610461946BDE8F88F0246F0
:1056A0000B4610461946BDE8F88F02460B461046D9
:1056B000194600F04BFB19F0010F02460B4605D0CE
:1056C00032463B4600F042FB02460B461046194666
:1056D00000F03CFB18F0010F02460B46CDD03246DD
:1056E0003B4600F033FB02460B46C6E702460B463C
:1056F000ECE702460B46AEE732463B4600F026FB9F
:1057000002460B4698E702460B4695E700292DE92D
:10571000F04716461F4604460D4680F28D80C3F3BF
:105720000A53A3F2FF33342B26D84FF0FF31C3F1D5
:10573000340CC3F1140801FA08FA01FA0CF9A3F1C8
:10574000140E49EA0A0921FA0EFA49EA0A0901FA8D
:105750000CF122EA010127EA090951EA09010BD1FA
:1057600073B322FA0CF007FA0EFE40EA0E0027FA95
:1057700008F21043C30723D405F100431D46A04699
:1057800099463046394600F085FB2B0D824602468D
:1057900007D040F2FF70834203D0C5F313012143C9
:1057A0001DD0BAF1000F17D00AF12003402B30D9D9
:1057B00032463B4640464946BDE8F047FFF7C8BD84
:1057C0003B463246204605F10041FFF79FFF01F1BD
:1057D00000431946BDE8F08700201C49FAE71C4A3F
:1057E000A3F2FF335245B8BF52468242A8BF0246D9
:1057F00002FB03F101F2FF33002B20DD40F2FE72C9
:1058000093421FDC0022114800EB01531946104659
:10581000E0E7BAF1000F09DA42464B4600200B4997
:1058200000F0B8FA80468946CAF10002404649466F
:10583000BDE8F047FFF7C2BE80468946A1E70020D9
:105840000021C7E700200349C4E700BF0000F03F84
:1058500000F8FFFF0000F07FC1F30A53C3B110B599
:1058600040F2FF7E73450ED01344002B8C460BDDB7
:1058700040F2FE718B420CDD00200CF0004C4CF02D
:10588000FF4141F4E00110BD002001F0004110BDD6
:10589000704700230CEB0251181810BDC1F30A53D6
:1058A000A3F2FF33B3F1FF3F0A462CDB2FD0332B9B
:1058B00028DC012170B506460220C3F13304C3F190
:1058C000130E133B21FA03F301FA0EFE4EEA030E08
:1058D000A4F1200C01FA04F3C4F120059B1920FA6D
:1058E00005F100FA0CFC00FA04F042EB0E024CEA5F
:1058F000010ED0F1000C6EEB4E0E0CEA03000EEA26
:10590000020170BD7047002001F00041704701F0B6
:10591000004242F07F51002041F44011704700BF27
:1059200040F6FF7CBCEB115F40D0F8B500222A4B5B
:1059300005460E4600F00AFBA8BB00222846314669
:10594000264B00F017FB044698BB28463146FFF76C
:10595000A5FF00F09FFA074600F078FA02460B46D2
:105960002846314600F0DEF919A3D3E9002300F000
:10597000EDF900F0A0FCC1F30A5340F2FF7C86462B
:105980000A467BB163450DD03B44A34214DD40F28F
:10599000FE718B4214DD204602F0004242F0FF41CE
:1059A00041F4E001F8BD00200021F8BD00200021F5
:1059B000704700200A49F8BD204601F00041F8BDBB
:1059C00014EB0E0002EB0751F8BD00BFAFF30080EF
:1059D000EF39FAFE422EE63F0000B0C00000B040B2
:1059E0000000F07F2DE9F04F14461D4683B00022E1
:1059F000AD4B8046894600F083FA002840F0818054
:105A0000C5F30A572E46BA460194002F44D04046AB
:105A100049460022A54B00F073FA002841D040F21D
:105A2000FF739F4238D040F2FF722B0D934200F07B
:105A3000938040F2FF319D4B40F6FF72300D904253
:105A400000F0A580AAF2FF32002AC0F20A81332AB0
:105A500019DC4FF0FF31C2F1340EC2F1140C01FA1F
:105A60000CFC01FA0EF0143A21FA02F240EA0C00A2
:105A70001043019A01FA0EF122EA010126EA000020
:105A8000014340F0EE8022462B464046494603B093
:105A9000BDE8F04FFFF73ABE0020834903B0BDE8F0
:105AA000F08F4B46C9F30A52190D7ABB8542A7F213
:105AB000FF3235DB342A54D84FF0FF332746C2F18A
:105AC0003400C2F1140403FA04FC03FA00F1A2F159
:105AD000140541EA0C0123FA05FC41EA0C0183405C
:105AE00027EA030326EA01010B433AD14AB1C74032
:105AF00006FA05F547EA050026FA04F42043C10733
:105B00002FD54046494603B0BDE8F08F40F2FF7004
:105B1000814243D1002D4FF000001EDA0021BDE785
:105B2000342A19D84FF0FF312746C2F11405C2F1CB
:105B3000340401FA05FE01FA04F0A2F1140C40EA63
:105B40000E0021FA0CFE40EA0E00A14027EA0101F6
:105B500026EA0000014307D00020554903B0BDE804
:105B6000F08F0020002199E700204AB1E74006FAB3
:105B70000CFC47EA0C0426FA05F52C43E207ECD5A9
:105B800003F0004343F0FF4141F4E00186E740F2B7
:105B9000FE3399424FF00000DFDDBFE740F6FF70B3
:105BA000814271D1002DA7F2FF332CDB342BD3D8E7
:105BB0004FF0FF322746C3F13400C3F1140402FA58
:105BC00004FC02FA00F1A3F1140541EA0C0122FAE7
:105BD00005FC41EA0C01824027EA020226EA0101A3
:105BE0000A43B9D1002B48D0C74006FA05F547EA69
:105BF000050026FA04F4204310F0010F4FF00000D6
:105C0000ABD02C494AE7342BABD84FF0FF322746B4
:105C1000C3F13400C3F1140402FA04FC02FA00F1E7
:105C2000A3F1140541EA0C0122FA05FC41EA0C013A
:105C3000824027EA020226EA01010A4391D1FBB120
:105C4000C74006FA05F547EA050026FA04F42043A2
:105C500010F0010F4FF000003FF460AF4FF0004133
:105C60001CE7002BFFF678AF22462B4640464946FC
:105C700003B0BDE8F04FFFF76BBB00200D490DE707
:105C800000204FF0004109E740F2FF77280DB842AD
:105C900011467FF4D1AE40F2FE339A424FF000003D
:105CA0007FF73CAF59E700BF0000F03F0000F0BFB6
:105CB0000000F07F0000F0FF86B003B451FC080440
:105CC000CDE9020151FC0904CDE9040151EC0A04BB
:105CD000CDE9060103BCF047BDE800504EEC00C41E
:105CE000BDE800504EEC01C4BDE800504EEC02C4CB
:105CF00000BD000000B5FFF7DFFF02E010FE30F44A
:105D0000F8D441EC100443EC112400EE010410EE31
:105D1000010480EE200451EC1004704700B5FFF739
:105D2000CBFF02E010FE30F4F8D441EC100443EC59
:105D3000112400EE010410EE210480EE200451EC49
:105D40003004704700B5FFF7B7FF02E010FE30F4F3
:105D5000F8D410B541EC100443EC112451EC0404C8
:105D600053EC0524A0FB024C5FF0000EE0FB03CED9
:105D7000E1FB02CE4CEC20440024E1FB03E444ECC4
:105D800030E480EE200451EC500410BD00B5FFF764
:105D900093FF02E010FE30F4F8D441EC100443EC21
:105DA000112451EC2104A0FB01126FEA820252FB84
:105DB000100052FB12F252FB1000A0EBD07C53EC0F
:105DC00004245CFB13F153EC1524A1FB022001FB1E
:105DD000030053EC4424A2EB000050FB1CF24FEAFA
:105DE000111312EB017043EBE27140EA515020EACB
:105DF000915020F0070053EC7524A0FB023C53ECBB
:105E0000752400FB03CC01FB02CC53EC0424ACEB67
:105E1000824C40EA5C70A0F1010041EC400480EE4D
:105E2000200451EC7004704700B5FFF745FF02E015
:105E300010FE30F4F8D441EC100480EE220410EE91
:105E4000B204704700B5FFF737FF02E010FE30F4F0
:105E5000F8D440EC700400EE010410EE210480EE52
:105E6000200451EC3004704700B5FFF725FF02E035
:105E700010FE30F4F8D440EC600400EE010410EEA3
:105E8000210480EE200451EC3004704700B5FFF788
:105E900013FF02E010FE30F4F8D441EC800400EE71
:105EA000010410EE010480EE400410EE130470476C
:105EB00000B5FFF701FF02E010FE30F4F8D441EC2A
:105EC000800400EE010410EE010480EE400410EEA8
:105ED0003304704700B5FFF7EFFE02E010FE30F428
:105EE000F8D441EC100443EC112400EE010410EE50
:105EF0003004C0F30070704700B5FFF7DDFE02E02C
:105F000010FE30F4F8D441EC100443EC112400EE00
:105F1000010410EE3004C0F38070704700B5FFF745
:105F2000CBFE02E010FE30F4F8D443EC102441EC38
:105F3000110400EE010410EE30F48CBF01200020AB
:105F4000704700BF00B5FFF7B7FE02E010FE30F467
:105F5000F8D443EC102441EC110400EE010410EEDF
:105F600030F42CBF01200020704700BF00B5FFF7C0
:105F7000A3FE02E010FE30F4F8D441EC100443EC30
:105F8000112400EE010410EE30F42CBF012000209B
:105F9000704700BF00B5FFF78FFE02E010FE30F43F
:105FA000F8D441EC100443EC112400EE010410EE8F
:105FB00030F48CBF01200020704700BF404261EBED
:105FC000410140F2F334B1FA81F20C2A0CD21532BD
:105FD00011FA02F3C2F12002D04021FA02F1224468
:105FE000584141EB0251704769B1C2F12B0230FABE
:105FF00002F3C2F12002914090401943A4EB020247
:1060000001EB0251704701004FF00000A4F12004A1
:10601000D9D17047012767F31F5117FA03F817D03A
:10602000A0FB080701FB0871A1FB06785FEAD846D0
:106030009219A6FB047806FB0588090351EA105162
:10604000D7EB003061EB0801A94238BF70470BE085
:106050000C33012717FA03F80FD0A0FB080701FB48
:106060000871A94238BF704708BFA04238BF7047C7
:10607000001B61EB05010132704703F1200311FAA7
:1060800003F6D3F12003D840D940304370470000D5
:1060900000000000000000000453B1086018850FE4
:1060A000C8E5F22A6E07271E0D12B2210412572FDF
:1060B00012557CBCDA30723F17A717A55531994E9F
:1060C0009D0DBF0AEEE0AB5FE3EF6D9C7636AD6FE2
:1060D000697BCCE33D62BD7EF0810682F3FA428F9C
:1060E00037D5B78A5313C89E7FABB320491570AF1D
:1060F0000000000000000000025E88155580FF00CF
:10610000907806B1A602FE01DC4E21F0EB88FB027E
:106110007A7C801F1615F8033C5DA9D110A9F30401
:10612000AA466CF5C146EE05FF65E4EB09F0E7060B
:1061300013C00C9EC3A6E007E1BFEC91C46CD80865
:10614000D5AF5EFFDC43CF09466A72E4D72DC50A9E
:10615000237E6E197B2CBA0BBFF571648741AE0CA0
:1061600061DFB88CB86EA10D09A9856DC5B5930E18
:106170003153B1086018850F3071E4983598751067
:106180005915550580FF0F0009C3EB8F80FB2F00C9
:10619000B1910E9A82F34F001FE7FD2287E76F004F
:1061A000C3A09A298FD78F004F4366AC9BC3AF0023
:1061B000412A83A9ADABCF004FB7B41EC68FEF0005
:1061C000B6815F09E66F0F01678589660E4C2F0166
:1061D0001A52DA3240244F01483A9B6A7CF86E0129
:1061E000FF81B709C4C88E019C8DBC0B1895AE0108
:1061F0007010DA6B795DCE013A3BE224E921EE01C1
:1062000038739533427FECA03114FAF5BD8689913D
:106210006B02FAE6E0F29183E682120713A8517747
:10622000212621686AB2736A9D0DBF0AEEE0AB5F5A
:1062300019B4E0B71CB66A549596E53DEF07A5483A
:10624000D1CBE555DC0E4E3CCE68ADE839B5A43275
:10625000CB3CFA96D9569A28C9B21CA1F9FCAE21BA
:10626000864B6BE58AD2F0160453B1086018850F8F
:1062700002C00C9EC3A6E007000000000000000062
:10628000AC79CFD1F71772B1293BAAB84FEAC12038
:1062900040F00040490043F1200340F20001C3F602
:1062A000F071C3F10B0320FA03F038BF704740428E
:1062B00061F1000170475FEAD17CC1F30A53A3F298
:1062C000FF330C2B62DA13F1200FDFDD2DE9F041F3
:1062D0003C4C70CC4FF00002FFF79CFE1CF0010F0D
:1062E00004D06FEA0202201A65EB010102F2FE3CC3
:1062F00040F2FE739C455CD20A0F334B03EBC203A2
:106300000CCB02F03F0545F04005801A99410A0E7A
:106310002E4B03EBC20318CB02F580725543C01A13
:10632000A1414A0D2A4B03EBC20318CB124402F5DC
:10633000805205FB0255C01AA1418A0252EA9052CE
:1063400042F1000282FB02345B0D53EAC423C01801
:1063500041EB545184FB02344FF0553383FB04343A
:1063600054FB11F304EB930410EB440241EBE47390
:10637000E900A1FB0240C1FB0301400A50EBC15000
:106380004FEA512151EB0C51BDE8F081B3F5806F1C
:1063900007D150EA01320CBF21EAE17141F400213A
:1063A0007047002000211CF0010F08BFC7F6F071F4
:1063B00070474FF000004FF00001A8BFC7F6F07122
:1063C000BDE8F0818062001090600010F060001065
:1063D0008061001040F20001CFF6F071002070479C
:1063E00050EA013218BF41F4002170477FEAA655F8
:1063F00040F019814FF4805420E18CEA11331B06E0
:1064000040F0EE80BCF1000F67D1C90451EA503171
:10641000C004B1FA81F4202C4BD20125A540A0FB89
:10642000052301FB0533A0FB03C5A1FB02C6E1FB6D
:106430006356B2EB152263F10003B2EB066273EB15
:106440001623A0FB06C7A1FB05C8E1FB66784FF049
:106450005535A7FB05C65FF0000CE8FB056C16EB95
:106460000C064CF1000C12EB963243F1000312EBD8
:106470008C4243EB9C3358FB11F55FF0333755FBEF
:1064800011F656FB17F8A5EB581756FB11F5C2F697
:10649000802656FB15F507EB1537B2EB472063EB6B
:1064A000D751C4F58064A4F11504FFF78CFDBDE855
:1064B000F081B0FA80F410FA04F1A0FB01234FF050
:1064C0000000B0EB132061F10001C4F58064A4F179
:1064D0003504FFF778FDBDE8F081890451EA903179
:1064E0008004404261EB4101B1FA81F4202C4ED28C
:1064F000013C0125A540A0FB052301FB0533A0FBC2
:1065000003C5A1FB02C6E1FB635612EB152243F162
:10651000000312EB066253EB1623A0FB06C7A1FB98
:1065200005C8E1FB66784FF05535A7FB05C65FF05F
:10653000000CE8FB056C16EB0C064CF1000C12EBA2
:10654000963243F1000312EB8C4243EB9C3358FB31
:1065500011F55FF0333755FB11F656FB17F805EBD5
:10656000581756FB11F5C2F6802656FB15F507EBBA
:10657000153712EB472043EBD751C4F58064A4F1E3
:106580001504FFF720FD41F00041BDE8F081B0FAAD
:1065900080F410FA04F1A0FB01234FEA1320C4F5A4
:1065A0008064A4F13504FFF70EFD91F00041BDE8D1
:1065B000F0815FEA410CBFF40DAF5FEA5C5C3FF431
:1065C00009AFACF2FF3CBCF5806F3FF409AF01228C
:1065D00062F31F512DE9F041BCEBEC7F3FF40DAFAE
:1065E0000C0C4E4D05EBC40595E80C0002F03F0580
:1065F00005F14005A5FB000605FB01616FEAE144DA
:1066000004F01F04464D05EBC40560CD521943EB61
:10661000060304F58074A4FB000604FB01667FEA10
:1066200026643FF4E3AE3F4D05EBC40522CD52187E
:1066300043EB050341F2010505EB44046404A4FBAC
:106640000050C4EBC401E4FB060180EAE17481EA76
:10665000E175A5FB0567A4FB05487F084FEA3606F0
:1066600016EB080647F100078C0254EA905444F1F7
:106670000004801B61EB070154FB14F555FB14F675
:1066800055FB15F74FF0553456FB14F6B6EB17369D
:1066900010EB860041EBA671101A63EB0101224A50
:1066A00024CA1CF1010C0BDDA2FB0C230024E5FB2A
:1066B0000C34121A8B4164F100045FF080410CE04D
:1066C000DCF1000CA2FB0C230024E5FB0C34821847
:1066D0004B4144F100045FF040414CB91C001300F1
:1066E0000022B1F100711CB91C000023B1F100714E
:1066F000B4FA84F5A5F11D06A1EB0651AC4013FADE
:1067000005F0C5F12005EB401C43EA401043C00AE8
:1067100050EB445041EBD421BDE8F0818061001082
:10672000F06000108061001080620010012956D0D6
:1067300001EBD1725210012A07EE100A0B4645D028
:10674000F0B50029B8BF0331891001290C4685B086
:1067500062D01946002BB8BFD91DC91001290D46BA
:1067600042D01946002BB8BF03F10F0109110129CE
:106770000E4654D01946002BB8BF03F11F01491132
:1067800001290F4651D01946002BB8BF03F13F0134
:106790008911CDE902230190FFF7C8FFDDE902234B
:1067A00007EE900A17F0010F67EEA77A9DED017AC8
:1067B00038D1F60767EEA77A01D567EE877AED073D
:1067C00067EEA77A12D567EE877A0FE067EE077A51
:1067D000DB0748BF67EE877A17EE900A704707EE2F
:1067E000900A17EE900A7047F0EE477AE00767EEDE
:1067F000A77A01D567EE877A67EEA77AD10748BFF7
:1068000067EE877ADA0767EEA77A01D567EE877AAF
:1068100017EE900A05B0F0BDF0EE477AECE7F0EE27
:10682000477ACCE767EE877AC3E7F0EE477AC0E7AE
:1068300010B5021E0C4682B014DAC1F3C7537F3B79
:10684000172B0CD80120C3F1170C00FA0CF00138FB
:10685000084204D173B321FA0CF1CB072AD402F118
:106860000042104607EE904AFDEEE77A12F0FF4331
:1068700017EE901A05D0B3F1FF4F02D0C2F3160302
:1068800023B301B301F12003402B2FD910F09CFC5E
:10689000FFF78FFE02460B462046CDE9002310F09D
:1068A00093FCDDE90023FFF751FAFFF704FDFFF742
:1068B000BFFA06E0214602F10040FFF7B9FF00F100
:1068C000004002B010BD4FF07E50FAE7D20D7F3A83
:1068D00001F3080101FB02F303F17F02002A15DD39
:1068E000FE2A15DCDB0503F17E50EAE7002908DA11
:1068F00007EE100AF7EE007AC7EE877A17EE900AD5
:10690000494202B0BDE81040FFF710BF0020D8E7B1
:106910004FF0FF40D5E700BFC0F3C7537F3B591C82
:1069200002460CDB0ED0162B08DC01216FF00100B3
:10693000C3F1160399400A4498401040704700F094
:106940000040704700F0004242F07E50704700BFA8
:10695000C0F3C7530246A3B17F3B0CD4162B0FDC08
:106960000120C3F117039840431ED10F01FB0322FE
:10697000404210407047002801DA03487047002069
:10698000704700F000407047000080BF08B500F07D
:1069900007FBDFED047A07EE100A67EE277A17EEA1
:1069A000900A08BDD95BDE3E07EE900AB7EE007A8A
:1069B000F4EE477AF1EE10FA2DD011F0FF420B46BB
:1069C00026D0FFEE006AF4EE667AF1EE10FA10B50A
:1069D00082B021D1B2F1FF4F67D0CA0DFF2A43D058
:1069E0005D4812F0FF020CD07F3A64D4162A08DC0E
:1069F0004FF0010CC2F117020CFA02F2013A1A42EE
:106A000059D117EE900A02B0BDE81040FFF710BF51
:106A100017EE100A7047704710F0FF4F19D1002988
:106A20004FEAD1522ADB7F3A172A24D80121C2F13A
:106A300017008140013919421DD1CAB39FED477A31
:106A400023FA00F010F0010F47FE277A17EE900AA4
:106A500008E04FEAD05CBCF1FF0F45D1002B0ADB08
:106A60004FF0FF4002B010BD40F27F1C5FFA8CFC7B
:106A7000BCF17E0FF4D8002002B010BDD2B27F3A34
:106A8000172AEDD80121C2F1170C01FA0CF10139D6
:106A90001942E5D122B123FA0CFC1CF0010FDFD022
:106AA00000F0004040F0FF40DCE717EE100AD9E7A5
:106AB00017EE900AD6E70028D2DB17EE900A0C46B4
:106AC00010F082FBFFF775FD02460B462046CDE92C
:106AD000002310F079FBDDE90023FFF737F9FFF71A
:106AE000EAFBFFF7A5F9BDE740F2FF1EF4454FEAC8
:106AF000D3520AD0FF2AB9D072457FF472AF5FFA41
:106B00008CFCBCF17E0FABD9B5E7002B10DB7F3AD4
:106B1000172AA5D80121C2F1170081400139194275
:106B20009ED11AB123FA00F0C20799D50C4899E713
:106B3000D2B27F3A172A9ED80121C2F117008140B4
:106B40000139194297D11AB123FA00F0C30792D53F
:106B50004FF0004086E700BF000080BF000000004B
:106B6000000080FFC0F3C752FF2A44D08C46C1F317
:106B7000C75100293FD030B5C40F254612B9ECBB30
:106B8000002030BD8A42FCDBC0F31600CCF3160CAB
:106B9000521A40F400004CF4000E32D04FF0FF3394
:106BA0004FEAEE1CB3FBFCF31C460C2A9446A8BF2C
:106BB0004FF00C0C431204FB03F300FA0CF0A2EBB1
:106BC0000C02CCF11D0C43FA0CF301335B10002ACC
:106BD0000EFB1300E9DC864516DCA0EB0E008645B3
:106BE00001DCA0EB0E0005B14042C1F19601BDE809
:106BF000304000F059B84FF0FF4070474FF0004070
:106C000030BD7045EFDBECE70028ECDA10EB0E004E
:106C100048BF7044E7E700BF0022002980F2A88047
:106C2000404261EB4101B1B3B1FA81F3083B16D4A4
:106C3000994010FA03FCC3F1200320FA03F040EA64
:106C40000100A2EB0302C2F195021CEB0C0C40EB1D
:106C5000C25040F0004020D0FE2A16D2704703F107
:106C6000210311FA03FC5CEA000CC3F1210321FAB1
:106C700003F0A3EB020202F1B50240EBC25040F078
:106C800000400AD0FE2A38BF70474FF00040A8BF2E
:106C9000CFF680707047114609E028BF20F0010050
:106CA000FE2A38BF7047F0E7002832DA4042B0FAD7
:106CB00080F3083B0CD4984001EB0302C2F195022B
:106CC00000EBC25040F00040FE2A38BF704713E08E
:106CD00003F1210310FA03FCC3F1210320FA03F0AE
:106CE000A3EB010202F1950240EBC25040F00040DC
:106CF00008D0FE2A38BF70474FF00040A8BF40F0D0
:106D0000FF40704728BF20F00100FE2A38BF7047BF
:106D1000F2E720B3B0FA80F3083B0AD4984001EBC5
:106D20000302C2F1950200EBC250FE2A38BF704741
:106D300011E003F1210310FA03FCC3F1210320FA4F
:106D400003F0A3EB010202F1950240EBC25007D021
:106D5000FE2A38BF7047ACBF4FF0FF40002070479D
:106D600028BF20F00100FE2A38BF7047F3E7002259
:106D700089B3B1FA81F3083B14D4994010FA03FCAB
:106D8000C3F1200320FA03F040EA0100A2EB030262
:106D9000C2F195021CEB0C0C40EBC2501DD0FE2A38
:106DA00014D2704703F1210311FA03FC5CEA000CD2
:106DB000C3F1210321FA03F0A3EB020202F1B502B1
:106DC00040EBC25009D0FE2A38BF7047ACBF4FF02D
:106DD000FF400020704711469BE728BF20F00100CC
:106DE000FE2A38BF7047F1E70000000000000000F5
:106DF00000000000DB60BE284A059193F4D5097FAE
:106E000070374D7D66A5D83610E4104FAFF22402DE
:106E10004B1102EB830201F01F034FF001049C4071
:106E2000A4FB0034D568A5FB0456956805FB0466F1
:106E3000E5FB0356556805FB03667047000000003C
:106E4000C11545D4852932DA012262F3DF507E393B
:106E50002AD400FA01F041F69553C5F6554380FB5C
:106E600003012BA292EC034A820D61F39A2200EEF9
:106E7000102ABBEEC00A60EE000AC1F3444220EEC5
:106E8000042A26A320EE201A53F8222000EEA42A7A
:106E9000891501EE052A02EBC15200EE102A00EE20
:106EA000020A10EE100A70474942C840D3E747F281
:106EB0001822C4F2B1229042C6D3B0F1FF4F02D9DA
:106EC00050F48000704740F20000C7F680707047B1
:106ED00011F17B0F0CDA012262F3DF50823105D50C
:106EE0004942C84040F100004042B4E78840FBE717
:106EF0004AF64F42CCF2AE229042ECD910F5000F88
:106F000002D950F4800070474FF00000704700BF76
:106F10001872313FF0FD753E4758633D0000803FD9
:106F200087CD823FC3AA853F0F98883FC2958B3F8C
:106F30003AA48E3FD3C3913FF0F4943FF037983F8B
:106F40003A8D9B3F32F59E3F4370A23FD7FEA53F4F
:106F50005BA1A93F3F58AD3FF623B13FF304B53FD6
:106F6000AFFBB83FA408BD3F4D2CC13F2A67C53FCA
:106F7000BEB9C93F8C24CE3F1EA8D23FFD44D73FA7
:106F8000B8FBDB3FDFCCE03F07B9E53FC7C0EA3FD6
:106F9000BAE4EF3F7D25F53FB383FA3F00000000E0
:106FA000B0F1FF4F3ED2C1153ED04FF0010262F367
:106FB000DF5038BF400026A393EC034AAFF21C0316
:106FC00003EB104323F00703D3E9002300FB02F097
:106FD00040EC103AFAEEC00A20EEA01A61F17E01F0
:106FE00060EE811AC90521EE012A40F6FC3221EE3D
:106FF000041AC5F6B90261EEA41A51FB12F122EE91
:10700000052A03EE901A71EEC21AFAEEC53A31EE75
:10701000611A70EEC10A30EE200A30EE230A10EE3B
:10702000100A704705DC0BD010F1FF4F09D310F5A3
:10703000000F40F4800003D840F20000CFF6C0708B
:10704000704740F20000CFF680707047AFF30080C9
:107050000000003FABAAAA3E0000803E00000000F6
:107060005501000001CB92BE48010000C3C87DBE9F
:107070003B010000685F54BE2F010000C7992CBE81
:10708000250100002C3C0ABE1A0100002F1AC6BDC3
:1070900011010000C2AC83BD08010000D814FCBC83
:1070A0000001000000000000F8000000EC0A023DB2
:1070B000F10000008E51773DEA0000009806B83DCF
:1070C000E40000003B39ED3DDD000000088B163E7A
:1070D000D800000003FA2D3ED2000000D7D24A3E6D
:1070E000CD000000DE7F633EC8000000E3C87C3EA8
:1070F000C3000000E65A8B3EBF00000084F7953EB7
:10710000BA0000006E8CA33EB6000000EFADAE3EAC
:10711000B2000000C40EBA3EAE000000CDB1C53EC4
:10712000AB0000005F99CE3E410201D150F000401B
:1071300050F480007047F0B5012363F3DF50C1F1D4
:1071400009014FF07E07FFF761FEB30F53F1000313
:107150009C44B6EB8376B20028BF5242B2F1805F06
:107160000BD20231FFF752FE96EA260242F10002EC
:10717000B2F1805F01D2023FF3D50A4CA2FB042496
:10718000B4FA84F29440240AA7EB020244EBC25002
:10719000C10DD1F17F01F60F00EBC673BDE8F040E1
:1071A00073E00000A2DA0FC911F1800FBCD030EA01
:1071B000CC7248BF0CF1020C20F0004000EE100A27
:1071C0000DA2F2EC032A22EE802A11F1080FB9FE7B
:1071D000422AB0DDA2EE630AA2EE430A10EE103A94
:1071E000FDEEC21AC3F3C752782AA4D3D2F17F01AD
:1071F00011EE902A944448E083F9223F7A7795B6BD
:107200000010C93F07B5C0F3C751FF2925D000F0D2
:1072100032F8BDE80640CEF800000ED2C9438CEA31
:10722000D17C63EEA02AE1EE032A73EE622A12EE0D
:10723000900A80EACC70106000BD8CEAD17C21EE0F
:10724000232AA3EE602A8CEAD37133EEC22A12EE0F
:10725000100A80EAC170106000BD4102BDE80E4016
:1072600001D150F0004050F4800010601860704769
:107270005FF0000C01E05FF0010CC0F3C751A1B357
:10728000D1F17F0190D920EACC7323F0004000EEC9
:10729000100AC0F38440203030FA01F1834A51F1E2
:1072A0000001B2EC024A02EB810202EBC102D2EC15
:1072B000032A70EE620A20EEA01A5FEA5C0C61EE0F
:1072C000201A15D221EE041A61EEA41A70EEE10A1A
:1072D00021EE232AA3EE602A8CEAD37133EEC22A70
:1072E00012EE100A80EAC170704700F00040C7E754
:1072F00061EEA41A70EEE10A21EE041A63EEA02AF0
:10730000E1EE032A73EE622A12EE900A80EACC7054
:10731000704700BFAFF30080C1FEFF3E25AA2A3EA2
:10732000000000000000803F0000000061C9FC3C3C
:10733000CDE07F3F1CBFFC3C7605813DFE7D7F3F5D
:107340009EEF803D090CBF3D0FE37E3F22C5BE3D51
:10735000B624FF3D14047E3FE27BFE3D13071F3E33
:1073600048EB7C3FA0631E3E6D30403E1D817B3F5D
:1073700015103F3EA2AD603ECFDC793F3EE15E3E60
:107380007B0D803EFA08783F96717D3E6E988F3E69
:1073900065FF753F68B88D3EF4E19F3E939E733F55
:1073A000FD4B9D3EC654B03EAEF7703FB3DDAC3EE4
:1073B000C589BF3E604B6E3F0A1ABB3E26C4CF3E16
:1073C000CA356B3F631CCA3EF254E03E66D1673F4C
:1073D0000739D93EDDF0EF3E4B66643F1641E73E8C
:1073E000312B003F8894603F0FC3F53E07E4073F11
:1073F000A2C55C3F2B99013FC51F103F8F7D583FB1
:1074000065A1083F8AF6173FB534543FCA310F3F94
:10741000E2FF1F3F599B4F3FD7C8153F4606283F05
:107420006BCF4A3FC4371C3F4130303FE0B9453F46
:10743000E49A223FA71D383FCA98403F20A6283F24
:107440002FC73F3FAC763B3F4A562E3FDB13483FAA
:10745000CCB6353F6B52343F79C74F3F2F35303F65
:10746000D0B4393F52DD573F70412A3F912D3F3F05
:1074700026CE5F3F9F3E243FC35D443FF125683FDA
:1074800050C21D3F1C9D493FE13B703F4150173F9B
:10749000BF7E4E3F7810783F71ED103FAF06533FEF
:1074A000D4F47F3FA75A0A3F9B64573F18730010DC
:1074B0009A4238BF88547047704700BF2DE9F04F9B
:1074C00083B00F461146DDE90EB292079846DDE91A
:1074D0000C93064629D00D469BB109EB030405EB3E
:1074E000040A01950D460D93AAEB040214F8010D50
:1074F00043463946B047A145F6D129460D9B019D2B
:107500001D440F9B9B070CD56C1AA34509D92A462D
:107510004346394620200134B0475C4505F101055A
:10752000F5D3284603B0BDE8F08F5B4515D28A46F7
:107530001C468946ABEB03050D445246434639468B
:1075400020200AF1010AB047AA45F6D14946234650
:10755000DDF83090002CC0D1E3E70D46002BBCD104
:10756000DFE700BF2DE9F04F0F460F9906469DF863
:107570002C008D079046DDE90CA299468346099CB4
:10758000DDF828C00E9B49D4002B42D1944545D24A
:1075900001F0010504F1FF3E3020E64405E00CF166
:1075A000010C62450EF8010F02D9BCF1200FF6D193
:1075B000002D00F08780634530D9601E4FF0300EFB
:1075C000604405E00CF1010C9C4500F801EF25D06A
:1075D000BCF1200FF6D1CD060ED5480551D4624539
:1075E00064D0634562D0BAF1100F4DD0BAF1020FEA
:1075F00055D0BCF1200F2DD12022CDE90B310A92BC
:107600004B464246394630460994BDE8F04FFFF7F5
:1076100055BF11F001052ED19445BBD3CD061ED523
:107620004805E0D4BCF1000FD9D1BAF1100F5FD0FA
:10763000BAF1020F74D030224FF0010C2270BBF16E
:10764000000F12D1480742D52B2204F80C200CF170
:107650000102D2E762460CF1010C3020A054BCF1CB
:10766000200FC9D0BBF1000FECD02D2204F80C2064
:107670000CF10102C1E798B3944503F1FF3389D3BC
:1076800099E7BAF1100FB7D18D063DD5BCF1200FA7
:10769000B2D0582204F80C200CF1010CA9E7BCF17F
:1076A000200FA9D062460CF1010C08E0BCF10102E8
:1076B000BBD0BAF1100F35D0BAF1020FCDD1622094
:1076C000A05496E7CD06CAD5480588D58BE70A07AA
:1076D00049BF2022624604F80C200CF101028CE71D
:1076E00011F00C0F00D0013B9445FFF453AF62E75B
:1076F0008A0613D47822227030224FF0020C627076
:10770000BBF1000F9ED0B0E7BCF1200F3FF474AF87
:10771000782204F80C200CF1010C6AE75822EAE701
:107720006222E8E78D06ACF1020004D54FF0580E56
:1077300004F800E091E74FF0780E04F800E08CE7E1
:1077400000B9704701F034BB2DE9F04F97B09DEDC3
:10775000207BDDE9225B8046894651EC170B9A4677
:10776000249B0C92079302460B468DED047BFEF79B
:10777000B5FB002840F0E381DDE904014FF0FF3262
:107780006FF48013FEF7CEFB002840F0CB80DDE9DC
:1077900004014FF0FF32B24BFEF700FC002840F02E
:1077A0009F80DDE90467AAA3D3E900233046394668
:1077B000FEF7F4FB002840F08280A7A3D3E9002362
:1077C00030463946FEF7AEFB002878D130463946C0
:1077D00000220023FEF7A6FB002840F098800D90C1
:1077E000079B302113F4806F08BF06250EAA2B4695
:1077F000A5F1200605E0013BB34202F8011B00F0B1
:107800006581092BF7D81E46ED1ADDE90401FEF764
:1078100041FB944B044603EBC60393ED007B8DEDD7
:10782000087BFEF713FB02460B46DDE90401FEF779
:1078300079FADDE90823FEF789FACDE90A01FEF7B6
:107840003BFB0746FEF714FB02460B46DDE90A0147
:10785000FEF768FA0022844BCDE90A01FEF79EFB91
:10786000002800F0888001373846FEF701FB024609
:107870000B46DDE90801FEF769FB08B1002701347A
:10788000002E00F088800DF13703DFF8F0C15819A1
:107890000DE0ACFB0721C90801EB8102A7EB420216
:1078A0003032092F00F8012F40F2FB800F46202DC7
:1078B00006F1FF3605F10105EBD1202586E0079B97
:1078C0009DED047BCDE923B34946534640460C9ACF
:1078D0008DED207B229517B0BDE8F04F00F080B908
:1078E000079B494658074CBF042303234046219376
:1078F0005346079A48BF5D4CCDE922B258BF5C4C55
:107900000C9A209417B0BDE8F04FFFF7D7BD3B4667
:10791000324600200021FEF705FA0123CDE90401DB
:107920000D935DE7079B03F002029C07049200F0B1
:10793000F4800C9F3D464F4E341D14F8010D2A462D
:1079400053464946C047A64205F10105F5D1049BBF
:107950003C1D63B10C9D631B9B4508D922465346D1
:10796000494620200134C047631B9B45F6D820467A
:1079700017B0BDE8F08F0022DDE90A013A4BFEF7AF
:10798000D1FA00287FF47CAF002F40F0C28001378D
:10799000002E7FF478AF2046FEF758FA02460B46D9
:1079A000DDE90401FEF7BEF900222F4B06460F4623
:1079B000FEF7B8FA40B93046394600222A4BFEF7A6
:1079C000EDFA002800F0A1800DF137032A4859197B
:1079D0000EE080FB0476C2EBA60202EB8206A4EB6B
:1079E000460630361446013501F8016F002A47D0AB
:1079F000202D4FEAE472ECD1079A02F00302012A2B
:107A000014D1BBF1000F11D00D9A002A60D00BF1F8
:107A1000FF3BBBF1200F09D930222B4404E0013594
:107A20005D4503F8012F31D2202DF8D1079B0EAC14
:107A3000CDE902B300945346494640460C9A01955D
:107A4000FFF73CFD0446204617B0BDE8F08F00BFAD
:107A50000000000065CDCD410000000065CDCDC126
:107A6000FFFFEF7F787601100000E03F1C740110EB
:107A7000247401102C74011067666666CDCCCCCCE2
:107A8000079A02F00302012A00F09680202DCDD043
:107A90000D9B3BB32D220DEB050383F838200135F8
:107AA000C4E7202D3FF409AF30212E445A1905E0D8
:107AB0000135202D02F8011F3FF4FFAEAE42F7D191
:107AC0002E226E44013586F838207FE720259CE67B
:107AD000079A12F00C0F5AD00BF1FF3BAB459BD825
:107AE000202DA3D0079B5A0706D52B220DEB0503AB
:107AF00083F83820013599E71B0797D520220DEB35
:107B0000050383F83820013590E7013424F001049F
:107B10005AE7F9077FF5B4AE39E7BBF1040F7FF6FA
:107B200008AF0C9B1D46043B03EB0B072A4653464C
:107B3000494620200135C047AF42F7D1FAE6079BFE
:107B400003F002029D07049225D00C9F3D46224E71
:107B5000F41C14F8010D2A4653464946C047A64274
:107B600005F10105F5D1049BFC1C002B3FF4FFAE91
:107B70000C9D631B9B457FF6FAAE22465346494651
:107B800020200134C047631B9B45F6D8EFE6AB4588
:107B90003FF642AF4AE7BBF1030FD6D90C9B1D4617
:107BA000033B03EB0B072A46534649462020013589
:107BB000C047BD42F7D1C9E7BBF1000F3FF466AF44
:107BC0000D9A002A84D00BF1FF3B5D45FFF424AFF2
:107BD000202D7FF45FAF29E728740110000000001A
:107BE0002DE9F04F9FB01E46DDE928ABDDE92B986B
:107BF0002A9B04460D460B920A9352465B4650461A
:107C00005946FEF76BF9002840F0C68050465946A9
:107C10004FF0FF327B4BFEF7C1F9002840F0BC80EB
:107C2000504659464FF0FF326FF48013FEF77AF951
:107C3000002840F0B1805046594600220023FEF74C
:107C400071F9002840F0DD81CDE908ABDDE90812CB
:107C500018F480600B460F4608F400610C921491F2
:107C6000159040F0A880134340F0D080002940F0E8
:107C7000EC8106230A9318F00202109240F0DD8195
:107C80004B46042B38BF04230E920422043B12926D
:107C900014935046594600220023FEF743F900286A
:107CA00040F02A829DED087B149B0B9A03930A9B5C
:107CB0008DED007B029328F400630493294633463C
:107CC0002046FFF741FD024618F0200F33462946B3
:107CD0000CBF6520452002F10108A047129B0DF161
:107CE000580A03F1FF3B0E9B002283EAE37C5046D7
:107CF000DFF814E10B9FACEBE37CD90FCDF82080CB
:107D000002E0202AC44610D0AEFB0C384FEAD80857
:107D100008EB8803ACEB430301303033BCF1090FAF
:107D200002F1010200F8013CEBD805234FF0000CF2
:107D300006930A23DDF82080CDE90121CDE9033C3B
:107D4000CDF800A03346424629462046CDF814B06F
:107D5000FFF708FC109B8246D3B1A0EB0708C14592
:107D600016D907EB080233462946202008F10108FE
:107D7000A047C145F5D87B1E4B44C7F10102A3EBD8
:107D80000A035244914538BF00230AF1010A9A447C
:107D900050461FB0BDE8F08F334629462046CDE956
:107DA00028AB0A9CCDE92B980B9A2A941FB0BDE80A
:107DB000F04FFFF7C9BC57EA020329D100293FF46D
:107DC0005AAF00230E930A9B0E9A934200F3BA8196
:107DD00000275046594600220023FEF7A3F800284A
:107DE00040F015819DED087B28F4006343F4806327
:107DF0002C938DED287B334629462046CDE92A7900
:107E00000B9AD3E7FFFFEF7FCDCCCCCC06230A93B0
:107E10000C9BC3F30A50A0F2FF30FEF717F8B2A391
:107E2000D3E90023FDF792FFB1A3D3E90023FDF7C7
:107E300065FF0C9BCDE90E01C3F3130343F07F51A3
:107E400038460022A24B41F44011FDF76BFF94A38A
:107E5000D3E90023FDF77AFF02460B46DDE90E0168
:107E6000FDF74CFFFEF716F80E90FDF7EFFF8EA31F
:107E7000D3E90023CDE90C01FDF768FF0022954B03
:107E8000FDF73CFFFEF706F889A3D3E90023074678
:107E9000DDE90C01FDF75AFFCDE90C013846FDF78D
:107EA000D5FF85A3D3E90023FDF750FF02460B461B
:107EB000DDE90C01FDF736FF02460B46CDE90C2348
:107EC000FDF744FFCDE91001DDE90C0102460B4648
:107ED000FDF714FF0022CDE91201DDE910017E4B10
:107EE000FDF758FF00227D4BFDF708FF02460B46C9
:107EF000DDE91001FDF74EFF0022794BFDF7FEFE94
:107F000002460B46DDE91001FDF744FFCDE9100103
:107F1000DDE90C2300204FF08041FDF703FF02460E
:107F20000B46DDE91001FDF7E9FE02460B46DDE9EF
:107F30001201FDF72FFF00226A4BFDF7DFFE07F26B
:107F4000FF3C00224FEA0C53FDF700FF02460B46B0
:107F5000DDE90801CDE90C23FDF7E4FF50B1DDE9CF
:107F60000C010E9B0022013B0E935C4BFDF712FFB0
:107F7000CDE90C01DDE90C010E9B02466333C62BF3
:107F800008F002031093149B2DD8002B5FD004231C
:107F900012930A433FF417AFDDE9080148A3D3E980
:107FA0000023FDF7E7FF48B1DDE9080146A3D3E967
:107FB0000023FDF7B7FF00287FF405AF0A9B002BD5
:107FC00051D0159A002A00F0AC80013B0A93129B15
:107FD000994505D9109B002B00F0AF800223109328
:107FE0000023149344E02BBBB9F1050F4FD908F0DF
:107FF0000203002B49D105231293A9F10503149321
:108000003AE00BF10043CDF820A009931EE628F4D6
:10801000006343F480632046CDE92A792C933346EC
:10802000DDE908673446294607F10045CDE92845D2
:108030000B9ABBE605231293ABE7022200231092B2
:108040000422149312920E9323E60527C1E6B9F198
:10805000040F1FD9109B002B77D104231293A9F191
:108060000403149304E0129B99455FD80A9B149370
:108070000E9B002B3FF40DAEDDE90801DDE90C237A
:10808000FDF788FECDE9080103E6022310930523DE
:108090001293F1E704231293EAE700BFAFF30080E5
:1080A00061436F63A787D23F71A379094F930A4059
:1080B0001655B5BBB16B0240EF39FAFE422EE63FD2
:1080C0002D431CEBE2361A3F0000000080842E4155
:1080D0000000F83F0000E03F00002C40000024407A
:1080E000000018400000F03FFB799F501344D33F3D
:1080F000B3C8608B288AC63F149BDDE908A70393A9
:108100000A9B07F1004B029328F400630B9A049337
:10811000294633462046CDE900ABFFF715FB024662
:10812000D2E5129B994515D81492A1E7109B23B173
:108130000A9B1493022310939AE7129BA9EB030363
:10814000149395E79B1A5F1E43E6042312930223C0
:1081500010938DE7109B002BEFD002231492109305
:1081600086E700BF2DE9F04F91469A4C9A4AB1F14B
:10817000000A9BB018BF834614601878974ADDF850
:10818000908008BF9346002800F08A821D46002692
:10819000CDF8209008E032465146089BD84701367A
:1081A0002878002800F0C780252805F10105F2D1C4
:1081B00000222B4613F8011BA1F1200010280AD839
:1081C000DFE800F03F09093B0909090909090937F6
:1081D000093309092F00A1F13000092840F28980F4
:1081E0002A2900F0E98000242E2900F0948000273D
:1081F000A1F1680012282CD8DFE810F04E012B0006
:1082000049012B0040012B002B002B002B002B00E1
:108210002B002B0027002B002B002B002B002B000A
:1082200027001D4642F00102C3E71D4642F002024C
:10823000BFE71D4642F00402BBE71D4642F01002B4
:10824000B7E71D4642F00802B3E7697842F480724E
:10825000013367291D467ED8242940F2B880A1F158
:108260002503422B00F2B380DFE813F05101B10087
:10827000B100B100B100B100B100B100B100B10076
:10828000B100B100B100B100B100B100B100B10066
:10829000B100B100B100B100B100B100B100B10056
:1082A000B100B100B100B100B100B1001E013A014E
:1082B0001E01B100B100B100B100B100B100B100C8
:1082C000B100B100B100B100B100B100B100B10026
:1082D000B100B401B100B100B100B100B100B10012
:1082E000B100B100B100B4015801B4011E013A015E
:1082F0001E01002404EB840401EB440419781D469C
:10830000A1F130000928A4F1300403F10103F1D9EF
:108310002E297FF46CAF69781846A1F13007092F38
:1083200042F4806240F225812A2900F032811D4604
:10833000002701335CE73446DDF82090B14501D8D1
:1083400009F1FF364B46324651460020D8472046B9
:108350001BB0BDE8F08FA1F16903DBB20F2B36D85B
:10836000012049F2410C984010EA0C0040F0F480E2
:108370000A2B35D0072B2AD158F8041B002940F0CE
:10838000108122F0100412F4806144F0210400F006
:108390000A8112AA082305931023CDE90020324652
:1083A0000694049703930023029351465846089B72
:1083B000FFF7D8F80646F3E658F8044B6978002C26
:1083C0001D46BCBF42F00202644201330CE708467E
:1083D000E1E600BF6581001098600020B9740010CC
:1083E00058F8049B002F99F8000014BF3B464FF04B
:1083F000FF33002800F08283494603EB090C04E0B8
:1084000011F8013F002B00F043818C45F8D1ACEB13
:108410000901530540F12081B94228BF394612F0C5
:10842000020300F083820223CDE9094832468846E0
:10843000089C37440B9307E023465146D84719F868
:10844000010F013610B13246B742F5D10B9B4146C0
:10845000099CDDF82880002B3FF4A2AE37468C4201
:108460007FF69EAE2644089C761A3A46234651462D
:1084700020200137D847B742F7D191E669786C29B7
:108480007FF4E4AEA97842F44072EB1CE1E669782F
:1084900042F400720133DCE66978682900F0FB8061
:1084A00042F080020133D4E6672900F0C9804729F1
:1084B00000F0CD80452900F0CC80CDE9034208F1E1
:1084C0000708029728F007083246F8E80267514685
:1084D000CDE900675846089BFFF782FB06465FE63A
:1084E000462908BF42F02002CDE9034208F10708FF
:1084F000029728F007083246F8E802675146CDE9AE
:1085000000675846089BFFF71FF9064648E63246C3
:1085100051462520089BD847013641E608F104035F
:108520009207099306F1010740F1C3803246514694
:1085300098F80000089BD847012C40F2B4812644EB
:10854000089C3A462346514620200137D847B74277
:10855000F7D1DDF8248023E66F2974D040F2418200
:10856000782900F086814FF00A0922F010024B466C
:1085700038E0002707EB870701EB4701A1F130073F
:1085800010F8011FA1F13003092BF3D90546431C54
:108590002EE658F8047BA97802356B1C27EAE777AA
:1085A00026E642F0210412AA944602E020283FF475
:1085B000F1AE01F00F03092B94BF303337330F298D
:1085C0008CF8003000F101000CF1010C4FEA1111A0
:1085D000ECD8DFE6582966D0622940F089804FF058
:1085E00002094B4612F4806C00F0D48022F00D0298
:1085F000099212F4007140F07B8112F4807008F14E
:10860000040940F03882510640F13A8198F8001090
:10861000002940F04A81099A22F010020992BCF127
:10862000000F00F04281084612AA0999CDE90337EC
:10863000CDE9054101900023009202933246A1E06A
:1086400042F4006239E74FF008094B46CAE742F4AA
:10865000006242F0200230E712F0020300F08C8149
:108660000223CDE909481F468846089C3246234626
:108670005146D84719F8010F01360028F6D13B467C
:108680004146099CDDF82880002B3FF489ADE5E6E2
:10869000A1EB0901BDE6A97842F0C002EB1CD8E5C8
:1086A000044606464AE64FF0100942F020024B46C7
:1086B00098E7012C40F2F180374606F1FF39CDF8FA
:1086C0002880DDF82080A1443A46434651462020C8
:1086D0000137D8474F45F7D1DDF828803A4698F85A
:1086E00000005146089BD8472644DDF8248057E512
:1086F00012F4806300F0C1804FF4806322F0110017
:1087000010F4007E4AD110F4807C08F1040940F096
:108710003781410600F1A980020640F1E381B8F9F2
:10872000002082EAE271A1EBE2711FFA81FED10F13
:108730000991002A00F05F81734612AA9646DFF87D
:10874000A0830A9403E0BCF1200F23460FD0A8FBBE
:108750000314E40804EB8401A3EB41010EF1010EC4
:108760003031092B0CF1010C0EF8011CEBD80A9CDE
:10877000099B0092CDE901C30A233246CDE90540A9
:108780000497039351465846089BFEF7EBFEC846F4
:10879000064605E522F00C0209922AE708F10708CF
:1087A00028F00708D8F8042058F808CBD10F5CEA65
:1087B000020E6CD0002A634602DA5B4262EB420290
:1087C0009146099312AA94464FF0000ECDE90A187B
:1087D000CDE90C470E960F9203E0BEF1200F3B4609
:1087E00030D04FF0CC3213EB0901BD4F41F1000105
:1087F000A7FB014626F0030404EB9604091B5C1A50
:1088000002FB04F63A4669F1000802FB08660522FD
:10881000A4FB077407F001082644A8FB024864186B
:108820000A2B0CF1010C4FEA570704F1300479F1DF
:1088300000090EF1010E0CF8014C47EAC6774FEA29
:108840005609CAD27346DDE90A18DDE90C470E9EC7
:108850000F9ACDF824E0CDE901310A230092CDE949
:1088600005403246049703939FE598F8002096460A
:108870005DE74FF010094B46B4E622F010003FE7E9
:1088800011064CBFB8F80010D8F80010C0E6002B55
:1088900040F042819946099394E73246514698F850
:1088A0000000089BD8473E4653E6099A0A9412F006
:1088B000200F14BF4FF041084FF0610812AA9446F0
:1088C000A8F10A0802E0202871460FD0B1FBF3FEA0
:1088D00003FB1E14092C94BF3034444499428CF895
:1088E000004000F101000CF1010CECD20A9C9CE666
:1088F00008F1070828F00708D8F8042058F8081BE2
:108900000A920A438E467BD1099A22F010020992FC
:10891000BCF1000F74D0002012AA0999CDE9002003
:10892000CDE905413246CDE903373CE58C4298BF9D
:1089300001317FF679AD4FF48063CDE90994994612
:10894000A2190B97089F541A32463B4651462020E5
:108950000136D847A642F7D1DDE90A474B46DDF894
:10896000249099F8000000283FF41AAC611C002BF9
:108970003FF477AE002357E58C42DED8013170E634
:10898000D8F80020D10F002A00F0B38082EAE27309
:10899000A3EBE27312AA9446CDE90914DFF84081F3
:1089A00003E0BEF1200F23460FD0A8FB0314E40818
:1089B00004EB8401A3EB41010CF1010C3031092BD4
:1089C0000EF1010E0CF8011CEBD8DDE909140A23A5
:1089D0000092CDE905403246CDE901E104970393C9
:1089E000D0E6692922F0100040F0918012F48063F3
:1089F0003FF486AE80E6002B3FF49FAE12AAB7E6A6
:108A0000099ACDE90B8412F0200F14BF4121612196
:108A1000CDE90D76CDE90F3BCDF844A00027F04617
:108A20000A9C12AE0DF1480BA1F10A0A03E0202FB7
:108A300080460C4613D021464A46002340460EF09D
:108A4000E3FBD2B2092A94BF30325244C84574F1D4
:108A50000004327007F1010706F10106E7D238463B
:108A6000DDE90B845A460E9E0D9F0F9BDDF844A056
:108A7000DDF840B051E7D8F800E0BEF1000F0DD1AD
:108A800022F010020992BCF1000F07D012AA099837
:108A9000CDE90337CDE905400191CCE5099A12F003
:108AA000200F14BF4120612012AA94460A92A0F11F
:108AB0000A0202E02029C6460FD0BEFBF3F803FBF2
:108AC00018E0092894BF303080189E458CF80000CB
:108AD00001F101010CF1010CECD20A9AD7E700BFB9
:108AE000CDCCCCCCD8F8002082EAE27EAEEBE27EA0
:108AF0001DE6002B3FF44EAF12AA68E712F4806126
:108B00000ED012F0020114D001463746A7E44FF010
:108B10000A0902464B4665E5002312AA09939AE624
:108B200012F002037FF49AAC002C7FF406AFFFF73B
:108B300037BB002C7FF4FFAEFFF732BB0CB400B59F
:108B400085B00DF1180C5CF8043B0A46CDF800C066
:108B500001460548CDF80CC0FFF704FB05B05DF8F1
:108B600004EB02B0704700BFB174001010B5094AA1
:108B700084B014684CB1034600914FF0FF3203A952
:108B80000548A047012004B010BD00F053F920466D
:108B900004B010BD986000204177001000BEFDE7D2
:108BA000704700BF08B5FFF7F9FF00BF38B5064CA6
:108BB000064DFCF7C1FAAC4204D254F8043B984786
:108BC000AC42FAD338BD00BF787201107C7201103C
:108BD000036808461146184770B505460846697D82
:108BE00082B000294FD0002A25DD037814460A2BD5
:108BF000064622D0012C4FF0000E0DD03246012344
:108C000012F801CF1946BCF10A0F03F1010320D07D
:108C10009C42F5D1744505DD2B68A4EB0E0106EBF3
:108C20000E009847311911F8013CA3F10D03B3FA76
:108C300083F35B092B7502B070BD2B7D002BD9D15E
:108C400002212B6813489847012CEBD04FF0010EFE
:108C5000D4E712F8010C0D28DAD08E4506EB0E0091
:108C6000A1EB0E0105DACDE900322B689847DDE96A
:108C70000032CDE9003202212B6806489847009B5C
:108C8000019A9E46C4E711462B6802B0BDE87040C9
:108C9000184700BFC87601102DE9F04782B0904612
:108CA0001C460D460746FBF79FFF4FF0FF3C6FF059
:108CB00000462E4A821841F10003944576EB0301E9
:108CC0003CBF624633462A480EF086FA6B1C824649
:108CD00040D00CB3274E284B1C68B4B1B8F1000F3C
:108CE0001CD1DFF89C8001E0246974B12368002B5B
:108CF000FAD0D8F800300BB19C42F5D120462A4674
:108D00003946B0472469002CF0D1BAF1000F26D1C2
:108D1000284602B0BDE8F087184EDCE74FF00A099C
:108D2000DFF85C8002E02469002CEED02368002B81
:108D3000F9D0D8F800300BB1A342F4D12A46394615
:108D40002046B047012220460DF107018DF807901B
:108D5000B047E8E738460EF0A9F90546B9E70448F8
:108D60000EF016FA284602B0BDE8F08740420F0028
:108D700018260020D98B0010A8530020D18B00109A
:108D8000BC530020084A136823B90AE003F110021B
:108D90001B6933B18342F9D129B91869106019618F
:108DA000704701B110607047A853002000F002BA6C
:108DB000F0B583B006468DF80700FBF715FF4FF0BE
:108DC000FF356FF00044174A821841F100039542C5
:108DD00074EB03013CBF23462A4613480EF0FCF90E
:108DE000124B07461C689CB1114D01E024697CB10F
:108DF0002368002BFAD02B680BB19C42F6D1204699
:108E000001220DF10701FFF7E7FE2469002CEFD1E5
:108E100017B9304603B0F0BD03480EF0B9F930463B
:108E200003B0F0BD40420F0018260020A8530020D8
:108E3000BC53002038B504460EF038F9012305462E
:108E40001A4620462946FFF727FF084B1C682CB11D
:108E500063682BB198472469002CF9D1284638BDA6
:108E60002469002CF4D1284638BD00BFA853002047
:108E7000024A034B10601960704700BF2C5200205B
:108E800030520020184B70B51A68002A28D0EFF332
:108E9000108172B6D2E8CF4F0120002CFAD1C2E87F
:108EA000440F002CF6D1BFF35F8F00220F4C1868DF
:108EB00059602270C0E88F2F81F3108800240025AC
:108EC0000B4E3078FAF7F0FF20B900240025204639
:108ED000294670BD3078FAF7F7FF2046294670BD65
:108EE0004FF47A740025EBE7A4600020257500207C
:108EF00023750020014B1878FAF7E6BF2375002090
:108F000038B5044600200D4601F0A6FBA8B30020AA
:108F100001F0B8FB88B3FBF767FE4FF0FF3E6FF040
:108F2000004C174A821841F1000396457CEB03017F
:108F30003CBF7246634613480EF04EF9E8B100207C
:108F400001F08AFB58B901464FF0FF3000F08EFD6A
:108F50006FF002040B480EF01BF9204638BD0020CC
:108F600001F090FB0028EED021462A46002001F0B7
:108F700093FB04460028EDD1EAE76FF00204ECE72A
:108F800040420F00F474002008B5FBF72DFE4FF0AF
:108F9000FF3E6FF0004C0F4A821841F100039645E6
:108FA0007CEB03013CBF724663460B480EF014F99C
:108FB00070B14FF0FF30002100F058FD002001F0AB
:108FC000B1FB0028F5D1BDE8084003480EF0E0B839
:108FD00008BD00BF40420F00F47400202DE9F041AD
:108FE00007460E46FBF700FE4FF0FF356FF00044DA
:108FF000324A821841F10003954274EB03013CBFF1
:109000002A4623462E480EF0E7F808B9BDE8F0815D
:10901000002001F021FB002845D0002E3EDD002578
:10902000DFF8A48012E02246002001F0C5FB0021F9
:1090300005444FF0FF3000F019FD002001F072FBF5
:10904000FBF7D2FDC8E90001AE4227DD002001F0A8
:10905000D1FB741B8442A8BF04467919002CE2D1CD
:1090600021464FF0FF3000F001FD204601F05AFB91
:10907000204601F0F1FA88B1204601F0BBFB002840
:10908000E2D1FBF7B1FD0F4AD8F800309B18D8F8B1
:10909000042042F1000283428A41D5D20848BDE84B
:1090A000F0410EF075B80020BDE8F0410021064BFC
:1090B000C3E9000102480EF06BB800BF40420F0048
:1090C000F474002020A107006828002010B50021BA
:1090D00084B032480EF084F828BB314B1A6802B3D2
:1090E000EFF3108172B6D2E8CFEF5FF0010CBEF162
:1090F000000FF8D1C2E84ECFBEF1000FF3D1BFF39D
:109100005F8FDFF8A8C0D3F800E09CF8002059601A
:10911000D3B201228CF80020CEE88F0F81F31088A3
:10912000CBB104B010BD00214FF0FF3000F09EFC29
:10913000002001F0A7FA044618480EF029F8002C88
:10914000EFD0184B1B68002BEBD0174A106804B007
:10915000BDE810401847FBF7DFFA0446FBF744FD73
:109160004FF0FF3E6FF0004C10F57A7241F10003B2
:1091700096457CEB030138BF63464FF000014FF08A
:10918000010C38BF7246DFF828E02046CDE9011C0B
:10919000CDF800E0FBF7C4FA04B010BDF474002071
:1091A000A46000202C5200203052002025750020A1
:1091B000858E00104FF0504330B585B01C68FBF72A
:1091C000ABFAFBF7C7FBA04202D0002005B030BDD0
:1091D00000212C4B08461B7801F0DCFC2A48036870
:1091E000002B4BD00120FBF711F80346274C2849F0
:1091F000C0B22370FAF784FE20780121FAF73EFE10
:109200000E20FAF76DFE60BB224B6FF00044C3E9FD
:109210000000FBF781FA0546FBF7E6FC4FF0FF3C48
:1092200010F57A7241F10003944574EB030138BFE5
:1092300023464FF000014FF0010438BF6246DFF8CB
:1092400060C02846CDE90114CDF800C0FBF768FAEC
:109250000028BADB01211048FFF794FD012005B07A
:1092600030BD0120FAF7C4FD01460A48FBF72CF88F
:1092700000220E200949FAF775FEEBE7FBF708F824
:10928000B0E700BFD09C0110F474002023750020CB
:10929000CD900010A4600020C0230020F58E0010A7
:1092A000858E0010004870474477011000487047D1
:1092B000F076011000B51C4A0346117883B031B333
:1092C00063B940F209424FF44173DFF860C0ACF873
:1092D00002201648ACF8003003B000BD052B20D8A2
:1092E000134ADFF848C052F82310604600230139C2
:1092F00003E0132B20F8022F10D011F8012F0133B7
:10930000DBB2002AF5D15B0043F44073E1E7019042
:109310001121104600F024F8019BD1E74FF44A7365
:10932000D7E70020D8E700BF04750020785300205D
:10933000D876011000B545F247308BB0FBF7ACFE94
:1093400001220346092101A89847DDE903320349B8
:1093500012BA1BBAC1E900230BB000BDC0730020D4
:10936000012900F0BB80614A013913784FEA231CC0
:10937000BCF1090FCCBF0CF1370C0CF1300C0129FA
:1093800080F800C000F0AD8003F00F03092B8CBF04
:10939000373330330229437000F0A38053784FEA0B
:1093A000231CBCF1090FCCBF0CF1370C0CF1300CB5
:1093B000032980F802C000F0948003F00F03092B0A
:1093C0008CBF373330330429C37000F08A80937820
:1093D0004FEA231CBCF1090FCCBF0CF1370C0CF188
:1093E000300C052980F804C07BD003F00F03092B53
:1093F0008CBF373330330629437172D0D3784FEAAC
:10940000231CBCF1090FCCBF0CF1370C0CF1300C54
:10941000072980F806C064D003F00F03092B8CBF26
:10942000373330330829C3715BD013794FEA231CDB
:10943000BCF1090FCCBF0CF1370C0CF1300C092931
:1094400080F808C04DD003F00F03092B8CBF3733D1
:1094500030330A29437244D053794FEA231CBCF1BC
:10946000090FCCBF0CF1370C0CF1300C0B2980F834
:109470000AC036D003F00F03092B8CBF37333033CB
:109480000C29C3722DD093794FEA231CBCF1090F2C
:10949000CCBF0CF1370C0CF1300C0D2980F80CC04E
:1094A0001FD003F00F03092B8CBF373330330E2945
:1094B000437316D0D3791A11092ACCBF3732303210
:1094C0000F2982730DD003F00F03092B94BF3033A3
:1094D00037331029C37318BF103002D00023037034
:1094E0007047002308440370704700BFC07300201A
:1094F000704700BF0022014B1A7070472175002091
:109500004B79FF2B0BD1887948B9CB79012B07D147
:10951000082A05D9034B8A7809201A707047002061
:10952000704700BF2175002001207047012901D03C
:109530000120704708B5104B91881B78994201D0E3
:10954000002008BD5378012B08D0022BF8D1002150
:1095500064220846FBF722FD012008BD518811F462
:1095600080721ABFC1F3C012480A4FF0FF3001F0F9
:109570000301FBF79DFD00BF2175002000487047E7
:1095800000780110012907D15378012B02D193886B
:10959000072B03D000207047012070471146A623F7
:1095A000014A00F01FBF00BF587701100346012297
:1095B00001481A70704700BF2478011008B50B6885
:1095C000B3F5966F00D008BD00224FF0FF30114672
:1095D000FBF76EFD10B500F02DF90C231C4CFF229B
:1095E000A3670E201B49FAF7BDFC402200211A4850
:1095F0000DF006FE4FF0800C0120174A0023A2F860
:1096000022C0507010464022144902830287144A37
:1096100081604360C2F88430C2F8803080F8213025
:1096200080F83B3043620F4BC360C362803B836270
:109630000DF0BAFD4FF0005C4FF4803201200A4972
:109640000A4B2064C4F84CC0C4F89010DA6410BD12
:109650000000115099030020C453002084001050D2
:10966000000010500001105010D0010000201150D7
:1096700001210E20FAF702BC00220248114600F038
:10968000F9B800BFE4530020044B197021B14FF426
:109690000032034BC3F89020704700BF1D750020B7
:1096A000002011500B785B0600D070474B78052BDB
:1096B000FBD14B88014ADBB21360F6E70000115082
:1096C000CB782DE9F04103F0030EBEF1010FC3F397
:1096D000010057D000268C78DFF8D4C004F07F0258
:1096E00053008988984603EBD4130CEB4313E50928
:1096F000D876C1F30A0185F001009C701983587077
:10970000DE70D3006DBB254804330CEB82141F18A8
:10971000A7601E506AB3224B03EBC20363603F3164
:109720008909BEF1020F14BF8B01CB011D4908EB63
:1097300005020CEB421C0A681B48134483420B6071
:10974000CCF80C2028D882F0A04383F48013DCF8F6
:10975000042043EA8E6343F0004313600120BDE818
:10976000F0810E480CEB82140344A36240F832608F
:109770005AB913460D4A0CEB451CCCF80C20CCF81A
:109780000430EBE70020BDE8F081D20002F1A042F6
:1097900002F580126262C2E7FBF7C8FC800010503D
:1097A00004001050A0600020FF0F10500001105066
:1097B000C45300200DF0F8BC08B59646DFF81CC075
:1097C00001F07F02C80900EB42000CEB40101A4682
:1097D000714600F04FF8012008BD00BFC4530020BF
:1097E00011F07F0205D100290CBF02200120064B99
:1097F0009866C909054B01EB420003EB40104FF49A
:10980000006200210DF09CBC00201150C4530020C8
:1098100011F07F0300D17047002205485B0003EB85
:10982000D11300EB43106FF40061C2700DF088BCDF
:10983000C45300204FF0805209480A4908B50A4B2A
:1098400002600A609968C94311F08051FAD14FF45F
:10985000805206480DF0D4FC0922054B5A6708BD1A
:109860000020024000300240000002400000105082
:109870000000115000234FF0010C10B5016180F879
:109880001AC08282C38204460DF046FC20B14FF418
:109890000032074BC3F8902020460DF059FC10B160
:1098A0000123237710BD2046BDE810400DF03CBCDD
:1098B000002011502DE9F0414FF000081B4C0546E7
:1098C000424623781A4F1B4E0DE0336813EB4213C8
:1098D00023D0DB682846984708F1010823785FFA0F
:1098E00088F2934206D39342A2EB0303EDD807EB31
:1098F0004313EEE7542200210F480DF081FC4FF096
:10990000FF330D4C2022C4E90133C4E90333FF21A6
:10991000BDE8F04109480DF073BC4FF0E023D3F8E7
:10992000F03DDB0700D500BEBDE8F0811C750020CE
:1099300044780110B84F0020C0500020D4500020BF
:10994000704700BF704700BF00207047002070477D
:10995000704700BF704700BF704700BF704700BF2F
:10996000024B5878003818BF01207047C0500020C3
:10997000024B1878C0F38000704700BFC050002031
:109980002DE9F0472D4F3B78FF2B54D100293DD0D6
:1099900054228A468146002129480DF031FC0022DC
:1099A000284C294B20461A70FAF772FC274B28489E
:1099B0001C60284CFAF77AFC204601F0DDFB264AB1
:1099C000264B146023B12648FFF7F0FD254B1860A5
:1099D0004FF00008224C43462278234E214D0DE0E3
:1099E0002A6812EB431311D05B687BB1984708F1EA
:1099F000010822785FFA88F3934211D89342EFD39B
:109A00009B1A06EB43135B68002BEFD14FF0E0236A
:109A1000D3F8F03DDB0700D500BE0020BDE8F0879D
:109A20005146484687F80090FFF7D4FD0028EDD056
:109A30004846FFF71DFE0120BDE8F087F423002013
:109A4000C0500020B85000201E7500201451002086
:109A5000EC230020D823002018510020AD950010E1
:109A60001C750020B84F002044780110A44B1B78CF
:109A7000FF2B00F012812DE9F04FA24CA24DDFF830
:109A80009C82A24E8BB027687B69EFF3108272B67E
:109A9000D3E8CF0F01210028FAD1C3E8401F0028E6
:109AA000F6D1BFF35F8FBA61384607A901F0AAF972
:109AB00000237A69C2E88F3FBB6983F310880028CE
:109AC00000F0C6809DF81D30013B072B00F2838318
:109AD000DFE803F0A3AD91998A350A04089B002BB7
:109AE000D1D009989847CEE79DF8201001F07F0764
:109AF00005EB470000EBD11090F8343023F0010360
:109B000080F8343090F8343023F0040380F8343097
:109B1000002F00F0A080027D98F800309A4280F07B
:109B20008F807B4B1B6813EB421300F08A809F6988
:109B30009DF82120099B9DF81C00B847A3E73378C6
:109B4000002B7ED03378013B3370337803F0FF0075
:109B5000002B98D1DFF8B0A19DF81CB09AF8003026
:109B600043F001038AF800309AF8343060F30003C0
:109B70008AF834309AF8343060F382038AF834304B
:109B80009AF8353060F300038AF835309AF83530AA
:109B900060F382038AF8353000F088FC9DF82030AD
:109BA00003F06002602A66D0402A77D003F01F03DA
:109BB000012B00F0B580022B7CD0002B5BD1202A3A
:109BC00000F0E781002A56D19DF82130092B52D8A8
:109BD000DFE813F0AB019B015100BD0151008C0186
:109BE000620151005601E7002B78D9077FF54BAF92
:109BF000FFF7B4FE47E7EB78DA077FF544AF089844
:109C0000FFF7A0FE3FE72B78D8077FF53CAF287819
:109C1000C0F3C000FFF7A0FE35E79DF81C00FFF77A
:109C200049FE00F039FC9DF82030AB702BE79DF821
:109C30001C00FFF73FFE00F02FFCFFF78BFE22E732
:109C400011D04FF0E023D3F8F03DDC0700D500BE83
:109C50000BB0BDE8F08F099B9DF821209DF81C00FA
:109C600000F038FC0FE72B4B61E7FFF71FFB0246C4
:109C7000002840F085814FF0E023D3F8F03DDF0766
:109C800000D500BE9DF81C000021FFF7A9FD802132
:109C90009DF81C00FFF7A4FDF5E670471E4800F094
:109CA00005FC0121584608AAFFF76CFC00287FF448
:109CB000EAAEE7E79DF8241011F0700FDBD11748EA
:109CC00001F07F0390F800C00AEB430000EBD110D5
:109CD000007D604551D340F06E810E480090002A0F
:109CE00000F06D81009F786900F0E0FB012158468B
:109CF0007B6908AA984700287FF4C5AEC2E700BF79
:109D0000F423002018510020C05000201E750020B0
:109D1000B84F002044780110859500101C75002074
:109D20009DF824300F2BADD8B14A53441B791278DB
:109D3000934230D3A6D1AF4F786900F0B7FB012131
:109D400058467B6908AA984700287FF49CAE9DF886
:109D5000203013F0600795D19DF821300A3B012B8C
:109D600090D800F0A3FB9DF821300A2B00F00D8263
:109D7000584608A900F01AFB85E6DFF87CC2DCF83B
:109D800000C00CEB40100090002A00F01881002861
:109D90003FF478AFA6E7984A176817EB4317CBD183
:109DA00070E79AF801209DF82230934200F05D811F
:109DB0009AF80120002A40F0D2818AF80130002B65
:109DC00000F05181013BD8B2FFF770FA002800F093
:109DD0006E814378022B40F06A81C2799AF80010B4
:109DE000C2F340131B01C2F3801221F0300143EA99
:109DF00042130B438AF80030438800F10901C3186D
:109E00000293029B8B4240F2BD814B780B2B00F0FA
:109E1000C6810120042B40F04A810022029B01925E
:109E20005B1A1FFA83F9724B00921B7803901EE0B5
:109E3000714B1B6813EB421300F039811F694A46CE
:109E4000584605910493B847019B082803F1010384
:109E50000599019303D98145049B80F00B81644BE4
:109E60009DF804201B7800929342C0F02081009A54
:109E70009342A2EB0303DBD85E4A02EB4313DDE718
:109E80009AF8013058468DF81A300DF11A02012364
:109E900008A900F0A7FAF6E5BDF82200030A5A1E49
:109EA000C0B20E2A3FF6EEAE01A151F822F000BF7B
:109EB000E1A000106F9F00101DA10010859C0010F4
:109EC000859C0010FFA000106F9F0010859C001063
:109ED000859C0010859C0010859C0010859C0010BE
:109EE000859C0010859C0010D3A0001008A800F0ED
:109EF000E3FA58469DF82210FFF7BEFB9AF80030AF
:109F000043F002038AF80030BDE5BDF82230012B92
:109F10007FF4B8AE9AF80030584623F0080308A939
:109F20008AF8003000F042FAADE558469AF8003061
:109F30009A0802F00202C3F340131343ADF81A303B
:109F40000DF11A02022308A900F04CFA9BE5BDF8B6
:109F50002230012B7FF496AE9AF80030584643F039
:109F6000080308A98AF8003000F020FA8BE5022BDC
:109F70003FF47BAEFFF7EAFC024600283FF482AED6
:109F80005846538808A900F02DFA00287FF47BADCD
:109F900078E69DF824300F2B3FF674AE144A5344F4
:109FA0001B79127893421ED2134A176817EB431796
:109FB0007FF499AE66E6002A7FF464AE00929DF8C5
:109FC00021C00CF0FD02012A18D0BCF1000F7FF473
:109FD00052AE0AEB430303EBD11393F834305846E7
:109FE000C3F34003AAE77FF44DAE024F7BE600BF08
:109FF0001C75002044780110B84F0020BDF82220C5
:10A00000DAB97948BCF1010F007800F08F80CDE912
:10A010000113FFF7E5FB029B01990AEB430303EBF6
:10A02000D11393F8342042F0020283F8342093F8DD
:10A03000342042F0010283F83420009B002B3FF4CF
:10A0400022AD1F46586900F031FA7B69012108AA48
:10A0500058469847002000F029FA9AF83530DB0777
:10A060003FF511AD84E6FFF775FC584608A900F0EE
:10A070009DF908E502460398012800F0A580002814
:10A0800000F09280002391F802E007E0009F8CF836
:10A0900004705FFA83FC604540F286800EEB030C8F
:10A0A0005AFA8CFC9CF804700133FF2FEED04FF06D
:10A0B000E023D3F8F03DD90700D500BE4FF0E023F0
:10A0C000D3F8F03DDA0700D500BE00238AF801304E
:10A0D000D8E5FFF753FA024600287FF451AFD1E5E7
:10A0E000FFF7E0F8024600283FF4C5AD58461223BA
:10A0F00008A900F077F900287FF4C5ACC2E5FFF7A6
:10A1000023FC024600283FF4BDAD5846137808A949
:10A1100000F068F900287FF4B6ACB3E5BDF8241070
:10A12000FFF7C8F802460028EFD1ABE5CDE90232CF
:10A130000191FFF76DFB029B01990AEB430303EBCF
:10A14000D11393F83410039A62F3410183F8341069
:10A1500093F8341062F3000183F834106DE70021A6
:10A1600058460193FFF790FA5846FFF723FB9AF8F9
:10A17000022058460092FFF79DFB009A019B8AF847
:10A1800002201AE6FFF7E4FB6FE75846012308A90F
:10A190000DF11A028DF81A7000F024F973E40B78AF
:10A1A000C87819444B7835E6009F10483B46CDE906
:10A1B000001200F0A1FDDDE9001211440C4A1378F1
:10A1C000BB42BFF41EAE72E7D3F810C0094B9C45EA
:10A1D00008BF022056E74FF0E023D3F8F03DDB073D
:10A1E0007FF551AC00BE4EE4F4230020D450002093
:10A1F0001C750020FDA800102DE9F84F0A9F002AC9
:10A2000040D00C461E4615464FF0000BDFF88090FC
:10A21000DFF8808016E0204698F8021099F800A038
:10A2200000F03AFDD0B121465046FFF749FAE0B1BF
:10A23000A3780BF1010BDA0920D1AB453B7021D09B
:10A2400023781C446378052B0FD1E17801F00301DA
:10A25000B1420AD1A37813F0700FDCD04FF0E023A5
:10A26000D3F8F03DDA0700D500BE4FF0E023D3F875
:10A27000F03DDB0709D40020BDE8F88F0B9AAB4511
:10A280001370DDD10120BDE8F88F00BEF3E700BFF9
:10A29000F4230020C05000208B7813F0700F08D0FA
:10A2A0004FF0E023D3F8F03DDA0700D500BE0020E0
:10A2B000704710B582B0084601910C490C4A897864
:10A2C000147800F0E9FC48B94FF0E023D3F8F03DF2
:10A2D000DB0700D500BE002002B010BD204601996A
:10A2E00002B0BDE81040FFF7EBB900BFC05000203E
:10A2F000F42300200A46064B06481968D309343374
:10A3000002F07F0203EB4203184400F079BC00BF67
:10A3100014510020C05000200A46064B0648196818
:10A32000D309343302F07F0203EB4203184400F0F8
:10A3300097BC00BF14510020C050002010B5194830
:10A3400001F07F0400EB440000EBD11090F834C022
:10A350001CF0010F08D04FF0E023D3F8F03DDA07EE
:10A3600000D500BE002010BD00F1300494F804C0F8
:10A370000D484CF0010C007884F804C0FFF71CFA7B
:10A380000028F0D14FF0E021227960F30002227121
:10A39000227960F382022271D1F8F03DDB07E1D52A
:10A3A00000BEDFE7C0500020F4230020DFF830C0FB
:10A3B0000023624610B58E46044608684968CCF80A
:10A3C0000C3003C29EF800102046BDE8104081F01A
:10A3D000FF011A4601F08001CCF80830FFF7AEBF4C
:10A3E00080500020DFF8ACC070B5154662460024EE
:10A3F0008E4606460868496882B003C2CCF8085009
:10A40000ACF80E40BEF80620934228BF1346ACF8C5
:10A410000C308AB133B3DDB19CF90020402B28BF4A
:10A420004023002A29DB21463046194AFFF786FFE0
:10A4300070B1012002B070BD9EF80010134681F08B
:10A44000FF01304601F08001FFF778FF0028F0D1CE
:10A450004FF0E023D3F8F03DDB0700D500BE00202D
:10A4600002B070BD1A469CF8001001F08001304621
:10A47000FFF764FF0028DCD1EAE71A4629460448C2
:10A4800001930CF08DFE8021014A019BEFE700BF94
:10A4900040500020805000200022034BC3E90022DE
:10A4A000C3E902221A61704780500020014B1861F5
:10A4B000704700BF805000200146054A4FF0000C55
:10A4C000134600684968C2E902CC03C3704700BF65
:10A4D0008050002030B53E4CC90922780546B1EBCA
:10A4E000D21F83B017D053B14FF0E023D3F8F03D23
:10A4F000DB0702D4002003B030BD00BEFAE72146DE
:10A50000FFF7D0F823691BB122460321284698475C
:10A51000012003B030BD94F90020002A08DBA068B8
:10A520000028E7D01A462B4901930CF039FE019B15
:10A53000E089A168E288184480B219448242E0812F
:10A54000A16016D03F2B14D9A28994F90040131AA8
:10A550009BB2402B28BF4023002C28DB90424FF0B9
:10A56000000132D01B4A2846FFF7E8FE0028CFD171
:10A57000BAE7236923B102212846154A984768B1F2
:10A5800000232178284681F0FF011A4601F080015E
:10A59000FFF7D4FE0028A7D00120BAE701462846DD
:10A5A000FFF71EF980212846FFF71AF9B0E790421D
:10A5B00008D01A46074801930CF0F2FD8021054AA5
:10A5C000019BD0E780210022CDE70A46CBE700BF00
:10A5D000805000204050002070B582B00446FFF744
:10A5E000BFF908B902B070BDFFF7C2F902460028F2
:10A5F000F8D1C82304FB03F315492546CC18E078AD
:10A600000028EFD010335E183046019200F0E8FBCE
:10A610003F28E7D9E1780198FFF76CFE0028E1D0E8
:10A62000304600F0DDFB3F28E1780AD94023DFF80F
:10A6300024C001980CEBC51202B0BDE87040FFF7D2
:10A640007DBE019802B0BDE87040FFF765BE00BF57
:10A6500020260020BC4F002010B50446FFF780F9EB
:10A6600008B9002010BDFFF783F90028F9D1C822EE
:10A67000034B02FB0433187900F0010010BD00BF4A
:10A6800020260020C82208B5024B02FB003000F053
:10A690008DFB08BD302600204FF6FF732DE9F041F9
:10A6A000C8249A4228BF1A4600FB04F41B4D04F14B
:10A6B000100382B0804692B258195F1900F0F0FB87
:10A6C0000646FFF74DF918B9304602B0BDE8F081F3
:10A6D000FFF74EF90028F7D12544EA78002AF3D095
:10A6E0000190384600F07CFB3F28EDD90198E978CD
:10A6F000FFF700FE0028E7D0384600F071FB3F2846
:10A70000E97807D9064A4023019802EBC812FFF7FF
:10A7100015FED9E70198FFF7FFFDD5E720260020B9
:10A72000BC4F0020F0B583B00546FFF719F910B90A
:10A73000002003B0F0BDFFF71BF904460028F7D155
:10A74000C82305FB03F31A4A03F124018F18384686
:10A75000009300F02BFB0028EAD0154A009B20460E
:10A76000D618B178FFF7C6FD0028E1D01149384668
:10A7700001EBC5114022009100F092FB96F802C057
:10A78000034670B1019061462046009AFFF7D6FD5E
:10A7900058B94FF0E023D3F8F03DDB07C8D500BE31
:10A7A000C6E76146FFF7B8FDC2E70198C1E700BF01
:10A7B00020260020FC4F002070B505464FF6FF70A4
:10A7C000C823824228BF0246094C92B203FB0544CB
:10A7D000204600F029FC0646204600F0E7FA3F2814
:10A7E00001D8304670BD2846FFF79CFF304670BD4B
:10A7F00044260020C82208B5024B02FB003000F0BE
:10A80000EFFA08BD4426002070B5002482B0C822AB
:10A81000002118480CF0F4FCFF234FF4E13108222A
:10A820001548047013480094064643718160827392
:10A8300000F1380101234022103000F087FA012393
:10A84000402206F17801009306F1B80506F12400D4
:10A8500000F07CFA2846F9F71BFD06F1C000F9F775
:10A8600017FD06F1C000C6E90745C6E90C0402B0B1
:10A8700070BD00BF202600203C5000200A4B196B01
:10A880001A6A61B13AB10022C3E90C22DA610022EE
:10A890001A62012070470120C3E90C227047002A88
:10A8A000F7D0D961F3E700BF20260020002210492D
:10A8B00008B510480B7802600271DA0707D59B07CC
:10A8C0000CD5BDE8084001210B4800F071BC1030E8
:10A8D00000F052FC06490B789B07F2D4064800F0C2
:10A8E0004BFCBDE808400121034800F061BC00BFFB
:10A8F0003C500020202600204426002070B54B79D3
:10A9000084B0022B02D18B79022B03D00024204685
:10A9100004B070BD2B4B9B783BB14FF0E023D3F8D4
:10A92000F03DDB07F2D500BEF0E78B780546254801
:10A9300003700B78194491F801C0BCF1240F08BFD3
:10A94000092409D03BE00B78194491F801C0234455
:10A95000BCF1240F9CB207D19442F4D90020FFF738
:10A960003BFE204604B070BD6346BCF1050F16D017
:10A97000042BF3D14B790A2BF0D1134B0A780193B6
:10A980000133009302231646114428461A46FFF766
:10A9900033FC0028C1D00E3433199CB2DEE72846C0
:10A9A0000391FFF779FC03990028B6D08B78054A0C
:10A9B00053700B781A1919444B7894B2D8E7634650
:10A9C0000924D2E72026002022260020137803F055
:10A9D0006003202B0BD100B5DFF8BCC093889CF836
:10A9E00000E083B09E4504D0002003B000BD0020ED
:10A9F00070475378203B032BF6D8DFE803F02C2771
:10AA00000D02012933D0032922D11E4B03B30020AC
:10AA10005188AFF300801BE0012928D0032917D10A
:10AA20005288194802F0010383F0010101938CF868
:10AA30000420009200F0BCFB144949B1009A0020A8
:10AA40000199C2F34002AFF3008001E0012912D066
:10AA5000012003B000BD01290DD00329F8D10C4B12
:10AA6000002BF5D000200B49FEF7A8FDF0E71146BA
:10AA7000FFF79CFCECE711460723064AFFF7B2FC00
:10AA8000E6E700BF000000004426002000000000B0
:10AA9000BD95001028260020202600202DE9F04139
:10AAA000354C0D46E27807468A421E4682B02FD0CA
:10AAB000A3788B4209D04FF0E023D3F8F03DDB07B9
:10AAC00024D4002002B0BDE8F0812C4B13B100204B
:10AAD000AFF300800020FFF725FE002847D128486B
:10AAE00000F064F9002842D1002E40D016F03F0556
:10AAF0003DD13846A178FFF7FDFB002837D02B4623
:10AB00002A463846A178FFF719FC30E000BED8E7A6
:10AB10009AB21C4904F1100000F086FA1A4BD3B126
:10AB20006279FF2A17D0B6B1164B03EB060802E094
:10AB3000434510D0627913F8011B9142F8D11348B4
:10AB4000019300F043F9019B0028F1D16179AFF343
:10AB50000080019BECE70E4B1BB10C4800F036F96E
:10AB600038B10020FFF738FDA378AB42ADD001200B
:10AB7000A8E7AFF30080F4E72026002000000000E3
:10AB800044260020BC4F002000000000302600209A
:10AB90000000000000B583B0D9B101280ED80B78B1
:10ABA00063B1DFF858C0012B0CF8003002D001204F
:10ABB00003B000BDFEF7E4FE0028F8D14FF0E0231B
:10ABC000D3F8F03DDB0702D4002003B000BD00BE87
:10ABD000FAE70122084601A9ADF80420FEF7D0FEED
:10ABE000012238B94FF0E023D3F8F03DDA07ECD575
:10ABF00000BEEAE7014B1A70E7E700BFB45000203F
:10AC0000037813F001031ED130B50246007883B0FB
:10AC10000446400702D5184603B030BD08460D462D
:10AC20004FF0FF3101920CF0F3FA019A137813F010
:10AC300001030BD1117849070AD41178012341F09F
:10AC40000401117004E0002318467047C4F3800328
:10AC5000284601930CF09CFA019B184603B030BDC6
:10AC600070B50D4604464FF0FF3128460CF0D0FA7F
:10AC70002378C3F380065B0708D5237813F001031C
:10AC800011BF0026227863F38202227028460CF05E
:10AC90007FFA304670BD00BFC378828803F003009E
:10ACA0000228C2F30A0215D003280AD001281CD1B9
:10ACB000022940F2FF3308BF4FF4806393420DD363
:10ACC0007047022914BF40234FF48063934205D399
:10ACD0000120704702290AD0402AF9D94FF0E02319
:10ACE000D3F8F03DDB0700D500BE00207047B2F579
:10ACF000007FEDD0F2E700BF0A44914225D291F8DF
:10AD000001C0BCF1050F05D091F800C061448A4232
:10AD1000F5D8704700B591F802C00CF07F0E00EB3B
:10AD20004E0E4FEADC1C0EF80C3091F800C0614466
:10AD30008A4209D991F801C0BCF1050FEBD091F816
:10AD400000C061448A42F5D800BD70472DE9F0414A
:10AD5000B2F5004F9DF8185024D80446C0689846B4
:10AD60000F46164618B14FF0FF310CF051FA20692A
:10AD700018B14FF0FF310CF04BFA0022C8F30E036C
:10AD8000E06843EAC53362812760A680E3802281C0
:10AD900008B10CF0FDF9206908B10CF0F9F90120B7
:10ADA000BDE8F0810020BDE8F08100BF0389428941
:10ADB0009BB292B28088934236BFC2EB40029B1A8C
:10ADC0009B189BB2984228BF184670470289438956
:10ADD00090B29BB2C01AB0FA80F04009704700BF31
:10ADE000038942899BB2808892B2934236BFC2EBFC
:10ADF00040029B1A9B189BB2984286BFC01A80B231
:10AE00000020704730B5044600690D4683B018B184
:10AE10004FF0FF310CF0FCF92289618992B289B2BE
:10AE2000A3888A4236BFC1EB4300501A801880B213
:10AE300068B3834209D29A422CBFD21AD21891B277
:10AE40008B42618103D8C91A89B28B42FBD9E2884F
:10AE50002368C2F30E0202FB013128460CF0A0F970
:10AE60006289A38892B2511C89B28A424FF00102D2
:10AE700010D9002103FA02F0091A2069618118B182
:10AE800001920CF085F9019A104603B030BD0246DC
:10AE9000618989B2B1EB430F4FEA4300EDDBEBE789
:10AEA0002DE9F04105460069884682B028B14FF08F
:10AEB000FF3100920CF0ACF9009A29896B8989B2B4
:10AEC0009BB2AC88994236BFC3EB4406CE1A7618C3
:10AED000B6B2002E4BD0B44241D3B24228BF324664
:10AEE0009C4296B203D81B1B9BB29C42FBD9B5F87F
:10AEF00006C0E01A296880B2CCF30E0286421746DB
:10AF000002FB031125D910FB02F2404692B20193D5
:10AF100000920CF045F9019B009A341B234408EB86
:10AF2000020013FB07F2296892B20CF039F96A8922
:10AF3000AC8892B293199BB29A421AD962009B1ABA
:10AF400028696B8108B10CF023F9304602B0BDE8E6
:10AF5000F081404606FB02F20CF022F9E7E7A1423D
:10AF60002CBF091B09198BB226466B81B5E76B898B
:10AF70009BB2B3EB440F4FEA4402E1DBDFE700BFD3
:10AF800070B50446C0680E4682B018B14FF0FF316C
:10AF90000CF03EF92589238961899BB289B2A28888
:10AFA0008B4236BFC1EB42015B1A5B189BB29A42DF
:10AFB000ADB20BD8E179C90908D1E06818B10191A7
:10AFC0000CF0E6F80199084602B070BD954228BF22
:10AFD0002B4617D39B1A9BB29342FBD2E288206880
:10AFE000C2F30E0202FB030031460CF0D9F86B1CD1
:10AFF0009BB29D42A28811D9002351005B1A012106
:10B000002381DAE7E2882068C2F30E0205FB020022
:10B0100031460CF0C5F80135A288ABB2B3EB420F54
:10B020004FEA4201EBDBE9E72DE9F047154682B034
:10B03000002A4AD00446C068884618B14FF0FF3154
:10B040000CF0E6F8E17926896389C909A288B6B2CD
:10B050009BB23ED19E4236BFC3EB4203F31A9B190B
:10B060009BB2934253D2D31A9BB2AB4228BF2B461A
:10B070009DB27319B4F806C01FFA83F9A5EB020A52
:10B080009642334603D39B1A9BB29342FBD2D21A09
:10B0900091B22068CCF30E02A942174602FB0300CE
:10B0A00052D3414605FB02F20CF07AF8A3884E45D4
:10B0B0004FEA430202D8B9EB430F01DBA9EB0209C7
:10B0C000E0682A46A4F8089028BB104602B0BDE804
:10B0D000F087954227D29E4236BFC3EB4201F11A58
:10B0E000891989B250002944AF1A8142BA4608DB57
:10B0F000991889B24E1BB6B2B342894638D9301A74
:10B1000086B2AB191FFA83F9B4F806C0B8E700227B
:10B11000E0680028D9D000920CF03AF8009A104666
:10B1200002B0BDE8F087002AF2D0B4F806C0AD1A2C
:10B1300099181E46CCF30E0303FB05884FF0000A56
:10B1400015461FFA81F99BE711FB02F2414692B2C4
:10B15000019300920CF024F8019B009A534413FBD6
:10B1600007F308EB020120689AB20CF019F89DE78A
:10B17000B042C4DDC8E700BF10B50446C06818B1CE
:10B180004FF0FF310CF044F8206918B14FF0FF3157
:10B190000CF03EF80023E0686381238108B10BF0D6
:10B1A000F7FF206908B10BF0F3FF012010BD00BFCD
:10B1B00038B50446C0680D4618B14FF0FF310CF0A9
:10B1C00027F8206918B14FF0FF310CF021F8E3792E
:10B1D000E06865F3C713E37108B10BF0D9FF20698C
:10B1E00008B10BF0D5FF012038BD00BF012307488F
:10B1F0000749084A03600B609368D907FCD501230F
:10B20000054A13601368DB05FCD570470020024037
:10B21000003002400000024000000A402DE9F04FDB
:10B22000054600274FF0010C85B09DF83800DDE998
:10B230000F4602902868C7664160191EC0F86CC0AE
:10B24000019140F38880029B571E01F1FF3883EA89
:10B250000C091CB161463046A04728684FF0000B2E
:10B260002B799B02C34514BF002109F0010117F897
:10B27000012F42EA412213430361ACB14FF0000AAF
:10B2800003E02B685A6BD2061ED400213046A0473B
:10B290005FFA8AFA0028F4D06FF0010B5846029B3F
:10B2A0002B7105B0BDE8F08F436BD906FCD5D0F803
:10B2B0008020002A41D1C34548D0019B0BF1010BEE
:10B2C0005B45EBD00023CDE7D3F88020EAB9BAF193
:10B2D000000F0ED1C34509D0019B0BF1010B5B455B
:10B2E000DCD001213046A0472868EBE7029B002B09
:10B2F000F2D1039203E02B685A6B92050AD4002125
:10B300003046A0470028F6D0C6E74FF0010A5B6D33
:10B310000392F4E7039A1B6EBAF1000FDCD0E2B19E
:10B3200002F0090CBCF1080F18BF4FF0FF3B584664
:10B33000029B2B7105B0BDE8F08F0121436D436B7B
:10B340009B05FCD5036E0029B7D0E8E7029B002BD4
:10B35000B3D11946F3E7BB46A0E74FF0FF3B9DE7AB
:10B360002DE9F04F4FF0010C17460022044600680B
:10B3700083B0B3F10009C2669DF830804160DDE919
:10B380000D65C0F86CC060DD09F1FF33019388EAF8
:10B390000C0A002E57D0934601212846B04720685A
:10B3A0000346416F1029FCD0BBF1000F37D00021BC
:10B3B000019A934514BF4FF0000C0AF0010C41EACA
:10B3C0004C2141F4807101613EB91AE02846B04732
:10B3D00000283CD12368996F21BBD3F88010596BAA
:10B3E00011F04001F2D0002128465B6DB0476FEAB2
:10B3F000000B584684F8048003B0BDE8F08F836FDB
:10B40000C3B9D0F88030436B5B06F8D54FF0FF3BF3
:10B41000436D584684F8048003B0BDE8F08F21796D
:10B420008902C5E71B690BF1010BD94507F8013B00
:10B43000B2D1DEE703690BF1010BD94507F8013BF7
:10B44000D7D02068ACE7B346AAE79346D1E76FF0C0
:10B45000010BCEE7F0B5074683B005200191F9F75F
:10B4600005FD01991F4A00EB510CBCFBF1FC0CEBF4
:10B470004C05A2FB052E1C4E4FEA9E04B14200EB88
:10B480004003ACEB9E0E27D8184AA2FB03239B0D6A
:10B490000133002239684F2DCA660A6801F58056CB
:10B4A00082F0040202F006023260C1F81CE00C6275
:10B4B00098BF01240A4688BF2409C1F8A040B0FB08
:10B4C000FCF0012452F87C5F6B409BB202F5805285
:10B4D0001360CC6603B0F0BD054AA2FB0323DB0D6D
:10B4E0000133D6E7CDCCCCCC3F420F006BCA5F6BAB
:10B4F000893BE655114A00B5904214BF1022202224
:10B50000DFF840E00E4BDFF840C0CEF800201A60B4
:10B51000DCF8083032EA0303FAD140F2651E4FF03E
:10B52000030C02680371D366C2F800E0D3635DF8D0
:10B5300004EB9363C2F888C0FFF78CBFF8230020A8
:10B540000030024000200240000002402DE9F0419E
:10B550008AB006AC804617461E46DDE91223204617
:10B560009DF840500591F9F71DFB3346CDE90104E4
:10B570003A46404605990095FFF750FE0AB0BDE8EF
:10B58000F08100BF2DE9F0418AB006AC8046174635
:10B590001E46DDE9122320469DF840500591F9F73B
:10B5A00001FB3346CDE901043A4640460599009532
:10B5B000FFF7D6FE0AB0BDE8F08100BF3A4B2DE997
:10B5C000F043984214BF4FF480234FF40023054604
:10B5D000364E374C374A83B033602360946833EA81
:10B5E0000404FBD14FF0020906200191F9F73EFC5B
:10B5F000AE464A465EF8046F01990EF540574FEA91
:10B60000412843464FEAD15C1640C7F8009008E055
:10B6100013EB080302F102024CEBD15CB2F5807F20
:10B6200003D0984274EB0C09F2D24FF48073C2EB52
:10B63000022C01E0012B34D0B0FBFCF841459946C7
:10B64000ACEB020C03F1FF33F4D209FB02F91C024C
:10B6500002212B46B0FBF9F04FF0030C2A612A6857
:10B660000EF5005E624005F5805802F47F42C8F88E
:10B670000020CEF800606C68396053F8242B0C4031
:10B6800082F0070202F0CF0203F50053C8F8002051
:10B69000CEF80040C3F800C0CEF8001003B0BDE8FB
:10B6A000F0839146D4E700BF0080084000200240AC
:10B6B00000300240000002402DE9F0411546D0F86C
:10B6C00068218646CB792AB1DA0705D56FF00A00E2
:10B6D000BDE8F0815B07F9D491F90530002B01DB5F
:10B6E0009D42F3D10EF12F4303F560031A0D0123A0
:10B6F0000C791C48A3401646013B50F82220AB4071
:10B700001A421746984629D104B30968AC46164A2E
:10B7100001EB44040BE0B3F5005F38BF5B190CF19B
:10B720001200A1424EF820300CF1010C0ED031F87D
:10B73000023B03EA0200B0F5005FECD113F0600FAA
:10B74000EDD1DEF8680143409BB2E4E7054A47EAE1
:10B750000803284642F82630BDE8F0816FF0080063
:10B76000B6E700BFDC51002000E0FFFFF0B59E46C9
:10B77000D0F868319DF81450D21A1F2A39D80C46D7
:10B780004EF280034EF29F014FF4003704EB440C5D
:10B79000002D08BF194600EBCC0303F5435300EB23
:10B7A000CC0CBEF1050FDCF8DC60DCF8CC50DF60BF
:10B7B0000ED95301AEF1050E43F0A0530532BEF190
:10B7C000050FCCF8DC3002F01F02CCF8D810F0D80E
:10B7D000520104EB440442EA8E6300EBC402C2F857
:10B7E000DC300020C2F8D810C2F8DC60C2F8CC50BF
:10B7F000F0BD6FF00400F0BD4FF0010C2DE9F041F9
:10B80000904602680CFA01FE22EA0E020260002B4A
:10B810003DD01E69DFF804E1F2439C681F6801EB2C
:10B8200041050EEA121E00EBC50502EA5202C5F8F8
:10B83000C87012EA0E0FC5F8D040D0F8684101FA7E
:10B840000CFC0EEA56060BD056EA040263D15E6881
:10B85000DA680CEB010300EBC303C3F8CC600FE024
:10B86000002E4ED15E68002CF2D0DA684FEA1E53EB
:10B8700086EA0376C5F8CC604FEA0E3E82EA1E22C5
:10B880000CEB010300EBC303C3F8DC2015E04FF41D
:10B8900040254FF480364FF4F83401EB410200EBC1
:10B8A000C202C2F8C860C2F8D050D0F868514FEA5E
:10B8B000410CC2F8CC40C2F8DC304FF00137012215
:10B8C0004FF000448C4400EBCC0303F5865301F1A8
:10B8D000040E01F1080507FA01F11C6100EBCC0C24
:10B8E0001C6102FA0EFE8160AA4000F50050C0F80B
:10B8F00000E00260002008F01F06CCF8D860BDE828
:10B90000F08144B15C68DA684FEA1E5384EA03733D
:10B91000C5F8CC30B0E76FF00A00F0E721841000E2
:10B920002DE9F04F8DB0DDE91656AC19302C9DF89D
:10B93000607063D8002E61D0CDE9082301234FF059
:10B94000000C04F1FF3A4FEA1A1A2D0903FA0AFA19
:10B95000AB407C1C4AEA0303CDE90601CDE904347F
:10B96000DFF82492844CCDF80CC04FEA145AAAF2A6
:10B97000025A039B4FEA8A06F51C002B00F09780C1
:10B980000DF12C0B00270DF12C0802E00137042FDC
:10B9900038D02B46324600217848CDF80090F8F791
:10B9A000B1F9831BB0425BB2C0F29680002B88F8DD
:10B9B000003008F10108E9DAA7F1040A002F00F0CD
:10B9C000CC804FF00008C3441BF9011B6B48314485
:10B9D00008F10108F8F7D8F94745F5DCBAF1000F8E
:10B9E00080F2AF80664BA4F580149C42BDD1DDF897
:10B9F0000CC0059B0CF1010C9C45B3D100200DB08F
:10BA0000BDE8F08FF8F736F95E4B804653F82A30E0
:10BA10002BB9049B9B0003F01003C4F86831D4F8E1
:10BA20006831002B36D0049BDD0736D401200699FF
:10BA3000544B91F804C091F9051000FA0CF000295C
:10BA400053F82A2000F1FF30CCF120035ADB994251
:10BA50008C4622D800FA01F111421ED162462046DE
:10BA60000699FFF729FEB0F1000A6EDB079B089AE2
:10BA70001C609DF92C3040461360099BC3F800A060
:10BA8000F8F70AF9012F5CD004274FF001080DF1F7
:10BA90002C0B98E7049B5807C8D54046F8F7FCF8EC
:10BAA0004FF000084FF0FF3A0DF12C0B8BE72B46BF
:10BAB000324600213148CDF80090F8F723F9831B76
:10BAC000B0425BB233DB002B8DF82C300CDBF8F787
:10BAD000D1F801278046A2E7FF220DEB070383F888
:10BAE0002C20A7F1040A69E7254B4FEA145AA4F564
:10BAF00080149C42AAF2035A3FF479AF4FEA8A06B7
:10BB0000F31CD5E7002B08DB00FA03F111429C4639
:10BB100003F1FF33A2D0591CF6D14046F8F7BCF828
:10BB20004FF000086FF0080A0DF12C0B4BE7144B97
:10BB30004FEA145AA4F580149C42AAF2035ADDD1AC
:10BB400055E701200DB0BDE8F08F4046F8F7A4F8A6
:10BB50004FF000080DF12C0B35E7094AA4F58013CE
:10BB600093423FF444AF4FEA145AAAF2035A4FEA01
:10BB70008A061C46F51C05E7000040503C52002098
:10BB800000001050DC510020D074011070B50D463B
:10BB9000064688B300F04BFC437A044673B3032B8C
:10BBA0002CD00AF0E1FC00232372A37223614FF42E
:10BBB0008073A382C5B91E23A38140F20113636081
:10BBC0000F4B2570E3610F4B23624FF07F5363628D
:10BBD0000123A362A3854FF07E5323634FF4407388
:10BBE000A386032384F83830304600F021FC294630
:10BBF000BDE8704002F0F0B8642070BDB420FCE7EE
:10BC0000CDCCCC3F000020410021FFF7BFBF00009A
:10BC10002DE9F0470F46904699460446E8B00028C3
:10BC200056D0D0F800A0BAF1000F53D10AF076FC3C
:10BC300004AB00930DF10E0205AB03A90DF10A0050
:10BC400003F08DFCBDF80A30282B45D1254E266027
:10BC5000304600F0ECFB80F809A00546304600F0C5
:10BC6000E9FB709B4246009339464B4601F0F8FDD4
:10BC70000446B0B9012730466F72FFF7C5FF04468E
:10BC8000804670B9304600F0D3FB21463A4606465E
:10BC900003F0AFFB044640B1414630462A7A03F038
:10BCA000A8FB204668B0BDE8F08748AB28AA08A9E1
:10BCB000304604F007FA214607462A7A304603F058
:10BCC00098FB04465FB90028EBD102236B72E8E7CA
:10BCD0006424E6E7B424E4E74FF49674E1E73C46D5
:10BCE000DFE700BF4460002070B50E46154600280F
:10BCF00061D000295FD0002A5DD000F098FB437A24
:10BD00000446022B59D130462F490BF0F1F818B9EF
:10BD10002B68E361002070BD30462C490BF0E8F839
:10BD200018B92B7884F82830F4E7304628490BF00E
:10BD3000DFF838B92B7884F82B3084F8293084F870
:10BD40002A30E7E7304623490BF0D2F810B92B68C8
:10BD50002362DFE7304620490BF0CAF810B92B8880
:10BD6000A385D7E730461D490BF0C2F810B92B6800
:10BD70002363CFE730461A490BF0BAF880B92E8812
:10BD800030460BF039FA4FF080410546206A0BF03F
:10BD9000DBF9014628460BF0C3F980B9A681B9E763
:10BDA000304610490BF0A4F858B92B7884F8353098
:10BDB00084F83830AEE76420ADE7B420ABE77B20F1
:10BDC000A9E77320A7E700BF647801107C78011011
:10BDD00095780110AC780110BD780110CD78011074
:10BDE000E1780110F57801102DE9F0410F46044685
:10BDF000E2B0002845D0002943D000F018FB0646E9
:10BE0000204600F015FB737A0546022B3BD1012139
:10BE100002AA04F0FFF88A282DD1002128460DF14E
:10BE2000070203F015FA0446804678B99DF80730FA
:10BE3000012B0FD001460122284603F0DAFA04460E
:10BE400040B141462846327A03F0D3FA204662B028
:10BE5000BDE8F08122AA02A9284642AB04F032F9DB
:10BE6000044600212846327A03F0C3FA002CEDD1B3
:10BE700008B10446EAE70D22394602A801F08CFE1B
:10BE8000F7E76424E2E7B424E0E72DE9F74F8846BA
:10BE90009146044600285ED000F0CAFA05462046C6
:10BEA00000F0C5FA437A0746022B56D1032640F22A
:10BEB0000123002128460DEB0602ADF804308DF871
:10BEC000066003F0C5F9044608BB9DF80330B34291
:10BED00015D100222846114601F078FC0446B0B97D
:10BEE00006460DF1040A16F80AB0A6B9B9F1000F1A
:10BEF0001CD107225946284603F07BFA1AE0014676
:10BF00003246284603F075FA04460028E1D0204660
:10BF100003B0BDE8F08FB8F1000FE7D041462846E6
:10BF200001F0E5FC04460028E0D0F0E75946284639
:10BF300002F0E8FF04460028E9D10136032ED2D1F1
:10BF40000021284601F09CFE04460028DFD10AF0BB
:10BF500037FB7E72DBE76424D9E7B424D7E700001F
:10BF6000F0B507468BB0002848D000F060FA0546CF
:10BF7000384600F05DFA6B7A0646022B40D100216C
:10BF80000DF1270203F064F90446F8B99DF8273053
:10BF9000012B1ED16C46069505F1200CBCE80F0064
:10BFA0000FC49CE8030084E80300164A3846EB6996
:10BFB000154900F041FA044698B901460122384675
:10BFC000FFF763FF044660B903236B7220460BB092
:10BFD000F0BD01460122304603F00BFA044600286A
:10BFE000D8D0022300216B7295F8383030462A7A77
:10BFF00085F83530A97203F0FCF9E7E76424E5E73A
:10C00000B424E3E70B790110117901102DE9F74F02
:10C010000E469046824600287CD000297AD000F057
:10C0200006FA0546504600F003FA6B7A0746022BE3
:10C0300072D14FF0000B6946CDF800B001F08AFCD8
:10C040000446002860D1AB7A002B61D0A8890BF0A0
:10C05000D3F800990BF078F801463846009101F0CA
:10C0600072FC044600284FD13846296A01F05DFC75
:10C070000446002848D1AB7A1BB995F8353085F8CD
:10C0800038300123AB7285F83530B04781465046D1
:10C09000FFF766FF0446002836D1B04701A9824663
:10C0A0003846CDF804B001F047FC044660BB286A6E
:10C0B0000BF066F804460BF09FF801990BF03CF882
:10C0C00022460146384602F006FE8346A8890BF058
:10C0D00093F80446AAEB09000BF08EF80F490BF019
:10C0E0009BF859460BF030F8014620460BF09CF8BF
:10C0F0000146384601F036FC044628B985F814801C
:10C10000AE61B0476C752861204603B0BDE8F08F82
:10C110005946A2E76424F7E7B424F5E700007A441F
:10C1200038B50546D8B100F082F90446284600F03B
:10C130007FF9637A0546032B13D10AF003FA2846E8
:10C140000021227A03F055F9054630B9A3699847D2
:10C1500001236375022320616372284638BD64257C
:10C16000FBE7B425F9E72DE9F04FADF5C75D87B0E2
:10C170000F46CDE90B02002800F03D8100F058F990
:10C1800006460B9800F053F9837A0546E3B1437DE8
:10C19000012B19D1836998472B69C41A304601F0E5
:10C1A000E9FB844206D2002420460DF5C75D07B0A6
:10C1B000BDE8F08F2A7DA9690B980DF5C75D07B022
:10C1C000BDE8F04FFFF722BF6A7A032A40F01581DD
:10C1D000002312A90B608B801493ADF85430169392
:10C1E000ADF85C3014A940F201218DF846204FF4DF
:10C1F000827211AB1980304618A90DF142031A80E2
:10C2000001F087FB04460028CED180461AAB0A9382
:10C210000A9A1FFA88F352E902128B424FF0000388
:10C2200073EB020220DB194630221AA80AF0E8FF5D
:10C230004FF000030DF13B0888F80030304602F063
:10C240003CFB002840F096809DF83B300DF13B0808
:10C25000002B40F0B280304602F0C6FD00283BD0F3
:10C26000012388F80030A8E011AB4FF4C35200213D
:10C270001FFA88F926A813F809B00AF0C1FF4FF495
:10C2800082720DF1580AADF842200DF14203AAF175
:10C2900018032A790193AAF11C030093594601233C
:10C2A000304602F030FD044600287FF47DAF594649
:10C2B0003046AAF1160326AA02F099FCD0280446BB
:10C2C00008D114AB23F819004FF0000B18230DF11F
:10C2D00042023AE00028F7D00A9B53E90250012DB0
:10C2E00070F10003FFF65FAF002C7FF45DAF2346D3
:10C2F0000DF6F80212AEA2F6A80216AF99B236F801
:10C300001140002C7FF450AF32F81140002C7FF424
:10C310004BAF37F811400133002C7FF445AF99B291
:10C32000A9428441EADB3EE70D921FFA8BF126AA6F
:10C3300003FB0121304601F06FFF182304460D9ADC
:10C3400008B12AF819000BF1010B10881FFA8BF1C4
:10C350008842E9D80DF6F803A3F6BC031888BDF8A7
:10C36000401010AA02F017FD12AB23F8190008F1D3
:10C3700001084DE730460A990DF13B0203F0EAFA55
:10C38000AB7AABB9002F3FF459AFEC460C9B0DF1E3
:10C39000780E0893BEE80F00ACE80F009EE80F008F
:10C3A0008CE80F000DF1680999E80F00B84745E7E0
:10C3B00098F80030002B3FF441AFAB7A002B8BD0C4
:10C3C000304602F022FD37B90B98FFF7A9FE00288E
:10C3D00082D00446E8E66E460C9B1EAD08930FCD56
:10C3E0000FC695E80F0086E80F000DF1680C9CE879
:10C3F0000F00B847E8E76424D6E6B424D4E638B59D
:10C40000044680B1056875B16B7A032B0DD00AF034
:10C4100071F905F13C0001F05BFA08B9206038BD04
:10C4200000232360FBE76420F9E7B420F7E77047B7
:10C43000C06B70473C30704782B02DE9F041E8B0E6
:10C440000F4616460446DDF8D8816F9300284FD07A
:10C45000B8F1000F4CD0437A022B4BD1C56B0021B1
:10C4600028460DF11F0202F067FF00283BD19DF81E
:10C470001F3003F0FD03012B3ED1284648AB28AA0C
:10C4800008A903F01FFE70BB002170980AF07CFE23
:10C4900058B904F11C0C0DF5DE7EBEE80F00ACE8C7
:10C4A0000F009EE807008CE807002846616A03F049
:10C4B00065F8C0B94146042220460AF0DDFC394641
:10C4C000284600F013FE70B96F4604F1240CBCE856
:10C4D0000F000FC7DCF8003031463B602846D4E936
:10C4E000072303F0F1FC68B0BDE8F04102B07047EB
:10C4F0006420F8E7B420F6E77420F4E700000000B9
:10C50000D0B50446C4F30220F9F7A0FC0022124B78
:10C51000F9F7F4FB0646C4F301300F46F9F7A8FC1F
:10C5200002460B4600204FF08041F9F75BFA0246C5
:10C530000B4630463946F9F709FC02460B4604A182
:10C54000D1E90001F9F726FCD0BD00BFAFF30080B0
:10C5500000000000D01293410000F03F2DE9F843A5
:10C560000C46FFF7CDFF6307064604F003004CBFFF
:10C57000DFF86C90DFF86C900F46F9F779FC002239
:10C58000194BF9F7BBFB02460B4600204FF08041E8
:10C59000F9F728FA4FF0000804460D4632463B46AC
:10C5A00000201049F9F7F6FB0022104BF9F7CEFBFB
:10C5B00042464B46F9F7CAFB22462B46F9F7C6FB23
:10C5C00002460B4600200749F9F7E4FBF9F774FC33
:10C5D0004FF0000360F30C031846BDE8F88300BF7A
:10C5E0000000E03F0000F03F00001C400000504011
:10C5F0002DE9734F824610461C460A9E8B46FFF774
:10C600007FFF6307CDE9000104F003004CBFDFF8B2
:10C610007C90DFF87C90F9F72BFC00221D4BF9F79A
:10C620006DFB02460B4600204FF08041F9F7DAF926
:10C63000DDE900234FF0000804460D4600201449B0
:10C64000F9F7A8FB0022144BF9F780FB42464B4652
:10C65000F9F77CFB22462B46F9F778FB02460B469E
:10C6600050465946F9F796FB04460D46F9F724FC67
:10C67000294630802046F9F71FFCB378000C60F3A0
:10C680000203B37002B0BDE8708F00BF0000E03F4E
:10C690000000F03F00001C40000050402DE9F04F2A
:10C6A0000E460446A1B0002800F0C08001F019F940
:10C6B00000F50C5050E90223B24273F10003C0F2BE
:10C6C000B780002E00F0B480204601F00AF96A46D7
:10C6D00005463146204603F09DFC0446002840F004
:10C6E000A18005F5005696F81403D5F8907100F076
:10C6F00003000AF081FD01464FF08040FAF754F93B
:10C70000014638460AF088FD01464FF07E500AF097
:10C7100083FD4FF0864182460AF00EFD07469DF8E4
:10C720004C0000F00F0001300AF002FD39460AF01B
:10C7300003FD40490AF000FD3F490AF005FD9DF95F
:10C7400005308146002BACBF3C493D494FF07E503F
:10C750000AF062FD3B490AF0EFFC01460AF0F4FCE6
:10C760003949804648460AF0E7FC014640460AF04F
:10C77000EBFC804696F8160300F007000AF03CFD3B
:10C7800001464FF08040FAF70FF9834696F81603FA
:10C79000C0F30110C0F108000AF0CAFC01464FF0D6
:10C7A0008040FAF701F98146594650460AF0C4FC28
:10C7B00049460AF0C1FC96F81433814696F84403C2
:10C7C0005A0700F00F004CBF4FF0844B4FF0854BE1
:10C7D0000AF012FD01464FF08040FAF7E5F8824674
:10C7E000594638460AF0A8FC51460AF0A5FC07460F
:10C7F000164940460AF0A8FC49460AF0A5FC39460D
:10C800000AF0A2FC4946C5F8B80140460AF09CFC73
:10C8100096F84433DB0648BF002739460AF094FCFB
:10C82000C5F8BC01204621B0BDE8F08F6424F9E7CB
:10C830006624F7E70000304195BFD63700247449DD
:10C840000024F449000084440000A04017B7D13808
:10C85000F8B5002837D001F044F800F5005797F8F4
:10C8600014330446B7F80C035B07C0F30C004CBF4D
:10C870004FF07C564FF07E560AF05AFCD4F89011D7
:10C8800005464FF07E500AF0C7FC4FF085410AF094
:10C8900053FC31460AF050FC064697F8140300F0AA
:10C8A000030007300AF044FC01464FF08040FAF7DD
:10C8B0007BF8014630460AF03FFC29460AF03CFC72
:10C8C000A0600020F8BD6420FCE700002DE9F04FD7
:10C8D00087B09046DDE914599A46DDF848B00391D7
:10C8E0000290002800F05F81002900F05C81002A9E
:10C8F00000F059811468002120460AF045FC002808
:10C9000040F053814FF07E5120460AF059FC002838
:10C9100040F04B81029B4FF07E511F6838460AF071
:10C92000FFFB002840F04181039B4FF07E511E68C1
:10C9300030460AF0F5FB002840F037813146384692
:10C940000AF0E6FB2023002800F00C8189F8013072
:10C950004FF07C5130460AF0EFFB39460AF05CFCA0
:10C960000DF1160300930322052105AB03F0F0FE41
:10C970000446002840F0F280BDF81430BDF81620BF
:10C9800003F01F0343EA421389F800300122BBF889
:10C99000003013996FF30C03ABF80030139B4FF08A
:10C9A0007E501B780DF1160762F305030B703146BC
:10C9B0000AF032FC05220821009705AB03F0C8FEFF
:10C9C0000446002840F0CA80BDF81430BDF8162097
:10C9D0002B706B78D8F8001062F304036B7030464C
:10C9E0000AF0AAFB0122BAF80030014664F30C03F6
:10C9F000AAF80030109B4FF07E501B7862F30503BD
:10CA0000109A13700AF008FC05220821009705AB64
:10CA100003F09EFE0446002840F0A080119ABDF865
:10CA2000143013705378BDF8162062F30403119A82
:10CA3000537099F8000000225D4B410900F01F007F
:10CA400003F008FE01464FF07E500AF0E5FB139B11
:10CA500006461978BBF800000022564B01F03F0152
:10CA6000C0F30C0003F0F6FD69780022524B074634
:10CA700001F01F01287803F0EDFD014638460AF069
:10CA8000CBFB31460AF058FB029B0022186099F854
:10CA90000100474B410900F01F0003F0DBFD014698
:10CAA0004FF07E500AF0B8FB139B06461978BBF88E
:10CAB000000000223F4B01F03F01C0F30C0003F0E7
:10CAC000C9FD697800223C4B074601F01F01287818
:10CAD00003F0C0FD014638460AF09EFB31460AF0DD
:10CAE0002BFB039B00221860109BBAF800001978FA
:10CAF000C0F30C002F4B01F03F0103F0ABFD119B85
:10CB000006465978119800222B4B01F01F0100783E
:10CB100003F0A0FD014630460AF07EFB139B06465B
:10CB20001978BBF800000022224B01F03F01C0F34E
:10CB30000C0003F08FFD697800221F4B074601F0BF
:10CB40001F01287803F086FD014638460AF064FB91
:10CB5000014630460AF060FBC8F80000204607B0E6
:10CB6000BDE8F08F89F800304FF07C5138460AF06C
:10CB7000E3FA31460AF050FB0DF11603009303224D
:10CB8000052105AB03F0E4FD04460028E6D1BDF81D
:10CB90001430BDF8162003F01F0343EA42133E464B
:10CBA00089F80130F2E66424D8E77324D6E700BFA1
:10CBB0000000144000002A40000020402DE9F04F02
:10CBC0000C4691460646B9B0002800F0868200293E
:10CBD00000F08382002A00F08082AC4920460AF0EF
:10CBE00087F9AB49054620460AF082F98046002DB8
:10CBF00000F02E81B0FA80F35B0904222046A5499B
:10CC00000C930AF0FFF8002840F06982A249204600
:10CC10000AF06EF9A149834620460AF069F9A04955
:10CC2000119020460AF064F99E49054620460AF014
:10CC30005FF99D49079020460AF05AF99B490890F0
:10CC400020460AF055F99A49074620460AF050F95D
:10CC50000E90304600F045FE99F80030824643F0D1
:10CC6000700389F8003099F80130B8F1000F40F0F6
:10CC7000F18043F0020389F80130B9F8083043F439
:10CC8000B27343F00103A9F8083099F80A3030462E
:10CC900023F03F0343F03F0389F80A30A02389F8CB
:10CCA000123099F8033043F0800389F80330B9F863
:10CCB000043023F45C5323F0030343F40053A9F836
:10CCC000043002F069FC99F814309AF8CF2162F32D
:10CCD000010389F81430BBF1000F00F0C880B7FAE7
:10CCE00087F35B09D9F814209B0022F45C1243F40B
:10CCF000E02322F004021343C9F81430089B1BB947
:10CD00004FF07C53CAF8C031DAF8C08100214046A8
:10CD10000AF03AFA30AC002840F0AB8040460AF006
:10CD200053FA0094B9F81430B9F80420FFF760FC06
:10CD3000BDF8C03099F81020A9F80E309DF8C23027
:10CD4000C3F3020363F3020289F81020B9F8141048
:10CD5000B9F80400FFF702FC002F14BF0A220222D8
:10CD6000B9F8443042F4807223F4F85323F01F03DF
:10CD700043F4A05343F01903A9F84430B9F84630FE
:10CD8000A9F80C0023F49F7323F001031343A9F8BF
:10CD90004630079B13B10C9B002B74D0DFF8148135
:10CDA0000E9B0BB9DFF810814FF07E573046CDF85F
:10CDB0004880139700F095FD8446002D00F0808098
:10CDC000C0F89481C0F89881C0F89C81C0F8A08117
:10CDD000C0F8A481C0F8A881C0F8AC71C0F8B071E7
:10CDE000C0F8B47100F5CA7600F5D07509F1380BBA
:10CDF00009F1420709F1400809F13E03029309F1E4
:10CE00003C03019309F13A03009330465B46CDE9B8
:10CE10000474CDF80C8006F1180206F10C01FFF73E
:10CE200055FD002840F056810436AE42E4D1BDF8ED
:10CE3000C030A9F82830A9F82A30A9F82C30A9F870
:10CE40002E30A9F83030A9F83230A9F8343006E194
:10CE50000123D2E643F0010389F80130B9F8063026
:10CE600043F4B27343F00103A9F806300DE7012340
:10CE700038E7002299F81030A9F80E2062F3020377
:10CE800089F8103062E7DFF8348089E718790110FB
:10CE9000117901101F790110247901102A790110EC
:10CEA00030790110367901103C7901104279011076
:10CEB000487901100000A841000048420000984154
:10CEC0002646DFF820E2CCF8AC71BEE80F000FC6B2
:10CED0009EE80F0086E80F002E46834BCCF8B07119
:10CEE0001293CCF89431CCF89831CCF89C31CCF832
:10CEF000A031CCF8A431CCF8A83114AB0A9318AB0C
:10CF000008931CAB099320AB079324AB0B932CAB7A
:10CF1000CCF8B4710DF1A00B0D930A9BDDF834E051
:10CF20001A4622F8026B0A92089AF046114621F836
:10CF3000026B0891099928F8026B084620F8026BE9
:10CF400009900798CDF83480074627F8026B0797B9
:10CF50000B9FBC462CF8026BCDF82CC0DC462BF89E
:10CF6000026BCDE90021CDE90207CDE904CE13AA79
:10CF700004EB850112A8FFF7A9FC002840F0AA8065
:10CF8000BDF850300F930A9B0F9A33F8023C9A4237
:10CF900040F09F80089BBDF860E033F8023C9E455E
:10CFA00040F09780099BBDF870C033F8023C9C4567
:10CFB00040F08F80079BBDF8807033F8023C9F42A1
:10CFC00040F087800B9BBDF8900033F8023C9842FC
:10CFD0007FD1BDF8A0103BF8023C994279D138AB23
:10CFE00003EB450212F82F3C013510935B0998467C
:10CFF00012F8303C082D68F34713DDF8408068F3E1
:10D00000040302F8303C88D10F9BA9F83AE0A9F854
:10D010003830BDF8B030A9F83CC0A9F82830BDF8C8
:10D02000B230A9F83E70A9F82A30BDF8B430A9F89A
:10D030004000A9F82C30BDF8B630A9F84210A9F884
:10D040002E30BDF8B830A9F83030BDF8BA30A9F8A4
:10D050003230BDF8BC30A9F83430BDF8BE30A9F884
:10D060003630119B002B0CBF0222012242F01F23FD
:10D0700043EA0243D9F8182002F0E0321A43C9F813
:10D080001820D9F81C2002F0E0321A43C9F81C20FD
:10D09000D9F8202002F0E0321A43C9F82020D9F84C
:10D0A000242002F0E0321343C9F824300E9B0BB168
:10D0B0000C9B2BB199F84A3043F0020389F84A30AF
:10D0C00040F20113AAF8CC31012300208AF8CE31B6
:10D0D00000E0A02039B0BDE8F08F6420FAE76820B6
:10D0E000F8E700BF707901108FC27D412DE9F0474C
:10D0F0000C46074694B0002800F06683002900F033
:10D10000638300F0EEFB0546384600F0EBFB8146FA
:10D1100005F50D5080222146183009F0ADFE0121A1
:10D12000032248460DF10E0303F06AF9BDF80E1014
:10D1300005F50C560129308000F24283012120229E
:10D1400048460DF10E0303F05BF9BDF80E10708038
:10D15000012900F235830121232248460DF10E03F7
:10D1600003F04EF9BDF80E10B080012900F22883BB
:10D170000121732248460DF10E0303F041F9BDF879
:10D180000E10F080012900F21B8301217522484610
:10D190000DF10E0303F034F9BDF80E1030810129B2
:10D1A00000F20E830121A02248460DF10E0303F088
:10D1B00027F9BDF80E107081012900F201830121C9
:10D1C000A12248460DF10E0303F01AF9BDF80E1026
:10D1D0007082012900F2F48201214FF483724846E3
:10D1E0000DF10E0303F00CF9BDF80E10B08101290A
:10D1F00000F2E682012140F2071248460DF10E03CB
:10D2000003F0FEF8BDF80E10F081012900F2D8827B
:10D2100001214FF4847248460DF10E0303F0F0F83B
:10D22000BDF80E103082012900F2CA82012140F2BD
:10D23000091248460DF10E0303F0E2F8BDF80E1096
:10D24000B082012900F2BC8201214FF48572484668
:10D250000DF10E0303F0D4F8BDF80E10F082012991
:10D2600000F2AE8201214FF4897248460DF10E039F
:10D2700003F0C6F8BDF80E103083012900F2A08239
:10D28000012140F2131248460DF10E0303F0B8F8E5
:10D29000BDF80E107083012900F2928201214FF433
:10D2A0008A7248460DF10E0303F0AAF8BDF80E107D
:10D2B000B083012900F28482012140F21512484610
:10D2C0000DF10E0303F09CF8BDF80E10F083012958
:10D2D00000F2768201214FF48B7248460DF10E0365
:10D2E00003F08EF8BDF80E103084012900F2688238
:10D2F000012140F2171248460DF10E0303F080F8A9
:10D30000BDF80E107084012900F25A8201214FF4F9
:10D310008C7248460DF10E0303F072F8BDF80E1042
:10D32000B084012900F24C82012140F219124846D2
:10D330000DF10E0303F064F8BDF80E10F08401291E
:10D3400000F23E8201214FF48D7248460DF10E032A
:10D3500003F056F8BDF80E103085012900F2308236
:10D36000012140F21B1248460DF10E0303F048F86C
:10D37000BDF80E107085012900F2228201214FF4C0
:10D380008E7248460DF10E0303F03AF8BDF80E1008
:10D39000B085012900F21482012140F21D12484695
:10D3A0000DF10E0303F02CF8BDF80E10F0850129E5
:10D3B00000F2068201214FF48F7248460DF10E03F0
:10D3C00003F01EF8BDF80E103086012900F2F88136
:10D3D000012140F21F1248460DF10E0303F010F830
:10D3E000BDF80E107086012900F2EA8101214FF488
:10D3F000907248460DF10E0303F002F8BDF80E10CE
:10D40000B086012900F2DC81012140F22112484658
:10D410000DF10E0302F0F4FFBDF80E10F0860129A5
:10D4200000F2CE81012140F20F1248460DF10E03A9
:10D4300002F0E6FFBDF80E103087012900F2C0812E
:10D4400001214FF4887248460DF10E0302F0D8FF17
:10D45000BDF80E107087012900F2B281012140F25F
:10D46000111248460DF10E0302F0CAFFBDF80E106E
:10D47000B087012900F2A481012140F2231248461D
:10D480000DF10E0302F0BCFFBDF80E10F08701296C
:10D4900000F2968101214FF4927248460DF10E037D
:10D4A00002F0AEFFBDF80E10A6F84000012900F210
:10D4B0008781012140F2251248460DF10E0302F04A
:10D4C0009FFFBDF80E10A6F84200012900F27881F6
:10D4D00001214FF4917248460DF10E0302F090FFC6
:10D4E000BDF80E10A6F84400012900F2698101215F
:10D4F0004FF4937248460DF10E0302F081FFBDF820
:10D500000E10A6F84600012900F25A81012140F2CE
:10D510002B1248460DF10E0302F072FFBDF80E10FB
:10D52000A6F84800012900F24B8101214FF49872BE
:10D5300048460DF10E0302F063FFBDF80E10A6F889
:10D540004A00012900F23C81214632463846FFF765
:10D5500035FB0146002840F033814FF00108334687
:10D5600003224846CDF8008002F0ECFF0146002877
:10D5700040F0268120224846CDF80080B31C02F0FE
:10D58000E1FF0146002840F01B8123224846CDF8E8
:10D590000080331D02F0D6FF0146002840F01081C4
:10D5A00073224846CDF80080B31D02F0CBFF014640
:10D5B000002840F0058175224846CDF8008006F12C
:10D5C000080302F0BFFF0146002840F0F98005F58E
:10D5D0000054B4F80A33A022ADF81030B4F8123376
:10D5E0004846ADF812300223009304AB02F0AAFFC4
:10D5F0000146002840F0E480B4F81033D4F80C233E
:10D60000ADF81830B4F814330592ADF81A30B4F808
:10D6100016334FF48372ADF81C300523484600934F
:10D6200005AB02F08FFF0146002840F0C980B4F836
:10D630003C33D4F83823ADF82430B4F818330892CA
:10D64000ADF82630B4F81A3340F20F12ADF8283096
:10D65000B4F81C334846ADF82A30B4F81E33ADF8A0
:10D660002C30B4F82033ADF82E30B4F82233ADF8B6
:10D670003030B4F82433ADF83230B4F82633ADF896
:10D680003430B4F82833ADF83630B4F82A33ADF876
:10D690003830B4F82C33ADF83A30B4F82E33ADF856
:10D6A0003C30B4F83033ADF83E30B4F83233ADF836
:10D6B0004030B4F83433ADF84230B4F83633ADF816
:10D6C0004430B4F84433ADF84630B4F83E33ADF8E6
:10D6D0004830B4F84033ADF84A30B4F84233ADF8CE
:10D6E0004C30B4F84633ADF84E301823009308ABF5
:10D6F00002F028FF0146002862D140F22B12484672
:10D70000CDF8008006F1480302F01CFF0146002816
:10D7100056D14FF498724846CDF8008006F14A037E
:10D7200002F010FF014600284AD1B088FEF7E8FE5B
:10D73000F8F77EFB40F2011394F80A630322C6F364
:10D740004001C5F89001A5F8D43185F8D68105F2DD
:10D75000D71009F055FDC6F3800385F8DA3185F856
:10D76000DB3185F8DC31C6F3C00385F8DD3185F89F
:10D77000DE3185F8DF31C6F3001385F8E03185F836
:10D78000E13185F8E231B4F80C33C6F34016C3F347
:10D790000C03414685F8E36185F8E46185F8E561AD
:10D7A0003846C4F8C432FEF779FF014640B938461E
:10D7B000FFF74EF8014618B9A5F8CC0185F8CE015F
:10D7C000084614B0BDE8F0876421F9E7F0B50546D6
:10D7D0001646084687B0002D3FD040F20123ADF831
:10D7E0001430032304AA0DF10E018DF8163000F059
:10D7F00036FABDF80E40BDF81030A34202D2002028
:10D8000007B0F0BD04F118036B4413F8047C2846FC
:10D8100000F068F84FF4987239460DF1120302F0E7
:10D82000EFFDADF80C00BDF812000128E8D89DF816
:10D830000C30284666F300038DF80C3000F052F8E7
:10D8400001234FF498720093394603AB02F07AFE3D
:10D850000028D5D10134A4B2CDE76420D0E7000080
:10D860002DE9F04198460E4617460546069B48B3FB
:10D8700041B33AB3B8F1000F24D01BB3124CFF21CF
:10D8800004F500520460C2F8F03204F10C004FF4C9
:10D89000C07209F0B5FC0D4B3A46A4F88C3184F8FF
:10D8A0008E312868434600F511503146183002F099
:10D8B0008FFD28B90322002304F50C5444E9022308
:10D8C000BDE8F0816420FBE7202A0020010101006F
:10D8D00028B1006800F51150183002F09DBE642098
:10D8E0007047704700F50050D0F85804704708B5ED
:10D8F000034608465BB103F50053D3F8F03233B169
:10D900009847002840F22F1008BF002008BD64206F
:10D91000FCE740B139B100F50C5050E9022300207A
:10D92000C1E9002370476420704718B1C0F8C011E6
:10D93000002070476420704718B1836800200B6096
:10D9400070476420704718B1C0F8C41100207047B8
:10D950006420704720B1D0F8C43100200B607047BC
:10D960006420704718B1C0F8C811002070476420C7
:10D970007047000008B530B10349D0F8C80109F07C
:10D98000DBFB09F0FDFB08BD00007A44A0B1B0F854
:10D990006E3073B9B0F870205AB9B0F8723043B92C
:10D9A000B0F874203AB9B0F87600B0FA80F04009C7
:10D9B000704700207047184670471FB5002859D09F
:10D9C00090F87230C3F38403032B8ABF0421002133
:10D9D000B0F8523001F1100284BFADF80030B0F859
:10D9E0006C306A4488BFADF80230B0F86E3002F88F
:10D9F000103C01F110026A441B0A02F80F3CB0F817
:10DA0000703001F110026A4402F80E3C01F110027C
:10DA10006A441B0A02F80D3CB0F8723001F11002A2
:10DA20006A4402F80C3C01F110026A441B0A02F835
:10DA30000B3CB0F8743001F110026A4402F80A3C61
:10DA400001F110026A441B0A02F8093CB0F8763072
:10DA500001F110026A4402F8083C01F110026A4424
:10DA60001B0A68460A3102F8073C02F0E3FDB0FAEF
:10DA700080F0400905B05DF804FB2DE9F04F85B05A
:10DA8000129EDDE90EECDDE91078002800F08180BF
:10DA900000297ED0BEF1000F7BD0BCF1000F78D002
:10DAA000002F76D0B8F1000F73D0002E71D0052A68
:10DAB0006BD990F8705090F8734005F00309240971
:10DAC00044EA0914ADF8044090F87140AD08ADF88F
:10DAD000065004F03F05ADF8085090F86E50A409C8
:10DAE00005F00F0544EA8504ADF80A40B0F86E4031
:10DAF0000DF10409C4F30514ADF80C4090F86F4023
:10DB00004D1EA408ADF80E4001F1050A39F802BB1C
:10DB10005FFA8BF4BBF1190F94BF41341634E4B2B1
:10DB200005F8014F5545F1D106240025944228DB24
:10DB3000B0F87220C2F3C4121A8090F87230C3F3A6
:10DB40008403A8F8003090F8743003F07F03AEF837
:10DB5000003090F8753003F07F03ACF8003090F897
:10DB600077303B8090F8763003F00103337073B167
:10DB7000FFF723FF00280CBF9A20002005B0BDE866
:10DB8000F08F0D55013424B2D0E77320F6E79C20C6
:10DB9000F4E76420F2E70000F0B50F4615460646AC
:10DBA0008DB0002843D0002941D0234B0AA9186822
:10DBB0009A889B790A908DF82E300023ADF81E309C
:10DBC000ADF82030ADF822300DF11D0304930DF1B6
:10DBD0002603039309AB02930DF12203019308ABD3
:10DBE000ADF82C20009307220DF11E033046FFF7FD
:10DBF00044FFBDF8223004460293BDF82030294688
:10DC00000193BDF81E30384600930C4A0AABFAF770
:10DC100095FF85420DD91CB13046FFF7B7FE18B10C
:10DC20000C2D8CBF0024732420460DB0F0BD64245D
:10DC3000FAE77324F8E700BF907901104F790110DB
:10DC400001207047012806D0022806D003280CBF07
:10DC500002200320704700207047012070470228EF
:10DC600009D003280AD0013818BF01200023400042
:10DC70000B801080704701231846F9E70223FBE769
:10DC8000F7B50446084674B301A90DF10602FFF783
:10DC9000E6FF42F2BC26002142F2EC274FF0000CD6
:10DCA000BDF80430BDF806509D4208D2002004F5AE
:10DCB0000054D4F8C432C4F8C03203B0F0BD04EB51
:10DCC000830202F50052E0180133C2F8A412C2F830
:10DCD000B0129BB28155C155C2F8C812C2F8D41215
:10DCE000C2F8E0C2E0E76420E7E7000070B50E4646
:10DCF000044600286AD04FF01063C0F85C3340F649
:10DD000009130025A0F860334FF4806300F500523A
:10DD1000C0F85853C0E9D455C2F8C4320023836018
:10DD2000C0F89031C0F89431C0F89831C0F89C31F7
:10DD3000C0F8A031C0F8A431C0F8A831C0F8AC31A7
:10DD4000C0F8B031C0F8B431C0F8B831C0F8BC3157
:10DD5000C0F8C031C0F8C431C0F8C8311C4B2946E6
:10DD6000C0F8CC311B4BC0F8D0314FF00133C0E9C3
:10DD70007533C0E9773340F20113A0F8E431C2E90A
:10DD8000A95500F55970C2E9AB55C2E9AD55A2F8E5
:10DD9000BC5282F8BE524FF4C86209F031FA4FF417
:10DDA000C862294604F6A41009F02AFA29464FF45D
:10DDB000C86204F6E47009F023FA29462046FFF70A
:10DDC0005FFF10B90EB984F8620370BD6420FCE7F0
:10DDD000010101000000C0402DE9F04F89B0044668
:10DDE0000391002865D0012200F500551146D5F8B1
:10DDF00058040DF11A0302F003FBADF81400BDF84E
:10DE00001A00012849D19DF81530009043F0800395
:10DE100002468DF815300021D5F8580405AB02F004
:10DE200091FB0228ADF81A0037D164212046FFF794
:10DE30005EFD90BB40F201230DF11C08ADF81C30D3
:10DE4000A61E0323B146C34601278DF81E3004F1F8
:10DE5000040A009700221BF8011BD5F8580406ABF2
:10DE600002F008FBC8B99DF8183029F8023FD145E7
:10DE7000EFD10146D5F8580402F07EFA68B90023C4
:10DE800018F8011B1A46D5F8580402F0B9FA36F80A
:10DE9000023FC0B2984203D06B2009B0BDE8F08FBA
:10DEA0005645ECD12046039909B0BDE8F04FFFF785
:10DEB0001DBF6420F1E77FB50E4615461C4608B32A
:10DEC00002B3FFF70FFD0223A3220093314603ABF9
:10DED00002F0D0FAA0B9BDF80E302B8014B1BDF815
:10DEE0000C3023809DF80D3013F0300F0CD140F62C
:10DEF000FF72BDF80C30C3F30B03934208BFD5206B
:10DF000004B070BD6420FBE70320F9E773B50E464B
:10DF100015461C4658B152B1A400FFF7E3FC2B464E
:10DF2000A5223146009402F0A5FA02B070BD64202B
:10DF3000FBE70288034642B9408840B99A883AB95B
:10DF4000D888B0FA80F0400970470020704710462A
:10DF5000704743783F2B9DBF90F90300C043C00F2B
:10DF60000020704743783F2B9ABF90F90300C00F01
:10DF700000207047437803F0C003402B03BF90F9A3
:10DF80000300C043C00F00207047437803F0C00374
:10DF9000402B07D1C07800F0C000A0F180035842A8
:10DFA0005841704700207047437803F0C003402B6E
:10DFB00007D1C07800F0C000A0F1C003584258411A
:10DFC00070470020704700002DE9F84F0D464FF0D4
:10DFD00000080023CE78DFF8609004464246B1F88E
:10DFE00000A091F800B0036106F01F014B46A8782D
:10DFF00002F030FB6979074642464B46287901F02A
:10E000001F0102F027FB6A79EB88CAF3041ACBF3ED
:10E01000020B520943EA024384F800B0C6F34012EF
:10E0200084F801A0C6F38016A060A2702046E670B6
:10E030006760E360BDE8F88F00002040F0B591F81C
:10E0400003C091F800E08F784E790D79CC798A7908
:10E050004978CEF3050ECCF3050CC7F30507C6F3DC
:10E060000506C5F30505C4F30504C2F30502C1F3B3
:10E070000501017080F801E080F802C0C7700671E8
:10E0800045718471C271F0BD002230B5C0E9022231
:10E090008D88CC8802614A88098842F3090241F3DD
:10E0A0000901018042808580C48030BDC2798379B6
:10E0B000002002F0010143EA0123C2F3400143EAD8
:10E0C0004123C2F3800143EA8123C2F3C00143EA42
:10E0D000C123C2F3001243EA0232DBB263F307004A
:10E0E000120A82B062F30F2002B07047002210B50E
:10E0F0004C79C0F8062042818A88C9886409C2F335
:10E100000B0241EA04410160828010BD73B50E46E6
:10E1100015461C46FFF7E5FB00F50C5050E90223BD
:10E12000B24273F100030CDB012329466846637099
:10E13000FFF784FF00980199231D03C3002002B05C
:10E1400070BD6620FBE72DE9F04186B08046684649
:10E150001C46032306460F4663701146251DFFF734
:10E1600093FF0FCE0FC53368B4F904002B6001F0A4
:10E1700041FFF7F75DFEE0604046FFF7B2FB054662
:10E180003846FFF75FFD05EBC0150C352946608961
:10E1900001F026F829466061208901F03DF82061F0
:10E1A000002006B0BDE8F081F8B51E460D461746C2
:10E1B000FFF797FB04463046FFF744FD04EB800170
:10E1C00001F50051D1F8B0320133C1F8B032D1F8C5
:10E1D000A432632B1ED84FF0640C0CFB00302A696C
:10E1E00004EB0010C0F8642380F871632A780133CF
:10E1F00080F872236C7880F873436C68C0F86843C9
:10E20000AC68C0F86C43BA5C80F870230020C1F899
:10E21000A432F8BD0420FCE72DE9F04F4B788DB017
:10E22000082B8946059003D1AE200DB0BDE8F08FD4
:10E23000FFF757FB99F80030804618460393FFF725
:10E2400001FD08EB000393F8D7218346069293F86B
:10E25000DD2193F8E0310792049399F80130082BFF
:10E26000E2D00598FFF73DFB054699F80000FFF75F
:10E27000E9FC2B1893F8D41193F8D77193F8DA418D
:10E2800093F8DD2193F8E0C193F8E331064601935A
:10E2900099F8013011B9002B00F03C8217B9012B1D
:10E2A00000F0388214B9022B00F0348212B9032B2B
:10E2B00000F03082BCF1000F02D1042B00F02A8262
:10E2C000019810B9052B00F0258205EB060E9EF88B
:10E2D0005F03092B02904AD0092843D1062B46D868
:10E2E00006200290002900F0A48087F0010E8DF82E
:10E2F00028E08DF829704FF0000E002F53D1002C2C
:10E3000040F08F80002A00F0908020469246A6467A
:10E310008DF82CE04FF0010E8DF82A0001988DF851
:10E320002EE08DF82D0003F130008DF82BA00DEBC1
:10E33000000E1EF808EC8DF820E04FF0000E8DF86E
:10E3400021E0002C40F04A814FF0000E8DF822E0D1
:10E35000002A40F08E818DF82320BCF1000F00F0E0
:10E36000928016E1062B02D802980628BAD9092213
:10E37000AB1983F85F230022012783F8502383F829
:10E38000532383F8562383F8592383F85C2399F8A1
:10E390000130042B00F2D581DFE813F0C201F20155
:10E3A00004021602280203F13000ADF82AE0ADF8AD
:10E3B0002CE08DF82EE00DEB000E1EF808EC8DF829
:10E3C00020E081F0010E8DF828108DF829E08DF8FD
:10E3D0002A40002C40F0AE804FF0010E002A3BD0C6
:10E3E00001988DF82BE08DF82D0003F130008DF8A9
:10E3F0002C408DF82EE00DEB000A1AF808AC8DF8D1
:10E4000022408DF821A0BCF1000F40F05F8100296F
:10E4100000F05481ADF828E04FF0000E4FF0010CF1
:10E4200036E12046BA46BE4672E710469246E646B8
:10E430006EE78DF82010002FC3D18DF82170002CCD
:10E4400082D0002A40F00381BCF1000F40F0EA8046
:10E45000BC464FF0000EC9E08DF82B20BCF1000F38
:10E4600040F0868001988DF82C208DF82D0003F166
:10E4700030008DF82EE00DEB000C1CF808CCADF848
:10E4800022208DF821C04FF0000C01988DF824C097
:10E49000002800F0398100290CBFBA464FF0000A6D
:10E4A000002C40F02D81B2FA82FC96464FEA5C1CAB
:10E4B0008DF82CC04FF0010C03F130008DF82DC009
:10E4C0008DF82EC08DF828108DF829A08DF82A40DF
:10E4D0008DF82BE00DEB000C1CF808EC002918BFA0
:10E4E0000027002C40F01381B2FA82FC4FEA5C1C3A
:10E4F0008DF82B20019A30338DF82D2001228DF8D4
:10E5000028108DF829708DF82A408DF82CC08DF8D0
:10E510002E206B4413F8083C8DF825E08DF826304A
:10E52000029B30336B4413F8103C002B3FF41FAFB9
:10E5300000272CE74FF0000E8DF82BE08DF82CE033
:10E540004FF0010E01988DF82EE08DF82D0003F1AB
:10E5500030000DEB000E1EF808EC8DF821E0002ACB
:10E5600075D1BCF1000F5DD100293FF471AF39E0E6
:10E5700001988DF82CE08DF82D0003F130008DF816
:10E580002EE00DEB000C1CF808CCADF822208DF825
:10E5900021C000290CBFBA464FF0000A002C40F001
:10E5A000AB80B2FA82FC96464FEA5C1C8DF82CC018
:10E5B0004FF0010C01988DF82EC08DF82D0003F15D
:10E5C00030008DF828108DF829A08DF82A408DF89C
:10E5D0002BE00DEB000C1CF808CC56E7BABBBCF1E5
:10E5E000000F1FD14FF0010E4FF0000C8DF828E006
:10E5F0008DF829C04FF0010E4FF0000C0198ADF8D6
:10E600002AE08DF82D0003F130008DF82EE08DF812
:10E610002CC00DEB000E1EF808EC8DF822E08DF8F2
:10E6200023C030E74FF0000C4FF0010E03F1300033
:10E63000ADF82CE0CDF828C08DF82EC00DEB000E03
:10E640001EF808EC8DF822E08DF823C0A1E74FF00A
:10E65000807ECDF828E04FF0000E03F13000ADF8D9
:10E660002CE08DF82EE00DEB000E1EF808EC8DF876
:10E6700022E0BCF1000F29D101B34FF0010CADF83D
:10E6800028C0002C3FF4C8AE4FF0010E4FF0000C34
:10E690008DF82BC04FF0000C8DF82CC04FF0010C02
:10E6A00001988DF82EC08DF82D0003F130008DF803
:10E6B0002AE00DEB000C1CF808CCB0E74FF0000C82
:10E6C0008DF828C09FB98DF82970DAE74FF0000C5B
:10E6D0004FF0010E03F13000CDF828C08DF82EC0A8
:10E6E000ADF82CE00DEB000C1CF808CCACE74FF0BB
:10E6F000010C8DF829C0C4E74FF0000EF44655E731
:10E700004FF0000EF446D3E6DDF804E0E6E6002222
:10E710009446EDE609232E44D22086F85F3384E543
:10E720001824CC4604FB0654BCE80F0004F5F4742E
:10E730000FC401229CE80300AB1984E8030083F8AE
:10E74000502399F80130354485F85F33002B5FD1B1
:10E75000069B002B74D1002F40F0AD8008EB0B041A
:10E7600094F85033002B00F0828094F8533323B197
:10E7700098F86253002D68D0002384F8503376E077
:10E780001824CC4604FB0654BCE80F0004F50C74B6
:10E790000FC401229CE80300AB1984E8030083F84E
:10E7A0005323CEE71824CC4604FB0654BCE80F00E4
:10E7B00004F51E740FC401229CE80300AB1984E821
:10E7C000030083F85623BCE71824CC4604FB065408
:10E7D000BCE80F0004F530740FC401229CE803006C
:10E7E000AB1984E8030083F85923AAE71824CC4620
:10E7F00004FB0654BCE80F0004F542740FC4012268
:10E800009CE80300AB1984E8030083F85C2398E7D5
:10E81000012BA0D0022B0BD1079B8BB9049B7BB99A
:10E82000002F48D1002208EB0B0383F850231EE091
:10E83000032BF3D0042BF3D0052BF1D0062BEFD014
:10E84000002F0CBF0020D120EFE4182101FB0BF1B9
:10E8500001F50D7201F5F671039B059842444144A0
:10E86000FFF7A2FC042804D0B8B984F850030020B4
:10E8700001E084F850530023D84488F8533388F8D3
:10E88000563388F8593388F85C33092388F85F33A6
:10E89000031F584258418000C7E4092384F85053AD
:10E8A00084F8535384F8565384F8595384F85C53CE
:10E8B00084F85F33B9E4D120B7E4F8B580B1FFF74D
:10E8C00010F800F50C5353E90264002302461D467C
:10E8D000012002F5005799B2B14275EB040100DB4B
:10E8E000F8BD58B199B201F6B40102EB8101D7F835
:10E8F000C002496888428CBF002001200133EAE74A
:10E90000F8B50D46FEF7EDFF04462846F7F7B0FAD6
:10E9100004F500540646B4F80C030F46C0F30C008F
:10E92000F7F7A6FA02460B4630463946F7F732FAB1
:10E93000F7F77EFAF8BD2DE9F0410C4616461D4664
:10E94000FEF7CFFF80462046FFF77CF908EB8004F6
:10E9500004F5005408F5005C3268D4F8C812BCF81D
:10E960000C73511AC7F30C07C1F31200C7F500234B
:10E97000834214DA98F86213D4F8D432C4F8C82267
:10E9800041B9834206DCC1188B4206D94FF0FF31F2
:10E99000D4200EE0A0F50020C118002009E0B0F559
:10E9A000003F13D8D4F8D432C4F8C822191800286C
:10E9B000EAD1C4F8D412BCF80C233160C2F30C02C3
:10E9C0000AB1B1FBF7F22A60BDE8F081D320FBE782
:10E9D0002DE9F04788B08A461D4614468146FEF769
:10E9E00080FF80465046FFF72DF908EB000393F8AF
:10E9F000CC31074603BB21466C4668466B702E1D22
:10EA0000FFF7E2FA0FCC0FC6236851463360484641
:10EA100007AB05F11002FFF78EFF044640B94846E8
:10EA20002969FFF76DFF07F6B807686148F8270006
:10EA3000204608B0BDE8F0876824F9E72DE9F743E0
:10EA40001C46042363700E4691460746FEF749FFB5
:10EA500080463046FFF7F6F899F80520B9F80630F9
:10EA6000520943EA0243636000233146A36005462E
:10EA700001AB3846221DFFF75EFF064640B9384617
:10EA80006168FFF73DFF05F6B805A06048F825006E
:10EA9000304603B0BDE8F0832DE9F04387B00E4661
:10EAA00091461C460746FEF71CFF80463046FFF79E
:10EAB000C9F806230546684649466370FFF716FB0A
:10EAC00007C804F1040C8CE8070005AB3146624628
:10EAD0003846FFF730FF064640B938466168FFF711
:10EAE0000FFF05F6B805E06048F82500304607B08E
:10EAF000BDE8F0832DE9F0410E4614461D46074659
:10EB0000002870D0FEF7EDFE00F50C5050E902230E
:10EB1000B24273F1000368DB002E66D020462E70EF
:10EB2000FFF707FA10B108236B7029E02046FFF7C2
:10EB300010FA38B12B46224631463846BDE8F0413E
:10EB4000FFF746BF2046FFF70DFA38B12B462246A5
:10EB500031463846BDE8F041FFF7D8BA2046FFF706
:10EB600009FA80B102236B7063882288A088E1884B
:10EB7000C3F30E03C2F30D02AA80EB8028816981E2
:10EB80000020BDE8F0812046FFF7FFF938B12B46A1
:10EB9000224631463846BDE8F041FFF7D4BA204658
:10EBA000FFF702FA38B12B46224631463846BDE817
:10EBB000F041FFF743BF637803F0C003802B06D119
:10EBC000052320466B70FFF771FAA880D8E7C02BA9
:10EBD00007D12B46224631463846BDE8F041FFF7C3
:10EBE0005BBF0923A0E76420CBE76620C9E72DE9D6
:10EBF000F04F0E46934699468046ADF6440D0028E8
:10EC000060D0002A5ED0002B5CD0FEF76AFE00F5D3
:10EC10000C5050E90223B24273F1000354DB002E82
:10EC200052D06A463146404601ABFFF744F90446EC
:10EC300008B1032832D1BDF80070C7F30807B7F553
:10EC4000827F43D83B463146404608AAFFF75EF92B
:10EC5000054600283DD1B9F800A0BA4528BFBA46FC
:10EC6000A9F800A01FFA85F9CA454FEAC50208D8DD
:10EC700008AB9D184F4516D884B9574588BFD02496
:10EC80000CE0182308A903FB05B30A4440463146AB
:10EC9000FFF730FF013504460028E3D020460DF68B
:10ECA000440DBDE8F08F2A463146404602ABFFF7DF
:10ECB00021FF083504460028F0D109F101091FFAA7
:10ECC00089F9D7E76424E9E76624E7E740F293147B
:10ECD000E4E76924E2E770B515460E46FEF701FE4B
:10ECE0000446284608F088FAD4F8BC1108F024FA43
:10ECF000D4F8B8110546304608F026FA01462846F1
:10ED000008F022FA70BDF0B585B00C46DDE90A7551
:10ED1000064600283DD0002D3BD0002139802980B7
:10ED200072B303B3FEF7DEFD022370220093214687
:10ED300003AB01F09FFB08BBBDF80C303B80BDF876
:10ED40000E302B802B785B060BD53046FEF7C9FDC5
:10ED500005462046FEF776FF42F2EC2301220544E9
:10ED6000EA5400200AE0FEF7BDFD01237022009363
:10ED70003B46214601F07EFB0028E3D005B0F0BD04
:10ED8000002BDFD0FEF7AEFD0123712200932B464E
:10ED9000EFE76420F2E700F47B6200F0B000C30606
:10EDA00014D4830614D4130614D4130AD20513D42E
:10EDB0009A0717D45A0711D41A0711D40B0611D485
:10EDC00011F4807F14BF782000207047A520704781
:10EDD000A6207047A8207047A9207047AB20704735
:10EDE000AC207047AA20704708B568B1FEF779FDDE
:10EDF00000F5005393F8EC0220B193F8ED0208B14E
:10EE000093F8EE0200F0010008BD08B540B1FEF72E
:10EE100068FD002300F50050A0F8EC3280F8EE32D7
:10EE200008BD7FB50D461646044658B30DF10B02DA
:10EE300000F00EFA20BB9DF80B30072B24D02046A3
:10EE4000FEF750FD4FF4987229460DF10E0301F0C4
:10EE5000D7FAADF80C00BDF80E00012810D89DF8C7
:10EE60000C30204666F341038DF80C30FEF73AFD76
:10EE700001234FF498720093294603AB01F062FB23
:10EE800004B070BD6420FBE77420F9E730B50D468F
:10EE9000144685B090B18AB1FEF724FD01234FF4EA
:10EEA00098720093294603AB01F0E4FA20B99DF86B
:10EEB0000C30C3F34003237005B030BD6420FBE782
:10EEC000F0B589B001AA064614460D4B03F11807A8
:10EED000154618685968083303C5BB422A46F7D15E
:10EEE0001B880D202B80234633F8022BB24205D01D
:10EEF000013880B20028F7D109B0F0BD0120FBE74E
:10EF000098790110F7B50D46044678B381B307220E
:10EF100000F06FFA064610B9002003B0F0BDFFF70D
:10EF2000CFFF08B30123294620460DF107028DF8D3
:10EF30000730FFF7ABFF0028EFD19DF80770294697
:10EF40007A1E18BF01222046FFF76BFF0028E4D18C
:10EF500007222946204600F04CFA0028DCD03A4629
:10EF600029462046FFF75DFF3046D6E76420D4E708
:10EF70006620D2E708B512221021B0F91E0001F078
:10EF800057FC0022034BF6F7E1FE0022024BF6F796
:10EF9000DDFE08BD000010C00000603F08B5132270
:10EFA0001021B0F9200001F043FC0022034BF6F7DA
:10EFB000CDFE0022024BF6F7C9FE08BD000030402E
:10EFC0000000D03E000000002DE9F84F16461F4615
:10EFD0008246002870D00A9B002B6DD0FEF730FED1
:10EFE000002857D0072208219AF96D0001F020FC73
:10EFF00033A3D3E90023F6F7A9FE0022364BF6F738
:10F000007DFE31A3D3E90023F6F7A0FE0446504667
:10F010000D46FFF7AFFF804650468946FFF7BEFF1B
:10F02000002282468B46304639462C4BF6F77AFE54
:10F0300000222B4BF6F78AFE00222A4BF6F786FEBB
:10F0400006460F4602460B4640464946F6F77EFE08
:10F050000022214BF6F752FE3246804689463B4657
:10F0600050465946F6F772FE32463B46F6F76EFEBC
:10F0700002460B4640464946F6F740FE0B4602461E
:10F0800029462046F6F786FE0A9BC3E900010020C8
:10F09000BDE8F88FBAF82E00C0F3090373B10B2254
:10F0A00018460A2101F098FB02460B4608A1D1E957
:10F0B0000001F6F76FFEA9E76420E9E78A20E7E799
:10F0C0009A9999999999C93FF168E388B5F8743F7D
:10F0D000FA7E6ABC7493583F0000F03F000039404C
:10F0E000000010C00000603F2DE9F84F14461D4697
:10F0F0008046002860D00A9B002B5DD007220821A3
:10F1000090F96C0001F094FB2DA3D3E90023F6F7EE
:10F110001DFE00222E4BF6F7F1FD2BA3D3E90023B1
:10F12000F6F714FE122282468B46B8F91E00102113
:10F1300001F07EFB132206460F46B8F9200010218D
:10F1400001F076FB00228046894620462946214B65
:10F15000F6F7E8FD0022204BF6F7F8FD00221F4BE2
:10F16000F6F7F4FD04460D4602460B463046394696
:10F17000F6F7ECFD0022164BF6F7C0FD22460646D8
:10F180000F462B4640464946F6F7E0FD22462B4601
:10F19000F6F7DCFD02460B4630463946F6F7AEFD83
:10F1A0000B46024659465046F6F7F4FD0A9BC3E962
:10F1B00000010020BDE8F88F6420FBE7AFF300807A
:10F1C0009A9999999999C93F8DEDB5A0F7C6503F85
:10F1D0000000F03F00003940000010C00000603F18
:10F1E0001FB502AB0446009300220846094BFFF707
:10F1F0007BFF18B108F000F804B010BD10222046C3
:10F20000114601F0E9FADDE90223F6F79FFDF6F772
:10F210000FFEF1E7000049401FB502AB0446009322
:10F2200000220846094BFFF7CFFE18B107F0E4FFB4
:10F2300004B010BD11222046102101F0CDFADDE905
:10F240000223F6F783FDF6F7F3FDF1E700004940EE
:10F250002DE9F0470E461446074686B0002863D0D5
:10F26000002A61D040F20123ADF8103003234FF0A3
:10F27000010930460DF10E0203A98DF81230FEF798
:10F28000EEFC2C4BBDF80C50ADF814308DF8163058
:10F29000BDF80EC0AC4518D2BDF80C2056B90123FC
:10F2A000511C02F1180089B20DEB00058C452DD2DE
:10F2B000002B3DD0002002F118030DEB030212F8E1
:10F2C000043C237006B0BDE8F08705F118030DEB90
:10F2D000030818F808AC3846FEF704FB90225146A4
:10F2E000CDF8009002AB01F0C5F80028EAD19DF8F6
:10F2F0000830C3F30212012A08F8042C03D902F0E3
:10F300000303032B12D10135ADB2C1E74BB101F1BB
:10F310001800684415F8043C10F8040C181A43420D
:10F320004341013189B2C1E76420CBE77420C9E7CA
:10F330007220C7E7080808002DE9F3410E4615467C
:10F340000746A8B3A2B3FEF7CDFA902231460DF1DD
:10F35000060301F055F80446BDF8060001281BD845
:10F360003846FEF7BFFA042231460DF1060301F0DC
:10F3700047F80246BDF80600C4F3021801280BD86E
:10F3800004F007034345C4F3020102D1544062076D
:10F3900005D0082374202B7002B0BDE8F081012B4A
:10F3A00003D903F00303032BF3D100202970F3E703
:10F3B0006420F1E71FB50C46B8B1072A17D88B2394
:10F3C000D340DB0713D50023ADF80C3062F3020302
:10F3D0008DF80C30FEF786FA0123042200932146B3
:10F3E00003AB01F0AFF804B010BD6420FBE774205C
:10F3F000F9E72DE9F04F0F4615460646C9B000283B
:10F4000000F0A780072A00F2A6808B23D340DB07F9
:10F4100040F1A18040F20123ADF81C3003233846AF
:10F4200006AA0DF116018DF81E30FEF718FC072D07
:10F430000DF11C090CD100243046FEF752FA20448D
:10F4400090F8CC31002B40F088800134032CF3D1AC
:10F450002A4639463046FFF7ADFF0446002874D1EE
:10F460000A213046FEF743FA044600286DD139469A
:10F4700030460DF10F02FFF7EBFE9DF80F3004460A
:10F48000AB4221D1002860D0072D5ED10023089324
:10F49000ADF824300A2330460AA9ADF81A30FEF739
:10F4A00038FABDF816700DF12008BDF81820BA42E0
:10F4B00010D2BDF816309A4208D338F81350002DF8
:10F4C00042D101339BB2F6E7072DDFD0002C08BFF5
:10F4D00071243AE0F02200210CA819F807B007F0D7
:10F4E0008FFE0A23ADF81A3004AB009301230DF10F
:10F4F000140A1A4659463046CDF804A0FFF703FC1B
:10F50000054608BB594630460DF11A030CAAFFF711
:10F510006EFB4FF0180BBDF81A20ABB29A420AD816
:10F52000BAF80010BDF81000FFF735FC28F81700F6
:10F530000137BFB2B9E7A9B20CAB30460BFB0131C2
:10F54000FEF76AFE0135E6E72C46204649B0BDE8E5
:10F55000F08F6424F9E77424F7E79D24F5E7F7B505
:10F56000089F48B141B13AB133B12FB1009706F0CD
:10F57000CDFD002003B0F0BD6420FBE710B50C46C4
:10F5800028B1FEF7AEF9C0F8D041002010BD6420CC
:10F59000FCE70000000000002DE9F04393B0FEF707
:10F5A000A0F900F500530546B3F80403FCF7A8FFE3
:10F5B0000022334B06460F46F6F7B4FC10B12CA7D9
:10F5C000D7E900672AA1D1E9000132463B46F6F7A8
:10F5D000E1FBF6F75FFCF6F739FC02460B4600202C
:10F5E0002849F6F7D7FB6F4601244FF00008CDE914
:10F5F0000201DFF8949002AE4B46D6E90001424684
:10F60000F6F7A4FB032C2346A8BF03230134082CE0
:10F61000E6E9020107F8013FEED10FF25C09D9E9F2
:10F620000089072412AFD5F8D00107F0CDFD42467E
:10F630004B46F6F78BFB07F097FD4246064677E907
:10F6400002014B46F6F782FB07F08EFD86420ADC8C
:10F6500004F148036B4413F8483C204685F8CF3149
:10F6600013B0BDE8F083013CDDD12346F5E700BFD0
:10F6700000000000D0127341000000000088C34069
:10F680000000F03F000018400000E03F70B50C465D
:10F6900006461146CEB0C2B94FF49C72684607F0D8
:10F6A000AFFD684606F0BEFCBDF8B8506A460121C1
:10F6B000304600F0D8FD30B99DF855309B0818BF92
:10F6C000BDF8565025804EB070BDB2F8B850EDE789
:10F6D0002DE9F04F8FB09346064603910793FEF74E
:10F6E00000F900F50053D3F8C01204463046FFF786
:10F6F00007F96322079B95491860039B03F548604F
:10F7000019605A739A73DA73596099601A731033D7
:10F710008342F5D100253046CBF80050CBF8045099
:10F72000CBF80850FFF7C9F80190002800F0FC80E2
:10F7300004F50C5353F8082C53F8043C0C9505932E
:10F740002B46ADF834500492029504996A1CEDB230
:10F750008D42059973EB010115DB0026ADF82C30C5
:10F760008DF82E30029B9E4280F0E9800025784A79
:10F7700004F50A5AA8462F460AF1200A0CAB0DF1EF
:10F780002C0906921BE005F6A80504EB85056968BF
:10F790000298154608440290D7E719F8011B33F880
:10F7A000022B0AF1040A19B9BAF80010914234D8B0
:10F7B0004FF0010209F8012C013548F10008049AC4
:10F7C0009542059A78EB0202E7DB0021019B049841
:10F7D000CAB282424FF00000059DA84130DB002BE9
:10F7E00040F0AD800EAB03EB4709642339F8088C79
:10F7F000079A03FB0783363304EB03131168586839
:10F800001D1D07F085FC30B307F138030DEB03072E
:10F810004FF0010307F80C3CA4E70993642303FBB2
:10F82000052204EB0212D2F864130698089107F03F
:10F83000C7FC099B0028BFD00899AFB20691BBE76F
:10F840002BB102F138030DEB030212F80C3C03F06C
:10F8500001030131BBE70136B6B208F10108C82E39
:10F8600029F8088C3FF67EAF039B06F18057013FD5
:10F8700003EB071795E80F0087E80F0072E71FFA00
:10F8800088F704EB87060EAB03EB470306F500563B
:10F89000D6F8A42233F8085C531B1BB2002B4BF89C
:10F8A000275011DD64234FF4C86003FB075100FBB0
:10F8B000074092B2521B04EB0111120101F559717C
:10F8C00000F5597007F048FCD6F8A402D6F8B0321B
:10F8D000421BC6F8A4225BF827C002EB0C01642986
:10F8E00004EB070123D142F2BC2E11F80EE0BEF169
:10F8F000000F1CD1DAB1019AA3EB0C03C6F8B032A9
:10F9000042F2BC2308F10108CA541FFA88F359E9EE
:10F9100002128B427AEB0202B1DB04F50054D4E907
:10F92000B0321344C4F8C0320FB0BDE8F08F2D1AC6
:10F930001D444BF827500022D6F8A432DEE74FF0E2
:10F94000000804F50C59C246DFE700BF0000C07F85
:10F95000FFFF7F7F2DE9F04FC1B00C4607460292B2
:10F96000002800F01981002900F01681FDF7B9FF89
:10F97000302205460021204607F042FC48220021A3
:10F980002EA807F03DFC242200210FA807F038FC28
:10F9900000212C2218A805F5B1560436CDE9061130
:10F9A000089107F02DFC0CAB31463846009309AAAC
:10F9B00005ABFFF78DFED5F8CC222EAB3046A26208
:10F9C00009A906F00FFE18AA0FA906A806F0EAFA80
:10F9D0000021189807F0B8FB199907F0B5FB1A99A0
:10F9E00007F0B2FB05F50C53064653E90201F7F7A1
:10F9F00013F90146304607F00FFCDDF8C0900646CB
:10FA00004946484607F0B4FB08B14FF00009C4F876
:10FA10000490DDF8C4904946484607F0A9FB08B1B8
:10FA20004FF00009C4F80890DDF8C89049464846F0
:10FA300007F09EFB08B14FF00009C4F80C90DDF808
:10FA4000CC904946484607F093FB08B1DFF8549143
:10FA5000C4F81090DDF8D0904946484607F088FB7E
:10FA600008B1DFF84091C4F81490DDF8D49049460D
:10FA7000484607F07DFB08B1DFF828913146304653
:10FA8000C4F8189007F074FB00B1464E2662109E31
:10FA90003146304607F06CFB00B1424E05F500538D
:10FAA0006662D3E9B063B6FBF3F6013E304607F079
:10FAB000A3FBA96807F040FB324601463846FFF732
:10FAC0000AF9D5F8C41107F03FFB374907F034FBBA
:10FAD000F6F722FF344907F09FFB9DF8B9304FF04D
:10FAE0000308003B18BF0123002723AE2060637783
:10FAF000E6620DF1B90A0DF1D8090DF1B30B1AF850
:10FB0000012F59F8041F003A18BF012208460BF8CC
:10FB1000012F002F08BF1746039107F029FB07F0BC
:10FB20000107039900B11F4946F8041BD9F80C10CE
:10FB30000846039107F01CFB039900B11949B16015
:10FB4000D9F818100846039107F012FB039900B189
:10FB5000144908F1FF381FFA88F8B161B8F1000FB5
:10FB6000CDD19DF8B820D7B9131E18BF0123237734
:10FB7000D5F8C0410021204607F022FB50B105997D
:10FB8000204607F051FB4FF07E5107F0C9FA0038CC
:10FB900018BF0120029B187041B0BDE8F08F01230F
:10FBA000E5E700BF0000C07F0000C8422DE9F84330
:10FBB0001546044600287DD0002A7BD0B0F86000AE
:10FBC00000F01F0041B9F6F753F9C5E900012046DE
:10FBD000BDE8F84300F0A0BB02284DD004D80128AE
:10FBE00031D040F22D1066E003380128F9D80829F9
:10FBF00063D80139C1F34603313334F81300CB071E
:10FC000054BFC0B2000A5FFA81F8F6F71FF9DFF8B7
:10FC1000B090064609EBC80358680F4607F0D4FABF
:10FC200002460B4630463946F6F77CF8064659F848
:10FC300038000F4607F0C8FA02460B4630463946F0
:10FC4000F6F7A8F8C1E702290AD003290DD0012947
:10FC500033D10B221021B4F8620000F0BDFDB4E7EF
:10FC60000E221021B4F86400F7E71322B4F96600FD
:10FC7000102100F0DDFDA8E7013903291DD8DFE8D8
:10FC800001F00204060B0D22E4E70F22E9E70F2240
:10FC90001021B4F86600E0E70C22B4F868001021E7
:10FCA00000F09AFD024601F1004300200549F5F7F6
:10FCB00099FE8AE76420BDE8F8834FF49770FAE76D
:10FCC000B4790110000024402DE9F047E2B08046ED
:10FCD00014461D460E469DF8A8A1002900F0EB80B1
:10FCE000002A00F0E8807549304607F001F97449B0
:10FCF0008146304607F0FCF80746B9F1000F00D006
:10FD000028B965B1BAF12F0F09D8732004E015B1F5
:10FD1000BAF12F0FF9D9002062B0BDE8F087224672
:10FD2000404602A9FFF7B2FC0028F5D1BDF8080053
:10FD3000A4F8B8001DB1F6F79BF8C5E90001B9F1C8
:10FD4000000F01D0002FE6D1404642AB22AA02A903
:10FD500000F0B8F90028DFD1002200239DF85D6093
:10FD60000146CDE9002302A86A46B608FFF71EFF48
:10FD70000028D1D17FB9032E0AD1DDE9000100228C
:10FD8000504BF6F7CFF818B9B4F8B830032B5ED85B
:10FD90004FF4D170C0E7022E56D1DDE90001F6F72D
:10FDA0008BF886B2022EB6D16A46012102A8FFF76F
:10FDB000FDFE0028B0D1DDE90001F6F739F86A460A
:10FDC000C4F8BC00314602A8FFF7F0FE0028A3D11A
:10FDD000DDE90001F6F72CF86A46C4F8C0000321FB
:10FDE00002A8FFF7E3FE002896D1DDE90001F6F74F
:10FDF0001FF86A46C4F8C400042102A8FFF7D6FE23
:10FE0000002889D1DDE90001F6F712F80646C4F8AA
:10FE1000C800002D3FF47FAFD4F8BC0007F0D4F940
:10FE2000C5E90201D4F8C00007F0CEF9C5E9040124
:10FE3000D4F8C40007F0C8F9C5E90601304607F058
:10FE4000C3F9C5E9080166E7032E7FF464AFDDE975
:10FE50000001F6F731F880B202287FF65CAF012787
:10FE6000002621E06A4639464846FFF79FFE0028F3
:10FE70007FF452AFDDE900011DB105EBC603C3E914
:10FE80000A01F5F7D5FF06F1320A0136F6B204EBA6
:10FE90008A0AB045CAF8040009F18009E2D10137A5
:10FEA000FFB2092F3FF437AF06F103080DF108093F
:10FEB0005FFA88F8D6E764202EE700BF5E7901106C
:10FEC0000B7901100000084082B02DE9F043D1B059
:10FED0000E4658A9074681E80C00002800F08280F1
:10FEE000002E7FD0FDF7FDFC044600F50F50802268
:10FEF0003146183006F0C0FF3C49304606F0F8FFA6
:10FF000080463B49304606F0F3FFB8F1000F65D05C
:10FF1000B0FA80F56D0902A806F084F894F8CC31A7
:10FF2000002B61D194F8CD31002B5DD194F8CE81B6
:10FF3000B8F1000F58D1D4F8983138460493D4F86A
:10FF4000A4310593FDF7CDFCD0F8909194F8CF0142
:10FF500007F052F901464FF08040F6F725FD0146C3
:10FF6000484607F059F90290002D39D0589B04F506
:10FF700000540393599B94F8142316939DF86C3105
:10FF8000C2F380028DF8AA309DF878318DF83421C3
:10FF90008DF8AD309DF86D3131468DF8AB309DF860
:10FFA0006E3138468DF8AC30BDF87031CDF8008038
:10FFB000ADF8B8305D9B02AA2F939DF87931ADF86A
:10FFC00036314346FFF780FE044602A806F0DAFA0F
:10FFD000204651B0BDE8F04302B0704701259AE7D2
:10FFE0006824F2E76424F3E77324F1E75E790110F3
:10FFF0000B79011008B5F5F729FF0022034BF5F73F
:020000041001E9
:10000000A5FE0022024BF5F779FE08BD0000D0BF27
:100010000000394070B50C461646054608B9642004
:1000200070BDFDF75EFC00F50C5050E90223A242C2
:1000300073F100031DDBE4B1002EF0D02846FDF77C
:1000400050FC05462046FDF7FDFD2B1893F88C412A
:1000500034B180220021304607F0D2F88A20DFE751
:1000600005EBC011802230460C3107F099F820468C
:10007000D6E76620D4E7000030B50446A1B0E0B171
:1000800080220021684607F0BBF8002319460C4A7D
:1000900012F8010B40B120AD481C05EB410134F8CA
:1000A000135021F8805C81B20133402BF0D149001C
:1000B0000139684689B200F0BDFA21B030BD00BFF9
:1000C000F47901102DE9F047884617461E4605468B
:1000D0008CB0002800F0C580002900F0C280002A02
:1000E00000F0BF80002B00F0BC80FDF7FAFB90F819
:1000F0008C310446DBB990F88D31C3B990F88E315C
:10010000ABB900F10C018022404607F049F880228B
:1001100004F18C01384607F043F88022304604F59C
:10012000867107F03DF800200CB0BDE8F08740F282
:10013000012303242846CDE90987ADF810308DF856
:1001400012400B96FDF7CEFB002107460DF10F0282
:100150002846FFF77DF80028E6D19DF80F6006F0ED
:10016000FD06012E77D10DF1100800965422384675
:1001700018F8011B07AB00F07DF90028D4D19DF8D9
:100180001C30DB0769D5013CA4B2002CEDD14CF644
:10019000CC43ADF81860ADF8163009AE03235122F8
:1001A00000930021384605ABADF8144000F0CAF9C1
:1001B0000028B9D180464FF0040A0DF11009CDF89E
:1001C00000A05122384619F8011B07AB00F052F984
:1001D0000028A9D19DF81C3003F03F03A3423CD175
:1001E0009DF8203003F00303012B36D19DF8223017
:1001F00003F00303012B30D156F82830BDF81E2040
:1002000008F10108B8F1030F23F81420D7D1013405
:10021000402CC3D18046074656F8044B2046FFF7D2
:100220002BFF94F87B30834219D12846FDF759FB08
:1002300000EBC810802221460C3006F0B1FF2846A2
:10024000FDF74FFB404408F10108B8F1030F80F8B7
:100250008C71E1D167E78C2066E7852064E79920FF
:1002600062E7642060E7F0B50D4617460446E1B04A
:1002700010B9642061B0F0BDFDF733FB00F50C5000
:1002800050E90223AA4273F100031DDBE5B1002F00
:10029000EFD02046FDF725FB06462846FDF7D2FCA9
:1002A000064496F88C313BB16946204640AB20AA03
:1002B000FFF708FF0028DDD13A462946204661B005
:1002C000BDE8F040FFF7A6BE6620D3E7F0B50346D1
:1002D00087B0F8B16A4600F15E0100F16A07144682
:1002E0000E46104631F8025F023404F8025CB9424F
:1002F0004FEA152504F8015CF4D1523333F8021F9C
:10030000023291729E424FEA1121D172F6D1172129
:1003100000F090F907B0F0BD10B50446FFF7D6FF26
:1003200094F85F30834214BF9F20002010BDF0B5C9
:100330004FF4347500244D43059E00EB4200A5F5B3
:100340003175B44200D1F0BD1719BFB2B7F5B47F13
:10035000F9D233F814C059B9A0F80CC0A0F8DCC227
:10036000A0F8ACC5A52F00F10200ECD00134E8E7FD
:1003700020F805C0F6E7000010B5044620B3036876
:1003800013B3836803B34368F3B1A9B94FF434726C
:100390000E490C3006F004FF4FF434720B4904F59B
:1003A000377006F0FDFE4FF43472084904F2AC5089
:1003B00006F0F6FE002010BD4FF43472013902FB46
:1003C000010002490C30F3E76420F4E7047D0110DA
:1003D00010B480B179B172B16BB1084C0460C4E95A
:1003E00001324FF4FE732160C4F87C3800210068AC
:1003F00010BCFFF7C1BF642010BC7047C457002079
:1004000030B528B104681CB184680CB1446824B9C3
:100410000BB164221A80002030BDB2F5B47F03D343
:10042000002BF8D06522F5E779B900EB42018D8900
:10043000B1F8DC42AC4203D1B1F8AC15A14203D013
:10044000002BE8D06622E5E70121094CA45C1CB131
:1004500023B101241C8001E0002BFBD14FF4B473C5
:10046000013903FB012200EB42008089D4E700BF81
:100470009C7B01102DE9F04F85B00F4615469A463A
:100480000446DDF838B0002855D00368002B52D060
:100490008368002B4FD04368002B4CD000294CD0F0
:1004A000A52A04D902EB0B03B3F5B47F47D2A846C3
:1004B000002607F003034FEA43395E4509D320467F
:1004C00053462A463946CDF800B0FFF730FF0020EA
:1004D0001EE041F6F07101EA08116FEA4141D4F8DB
:1004E0007C28ABEB060390B26FEA5141834228BFF0
:1004F000034641EA090138BF9BB22068D4F808C01E
:1005000089B20AEB46020393E047039B18B16920C6
:1005100005B0BDE8F08FB8F1A50F434401D8A52B75
:1005200006DC1FFA83F8D4F87C3833449EB2C4E763
:100530004FF0A508F7E76420EAE76620E8E76520C2
:10054000E6E700002DE9F04F85B08A4614469B4649
:1005500005460E9E002857D00368002B54D08368B0
:10056000002B51D04368002B4ED0A52A03D99319F4
:10057000B3F5B47F4AD2A1464FF000080AF0030356
:100580005F03B0450DD35B46224600965146284690
:10059000FFF7CDFE23461F4A2644B3422DD9002043
:1005A00017E0D5F87C28A6EB080390B241F6F0716D
:1005B000834228BF0346D5E9000C01EA091138BF80
:1005C0009BB239430BEB48020393E047039B18B1FE
:1005D0006A2005B0BDE8F08FB9F1A50F4B4401D8F2
:1005E000A52B07DC1FFA83F9D5F87C3843441FFAA2
:1005F00083F8C6E74FF0A509F6E7105D40B9A52CD2
:10060000E7D001339BB2C8E76420E2E76520E0E76A
:100610000220DEE7347A011050B103681A683AB15B
:100620009A682AB15B68002B14BF002064207047D1
:100630006420704703460144002010B5044C8B42EF
:1006400000D110BD13F8012B4240A05CF7E700BFBA
:10065000D47F01102DE9F84305460C4639B303F168
:10066000004300204FF08041F5F7BCF90646604298
:100670000F46F5F7EBFB02460B4600204FF080419A
:10068000F5F7B0F9804689462846F5F7F1FB324682
:100690003B46F5F75BFB0022064BF5F72FFB424686
:1006A0004B46F5F753FBF5F7C3FBBDE8F883002095
:1006B000FBE700BF0000F03F2DE9F843064618466F
:1006C00090460F46F5F7D4FB02460B4600204FF04C
:1006D0008041F5F787F932463B46F5F737FBF5F7EA
:1006E000DDF8044640460D46F5F7C2FB02460B46D0
:1006F0008046894600204FF08041F5F773F90022CB
:10070000124BF5F70FFB22462B46F5F70BFC60B1B9
:1007100042464B4600204FF08041F5F763F9002236
:100720000A4BF5F7FFFA04460D4600220023304637
:100730003946F5F7F7FB08B1002400252046294685
:10074000F5F7BAFB80B2BDE8F88300BF0000F03FC8
:100750002DE9F84388460021044691461D46089E2F
:1007600006F0DEFC002835D14FF07E51204606F021
:10077000CFFC074670BB0021204606F005FD20B1E6
:100780002F8037800020BDE8F8830127308007FAEA
:1007900009F74FF07E51204606F0C2FC60B94FF0D9
:1007A0007E51204606F040FD06F00EFD43464246CF
:1007B000FFF782FF2880E5E72146204606F0C4FCCB
:1007C00004463088013080B287423080E1D800236F
:1007D00033802B807320D6E7F8B5064610460F46C7
:1007E000F5F746FB02460B4600204FF08041F5F737
:1007F000F9F804464FF0FF300D46B84026EA0000F5
:10080000F5F736FB22462B46F5F7C4FAF8BD4FF054
:10081000FF3301228B4020EA030310B54C1E18B2AF
:1008200002FA04F48442DEBF8A409B1A18B210BD5B
:1008300070B580B21446FFF7EAFF06462046F5F78A
:1008400017FB02460B4600204FF08041F5F7CAF82F
:1008500004460D463046F5F7F9FA22462B46F5F7E1
:1008600099FA70BD036810B5012B0DD00123036008
:100870000023C0F82433094B00F548721C68034676
:1008800043F8044F9342FBD1D0F824335A1C18BFCD
:100890000133C0F8243340F8231010BD0C2400208D
:1008A000431E0230834205D013F8012F002AF9D0ED
:1008B0000120704700207047F0B500248DB0023948
:1008C0000494059406940794089409940A940B944C
:1008D00003293BD8DFE801F030024E44DFF8A0E006
:1008E000DFF8A0C0284F294E294D2A4C2A490791EC
:1008F0002A49039608912A492A4E09912A49CDF896
:1009000000E00A912949CDF804C0029704960595A4
:1009100006940B910CA9013801EB001050F82C1C27
:10092000116050F8282C1A6050F8242C129B50F8B3
:10093000300C1A600DB0F0BDDFF874E0DFF874C061
:100940001D4F1E4E1E4D1F4C1F49D0E7DFF87CE0A7
:10095000DFF87CC01F4F204E194D204C2049C6E7C0
:10096000204D214C214822490290009501200194FC
:100970000391CFE71F4D204C20482149F4E700BFE9
:10098000C520B03C083D1B3D9CC40840A1F8B13EC9
:100990004ED1913C2F6EE33E4D846D3F1B2F5D3C4D
:1009A00024B97C3D0AD7233C575B613FB22EEE3E13
:1009B000B9FC873C8FC2F53CABCF0140FE439A3E69
:1009C000CDCCCC3D33C4F13E986E823F211F743CA8
:1009D000DDB5843C2E9034403BDF8F3ED122BB3EC0
:1009E0003D9B153F0586AC3C02840F3D984C014071
:1009F0009E07573E0C94943C193C0C3DB30CE13FD0
:100A0000143F663E38B5B0F854300446022B4FF020
:100A1000000514D11049006906F0D2FB68B10F4BF4
:100A200025621A682346E260626204F1500143F8CD
:100A3000285F43F8042F8B42FBD1256138BD012B81
:100A4000FBD10749006906F0BBFB0028F5D0034B3A
:100A50001B68E360F1E700BF0000A0400C24002009
:100A6000000020412DE9F84304460D46066847681A
:100A7000D0F8088000F16C09E168304606F064FBAC
:100A800021690646384606F05FFB61690746404625
:100A900006F05AFB0C34A1458046EDD1A8606F608A
:100AA0002E60BDE8F8830000F8B5044615461E46E2
:100AB00003292AD8DFE801F00A021C2E0023A0F83F
:100AC00054301C4B1B688365E3651EE00123A0F8CE
:100AD0005430104605F066FE164F30B9304605F02A
:100AE00061FE10B1A5653B68EEE7134BA365FAE71D
:100AF0000223A0F85430104605F054FE30B93046B9
:100B000005F050FE10B9A565E665F8BD0B4BA36571
:100B10000B4BD9E70223A0F85430104605F042FEF3
:100B200020B9304605F03EFE0028ECD0054BA36509
:100B3000054BC9E70C2400209A99993ECDCCCC3DB9
:100B40000AD7A33CCDCCCC3C0AD7233C2DE9F041BD
:100B50000446006805F026FED0B90126256804F198
:100B6000240854F8047F384605F01CFE28B92846AE
:100B7000394606F0E9FA054601364445F1D13046DA
:100B800006F0D6FA0146284606F046FBBDE8F0819D
:100B900000250026E3E7F8B50446006805F002FEEC
:100BA00068B12746022657F8040F05F0FBFD3546CD
:100BB000013628B1C92EF6D126683046F8BD012588
:100BC00005F18043013B54F823600135043CC92DF5
:100BD000F3D054F825703046394606F0A1FA00B932
:100BE00037463E460135F2E7F8B50446006805F0A1
:100BF000D9FD68B12746022657F8040F05F0D2FD4B
:100C00003546013628B1C92EF6D126683046F8BDE2
:100C1000012505F18043013B54F823600135043C74
:100C2000C92DF3D054F825703046394606F0C8FA7D
:100C300000B937463E460135F2E770B50546006813
:100C400005F0B0FDE8B901262C68686805F0AAFD3A
:100C500028B92046696806F077FA04460136A86884
:100C600005F0A0FD28B92046A96806F06DFA0446F3
:100C70000136304606F05CFA0146204606F0CCFA12
:100C800070BD00260024E0E72DE9F043054600682A
:100C90006B68AE6885B001900293039605F082FD03
:100CA000041E0746686818BF012405F07BFDD0B11B
:100CB000304605F077FD002834D10134C4F1020339
:100CC00004AA02EB8303022C43F80C6CC4F1030664
:100CD00033D1019C204605F045FD38B32E4B1868F2
:100CE00005B0BDE8F08304AAC4F1010302EB83035D
:100CF0006A68304643F80C2C05F054FD0028DDD01E
:100D00000134022C0198E4D0029906F01DFA034642
:100D10004FF07C51184606F00FFA022604464FF0B9
:100D20007E581AE0002FD9D10224EAE7204605F0C8
:100D300039FD0028D2D10020D2E70299019806F0AF
:100D400003FA032E0346E3D1039906F0FDF9134994
:100D500006F062FA4FF000080446002700250DF166
:100D60000409214659F8040B06F05EFA014606F024
:100D7000E3F90146284606F0E7F90137B742054690
:100D8000EFDB41464FF0804006F04EFA0146284620
:100D900006F042FAA4E700BF0C2400200000404007
:100DA0002DE9F04F04460026ADF2646D069108ADC2
:100DB00000F10408334658F8269054F823004946B9
:100DC000771C023606F0F8F900286AD03B46374611
:100DD000C82EC5E9003705F10805EBD107230593B7
:100DE000022300930127009B02935B000093029B68
:100DF00003F1010B009B01971F44C92FA8BFC9270E
:100E00004FF00008019BDDF80490FB1A0BF1FF3551
:100E10000393039B98454BDB019BD0A9581E039B72
:100E200023EAE37208AB03EB8000920006F0B8F906
:100E3000029B07EB030BBBF1C80FDBDD059B013BFE
:100E40000593CFD16FF04047354608AB013E53F8CC
:100E500026303B4454F8230005F0A4FC002840F061
:100E60008B80012D15D06C49069806F0D5F9064601
:100E7000284606F05DF90146304606F05DF98046E9
:100E8000F5F74AFD4FF07E51064606F049F9002875
:100E900078D0089B3B4454F823000DF2646DBDE804
:100EA000F08F484605F07EFC00288FD133468FE74F
:100EB00008AB53F825A009F1FF330AF18042013A4B
:100EC00054F8221008AA52F82330079103F1804207
:100ED000013A54F82200049306F06EF9079920B302
:100EE000049A09F10109D0ABD94543F8282041D132
:100EF00007F1FF3AAAEB050A08AB08F101004FEA37
:100F00008A0203EB8501D0ABAF42D8BF4FF0000A95
:100F1000AF42D8BF002203EB800006F041F9D04475
:100F2000AA44554608F1010873E7084605F03AFC63
:100F30000028D5D1D0AB43F828A005F1010A02352D
:100F4000AF42EED1ABEB0905AA00D945C8BF0025D9
:100F500009F1FF3308A908F1010001EB8301D0ABCF
:100F6000D945C8BF002203EB800006F019F9A84458
:100F7000A944D6E7AA46D4E7002E7FF465AF274BF5
:100F800018688AE74FF09E41304606F0C1F858B91C
:100F9000304606F01DF94FF04F410746304606F047
:100FA000B7F848B1BD4207DC013D08AB53F8253026
:100FB00003F18043013B6EE73146404606F034F9C9
:100FC0006FF0404508AB013F53F82770804601465B
:100FD0002F444FF07C5006F027F954F8271006F004
:100FE000ABF84FF07E510746304606F0ADF806F0FC
:100FF000EFF808AB013853F820304FF07C511D4416
:10100000404606F0A1F854F8251006F095F8014680
:10101000384606F099F840E70000C8420C2400204A
:101020002DE9F04F43680446012B0E4691468FB0E0
:1010300036D1B4F85470D4F81080002F5CD04FF043
:101040007E51206A06F080F8002105462062404665
:1010500006F0B6F8002859D0E568B4F86030012BE6
:1010600040F0FB814946284606F0AAF800B14D46FB
:10107000284605F097FB002800F0F7812346002260
:10108000E66043F8282FB14A5034126843F8042F21
:10109000A342FBD130460FB0BDE8F04FF5F758BC86
:1010A0000127816D47604FF07E5006F0BDF8A849DA
:1010B000054606F0B1F8A7496061284606F0ACF88D
:1010C000E16DA0614FF07E5006F0AEF8A14906F048
:1010D000A3F89E4B00211A68234621612162E0613A
:1010E0002772E260626243F8281F04F1500143F85E
:1010F000042F9942FBD19CE70021404606F060F89E
:1011000010B1E568E560A8E73546FBE7022F40F03F
:1011100079814FF07E51A06A06F016F84FF08041B9
:10112000A062074605F0FCFF00287ED03546E66049
:1011300006F1004004F12C07BA4660620DF1100878
:10114000BAE80F00A8E80F00BAE80F00A8E80F00FF
:1011500024229AE8030088E8030005A904A805F002
:10116000FBFFBC46E36A0DF1100E0D93BEE80F00C5
:10117000ACE80F00BEE80F00ACE80F0098E80300F1
:101180008AE8030038462665FFF7E0FC0DF1100CF5
:1011900002900FCFACE80F000FCF0027ACE80F0094
:1011A00004AB9AE80300BB4688E803009846019325
:1011B00058F804AB504605F0F5FA002800F0BE8060
:1011C0000BF1010B01370A2FF2D1BBF10A0F40F0EE
:1011D000C7805E4B1F680021284605F0A1FF88B13B
:1011E00006F100434FF07E5263622346E66043F807
:1011F000282F564A116804F1500243F8041F9A42FE
:10120000FBD13546384605F0EFFF029907462846E0
:1012100006F00AF8394620F0004005F0D1FF00281A
:101220003FF41BAF0023636217E74B49384605F0D4
:1012300077FF4A4900282ED0284605F071FF40B3B9
:101240004FF07E51284605F0EFFFA769014607F1F0
:101250000047384605F070FF4FF07E5105F074FFEF
:10126000054629464FF07E5005F0DEFFE16805F0A7
:1012700063FF31460746284605F05EFF01463846C3
:1012800005F062FF0546E0603046616A05F05CFFEC
:1012900050E7A56DE5E7284605F042FF00284AD053
:1012A0004FF07E51284605F0BFFF0746A06939463A
:1012B00000F1004005F040FF4FF07E5105F044FF83
:1012C0000546E069394600F1004005F035FF4FF072
:1012D0007E5105F039FF074629464FF07E5005F054
:1012E000A3FFD4F80C80D4F824A08346514640468E
:1012F00005F02AFF0146584605F01EFF3146834699
:10130000284605F019FF0146584605F01DFF4146E5
:10131000E060054605F088FF394605F00DFF3946C7
:1013200080464FF07E5005F07FFF514605F004FFE8
:1013300001464046AAE7A56DE76DCDE7A7EB0B0296
:101340000EAB03EB820242F828AC3BE70C240020F2
:1013500000001041000030420000404000003442D4
:10136000BBF1090FDDF81080CBF10A0A34D14046F9
:1013700005F0F8F900287FF42CAF404605F012FA8A
:1013800000287FF426AF002725E7404657F8041FC2
:10139000039205F0D9FE8046039A01325245F4DDEE
:1013A000584605F0C5FE01460746344805F03CFFA7
:1013B0000146404605F030FF4FF000088346002309
:1013C00053450CDB39462E4805F02EFF01464046BA
:1013D00005F022FF0746FEE6022204AFDEE7039394
:1013E000019B594653F8040B019305F01DFF01467C
:1013F00005F0A2FE0146404605F0A6FE039B80468E
:101400000133DDE728461D4905F08AFE18B34FF089
:101410007E51284605F008FF6769014607F100473D
:10142000384605F089FE4FF07E5105F08DFE0546E9
:1014300029464FF07E5005F0F7FEE16805F07CFE8E
:1014400031460746284605F077FE0146384605F046
:101450007BFE054656E6A56DEAE7022B7FF408AE53
:101460004946284605F05CFE00E60649284605F098
:101470004BFE002105F090FE06460BE600002041E1
:1014800000001041FFFF7F7F2DE9F84F4D1C954272
:1014900081460C4622D001F18047013F50F827B029
:1014A00000EB87078E1CD7F804A0B242514658467D
:1014B000D7F8088002D0E31C9A4220D105F030FE14
:1014C000414670B1504605F02BFE002879D14146C7
:1014D000584605F025FE002818BF34462046BDE8D2
:1014E000F88F584605F01CFE0028F7D141465046BB
:1014F00005F016FE002814BF34462C46EEE705F032
:101500000FFE414600282ED0504605F009FE002867
:101510003AD14146584605F003FE002838D1A84686
:1015200004F1FF3AD7F80CB03F695846394605F048
:1015300047FE28B92A46254614463A465F46934652
:1015400006F18042013A594659F8220005F038FE6A
:10155000002838D159F82A605846314605F0E0FD98
:10156000D8B10334BAE7584605F0DAFD20B1B046E9
:1015700004F1FF3A2E46D5E74146504605F0D0FD2E
:10158000A04640B1AA46F5E7B046A2462646C9E7BE
:10159000A846AA46FAE7A246C4E73946304605F00F
:1015A0000FFE10B10AF1010498E708F1804B0BF12E
:1015B000FF3B384659F82B1005F0B2FD28B1EC1C62
:1015C0008CE72C468AE7344688E7444686E70000E5
:1015D00038B504460D4605F0E5F808B13C4B1CE073
:1015E000284605F0DFF80028F8D1284605F0BAF8BB
:1015F000E8B124F000444FF07E51204605F0C4FDD0
:1016000060B94FF07E51204605F0DAFD002138B177
:10161000284605F0D5FD40B12E4B1C68204638BD4C
:10162000284605F0CDFD0028F6D00024F6E700217D
:10163000284605F0A9FD002841D14FF07E5125F044
:10164000004005F0A1FD60B10021284605F0B8FD7D
:101650000028E3D121464FF07E5005F0DDFD044621
:10166000DCE74FF08041284605F08EFD20B1214691
:10167000204605F061FDF2E74FF07C51284605F069
:1016800083FD002140B1204605F042FDD0B1204647
:10169000BDE8384005F0A8BD204605F041FD40B149
:1016A0002846F5F755F90146284605F089FD00283A
:1016B00094D129462046BDE83840F5F775B94FF07A
:1016C0007E54ABE70021204605F02AFDEFE700BF7E
:1016D0000C24002008240020704B2DE9F74F05460C
:1016E00008460E461C6805F05DF8002840F0A08012
:1016F0003046F5F74BF904466869F5F747F90646B1
:10170000E869F5F743F907460146304605F01CFD48
:101710004FF07C5105F010FD39468246304605F009
:101720000BFD5F4981463046FFF752FF3146834645
:10173000304605F001FD514605F0FEFC5949804652
:10174000584605F0F9FC0146404605F0FDFC4946C7
:101750008046304605F0F0FC0146404605F064FD49
:10176000A9698046286A05F05FFD4D49009038461A
:10177000FFF72EFF39468346384605F0DDFC51461B
:1017800005F0DAFC47490190584605F0D5FC0146C2
:10179000019805F0D9FC49468346384605F0CCFC53
:1017A0000146584605F040FD414605F03DFD014625
:1017B000009805F031FD31468346204605F0FCFCDB
:1017C00010B1414640462AE03146204605F0F8FC7B
:1017D000002831D03946204605F0EEFC00282BD0F9
:1017E0002F492046FFF7F4FE21460746204605F024
:1017F000A3FC514605F0A0FC2A490646384605F0F0
:101800009BFC0146304605F09FFC494606462046B3
:1018100005F092FC0146304605F006FD414605F014
:1018200003FD594605F088FCA96905F08DFC0446C6
:10183000204603B0BDE8F08F3946204605F0C0FCD5
:101840000028BED03946384605F07EFC31460746B2
:1018500005F0EAFC0146204605F0AEFC0028B0D0B9
:101860002146384605F0E0FC0D490446FFF7B0FE7E
:1018700021460746204605F05FFC514605F05CFC1A
:1018800008490646384605F057FC0146304605F043
:101890005BFC214606464846BAE700BF0C24002000
:1018A00000004040ABAAAABE0378BBB90123037075
:1018B0004368012B12D102234360037A73B1084BB2
:1018C00000211A680346C26001610162426243F866
:1018D000281F503043F8042F8342FBD1704700BFCC
:1018E0000C2400202DE9F04F1E46B64B8FB003921A
:1018F000D3F890258246012A1CBF0122C3F8902507
:10190000002333607360B3600B930C930D93D1E9A4
:101910000043E4180F4602D28B68E41801D3C824B0
:1019200002E0C82CFBD84CB1AAF1100500E0013C44
:101930002301E85804F036FF0028F8D1A24B4FF0FD
:10194000000B1B6804F180580293002308F1FF3854
:101950000AEB081801930BF101031846049305F0F4
:10196000E7FB019905F0F0FB0546204605F0E0FB9A
:101970000146284605F020FC002839D130680B9B31
:101980007568C31838BF98460C9B28BF4FF0FF38C6
:10199000B468ED180D9B28BF4FF0FF35E41828BF41
:1019A0004FF0FF3405F028FC8146404605F024FC4A
:1019B0000146484605F030FC8046386805F01CFCBE
:1019C0000146404605F0B8FBF4F7A6FF4FF09F41F3
:1019D000804605F0A5FB002840F098804FF09F411D
:1019E000404605F095FB003818BF0120404290E0CA
:1019F0000AEB0B1999F90F10D9F804207F2901F18E
:101A0000010C08BF4FF07F0C6E4905928C44D9F849
:101A100008209CF893C54FEA0B1306925AF803006E
:101A200099F90D5099F90E20BCF1000F06D001EB89
:101A3000050C9CF8D5C5BCF1000F38D17F2A02F106
:101A4000010C08BF4FF07F0C614491F8D815099242
:101A500069BB5E49089305F0DFFB0790F4F75CFF74
:101A60000146079805F0E0FB594920F0004005F0D9
:101A700057FB089BD8B9099AD1070BD50699084698
:101A800005F062FB0599C9F80800084605F05CFB03
:101A9000C9F8040005F18045013D56F82530DDF810
:101AA00010B05A1C18BF013346F8253053E7621EA8
:101AB000A2EB0B0203F110011201A345A8BF002203
:101AC0005144484605F048FB4FF06332029B4FF00B
:101AD0007E510198C8F80030C8F80430C8F80830C2
:101AE000C8F80C2005F030FB013D0EABA90003EB5C
:101AF000850555F80C2C0190531C01F1380318BFD3
:101B000001320DEB030141F80C2C24E7404605F0AF
:101B100037FB039B1860706805F06EFB8046284613
:101B200005F06AFB0146404605F076FB05467868FD
:101B300005F062FB0146284605F0FEFAF4F7ECFEDC
:101B40004FF09F41054605F0EBFA38B3284605F003
:101B500017FB039B5860B06805F04EFB0546204616
:101B600005F04AFB0146284605F056FB0446B868D6
:101B700005F042FB0146204605F0DEFAF4F7CCFE04
:101B80004FF09F41044605F0CBFA88B1204605F09E
:101B9000F7FA039B98600FB0BDE8F08F4FF09F41BC
:101BA000284605F0B5FA003818BF01204042D0E7BA
:101BB0004FF09F41204605F0ABFA003818BF0120D6
:101BC0004042E6E7F06000200C24002041DA7F3F2D
:101BD00017B7D1382DE9F04F1D466E4B1646D3F896
:101BE000982A0C46012A1EBF0122C3F8982A83F8BE
:101BF0009C2A0A6887B02A603268109901900A60AE
:101C000062686A6072684A60A268AA60B2688A60A4
:101C100093F8AC2A002A4CD193F8AD3A002B00F08F
:101C20004281D4E900329B1828BF4FF0FF33A768E8
:101C3000DFF860A1FF1828BF4FF0FF374FF0725157
:101C4000DAF8A80A05F078FAC82F28BFC8274FF09D
:101C500000084FF0804BDDF804900290474546DDC8
:101C600099F90F0005F064FA039099F90E0005F058
:101C70005FFA00F100415846FFF7AAFC01460298BE
:101C800005F05AFA039905F057FADAF8A41A05F0A4
:101C900047FA48B199F90D1011F1800F76D000295B
:101CA000C8BF494289F80D1008F1010809F110096F
:101CB000D4E7D4E90072BF1802D2A268BF1801D3DA
:101CC000C82702E0C72F88BFC827D3F8A03ADDF89D
:101CD00004A00293AAF1100303EB0713039300235C
:101CE0009F420DD12B4B93F8AD3A002B99D1D4E9FB
:101CF0000073FF1802D2A368FF184DD3C8274EE027
:101D00009AF90D9019F1800F11D0B9F1000F03DA93
:101D1000C9F100094FFA89F9D346C9F1000201332C
:101D200052B203998B4505D10AF1100AD8E74FF05A
:101D30007F09EFE79BF91D8018F1800F23D0B8F1E0
:101D4000000F03DAC8F100084FFA88F8DBF810102A
:101D5000DAF80000CDE9042305F066FA029920F0D4
:101D6000004005F029FA059B0028DDD0C845049AFB
:101D70001CBFC8F100088AF80D200BF1100B18BF2A
:101D80008BF80D80CDE74FF07F08DDE76FF07E0127
:101D900088E700BFF0600020C72F88BFC827854BA9
:101DA00007F18058D3F800B0019B08F1FF3803EB2E
:101DB000081800234FF0010A0293504605F0B8F9C5
:101DC000029905F0C1F98146384605F0B1F901469E
:101DD000484605F0F1F9002840F08580286805F0B4
:101DE0000BFA0746206805F007FA0146384605F069
:101DF00013FA0746306805F0FFF90146384605F04A
:101E00009BF9F4F789FD4FF09F41074605F088F9EB
:101E1000002800F0AC80384605F0B2F9109B18603D
:101E2000686805F0E9F90746606805F0E5F90146DC
:101E3000384605F0F1F90746706805F0DDF901460E
:101E4000384605F079F9F4F767FD4FF09F410746F2
:101E500005F066F9002800F09480384605F090F906
:101E6000109B5860A86805F0C7F90546A06805F002
:101E7000C3F90146284605F0CFF90446B06805F0DD
:101E8000BBF90146204605F057F9F4F745FD4FF040
:101E90009F41044605F044F900287CD0204605F017
:101EA0006FF9109B9860109A3368126870689B1ADB
:101EB000109A38BF002352681099801A38BF00204A
:101EC0008968B268521A34BF01210021C0182CBFA2
:101ED00001230023002B18BF4FF0FF30002964D0EE
:101EE00007B0BDE8F08F019B0AF180500138010175
:101EF00003EB001090F90D90B9F1000F34DAA7EB65
:101F00000A0212011031BA45C8BF0022194405F077
:101F100023F94FF0633319F1800FC8F800B0C8F807
:101F200004B0C8F808B0C8F80C300CD019F1020F92
:101F30002B680FD019F1030F11D0B9F1FF3F02D177
:101F400003B1013B2B6002984FF07E5105F0FCF885
:101F5000029032E76B6803B1013B6B60F3E7AB685B
:101F600003B1013BAB60EEE70AF1010A25E74FF050
:101F70009F41384605F0CCF8003818BF0120404298
:101F80004CE74FF09F41384605F0C2F8003818BFC3
:101F90000120404264E74FF09F41204605F0B8F829
:101FA000003818BF012040427BE7101828BF4FF0CF
:101FB000FF3095E70C2400202DE9F04FAE4C1F4672
:101FC000D4F8C03A87B0012B884691464FF00006FE
:101FD000019018D001237822002104F6D420C4F8FF
:101FE000C03A84F8C43AC4F8D06A05F009F97822F6
:101FF000002104F64C3005F003F97822002104F6A4
:10200000C43005F0FDF8D4F8D0BAD4F8C8AA5846C0
:10201000514603960496059605F07AF8A8B94FF054
:102020007E51584605F090F80146504605F06CF890
:10203000D9E900329B180646C4F8D00A03D2D9F871
:1020400008209B186ED3C8236FE04FF07E51504696
:1020500005F0EAF8F4F760FC4FF09F41064605F002
:102060005FF800283CD00021304605F051F810B14F
:10207000304605F085F8804D00212A46884202F15D
:102080000C0237DC4FF09F41304605F049F800283C
:102090003ED00021304605F03BF810B1304605F047
:1020A0006FF80022904205F10C05B8DDD5F8506BB1
:1020B000D5F8541BD5F84CCBC5F8446BC5F840CBCC
:1020C000D5F8C86BD5F8C4CBC5F8481BD5F8CC1BE0
:1020D0000132C5F8B8CBC5F8BC6BC5F8C01BE1E749
:1020E0004FF09F41304605F013F8003818BF01202B
:1020F0004042C0E7D2F8D8CAD2F8D4EAD2F8DC3AE3
:102100000131C2F8C8EAC2F8CCCAC2F8D03AB5E781
:102110004FF09F41304604F0FBFF003818BF01200C
:102120004042BEE7C82B28BFC8234FF07E5BD4F8DF
:10213000CC2A019D009205EB0319A94571D13046C7
:10214000F4F7EAFB4FF09F41054604F0E9FF002851
:102150007ED00021284604F0DBFF10B1284605F0B0
:102160000FF84FF0000B431ED8F8001003EB4303A9
:1021700004EB8302C2F8D41AD8F8041004EB8303EA
:10218000C2F8D81AD8F80820DFF8ECA0C3F8DC2A87
:10219000D4F8D46AD4F8D89AD4F8DC8ADAF8E01AF9
:1021A000304604F0D1FFDAF8E41A0646484604F057
:1021B000CBFFDAF8E81A8146404604F0C5FF0BF180
:1021C000010BBBF1090F80460AF10C0AE6D1B86099
:1021D0004FF09F412846C7F804903E6004F0A0FFEE
:1021E00000283FD00021284604F092FF10B1284675
:1021F00004F0C6FF0138039B00EB400004EB8002B3
:10220000C2F84C3BC2F8C43B049BC2F8503BC2F836
:10221000C83B059BC2F8543BC2F8CC3B07B0BDE8B5
:10222000F08FA968686804F0F7FF009904F0C8FF10
:1022300060B195F90D3006AA013B02EB830A5AF80A
:102240000C0C594604F080FF4AF80C0C103574E76A
:102250004FF09F41284604F05BFF003818BF012073
:1022600040427EE74FF09F41284604F051FF00387E
:1022700018BF01204042BDE7F06000202DE9F04F7B
:102280009FB00993AD4B0192D3F840220690012AEA
:10229000089100F09E810122D3F84862C3F84022E1
:1022A000A74A3046C3F84C2204F07CFA0446304674
:1022B00004F058FA0443E4B2002C00F0C481A14BAE
:1022C0001D682C464FF03F41284604F035FF9E49DB
:1022D00015901B902846189504F02EFF00234FF010
:1022E000000B1690179400F100401A941D94974C1F
:1022F00019931C900DF13008002594F9013094F9E0
:1023000000A0029394F9023015AE039356F8049B93
:10231000029804F00DFFB16804F00EFF0746504626
:1023200004F006FF494604F007FF0146384604F072
:102330000BFF0746039804F0FBFE716904F0FCFEF6
:102340000146384604F000FF48F825000335092D02
:10235000DCD10BF1010BBBF1030F04F1030408F115
:102360000408C9D115AC0CAD0FCD0FC40FCD0FC4EF
:10237000DDF834802B680C9D0E9E236028F0004908
:1023800025F000444946204626F0004704F0C8FEE8
:10239000002800F00F823946484604F011FF00285B
:1023A00000F008825C4606264FF0000B109BCDF82B
:1023B000548018930F9B16951993139B1B93129B94
:1023C0001C93159B16981946029304F025FF029959
:1023D00005461690179804F01FFF189B07461946EC
:1023E00017902846039304F0A7FE0146199804F0BD
:1023F0001BFF039980461990384604F09DFE014664
:102400001A9804F011FF1B9B814619461A90284622
:10241000049304F091FE01461C9804F005FF049912
:102420001C908246384604F087FE01461D9804F051
:10243000FBFE28F000411D90059029F0004004F0BB
:10244000BFFE60B1059B16971C935B46B3461E46C4
:102450001795CDF86490CDF86880CDF874A0DDF8BC
:1024600064901A98494604F0D7FE1C9B074619460B
:10247000059304F061FE01461D9804F0D5FE169DFB
:1024800007902946384604F057FE179904F0CCFE11
:10249000079904F0C1FE80460146059804F04CFE01
:1024A000294604F051FE494600F1004004F0B4FE14
:1024B000224D231D05EB83038246014603980B93AF
:1024C00004F03AFE01464FF07E5004F0ADFE414666
:1024D0000A90049804F030FE01460A9804F0A4FE25
:1024E000029904F099FE0B9B0799C3F8400205EB93
:1024F0008403C3F854A2C3F8588207F1004004F0E3
:102500008BFE04460146059804F016FE01464FF086
:102510007E5004F089FE494604F07EFE8046014666
:10252000039804F009FE21460746049804F004FECF
:102530000146384604F008FE029909E0F0600020E8
:102540008E2BE4340C240020D7B35D3FFE800110B5
:1025500000F1004004F060FE0BF1040A05EB8B0370
:1025600005EB8A0ACAF840020799C3F85482C3F8F7
:1025700058424FF07E5004F04FFE0446059B214622
:1025800003F1004004F0D8FD494604F045FE014641
:102590000746039804F0D0FD21468046049804F0D5
:1025A000CBFD0146404604F0CFFD029900F100400A
:1025B00004F032FE06F1040905EB860305EB8909F8
:1025C000C9F84002C3F85472C3F85842012385F891
:1025D0004432834BD3F84C52069B2846196804F0CA
:1025E000ABFD019B04461860069B2846596804F021
:1025F000A3FD019B06465860069B2846996804F097
:102600009BFD019B054631469860204604F088FDFD
:102610002946002800F0F480304604F081FD05468C
:10262000002840F0F0814FF08043289A6D4E1360EF
:102630000CAC16F9010B04F07BFD0135092D44F8B3
:10264000040BF6D1F2E068493046F4F78BFA20F03B
:10265000004504466549284604F0B2FD60B10021FA
:10266000204604F0ADFD6049002839D0204604F032
:10267000DBFD044620F0004528465D4904F09CFD42
:10268000002831D05B49204604F056FDF4F7F0FDF8
:10269000054630465449F4F765FA20F000460446F2
:1026A0005249304604F08CFD60B10021204604F010
:1026B00087FD4D49002848D0204604F0B5FD04466A
:1026C00020F0004630464A4904F076FD002840D00C
:1026D0004849204604F030FDF4F7CDFD0446F1E50D
:1026E000204604F031FDC4E74349284604F064FD68
:1026F0000021C0B1204604F063FD404940B12046AE
:1027000004F092FD3B4904F017FDF4F7B4FDBFE778
:10271000204604F019FD374904F00EFDF4F7ABFD37
:1027200000F10045B5E7204604F04AFD2F4940B1CD
:10273000204604F079FD2F4904F0FEFCF4F798FDE3
:10274000EEE7204604F000FDF5E7204604F0FCFC2F
:10275000B5E72949304604F02FFD0021C0B12046DD
:1027600004F02EFD254950B1204604F05DFD2149BD
:1027700004F0E2FCF4F77CFD00F10044A2E5204601
:1027800004F0E2FC1B4904F0D7FCF4F771FDA5E767
:10279000204604F015FD154940B1204604F044FDE3
:1027A000144904F0C9FCF4F766FDE5E7204604F09F
:1027B000CBFCF5E72046394604F0B2FC044660B194
:1027C000119B159618930F9B00261A93149B0624B1
:1027D0001B93129B17951D93F3E50626F1E500BFA9
:1027E000F0600020EC8001100000B443000034438E
:1027F0000000344235FA8E3C000007430000B4422A
:10280000204604F08DFC0546002840F0FC804FF087
:102810007E53289A984E13600CAC16F9010B04F005
:1028200087FC0135092D44F8040BF6D100244FF044
:10283000A456002715AB0593019BDFF840A208338F
:1028400006935AF8043F0CAD0293DAF80C30A9460F
:102850000393DAF818300493019BA3F1040BD846D4
:102860000023D9F8001002980A9304F065FCD9F807
:1028700004100790039804F05FFC0146079804F0E9
:1028800063FCD9F808100790049804F055FC014641
:10289000079804F059FC58F8041F04F04DFC0A9BFB
:1028A0000146184604F050FC069A0346424509F1D9
:1028B0000C09D6D1099A019B42F8270053F82790BA
:1028C000314629F00048404604F07AFC002800F028
:1028D000AA804146304604F09FFC06460146204649
:1028E00004F02AFC314604F027FC4FF07E5104F03E
:1028F0002BFC464604464FF000092968029804F074
:102900001BFC69688046039804F016FC01464046AB
:1029100004F01AFCA9688046049804F00DFC0146F6
:10292000404604F011FC5BF8041F04F005FC01466E
:10293000484604F009FC069B81469B4505F10C05C1
:10294000DBD1059B013743F8040B032F05937FF47C
:1029500078AF204604F048FC314604F0EDFB159CAE
:10296000074624F000464FF0A451304604F028FCFE
:10297000002865D14FF0D541204604F0DDFB01462B
:1029800004F0DAFB4FF0A4560546DDF858803146D6
:1029900028F00044204604F013FC002853D02146C0
:1029A000304604F039FC0646294604F0C5FB3146A2
:1029B00004F0C2FB4FF07E5104F0C6FB0546DDF883
:1029C0005C80214628F00046304604F0F9FB0028E0
:1029D00046D03146204604F01FFC0446294604F048
:1029E000ABFB214604F0A8FB4FF07E5104F0ACFB9A
:1029F00004F0FAFB314604F09FFB089B1860384650
:102A00001FB0BDE8F08F00251D4B289A1D4E1360A6
:102A10000CAC16F9010B04F08BFB0135092D44F8C1
:102A2000040BF6D102E73146484604F0F5FB0146B7
:102A300004F082FB0146204604F086FB04465AE778
:102A40004FF07E55A1E73146404604F0E5FB0146D4
:102A500004F072FB294604F077FB34460546AEE7E6
:102A60002146404604F0D8FB014604F065FB2946A8
:102A700004F06AFB2646BBE7F58001103C630020AA
:102A800000004040E38001102DE9F04F364CABB020
:102A90002069364904F0C0FBB4F8BC30D4F8745255
:102AA000D4F8CC90D4F8D0A0D4F8D4B00493D4F80F
:102AB000C8306022E86004F1D80112A80393B4F88A
:102AC000C480CDF82090CDF828A0CDF824B004F033
:102AD00067FB274B00221F680CAB194612AE56F855
:102AE000040BCDE90623059103F05CFE069A0599D7
:102AF0000132182A079B01F8010BF0D1002113F8CD
:102B0000012B0AB1012202E001311829F7D1504608
:102B1000059203F047FE8DF82C00584603F042FE64
:102B20008DF82D00039803F03DFE8DF82E004846E9
:102B300003F038FE0BAE31460023059A8DF82F00C6
:102B400011F8010BB0B1DAB109AB009341460AAB01
:102B5000049808AAFDF7B0FE089B6861AB610A9B68
:102B6000EB61099B2B62D0E1F0600020CDCCCC3F23
:102B70000C2400200133042BE2D1002A40F0BD8157
:102B8000B8F1050F40F2AF81B849129804F04CFB40
:102B9000B6498146139804F047FBB449804614981F
:102BA00004F042FBB2490746484604F0C5FAB14971
:102BB00004F0CAFAAE498246404604F0BDFAAD4977
:102BC00004F0C2FA0146504604F0BEFAA849824613
:102BD000384604F0B1FAA74904F0B6FA0146504667
:102BE00004F0B2FAA4490890484604F0A5FAA349B3
:102BF00004F0AAFAA0498146404604F09DFA9F4994
:102C000004F0A2FA0146484604F09EFA9A4980462A
:102C1000384604F091FA994904F096FA0146404684
:102C200004F092FA96490990159804F0FDFA944937
:102C30008246169804F0F8FA91498146179804F0F4
:102C4000F3FA90498046504604F076FA8E4904F033
:102C50007BFA8C490746484604F06EFA8A4904F02C
:102C600073FA0146384604F06FFA86490746404633
:102C700004F062FA844904F067FA0146384604F029
:102C800063FA824904F0C8FA81490746504604F0C5
:102C900053FA804904F058FA7D498246484604F0C8
:102CA0004BFA7C4904F050FA0146504604F04CFAC5
:102CB00077498146404604F03FFA764904F044FAE9
:102CC0000146484604F040FA704904F0A5FA0A901B
:102CD000089B7149AB610A9B6F61EB61099B2846B8
:102CE0002B62FEF7F9FC6D49686204F095FA249FA7
:102CF000DDF89C80A862E36D4046AB60D4F8C0303C
:102D00002B6103F04FFD38B9384603F04BFD18B97D
:102D1000C4F8B87AC4F8BC8AC4F87452604DA5F5FA
:102D2000A5670FCF0FC50FCF0FC53B686A1C2B706F
:102D3000A5F22753A5F2075553F8041BAB4242F8FE
:102D4000041BF9D11B781370564BB4F8C450A3F28E
:102D5000755203CA5960E16DE268C4F8B011216E82
:102D6000C4F8A821C4F84812E169C4F80426C4F8DC
:102D7000EC15216AA3F27552C4F8FC15616A18605B
:102D8000C4F8F81503CAC4F80906596394F8383131
:102D900084F8083647F6FF73AB4228BF2B46A4F8E9
:102DA000123685BBD4F8D490D4F8C880D4F8CC704F
:102DB000D4F8D000CDF82090CDF82880099703F002
:102DC000F1FCB0FA80F040098DF82C00484603F081
:102DD000E9FCB0FA80F040098DF82D00404603F080
:102DE000E1FCB0FA80F040098DF82E00384603F07F
:102DF000D9FCB0FA80F040098DF82F0016F8013B9D
:102E0000002B40F08F80B4F91236042B02DD04232E
:102E1000A4F81236E368D4F83C21B4F83A11C4F8A7
:102E20000C342148D4F84031FDF73EFE0023D4F89D
:102E30003C21B4F83A11A4F8B8341C48D4F8403115
:102E4000FDF732FE0123D4F83C21A4F81C35B4F878
:102E50003A11D4F840311648FDF726FE0223A4F8B3
:102E60008035E36DC4F8C83A24E000BFCD4C9043F0
:102E7000DFF22238E71D273CF3CD91397368913D8D
:102E8000D3BCE33CF6281C3F96438B3C00004040FB
:102E9000E17A4142A8C6BB3FCDCC4C3D6AFA0A3E1E
:102EA00084660020C966002048650020AC650020CB
:102EB00010660020A369C4F8CC3A94F8AF3084F8C7
:102EC000AC3A94F8B03084F8AD3AD4F8B430C4F8E1
:102ED000A03AD4F8B830C4F8A43AE368C4F8A83AE1
:102EE0002BB0BDE8F08F09AB0093414601200AAB3F
:102EF00008AAFDF7E1FC0746EAE6039BC5F814A023
:102F0000C5F818B0EB61C5F820900A492846FEF7CD
:102F1000E3FB0949804604F07FF9C5F82480A862E4
:102F2000B846E8E60135042D7FF468AF4FF6FF732D
:102F30006EE700BFCDCC4C3D6AFA0A3EF0B587B0D3
:102F40006E4600240C4B0D4D05930D4B0D4F009319
:102F50000D4B01930D4B02930D4B03930D4B0493BB
:102F6000384656F8041BFEF733FB0134062C45F8AF
:102F7000040FF5D107B0F0BD3BCD71407063002068
:102F800013441340000020414E2C26408A1439403F
:102F9000C5FC4B4000E55E401D4B10B5C0F89431B8
:102FA0000123C0F87C311B4B0446C0F898311A4B02
:102FB00043624FF07C53C0F89C31184B8362FFF79B
:102FC000BDFF4FF4A872002104F12C0004F018F9A1
:102FD0000023134AC4F88031C4F8A021114AC4F870
:102FE0008431C4F8A421104AC4F888311068C4F8A8
:102FF0008C31C4F89031C4F8A83104F5D47204F5CA
:10300000EC7142F8040F8A42FBD1C4F8DC3110BDE8
:103010008096984ACDCCCC3D000048430080BB450B
:103020001F85EB3E295CAF3F0C2400204C4BD3F8AE
:10303000C02A012A04BF0222C3F8C02AD3F874228E
:103040001168012904BF02211160D3F8A021012ACF
:1030500004BF0222C3F8A021D3F84022012A04BFF2
:103060000222C3F84022D3F8E425012A04BF022239
:10307000C3F8E425D3F8982A012A04BF0222C3F832
:10308000982AD3F8B02A012A04BF0222C3F8B02A32
:10309000D3F85C24012A19D10222C3F85C2493F8E6
:1030A00060249AB12F4A304811680022C3F868247E
:1030B000C3F87824C3F880240022C3F86414C3F84A
:1030C0007C1401320A2A40F8041FFAD1D3F8C02434
:1030D000012A19D10222C3F8C02493F8C4249AB15A
:1030E000204A224811680022C3F8CC24C3F8DC240B
:1030F000C3F8E4240022C3F8C814C3F8E014013272
:103100000A2A40F8041FFAD1D3F82425012A19D13C
:103110000222C3F8242593F828259AB1114A1448AD
:1031200011680022C3F83025C3F84025C3F84825AC
:103130000022C3F82C15C3F8441501320A2A40F8BE
:10314000041FFAD1D3F87C22012A08D10222C3F845
:103150007C2293F8803213B10648FFF71DBF7047F9
:10316000F06000200C24002070650020D465002051
:103170003866002068630020054B93F8962A2AB928
:1031800093F8970A003818BF012070470120704754
:10319000F0600020012310B51E4C4FF08041A4F8D0
:1031A000783600231C4AC4F89016C4F894261B4AAB
:1031B000C4F8903A1268C4F8943A04F5C260013336
:1031C0000F2B40F8042FFAD10023154801330A2BA6
:1031D00040F8042FFAD1134BC4F87C26C4F8EC3520
:1031E000114BC4F88026C4F8F835104BC4F8842677
:1031F000C4F88C26C4F800164FF47C7200210C48E9
:10320000C4F8FC3503F0FCFF0023C4F88C3A84F8C2
:10321000983610BDF0600020000040400C240020D3
:103220003C67002017B7D1390000F0410000C040D2
:103230008C67002070B5634C0026D4F8C03A012B8F
:1032400013D17822002104F6D420C4F8D06A03F008
:10325000D7FF7822002104F64C3003F0D1FF78220A
:10326000002104F6C43003F0CBFF574BD4F8A02163
:103270001D680023012AC4F85051C4F85451C4F801
:103280007051C4F88061C4F84451C4F85851C4F86E
:103290006451C4F87461C4F88451C4F89051C4F8FE
:1032A0004851C4F85C51C4F86851C4F87861C4F856
:1032B0008851C4F89451C4F84C51C4F86051C4F812
:1032C0006C51C4F87C61C4F88C51C4F89851C4F8AE
:1032D0009C310DD13D4AC4F83C62C4F8B851C4F8E1
:1032E000BC51C4F8C05101331E2B42F8045FFAD11F
:1032F000D4F8E435012B01D1FFF74CFFD4F83C3C66
:10330000012B08D10023324AC4F8603F0133C82B97
:1033100042F8045FFAD1D4F8643F012B09D10023AD
:103320002C4AC2F888329C3A0133C82B42F8045F19
:10333000FAD1D4F85C34012B10D10023264AC4F80A
:103340006454C4F87C54C4F86864C4F87864C4F85D
:10335000806401330A2B42F8045FFAD1D4F8C034F8
:10336000012B10D100231D4AC4F8C854C4F8E054FE
:10337000C4F8CC64C4F8DC64C4F8E46401330A2BF8
:1033800042F8045FFAD1D4F82435012B10D1002380
:10339000134AC4F82C55C4F84455C4F83065C4F831
:1033A0004065C4F8486501330A2B42F8045FFAD13E
:1033B000D4F87C32012B04D1BDE870400948FFF7F6
:1033C000EBBD70BDF06000200C240020B062002036
:1033D0002C6D0020F070002070650020D465002066
:1033E00038660020686300200023104A436082652D
:1033F0000F4AA0F86030C26502220023A0F85420D2
:103400000C4A036212688362036143618361C36192
:10341000C260426200F1280300F1500143F8042F1A
:103420008B42FBD100230370704700BFCDCCCC3C56
:103430000AD7233C0C2400202DE9F04F91428BB099
:103440000446CDE90012029309DD00268A4B186874
:10345000029B1E60149B1E600BB0BDE8F08F002223
:103460000125019BCDE903225E1E029B1D60009B8E
:10347000B20003F18043069254F82620013B54F831
:1034800023904FF0FF3B44F823202A4605F1804863
:1034900008F1FF3844F826906F1E04EB8808BB0043
:1034A000B242059307F1010A54F8273036DD069A37
:1034B000A350009B44F82790534557DC029AA7EB92
:1034C0000B031360009A9A4280F2D3807E1E039A07
:1034D000731B9F1C4AB1019A019702EBD272B7EBA2
:1034E000620FCCBF012200220492039A82F00102F3
:1034F0000392049A002A7ED005F18043023B04EB3C
:1035000083030593012F33DC029BAE421D6003DA77
:1035100054F8260001369DE72B46A9E7D8F800109D
:103520004846CDE90823079103F02EFEDDE9071296
:10353000099B50B1C8F80030059B0BF1010BE1501D
:103540005746013208F10408A9E74846CDE90823A7
:10355000079103F035FE089A30B1099B0799C8F826
:103560000030059BE150EBE7BA46E9E7BD1CAEE74A
:10357000052397FBF3F86FF00403294603FB08F9D2
:10358000149A07EB090308EB880ADDF814B01360FE
:10359000AA448A451AD1002B2BDD7A19A5EB090123
:1035A000013A914203D02046FDF76EFF024608EB38
:1035B0000503013B013A54F8231054F8220008F1A6
:1035C000010744F8230044F822109BE70A1D204617
:1035D00007930691FDF758FF01385BF8042F54F864
:1035E00020C00699CBF800C0079B44F82020053185
:1035F000CFE7474686E7022F54F8269084DD5F1C0C
:1036000005EB570705F1804B07F18043013B0BF1B8
:10361000FF3B54F823A054F82B805146404603F05A
:103620007FFD494678B1504603F07AFDB8B9494666
:10363000404603F075FD00283FF466AF771CAF42AB
:103640007FF762AF0BE0404603F06AFD00287FF48D
:103650005BAF4946504603F063FD0028EED107F109
:103660008047013F54F8273044F82B3044F8278036
:103670004AE73E464CE700BF0C2400202DE9F04FFE
:10368000ADF2844D0B9300234FF0000BCDE90D33C9
:10369000CDE90F331193DDF8B434DDF8A8A4C3F8F5
:1036A00000B000238AF80030DDF8B8340390C3F886
:1036B00000B0DDF8BC341392C3F800B0DDF8C034BC
:1036C0002BAAC3F800B000238AF80130DDF8B83423
:1036D000C3F804B0DDF8BC34C3F804B0DDF8C0347E
:1036E000C3F804B000238AF80230DDF8B834C3F818
:1036F00008B0DDF8BC34C3F808B0DDF8C034C3F856
:1037000008B02EABFEF7EEF8A74B93F8AE20002AD8
:1037100001F0DD8193F898261292D3F83C2C012A0F
:1037200042D0A14AD2F8643F012B0DD1002302F50B
:103730008051C1F888329D4902F6647209680133EC
:10374000C82B42F8041FFAD1974AD2F8E435012B6E
:1037500038D10123944C4FF08041D4F88806A4F866
:10376000783603F0DDFC002868D0B4F912369048B2
:10377000042B01BF8D4B1B68C4F85036C4F8543677
:10378000FDF7E4F9884C0546B4F91266C4F88C06D6
:10379000042E40F0BA80874903F0C2FC002846D0CE
:1037A0000323A4F8783649E00022C3F8602F7F4A4B
:1037B00003F63C43116800220132C82A43F8041F73
:1037C000FAD1AEE70123C2F8E435784B7A491B6899
:1037D000D2F8040659935A935B935C935D935E937E
:1037E0005F9303F0A9FC00254FF07C56589058AC2D
:1037F0002068314603F0A0FC0135072D44F8040F82
:10380000F6D100236D4A12F8011F59B958A9664A2A
:1038100051F82330C2F88836012382F8E835FFF7E3
:10382000B9FC96E70133082BEDD10023EEE72846DB
:1038300002F0B8FF0028B3D1A4F878665A4CB4F867
:1038400078365A1E08925E4A591E52F82110C4F862
:10385000EC15D91D033352F8233052F82110C4F867
:10386000FC35089A574BC4F8F81553F82230C4F8C1
:103870000036554B9E56304603F05AFC534B089A7F
:10388000C4F890060546985603F052FC012EC4F881
:10389000940643DDDDF8BC34C3F800B0DDF8B8347D
:1038A000C3F800B0DDF8C034C3F800B0DDF8BC34B4
:1038B000C3F804B0DDF8B834C3F804B0DDF8C034A0
:1038C000C3F804B0DDF8BC34C3F808B0DDF8B83490
:1038D000C3F808B0DDF8C034C3F808B0324BD3F8F1
:1038E0009406F3F719F84FF09E41044603F018FCD4
:1038F00000286FD14FF09E41204603F009FC0028BC
:1039000014BF6FF00045002570E0013696D13049B4
:1039100003F006FC002891D0022342E74FF07E51CD
:10392000284603F011FC4FF09E41044603F0F8FBDB
:1039300060B34FF04F41204603F0EAFB88B32046C6
:1039400003F046FC0546032DC5F10306C8BF00265B
:10395000154C05F68F2032460021204403F050FC20
:1039600005F6912032460021204403F049FC05F67B
:10397000932032460021204403F042FC05F69520B6
:1039800032460021204403F03BFC83E74FF09E4188
:10399000204603F0BDFB002814BF6FF00045002552
:1039A000D1E74FF00045CEE7F06000200C24002066
:1039B0004067002000007043B00FA134F86600207B
:1039C00054810110448101101C81011018810110E3
:1039D0000000C8424FF04F41204603F099FB0028F9
:1039E00000F0A080204603F0F3FB0546002DC5F152
:1039F00002064FEA860605F1FF37D8BF04264FEAD4
:103A00008707D8BF002705F5C2708000904C011FC2
:103A1000314430443A462144204403F09DFB05F2F2
:103A200089108000011F314430443A46214420442B
:103A300003F092FB05F5C7708000011F314430444C
:103A40003A462144204403F087FB2B9803F0D4FB33
:103A50004C90C4F8140607462C9803F0CDFB4D900B
:103A6000C4F8280606462D9803F0C6FB4FF42872CA
:103A70004E90C4F83C06054604F29C6104F2EC70DA
:103A800003F06AFBDDE92E329B184ED2309A9B1868
:103A900002934AD2029B002B4AD119466C2204F5AC
:103AA000D460C4F89C7603F0ABFB6C22029904F559
:103AB000E260C4F80C6703F0A3FB6C22029904F5E2
:103AC000F060C4F87C5703F09BFB00230593604C27
:103AD000B4F87836D4F8FC15022B40F24E8300235C
:103AE000C4F8903AC4F8943A059803F069FB584931
:103AF000002800F0EA83D1F89006F2F70DFF4FF0AE
:103B00009F41044603F00CFB002800F0478300218E
:103B1000204603F0FDFA002800F04983204603F018
:103B20002FFB44E34FF0004560E74FF0FF33029373
:103B3000029B0027C82B28BFC8230C93444B049337
:103B400003F27C63A3F27C6407930023264606936A
:103B5000404B196858AB1A46099300230133C82B10
:103B600042F8041BFAD1D6F83C3C012B61D0D6F8C0
:103B7000643F012B09D10023374AC2F888329C3AAE
:103B80000133C82B42F8041FFAD1039B4FF0000801
:103B90001D4605937B1C0A9395F90D307A1C9342C0
:103BA00068D196F80836287B002B4CD000284DD0E1
:103BB00003F022FB4FF07E5103F0C6FA4FF07C5128
:103BC00003F0BAFA4FF0854103F0B6FA814695F951
:103BD0000E0003F0ADFA01464FF08040FDF7F8FC0F
:103BE0000146484603F0A8FA049BD3F8041603F0F4
:103BF00013FB0346AA68D5F8049011464846149270
:103C0000159303F009FB159B194603F095FA01463D
:103C10001248FCF727FE002395F90E001049149A6C
:103C200011F901CF84451FD111460E48FCF71AFE49
:103C30001DE000230B4AC6F8603F0133C82B42F851
:103C4000041FFAD193E703F0D7FABBE70023D1E7CB
:103C5000F06000200C240020F07000205470002040
:103C6000DF6600202C6D00200133082BD8D158AB23
:103C700043F828900C9B08F10108434505F1100515
:103C800088DCB449B448FDF78BF8DDF8BC34B149A1
:103C900043F82700B6F87836B048012B40F241814E
:103CA000FDF77EF8079B0546186802F07BFD0028AB
:103CB00040F03581089AAA4B284653F8229049468D
:103CC00003F03AFA494680464FF07E5003F0ACFAD2
:103CD000079B196803F030FA0146404603F034FAB6
:103CE0008046DDF8B8344046069943F8278003F053
:103CF00067FA08B9DDF81880079BCDF818801D60B9
:103D00002BAB53F82750284603F076FA0746C4F841
:103D10009C06002D00F017814CA8FCF7B5FF054666
:103D20004CA8FCF78AFF0146284603F075FAD4F840
:103D30003C39C4F8A0064393D4F8EC3743A8449325
:103D40004597FCF7A1FF054643A8FCF776FF01461F
:103D5000284603F061FA8349C4F8A40658A8FDF781
:103D60001FF87C49C4F8A80658A8FDF719F87E4941
:103D7000C4F8AC0658A8FDF713F8C4F8B00658A864
:103D8000FCF709FFC4F8B40658A8FCF72DFF7549E5
:103D9000C4F8B8067148FDF703F86E49C4F8BC06CC
:103DA0006E48FCF7FDFF7049C4F8C0066B48FCF78D
:103DB000F7FFC4F8C4066948FCF7EDFEC4F8C8066E
:103DC0006648FCF711FF694BC4F8CC06196800235C
:103DD000099A013342F8041BC82B0992F8D1644AAE
:103DE000D2F83C3C012B00F0A380614AD2F8643F3A
:103DF000012B0BD1002302F58050C0F8883202F667
:103E000064720133C82B42F8041FFAD14FF0000945
:103E1000584D58AF05F54A78059B0A9A93F90D302D
:103E2000934217D1059B187B03F0E6F9059B47F8F1
:103E3000290093F90F0003F07BF901462846FCF7AF
:103E400011FD059B93F90E0003F072F901464046FF
:103E5000FCF708FD059B09F10109103305930C9B44
:103E60004B45D9DC3F4958A8FCF79AFF3949C4F8BB
:103E7000D00658A8FCF794FF3B49C4F8D40658A8CC
:103E8000FCF78EFFC4F8D80658A8FCF784FEC4F8E7
:103E9000DC0658A8FCF7A8FE3249C4F8E0062F4813
:103EA000FCF77EFF2B49C4F8E4062C48FCF778FFAA
:103EB0002D49C4F8E8062948FCF772FFC4F8EC065F
:103EC0002648FCF768FEC4F8F0062448FCF78CFE90
:103ED0002449C4F8F4062048FCF762FF1D49C4F8E1
:103EE000F8061D48FCF75CFF1F49C4F8FC061A4899
:103EF000FCF756FFC4F800071748FCF74CFEC4F85F
:103F000004071548FCF770FEC4F80807079B7034D7
:103F1000043307930A9B032B2ED01F4618E6A846AE
:103F2000DFE6FCF73DFFDDF8B83443F82700E7E6AD
:103F3000002302F63C42C2F824330133C82B42F876
:103F4000041FFAD151E76C22294604F5D46003F02E
:103F500057F9DBE70000484258700020306D002020
:103F6000088101100000C841000096420C24002086
:103F7000F06000202C6D0020854B4CA8B3F878260B
:103F8000844F012A81BF069AC3F87C26C3F8802695
:103F9000C3F88426FCF778FE04464CA8FCF74DFED7
:103FA0000146204603F038F9DDF8C0340590043BA3
:103FB0000693DDF8C03458AC083308932546BC4658
:103FC0000026BCE80F000FC5DCF80030A0462B60CF
:103FD0003546079458F8049B484602F0E3FB002856
:103FE0007AD001360135052DF4D1052E78D16A4BF2
:103FF0001868069B143743F8040F0693069A089B2B
:104000009342DBD100264FF000084CAF049BD3F85D
:104010001446204602F0C6FB002800F0AC800025C4
:104020004446049BD3F81896484602F0BBFB28B9D7
:104030002046494603F088F804460135049BD3F82E
:104040001C96484602F0AEFB28B92046494603F0CC
:104050007BF804460135049BD3F82096484602F0CD
:10406000A1FB28B92046494603F06EF80446013505
:10407000049BD3F82496484602F094FB28B92046C6
:10408000494603F061F804460135284603F050F82C
:104090000146204603F0C0F8049B01361433032E7A
:1040A00047F8040B0493B1D1DDF8C0344C9918687B
:1040B00003F0B2F8DDF8C0344D991860586803F089
:1040C000ABF8DDF8C0344E995860986803F0A4F856
:1040D000DDF8C0349860FAE4AB1B44F8239081E724
:1040E000042E2568C6F105082FD1284602F03AFBB8
:1040F00000287FF47CAF284602F054FB00287FF4B0
:1041000076AF002075E753F8041F2846099303F0A3
:104110001BF80546099B09F10109C845F3DA404639
:1041200003F006F80146284603F076F800254FF024
:1041300000090990C8450CDCC6F1040002F0F8FF44
:104140000146284603F068F853E723464FF002097A
:10415000E3E7079B099953F8040B09F10109079359
:1041600003F062F8014602F0E7FF0146284602F03C
:10417000EBFF0546DEE7012553E73FF4B5AC0598B4
:1041800003F01EF8002800F0F480D4F89006B4E4A0
:10419000F0600020046700200C2400204FF09F41B5
:1041A000204602F0B5FF003818BF0120404220EA47
:1041B000E07201219C4803F023F80124FEF7DCFFA4
:1041C0009A4DDDF8B8341E68D5F8EC35002800F0BB
:1041D0000781D5F80016184603F01EF8314605464B
:1041E00002F09EFF003818BF0120DDF8B8348AF8CD
:1041F00000005968284602F093FF003818BF0120DC
:10420000DDF8B8348AF801009968284602F088FF82
:10421000061E18BF01269AF800308AF80260002BAB
:1042200040F0FB80814BD3F8F815DDF8BC341868FA
:1042300002F0C6FF051E18BF01259AF80130EDB245
:104240008AF80050002B40F0EA80784BD3F8F8153C
:10425000DDF8BC34586802F0B3FF003818BF012005
:104260008AF80100002E40F0DC80704BD3F8F8157E
:10427000DDF8BC34986802F0A3FF003818BF0120B5
:104280008AF802005046FCF70BFB002840F0D28071
:10429000674B13F8012F002A00F01181634BD3F80C
:1042A0009006F2F739FB4FF09F41054602F038FFC8
:1042B000002840F009814FF09F41284602F028FF76
:1042C000003818BF0120404206E1FEF755FF0028E4
:1042D00000F08180D1F89006F2F71EFB4FF09F416D
:1042E000054602F01DFFF8B10021284602F010FF3C
:1042F00010B1284602F044FF4C4B4FF09E4103445E
:10430000284693F8954A02F00BFFB8B14FF04F41A1
:10431000284602F0FDFE48B3284602F059FF434B01
:10432000002293F8961A17E04FF09F41284602F0BA
:10433000EFFE003818BF01204042DDE74FF09E41FC
:10434000284602F0E5FE002814BF6FF00040002070
:10435000E5E7012201380E910128FADC12B10E9A2C
:1043600083F8972A002283F8962A27E74FF0004027
:10437000D5E7FEF701FF70B3D4F89006F2F7CCFA58
:104380004FF09E41044602F0CBFE68B14FF04F4122
:10439000204602F0BDFE00B3204602F019FF234B79
:1043A000002293F8961A0DE04FF09E41204602F04D
:1043B000AFFE002814BF6FF000400020EFE701229D
:1043C00001380F910128FADC12B10F9A83F8972A6D
:1043D000002283F8962A0024F0E64FF00040DEE742
:1043E0001946304602F0ECFE003818BF0120DDF817
:1043F000B8348AF80000D5F8EC15586802F0E0FEF1
:10440000003818BF0120DDF8B8348AF80100D5F86B
:10441000EC15986802F0D4FEFAE601250DE70120BC
:104420001EE701202CE700BF866B0020F060002013
:104430007F6B0020B34FD7F89006F2F76DFA4FF07C
:104440009F41064602F06CFE08B30021304602F0A0
:104450005FFEE0B1304602F093FE002817DD87F8DA
:10446000905A9AF80130012887F8923A9AF8023067
:1044700087F8943A0BD09AF8003087F8913A9AF876
:10448000013087F8933A9AF8023087F8953A9D4EB2
:10449000B6F87836022B40F2C182029B002B6DD118
:1044A0005046CDF864B1FCF7FBF90546002840F012
:1044B000EA80002C40F0EF80002635469BE001307A
:1044C00006287FF4E6AEE2E70021284602F020FE4F
:1044D00010B1284602F054FE8A4B184490F88F2AF7
:1044E0008AF8002090F8912A8AF8012090F8932AFF
:1044F0008AF80220D3F89006F2F70EFA4FF09E41A8
:10450000054602F00DFE88B14FF04F41284602F0FB
:10451000FFFD80B3284602F05BFE7A4B002293F841
:10452000901A93F8925A93F8943A0FE04FF09E4104
:10453000284602F0EDFD002814BF6FF00040002077
:10454000EBE70122CDE9103501380D910128F8DCA7
:104550006C4B42B10D9A83F8912A119A83F8932AF1
:10456000109A83F8952A002283F8902A83F8922AD9
:1045700083F8942A8BE74FF00040CEE758A906F263
:104580009C6002F01AF9599F3846F2F7C5F94FF0CE
:104590009E41804602F0C4FDD0B15046FCF780F940
:1045A0004FF04F410546404602F0B2FDA0B14046F3
:1045B00002F00EFE002D45D001287CD14FF00133D2
:1045C000C6F88C3A002C00F0FD8196F8983647E04A
:1045D0005046FCF765F90546002D6CD1002C40F0E3
:1045E000828026464FF07D51384602F0E9FD0546AF
:1045F000002840F0DE810023434A12F8011F002901
:1046000000F084803F4B93F88F2A029293F88E2A11
:1046100083F88F2A93F88D2A83F88E2A93F88C2AB0
:1046200083F88D2A002283F88C2A002D40F0CC815B
:10463000002E72D093F89836002B3AD1029B002BB3
:1046400068D010E01CB9421E56425641CAE7012804
:1046500049D14FF00133C6F88C3A2A4B93F898367B
:104660002BBB01230293274BD3F88C0602F09AF858
:10467000F8B90022234B0126C3F88C2AC3F8902AEC
:10468000C3F8942A49E04FF07A51002002F098FDD7
:10469000C8B9029EAFE74FF07A51002002F090FDBA
:1046A00000283FF409AF4FF00133C6F88C3A0123DC
:1046B0000293002631E04FF07A51384602F080FD37
:1046C0000646002897D04FF001320E4BC3F88C2AD3
:1046D000002CECD126460B4B93F89836002BE6D1F4
:1046E000012302937CE14FF07A51599802F068FD62
:1046F00000283FF4E1AE4FF00132024BC3F88C2AA0
:10470000D5E700BFF06000207B6B00200133042B55
:104710007FF473AF00231E460293029B029A8AF82D
:1047200000308AF801308AF80230B64B83F89826B8
:10473000B44CD4F83C3C012B00F07D81D4F8643FAC
:10474000012B0BD10023B049B04A0968C2F8883266
:104750009C3A0133C82B42F8041FFAD1DDF8B43477
:10476000059A1A60002E40F073815046FCF798F8C5
:10477000029B1843C0B2002800F095814FF07E5193
:10478000D4F8680402F0E0FC4FF07E51C4F86804ED
:10479000D4F8CC0402F0D8FC4FF07E51C4F8CC041D
:1047A000D4F8300502F0D0FC4FF07E51C4F830054B
:1047B000D4F8540402F0C8FC4FF00109C4F85404C2
:1047C00034AB00932BAA2EA9039831ABFDF702FA64
:1047D0008C4A43A9C2F89C010C46002002F2B45254
:1047E00012F8013F0130B3FA83F321284FEA531343
:1047F00004F8013BF4D1002211F8013B002B01F039
:10480000A5830132212AF7D1349802F0F5FC2890D3
:104810000546359802F0F0FC29900446369802F0DF
:10482000EBFC784E074696F8B1302A9053B3D6F891
:10483000B03AD6F8B81A012B18BF01231E901CBF3E
:10484000C6F8B03A86F8B43A13981C951D9402F055
:10485000EBFCD6F8BC1A02F06FFC01464FF07E501C
:1048600002F0E2FC80460146284602F065FC414623
:104870002890204602F060FC41462990384602F01C
:104880005BFC2A90B9F1000F00F0328396F8AE304D
:10489000002B00F02D83D6F868444FF07E5120465F
:1048A00002F08EFC002836D02046594902F038FC30
:1048B000002830D0B6F87826564BD6F8D0AA134444
:1048C00013F9010C02F034FC01460490504602F04A
:1048D0001BFC0021059002F073FC002840F01A82B6
:1048E0000599504602F0A0FC464CD4F83C82C4F82E
:1048F000D00A4146049802F007FC0021064602F067
:104900005FFC002840F09B823146404602F08CFC60
:104910003C4BC3F83C0240481CA9FCF7A3F83A4BB7
:104920001D991C681C981794259422941F94269412
:1049300023942094279424942194189402F004FC46
:104940001E9902F001FC0021069002F01DFCDFF828
:10495000B480002841F0F382D8F83C3C012B00F0F1
:10496000CE82D8F8A031012B40F0D382D8F83C7227
:10497000D8F8B0613846314602F0CAFB002840F052
:10498000E5824FF07E51384602F0DEFB01463046AC
:1049900002F0BAFBDDE931329B18339DC8F83C02C6
:1049A0000593C0F02D834FF0FF33013D0593C823DD
:1049B0002EE34FF00132134BC3F88C2A002E7FF404
:1049C0004CAE74E6064686E6002C7FF431AE93F8D2
:1049D0009836002B7FF46DAE029B002B3FF49AAE0D
:1049E000084CD4F88C0601F0DDFE00283FF441AEFF
:1049F000002E3FF492AE94F89836002B3FF433AE7D
:104A000057E600BFF06000200C240020F07000206A
:104A1000000040403E810110C46B00205046FBF76F
:104A20003FFF2043C0B2003818BF0120029486F82F
:104A3000980600267CE60023AE4AC4F8603F116861
:104A400004F63C420133C82B42F8041FFAD175E644
:104A500000258AF800508AF801508AF802504FF079
:104A60007E51D4F8680402F06FFB4FF07E51C4F819
:104A70006804D4F8CC0402F067FB4FF07E51C4F810
:104A8000CC04D4F8300502F05FFB4FF07E51C4F83F
:104A90003005D4F8540402F057FBC4F854045046CF
:104AA000FBF7FEFEC0B9129B8BB19348FBF7AAFF40
:104AB0009248FBF7A7FF9248FBF7A4FF9149D4F86F
:104AC000540402F07DFB48B98F4BC3F854B44FF047
:104AD0000009CDF8089073E602954FE601234FF4E4
:104AE000A87200218948C4F8F43302F089FB814B95
:104AF000874A19680023C4F8F8B3C4F8FCB3C4F8B3
:104B000000B4C4F804B4C4F808B4C4F820B4013341
:104B10000C2B42F8041FFAD1D6E7039B4FEA081189
:104B200003EB081090F90FE0BEF17F0F0EF1010CBE
:104B300008BF4FF07F0CDFF8D0E1F4449CF8B435A7
:104B4000002B35D090F90DA00AF1FF3A0EEB0A0CBC
:104B50009CF8D63563B304F1FF3C039BACEB080C27
:104B60004FEA0C1C103194422CBF624600221944BB
:104B700002F0F2FA5F4A039B116804F18052013A95
:104B8000100103EB02121950516091604FF0633134
:104B90000498D1604FF07E5102F0D6FA2EA951F858
:104BA0002A200490531C18BF013241F82A204246A3
:104BB000904608F101021046059202F0B9FA0499F4
:104BC00002F0C2FA8246204602F016FB0146504629
:104BD00002F0F2FA059A00289FD12E982F9B301AE6
:104BE000309C38BF0020FB1A2CBF98464FF00008BD
:104BF0002C1B38BF00243190CDF8C880339402F0CC
:104C0000FBFA8246304602F0F7FA0146504602F0BF
:104C100003FB0646349802F0EFFA0146304602F0F4
:104C20008BFAF1F779FE4FF09F41064602F078FAD1
:104C300048B94FF09F41304602F06AFA003818BF79
:104C40000120404202E0304602F09AFA3490404699
:104C500002F0D2FA0646384602F0CEFA0146304655
:104C600002F0DAFA0646359802F0C6FA01463046F6
:104C700002F062FAF1F750FE4FF09F41064602F053
:104C80004FFA18B3304602F07BFA3590204602F016
:104C9000B3FA0446284602F0AFFA0146204602F075
:104CA000BBFA0446369802F0A7FA0146204602F005
:104CB00043FAF1F731FE4FF09F41044602F030FA1B
:104CC00070B1204602F05CFA36909DE54FF09F41AE
:104CD000304602F01DFA003818BF01204042D4E7E8
:104CE0004FF09F41204602F013FA003818BF012010
:104CF0004042E9E70C24002048650020AC65002014
:104D0000106600200000FA43F06000209463002049
:104D1000106500204FF07E51059802F085FAF1F7FA
:104D2000FBFD05465046F1F7F7FD044602F028FA70
:104D30008046284602F04CFA6FF001034FF0FF3531
:104D40004FF09F474FF000090028A8BF1B1AB64E2E
:104D500006933946204602F0E3F9002857D0494629
:104D6000204602F0D5F9002814BF404600206B1CF5
:104D70000344984238BF0023013B03EB430306EB97
:104D8000830239462046C2F8D4BAC2F8D8BAC2F86B
:104D9000DCBA02F0C5F9002841D04946204602F0AD
:104DA000B7F9002814BF404600206B1C034498420A
:104DB00038BF0023013B03EB430306EB8302394674
:104DC0002046C2F84CBBC2F850BBC2F854BB02F03C
:104DD000A7F960B34946204602F09AF9002814BFAB
:104DE000404600206B1C0344984238BF0023013B1F
:104DF00003EB430306EB8302069B013DAB42C2F883
:104E0000C4BBC2F8C8BBC2F8CCBBA2D168E5394666
:104E1000204602F07DF90028A9D02B46ACE73946A0
:104E2000204602F075F90028BFD02B46C2E739466C
:104E3000204602F06DF90028D4D02B46D7E77B4BF3
:104E40004FF07E513046D3F800A002F0EDF9F1F7B3
:104E500063FD02F0BDF920EAE0794046F1F75CFD20
:104E6000054602F08DF94FF09F410490284602F06C
:104E700057F9074678B10021284602F049F988BB66
:104E80000746044610E04FF09F41284602F040F9E3
:104E900048B9002408E04FF09F41284602F038F955
:104EA0000028EDD03C46E4435F4B013C04EB440456
:104EB000013703EB8402B945C2F8C4A1C2F8C8A106
:104EC000C2F8CCA1FFF620AD4FF09F4128463C46EA
:104ED00002F026F90028D6D00021284602F018F961
:104EE00010B9D6E700273C46049B1C1BDCD2D0E758
:104EF00003981CAB31AA28A9FDF75EF80FE5C8F8A6
:104F0000600F08F63C430130C82843F8044FFAD13B
:104F100027E501254FF07251D8F8A801C8F8A05133
:104F200002F00AF90023424AC8F8B40188F8A451F3
:104F3000C8F83CB2C8F8B841C8F8BC41C8F8C0418C
:104F400001331E2B42F8044FFAD10FE54FF07E518A
:104F5000304602F069F9F1F7DFFC4FF09F4105465A
:104F600002F0DEF850B30021284602F0D1F810B16B
:104F7000284602F005F900222B4B904203F10C0366
:104F800026DC3046F1F7C8FC4FF09F41054602F0A1
:104F9000C7F858B30021284602F0BAF810B12846E5
:104FA00002F0EEF8013800EB400008EB8003C3F894
:104FB000C441C3F8C841C3F8CC41E2E44FF09F417B
:104FC000284602F0A5F8003818BF01204042D2E779
:104FD000D3F8C811D3F8CCC1D3F8C4510132C3F807
:104FE000B851C3F8BC11C3F8C0C1C6E74FF09F4128
:104FF000284602F08DF8003818BF01204042D1E762
:10500000059B5D19BFF4D3ACC82D2B4628BFC82320
:105010000026039A044F02EB031304920793DDF872
:105020000CA0014C3DE000BFF06000200C240020EB
:10503000B06200209AF90D20731C93422FD19AF987
:105040000E0002F075F800F100414FF08040D4F8F6
:10505000B481FCF7BDFA0146404602F06DF8D4F881
:105060003C3C8146012B5BD1D4F8608FB8F1FF3F07
:1050700065D1D4F8AC11C4F8608F484602F0CCF882
:1050800008909AF90F0002F053F8494602F054F8DC
:10509000089902F081F804EB8808C8F83C0C0AF182
:1050A000100A079B5345C5D1DFF8C890D9F8604F67
:1050B000002C00F00582D9F83C02F1F72DFC4FF0EE
:1050C0009F41804602F02CF800283BD0002140464A
:1050D00002F01EF810B1404602F052F8013800EB21
:1050E0004000841924492548FBF75AFE214B03EB65
:1050F0008404C4F8C401D3F83C4C012C2CD04FF0EC
:105100009F41404602F00CF800283DD14FF09F41EE
:10511000404601F0FDFF003818BF012040423BE04F
:105120000123C4F83C3C0023154AC4F8603F1168D1
:10513000144A0133C82B42F8041FFAD194E708F14E
:10514000010896E74FF09F41404601F0E1FF00382B
:1051500018BF01204042C1E700220949C3F8602F6F
:10516000096803F63C430132C82A43F8041FFAD108
:10517000C5E700BFF060002000004842306D00200D
:105180000C2400202C6D00200021404601F0C0FFBF
:1051900010B1404601F0F4FF0022BC46964611468D
:1051A000B94BDFF8E882D3F80090D8F8603F884226
:1051B00000F34D81B5490AB1C1F8603FBEF1000F5F
:1051C00001D0C1F83C4CB249B248FBF7E9FD80463A
:1051D000C7F8B801AD4A25AB43F82680D2F83C3C6D
:1051E000012B00F09F810136032E07F104077FF4A5
:1051F00016AF18AB009322AA1FAB17A925A8FDF77D
:105200003DF8A24E179B04460393D6F87C32012B3F
:1052100043D00123C6F87C32C6F8F4339E4B9F4A34
:10522000C6F810349E4BC6F80C24C6F89C324FF0DA
:105230007C53C6F814349B4BC6F8A032FDF77EFEB3
:105240004FF4A872002106F5297001F0D9FF002261
:10525000954BC6F8F8B3C6F81834944BC6F8FCB3AF
:10526000C6F81C34884BC6F800B41968C6F804B4F4
:10527000C6F808B4C6F820B406F5846301320C2AD7
:1052800043F8041FFAD101238048C0F854B480F8D1
:10529000803200F51E70FDF77FFE7C4E0021D6F8AF
:1052A000540401F08DFF002800F0498100254FF4DF
:1052B000A8727F4958A801F073FF589B58AE184652
:1052C00056F8041F01F040FF0135532D0346F6D177
:1052D000784901F01DFF002800F0218600254FF4D9
:1052E000A872734958A801F05BFF589E58AF30462A
:1052F00057F8041F01F028FF0135532D0646F6D15B
:105300001425DFF8B4A14FF4A872694958A80DF12B
:10531000F00801F045FF4246002358AF4FF0010965
:10532000386857F8291009F10109CDE9042301F083
:105330000BFFDDE90423B9F10C0FF2D10C33542B30
:1053400042F8040B07F13007E8D1002708F11C00F0
:105350002A460021401B01F053FF3C9B184658F899
:10536000041F01F0F1FE0137062F0346F6D1314646
:1053700001F052FF043D4AF8040FC4D1434E0DF131
:10538000DC0E06F57E7CBCE80F00AEE80F00DCF812
:1053900000303899CEF80030379801F0D5FE3999B1
:1053A00001F0D2FE3A9901F0CFFE3B9901F0CCFE1C
:1053B000D6F8FC83D6F8F8130490404601F034FF89
:1053C000D6F800A441460590504601F02DFF014655
:1053D000059801F0B9FED6F8049480465146484637
:1053E00001F022FF0146404601F0AEFE49468046EC
:1053F000D6F8080401F018FF0146404601F0A4FE6B
:105400000DF598784FF07A5101F096FEC44606F2F9
:10541000244682460FCEACE80F000FCEACE80F005A
:1054200096E80F008CE80F001BAE35600C2D32683B
:105430001A9540F03A81042A00F39E84032A00F270
:10544000F083DFE812F0490197039A03C303012CAC
:105450000BD00023194A0133C82B42F8049FFAD11C
:105460004FF0010E0023013301E05C1CFBD1DCF89E
:10547000C44108EB8302C2F83C4C012201311446BE
:105480000CF10C0C93E600BF0C240020F06000200F
:1054900000004842306D0020CDCCCC3D8096984A2B
:1054A000000048430080BB451F85EB3E295CAF3FB1
:1054B0009463002000009643E46400202C6D0020DB
:1054C000D7F8B80101F06EF9F0B9D7F8B881D9F87A
:1054D0003C02F1F721FA4FF09F41814601F020FE96
:1054E000B0B10021484601F013FE18B1484601F062
:1054F00047FE0446013C754B04EB4404344403EB83
:105500008403C3F8C48165E6714BD3F80080DEE7FD
:105510004FF09F41484601F0FBFD041E18BF0124D7
:105520006442E7E700236A49C2F8603F096802F66F
:105530003C420133C82B42F8041FFAD153E6D6F897
:105540001014039801F0E4FD00283FF4AFAED6F844
:105550001414039801F030FE00283FF4A7AE4FF07A
:105560000608D6F8F47306EB8703D3F8A03206EBEF
:1055700087061846D6F8D01201F0E6FDB8F101080A
:10558000034606F13006F4D1524901F0C1FD4F4BFC
:10559000A8B17A1C63D10122C3F8F4230721D3F800
:1055A000F42303EB82000139C0F8A0B200F130000F
:1055B000F9D1474903EB82020968C2F82014059A21
:1055C0004FF00008AA4288BF4FF0FF35C82D28BF12
:1055D000C8254FF07E59D3F8F42303EB8203039AD6
:1055E000C3F8202445457FF761AE049BDFF8DCA0BB
:1055F0009968586801F010FE01F0F6FD049B06461C
:1056000093F90E0001F094FD01464FF08040FBF746
:10561000DFFF4FF0854101F08FFDDAF80C1401F047
:10562000FBFD01F0E1FD0146304601F0F5FDDAF841
:105630009C12074601F074FDDAF8F463A8B109364C
:105640000AEB8606D6F87C02494601F07DFD049BF4
:10565000C6F87C02103308F101080493C2E7013751
:105660000C2FC3F8F47399D995E73846DAF8A012ED
:1056700001F0A6FDB8B90AF52073824653F8041F5D
:105680003846059301F098FD059B20B90AF1010AFF
:10569000BAF1060FF2D10C2303FB0A660B4B093655
:1056A00003EB8606CEE75136CAE758F825900592F7
:1056B000484601F077F830B9059A531CAB42336085
:1056C000D8BF48F822900135B0E600BFF060002056
:1056D0000C2400200000C841B34BD3F80080B34B2A
:1056E0004046C3F82084F1F751F9B14905460498C2
:1056F00001F022FDAF490646504601F01DFD01466E
:10570000304601F021FDAC4906464046FBF760FFFC
:105710000146304601F010FDA8490646284601F032
:105720000BFD0146304601F00FFDA54906460498E1
:1057300001F002FDA3498146504601F0FDFC0146FF
:10574000484601F001FDA04981464046FBF740FF75
:105750000146484601F0F0FC9C498046284601F08D
:10576000EBFC0146404601F0EFFC9949804630468B
:1057700001F0D6FC002800F065833046954901F021
:10578000CFFC00B1934E884B30461D6801F00AF8FB
:10579000002833D130468E4901F012FD70BB3046EF
:1057A0008C4901F0BDFC48BB8B49304601F0B0FC90
:1057B000002814BF02250125884B05F1FF3913F994
:1057C00009A0504601F0B4FC0146304601F02CFD22
:1057D000824B06465857A0EB0A0001F0A9FC01468F
:1057E000304601F019FD0021064601F0CDFCDFF83E
:1057F000F0A1002800F002835AF829504046794968
:1058000001F08EFC002800F070834046764901F0DC
:1058100087FC08B1DFF8D08102220126DFF8CC91A5
:10582000974200F32983771E19F907A0504601F02B
:105830007FFC0146404601F0F7FC804619F906005E
:10584000DFF8AC91A0EB0A0001F072FC0146404683
:1058500001F0E2FC0021804601F096FC002800F0F7
:10586000208359F8276031464FF07E5001F0D4FC78
:105870004E4BC3F81854C3F81C044FF07E534B4EE4
:10588000CDF8A4B0D6F87472CDF8A8B0FB62D6F803
:10589000D03A7863BB603B680398012B18BF0123A3
:1058A0003D631CBF3B603B7100F07CFF002840F073
:1058B0003C835049039801F07FFC002800F03783B7
:1058C0004D490398BD6AFBF783FE0146284601F067
:1058D00033FC0546B968069801F09EFCF96801F0B2
:1058E0002BFC294601F098FC396901F025FC05469E
:1058F00000F058FF002840F01F834049284601F07F
:1059000003FC002101F048FC2890C6F88405C6F885
:1059100088B5C6F88CB5254DDDF8AC34D5F884656E
:10592000D5F874721E60386B314601F005FCDDF865
:10593000AC3431465860786B01F0FEFBDDF8AC34D6
:1059400032469860D5F8841505F58B60FBF768FB47
:10595000DDF8AC3402465968186005F2BC40FBF72C
:105960005FFBDDF8AC34264E1A689968586005F57F
:10597000A460FBF755FBDDF8AC342422986005F2F7
:10598000546105F5CA6001F0E7FBDDF8AC341D4950
:105990001868C5F8740601F013FC003818BF012020
:1059A0000B9B314630E000BF0C240020F06000204B
:1059B000D5F885415B11C742418282BE4C97AF4208
:1059C000A178CD41F43D3543789C22BEAD9AAA42E0
:1059D00000002442000020410000F041E08001105E
:1059E000D48001100000B04200000C423881011048
:1059F00020810110CDCC4C3DABAA2A3FFFFF7F7F19
:105A000000401C4600007A441870DDF8AC34186879
:105A100001F0D6FBA0B101230B9A1370DDF8AC3472
:105A2000196858681E6001F0F7FB314601F084FBED
:105A3000F0F78EFF314601F067FBDDF8AC345860BB
:105A4000DDF8AC34A8491F68384601F075FBDDF875
:105A5000AC340646996801F063FB70B14FF07E519B
:105A6000384601F055FB40B13046F0F771FFDDF8E4
:105A7000AC340B9A986001231370DDF8AC349B4969
:105A8000186801F059FBF0F763FFDDF8B03498496E
:105A90001860DDF8AC34186801F04EFBF0F758FFE1
:105AA000DDF8B03493495860DDF8AC34186801F083
:105AB00043FBF0F74DFFDDF8B03428A99860259B33
:105AC000C5F85041C5F84431269B8B48C5F848318C
:105AD000279BC5F84C31179BC5F85431229BC5F85C
:105AE0005831239BC5F85C31249BC5F860311F9B5E
:105AF000C5F86431209BC5F86831219BC5F86C312D
:105B0000189BC5F87031FAF7ADFF289B28A9C5F896
:105B10008431299B7948C5F888312A9BC5F88C3196
:105B2000FAF7A0FF289B28A9C5F89031299B744853
:105B3000C5F894312A9BC5F89831FAF793FFD5F848
:105B4000D04A2898214601F067FB2146C5F8740128
:105B5000299801F061FB2146C5F878012A9801F0E7
:105B60005BFBC5F87C010298C5F880410DF2844DBD
:105B7000BDE8F08FDDF83081B1E54C9D002128466D
:105B800001F0CEFA4D9EB0F100084FF00001304612
:105B900018BF4FF0010801F0C3FA003818BF012008
:105BA0005FFA88F8804509D03146284601F0CCFAE2
:105BB0004FF07C5101F0C0FA804690E5284600F095
:105BC000D1FD0028F0D129463046A2E0DDF8308131
:105BD0004D9E4046314601F0A3FA4E9D294678B1CC
:105BE000304601F09DFAC0B92946404601F098FAC6
:105BF000003818BF012040004CAB53F820806EE500
:105C0000404601F08DFA50B92946304601F088FA35
:105C1000002814BF02200120EEE70120ECE700205D
:105C2000EAE7DDF830814D9E4046314601F078FAD2
:105C30004E9D294600283FD0304601F071FA0028D9
:105C40004BD12946404601F06BFA002815BF0020D1
:105C500002200221002101234CAA52F82150CDE953
:105C6000191052F82060002128461B93059301F07B
:105C700057FADDF83C91B0F100084946304618BFAC
:105C80004FF0010801F04CFA00285DD0059B4CAAAA
:105C900052F823604846314601F042FA00210028BC
:105CA00041D0484601F03CFA003818BF0120404579
:105CB00028D02946484679E7404601F031FA804627
:105CC00078B92946304601F02BFA002815BF01208B
:105CD0000220022101214346BEE7002001210223C8
:105CE000BAE701200021FAE700002041925C04415C
:105CF000A91301413A920441B46C00203C6C00208D
:105D0000C46B0020284600F02DFD0028D1D1294683
:105D1000484601F089FA4FF07C5101F00DFA29460E
:105D200001F012FA48E7304601F0FAF9003818BFDE
:105D30000120404502D02946304637E7284600F08A
:105D400011FD0028F7D13EE70021304601F0E8F9C7
:105D5000003818BF01204045EDD1304600F002FD6B
:105D60000028E8D13146284601F05EFA4FF07C5118
:105D700001F0E2F93146D3E74FEA620919AD12F0BA
:105D8000010F09F1010100951AAB4CA833D1FDF7C1
:105D900053FB1A9B80469945BFF6A1AC2A681AAB03
:105DA000013A494600964CA8FDF746FB00210546FE
:105DB000404601F0B5F90021061E284618BF01260D
:105DC00001F0AEF9003818BF0120F6B2864202D0C9
:105DD00029464046EAE6404600F0C4FC0028F7D1D8
:105DE0004146284601F020FA4FF07C5101F0A4F919
:105DF0000146404694E7FDF71FFBDDE64FF07E517C
:105E000030465AF8255001F0BFF900287FF4F6AC6F
:105E10005AF829902946484601F0B6F950BB314658
:105E20004FF07E5001F000FA494601F085F929460D
:105E30008146304601F080F90146484601F084F978
:105E40000546DBE431464C4801F0EEF94B4901F0E0
:105E500073F901464A48FBF7BBFB4FF07E5101F056
:105E600073F94849FBF7B4FB01464FF07E5001F04F
:105E7000D3F9E5E7444DC1E4BB194FEA630A09EBE6
:105E8000630313F9010C049201F052F9414601F049
:105E900093F9049A18B156460AF10102C0E4574634
:105EA000BEE44FF07E51404659F8266001F06CF98F
:105EB00000287FF4D8AC59F827703146384601F0F5
:105EC00063F950BB41464FF07E5001F0ADF93946C1
:105ED00001F032F931460746404601F02DF90146FE
:105EE000384601F031F90646BDE44146274801F045
:105EF0009BF9274901F020F901462148FBF768FB8F
:105F00004FF07E5101F020F92249FBF761FB014679
:105F10004FF07E5001F080F9E5E73E46A3E41E4BCA
:105F2000D3F81854D3F81C04A7E41C4B0393384649
:105F30000399FBF7D1FBCCE4194B1868E4E4C8F8EB
:105F400084B5C8F888B5C8F88CB5E4E4319E329FB2
:105F50009846F41928BF4FF0FF342E932F933093B7
:105F60000023339D2B962C1928BF4FF0FF342C971C
:105F70002D950493FEF71DBED2157D427B83D73F3E
:105F800000002041C0EC1E3D65BEDB3B2790DD429A
:105F9000B684D43F9487853CF0600020CDCCCC3DC6
:105FA0000C240020F0B5144600221B4B07461B684A
:105FB0000D460B604B600B62E26003608B604B61CF
:105FC0002361E36122604360CB608B616361236284
:105FD000626083600B61CB61A36163620023A36293
:105FE0000E4BA2601B78B3B10D4E96E8070087E810
:105FF000070006F10C070FCF0FC50FCF0FC53B6889
:106000002B6006F130050FCD0FC40FCD0FC495E8FE
:10601000070084E80700F0BD0C240020267500204E
:106020003462002070B504462B4B2C4D03602C4B82
:1060300000F1100243602B4B05F1400683602A4BB0
:10604000C3602B4603CBB342106051601D4602F182
:106050000802F6D10025254B46222365244B25490D
:106060006365A565E56504F1600001F099F8224BD0
:106070002246C4F8A830214BA4F8B850C4F8AC307C
:106080000123A4F8B0304FF07E53C4F8B4301C4B59
:1060900004F594711B68C4F8BC30C4F8C030C4F86F
:1060A000C43042F8C83F42F8043F9142FBD100227D
:1060B00084F82C210322C4F83031C4F83431114B58
:1060C000A4F82E211B782BB14FF49C7220460E4968
:1060D00001F066F870BD00BF8096984A9481011067
:1060E000CDCCCC3F00000842000098410000204188
:1060F0000000F041D48101106F12033B00409C4529
:106100000C24002026750020FC60002010B52824F7
:106110000480022008800020054910800A681A6067
:106120004A685A608A689A60029B186010BD00BF76
:10613000647901102DE9F84FD64B1D78002D40F001
:10614000A781D54CD54BD64F2361D64B04F11C0605
:106150006361D54BDFF85483A3610FCF0FC60FCF18
:106160000FC60FCF0FC6DFF848936560C4F80C80E8
:1061700097E80F0086E80F00CE4B4622CE4904F187
:106180006C00E365C4E91955C4F8609001F008F8A3
:10619000CA4B4FF07E5BC4F8B430C94B2146C4F8FB
:1061A000B8300123C74AA4F8BC301268C4F8C0B0A4
:1061B000A4F8C450C4F8C820C4F8CC20C4F8D02037
:1061C00041F8D42F0135182D41F8042FFAD10026BB
:1061D00000210320BC4D84F83811C5F88C12A4F8B6
:1061E0003A01C4F89C11C5F8A022C4F83C21C4F8B7
:1061F0004021C4F84421C4F84821C4F84C21C4F813
:106200005021C4F85421C4F85821C4F85C21C4F8C2
:106210006021C4F86421C4F86821C4F86C21C4F872
:106220007021C4F88421C4F88821C4F88C21C4F8F2
:106230009021C4F89421C4F89821C5F894B2C5F807
:1062400098B2C5F89CB2C4F87461C4F87861C4F817
:106250007C61C4F88061C5F8A422C5F8A822C5F8FD
:10626000AC22C5F8B022C5F8B42205F52372C4F8F3
:1062700074220122C4F8F423944ADFF854A2C4F82B
:106280001024944A944FC4F89C224FF07C52C4F8D6
:106290001424924AC5F8BCA2C5F8C072C5F8B8B2B9
:1062A000C4F87C12C4F8A022C4F80C84FCF746FEA3
:1062B0000021A5F65C504FF4A87200F0A1FF002168
:1062C000C4F818A4DFF8FCA1C4F81C74DAF8007054
:1062D000C4F8F863C4F8FC63C4F80064C4F8046448
:1062E000C4F80864C4F82064A5F53E6501310C29A2
:1062F00045F8047FFAD100224FF080457849C4F870
:10630000546484F87822C4F8A021C4F8A881C4F8A1
:10631000AC51C4F8B0B1C4F83C62C4F8B871C4F868
:10632000BC71C4F8C07101321E2A41F8047FFAD151
:10633000002121226B48C4F84012C4F89015C4F81B
:10634000489200F05DFF012284F89425664A67496F
:1063500002F1240052F804CB824241F804CBF9D177
:1063600001200022A4F8780661486249C4F8EC05CF
:1063700061484A60C4F8F00500F10430C4F8F4053F
:106380005E480A60C4F8FC055D48C4F8E425A4F83A
:106390001226C4F8F895C4F80056C4F8048684F8A8
:1063A0000826C4F89406373101320F2A41F8047FD9
:1063B000FAD10022534901320A2A41F8047FFAD166
:1063C000C4F8905600254FF47C7229464E48C4F814
:1063D0007C76C4F88076C4F88476C4F88C7684F829
:1063E000985600F00DFF40F20112344BA4F8AC2A8D
:1063F000464A4748C4F8A03AC4F8B82A304B454A40
:10640000C4F8A43AC4F8BC2AC4F88C5AC4F8905A08
:10641000C4F8945AC4F8985AC4F8A88AC4F8B05A70
:10642000FCF7E2FF6430FCF7DFFF6430FCF7DCFFD1
:1064300029464FF4B47200F2B450C4F88465C4F82D
:106440008865C4F88C65C4F8C05AC4F8C8BAC4F8E2
:10645000D06A00F0D5FEDAF800102F4BC4F83C5C8F
:10646000C4F8605F0135C82D43F8041FFAD100233A
:10647000154AC4F8643FC2F888329C3A0133C82BED
:1064800042F8041FFAD1002323700123014A13703C
:10649000BDE8F88F26750020F0600020CDCCCC3F01
:1064A0009481011000000842000098418096984AAB
:1064B0000000F04100002041D48101106F12033B25
:1064C00000409C450C240020F0700020CDCCCC3D39
:1064D0001F85EB3E00004843295CAF3F0080BB4571
:1064E000B0620020846600201A820110A566002098
:1064F00017B7D139C9660020000102030000C0406F
:10650000000040403C6700208C6700200000604293
:10651000486500201EA7E83B2C6D00200122074B98
:106520001A7083F8782283F8202583F8BC2483F836
:1065300058240022024B1A70FFF7FCBDF0600020C7
:1065400026750020064B1B784BB1064B5A68012A72
:1065500005D102225A601B7A0BB1FCF767BD704768
:1065600026750020F0600020044B1B782BB1044BF3
:106570005B68012B01D1FCF75DBE704726750020DA
:10658000F060002038B50B4B01461B7883B10A4CF4
:106590006368012B0CD0094D4FF49C7204F10C0080
:1065A00000F0FEFD2946E06D00F00AFE00B1E56551
:1065B00038BD00BF26750020F0600020000020419B
:1065C00038B5064B1B783BB100230125044C2372E0
:1065D0006560FCF759FA257238BD00BF26750020AA
:1065E000F06000202DE9F0431C4600239046002275
:1065F0002362A360636163622363E363E360A36177
:10660000A362636323642361E361E362A36363645E
:10661000354B06461B780F4689B022602271002B4D
:106620005FD0324D6B68012B0AD04FF001092A72FE
:10663000C5F80490FCF728FA85F80890FCF7FAFDF5
:1066400004F13C03069304F13003059304F12403A1
:10665000049304F12003039304F11403029304F15F
:1066600008030193A31C0093424639463046631C3D
:10667000FDF704F82070A06800F094F820B9A06835
:106680001B4900F041FDA060606900F08BF820B963
:106690006069174900F038FD6061E06800F082F839
:1066A00020B9E068124900F02FFDE060A06900F019
:1066B00079F820B9A0690E4900F026FDA061206993
:1066C00000F070F820B92069094900F01DFD206133
:1066D000E06900F067F820B9E069054900F014FDB1
:1066E000E06109B0BDE8F08326750020F06000206D
:1066F000FFFF7F7F10B5164C237853B90123237019
:106700006368012B05D102236360237A0BB1FCF788
:106710008DFC1048FBF7C8F80F48FBF7C5F80F4889
:10672000FBF7C2F894F878328BB9012384F87832F9
:10673000D4F87C32012B0AD10223C4F87C3294F8BD
:10674000803223B1BDE810400548FCF725BC10BDE0
:10675000F060002048650020AC6500201066002035
:1067600068630020D0B500F02FFD21F000474FF006
:10677000FF3239460A4B06464FF00104EFF7AEFBF5
:1067800040B94FF0FF3230463946054BEFF7DEFB9C
:1067900000B9044684F0010000F00100D0BD00BF44
:1067A000FFFFEF7F08B500F00FFD02460B46EFF745
:1067B00095FB003818BF012008BD00F00FB8002974
:1067C00007DA4B42B0FBF3F103FB110020B948425A
:1067D0007047B0FBF1F070470131F8E72DE9F04F59
:1067E000ADF2C45D74AE3746DFF8E882DFF8E892B8
:1067F0000991051F00F57B7459F804AB58F8041B88
:1068000055F8040F00F010FD514600F005FDA542BB
:1068100047F8040BF0D1002402210120CDE90E44F9
:10682000FFF7CDFF431C0493AC4B01937C2C8CBF32
:106830007C23802300254FF00109DDF804A0059397
:106840000DF13808049B4B4549DA019B06F50076AB
:1068500003F500730193002C3FD000214FF4C87260
:1068600010A800F0CDFC64216320FFF7A8FF431CB3
:10687000069310AB01939A4B0E9E0493019B0F9DC0
:1068800003936423029301230593DDE905239342D7
:10689000C0F22881DDE903340022029906390A9109
:1068A0000A991C33914204F10E0463DC039B03EB51
:1068B0008204049B03EB4208029B934240DC059B4D
:1068C00001330593029B643B0293039B03F5C8735A
:1068D0000393049BC8330493D7E78024A6E7D346E9
:1068E00042460023C5F10201069106998B421FDA48
:1068F0000027116803960291CDE90732039B3BF90B
:10690000271053F8040B0904039300F015FC01460B
:10691000029800F019FC059B0137BB420290DDE9AB
:106920000732E9D142F8040B01330BF1020BDCE72B
:1069300009F1010908F108080AF1040A023581E7A2
:1069400038F9021B276809043046079200F0F4FB6F
:10695000394600F0F9FB0746B8F9C6102846090485
:1069600000F0EAFB394600F0EFFB079A44F8040B0D
:106970000132A1E70D9253F8082C34F90E1C53F89C
:106980001CBC079253F8042C0904304653F818AC89
:1069900053F8149C53F8108C53F80C7C0C93089209
:1069A00000F0CAFB594600F0CFFB34F90C1C0B90E9
:1069B0000904304600F0C0FB514600F0C5FB34F935
:1069C0000A1C83460904304600F0B6FB494600F035
:1069D000BBFB34F9081C82460904304600F0ACFBCE
:1069E000414600F0B1FB34F9061C814609043046EB
:1069F00000F0A2FB394600F0A7FB34F9041C8046E6
:106A00000904304600F098FB079900F09DFB34F92B
:106A1000021C07460904304600F08EFB089900F07E
:106A200093FBB4F9BC1007900904284600F084FBDE
:106A3000594600F089FBB4F9BE10089009042846B5
:106A400000F07AFB514600F07FFBB4F9C01082469B
:106A50000904284600F070FB494600F075FBB4F9C4
:106A6000C21081460904284600F066FB414600F04A
:106A70006BFBB4F9C41080460904284600F05CFBA7
:106A8000394600F061FBB4F9C610074609042846F0
:106A900000F052FB079900F057FBB4F9BA10834697
:106AA0000904284600F048FB0B9900F04DFB0C9BB5
:106AB000089A43F81C0C43F8182C0D9A43F814ACB0
:106AC00043F8109C43F80C8C43F8087C43F804BC52
:106AD0000732E5E6BC980110CC940110DC9001105F
:106AE0004C8F011000231D46914CDFF84882924FD5
:106AF000924E04F5C8790393019B54F804BB53F8F4
:106B0000040B57F804AB58F8041B019300F01CFB6E
:106B1000594600F011FB514600F016FB8246FFF784
:106B200041FE30B92946504600F04AFB002800F0EB
:106B3000F780D3462946504600F0E6FA804900F037
:106B4000FBFA594600F000FB019B014643F8040C98
:106B500056F8040B00F0F0FA0146039800F0F4FA3E
:106B6000A1450390C8D100231D46764C764F774E41
:106B7000DFF8DCB1DFF8DCA1029356F8043B03999F
:106B800054F8049B57F8040B01935BF8048B00F056
:106B9000D3FA019900F0D8FA494600F0CDFA4146FF
:106BA00000F0D2FA8046FFF7FDFD30B92946404695
:106BB00000F006FB002800F0B580C146294640469B
:106BC00000F0A2FA5E495AF8048B00F0B5FA494683
:106BD00000F0BAFA414600F0AFFA0146029800F020
:106BE000B3FA5D4B0290A342C7D100231D465B4C14
:106BF000DFF86C815B4F5C4EDFF870B1019357F8A2
:106C0000043B029954F804AB58F8040B039356F86C
:106C1000049B00F091FA039900F096FA514600F0B7
:106C20008BFA494600F090FA8146FFF7BBFD28B980
:106C30002946484600F0C4FA002875D0CA462946BD
:106C4000484600F061FA3E495BF8049B00F074FA94
:106C5000514600F079FA494600F06EFA0146019873
:106C600000F072FA424B0190A342C8D1002426469C
:106C7000404B414DDFF80481414FDFF808B10293EA
:106C800057F8043B01990393029B55F804AB53F862
:106C9000049B58F8040B029300F04EFA039900F09D
:106CA00053FA514600F048FA494600F04DFA814641
:106CB000FFF778FD28B93146484600F081FA0028F0
:106CC00034D0CA463146484600F01EFA1C495BF8EB
:106CD000049B00F031FA514600F036FA494600F0C4
:106CE0002BFA0146204600F02FFA274B0446AB4210
:106CF000C6D1264900F020FA254900F025FA254999
:106D00000E90204600F018FA234900F08DFA0999F8
:106D10000F900EA800F042F80DF2C45DBDE8F08FB0
:106D2000AB4607E7A94649E7AA4688E7B246C9E75E
:106D3000BC8D01102C8C01109C8A01100C89011053
:106D40009A99993E448801107C870110B4860110FD
:106D5000EC850110248501100C890110C0840110FC
:106D60005C840110F88301109483011030830110BA
:106D7000248501107082011000830110D08201105F
:106D8000A08201104082011030830110D7E22DBF94
:106D900091623E3FD5D9143F3D633E3FF8B506684A
:106DA00004460D464168304600F0BAF9F8B167680C
:106DB0003946206800F038FAF0F742F82860394682
:106DC0000646606800F030FAF0F73AF801460446EB
:106DD000304600F0B9F901460746304600F01CFA8B
:106DE00039462860204600F017FA6860F8BD304642
:106DF000FFF7D8FC20B16068FFF7D4FC0028D6D09C
:106E00002768D5E782B340EA01039B0730B5044603
:106E10008E4617D1032A07D814E0043A22D01CF07A
:106E2000803F1FD1032A23D923687146DEF8005022
:106E30002046A3F1013C0434AB420EF1040E2CEACF
:106E4000030CEAD003780C78A3420FD1013A024434
:106E500006E03BB110F8013F11F8014FA34205D104
:106E60009042F6D1002030BD10467047181B30BD4F
:106E700020467146E6E700BF40EA01039B0710B5D4
:106E8000044601D1032A19D8A44601F1FF3E07E0C8
:106E90001EF8011F501E03F8011B31B102469C462B
:106EA0006346002AF4D1204610BD0028FBD094444C
:106EB00003F8011B6345FBD1204610BD0846A446DC
:106EC000D0F800E001460430AEF1013323EA0E03AE
:106ED00013F0803FD9D1043A4CF804EB032AEFD8E1
:106EE0000146D2E7014B1868704700BF102400200C
:106EF00080EA010C1CF0030F37D110F0030C20F0D6
:106F0000030021F0030150F8042B08BF51F8043BA3
:106F10000ED08CF0030C6FF07F434FEACC0C23FAB9
:106F20000CFC51F8043B42EA0C0243EA0C0300BF9C
:106F3000A2F1013C9A4201BF2CEA020C1CF0803FF6
:106F400050F8042B51F8043BF2D04FEA02604FEAAC
:106F50001222012828BFB0EB036F08BF1B0AF4D030
:106F600003F0FF03000EC01A704710F0030F0AD0A1
:106F700010F8012B11F8013B012A28BF9A42F4D0E6
:106F8000A2EB0300704720B450F8042B01F0030576
:106F900021F0030151F8043B022D27D04ED800BF49
:106FA00022F07F45B5EB132FA2F1013C2CEA020C35
:106FB0000DD11CF0803C08BF51F8043B0AD185EA92
:106FC0000205B5EB036F0CD150F8042BE8E74FEA4C
:106FD00013235BE03CF07F4C54D10B784FEA1265F1
:106FE00054E04FEA126503F0FF034FE04FEA024519
:106FF000A2F1013C4FEA15452CEA020CB5EB134F08
:1070000018D11CF0803C08BF51F8043B07D185EA39
:107010000205B5EB034F09D150F8042BE6E75FEA10
:107020000C4C2FD10B884FEA12452FE04FEA034357
:107030004FEA12454FEA134328E000BF02F0FF0574
:10704000B5EB136FA2F1013C2CEA020C0DD11CF040
:10705000803C08BF51F8043B0AD185EA0205B5EB34
:10706000032F0AD150F8042BE8E74FEA13630DE031
:1070700012F0FF0F06D051F8043B4FEA122523F01F
:107080007F4303E04FF0000020BC704705F0FF0293
:1070900003F0FF00012828BF904204BF2D0A1B0AFD
:1070A000F4D0A2EB000020BC704700BF20F0030129
:1070B00010F00300C0F1000051F8043B00F1040C93
:1070C0004FEACC0C6FF000021CBF22FA0CF2134303
:1070D0004FF0010C4CEA0C2C4CEA0C4CA3EB0C02CC
:1070E00022EA030212EACC1204BF51F8043B043036
:1070F000F4D0C2F1000102EA0102B2FA82F2C2F156
:107100001F0200EBD20070475FF800F06111002011
:107110005FF800F0C91A00205FF800F0550A00205F
:107120005FF800F0A11A00205FF800F0F90A0020D3
:107130005FF800F0BD1600205FF800F06517002032
:107140005FF800F0B10A00205FF800F0551500204C
:107150005FF800F07D0A00205FF800F0BD1F0020FE
:107160005FF800F0B10E00205FF800F0351000204D
:107170005FF800F0F11A00205FF800F03D0E0020EB
:107180005FF800F0691B00205FF800F08D1A002006
:107190005FF800F0610200205FF800F02511002088
:1071A0005FF800F0692100205FF800F0A9020020DC
:1071B0005FF800F0A91B00205FF800F0B51A00206E
:1071C0005FF800F0DD1A00205FF800F0991400204D
:1071D0005FF800F01D1B00205FF800F0F1010020B7
:1071E0005FF800F0110100205FF800F0BD100020F2
:1071F0005FF800F0310F00205FF800F0B5160020B6
:107200005FF800F0E12000205FF800F0491C00204A
:107210005FF800F0290200205FF800F0CD18002090
:107220005FF800F0C10F00205FF800F0511500205A
:107230005FF800F0AD0D0020E15100105951001031
:107240008951001071520010C1510010E15000101E
:1072500009520010CD500010454200100D52001090
:107260001546001029510010F5510010A5510010CD
:0C727000153E00103D3E0010359300104C
:107280007069206C696E6B207570000070692073E6
:10729000696C656E74000000726573756D65000041
:1072A0006C696E6B206C6F73740000006C61756E9E
:1072B00063680000666C6F61740000007374617431
:1072C000653D25640000000073656C662D74657370
:1072D000740000006C696E6B2073696C656E7400DD
:1072E0006C696E6B206261636B0000006D656D629E
:1072F00072616E65206F6E006D656D6272616E65A4
:10730000206F66660000000067726F756E64207300
:10731000746F700064697370657273652073746F45
:107320007000000064697370657273652072756E19
:1073300000000000646973706572736500000000EE
:107340006D6561737572656D656E745F616C676F95
:10735000726974686D0000000A2A2A2A2050414E82
:107360004943202A2A2A0A004E6F207370696E6CE6
:107370006F636B732061726520617661696C616215
:107380006C6500004E6F2075736572204952517311
:107390002061726520617661696C61626C650000D4
:1073A000486172647761726520616C61726D20253D
:1073B0006420616C726561647920636C61696D65DC
:1073C0006400000048617264206173736572740028
:1073D00052656C6561736500626F6F74325F7732FE
:1073E0003571303830000000322E332E300000006E
:1073F000636C6F7564735F636172726965720000BC
:10740000636C6F7564735F6673775F6D637500009F
:10741000536570203238203230323600666E692B68
:1074200000000000666E69006E616E00666E692D78
:107430000000000055534220737464696E202F20B1
:107440007374646F75740000526173706265727258
:1074500079205069000000005069636F000000004F
:10746000426F6172642043444300000052657365BB
:1074700074000000556E68616E646C65642049524A
:107480005120307825780A00657020253032582048
:1074900077617320616C72656164792061766169DE
:1074A0006C61626C6500000043616E277420636F3D
:1074B0006E74696E75652078666572206F6E2069DE
:1074C0006E616374697665206570202530325800DE
:1074D0004E6F2050494F207374617465206D616355
:1074E00068696E65732061726520617661696C619F
:1074F000626C650000000000000000000000000059
:1075000088130000F401000050C300003C0000009C
:1075100005000000580200007C150000E803000090
:1075200030750000F4010000320000001027000058
:107530002C0100000A000000100E0000201C0000BA
:107540005802000060540000580200003C00000097
:10755000100E00000000000000000000000000000D
:10756000D007000064000000801A0600140000002C
:1075700005000000640000000000000000000000A2
:10758000000000003C000000050000005802000060
:1075900032000000140000006400000078000000C9
:1075A00005000000100E0000B400000005000000FF
:1075B000100E00002C01000005000000100E00005D
:1075C00002000002000301010100000000000000B1
:1075D00099190010C5190010551C0010E51A00106B
:1075E000B919001095190010511C0010F475011004
:1075F0000FFF0100A020203F42ADC3A0014026A004
:107600004000CC004AA08A004AA00D008D00C2A014
:10761000008000001A0000001100000012000000AD
:107620004000444506005250D3F07542D07301101B
:1076300006005250E182887FD87301100600525034
:10764000ABB36053E873011006005250BBFF3CB669
:10765000F073011006005250861C030200740110E2
:10766000060052505422A29D107401100500525081
:10767000DE65F468F8C10110000000000000F03F72
:1076800000000000000024400000000000005940FD
:107690000000000000408F40000000000088C34050
:1076A00000000000006AF8400000000080842E41C5
:1076B00000000000D01263410000000084D7974111
:1076C0000000000065CDCD410D0A000006005250BB
:1076D00053B4F4A134740110000000004874011088
:1076E0005874011004750020607401106C7401104E
:1076F00009025400030100807D080B000202020011
:107700000009040000010202000405240020010514
:107710002401000104240206052406000107058156
:107720000308001009040100020A00000007050216
:107730000240000007058202400000090402000028
:10774000FF00010512011002EF0201408A2E09001C
:1077500000010102030100000A000000000003060E
:10776000A6000800020002009C0014000300574914
:107770004E55534200000000000000000000800051
:1077800004000100280044006500760069006300E1
:10779000650049006E0074006500720066006100BB
:1077A00063006500470055004900440000004E009A
:1077B0007B0062006300370033003900380063004B
:1077C00031002D0037003300630064002D003400C9
:1077D0006300620037002D00390038006200380075
:1077E0002D0039003100330061003800660063006D
:1077F000610037006200660036007D000000000076
:10780000050F2100011C100500DF60DDD88945C788
:107810004C9CD2659D9E648A9F00000306A60001D1
:107820000000000000000000F194001000000000C3
:10783000F5940010019500102D9500102995001069
:10784000000000000000000009A800107DA8001042
:10785000ADA80010FDA80010CDA900109DAA001031
:1078600000000000766F6C756D65747269635F6D02
:107870006173735F64656E7369747900646F5F6FC1
:1078800062737472756374696F6E5F646574656347
:1078900074696F6E00646F5F766962726174696F9C
:1078A0006E5F66696C746572696E6700696E746597
:1078B00067726174696F6E5F74696D650064697386
:1078C000747269627574696F6E5F696400706D329D
:1078D000355F7363616C696E675F666163746F7255
:1078E00000647574795F6379636C696E675F706556
:1078F00072696F64006D6561737572656D656E7434
:107900005F616C676F726974686D00342E302E3061
:1079100000312E302E313600312E302E31350031EF
:107920002E302E00312E302E3100312E302E3200EE
:10793000312E302E3300312E302E3400312E302EA9
:107940003500312E302E3900312E302E31330025C6
:107950007325303258253032582530325800332EB6
:10796000302E3000383238333833336165356100BA
:10797000B81EA741295CA1419A999B410AD795411C
:107980007B149041EC518A41D7A384418FC27D4141
:10799000000000000000000071007200A100A200C1
:1079A000A300A500A600A700A800AA00AB00AC0099
:1079B000780000000000003F000096C200401C4616
:1079C000000048C30000A0410000F0C300002041B7
:1079D000008089C40000803F000000000000803F5C
:1079E000000000000000A04100007AC400401C46D6
:1079F000000000000101010101010101010101017B
:107A00000101010101010101010101010101010166
:107A10000101010101010101010101010100000059
:107A20000000000000000000000000000000000056
:107A30000001000001010100000000000000000141
:107A40000101010101010101010101010101010126
:107A50000101010100000000010000000000000021
:107A60000000000000000000000000000000010114
:107A700001010101010000000001010101010101FA
:107A800001010101000000000101010101010101EA
:107A900001010101010101000000000001010101DB
:107AA00001010101010100000000000101010101CB
:107AB00001010101010000000000010101010101BB
:107AC00001010101010101010101010101010101A6
:107AD000010101010000000101000001010101019B
:107AE0000101010101010101010101010101010186
:107AF0000101010101010101010101010101010176
:107B00000101010101010101010101010101010165
:107B10000101010101010101010101010101010155
:107B20000101010101010101010101010101010145
:107B3000010101010000010101010000000000003D
:107B40000100000000000000000000000000000034
:107B50000000000000000000000000010101010021
:107B6000010101010000010001000000010000000E
:107B70000000000000000000000000000000000005
:107B800000000000000001010101010101010101EB
:107B900001010101000000010001010001010100DB
:107BA00001010000000000010000000000000000D2
:107BB00000000000000000000000000000000000C5
:107BC00001010000000000000000000000000000B3
:107BD00000000000000000000000000001000100A3
:107BE0000001000000000000000000000101010190
:107BF0000100000000000000000000000101010081
:107C00000001000100000000000000000101000070
:107C10000000000000000000000000000100000063
:107C20000000000000000000000000000100000053
:107C30000000000000000000000000000000000143
:107C40000101000000000000000000000000000032
:107C50000000000000000000000000000000000024
:107C60000000000000000000000000000000000014
:107C70000000000000000000000000000000000004
:107C800000000000000000000000000000000000F4
:107C900000000000000000000000000000010101E1
:107CA00001010000000000000100000000000000D1
:107CB00000000000000000000000000000000000C4
:107CC00000000001010101000000000000000100AF
:107CD00001000001010000000000000000000000A1
:107CE0000000000000000000000000000001000093
:107CF0000000000000000000000000000001000182
:107D00000001010179000000400070000000000047
:107D10000000000000000000000000000000000063
:107D20000000000000000000000000000000000053
:107D30000000000000000000000000000000000043
:107D4000000000000600000000000020000000000D
:107D5000E400000000004000008094545F06000032
:107D60000000000000000000000000000000000013
:107D70000000000000000000000000000000000003
:107D8000000000007900FFFF000800000000000074
:107D900000000000000000000000000000000000E3
:107DA00000000000000000000000000000000000D3
:107DB00000000000000000000000000000000000C3
:107DC000000000000007000000007F02807F00002C
:107DD000048100000000000000000000000000001E
:107DE0000000000000000000000000000000000093
:107DF0000000000000000000000000000000000083
:107E00000000000000000000000000000000000072
:107E10000000000000000000000000000000000062
:107E20000000000000000000000000000000000052
:107E30000000000000000000000000000000000042
:107E4000000000003F003F000000000000000000B4
:107E50000000000000000000000000000000000022
:107E60000000000000000000000000000000000012
:107E70000000000000000000000000000000000002
:107E800000000000000000000000000000000000F2
:107E900000000000000000000000000000000000E2
:107EA00000000000000000000000000000000000D2
:107EB00000000000000000000000000000000000C2
:107EC00000000000000000000000000000000000B2
:107ED00000000000000000000000000000000000A2
:107EE0000000000000000000000000000000000092
:107EF0000000000000000000000000000000000082
:107F00000000000000000000000000000000000071
:107F100000040000000000000700FF7F0000223383
:107F2000445500000100AF05001F001F001F001F87
:107F3000001F001F001F001F442044204420442035
:107F40004420442044204420091400000100AF05CF
:107F50000F00000000000000000000000000000012
:107F60000000000001000000000002000000030803
:107F70000F400000000000000000000000000000B2
:107F800000000000000000000000000000000000F1
:107F900000000000000000000000000000000000E1
:107FA00000000000000000000000000000000000D1
:107FB00000000000000000000000000000000000C1
:107FC00000000000000000000000000000000000B1
:107FD0000000000000070E091C1B1215383F363147
:107FE00024232A2D70777E796C6B6265484F464159
:107FF00054535A5DE0E7EEE9FCFBF2F5D8DFD6D149
:10800000C4C3CACD90979E998C8B8285A8AFA6A138
:10801000B4B3BABDC7C0C9CEDBDCD5D2FFF8F1F628
:10802000E3E4EDEAB7B0B9BEABACA5A28F88818618
:1080300093949D9A2720292E3B3C35321F18111608
:1080400003040D0A5750595E4B4C45426F686166F8
:1080500073747D7A898E878095929B9CB1B6BFB8E8
:10806000ADAAA3A4F9FEF7F0E5E2EBECC1C6CFC8D8
:10807000DDDAD3D4696E676075727B7C51565F58C8
:108080004D4A4344191E171005020B0C21262F28B8
:108090003D3A33344E49404752555C5B7671787FA8
:1080A0006A6D64633E39303722252C2B0601080F98
:1080B0001A1D1413AEA9A0A7B2B5BCBB9691989F88
:1080C0008A8D8483DED9D0D7C2C5CCCBE6E1E8EF78
:1080D000FAFDF4F30193AD3965BEDB3BE7B00F3D2C
:1080E0000A1E290100000001000000FF010000003D
:1080F000FF00000001FF000000010000000100017E
:1081000000010000000001000000803F80B7803EB9
:108110000000803F0000803F0303050502020101CB
:1081200028BB113C4D8DB93CDF012D3D8E4FA13D4B
:10813000AE67163EC09B773E23323C465058010541
:1081400005050000000000406EA3094000007040DB
:108150000000404117B7D1398AD7B5389C5008394B
:1081600017B7D1390000C0400000A0400000B8405F
:108170009A9949410000F0410000F0410000F041AF
:108180000000F041000070410000704100007041AB
:108190000000704117B7D1390000C0400000F04125
:1081A000000070418AD7B5380000A0400000F041BF
:1081B000000070419C5008390000B8400000F041B8
:1081C0000000704117B7D1399A9949410000F04138
:1081D00000007041010000000000000000000000ED
:1081E000000000000000000000000000000000008F
:1081F000000000000001010000000000000000007D
:10820000000000000000000000000000000000006E
:10821000000000000000000000000101000000005C
:10822000000000000000000000000000000000004E
:10823000000000000000000000000001010100003B
:108240003907033FFA40003F778B013FB87D063F77
:1082500012C15BBFDD9F063F547A59BFAB1350BFBD
:10826000F050F73E955A5BBF52574EBFA81D52BF04
:1082700006D4AEC0CEA08F3F2A3D3BBE0BF009C056
:108280005C4057C034F9DD3F37178EC0F8FE9AC006
:108290008A1A484061DF48C0C6A402C02BCB1FC168
:1082A000961FD53EAFDCE7BDD0A9043CED598E3E0C
:1082B000EE97B73E496F99BDE2F8D23E9DAFCF3EF3
:1082C000521553BEC278A13E1588413E7B39873F87
:1082D0008369CBBC2E4402BD254CA5BC4D522CBDA0
:1082E00020D54C3D0A1D2EBCF341353D4B04203DAD
:1082F0009BD4ABBCAC863F3DA632363DCD71533DE1
:108300007E365141298A244104888141CBE3F340E0
:1083100054841B41AF00BC419A6A3041740D454101
:1083200072367641ED9325419DDB3641928C1941A1
:10833000C0FA90BE178E8F3E2084AB3EBA1598BE11
:1083400039FC89BE908582BEC13D8FBEA869A33E1F
:10835000B1C78CBE893790BEAB3C953EF7BA823E22
:1083600006D3983EA55E8FBEEAF891BEF44B803EE0
:10837000FAA68ABE98628EBEA9248F3EE12E93BED5
:10838000DB5F89BEE9B092BED0D08DBEB1E296BEB1
:108390004F758CBE551588BED0BC79BE76F8BABE76
:1083A000BD68AFBD63D249BFFC24C73DC547A63EEB
:1083B000E45391BE74364FBEC33F1AC04A8745BFCF
:1083C0007501B2BD3FDD32BF8C5A59BDDA9FEDBE9B
:1083D0005A781FBEF13F213FC9CDB13D38FB7CBC6F
:1083E000B39DE63E396B09BF0A89D63C1AB89FBCDB
:1083F000D28A1CBE0CA4EABE0B524B3D6192653C76
:10840000443BFB3CA395533CFFBC763DDDC00EBC1A
:1084100050CAD3BC69239C3C17078B3C9678083E16
:10842000E312C13D2E3364BB19C2913D28582F3C45
:10843000C6D46C3DDFD7FF3BA30787BDD6B514BCC0
:108440007A2163BCEDB471BDA771823D985327BBFF
:10845000BB41EE3B9AACA83C49B18B3D2716FD3C95
:10846000C97BCEBC5FB4E1BC036FCD3CD691573C19
:1084700042CD4B3C683F553C9D1EE7BC97E04D3CD0
:108480008263CB3BA899F2BC1855BCBC7AB4DBBC68
:1084900006B8EB3CBC3BA63CC261CEBC2438963C43
:1084A000713F9E3CA7B4EEBCD4A2C63C27A6953C27
:1084B00094FB003D0DABB53C814C993CCC8CB13C60
:1084C0001C38BA40F3B2F7407458F94054F4D8401D
:1084D00029F65241B95F1F4101B14141D1B3F74083
:1084E0009B3054412DDD9041A0E4DD40D239104154
:1084F0006D7D03415A50C040617E04412618FF4003
:10850000BC781341EB500B4191B5E240D33FF040B2
:1085100068F30D41FC5EA940B426EB401804084105
:10852000FEECE040E025333E0827B8BECBF5C3BEE5
:108530002A29443EC74472BEA5313D3E83D66CBE57
:10854000BCCE333ED878A7BE2DA6663E5B42623EC7
:10855000F2F20E3EA279343EB65C463EFB31763EE8
:108560006F15BEBEF080523E75BB513EB37B143ECC
:10857000593172BE49B7303E2080553ED1A4533E9A
:10858000B7BB3C3E826356BEEF2D553EB86D5BBE19
:108590009DD06DBE8D18583E5BA96FBE5D2E353ED9
:1085A000BF11B7BECD3E213E92461B3E894269BEF9
:1085B00037FE493EF77967BED4AB7EBEFA9D513E89
:1085C00096432E3EAEBD3B3EC6FC403EF5BF4E3E02
:1085D000B38C513EE7DE383EB66666BE2795663EF2
:1085E000A8765B3E872686BED0D7513E8928943E2A
:1085F000942C10BEDAB5C0BDC25C30BE7761333D8D
:1086000093E424BEB18C9EBE748FD7BE138C5ABE29
:1086100066EBB33D59AC043D289F683E6CB4FABD8F
:1086200096A77ABD614D9FBE1A07E33E2EEE9E3D92
:1086300070E453BD89F7E6BE14CC033ECEF7ACBD63
:10864000DC6126BEFA52613E5BA8EDBE94F802BE24
:1086500049CF82BD012D2E3E9CD1E5BEE8409F3D15
:10866000C4C4823E55A4C33D460936BF31957EBE83
:108670004957563EC8C3483E78ECC33D7952F93E4F
:108680004434B8BE6D77953D584A35BBB00E633E55
:10869000AC44B1BDE8838CBD4017CABD7B3B52BE24
:1086A000F603C4BD1EE16B3E089AC2BEEEAE8F3C1F
:1086B0005A92A5BD483339BD70A51C3B799F3B3A02
:1086C0001DC5133DB72D013B7F6B873C40B6613D17
:1086D0008980743D00BBC83C5F4387BC4502D6BB64
:1086E000F072ECBCD019943C7E7C183C288C913DF7
:1086F000AB1682BD557197BCACCD0A3C780D533D8D
:108700002E6407BCDB9EB83B357EDA3C416417BD66
:108710004B2E1E3D0950C23C61AA513CE46C95BCF5
:108720006AAF503D959A50BC0184CABC93B6A3BCB5
:1087300024DF463D719A0C3DFA5ED8BCA5E49ABC94
:10874000AE44EDBB4C0586BD9BB89F3D128F17BC58
:108750009326B63AF2801EBDB3F6903CC00B6D3C3A
:10876000C6EE983CB47D383DBF8EBD3CAF9905BD8B
:108770008B4D8D3DC192AE3B75E88A3CD5DAA23C6B
:108780007B738ABCA4D0FEBCFF4FD03C21A6A4BC06
:108790007B89723CF22D96BC952B843C6E4DCEBCF1
:1087A000023EE13CE841D53CCB2DB23CC23FA63C69
:1087B00059CAA33C322B143D2DF6A7BC451C213DC4
:1087C0007E83B13CCBA08B3CFDDE9ABC19CA3D3CFC
:1087D0008B26AA3C9BA6B53CBE60A33B3FEF76BC74
:1087E0008E9BC73CE7A596BC222C4DBCCACCE03C76
:1087F0007C5D86BCFB88D03CA0E677BC1274C43C90
:108800001667993C2F6297BCEB171A3CCF6BA0BC44
:10881000FF23DABC6AF6803CF317833CEF66BA3C70
:108820001111CC3C47E7D83CA3C69D3CC38BC03C50
:10883000F6969BBC297C9F3C247EAA3CAAF593BC5F
:108840007D7BDA3CCDB7CA40C9971C416574B64000
:10885000766F9B40DFC8C6403A221D416C39CB4041
:108860005B94E9409FF7E3404F95A240A4A59C404C
:1088700026F4FA40E619DB40B0BFC4407CB58E4018
:10888000D42A0741688F7440D81CB34009FE0A41BE
:10889000E826EA4050163A41EA3BC4400F27B74069
:1088A00024E3404155CAFA4097A7AC40402FBF404F
:1088B0002E5423415B24A840FAEFF0403FE9944056
:1088C000E8D94641CE5BE340E0900241B4A7EB40DB
:1088D00076D55741EF5FCA40950FAE409B22E340EB
:1088E000793AD040B9D0B240D80EA24062779E40CB
:1088F00063E2AD4035999A4061EDD340C869DB40F1
:108900006A27B440B39AE4409CFA9D401DBB523E96
:10891000CDB14E3E7B2775BEE362393E68034C3EC7
:108920002510123E3DE6413E58308C3E00D96D3E4A
:1089300029F24C3E3438113EE531653E11D3DF3D1E
:10894000340A2F3EAB732B3E36AC963E4139883EFF
:10895000CF1C9E3E3F431C3E6A73173ED57D153E9D
:10896000B1F0EB3D04BA6ABE7873153E0115173EAF
:10897000A10E5FBE45D1793E10B0013E2231663E68
:108980004976023ED529133E910875BE7D7D35BEE0
:1089900071A52E3E9FD9073E2138313EE57D423EEE
:1089A000D446223E7FC7333EB8AE81BE5D17443EFB
:1089B000B0AF303EC2AB403E9ED8263E5230903ED5
:1089C000234EF23DB42F173ECB464DBE3602403EFD
:1089D0002188023E609A093E151F953E30F2373ECF
:1089E0009DFA4E3E0BE00B3EB707E43DFB3E2B3EAF
:1089F000D29A4ABE16F5293E5162263EABB3F23DED
:108A00000F4086BE0C206D3E66853C3E4F689CBE86
:108A100031073E3ED3848ABE24AE163E95F93A3ED7
:108A20001E056ABEB468023EE7BB4E3E402142BE10
:108A30001137033E39D90F3EFBA90C3E8FC0DC3DF8
:108A400053AE7CBE17AB2B3E87BB593E6B22393EE3
:108A5000A5B71D3EC3FC87BE304A6F3E8FBB063EA6
:108A60006A7B043E3E830E3E1CBA213E250B2D3E02
:108A7000D1B280BEE839143E19AD183ECD9F423EBA
:108A800070E8253E28E4253EF9BD003E8B1C62BE01
:108A90004701193E879EF63D983B033EEE8C0CBE87
:108AA00043C15ABE532B223D9C8844BE12F550BE92
:108AB000714714BDEEA47DBD5449D2BDFF5CDBBD42
:108AC0000FC04ABDB99CEDBDF0902ABE563081BDA5
:108AD000DC9B64BDBCAFC3BD12A7C6BD665313BE4D
:108AE000903CD4BDF02F12BD862389BED71320BE83
:108AF000C0F5ABBA0070033D5D9219BECC62E3BD18
:108B00000C3304BDEECD0EBE49FF0BBEE30C80BEA0
:108B100011D611BDF6C388BE6AA6A03C3903C6BDF6
:108B2000E0C907BE665F14BEA44BBFBC85795BBEBF
:108B30009E19EABD7A1754BEEFCC13BD98C81EBE6D
:108B40006CA227BE9093EFBCB9F06FBDC56E48BD57
:108B50006B67BCBD290492BED6EDCFBDC16544BED6
:108B600092432FBEB0E6C1BDA06DB5BC496DA0BD9E
:108B70007C281ABE146004BEAF6A33BE9087CEBD97
:108B800088C877BD37AA5ABD2A610EBECE4322BE21
:108B900063B710BD205CD9BDECEA23BE1EC3A1BCE7
:108BA000D6B5DFBC5871E4BD7E4743BD201ABFBDBA
:108BB000B3FB5C3DBBBBC0BD76CB50BC272F07BD14
:108BC00048C102BE3DBD03BE0CFE49BD6D4F3DBE5A
:108BD000D9377D3DA2C69EBD593A67BDC0C86ABEA1
:108BE0002077EDBC0A1EFE3DF0978BBC10D4AEBDC5
:108BF0002E9444BD4E66BCBC9E5C83BD458BA0BD1F
:108C000000F63FBDBBDC60BE769334BC731113BE6F
:108C1000E6534ABDB687E2BD642F2EBE7FA9D1BC04
:108C200035F43FBEF6B5DEBDEA683FBDDA7868BC14
:108C3000A5C9DA3CCB0CF5BC7BCA313D8EFDDD3CD1
:108C400068DEBF3B0451A53C0E008D3C69CDDBBB0B
:108C5000699E8ABC33B721BC88B28C3CF779CB3B88
:108C6000A1ADA4BCE0D2ADBA5D16A53A3B30A53C9F
:108C7000D1D9553C023FFEBCBB00FB3C4BB2173C7C
:108C8000319EA3BCA28C96BC386F0E3C3E58FEBBF6
:108C90006DF2943BD95D87BB7A251F3CC89C193D7A
:108CA0007093D2BB5239E23CDF3DB0BC5D45533CD2
:108CB0003B548A3A3252C1B996AF61BC438A803C78
:108CC0008A589F3923902F3D1A36323C9395CF3CDA
:108CD000213D5F3C4819CCBCF4F1EF3B78928EBC4F
:108CE000943B93BC0C8F223DF8E3B63C75B8513CE5
:108CF00067F2233C2A1027BC5965DBBC05B60ABCC9
:108D0000364BBFBA9E4BCCB9A965843B988DDBBB73
:108D1000E9A81D3CF303BABC1985EC3B764FB0398A
:108D2000AC7D41BB4ABB2BBB3198AE3C1E5F9EBBAA
:108D30002BACBBBC349E003DF70DCDBCAFD03BB9D6
:108D400054392BBD026F5ABC058762BC7E9D34BC72
:108D5000410891BBEC16D5BB863EC5BC4A2E5C3C97
:108D6000E65B2CBD4BE8C23B227590BCA85EE53C9F
:108D70000638A7BC707389BD8ED1C8BCA6A4DA3CE6
:108D800021BCFFBC7E2B92BCCF6F84BCCA8C07BCBD
:108D90008D7CAE3BA60B253C6D9C55BC1C1B763BCD
:108DA000BF379FBCE23E3E3CC802143C8A998A3AD7
:108DB000D478B23CB212DB3C526ABCBC95DDE63FD3
:108DC0003E100640DD1030400F8F19403DFF5E40E1
:108DD0004FFFF23F5B60A53F1B3CE73F65791A40C0
:108DE000ED4F124003BF6340E8D41940E3AF0840A1
:108DF000BFFA16406758EF3F1DFF1F40187F224003
:108E000045EEFF3F84222C400A784C4044E22D403E
:108E10000E35EA3F91CE4E403CC61140604337408C
:108E2000A1E71440EA75D43F6D0C294065024D401E
:108E300003CB0440A9838A40003017400F8A6B405F
:108E4000DA4F3E40FEDB35406B05D13FB5BBFB3F03
:108E50002F730740A25D19405DFDE53F958A0A40EA
:108E60002C94224029693140AA48D33F767D2C407A
:108E70008D994440D82D54409A2426402F56324094
:108E8000DAF22040F776824028BAE83FE20C284028
:108E900099CF10403D3435407AD663407113F93F85
:108EA000EA084040A4852440EBCE234041313640BF
:108EB0008CC60A4083B42A4048260140F1D7F13FCE
:108EC000C3A92A40D72B2B40AE784B4061460D40BA
:108ED0007E4C0C40BAF94240010AB43F6C453D401B
:108EE0002A0D5740CF3635405D7C3F40C97B294035
:108EF000DD5A13402693B93F532303404EC32F40FE
:108F00005119CD3FBFC30940B37B5D407B3ADB3F86
:108F10002DED4340FDC10340AB733D40E6E96040A9
:108F2000D8F62A40364F20400D86D13FC34021401D
:108F3000A5FF7B405C470340E02E2840EE0D1E401D
:108F40001FD31E4062470B40CD748840683CA23C52
:108F5000B2BD823C5A3D48BC1ABA6F3D6E3D4A3D97
:108F6000403D673DD9BB7D3DB63D3A3D523D8B3DD1
:108F7000773DA63D743D28BCAFBD8A3D633DBEBD77
:108F8000253CD2BA643DD4BB573DBDBD93BD613DC8
:108F9000333DDFBB183C803D2D3D00BE503D263D9E
:108FA000463D74BC6C3D5A3D453DC9BD193D753DBE
:108FB0002F3D893D1B3DCD3C633D333D8D3DA9BDDE
:108FC0003E3D3D3D923DDEBD5A3D983DD4BD4D3DBB
:108FD000AEBD453D4B3DC6BD303DFFBBB9BD593D66
:108FE0008B3D263D7A3DADBD7CBB753DA63CA03B8F
:108FF000B8BD553D80BB513DA3BB1F3D883D9ABDCB
:10900000B23C0ABB2B3D553D523D643DCBBD8A3D34
:109010000A3C333DB83DA53D18BDAD3D433D9B3DAC
:10902000C33D8A3D673D36BD29BD853DAA3D44BD52
:1090300038BD4F3D443D6F3D48BD8B3D50BD9D3DCE
:10904000D1BC70BD3BBD28BDAE3DC13D5B3DB03D1B
:1090500005BD14BD05BD3FBD70BDC03DC33D81BD57
:1090600062BD42BD47BD66BD1ABD973D4C3D58BD72
:1090700045BD00BD873D5FBD12BD823D3CBDA23DEB
:1090800067BD42BD70BD05BD51BD52BD4FBD31BDB7
:10909000673D6CBD07BD0ABDF3BC24BD47BD40BDE7
:1090A0004BBDB73D1BBD32BD65BD34BD63BD23BDEA
:1090B000C93D32BD983DB53D12BD263DB03D50BDC8
:1090C000B13D31BD263D04BDA73DBD3D833DE4BC62
:1090D0004ABD59BD25BD6FBDA53D19BD31BD94BE6D
:1090E000883D8E3E433CA23D703CA83B8A3C963C6A
:1090F0007DBDFEBC863CC73D623B51BC82BC41BCD1
:1091000034BCB83BFC3DDD3C903D8B3D04BD52BBC7
:109110008B3CE53B8D3D1B3D8F3C83BD1ABDF2BDB5
:10912000793DCC3C8D3D643D073E993D793D073D01
:1091300054BCFA3C3BBEFFBD643E723D493D003D20
:10914000F3BD8EBD8CBE3DBE143E123D82BD9EBEA3
:10915000C33DBDBE473CCEBC46BD703CE03C123E6C
:109160002BBE363D36BDCB3D0BBDA23C1CBD9EBDCE
:10917000D33D52BD4B3ECBBD263CC3BDD4BD77BD18
:109180005F3C813D833C50BA843DB8BD103E7BBD01
:109190005DBD8F3D0B3E3A3D983D9F3CB33C76BD57
:1091A0007CBD46BE1ABE253D0E3E9C3B783EB2BD00
:1091B000C83D1CBE09BE4DBEA43D863D383DAEBD7A
:1091C0009BBC293EB43C81BBC8BBC8BC5D3D8E3D49
:1091D00001BD613DA6BDCBBD4C3D633C4BBCBCBBA2
:1091E0001F3D0A3D973DC23DEBBC343D9DBD613DF9
:1091F000C73C47BDFB3D213D463C4FBD703C86BB57
:109200004A3B47BD023EB83D0C3EBD3DACBCDA3CDE
:109210001A3D7A3D4CBE3BBE4D3EC63DE73D233D2B
:10922000C9BDD7BD75BE3ABEE63B9A3DEFBD2BBE6C
:10923000A43D313EEC3C7A3BED3AB33CCE3C893D1B
:109240008C3CADBC5BBD7EBDF2BC81BC9FBD6ABD2C
:10925000363D0B3D903D9F3D3EBCD8BCC93CD03C0B
:109260008ABC013E9ABCC73DD23C4E3B9C3C89BD6A
:10927000A4BD9D3D863D39BCDD3DA43D913D553DA0
:10928000F4BD93BBD6BD02BEF33DB63D9E3C673DEB
:109290005DBD8BBD35BE2BBE563DA03D4BBDABBEAF
:1092A000CA3C24BEDA3B2BBD283D8DBC3F3D3C3D36
:1092B00005BD403DFBBDAABC263D26BD8339CA3C49
:1092C000313DBDBA983DAC3DCABDF93D5ABD07BA66
:1092D000693C473CC33A9B3D84BD5D3C9E3AB23CF1
:1092E000AEBBB4BCCC3D32BD3A3D423DFB3C833CC1
:1092F00074BD47BDC3BD35BD973D873DDC3D113DC8
:10930000193D9BBB46BE1ABE523CCF3D573CB4BD37
:10931000E2BA083E84BC1D3CE5BCA0BC583C7C3C89
:1093200031BD623D89BD423D853C2C3CD5BDB3BCC1
:10933000283D8CBCA03D46BB8A3B8F3CF53CA33D01
:10934000893C56BB4B3D91BC28BDBFBD9A3C00BE7D
:10935000F5BBCABC033ED23C1C3E973D713C883CE9
:1093600056BD0C3D1CBE1DBEAA3DE33D623D813D88
:1093700024BD52BD58BE19BE983CFF3D02BE4CBE36
:10938000B73DAA3D413D0E3D003C7EBCD53CACBB4B
:10939000F9BB0A3D8FBD2E3D813C8CBC7DBD94BD8B
:1093A000893D593D413DC53DC7BC09BD593CA13A28
:1093B000B53BBF3D07BE37BC4C3D2BBDF03C343DFB
:1093C000A3389F3DA83D993B2E3EA23DA63C8E3D35
:1093D00013BE143C06BEDDBD1D3EDB3D8F3D093D89
:1093E000A7BD61BD3FBE02BE28BB543D28BD45BEE2
:1093F000DF3CCBBC8C39253DA63C47BCCC3CD23CA9
:10940000093D243DF7BD69BD223DCABBA0BCE5BCFA
:109410003C3D943D653D033E67BDE43C2ABDD5BB64
:10942000643CC9BCA1BCF63C40BDF73C1F3D073DB8
:1094300074BB7ABDB33DCF3BF23D6B3D803C333CCA
:10944000AFBD88BDE8BD73BD5D3DFB3CD63D6A3C0C
:10945000CC3CCC3A49BEF3BD3E3D8D3D07BDF8BD89
:10946000A4BC333DCDBA88BC25BC8A3C9BBBD53A55
:1094700091BD07BC82BDAEBD213D463D91BC50BDF6
:10948000A6BA933CFE3CF83D2BBD90BCBA3C993B40
:10949000EF3CDA3C66BDF2BC90BCBFBD8B3D89BCE5
:1094A000C8BC2BBC253EBD39E63D613D4C3BBA3DB9
:1094B00099BD703C02BE16BEE63D0D3E083D8A3D9C
:1094C000BBBC3FBD3BBEFEBD39BCB13DDADCD240CA
:1094D0002327114087981D400FA42C3D2ED0443DDA
:1094E0004DC1593D9FFB6D3D15842B3DC53C043856
:1094F00058802738ACA48038E797F7389FA1F43715
:10950000503D1C41AF223441BBCB4B41A4196A41B1
:10951000BC731741241BD44090ABF840536D1741E6
:1095200003A933417038C140F7E41D40BA772640A3
:1095300012012F40C05E3540A2B01540D204EA406F
:10954000C0A225405DEE7E400BE43D3D8E79513D4D
:10955000DE75723D30AD843D1EB43C3D33BD1738E1
:1095600037FA4238B47C803859DEFB3895C2093866
:1095700000D12D419EB24A41B3DB6641004587418F
:10958000E7032741C411CF40DFACF040C9360F419B
:10959000153A2C41DF54BC40928F2240C6852A40A8
:1095A000046E3240EB9B3A4044791A400CF5CC40B3
:1095B00077621240057A2E407941173D1A0F213DFE
:1095C0001FE6333DE15A523DB6EA153D35D5163812
:1095D000B1FB30384D9C86381CCDC138BC930D385A
:1095E000BDBC1D41CE953541FA104E4198067141E2
:1095F00058B81641C8FDC140FC65E24090BB094126
:10960000D5302441EAE4AE40E1681E4037EB264005
:1096100000F42F40C426384006A015402963BB4003
:10962000899D05408AC53C400E63053DB62D273D0A
:10963000CAB93F3D68D25A3DEC81033D4D21E53723
:1096400029B711387AEB6538925AB7381365C6379F
:10965000DEB41D410ACF35414A0E4C41EADC684177
:1096600013051841F2FDCE40156DF4408698154162
:1096700060A1314131E7BA409BCD1C409CF02540B0
:10968000359E2E40EC2C3540DB8214403275D140A3
:109690003C682440269485403DFD2E3DBECB3B3D9D
:1096A0008254533D82EC7B3D17CE2D3D3FF8E03791
:1096B000C3DC183838B26C38E0060539C93DC53707
:1096C000609E3141F8C64E41F39E694195DA86416C
:1096D0000B592941D4E3CE406FFEEF4008E90E411B
:1096E00036552A416A3DBC40654221407C032940F1
:1096F0000C303140423C394069471940869FB340A5
:10970000902F0740C0E31C40D3F2E13CDCCE033D88
:1097100049162A3D93033F3D0F4EDE3C38DE1E388E
:10972000B3D34138113A8F381F14C3384ADE143886
:10973000018B184173793041170C4E41025571412C
:109740007DBF124144EAC24020E3E44006EF0941F4
:10975000321925412C1EB040193E1E4029EA2640F0
:109760003C3C2F40C54A3740D3D01540A0F6CA40F4
:10977000B74F1140AC0E6340AC700F3D52F8193D2D
:10978000D3462F3D97C0593D2BD10D3D5000F837A2
:10979000A4371938DE277338A940AC38763EE43751
:1097A00051FD1D419D2A3241907F474188A066416D
:1097B000FFF1174193F7CA4024FCEF40FEA113418B
:1097C000615E3241BD58B64066811B40A47424409E
:1097D000241A2D404634344000C71240C867D24096
:1097E00024A72340C05D9840D5D1403D568D4A3DC9
:1097F0001FA75E3D1C61813D84BC3F3DA620103803
:10980000944A4738E1518838513EC838343BEB37E9
:10981000A73E2D4169224B415D6A664125A98541DC
:109820004D9C21410A36CD408475EE4018910E4181
:10983000FAF629419CC3BB4077692140C3BD29404A
:10984000E76A314092103940B06619403F98BB40FA
:10985000F1C80C409CD02440C3A3E03CC9D4003DD7
:1098600088851D3DCC20453DB3F0DC3CA1810E3800
:10987000268E3438F34983382534BE383CE2063826
:10988000964C1B41BCEF35419FBA4D4189226D4139
:109890003DBD1441D796C2402B19E440B641084162
:1098A000120D2241677AB04018B81E40BBD1264045
:1098B0001D762E408A3B36403813164000A44140A6
:1098C000684E673F23C1533F31E9C83BD312F33B96
:1098D000B53B143C09083E3CC3F2BD3BF9608937F7
:1098E0001E12A03759DFCB37C4B704381A1D7F3793
:1098F000001F1C4000BA49408092814000B8A94036
:1099000000D80B4080418F4000D1B640009BE8401A
:10991000007E0A410094674000C8044000E40F4004
:1099200000F2194000F020400028F23F0014584097
:10993000D32E873F5771903F7D2EEE3BC559113C8A
:10994000059F313CA27B5F3C59EEE03B1FF08B371B
:10995000A286A537382CD637C9111B3891EF7C3732
:1099600000FE3A40006C7740003F9F4000BED4406C
:10997000001024408049894000A9AD408092D94020
:1099800000B4054100485E4000980A4000D61540EA
:10999000001B204000C029400010FC3F00983F40C1
:1099A0000C6D633F5751573F1E4FBF3B7553E53B0F
:1099B000497E0D3C64DA3B3C9992B23B86508F372E
:1099C000889AA63747FFD3370D5D0B387C9E8437C6
:1099D00000491F4000384E4000D2844000EAB040A9
:1099E00000F80B4000166F40005E9740009AC1409F
:1099F00000D8EA4000544340008F004000840B40F0
:109A000000CB154000801E4000E8E83F00903D403C
:109A1000777D603F8374673F4F82B63B00A8E73B8A
:109A2000FE9B0E3C94DE383CC4E5AA3B604685377D
:109A300097609837A2B2BC370379F437C1107437F6
:109A4000002F1E4000F44C40006882400060A94096
:109A500000D40C4080138B400018B2400024E34037
:109A6000008D074100085F400091024000C60D4094
:109A700000C3174000CC1E400010EE3F00CC514008
:109A8000D0D0863F546A8A3FFE01E43B9CA1073C4C
:109A90005577243C85FE593C6818D73B10298837F8
:109AA0005253A237B364D237D9D51538321075372F
:109AB00000844240008A7E400025A4400088D540B2
:109AC0000054294000F2864000F8AA40808FD74019
:109AD00000F5034100B05C4000AC094000AE14400A
:109AE00000321F40009828400080FA3F00C83840EC
:109AF0004FD6583F73434D3F7781AB3B42DDD53B5B
:109B00001121083C65E62F3C766AA03BF73290377E
:109B100084DBA9370A9DD937E25D0E38B7868337D3
:109B20000057184000DC484000D485400094B04005
:109B300000BC064000B26B40007E9640804CBF40A7
:109B40000062EA4000443E400032004000420B40C8
:109B500000FC1440008C1D400010E83F00504740BE
:109B60004062673F84F07B3FD4FBBD3B38BDDD3BAB
:109B70009BCA073C31A03C3C04C5B23BC62E85378E
:109B80006D4A9737CC4FB9378438E737A56F7937A7
:109B900000761C4000EA444000A4794000A4A6409E
:109BA00000C00B4080668B40001EB240808EE240B9
:109BB000007E084100185F4000120340000A0E407A
:109BC00000D1174000541F4000A0ED3F00E052407C
:109BD0004BDD843F2370933F8CFBF63BF33B0D3C06
:109BE000305A2A3C77FB643C2631EC3B932E8A3773
:109BF00007D4A1372D53D437070310382C457837B5
:109C000000993D400050784000D29F400074D240FF
:109C100000481F4080B486400088AA4080A6D640F5
:109C200000C2024100745C40000B0A4000781540FD
:109C300000571F40008C28400010FB3F0084344038
:109C400038BF5A3FD2EA4F3F212CAA3B090AD33BE7
:109C5000A89C063C6A35333CC2499D3BDD588C3795
:109C6000A3D9A33797DDCF37EA660638C7F7813720
:109C700000031C40005A4D4000D682400096A94087
:109C800000740940009C674000EC9240001EB940FF
:109C90000042E04000B43C400044FD3F0028094041
:0C9CA000005E124000681A400048E53FDA
:089CAC0044D2FF7F010000001B
:109CB40024760110307601103C76011048760110AC
:109CC40054760110607601106C760110CC76011088
:109CD400034600B50268EFF3108C72B6D2E8CFEFFA
:109CE4000120BEF1000FF9D1C2E84E0FBEF1000F02
:109CF400F4D1BFF35F8F93F90420002A09DB01B18B
:109D04000A60002000221B68C3E88F2F8CF31088A0
:109D140000BD4FF05042126801201A71F2E700BFF3
:109D24004FF050412DE9F8431F460B680446164690
:109D340000259946DFF874802368EFF3108272B629
:109D4400D3E8CF0F01210028FAD1C3E8401F00282F
:109D5400F6D1BFF35F8F94F904302168002B1BDB2D
:109D640098F80030DBB2C1E88F5F82F3108898F86E
:109D740000209A4208D03046394602F061F80028A3
:109D8400DAD00020BDE8F88320BF3046394602F01F
:109D940057F80028D0D0F4E7002384F80490C1E8F1
:109DA4008F3F82F310880120BDE8F88322750020DC
:109DB40070B582B001A9064614461D46FFF788FF18
:109DC40038B94FF050439DF9042093F900309A427A
:109DD40001D102B070BD22462B46304602B0BDE828
:109DE4007040FFF79DBF00BF70B505460C4602F0FA
:109DF4001BF802460B464FF47A704FF0FF3E6FF0AB
:109E0400004CE4FB002396457CEB030138BF72460B
:109E14002846BDE8704038BF6346FFF781BF00BFE6
:109E24000368EFF3108172B6D3E8CFCF0122BCF1FF
:109E3400000FF9D1C3E84C2FBCF1000FF4D1BFF3EC
:109E44005F8F4FF0FF0C074A80F804C0137801338A
:109E5400137000230268C2E88F3F81F3108840BF6B
:109E6400704700BF22750020002108B5134B4FF442
:109E7400707299601248D960196159619961D96108
:109E8400196259629962D962196359639963D963F2
:109E9400196459649964D964196559659965D965D2
:109EA400196659669966D966196759679967D967B2
:109EB40001F0F6FE034B044A1A6008BD000010507E
:109EC40004540020A0600020800110502DE9F047C8
:109ED4001E4B84B0D3F858A0BAF1000F21D000244F
:109EE40001254FF4E069DFF86C80194F05E0013477
:109EF400E4B2202C4FEA450513D01AEA050FF6D038
:109F0400E34304F0FE0603F001031E4407EB461688
:109F14003046C8F8585000F001FC28B93AEA050A5E
:109F2400E5D104B0BDE8F087B378F28A8DF8083043
:109F3400002301A80121ADF8049003928DF80930A3
:109F440000F00AFC304600F08DFBE7E700001150FA
:109F5400C45300200030115070B5B24B86B0D3F812
:109F6400984014F4003574D0AF4AB04B906A93F81B
:109F74003B20AF49022A086000F0E680002593F8F0
:109F84007B20022A00F0B28193F8BB20022A00F061
:109F9400A28193F8FB20022A00F0928193F83B21DE
:109FA400022A00F0818193F87B21022A00F071815A
:109FB40093F8BB21022A00F0618193F8FB21022A65
:109FC40000F0508193F83B22022A00F03F8193F87D
:109FD4007B22022A00F01A8193F8BB22022A00F0A5
:109FE400098193F8FB22022A00F0F88093F83B23BE
:109FF400022A00F0E78093F87B23022A00F0B7805E
:10A0040093F8BB23022A00F07C8193F8FB23022AF5
:10A0140000F0C7803DB9874B1B7823B94FF4003259
:10A02400854BC3F890204FF440727E4B01219B6C0A
:10A0340003A8C3F30A030493ADF80C2000F08CFBCF
:10A04400E3064FF400357D4E07D5FFF73FFF354655
:10A0540003E0E3064FF01006F7D4E0031DD5734880
:10A064000226837E45F4803533BB4FF00103012E75
:10A07400C37000F120001BD14FF4C062704BADF8E7
:10A084000C2093E80300CDE90401314603A800F055
:10A0940063FB4FF40032684B1A65E1043ED462045A
:10A0A4002ED423041DD4A54240F0BB8106B070BD5C
:10A0B400837E0126002BD8D0624B5A4A1E66536E0B
:10A0C40036EA0303FBD14FF440520021019000F023
:10A0D400CFFA019800F0C6FA574B01985E661E66E7
:10A0E400C3E74FF4A063012103A8ADF80C3000F0DE
:10A0F40033FB4FF40062504B45F400451A65D2E738
:10A104004FF48063012103A8ADF80C3000F024FB68
:10A114001022494B45F480451A65C2E70026414B9D
:10A1240045F480551E60FFF79FFE4FF480730121B4
:10A1340003A8ADF80C308DF8106000F00DFB4FF45F
:10A1440000223D4B1A65AAE793F83A50002D3FF4DC
:10A1540016AF93F83C20002A3FF411AF002203F11C
:10A16400200083F83C2000F0A7FA304B07E793F86F
:10A174007A63002E3FF444AF93F87C23002A40F026
:10A18400408193F8BB23022A40F0C48093F8BA2399
:10A19400002A40F0BB8093F8FB23022A7FF443AFEC
:10A1A400354693F8FA23002A3FF434AF93F8FC239E
:10A1B400002A3FF438AF0022234883F8FC2300F040
:10A1C4007BFA30E793F83A63002E3FF414AF93F828
:10A1D4003C23002A40F0A98035460CE793F8FA6244
:10A1E400002E3FF403AF93F8FC22002A40F0AF8026
:10A1F4003546FBE693F8BA62002E3FF4F2AE93F8CC
:10A20400BC22002A40F09A803546EAE693F87A6246
:10A21400002E3FF4E1AE93F87C22002A40F0CD807A
:10A224003546D9E60000115000000B40C45300200D
:10A23400AC5300201D7500200030115010000200A6
:10A244000000105000201150A457002093F83A62E7
:10A25400002E3FF4BCAE93F83C22002A40F0A480C8
:10A264003546B4E693F8FA61002E3FF4ABAE93F8AA
:10A27400FC21002A40F08F803546A3E693F8BA61AA
:10A28400002E3FF49AAE93F8BC21002A7AD13546C9
:10A2940093E693F87A61002E3FF48AAE93F87C211A
:10A2A400002A66D1354683E693F83A61002E3FF4DE
:10A2B4007AAE93F83C21002A40F09180354672E64C
:10A2C40093F8FA60002E3FF469AE93F8FC20002A5C
:10A2D4007CD1354662E693F8BA60002E3FF459AE5D
:10A2E40093F8BC20002A3BD1354652E693F87A60B5
:10A2F400002E3FF449AE93F87C20002A78D13546ED
:10A3040042E693F8BA23002A3FF47FAE93F8BC23C5
:10A31400002A7ED193F8FB23022A7FF484AE93F8BB
:10A32400FA23002A3FF47FAE40E700223F4883F837
:10A334003C23354600F0C0F93D4B5CE600223D4825
:10A3440083F8BC22354600F0B7F9394B49E60022C0
:10A35400394883F8FC22354600F0AEF9344B45E623
:10A364000022364883F8BC20354600F0A5F9304B6E
:10A374000FE60022324883F87C21354600F09CF930
:10A384002B4B15E600222F4883F8BC21354600F0FC
:10A3940093F9274B11E600222B4883F8FC2135461C
:10A3A40000F08AF9224B0DE60022284883F83C226B
:10A3B400354600F081F91E4B09E60022244883F853
:10A3C4007C22354600F078F9194B05E60022214835
:10A3D40083F8FC20354600F06FF9154BDEE50022CA
:10A3E4001D4883F83C21354600F066F9104BDAE548
:10A3F40000221A4883F87C20354600F05DF90C4BA6
:10A40400C2E50022164883F87C2300F055F9084B76
:10A41400B7E60022134883F8BC2300F04DF9044B3F
:10A4240078E7114885EA040101F00EFDE4560020A6
:10A43400C453002064560020A45600206454002015
:10A444002455002064550020A4550020E455002024
:10A4540024560020A4540020E45400202454002056
:10A464002457002064570020747401102DE9F04330
:10A47400828AB0F818E003469645C07828BF96460D
:10A48400041E18BF012480F001000D46A2EB0E0249
:10A494005978D87092B24EF480609A8240EA44307F
:10A4A400A1BB1969BEF1000F2CD00EF1FF34DA689C
:10A4B400052CA14602EB85182FD9A8EB0104013C19
:10A4C400022CC4460A4628D94FEA9E0701EB8706A8
:10A4D40052F8044B96424CF8044BF9D1BEEB870F6B
:10A4E4000ED011F82720B9EB870108F8272008EBD4
:10A4F400870205D074780129547001D0B178917025
:10A5040019699A8A7144196140F400400AB940F407
:10A51400804005B10004BDE8F08308F1FF3201EB8F
:10A524000E0611F8014BB14202F8014FF9D1E7E7E9
:10A5340083682DE9F0410546186801B1000C6A787A
:10A54400C0F309004AB9EB8A0344EB822B8B8342A4
:10A5540084BF0023AB82BDE8F081D5F810C088B376
:10A56400421EEB68052A164603EB811E31D9890188
:10A574004C1C1C44ACEB0404022C624629D900F4A4
:10A584007F7173460F464FEA90085C1853F8041B1A
:10A59400A34242F8041BF9D1B84211D01EF8283066
:10A5A400BE440CF82830F31BBC4409D09EF80120AB
:10A5B400012B8CF8012003D09EF802308CF8023075
:10A5C400D5F810C0EA8A0CEB00030244EA822B613E
:10A5D400BCE70CF1FF3C0EEB00021EF8013B724598
:10A5E4000CF8013FF9D1EBE710B50446836800216C
:10A5F4001B68FFF79DFF63681B685B0002D5238B14
:10A60400834200D010BD2046BDE810400121FFF771
:10A614008FBF00BF084B1B6C13F0020302D182787A
:10A62400D20901D100207047C07EA0F10200B0FA27
:10A6340080F04009704700BF0000115008B5FFF7D3
:10A64400E9FF50B1054A064B906A1B68A0F54870B3
:10A65400C01AC6288CBF0020012008BD00000B4092
:10A66400AC5300200023C0E904338376704700BF55
:10A6740008B5836819B1D3F800C001EA0C018AB1A6
:10A68400114352050ED51A6852050DD4084A21F417
:10A69400806CC3F800C0126C920703D40C23033BF4
:10A6A400FDD28368196008BD8178024801F0CCFBB3
:10A6B400000011508874011030B54368002183B044
:10A6C40005461C68FFF7D2FE134B40F48052196C08
:10A6D400AB7889070ED55B060ED024F0A04444F075
:10A6E4000054002128466B681C6003B0BDE830406C
:10A6F400FFF7BEBFDB09F0D0AB8A002BEDD0012100
:10A7040028460192FFF7B2FE019A24F00054024356
:10A7140044F0A044E5E700BF0000115038B5857E41
:10A72400044695B1FFF760FFA38A0BB9284638BDEC
:10A734002046FFF783FF20B1012323770025284615
:10A7440038BD2046FFF7B8FFF8E78178014801F0EB
:10A754007BFB00BFA874011070B543780446023B2C
:10A764000E4686B0042B13D8DFE803F00349677064
:10A7740044000021774B1A7822F001021A701A78EB
:10A7840022F002021A7059701A7861F382021A7068
:10A79400714B1B685A69EFF3108072B6D2E8CFCFC1
:10A7A4000121BCF1000FF9D1C2E84C1FBCF1000F2C
:10A7B400F4D1BFF35F8F214698611846019301F0ED
:10A7C4003BFB019B00225969C1E88F2F9B6983F3EE
:10A7D400108840B94FF0E023D3F8F03DDB0707D5EC
:10A7E40000BE06B070BD32466178207801F018FBD7
:10A7F40006B070BD594A137801331370C8E70022BC
:10A80400574B1878134611E05649096811EB431366
:10A8140008D0DB6933B12078616801929847504BC6
:10A82400019A18780132D3B2834218D89842EBD8EF
:10A834004D491B1A01EB4313EBE7464B1A78D20739
:10A84400D6D51A7842F004021A70A1E7414B1A785F
:10A85400D507CDD51A7822F004021A7098E73D4B3B
:10A864001A78500733D4DB78DA07C1D503223A4B80
:10A87400207861681B688DF80C008DF80D205A69EA
:10A884000491EFF3108172B6D2E8CF4F0120002C6F
:10A89400FAD1C2E8440F002CF6D1BFF35F8F99615F
:10A8A400184603A9019301F0C7FA019B00225969D4
:10A8B400C1E88F2F9B6983F3108800288AD0324621
:10A8C4009DF80D109DF80C0001F0AAFA90E7002500
:10A8D40005201978CDE9045521F004010395197078
:10A8E4008DF80D001C4A217812688DF80C105169FE
:10A8F400EFF3108072B6D1E8CFEF5FF0010CBEF138
:10A90400000FF8D1C1E84ECFBEF1000FF3D1BFF371
:10A914005F8F906103A91046019201F08DFA019AAC
:10A924005169C1E88F5F926982F31088094B38B985
:10A934004FF0E022D2F8F02DD10794D500BE92E773
:10A9440032469DF80D109DF80C0001F069FA014B98
:10A9540089E700BFC0500020185100201E75002058
:10A964001C750020B84F00204478011084466AB357
:10A97400013900B502EB010EDCF80C309B07FBD566
:10A9840011F8013F7145CCF80830F5D1DCF80C30F2
:10A99400580705D5DCF80830DCF80C305807F9D432
:10A9A400DCF80C30D90606D5DCF80C30D906F7D41F
:10A9B40001E0DCF80830DCF80C305B07F9D4012343
:10A9C4001046CCF8203000BDDCF80830DCF80C3040
:10A9D4005807F9D4DCF80C30D90606D5DCF80C306D
:10A9E400D906F7D401E0DCF80830DCF80C305B075A
:10A9F400F9D401231046CCF82030704730B50D4609
:10AA040019469E46E1B1A3B1D0F80CC003F1080485
:10AA14001CF0020F03D0A14226D28560013BC4681A
:10AA24006407F0D58468013902F8014B0029EAD1A2
:10AA340006E0C4686407F5D4C4686407F2D4F8E790
:10AA44004BB1C2689107FCD513F1080F05D0013B47
:10AA54008560002BF5D1704630BDC2689207F0D5F1
:10AA6400C2689207F9D4ECE7C4686407DAD4CBE788
:10AA740030B50C4619469E46F1B1B3B1D0F80CC0BE
:10AA840003F108051CF0020F05D0A9422CD234F8BA
:10AA9400025B013B8560C5686D07EED585680139A9
:10AAA40022F8025B0029E8D106E0C5686D07F5D4F9
:10AAB400C5686D07F2D4F8E76BB1C2689107FCD59D
:10AAC40013F1080F09D0214631F8022B013B0C4643
:10AAD4008260002BF1D1704630BDC2689207ECD57C
:10AAE400C2689207F9D4E8E7C5686D07D6D4C5E70C
:10AAF40084466AB3023900B501EB420EDCF80C302F
:10AB04009B07FBD531F8023F8E45CCF80830F5D1D0
:10AB1400DCF80C30580705D5DCF80830DCF80C30CC
:10AB24005807F9D4DCF80C30D90606D5DCF80C301B
:10AB3400D906F7D401E0DCF80830DCF80C305B0708
:10AB4400F9D401231046CCF8203000BDDCF80830DD
:10AB5400DCF80C305807F9D4DCF80C30D90606D5EB
:10AB6400DCF80C30D906F7D401E0DCF80830DCF866
:10AB74000C305B07F9D401231046CCF82030704721
:10AB840030B50D4619469E46E1B1A3B1D0F80CC0CC
:10AB940003F108041CF0020F03D0A14226D2856001
:10ABA400013BC4686407F0D58468013922F8024B7C
:10ABB4000029EAD106E0C4686407F5D4C4686407D0
:10ABC400F2D4F8E74BB1C2689107FCD513F1080F32
:10ABD40005D0013B8560002BF5D1704630BDC268BD
:10ABE4009207F0D5C2689207F9D4ECE7C468640709
:10ABF400DAD4CBE70A1E38B5C2F30A55A8BF4FF022
:10AC0400010EC2F31302B8BF4FF0FF3EA5F2FF3CA2
:10AC140042F48012BCF1130F0CDCBCF1000F21DBF9
:10AC24004FF40023CCF1140143FA0CF3134423FA38
:10AC340001F213E0BCF11E0F1BD8A5F213454FF02F
:10AC44000041E9404318CCF1340128BF0132CB4024
:10AC5400AA401343BCF1140F18BF1A4602FB0EFEA0
:10AC6400704638BDBCF1FF3F18BF4FF0000E704670
:10AC740038BD01F0DDF88646704638BD00B52DEDCF
:10AC8400028B08EE100A83B000F024F8B4EE488A70
:10AC9400F1EE10FA06D6DFED0E7AB4EEE78AF1EEA5
:10ACA40010FA03D403B0BDEC028B00BDCDED017AE4
:10ACB40001F0B2F8DDED017A03462122C7EEA77A4E
:10ACC4001A6017EE900A03B0BDEC028B00BD00BF02
:10ACD4000000000007EE900AF1EEE77A17EE900A02
:10ACE400704700BF38B505460C4600F037F808B980
:10ACF400204638BD204600F031F868B107EE104A0E
:10AD040007EE905AF4EEC77AF1EE10FA77FE877ADE
:10AD140017EE904A204638BD2C46204638BD00BF69
:10AD240038B505460C4600F019F808B9204638BD78
:10AD3400204600F013F868B107EE104A07EE905A67
:10AD4400B4EEE77AF1EE10FA77FE877A17EE904ABE
:10AD5400204638BD2C46204638BD00BF30F00040A8
:10AD64000ED0A0F50003B3F1FE4F0DD3421E074BE6
:10AD74009A4207D9A0F1FF40B0FA80F04009704729
:10AD8400022070470320704704207047FEFF7F00B5
:10AD940081F0004102E000BF83F0004330B54FEA88
:10ADA40041044FEA430594EA050F08BF90EA020FF5
:10ADB4001FBF54EA000C55EA020C7FEA645C7FEA88
:10ADC400655C00F0E2804FEA5454D4EB5555B8BFAB
:10ADD4006D420CDD2C4480EA020281EA030382EA1C
:10ADE400000083EA010180EA020281EA0303362DAE
:10ADF40088BF30BD11F0004F4FEA01314FF4801C81
:10AE04004CEA113102D0404261EB410113F0004F92
:10AE14004FEA03334CEA133302D0524263EB430349
:10AE240094EA050F00F0A780A4F10104D5F1200EE7
:10AE34000DDB02FA0EFC22FA05F2801841F1000142
:10AE440003FA0EF2801843FA05F359410EE0A5F116
:10AE540020050EF1200E012A03FA0EFC28BF4CF047
:10AE6400020C43FA05F3C01851EBE37101F00045FD
:10AE740007D54FF0000EDCF1000C7EEB00006EEB0A
:10AE84000101B1F5801F1BD3B1F5001F0CD3490894
:10AE94005FEA30004FEA3C0C04F101044FEA4452EB
:10AEA40012F5800F80F09A80BCF1004F08BF5FEA72
:10AEB400500C50F1000041EB045141EA050130BD52
:10AEC4005FEA4C0C404141EB0101013C28BFB1F564
:10AED400801FE9D291F0000F04BF01460020B1FAAF
:10AEE40081F308BF2033A3F10B03B3F120020CDA82
:10AEF4000C3208DD02F1140CC2F10C0201FA0CF060
:10AF040021FA02F10CE002F11402D8BFC2F1200CC4
:10AF140001FA02F120FA0CFCDCBF41EA0C0190407A
:10AF2400E41AA2BF01EB0451294330BD6FEA0404C3
:10AF34001F3C1CDA0C340EDC04F11404C4F12002AE
:10AF440020FA04F001FA02F340EA030021FA04F3C0
:10AF540045EA030130BDC4F10C04C4F1200220FA17
:10AF640002F001FA04F340EA0300294630BD21FA55
:10AF740004F0294630BD94F0000F83F4801306BF1B
:10AF840081F480110134013D4EE77FEA645C18BF0F
:10AF94007FEA655C29D094EA050F08BF90EA020FA6
:10AFA40005D054EA000C04BF1946104630BD91EA9E
:10AFB400030F1EBF0021002030BD5FEA545C05D1A1
:10AFC4004000494128BF41F0004130BD14F58004E0
:10AFD4003CBF01F5801130BD01F0004545F0FE4154
:10AFE40041F470014FF0000030BD7FEA645C1ABF89
:10AFF400194610467FEA655C1CBF0B46024650EAC0
:10B00400013406BF52EA033591EA030F41F40021EB
:10B0140030BD00BF90F0000F04BF0021704730B571
:10B024004FF4806404F132044FF000054FF0000146
:10B0340050E700BF90F0000F04BF0021704730B507
:10B044004FF4806404F1320410F0004548BF4042DC
:10B054004FF000013EE700BF42004FEAE2014FEA31
:10B0640031014FEA02701FBF12F07F4393F07F4F0C
:10B0740081F06051704732F07F4208BF704793F00F
:10B084007F4F04BF41F40021704730B54FF4607422
:10B0940001F0004521F000411CE700BF50EA010225
:10B0A40008BF704730B54FF000050AE050EA0102CE
:10B0B40008BF704730B511F0004502D5404261EB3E
:10B0C40041014FF4806404F132045FEA915C3FF47F
:10B0D400D8AE4FF003025FEADC0C18BF03325FEA1C
:10B0E400DC0C18BF033202EBDC02C2F1200300FACD
:10B0F40003FC20FA02F001FA03FE40EA0E0021FAF2
:10B1040002F11444BDE600BF80F0004002E000BF3D
:10B1140081F0004142001FBF5FEA410392EA030F3E
:10B124007FEA226C7FEA236C6AD04FEA1262D2EB88
:10B134001363C1BFD218414048404140B8BF5B428D
:10B14400192B88BF704710F0004F40F4000020F026
:10B154007F4018BF404211F0004F41F4000121F03C
:10B164007F4118BF494292EA030F3FD0A2F1010286
:10B1740041FA03FC10EB0C00C3F1200301FA03F1C4
:10B1840000F0004302D5494260EB4000B0F5000FE7
:10B1940013D3B0F1807F06D340084FEA310102F1A6
:10B1A4000102FE2A51D2B1F1004F40EBC25008BF58
:10B1B40020F0010040EA03007047490040EB000022
:10B1C400013A28BFB0F5000FEDD2B0FA80FCACF123
:10B1D400080CB2EB0C0200FA0CF0AABF00EBC25050
:10B1E40052421843BCBFD0401843704792F0000F3E
:10B1F40081F4000106BF80F400000132013BB5E791
:10B204004FEA41037FEA226C18BF7FEA236C21D006
:10B2140092EA030F04D092F0000F08BF084670476B
:10B2240090EA010F1CBF0020704712F07F4F04D139
:10B23400400028BF40F00040704712F100723CBF4C
:10B2440000F50000704700F0004343F0FE4040F476
:10B25400000070477FEA226216BF08467FEA236334
:10B264000146420206BF5FEA412390EA010F40F41F
:10B27400800070474FF0000304E000BF10F000436B
:10B2840048BF40425FEA000C08BF704743F0964352
:10B2940001464FF000001CE050EA010208BF70476D
:10B2A4004FF000030AE000BF50EA010208BF7047F4
:10B2B40011F0004302D5404261EB41015FEA010C09
:10B2C40002BF84460146002043F0B64308BFA3F101
:10B2D4008053A3F50003BCFA8CF2083AA3EBC253E3
:10B2E40010DB01FA02FC634400FA02FCC2F1200202
:10B2F400BCF1004F20FA02F243EB020008BF20F039
:10B304000100704702F1200201FA02FCC2F120029E
:10B3140050EA4C0021FA02F243EB020008BF20EA93
:10B32400DC7070474FF0FF0C1CEAD0521EBF1CEAC1
:10B33400D15392EA0C0F93EA0C0F6FD01A4480EAAF
:10B34400010C400218BF5FEA41211ED04FF0006398
:10B3540043EA501043EA5111A0FB01310CF00040C4
:10B36400B1F5000F3EBF490041EAD3715B0040EAEA
:10B37400010062F17F02FD2A1DD8B3F1004F40EBBA
:10B38400C25008BF20F00100704790F0000F0CF08D
:10B39400004C08BF49024CEA502040EA51207F3A51
:10B3A400C2BFD2F1FF0340EAC250704740F400002C
:10B3B4004FF00003013A5DDC12F1190FDCBF00F01D
:10B3C40000407047C2F10002410021FA02F1C2F1CB
:10B3D400200200FA02FC5FEA310040F1000053EA67
:10B3E4004C0308BF20EADC70704792F0000F00F0B5
:10B3F400004C02BF400010F4000F013AF9D040EABB
:10B404000C0093F0000F01F0004C02BF490011F44E
:10B41400000F013BF9D041EA0C018FE70CEAD1534C
:10B4240092EA0C0F18BF93EA0C0F0AD030F0004CCC
:10B4340018BF31F0004CD8D180EA010000F0004080
:10B44400704790F0000F17BF90F0004F084691F03E
:10B45400000F91F0004F14D092EA0C0F01D1420278
:10B464000FD193EA0C0F03D14B0218BF084608D141
:10B4740080EA010000F0004040F0FE4040F400008B
:10B48400704740F0FE4040F4400070474FF0FF0C1E
:10B494001CEAD0521EBF1CEAD15392EA0C0F93EA65
:10B4A4000C0F69D0A2EB030280EA010C49024FEAB7
:10B4B400402037D04FF0805343EA111143EA101370
:10B4C4000CF000408B4238BF5B0042F17D024FF428
:10B4D400000C8B4224BF5B1A40EA0C00B3EB510F03
:10B4E40024BFA3EB510340EA5C00B3EB910F24BFEC
:10B4F400A3EB910340EA9C00B3EBD10F24BFA3EB71
:10B50400D10340EADC001B0118BF5FEA1C1CE0D138
:10B51400FD2A3FF650AF8B4240EBC25008BF20F0EB
:10B52400010070470CF0004C4CEA50207F32C2BF3F
:10B53400D2F1FF0340EAC250704740F400004FF0DC
:10B544000003013A37E792F0000F00F0004C02BF0D
:10B55400400010F4000F013AF9D040EA0C0093F0D7
:10B56400000F01F0004C02BF490011F4000F013B31
:10B57400F9D041EA0C0195E70CEAD15392EA0C0F99
:10B5840008D142027FF47DAF93EA0C0F7FF470AFD1
:10B59400084676E793EA0C0F04D14B023FF44CAF14
:10B5A40008466EE730F0004C18BF31F0004CCAD1A9
:10B5B40030F000427FF45CAF31F000437FF43CAFE5
:10B5C4005FE700BF4FF0FF3C06E000BF4FF0010C07
:10B5D40002E000BF4FF0010C4DF804CD4FEA4002E9
:10B5E4004FEA41037FEA226C18BF7FEA236C11D033
:10B5F40001B052EA530C18BF90EA010F58BFB2EBE6
:10B60400030088BFC81738BF6FEAE17018BF40F065
:10B61400010070477FEA226C02D15FEA402C05D119
:10B624007FEA236CE4D15FEA412CE1D05DF8040B9E
:10B63400704700BF844608466146FFE70FB5FFF731
:10B64400C9FF002848BF10F1000F0FBD4DF808EDE9
:10B65400FFF7F4FF0CBF012000205DF808FB00BFDA
:10B664004DF808EDFFF7EAFF34BF012000205DF834
:10B6740008FB00BF4DF808EDFFF7E0FF94BF012081
:10B6840000205DF808FB00BF4DF808EDFFF7D2FF7E
:10B6940094BF012000205DF808FB00BF4DF808EDC1
:10B6A400FFF7C8FF34BF012000205DF808FB00BF8E
:10B6B4004FEA40024FEA41037FEA226C02D15FEA7B
:10B6C400402C08D17FEA236C02D15FEA412C02D1DD
:10B6D4004FF0000070474FF0010070474FEA4002FE
:10B6E400B2F1FE4F0FD34FF09E03B3EB12620DD9AC
:10B6F4004FEA002343F0004310F0004F23FA02F016
:10B7040018BF404270474FF00000704712F1610FBC
:10B7140001D1420205D110F0004008BF6FF0004093
:10B7240070474FF00000704742000ED2B2F1FE4F56
:10B734000BD34FF09E03B3EB126209D44FEA0023FC
:10B7440043F0004323FA02F070474FF000007047C3
:10B7540012F1610F01D1420202D14FF0FF30704764
:10B764004FF00000704700BF7BB972B90029BEBF1B
:10B7740000204FF0004106E008BF00281CBF6FF016
:10B7840000414FF0FF3000F0F7B9ADF1080C6DE95E
:10B7940004CE002909DB002B1ADB00F04DF8DDF89C
:10B7A40004E0DDE9022304B07047404261EB41014B
:10B7B400002B1BDB00F040F8DDF804E0DDE9022398
:10B7C40004B0404261EB4101524263EB43037047D2
:10B7D400524263EB430300F02FF8DDF804E0DDE9A7
:10B7E400022304B0404261EB41017047524263EBD3
:10B7F400430300F021F8DDF804E0DDE9022304B09E
:10B80400524263EB4303704753B94AB9002908BF56
:10B8140000281CBF4FF0FF314FF0FF3000F0ACB9EF
:10B82400ADF1080C6DE904CE00F006F8DDF804E093
:10B83400DDE9022304B070472DE9F047064682B0E3
:10B84400174608460A9AB4460D46002B4DD18F423E
:10B85400BE4665D9B7FA87F149B1C1F120038D40DD
:10B8640007FA01FE06FA01FC26FA03F31D434FEA28
:10B874001E461FFA8EF04FEA1C43B5FBF6F406FB96
:10B88400145543EA054304FB00F59D4206D91EEB1B
:10B89400030302D29D4200F24C81013C5B1B1FFA60
:10B8A4008CFCB3FBF6F506FB153305FB00F04CEA04
:10B8B400034C60450AD91EEB0C0C2CBF012300235A
:10B8C400604502D9002B00F03781013DACEB000C40
:10B8D40045EA0440002422B12CFA01F30021C2E914
:10B8E4000031214602B0BDE8F0878B4208D90AB185
:10B8F400C2E9006100242046214602B0BDE8F08779
:10B90400B3FA83F4002C4DD18B42C0F00581B742C9
:10B9140040F202812046002AE3D0C2E900C5E0E7F4
:10B92400002F00F0A2801946B7FA87F3002B40F0ED
:10B93400B480C31B1FFA8EF83F0C01244FEA1C404D
:10B94400B3FBF7F507FB153340EA034308FB05F0A7
:10B9540098420AD91EEB03032CBF01260026984205
:10B9640002D9002E00F0E280013D1B1A1FFA8CFC64
:10B97400B3FBF7F007FB10334CEA034C08FB00F36E
:10B9840063450AD91EEB0C0C2CBF01260026634527
:10B9940002D9002E00F0C7800138ACEB030C40EA5A
:10B9A400054098E7C4F12008A34006FA04FAA14030
:10B9B40027FA08FC20FA08F007FA04F94CEA030C09
:10B9C40026FA08F34FEA1C460B431FFA8CFE190CA7
:10B9D400B0FBF6F706FB170041EA004107FB0EF047
:10B9E40088420AD91CEB01012CBF0125002588429D
:10B9F40002D9002D00F0B280013F091A9BB2B1FBBD
:10BA0400F6F006FB101100FB0EFE43EA01439E45CF
:10BA14000AD91CEB03032CBF012100219E4502D946
:10BA2400002900F09E80013840EA0740A3EB0E0392
:10BA3400A0FB09E18B4276460F4602D307D1F245BB
:10BA440005D2BEEB090661EB0C0101380F4652B179
:10BA5400BAEB060163EB070303FA08F5E140E340A0
:10BA64000D43C2E9005300243BE77308B846490874
:10BA7400019743EAC0734FEAC67C1C0C9BB244EAAC
:10BA8400014443EA0443B4FBF7F4B1FBF7F51F2187
:10BA9400019844EA05441B1A50E7194607FA03FEC5
:10BAA400C3F1200300FA01F44FEA1E47D84026FAF6
:10BAB40003F31FFA8EF806FA01FC2343B0FBF7F5F3
:10BAC4001C0C07FB150044EA004005FB08F4844203
:10BAD4004AD91EEB00002CBF01260026844200D95F
:10BAE4008EB3001B013DB0FBF7F404FB08F6A1463E
:10BAF400019607FB19009BB2019E43EA0043B3423F
:10BB0400C6D21EEB03032CBF01200020B34200D297
:10BB1400A8B109F1FF34BBE7B6EB070C60EB0303F4
:10BB240001201D46F7E6F444023836E7023D73442B
:10BB34001BE7023C7344B1E6F444023DC6E6A9F1B6
:10BB440002047344A4E7AEEB0404023D2044B0FBBA
:10BB5400F7F404FB08F6A1460196CAE7023F6144E4
:10BB64004BE7023863445FE7001BB0FBF7F404FBC8
:10BB740008F6A1460196BCE7704700BF884270B53D
:10BB840031D98B1883422ED9032A00EB02011DD927
:10BB940041EA030C1D461CF0030F18D14FEA920E24
:10BBA4008C460EF1FF36A1EB8E0453F804ED4CF8ED
:10BBB40004EDA445F9D1C6EB867302F0030201EB50
:10BBC400830105EB830C0439ACF1040352B102F197
:10BBD400FF3C6FEA0C0C9C4413F8012D634501F8FB
:10BBE400012DF9D170BD032A50D941EA00039B0706
:10BBF4004ED10F2A51D922F00F0301F1100601F1A1
:10BC0400100C2031103B00F1100E19445CF8104C5C
:10BC14000CF1100C0EF1100E4EF8204C5CF81C4C7C
:10BC24004EF81C4C5CF8184C4EF8184C5CF8144C4C
:10BC34008C454EF8144CE9D1F11812F00C0F034462
:10BC440002F00F0503F1100325D025F0030C1A1F91
:10BC5400ACF104048C4626461C195CF804EB42F84B
:10BC640004EFA242F9D10431043305F00302314454
:10BC74003344002AB6D0013A0132013B0A4411F898
:10BC840001CB914203F801CFF9D170BD0346F0E72F
:10BC9400013A0346F0E72A46EBE703461546D4E7A4
:10BCA40030B584078646034606D0A2B303F8011BC9
:10BCB400980702F1FF32F8D1032A26D95FFA81FCF2
:10BCC4000F2A0CEB0C2C0CEB0C402AD922F00F0C95
:10BCD4009C44C3E90000C3E9020010336345F8D172
:10BCE40012F00C0F02F00F0517D04FEA950C1A460C
:10BCF4000CF1FF3403EB8C0C42F8040B6245FBD1CE
:10BD0400043305F0030203EB840322B11A4403F85D
:10BD1400011B9A42FBD1704630BD2A46002AF5D158
:10BD2400F9E71546E1E700BF844641EA000313F052
:10BD3400030349D1403A23D30B6803604B68436043
:10BD44008B688360CB68C3600B6903614B69436193
:10BD54008B698361CB69C3610B6A03624B6A43627B
:10BD64008B6A8362CB6AC3620B6B03634B6B436363
:10BD74008B6B8363CB6BC36340304031403ADBD27F
:10BD840030320BD30B6803604B6843608B6883606D
:10BD9400CB68C36010301031103AF3D20C3205D3A3
:10BDA40051F8043B40F8043B043AF9D2043208D079
:10BDB400D2071CBF11F8013B00F8013B01D30B88EB
:10BDC40003806046704700BF082A13D38B07B1D0A5
:10BDD40010F00303AED0C3F10403D21ADB071CBF77
:10BDE40011F8013B00F8013BA4D331F8023B20F8E1
:10BDF400023B9FE7043AD9D3013A11F8013B00F81A
:10BE0400013BF9D20B7803704B7843708B788370C5
:10BE140060467047000000005FF800F0E56E011016
:10BE24005FF800F0419900105FF800F0E94B001052
:10BE34005FF800F0955E00105FF800F081AF00102D
:10BE44005FF800F0514A00105FF800F0453C001024
:10BE540088130000000000008813000000000000A8
:10BE64008813000000000000CD8B01006400000076
:10BE740001000900000000000000000000000000B4
:10BE840000000000000000000000000000000000AE
:10BE94000000000000000000000000000076000028
:10BEA400000000000000000000000000000000008E
:10BEB400000000000000000000000000000000007E
:10BEC4000000000000000000280000000000000046
:10BED400000000000000000000000000000000005E
:10BEE4002900000000000000000000000000000025
:10BEF400000000000000000010000000000000002E
:10BF0400000001000000000000000000000002002A
:10BF1400000000000000000000000300000000001A
:10BF24000000000000000400000000000000000009
:10BF34000000050000000000000000000000FF00F9
:10BF44000000000001B5486801318E460047704684
:10BF540009380149884701BD29410010000000004B
:10BF6400FFFFFFFFFFFFFF7F000000000000000055
:10BF7400000000000000000000000000E82600208F
:10BF8400DD8F0010898F0010018F0010718E00105A
:10BF940000000000000100001C51002010000C00F3
:10BFA400000000000000000000000000000000008D
:10BFB40000000000FF0000000080094000000000B5
:10BFC40000000940000000000000807F0000C07FE6
:10BFD400182400200000000000000000804E002013
:10BFE400E84E0020504F0020000000000000000038
:10BFF400000000000000000000000000000000003D
:10C00400000000000000000000000000000000002C
:10C01400000000000000000000000000000000001C
:10C02400000000000000000000000000000000000C
:10C0340000000000000000000000000000000000FC
:10C0440000000000000000000000000000000000EC
:10C0540000000000000000000000000000000000DC
:10C0640000000000000000000000000000000000CC
:10C0740001000000000000000E33CDAB34126DE669
:10C08400ECDE05000B0000000000000000000000D2
:10C09400000000000000000000000000000000009C
:10C0A400000000000000000000000000000000008C
:10C0B400000000000000000000000000000000007C
:10C0C400000000000000000000000000000000006C
:10C0D400000000000000000000000000000000005C
:10C0E400000000000000000000000000000000004C
:10C0F400000000000000000000000000000000003C
:10C10400000000000000000000000000000000002B
:10C11400000000000000000000000000000000001B
:10C12400000000000000000000000000000000000B
:10C1340000000000000000000000000000000000FB
:10C1440000000000000000000000000000000000EB
:10C1540000000000000000000000000000000000DB
:10C1640000000000000000000000000000000000CB
:10C1740000000000000000000000000000000000BB
:10C1840000000000000000000000000000000000AB
:10C19400000000000000000000000000000000009B
:10C1A400000000000000000000000000000000008B
:10C1B400000000000000000000000000000000007B
:10C1C400000000000000000000000000000000006B
:10C1D400000000000000000000000000000000005B
:10C1E400D3DEFFFFFE010000FF010000543FFEFF0D
:04C1F400793512ABDC
:040000051000014D99
:00000001FF
