
/Users/mathistelschow/repos/active/bexusclouds/CLOUDS-Spectral-Engine/flight/mcu/build-tools/encoder_trace_probe.elf:     file format elf32-littlearm

Sections:
Idx Name          Size      VMA       LMA       File off  Algn
  0 .text         00005cfc  10000000  10000000  00001000  2**3
                  CONTENTS, ALLOC, LOAD, READONLY, CODE
  1 .rodata       0000050c  10005d00  10005d00  00006d00  2**3
                  CONTENTS, ALLOC, LOAD, READONLY, DATA
  2 .ARM.exidx    00000008  1000620c  1000620c  0000720c  2**2
                  CONTENTS, ALLOC, LOAD, READONLY, DATA
  3 .binary_info  00000020  10006214  10006214  00007214  2**2
                  CONTENTS, ALLOC, LOAD, READONLY, DATA
  4 .psram_load   00000000  11000000  11000000  000094c0  2**0
                  CONTENTS
  5 .psram_noload 00000000  11000000  11000000  000094c0  2**0
                  CONTENTS
  6 .xip_ram      00000000  13ffc000  13ffc000  000094c0  2**0
                  CONTENTS
  7 .ram_vector_table 00000110  20000000  20000000  0000a000  2**2
                  ALLOC
  8 .uninitialized_data 00000000  20000110  20000110  000094c0  2**0
                  CONTENTS
  9 .data         00001278  20000110  10006234  00008110  2**3
                  CONTENTS, ALLOC, LOAD, READONLY, CODE
 10 .tdata        00000000  20001388  20001388  000094c0  2**0
                  CONTENTS, ALLOC, LOAD, DATA, THREAD_LOCAL
 11 .tbss         00000000  20001388  20001388  00000000  2**0
                  ALLOC, THREAD_LOCAL
 12 .tbss_space   00000000  20001388  20001388  000094c0  2**0
                  CONTENTS
 13 .bss          00007e74  20001388  100074ac  0000a388  2**3
                  ALLOC
 14 .tls0         00000000  200091fc  200091fc  000094c0  2**0
                  CONTENTS
 15 .tls1         00000000  200091fc  200091fc  000094c0  2**0
                  CONTENTS
 16 .persistent_data 00000000  200091fc  200091fc  000094c0  2**0
                  CONTENTS
 17 .dummy_pre_heap 00000000  200091fc  200091fc  000094c0  2**0
                  CONTENTS
 18 .heap         00000800  200091fc  200091fc  0000a1fc  2**2
                  ALLOC, READONLY
 19 .scratch_x    00000000  20080000  20080000  000094c0  2**0
                  CONTENTS
 20 .scratch_y    00000000  20081000  20081000  000094c0  2**0
                  CONTENTS
 21 .stack_dummy  00000800  20081000  20081000  0000a000  2**5
                  ALLOC, READONLY
 22 .flash_end    00000014  100074ac  100074ac  000094ac  2**2
                  CONTENTS, ALLOC, LOAD, READONLY, DATA
 23 .debug_info   00033a65  00000000  00000000  000094c0  2**0
                  CONTENTS, READONLY, DEBUGGING, OCTETS
 24 .debug_abbrev 00008c58  00000000  00000000  0003cf25  2**0
                  CONTENTS, READONLY, DEBUGGING, OCTETS
 25 .debug_loclists 0001905d  00000000  00000000  00045b7d  2**0
                  CONTENTS, READONLY, DEBUGGING, OCTETS
 26 .debug_aranges 000012a0  00000000  00000000  0005ebe0  2**3
                  CONTENTS, READONLY, DEBUGGING, OCTETS
 27 .debug_rnglists 0000464a  00000000  00000000  0005fe80  2**0
                  CONTENTS, READONLY, DEBUGGING, OCTETS
 28 .debug_line   00020879  00000000  00000000  000644ca  2**0
                  CONTENTS, READONLY, DEBUGGING, OCTETS
 29 .debug_str    00009887  00000000  00000000  00084d43  2**0
                  CONTENTS, READONLY, DEBUGGING, OCTETS
 30 .comment      00000046  00000000  00000000  0008e5ca  2**0
                  CONTENTS, READONLY
 31 .ARM.attributes 00000036  00000000  00000000  0008e610  2**0
                  CONTENTS, READONLY
 32 .debug_frame  0000314c  00000000  00000000  0008e648  2**2
                  CONTENTS, READONLY, DEBUGGING, OCTETS
 33 .debug_line_str 000002ef  00000000  00000000  00091794  2**0
                  CONTENTS, READONLY, DEBUGGING, OCTETS

/Users/mathistelschow/repos/active/bexusclouds/CLOUDS-Spectral-Engine/flight/mcu/build-tools/encoder_trace_probe.elf:     file format elf32-littlearm


Disassembly of section .text:

10000000 <__VECTOR_TABLE>:
10000000:	20082000 	.word	0x20082000
10000004:	1000015b 	.word	0x1000015b
10000008:	1000011b 	.word	0x1000011b
1000000c:	1000011d 	.word	0x1000011d
10000010:	10000111 	.word	0x10000111
10000014:	10000111 	.word	0x10000111
10000018:	10000111 	.word	0x10000111
1000001c:	10000111 	.word	0x10000111
10000020:	10000119 	.word	0x10000119
10000024:	10000119 	.word	0x10000119
10000028:	10000119 	.word	0x10000119
1000002c:	1000011f 	.word	0x1000011f
10000030:	10000111 	.word	0x10000111
10000034:	10000119 	.word	0x10000119
10000038:	10000121 	.word	0x10000121
1000003c:	10000123 	.word	0x10000123
10000040:	10000111 	.word	0x10000111
10000044:	10000111 	.word	0x10000111
10000048:	10000111 	.word	0x10000111
1000004c:	10000111 	.word	0x10000111
10000050:	10000111 	.word	0x10000111
10000054:	10000111 	.word	0x10000111
10000058:	10000111 	.word	0x10000111
1000005c:	10000111 	.word	0x10000111
10000060:	10000111 	.word	0x10000111
10000064:	10000111 	.word	0x10000111
10000068:	10000111 	.word	0x10000111
1000006c:	10000111 	.word	0x10000111
10000070:	10000111 	.word	0x10000111
10000074:	10000111 	.word	0x10000111
10000078:	10000111 	.word	0x10000111
1000007c:	10000111 	.word	0x10000111
10000080:	10000111 	.word	0x10000111
10000084:	10000111 	.word	0x10000111
10000088:	10000111 	.word	0x10000111
1000008c:	10000111 	.word	0x10000111
10000090:	10000111 	.word	0x10000111
10000094:	10000111 	.word	0x10000111
10000098:	10000111 	.word	0x10000111
1000009c:	10000111 	.word	0x10000111
100000a0:	10000111 	.word	0x10000111
100000a4:	10000111 	.word	0x10000111
100000a8:	10000111 	.word	0x10000111
100000ac:	10000111 	.word	0x10000111
100000b0:	10000111 	.word	0x10000111
100000b4:	10000111 	.word	0x10000111
100000b8:	10000111 	.word	0x10000111
100000bc:	10000111 	.word	0x10000111
100000c0:	10000111 	.word	0x10000111
100000c4:	10000111 	.word	0x10000111
100000c8:	10000111 	.word	0x10000111
100000cc:	10000111 	.word	0x10000111
100000d0:	10000111 	.word	0x10000111
100000d4:	10000111 	.word	0x10000111
100000d8:	10000111 	.word	0x10000111
100000dc:	10000111 	.word	0x10000111
100000e0:	10000111 	.word	0x10000111
100000e4:	10000111 	.word	0x10000111
100000e8:	10000111 	.word	0x10000111
100000ec:	10000111 	.word	0x10000111
100000f0:	10000111 	.word	0x10000111
100000f4:	10000111 	.word	0x10000111
100000f8:	10000111 	.word	0x10000111
100000fc:	10000111 	.word	0x10000111
10000100:	10000111 	.word	0x10000111
10000104:	10000111 	.word	0x10000111
10000108:	10000111 	.word	0x10000111
1000010c:	10000111 	.word	0x10000111

10000110 <__unhandled_user_irq>:
10000110:	f3ef 8005 	mrs	r0, IPSR
10000114:	3810      	subs	r0, #16

10000116 <unhandled_user_irq_num_in_r0>:
10000116:	be00      	bkpt	0x0000

10000118 <isr_invalid>:
10000118:	be00      	bkpt	0x0000

1000011a <isr_nmi>:
1000011a:	be00      	bkpt	0x0000

1000011c <isr_hardfault>:
1000011c:	be00      	bkpt	0x0000

1000011e <isr_svcall>:
1000011e:	be00      	bkpt	0x0000

10000120 <isr_pendsv>:
10000120:	be00      	bkpt	0x0000

10000122 <isr_systick>:
10000122:	be00      	bkpt	0x0000

10000124 <__default_isrs_end>:
10000124:	7188ebf2 	.word	0x7188ebf2
10000128:	10006214 	.word	0x10006214
1000012c:	10006234 	.word	0x10006234
10000130:	1000019c 	.word	0x1000019c
10000134:	e71aa390 	.word	0xe71aa390

10000138 <__binary_info_header_end>:
10000138:	ffffded3 	.word	0xffffded3
1000013c:	10210142 	.word	0x10210142
10000140:	000001ff 	.word	0x000001ff
10000144:	00007374 	.word	0x00007374
10000148:	ab123579 	.word	0xab123579

1000014c <_entry_point>:
1000014c:	2000      	movs	r0, #0

1000014e <_enter_vtable_in_r0>:
1000014e:	491e      	ldr	r1, [pc, #120]	@ (100001c8 <data_cpy_table+0x2c>)
10000150:	6008      	str	r0, [r1, #0]
10000152:	c806      	ldmia	r0!, {r1, r2}
10000154:	f381 8808 	msr	MSP, r1
10000158:	4710      	bx	r2

1000015a <_reset_handler>:
1000015a:	f04f 4050 	mov.w	r0, #3489660928	@ 0xd0000000
1000015e:	6800      	ldr	r0, [r0, #0]
10000160:	b108      	cbz	r0, 10000166 <hold_non_core0_in_bootrom+0x4>

10000162 <hold_non_core0_in_bootrom>:
10000162:	2000      	movs	r0, #0
10000164:	e7f3      	b.n	1000014e <_enter_vtable_in_r0>
10000166:	a40d      	add	r4, pc, #52	@ (adr r4, 1000019c <data_cpy_table>)
10000168:	cc0e      	ldmia	r4!, {r1, r2, r3}
1000016a:	2900      	cmp	r1, #0
1000016c:	d002      	beq.n	10000174 <hold_non_core0_in_bootrom+0x12>
1000016e:	f000 f812 	bl	10000196 <data_cpy>
10000172:	e7f9      	b.n	10000168 <hold_non_core0_in_bootrom+0x6>
10000174:	4915      	ldr	r1, [pc, #84]	@ (100001cc <data_cpy_table+0x30>)
10000176:	4a16      	ldr	r2, [pc, #88]	@ (100001d0 <data_cpy_table+0x34>)
10000178:	2000      	movs	r0, #0
1000017a:	e000      	b.n	1000017e <bss_fill_test>

1000017c <bss_fill_loop>:
1000017c:	c101      	stmia	r1!, {r0}

1000017e <bss_fill_test>:
1000017e:	4291      	cmp	r1, r2
10000180:	d1fc      	bne.n	1000017c <bss_fill_loop>

10000182 <platform_entry>:
10000182:	4914      	ldr	r1, [pc, #80]	@ (100001d4 <data_cpy_table+0x38>)
10000184:	4788      	blx	r1
10000186:	4914      	ldr	r1, [pc, #80]	@ (100001d8 <data_cpy_table+0x3c>)
10000188:	4788      	blx	r1
1000018a:	4914      	ldr	r1, [pc, #80]	@ (100001dc <data_cpy_table+0x40>)
1000018c:	4788      	blx	r1
1000018e:	be00      	bkpt	0x0000
10000190:	e7fd      	b.n	1000018e <platform_entry+0xc>

10000192 <data_cpy_loop>:
10000192:	c901      	ldmia	r1!, {r0}
10000194:	c201      	stmia	r2!, {r0}

10000196 <data_cpy>:
10000196:	429a      	cmp	r2, r3
10000198:	d3fb      	bcc.n	10000192 <data_cpy_loop>

1000019a <data_cpy_done>:
1000019a:	4770      	bx	lr

1000019c <data_cpy_table>:
1000019c:	10006234 	.word	0x10006234
100001a0:	20000110 	.word	0x20000110
100001a4:	20001388 	.word	0x20001388
100001a8:	100074ac 	.word	0x100074ac
100001ac:	20080000 	.word	0x20080000
100001b0:	20080000 	.word	0x20080000
100001b4:	100074ac 	.word	0x100074ac
100001b8:	20081000 	.word	0x20081000
100001bc:	20081000 	.word	0x20081000
100001c0:	00000000 	.word	0x00000000
100001c4:	4770      	bx	lr
100001c6:	0000      	.short	0x0000
100001c8:	e000ed08 	.word	0xe000ed08
100001cc:	20001388 	.word	0x20001388
100001d0:	200091fc 	.word	0x200091fc
100001d4:	10003481 	.word	0x10003481
100001d8:	10000385 	.word	0x10000385
100001dc:	10003479 	.word	0x10003479

100001e0 <dump>:
100001e0:	b570      	push	{r4, r5, r6, lr}
100001e2:	460e      	mov	r6, r1
100001e4:	b082      	sub	sp, #8
100001e6:	4601      	mov	r1, r0
100001e8:	9600      	str	r6, [sp, #0]
100001ea:	4809      	ldr	r0, [pc, #36]	@ (10000210 <dump+0x30>)
100001ec:	f003 fb34 	bl	10003858 <__wrap_printf>
100001f0:	b166      	cbz	r6, 1000020c <dump+0x2c>
100001f2:	4c08      	ldr	r4, [pc, #32]	@ (10000214 <dump+0x34>)
100001f4:	4d08      	ldr	r5, [pc, #32]	@ (10000218 <dump+0x38>)
100001f6:	eb04 0686 	add.w	r6, r4, r6, lsl #2
100001fa:	f854 1b04 	ldr.w	r1, [r4], #4
100001fe:	4807      	ldr	r0, [pc, #28]	@ (1000021c <dump+0x3c>)
10000200:	f815 2b01 	ldrb.w	r2, [r5], #1
10000204:	f003 fb28 	bl	10003858 <__wrap_printf>
10000208:	42b4      	cmp	r4, r6
1000020a:	d1f6      	bne.n	100001fa <dump+0x1a>
1000020c:	b002      	add	sp, #8
1000020e:	bd70      	pop	{r4, r5, r6, pc}
10000210:	10005d00 	.word	0x10005d00
10000214:	20001cb0 	.word	0x20001cb0
10000218:	20007a70 	.word	0x20007a70
1000021c:	10005d14 	.word	0x10005d14

10000220 <capture>:
10000220:	e92d 47f0 	stmdb	sp!, {r4, r5, r6, r7, r8, r9, sl, lr}
10000224:	f04f 4750 	mov.w	r7, #3489660928	@ 0xd0000000
10000228:	4680      	mov	r8, r0
1000022a:	687e      	ldr	r6, [r7, #4]
1000022c:	4689      	mov	r9, r1
1000022e:	2400      	movs	r4, #0
10000230:	f001 f99a 	bl	10001568 <time_us_64>
10000234:	687b      	ldr	r3, [r7, #4]
10000236:	f406 06f0 	and.w	r6, r6, #7864320	@ 0x780000
1000023a:	f403 03f0 	and.w	r3, r3, #7864320	@ 0x780000
1000023e:	42b3      	cmp	r3, r6
10000240:	4682      	mov	sl, r0
10000242:	f241 7e70 	movw	lr, #6000	@ 0x1770
10000246:	4625      	mov	r5, r4
10000248:	4913      	ldr	r1, [pc, #76]	@ (10000298 <capture+0x78>)
1000024a:	f8df c054 	ldr.w	ip, [pc, #84]	@ 100002a0 <capture+0x80>
1000024e:	4813      	ldr	r0, [pc, #76]	@ (1000029c <capture+0x7c>)
10000250:	ea4f 42d3 	mov.w	r2, r3, lsr #19
10000254:	d011      	beq.n	1000027a <capture+0x5a>
10000256:	f84c 4025 	str.w	r4, [ip, r5, lsl #2]
1000025a:	3401      	adds	r4, #1
1000025c:	428c      	cmp	r4, r1
1000025e:	5542      	strb	r2, [r0, r5]
10000260:	f105 0501 	add.w	r5, r5, #1
10000264:	d00c      	beq.n	10000280 <capture+0x60>
10000266:	4575      	cmp	r5, lr
10000268:	d00a      	beq.n	10000280 <capture+0x60>
1000026a:	461e      	mov	r6, r3
1000026c:	687b      	ldr	r3, [r7, #4]
1000026e:	f403 03f0 	and.w	r3, r3, #7864320	@ 0x780000
10000272:	42b3      	cmp	r3, r6
10000274:	ea4f 42d3 	mov.w	r2, r3, lsr #19
10000278:	d1ed      	bne.n	10000256 <capture+0x36>
1000027a:	3401      	adds	r4, #1
1000027c:	428c      	cmp	r4, r1
1000027e:	d1f4      	bne.n	1000026a <capture+0x4a>
10000280:	f001 f972 	bl	10001568 <time_us_64>
10000284:	eba0 000a 	sub.w	r0, r0, sl
10000288:	f8c9 0000 	str.w	r0, [r9]
1000028c:	4628      	mov	r0, r5
1000028e:	f8c8 4000 	str.w	r4, [r8]
10000292:	e8bd 87f0 	ldmia.w	sp!, {r4, r5, r6, r7, r8, r9, sl, pc}
10000296:	bf00      	nop
10000298:	02625a00 	.word	0x02625a00
1000029c:	20007a70 	.word	0x20007a70
100002a0:	20001cb0 	.word	0x20001cb0

100002a4 <motor.part.0>:
100002a4:	b508      	push	{r3, lr}
100002a6:	4b0a      	ldr	r3, [pc, #40]	@ (100002d0 <motor.part.0+0x2c>)
100002a8:	4a0a      	ldr	r2, [pc, #40]	@ (100002d4 <motor.part.0+0x30>)
100002aa:	681b      	ldr	r3, [r3, #0]
100002ac:	2105      	movs	r1, #5
100002ae:	f003 0301 	and.w	r3, r3, #1
100002b2:	6013      	str	r3, [r2, #0]
100002b4:	2011      	movs	r0, #17
100002b6:	f000 f9a1 	bl	100005fc <gpio_set_function>
100002ba:	2311      	movs	r3, #17
100002bc:	f04f 0201 	mov.w	r2, #1
100002c0:	ec42 3044 	gpioc_bit_oe_put r3, r2
100002c4:	f04f 0200 	mov.w	r2, #0
100002c8:	ec42 3040 	gpioc_bit_out_put r3, r2
100002cc:	bd08      	pop	{r3, pc}
100002ce:	bf00      	nop
100002d0:	400a8000 	.word	0x400a8000
100002d4:	400a9000 	.word	0x400a9000

100002d8 <motor.constprop.0>:
100002d8:	b5f0      	push	{r4, r5, r6, r7, lr}
100002da:	2312      	movs	r3, #18
100002dc:	b083      	sub	sp, #12
100002de:	4606      	mov	r6, r0
100002e0:	f04f 0200 	mov.w	r2, #0
100002e4:	ec42 3040 	gpioc_bit_out_put r3, r2
100002e8:	2005      	movs	r0, #5
100002ea:	f001 f9c7 	bl	1000167c <clock_get_hz>
100002ee:	466a      	mov	r2, sp
100002f0:	ab01      	add	r3, sp, #4
100002f2:	f644 6120 	movw	r1, #20000	@ 0x4e20
100002f6:	f000 f92f 	bl	10000558 <pwmdiv_solve>
100002fa:	9b00      	ldr	r3, [sp, #0]
100002fc:	4c1d      	ldr	r4, [pc, #116]	@ (10000374 <motor.constprop.0+0x9c>)
100002fe:	f3c3 030b 	ubfx	r3, r3, #0, #12
10000302:	6063      	str	r3, [r4, #4]
10000304:	9a01      	ldr	r2, [sp, #4]
10000306:	f8df c074 	ldr.w	ip, [pc, #116]	@ 1000037c <motor.constprop.0+0xa4>
1000030a:	fba2 3606 	umull	r3, r6, r2, r6
1000030e:	3a01      	subs	r2, #1
10000310:	b292      	uxth	r2, r2
10000312:	6122      	str	r2, [r4, #16]
10000314:	0d1a      	lsrs	r2, r3, #20
10000316:	ea42 3206 	orr.w	r2, r2, r6, lsl #12
1000031a:	f3c2 0713 	ubfx	r7, r2, #0, #20
1000031e:	f3c3 0213 	ubfx	r2, r3, #0, #20
10000322:	443a      	add	r2, r7
10000324:	f3c6 2713 	ubfx	r7, r6, #8, #20
10000328:	443a      	add	r2, r7
1000032a:	eb02 7216 	add.w	r2, r2, r6, lsr #28
1000032e:	fbac 6c02 	umull	r6, ip, ip, r2
10000332:	ea4f 0cdc 	mov.w	ip, ip, lsr #3
10000336:	eb0c 0c8c 	add.w	ip, ip, ip, lsl #2
1000033a:	eb0c 0c8c 	add.w	ip, ip, ip, lsl #2
1000033e:	eba2 020c 	sub.w	r2, r2, ip
10000342:	f8df e03c 	ldr.w	lr, [pc, #60]	@ 10000380 <motor.constprop.0+0xa8>
10000346:	1a9b      	subs	r3, r3, r2
10000348:	fba3 3e0e 	umull	r3, lr, r3, lr
1000034c:	68e2      	ldr	r2, [r4, #12]
1000034e:	089b      	lsrs	r3, r3, #2
10000350:	4d09      	ldr	r5, [pc, #36]	@ (10000378 <motor.constprop.0+0xa0>)
10000352:	ea82 4303 	eor.w	r3, r2, r3, lsl #16
10000356:	f36f 030f 	bfc	r3, #0, #16
1000035a:	60eb      	str	r3, [r5, #12]
1000035c:	2104      	movs	r1, #4
1000035e:	2011      	movs	r0, #17
10000360:	f000 f94c 	bl	100005fc <gpio_set_function>
10000364:	6823      	ldr	r3, [r4, #0]
10000366:	43db      	mvns	r3, r3
10000368:	f003 0301 	and.w	r3, r3, #1
1000036c:	602b      	str	r3, [r5, #0]
1000036e:	b003      	add	sp, #12
10000370:	bdf0      	pop	{r4, r5, r6, r7, pc}
10000372:	bf00      	nop
10000374:	400a8000 	.word	0x400a8000
10000378:	400a9000 	.word	0x400a9000
1000037c:	51eb851f 	.word	0x51eb851f
10000380:	c28f5c29 	.word	0xc28f5c29

10000384 <main>:
10000384:	b5f0      	push	{r4, r5, r6, r7, lr}
10000386:	b08b      	sub	sp, #44	@ 0x2c
10000388:	f003 f9a4 	bl	100036d4 <stdio_init_all>
1000038c:	4b64      	ldr	r3, [pc, #400]	@ (10000520 <main+0x19c>)
1000038e:	f04f 0701 	mov.w	r7, #1
10000392:	e893 0007 	ldmia.w	r3, {r0, r1, r2}
10000396:	ab07      	add	r3, sp, #28
10000398:	f04f 0600 	mov.w	r6, #0
1000039c:	461c      	mov	r4, r3
1000039e:	e883 0007 	stmia.w	r3, {r0, r1, r2}
100003a2:	f854 5b04 	ldr.w	r5, [r4], #4
100003a6:	4628      	mov	r0, r5
100003a8:	f000 f946 	bl	10000638 <gpio_init>
100003ac:	ec47 5044 	gpioc_bit_oe_put r5, r7
100003b0:	ec46 5040 	gpioc_bit_out_put r5, r6
100003b4:	ab0a      	add	r3, sp, #40	@ 0x28
100003b6:	429c      	cmp	r4, r3
100003b8:	d1f3      	bne.n	100003a2 <main+0x1e>
100003ba:	2413      	movs	r4, #19
100003bc:	f04f 0500 	mov.w	r5, #0
100003c0:	4620      	mov	r0, r4
100003c2:	f000 f939 	bl	10000638 <gpio_init>
100003c6:	ec45 4044 	gpioc_bit_oe_put r4, r5
100003ca:	3401      	adds	r4, #1
100003cc:	2c17      	cmp	r4, #23
100003ce:	d1f7      	bne.n	100003c0 <main+0x3c>
100003d0:	f003 fc6a 	bl	10003ca8 <stdio_usb_connected>
100003d4:	b930      	cbnz	r0, 100003e4 <main+0x60>
100003d6:	2064      	movs	r0, #100	@ 0x64
100003d8:	f000 ff9a 	bl	10001310 <sleep_ms>
100003dc:	f003 fc64 	bl	10003ca8 <stdio_usb_connected>
100003e0:	2800      	cmp	r0, #0
100003e2:	d0f8      	beq.n	100003d6 <main+0x52>
100003e4:	f44f 70fa 	mov.w	r0, #500	@ 0x1f4
100003e8:	f000 ff92 	bl	10001310 <sleep_ms>
100003ec:	484d      	ldr	r0, [pc, #308]	@ (10000524 <main+0x1a0>)
100003ee:	f003 f9b5 	bl	1000375c <__wrap_puts>
100003f2:	2412      	movs	r4, #18
100003f4:	2313      	movs	r3, #19
100003f6:	f644 6520 	movw	r5, #20000	@ 0x4e20
100003fa:	2111      	movs	r1, #17
100003fc:	f04f 4650 	mov.w	r6, #3489660928	@ 0xd0000000
10000400:	2216      	movs	r2, #22
10000402:	e9cd 5401 	strd	r5, r4, [sp, #4]
10000406:	9100      	str	r1, [sp, #0]
10000408:	4847      	ldr	r0, [pc, #284]	@ (10000528 <main+0x1a4>)
1000040a:	4619      	mov	r1, r3
1000040c:	f003 fa24 	bl	10003858 <__wrap_printf>
10000410:	6871      	ldr	r1, [r6, #4]
10000412:	4846      	ldr	r0, [pc, #280]	@ (1000052c <main+0x1a8>)
10000414:	f3c1 41c3 	ubfx	r1, r1, #19, #4
10000418:	f003 fa1e 	bl	10003858 <__wrap_printf>
1000041c:	2032      	movs	r0, #50	@ 0x32
1000041e:	f7ff ff5b 	bl	100002d8 <motor.constprop.0>
10000422:	f240 50dc 	movw	r0, #1500	@ 0x5dc
10000426:	f000 ff73 	bl	10001310 <sleep_ms>
1000042a:	a906      	add	r1, sp, #24
1000042c:	a805      	add	r0, sp, #20
1000042e:	f7ff fef7 	bl	10000220 <capture>
10000432:	e9dd 2305 	ldrd	r2, r3, [sp, #20]
10000436:	4601      	mov	r1, r0
10000438:	483d      	ldr	r0, [pc, #244]	@ (10000530 <main+0x1ac>)
1000043a:	f7ff fed1 	bl	100001e0 <dump>
1000043e:	2019      	movs	r0, #25
10000440:	f7ff ff4a 	bl	100002d8 <motor.constprop.0>
10000444:	f240 50dc 	movw	r0, #1500	@ 0x5dc
10000448:	f000 ff62 	bl	10001310 <sleep_ms>
1000044c:	a906      	add	r1, sp, #24
1000044e:	a805      	add	r0, sp, #20
10000450:	f7ff fee6 	bl	10000220 <capture>
10000454:	e9dd 2305 	ldrd	r2, r3, [sp, #20]
10000458:	4601      	mov	r1, r0
1000045a:	4836      	ldr	r0, [pc, #216]	@ (10000534 <main+0x1b0>)
1000045c:	f7ff fec0 	bl	100001e0 <dump>
10000460:	2032      	movs	r0, #50	@ 0x32
10000462:	f7ff ff39 	bl	100002d8 <motor.constprop.0>
10000466:	f240 50dc 	movw	r0, #1500	@ 0x5dc
1000046a:	f000 ff51 	bl	10001310 <sleep_ms>
1000046e:	f04f 0500 	mov.w	r5, #0
10000472:	ec45 4040 	gpioc_bit_out_put r4, r5
10000476:	f7ff ff15 	bl	100002a4 <motor.part.0>
1000047a:	201e      	movs	r0, #30
1000047c:	f000 ff48 	bl	10001310 <sleep_ms>
10000480:	a906      	add	r1, sp, #24
10000482:	a805      	add	r0, sp, #20
10000484:	f7ff fecc 	bl	10000220 <capture>
10000488:	e9dd 2305 	ldrd	r2, r3, [sp, #20]
1000048c:	4601      	mov	r1, r0
1000048e:	482a      	ldr	r0, [pc, #168]	@ (10000538 <main+0x1b4>)
10000490:	f7ff fea6 	bl	100001e0 <dump>
10000494:	ec45 4040 	gpioc_bit_out_put r4, r5
10000498:	f7ff ff04 	bl	100002a4 <motor.part.0>
1000049c:	4827      	ldr	r0, [pc, #156]	@ (1000053c <main+0x1b8>)
1000049e:	f003 f95d 	bl	1000375c <__wrap_puts>
100004a2:	f001 f861 	bl	10001568 <time_us_64>
100004a6:	4c26      	ldr	r4, [pc, #152]	@ (10000540 <main+0x1bc>)
100004a8:	6877      	ldr	r7, [r6, #4]
100004aa:	1904      	adds	r4, r0, r4
100004ac:	f141 0500 	adc.w	r5, r1, #0
100004b0:	e004      	b.n	100004bc <main+0x138>
100004b2:	6873      	ldr	r3, [r6, #4]
100004b4:	407b      	eors	r3, r7
100004b6:	f413 0ff0 	tst.w	r3, #7864320	@ 0x780000
100004ba:	d125      	bne.n	10000508 <main+0x184>
100004bc:	f001 f854 	bl	10001568 <time_us_64>
100004c0:	42a0      	cmp	r0, r4
100004c2:	41a9      	sbcs	r1, r5
100004c4:	d3f5      	bcc.n	100004b2 <main+0x12e>
100004c6:	481f      	ldr	r0, [pc, #124]	@ (10000544 <main+0x1c0>)
100004c8:	f003 f948 	bl	1000375c <__wrap_puts>
100004cc:	481e      	ldr	r0, [pc, #120]	@ (10000548 <main+0x1c4>)
100004ce:	f003 f945 	bl	1000375c <__wrap_puts>
100004d2:	f04f 0400 	mov.w	r4, #0
100004d6:	4e1d      	ldr	r6, [pc, #116]	@ (1000054c <main+0x1c8>)
100004d8:	4d1d      	ldr	r5, [pc, #116]	@ (10000550 <main+0x1cc>)
100004da:	2312      	movs	r3, #18
100004dc:	ec44 3040 	gpioc_bit_out_put r3, r4
100004e0:	6833      	ldr	r3, [r6, #0]
100004e2:	2105      	movs	r1, #5
100004e4:	f003 0301 	and.w	r3, r3, #1
100004e8:	602b      	str	r3, [r5, #0]
100004ea:	2011      	movs	r0, #17
100004ec:	f000 f886 	bl	100005fc <gpio_set_function>
100004f0:	2311      	movs	r3, #17
100004f2:	f04f 0201 	mov.w	r2, #1
100004f6:	ec42 3044 	gpioc_bit_oe_put r3, r2
100004fa:	ec44 3040 	gpioc_bit_out_put r3, r4
100004fe:	f44f 707a 	mov.w	r0, #1000	@ 0x3e8
10000502:	f000 ff05 	bl	10001310 <sleep_ms>
10000506:	e7e8      	b.n	100004da <main+0x156>
10000508:	a906      	add	r1, sp, #24
1000050a:	a805      	add	r0, sp, #20
1000050c:	f7ff fe88 	bl	10000220 <capture>
10000510:	e9dd 2305 	ldrd	r2, r3, [sp, #20]
10000514:	4601      	mov	r1, r0
10000516:	480f      	ldr	r0, [pc, #60]	@ (10000554 <main+0x1d0>)
10000518:	f7ff fe62 	bl	100001e0 <dump>
1000051c:	e7d6      	b.n	100004cc <main+0x148>
1000051e:	bf00      	nop
10000520:	10005fbc 	.word	0x10005fbc
10000524:	10005d20 	.word	0x10005d20
10000528:	10005d60 	.word	0x10005d60
1000052c:	10005dac 	.word	0x10005dac
10000530:	10005db8 	.word	0x10005db8
10000534:	10005dc0 	.word	0x10005dc0
10000538:	10005dc8 	.word	0x10005dc8
1000053c:	10005dd0 	.word	0x10005dd0
10000540:	01312d00 	.word	0x01312d00
10000544:	10005e30 	.word	0x10005e30
10000548:	10005df4 	.word	0x10005df4
1000054c:	400a8000 	.word	0x400a8000
10000550:	400a9000 	.word	0x400a9000
10000554:	10005e28 	.word	0x10005e28

10000558 <pwmdiv_solve>:
10000558:	2901      	cmp	r1, #1
1000055a:	bf38      	it	cc
1000055c:	2101      	movcc	r1, #1
1000055e:	e92d 41f0 	stmdb	sp!, {r4, r5, r6, r7, r8, lr}
10000562:	460c      	mov	r4, r1
10000564:	4617      	mov	r7, r2
10000566:	4698      	mov	r8, r3
10000568:	f44f 5280 	mov.w	r2, #4096	@ 0x1000
1000056c:	4603      	mov	r3, r0
1000056e:	2100      	movs	r1, #0
10000570:	fbe4 3102 	umlal	r3, r1, r4, r2
10000574:	0109      	lsls	r1, r1, #4
10000576:	ea41 7113 	orr.w	r1, r1, r3, lsr #28
1000057a:	011b      	lsls	r3, r3, #4
1000057c:	4606      	mov	r6, r0
1000057e:	1e58      	subs	r0, r3, #1
10000580:	ea4f 4204 	mov.w	r2, r4, lsl #16
10000584:	ea4f 4314 	mov.w	r3, r4, lsr #16
10000588:	f161 0100 	sbc.w	r1, r1, #0
1000058c:	f005 fb8c 	bl	10005ca8 <____aeabi_uldivmod_veneer>
10000590:	f5b0 5f80 	cmp.w	r0, #4096	@ 0x1000
10000594:	f171 0300 	sbcs.w	r3, r1, #0
10000598:	bf32      	itee	cc
1000059a:	4605      	movcc	r5, r0
1000059c:	f640 75ff 	movwcs	r5, #4095	@ 0xfff
100005a0:	2100      	movcs	r1, #0
100005a2:	2d10      	cmp	r5, #16
100005a4:	f171 0100 	sbcs.w	r1, r1, #0
100005a8:	bf38      	it	cc
100005aa:	2510      	movcc	r5, #16
100005ac:	f04f 0c10 	mov.w	ip, #16
100005b0:	fba4 2305 	umull	r2, r3, r4, r5
100005b4:	0850      	lsrs	r0, r2, #1
100005b6:	ea40 70c3 	orr.w	r0, r0, r3, lsl #31
100005ba:	0859      	lsrs	r1, r3, #1
100005bc:	fbe6 010c 	umlal	r0, r1, r6, ip
100005c0:	4290      	cmp	r0, r2
100005c2:	eb71 0403 	sbcs.w	r4, r1, r3
100005c6:	d30b      	bcc.n	100005e0 <pwmdiv_solve+0x88>
100005c8:	f005 fb6e 	bl	10005ca8 <____aeabi_uldivmod_veneer>
100005cc:	f1b0 1f01 	cmp.w	r0, #65537	@ 0x10001
100005d0:	f171 0100 	sbcs.w	r1, r1, #0
100005d4:	d20a      	bcs.n	100005ec <pwmdiv_solve+0x94>
100005d6:	603d      	str	r5, [r7, #0]
100005d8:	f8c8 0000 	str.w	r0, [r8]
100005dc:	e8bd 81f0 	ldmia.w	sp!, {r4, r5, r6, r7, r8, pc}
100005e0:	2001      	movs	r0, #1
100005e2:	603d      	str	r5, [r7, #0]
100005e4:	f8c8 0000 	str.w	r0, [r8]
100005e8:	e8bd 81f0 	ldmia.w	sp!, {r4, r5, r6, r7, r8, pc}
100005ec:	f44f 3080 	mov.w	r0, #65536	@ 0x10000
100005f0:	603d      	str	r5, [r7, #0]
100005f2:	f8c8 0000 	str.w	r0, [r8]
100005f6:	e8bd 81f0 	ldmia.w	sp!, {r4, r5, r6, r7, r8, pc}
100005fa:	bf00      	nop

100005fc <gpio_set_function>:
100005fc:	f44f 7c80 	mov.w	ip, #256	@ 0x100
10000600:	4b0c      	ldr	r3, [pc, #48]	@ (10000634 <gpio_set_function+0x38>)
10000602:	b500      	push	{lr}
10000604:	f853 2020 	ldr.w	r2, [r3, r0, lsl #2]
10000608:	eb03 0380 	add.w	r3, r3, r0, lsl #2
1000060c:	00c0      	lsls	r0, r0, #3
1000060e:	f082 0240 	eor.w	r2, r2, #64	@ 0x40
10000612:	f100 4080 	add.w	r0, r0, #1073741824	@ 0x40000000
10000616:	f503 5e80 	add.w	lr, r3, #4096	@ 0x1000
1000061a:	f002 02c0 	and.w	r2, r2, #192	@ 0xc0
1000061e:	f500 3020 	add.w	r0, r0, #163840	@ 0x28000
10000622:	f503 5340 	add.w	r3, r3, #12288	@ 0x3000
10000626:	f8ce 2000 	str.w	r2, [lr]
1000062a:	6041      	str	r1, [r0, #4]
1000062c:	f8c3 c000 	str.w	ip, [r3]
10000630:	bd00      	pop	{pc}
10000632:	bf00      	nop
10000634:	40038004 	.word	0x40038004

10000638 <gpio_init>:
10000638:	f04f 0300 	mov.w	r3, #0
1000063c:	b500      	push	{lr}
1000063e:	ec43 0044 	gpioc_bit_oe_put r0, r3
10000642:	ec43 0040 	gpioc_bit_out_put r0, r3
10000646:	f04f 0e05 	mov.w	lr, #5
1000064a:	f44f 7c80 	mov.w	ip, #256	@ 0x100
1000064e:	4b0c      	ldr	r3, [pc, #48]	@ (10000680 <gpio_init+0x48>)
10000650:	00c2      	lsls	r2, r0, #3
10000652:	f853 1020 	ldr.w	r1, [r3, r0, lsl #2]
10000656:	eb03 0080 	add.w	r0, r3, r0, lsl #2
1000065a:	f081 0140 	eor.w	r1, r1, #64	@ 0x40
1000065e:	f102 4380 	add.w	r3, r2, #1073741824	@ 0x40000000
10000662:	f503 3320 	add.w	r3, r3, #163840	@ 0x28000
10000666:	f001 02c0 	and.w	r2, r1, #192	@ 0xc0
1000066a:	f500 5180 	add.w	r1, r0, #4096	@ 0x1000
1000066e:	f500 5040 	add.w	r0, r0, #12288	@ 0x3000
10000672:	600a      	str	r2, [r1, #0]
10000674:	f8c3 e004 	str.w	lr, [r3, #4]
10000678:	f8c0 c000 	str.w	ip, [r0]
1000067c:	bd00      	pop	{pc}
1000067e:	bf00      	nop
10000680:	40038004 	.word	0x40038004

10000684 <panic>:
10000684:	b40f      	push	{r0, r1, r2, r3}
10000686:	b500      	push	{lr}
10000688:	4808      	ldr	r0, [pc, #32]	@ (100006ac <panic+0x28>)
1000068a:	b083      	sub	sp, #12
1000068c:	f003 f866 	bl	1000375c <__wrap_puts>
10000690:	9b04      	ldr	r3, [sp, #16]
10000692:	b13b      	cbz	r3, 100006a4 <panic+0x20>
10000694:	a905      	add	r1, sp, #20
10000696:	4618      	mov	r0, r3
10000698:	9101      	str	r1, [sp, #4]
1000069a:	f002 fed1 	bl	10003440 <weak_raw_vprintf>
1000069e:	4804      	ldr	r0, [pc, #16]	@ (100006b0 <panic+0x2c>)
100006a0:	f003 f85c 	bl	1000375c <__wrap_puts>
100006a4:	2001      	movs	r0, #1
100006a6:	f002 fee3 	bl	10003470 <_exit>
100006aa:	bf00      	nop
100006ac:	10005e40 	.word	0x10005e40
100006b0:	10005da8 	.word	0x10005da8

100006b4 <hw_claim_or_assert>:
100006b4:	b570      	push	{r4, r5, r6, lr}
100006b6:	4616      	mov	r6, r2
100006b8:	f3ef 8410 	mrs	r4, PRIMASK
100006bc:	b672      	cpsid	i
100006be:	f8df e048 	ldr.w	lr, [pc, #72]	@ 10000708 <hw_claim_or_assert+0x54>
100006c2:	e8de 2fcf 	ldaexb	r2, [lr]
100006c6:	2301      	movs	r3, #1
100006c8:	2a00      	cmp	r2, #0
100006ca:	d1fa      	bne.n	100006c2 <hw_claim_or_assert+0xe>
100006cc:	e8ce 3f42 	strexb	r2, r3, [lr]
100006d0:	2a00      	cmp	r2, #0
100006d2:	d1f6      	bne.n	100006c2 <hw_claim_or_assert+0xe>
100006d4:	f3bf 8f5f 	dmb	sy
100006d8:	2301      	movs	r3, #1
100006da:	f001 0c07 	and.w	ip, r1, #7
100006de:	08ca      	lsrs	r2, r1, #3
100006e0:	fa03 f30c 	lsl.w	r3, r3, ip
100006e4:	f810 c002 	ldrb.w	ip, [r0, r2]
100006e8:	ea1c 0503 	ands.w	r5, ip, r3
100006ec:	d108      	bne.n	10000700 <hw_claim_or_assert+0x4c>
100006ee:	ea4c 0c03 	orr.w	ip, ip, r3
100006f2:	f800 c002 	strb.w	ip, [r0, r2]
100006f6:	e8ce 5f8f 	stlb	r5, [lr]
100006fa:	f384 8810 	msr	PRIMASK, r4
100006fe:	bd70      	pop	{r4, r5, r6, pc}
10000700:	4630      	mov	r0, r6
10000702:	f7ff ffbf 	bl	10000684 <panic>
10000706:	bf00      	nop
10000708:	200016bf 	.word	0x200016bf

1000070c <hw_claim_unused_from_range>:
1000070c:	b5f8      	push	{r3, r4, r5, r6, r7, lr}
1000070e:	460f      	mov	r7, r1
10000710:	4619      	mov	r1, r3
10000712:	f3ef 8610 	mrs	r6, PRIMASK
10000716:	b672      	cpsid	i
10000718:	4d1c      	ldr	r5, [pc, #112]	@ (1000078c <hw_claim_unused_from_range+0x80>)
1000071a:	e8d5 4fcf 	ldaexb	r4, [r5]
1000071e:	2301      	movs	r3, #1
10000720:	2c00      	cmp	r4, #0
10000722:	d1fa      	bne.n	1000071a <hw_claim_unused_from_range+0xe>
10000724:	e8c5 3f44 	strexb	r4, r3, [r5]
10000728:	2c00      	cmp	r4, #0
1000072a:	d1f6      	bne.n	1000071a <hw_claim_unused_from_range+0xe>
1000072c:	f3bf 8f5f 	dmb	sy
10000730:	428a      	cmp	r2, r1
10000732:	d81b      	bhi.n	1000076c <hw_claim_unused_from_range+0x60>
10000734:	2401      	movs	r4, #1
10000736:	e002      	b.n	1000073e <hw_claim_unused_from_range+0x32>
10000738:	3201      	adds	r2, #1
1000073a:	4291      	cmp	r1, r2
1000073c:	d322      	bcc.n	10000784 <hw_claim_unused_from_range+0x78>
1000073e:	08d3      	lsrs	r3, r2, #3
10000740:	f810 e003 	ldrb.w	lr, [r0, r3]
10000744:	f002 0c07 	and.w	ip, r2, #7
10000748:	fa04 fc0c 	lsl.w	ip, r4, ip
1000074c:	ea1e 0f0c 	tst.w	lr, ip
10000750:	d1f2      	bne.n	10000738 <hw_claim_unused_from_range+0x2c>
10000752:	ea4e 0e0c 	orr.w	lr, lr, ip
10000756:	f800 e003 	strb.w	lr, [r0, r3]
1000075a:	4610      	mov	r0, r2
1000075c:	2300      	movs	r3, #0
1000075e:	e8c5 3f8f 	stlb	r3, [r5]
10000762:	f386 8810 	msr	PRIMASK, r6
10000766:	4298      	cmp	r0, r3
10000768:	db07      	blt.n	1000077a <hw_claim_unused_from_range+0x6e>
1000076a:	bdf8      	pop	{r3, r4, r5, r6, r7, pc}
1000076c:	2300      	movs	r3, #0
1000076e:	e8c5 3f8f 	stlb	r3, [r5]
10000772:	f386 8810 	msr	PRIMASK, r6
10000776:	f04f 30ff 	mov.w	r0, #4294967295	@ 0xffffffff
1000077a:	2f00      	cmp	r7, #0
1000077c:	d0f5      	beq.n	1000076a <hw_claim_unused_from_range+0x5e>
1000077e:	9806      	ldr	r0, [sp, #24]
10000780:	f7ff ff80 	bl	10000684 <panic>
10000784:	f04f 30ff 	mov.w	r0, #4294967295	@ 0xffffffff
10000788:	e7e8      	b.n	1000075c <hw_claim_unused_from_range+0x50>
1000078a:	bf00      	nop
1000078c:	200016bf 	.word	0x200016bf

10000790 <next_striped_spin_lock_num>:
10000790:	4a04      	ldr	r2, [pc, #16]	@ (100007a4 <next_striped_spin_lock_num+0x14>)
10000792:	7810      	ldrb	r0, [r2, #0]
10000794:	1c43      	adds	r3, r0, #1
10000796:	b2db      	uxtb	r3, r3
10000798:	2b18      	cmp	r3, #24
1000079a:	bf28      	it	cs
1000079c:	2310      	movcs	r3, #16
1000079e:	7013      	strb	r3, [r2, #0]
100007a0:	4770      	bx	lr
100007a2:	bf00      	nop
100007a4:	200012c0 	.word	0x200012c0

100007a8 <spin_lock_claim_unused>:
100007a8:	b500      	push	{lr}
100007aa:	f8df c01c 	ldr.w	ip, [pc, #28]	@ 100007c8 <spin_lock_claim_unused+0x20>
100007ae:	b083      	sub	sp, #12
100007b0:	4601      	mov	r1, r0
100007b2:	231f      	movs	r3, #31
100007b4:	2218      	movs	r2, #24
100007b6:	f8cd c000 	str.w	ip, [sp]
100007ba:	4802      	ldr	r0, [pc, #8]	@ (100007c4 <spin_lock_claim_unused+0x1c>)
100007bc:	f7ff ffa6 	bl	1000070c <hw_claim_unused_from_range>
100007c0:	b003      	add	sp, #12
100007c2:	bd00      	pop	{pc}
100007c4:	20001804 	.word	0x20001804
100007c8:	10005e50 	.word	0x10005e50

100007cc <spinlock_set_extexclall>:
100007cc:	f04f 22e0 	mov.w	r2, #3758153728	@ 0xe000e000
100007d0:	6893      	ldr	r3, [r2, #8]
100007d2:	f043 5300 	orr.w	r3, r3, #536870912	@ 0x20000000
100007d6:	6093      	str	r3, [r2, #8]
100007d8:	4770      	bx	lr
100007da:	bf00      	nop

100007dc <spin_locks_reset>:
100007dc:	2100      	movs	r1, #0
100007de:	4b04      	ldr	r3, [pc, #16]	@ (100007f0 <spin_locks_reset+0x14>)
100007e0:	f103 0220 	add.w	r2, r3, #32
100007e4:	e8c3 1f8f 	stlb	r1, [r3]
100007e8:	3301      	adds	r3, #1
100007ea:	4293      	cmp	r3, r2
100007ec:	d1fa      	bne.n	100007e4 <spin_locks_reset+0x8>
100007ee:	4770      	bx	lr
100007f0:	200016b4 	.word	0x200016b4

100007f4 <runtime_init_per_core_irq_priorities>:
100007f4:	f04f 23e0 	mov.w	r3, #3758153728	@ 0xe000e000
100007f8:	f04f 3280 	mov.w	r2, #2155905152	@ 0x80808080
100007fc:	f8c3 2400 	str.w	r2, [r3, #1024]	@ 0x400
10000800:	f8c3 2404 	str.w	r2, [r3, #1028]	@ 0x404
10000804:	f8c3 2408 	str.w	r2, [r3, #1032]	@ 0x408
10000808:	f8c3 240c 	str.w	r2, [r3, #1036]	@ 0x40c
1000080c:	f8c3 2410 	str.w	r2, [r3, #1040]	@ 0x410
10000810:	f8c3 2414 	str.w	r2, [r3, #1044]	@ 0x414
10000814:	f8c3 2418 	str.w	r2, [r3, #1048]	@ 0x418
10000818:	f8c3 241c 	str.w	r2, [r3, #1052]	@ 0x41c
1000081c:	f8c3 2420 	str.w	r2, [r3, #1056]	@ 0x420
10000820:	f8c3 2424 	str.w	r2, [r3, #1060]	@ 0x424
10000824:	f8c3 2428 	str.w	r2, [r3, #1064]	@ 0x428
10000828:	f8c3 242c 	str.w	r2, [r3, #1068]	@ 0x42c
1000082c:	f8c3 2430 	str.w	r2, [r3, #1072]	@ 0x430
10000830:	b662      	cpsie	i
10000832:	4770      	bx	lr

10000834 <irq_set_enabled>:
10000834:	2301      	movs	r3, #1
10000836:	f000 021f 	and.w	r2, r0, #31
1000083a:	4093      	lsls	r3, r2
1000083c:	0940      	lsrs	r0, r0, #5
1000083e:	b141      	cbz	r1, 10000852 <irq_set_enabled+0x1e>
10000840:	0080      	lsls	r0, r0, #2
10000842:	f100 4060 	add.w	r0, r0, #3758096384	@ 0xe0000000
10000846:	f500 4061 	add.w	r0, r0, #57600	@ 0xe100
1000084a:	f8c0 3180 	str.w	r3, [r0, #384]	@ 0x180
1000084e:	6003      	str	r3, [r0, #0]
10000850:	4770      	bx	lr
10000852:	4a02      	ldr	r2, [pc, #8]	@ (1000085c <irq_set_enabled+0x28>)
10000854:	3020      	adds	r0, #32
10000856:	f842 3020 	str.w	r3, [r2, r0, lsl #2]
1000085a:	4770      	bx	lr
1000085c:	e000e100 	.word	0xe000e100

10000860 <irq_is_enabled>:
10000860:	2301      	movs	r3, #1
10000862:	4a06      	ldr	r2, [pc, #24]	@ (1000087c <irq_is_enabled+0x1c>)
10000864:	0941      	lsrs	r1, r0, #5
10000866:	f852 2021 	ldr.w	r2, [r2, r1, lsl #2]
1000086a:	f000 001f 	and.w	r0, r0, #31
1000086e:	4083      	lsls	r3, r0
10000870:	4213      	tst	r3, r2
10000872:	bf14      	ite	ne
10000874:	2001      	movne	r0, #1
10000876:	2000      	moveq	r0, #0
10000878:	4770      	bx	lr
1000087a:	bf00      	nop
1000087c:	e000e100 	.word	0xe000e100

10000880 <irq_set_pending>:
10000880:	2201      	movs	r2, #1
10000882:	0943      	lsrs	r3, r0, #5
10000884:	4903      	ldr	r1, [pc, #12]	@ (10000894 <irq_set_pending+0x14>)
10000886:	f000 001f 	and.w	r0, r0, #31
1000088a:	4082      	lsls	r2, r0
1000088c:	3340      	adds	r3, #64	@ 0x40
1000088e:	f841 2023 	str.w	r2, [r1, r3, lsl #2]
10000892:	4770      	bx	lr
10000894:	e000e100 	.word	0xe000e100

10000898 <irq_has_shared_handler>:
10000898:	4a05      	ldr	r2, [pc, #20]	@ (100008b0 <irq_has_shared_handler+0x18>)
1000089a:	3010      	adds	r0, #16
1000089c:	6892      	ldr	r2, [r2, #8]
1000089e:	4b05      	ldr	r3, [pc, #20]	@ (100008b4 <irq_has_shared_handler+0x1c>)
100008a0:	f852 0020 	ldr.w	r0, [r2, r0, lsl #2]
100008a4:	1ac0      	subs	r0, r0, r3
100008a6:	2847      	cmp	r0, #71	@ 0x47
100008a8:	bf8c      	ite	hi
100008aa:	2000      	movhi	r0, #0
100008ac:	2001      	movls	r0, #1
100008ae:	4770      	bx	lr
100008b0:	e000ed00 	.word	0xe000ed00
100008b4:	200012c4 	.word	0x200012c4

100008b8 <irq_set_exclusive_handler>:
100008b8:	b508      	push	{r3, lr}
100008ba:	f3ef 8e10 	mrs	lr, PRIMASK
100008be:	b672      	cpsid	i
100008c0:	4b13      	ldr	r3, [pc, #76]	@ (10000910 <irq_set_exclusive_handler+0x58>)
100008c2:	e8d3 cfcf 	ldaexb	ip, [r3]
100008c6:	2201      	movs	r2, #1
100008c8:	f1bc 0f00 	cmp.w	ip, #0
100008cc:	d1f9      	bne.n	100008c2 <irq_set_exclusive_handler+0xa>
100008ce:	e8c3 2f4c 	strexb	ip, r2, [r3]
100008d2:	f1bc 0f00 	cmp.w	ip, #0
100008d6:	d1f4      	bne.n	100008c2 <irq_set_exclusive_handler+0xa>
100008d8:	f3bf 8f5f 	dmb	sy
100008dc:	4a0d      	ldr	r2, [pc, #52]	@ (10000914 <irq_set_exclusive_handler+0x5c>)
100008de:	3010      	adds	r0, #16
100008e0:	6892      	ldr	r2, [r2, #8]
100008e2:	f8df c034 	ldr.w	ip, [pc, #52]	@ 10000918 <irq_set_exclusive_handler+0x60>
100008e6:	f852 2020 	ldr.w	r2, [r2, r0, lsl #2]
100008ea:	4562      	cmp	r2, ip
100008ec:	d001      	beq.n	100008f2 <irq_set_exclusive_handler+0x3a>
100008ee:	4291      	cmp	r1, r2
100008f0:	d10b      	bne.n	1000090a <irq_set_exclusive_handler+0x52>
100008f2:	4a08      	ldr	r2, [pc, #32]	@ (10000914 <irq_set_exclusive_handler+0x5c>)
100008f4:	6892      	ldr	r2, [r2, #8]
100008f6:	f842 1020 	str.w	r1, [r2, r0, lsl #2]
100008fa:	f3bf 8f5f 	dmb	sy
100008fe:	2200      	movs	r2, #0
10000900:	e8c3 2f8f 	stlb	r2, [r3]
10000904:	f38e 8810 	msr	PRIMASK, lr
10000908:	bd08      	pop	{r3, pc}
1000090a:	f000 ffcd 	bl	100018a8 <hard_assertion_failure>
1000090e:	bf00      	nop
10000910:	200016bd 	.word	0x200016bd
10000914:	e000ed00 	.word	0xe000ed00
10000918:	10000111 	.word	0x10000111

1000091c <irq_add_shared_handler>:
1000091c:	e92d 4ff8 	stmdb	sp!, {r3, r4, r5, r6, r7, r8, r9, sl, fp, lr}
10000920:	468b      	mov	fp, r1
10000922:	4611      	mov	r1, r2
10000924:	f3ef 8810 	mrs	r8, PRIMASK
10000928:	b672      	cpsid	i
1000092a:	4f66      	ldr	r7, [pc, #408]	@ (10000ac4 <irq_add_shared_handler+0x1a8>)
1000092c:	e8d7 2fcf 	ldaexb	r2, [r7]
10000930:	2301      	movs	r3, #1
10000932:	2a00      	cmp	r2, #0
10000934:	d1fa      	bne.n	1000092c <irq_add_shared_handler+0x10>
10000936:	e8c7 3f42 	strexb	r2, r3, [r7]
1000093a:	2a00      	cmp	r2, #0
1000093c:	d1f6      	bne.n	1000092c <irq_add_shared_handler+0x10>
1000093e:	f3bf 8f5f 	dmb	sy
10000942:	4b61      	ldr	r3, [pc, #388]	@ (10000ac8 <irq_add_shared_handler+0x1ac>)
10000944:	f993 4000 	ldrsb.w	r4, [r3]
10000948:	2c00      	cmp	r4, #0
1000094a:	f2c0 80b8 	blt.w	10000abe <irq_add_shared_handler+0x1a2>
1000094e:	f100 0510 	add.w	r5, r0, #16
10000952:	485e      	ldr	r0, [pc, #376]	@ (10000acc <irq_add_shared_handler+0x1b0>)
10000954:	eb04 0944 	add.w	r9, r4, r4, lsl #1
10000958:	eb00 0289 	add.w	r2, r0, r9, lsl #2
1000095c:	7996      	ldrb	r6, [r2, #6]
1000095e:	ea4f 0989 	mov.w	r9, r9, lsl #2
10000962:	701e      	strb	r6, [r3, #0]
10000964:	4b5a      	ldr	r3, [pc, #360]	@ (10000ad0 <irq_add_shared_handler+0x1b4>)
10000966:	689b      	ldr	r3, [r3, #8]
10000968:	f853 6025 	ldr.w	r6, [r3, r5, lsl #2]
1000096c:	1a33      	subs	r3, r6, r0
1000096e:	2b47      	cmp	r3, #71	@ 0x47
10000970:	d835      	bhi.n	100009de <irq_add_shared_handler+0xc2>
10000972:	f026 0e01 	bic.w	lr, r6, #1
10000976:	f89e 3007 	ldrb.w	r3, [lr, #7]
1000097a:	428b      	cmp	r3, r1
1000097c:	d809      	bhi.n	10000992 <irq_add_shared_handler+0x76>
1000097e:	e06f      	b.n	10000a60 <irq_add_shared_handler+0x144>
10000980:	eb0c 034c 	add.w	r3, ip, ip, lsl #1
10000984:	eb00 0383 	add.w	r3, r0, r3, lsl #2
10000988:	f893 a007 	ldrb.w	sl, [r3, #7]
1000098c:	458a      	cmp	sl, r1
1000098e:	d951      	bls.n	10000a34 <irq_add_shared_handler+0x118>
10000990:	469e      	mov	lr, r3
10000992:	f99e c006 	ldrsb.w	ip, [lr, #6]
10000996:	f1bc 0f00 	cmp.w	ip, #0
1000099a:	daf1      	bge.n	10000980 <irq_add_shared_handler+0x64>
1000099c:	f64b 5901 	movw	r9, #48385	@ 0xbd01
100009a0:	f10e 0a04 	add.w	sl, lr, #4
100009a4:	1f13      	subs	r3, r2, #4
100009a6:	eba3 030a 	sub.w	r3, r3, sl
100009aa:	f3c3 034a 	ubfx	r3, r3, #1, #11
100009ae:	ea6f 43c3 	mvn.w	r3, r3, lsl #19
100009b2:	ea6f 43d3 	mvn.w	r3, r3, lsr #19
100009b6:	f88e 4006 	strb.w	r4, [lr, #6]
100009ba:	f8df a120 	ldr.w	sl, [pc, #288]	@ 10000adc <irq_add_shared_handler+0x1c0>
100009be:	eb04 0444 	add.w	r4, r4, r4, lsl #1
100009c2:	eb00 0284 	add.w	r2, r0, r4, lsl #2
100009c6:	f8ae 3004 	strh.w	r3, [lr, #4]
100009ca:	f840 a024 	str.w	sl, [r0, r4, lsl #2]
100009ce:	f8a2 9004 	strh.w	r9, [r2, #4]
100009d2:	f882 c006 	strb.w	ip, [r2, #6]
100009d6:	71d1      	strb	r1, [r2, #7]
100009d8:	f8c2 b008 	str.w	fp, [r2, #8]
100009dc:	e01d      	b.n	10000a1a <irq_add_shared_handler+0xfe>
100009de:	4b3d      	ldr	r3, [pc, #244]	@ (10000ad4 <irq_add_shared_handler+0x1b8>)
100009e0:	429e      	cmp	r6, r3
100009e2:	d16c      	bne.n	10000abe <irq_add_shared_handler+0x1a2>
100009e4:	4b3c      	ldr	r3, [pc, #240]	@ (10000ad8 <irq_add_shared_handler+0x1bc>)
100009e6:	71d1      	strb	r1, [r2, #7]
100009e8:	f109 0102 	add.w	r1, r9, #2
100009ec:	4401      	add	r1, r0
100009ee:	3b04      	subs	r3, #4
100009f0:	1a5b      	subs	r3, r3, r1
100009f2:	f3c3 034a 	ubfx	r3, r3, #1, #11
100009f6:	ea6f 43c3 	mvn.w	r3, r3, lsl #19
100009fa:	f44f 4121 	mov.w	r1, #41216	@ 0xa100
100009fe:	ea6f 43d3 	mvn.w	r3, r3, lsr #19
10000a02:	f820 1009 	strh.w	r1, [r0, r9]
10000a06:	8053      	strh	r3, [r2, #2]
10000a08:	21ff      	movs	r1, #255	@ 0xff
10000a0a:	f64b 5301 	movw	r3, #48385	@ 0xbd01
10000a0e:	f8c2 b008 	str.w	fp, [r2, #8]
10000a12:	7191      	strb	r1, [r2, #6]
10000a14:	8093      	strh	r3, [r2, #4]
10000a16:	f042 0601 	orr.w	r6, r2, #1
10000a1a:	4b2d      	ldr	r3, [pc, #180]	@ (10000ad0 <irq_add_shared_handler+0x1b4>)
10000a1c:	689b      	ldr	r3, [r3, #8]
10000a1e:	f843 6025 	str.w	r6, [r3, r5, lsl #2]
10000a22:	f3bf 8f5f 	dmb	sy
10000a26:	2300      	movs	r3, #0
10000a28:	e8c7 3f8f 	stlb	r3, [r7]
10000a2c:	f388 8810 	msr	PRIMASK, r8
10000a30:	e8bd 8ff8 	ldmia.w	sp!, {r3, r4, r5, r6, r7, r8, r9, sl, fp, pc}
10000a34:	46f2      	mov	sl, lr
10000a36:	f06f 0307 	mvn.w	r3, #7
10000a3a:	eba3 0309 	sub.w	r3, r3, r9
10000a3e:	f83a 9f04 	ldrh.w	r9, [sl, #4]!
10000a42:	1a1b      	subs	r3, r3, r0
10000a44:	f349 090a 	sbfx	r9, r9, #0, #11
10000a48:	f109 0902 	add.w	r9, r9, #2
10000a4c:	eb0a 0949 	add.w	r9, sl, r9, lsl #1
10000a50:	4499      	add	r9, r3
10000a52:	f3c9 094a 	ubfx	r9, r9, #1, #11
10000a56:	ea6f 49c9 	mvn.w	r9, r9, lsl #19
10000a5a:	ea6f 49d9 	mvn.w	r9, r9, lsr #19
10000a5e:	e7a1      	b.n	100009a4 <irq_add_shared_handler+0x88>
10000a60:	f06f 0307 	mvn.w	r3, #7
10000a64:	71d1      	strb	r1, [r2, #7]
10000a66:	491c      	ldr	r1, [pc, #112]	@ (10000ad8 <irq_add_shared_handler+0x1bc>)
10000a68:	f109 0402 	add.w	r4, r9, #2
10000a6c:	4404      	add	r4, r0
10000a6e:	3904      	subs	r1, #4
10000a70:	1b09      	subs	r1, r1, r4
10000a72:	eba3 0309 	sub.w	r3, r3, r9
10000a76:	f3c1 014a 	ubfx	r1, r1, #1, #11
10000a7a:	1a1b      	subs	r3, r3, r0
10000a7c:	ea6f 41c1 	mvn.w	r1, r1, lsl #19
10000a80:	4473      	add	r3, lr
10000a82:	f3c3 034a 	ubfx	r3, r3, #1, #11
10000a86:	ea6f 43c3 	mvn.w	r3, r3, lsl #19
10000a8a:	ea6f 41d1 	mvn.w	r1, r1, lsr #19
10000a8e:	f44f 4621 	mov.w	r6, #41216	@ 0xa100
10000a92:	ea6f 43d3 	mvn.w	r3, r3, lsr #19
10000a96:	8051      	strh	r1, [r2, #2]
10000a98:	4910      	ldr	r1, [pc, #64]	@ (10000adc <irq_add_shared_handler+0x1c0>)
10000a9a:	f820 6009 	strh.w	r6, [r0, r9]
10000a9e:	8093      	strh	r3, [r2, #4]
10000aa0:	f64a 24aa 	movw	r4, #43690	@ 0xaaaa
10000aa4:	4673      	mov	r3, lr
10000aa6:	1a1b      	subs	r3, r3, r0
10000aa8:	415b      	adcs	r3, r3
10000aaa:	435c      	muls	r4, r3
10000aac:	0d24      	lsrs	r4, r4, #20
10000aae:	f8c2 b008 	str.w	fp, [r2, #8]
10000ab2:	7194      	strb	r4, [r2, #6]
10000ab4:	f042 0601 	orr.w	r6, r2, #1
10000ab8:	f8ce 1000 	str.w	r1, [lr]
10000abc:	e7ad      	b.n	10000a1a <irq_add_shared_handler+0xfe>
10000abe:	f000 fef3 	bl	100018a8 <hard_assertion_failure>
10000ac2:	bf00      	nop
10000ac4:	200016bd 	.word	0x200016bd
10000ac8:	200091f4 	.word	0x200091f4
10000acc:	200012c4 	.word	0x200012c4
10000ad0:	e000ed00 	.word	0xe000ed00
10000ad4:	10000111 	.word	0x10000111
10000ad8:	2000130c 	.word	0x2000130c
10000adc:	47804801 	.word	0x47804801

10000ae0 <irq_add_tail_to_free_list>:
10000ae0:	e92d 41f0 	stmdb	sp!, {r4, r5, r6, r7, r8, lr}
10000ae4:	f3ef 8305 	mrs	r3, IPSR
10000ae8:	b2db      	uxtb	r3, r3
10000aea:	469e      	mov	lr, r3
10000aec:	f3ef 8510 	mrs	r5, PRIMASK
10000af0:	b672      	cpsid	i
10000af2:	492f      	ldr	r1, [pc, #188]	@ (10000bb0 <irq_add_tail_to_free_list+0xd0>)
10000af4:	e8d1 2fcf 	ldaexb	r2, [r1]
10000af8:	2301      	movs	r3, #1
10000afa:	2a00      	cmp	r2, #0
10000afc:	d1fa      	bne.n	10000af4 <irq_add_tail_to_free_list+0x14>
10000afe:	e8c1 3f42 	strexb	r2, r3, [r1]
10000b02:	2a00      	cmp	r2, #0
10000b04:	d1f6      	bne.n	10000af4 <irq_add_tail_to_free_list+0x14>
10000b06:	f3bf 8f5f 	dmb	sy
10000b0a:	f8df 80b4 	ldr.w	r8, [pc, #180]	@ 10000bc0 <irq_add_tail_to_free_list+0xe0>
10000b0e:	f040 0601 	orr.w	r6, r0, #1
10000b12:	f8d8 7008 	ldr.w	r7, [r8, #8]
10000b16:	f64a 23aa 	movw	r3, #43690	@ 0xaaaa
10000b1a:	f857 702e 	ldr.w	r7, [r7, lr, lsl #2]
10000b1e:	4604      	mov	r4, r0
10000b20:	4a24      	ldr	r2, [pc, #144]	@ (10000bb4 <irq_add_tail_to_free_list+0xd4>)
10000b22:	1aa4      	subs	r4, r4, r2
10000b24:	4164      	adcs	r4, r4
10000b26:	4363      	muls	r3, r4
10000b28:	0d1b      	lsrs	r3, r3, #20
10000b2a:	42b7      	cmp	r7, r6
10000b2c:	b25b      	sxtb	r3, r3
10000b2e:	d026      	beq.n	10000b7e <irq_add_tail_to_free_list+0x9e>
10000b30:	f992 4006 	ldrsb.w	r4, [r2, #6]
10000b34:	429c      	cmp	r4, r3
10000b36:	d028      	beq.n	10000b8a <irq_add_tail_to_free_list+0xaa>
10000b38:	f992 4012 	ldrsb.w	r4, [r2, #18]
10000b3c:	429c      	cmp	r4, r3
10000b3e:	d02f      	beq.n	10000ba0 <irq_add_tail_to_free_list+0xc0>
10000b40:	f992 401e 	ldrsb.w	r4, [r2, #30]
10000b44:	429c      	cmp	r4, r3
10000b46:	d02d      	beq.n	10000ba4 <irq_add_tail_to_free_list+0xc4>
10000b48:	f992 402a 	ldrsb.w	r4, [r2, #42]	@ 0x2a
10000b4c:	429c      	cmp	r4, r3
10000b4e:	d02b      	beq.n	10000ba8 <irq_add_tail_to_free_list+0xc8>
10000b50:	f992 4036 	ldrsb.w	r4, [r2, #54]	@ 0x36
10000b54:	429c      	cmp	r4, r3
10000b56:	d029      	beq.n	10000bac <irq_add_tail_to_free_list+0xcc>
10000b58:	f992 4042 	ldrsb.w	r4, [r2, #66]	@ 0x42
10000b5c:	429c      	cmp	r4, r3
10000b5e:	bf08      	it	eq
10000b60:	2405      	moveq	r4, #5
10000b62:	d013      	beq.n	10000b8c <irq_add_tail_to_free_list+0xac>
10000b64:	4a14      	ldr	r2, [pc, #80]	@ (10000bb8 <irq_add_tail_to_free_list+0xd8>)
10000b66:	2400      	movs	r4, #0
10000b68:	f892 c000 	ldrb.w	ip, [r2]
10000b6c:	7013      	strb	r3, [r2, #0]
10000b6e:	f880 c006 	strb.w	ip, [r0, #6]
10000b72:	e8c1 4f8f 	stlb	r4, [r1]
10000b76:	f385 8810 	msr	PRIMASK, r5
10000b7a:	e8bd 81f0 	ldmia.w	sp!, {r4, r5, r6, r7, r8, pc}
10000b7e:	f8d8 2008 	ldr.w	r2, [r8, #8]
10000b82:	4c0e      	ldr	r4, [pc, #56]	@ (10000bbc <irq_add_tail_to_free_list+0xdc>)
10000b84:	f842 402e 	str.w	r4, [r2, lr, lsl #2]
10000b88:	e7ec      	b.n	10000b64 <irq_add_tail_to_free_list+0x84>
10000b8a:	2400      	movs	r4, #0
10000b8c:	eb04 0444 	add.w	r4, r4, r4, lsl #1
10000b90:	eb02 0284 	add.w	r2, r2, r4, lsl #2
10000b94:	24ff      	movs	r4, #255	@ 0xff
10000b96:	7194      	strb	r4, [r2, #6]
10000b98:	f64b 5401 	movw	r4, #48385	@ 0xbd01
10000b9c:	8094      	strh	r4, [r2, #4]
10000b9e:	e7e1      	b.n	10000b64 <irq_add_tail_to_free_list+0x84>
10000ba0:	2401      	movs	r4, #1
10000ba2:	e7f3      	b.n	10000b8c <irq_add_tail_to_free_list+0xac>
10000ba4:	2402      	movs	r4, #2
10000ba6:	e7f1      	b.n	10000b8c <irq_add_tail_to_free_list+0xac>
10000ba8:	2403      	movs	r4, #3
10000baa:	e7ef      	b.n	10000b8c <irq_add_tail_to_free_list+0xac>
10000bac:	2404      	movs	r4, #4
10000bae:	e7ed      	b.n	10000b8c <irq_add_tail_to_free_list+0xac>
10000bb0:	200016bd 	.word	0x200016bd
10000bb4:	200012c4 	.word	0x200012c4
10000bb8:	200091f4 	.word	0x200091f4
10000bbc:	10000111 	.word	0x10000111
10000bc0:	e000ed00 	.word	0xe000ed00

10000bc4 <user_irq_claim_unused>:
10000bc4:	b500      	push	{lr}
10000bc6:	f8df c024 	ldr.w	ip, [pc, #36]	@ 10000bec <user_irq_claim_unused+0x28>
10000bca:	b083      	sub	sp, #12
10000bcc:	4601      	mov	r1, r0
10000bce:	2305      	movs	r3, #5
10000bd0:	2200      	movs	r2, #0
10000bd2:	f8cd c000 	str.w	ip, [sp]
10000bd6:	4804      	ldr	r0, [pc, #16]	@ (10000be8 <user_irq_claim_unused+0x24>)
10000bd8:	f7ff fd98 	bl	1000070c <hw_claim_unused_from_range>
10000bdc:	2800      	cmp	r0, #0
10000bde:	bfa8      	it	ge
10000be0:	f1c0 0033 	rsbge	r0, r0, #51	@ 0x33
10000be4:	b003      	add	sp, #12
10000be6:	bd00      	pop	{pc}
10000be8:	200091f9 	.word	0x200091f9
10000bec:	10005e6c 	.word	0x10005e6c

10000bf0 <lock_init>:
10000bf0:	4b01      	ldr	r3, [pc, #4]	@ (10000bf8 <lock_init+0x8>)
10000bf2:	440b      	add	r3, r1
10000bf4:	6003      	str	r3, [r0, #0]
10000bf6:	4770      	bx	lr
10000bf8:	200016b4 	.word	0x200016b4

10000bfc <runtime_init_mutex>:
10000bfc:	b570      	push	{r4, r5, r6, lr}
10000bfe:	4c10      	ldr	r4, [pc, #64]	@ (10000c40 <runtime_init_mutex+0x44>)
10000c00:	4d10      	ldr	r5, [pc, #64]	@ (10000c44 <runtime_init_mutex+0x48>)
10000c02:	42ac      	cmp	r4, r5
10000c04:	d20e      	bcs.n	10000c24 <runtime_init_mutex+0x28>
10000c06:	26ff      	movs	r6, #255	@ 0xff
10000c08:	6823      	ldr	r3, [r4, #0]
10000c0a:	b163      	cbz	r3, 10000c26 <runtime_init_mutex+0x2a>
10000c0c:	f7ff fdc0 	bl	10000790 <next_striped_spin_lock_num>
10000c10:	4601      	mov	r1, r0
10000c12:	4620      	mov	r0, r4
10000c14:	f7ff ffec 	bl	10000bf0 <lock_init>
10000c18:	80a6      	strh	r6, [r4, #4]
10000c1a:	f3bf 8f5f 	dmb	sy
10000c1e:	3408      	adds	r4, #8
10000c20:	42ac      	cmp	r4, r5
10000c22:	d3f1      	bcc.n	10000c08 <runtime_init_mutex+0xc>
10000c24:	bd70      	pop	{r4, r5, r6, pc}
10000c26:	f7ff fdb3 	bl	10000790 <next_striped_spin_lock_num>
10000c2a:	4601      	mov	r1, r0
10000c2c:	4620      	mov	r0, r4
10000c2e:	f7ff ffdf 	bl	10000bf0 <lock_init>
10000c32:	7126      	strb	r6, [r4, #4]
10000c34:	f3bf 8f5f 	dmb	sy
10000c38:	3408      	adds	r4, #8
10000c3a:	42ac      	cmp	r4, r5
10000c3c:	d3e4      	bcc.n	10000c08 <runtime_init_mutex+0xc>
10000c3e:	bd70      	pop	{r4, r5, r6, pc}
10000c40:	20001380 	.word	0x20001380
10000c44:	20001388 	.word	0x20001388

10000c48 <mutex_init>:
10000c48:	b510      	push	{r4, lr}
10000c4a:	4604      	mov	r4, r0
10000c4c:	f7ff fda0 	bl	10000790 <next_striped_spin_lock_num>
10000c50:	4601      	mov	r1, r0
10000c52:	4620      	mov	r0, r4
10000c54:	f7ff ffcc 	bl	10000bf0 <lock_init>
10000c58:	23ff      	movs	r3, #255	@ 0xff
10000c5a:	7123      	strb	r3, [r4, #4]
10000c5c:	f3bf 8f5f 	dmb	sy
10000c60:	bd10      	pop	{r4, pc}
10000c62:	bf00      	nop

10000c64 <critical_section_init>:
10000c64:	b510      	push	{r4, lr}
10000c66:	4604      	mov	r4, r0
10000c68:	2001      	movs	r0, #1
10000c6a:	f7ff fd9d 	bl	100007a8 <spin_lock_claim_unused>
10000c6e:	4b03      	ldr	r3, [pc, #12]	@ (10000c7c <critical_section_init+0x18>)
10000c70:	4403      	add	r3, r0
10000c72:	6023      	str	r3, [r4, #0]
10000c74:	f3bf 8f5f 	dmb	sy
10000c78:	bd10      	pop	{r4, pc}
10000c7a:	bf00      	nop
10000c7c:	200016b4 	.word	0x200016b4

10000c80 <critical_section_init_with_lock_num>:
10000c80:	4b02      	ldr	r3, [pc, #8]	@ (10000c8c <critical_section_init_with_lock_num+0xc>)
10000c82:	440b      	add	r3, r1
10000c84:	6003      	str	r3, [r0, #0]
10000c86:	f3bf 8f5f 	dmb	sy
10000c8a:	4770      	bx	lr
10000c8c:	200016b4 	.word	0x200016b4

10000c90 <sleep_until_callback>:
10000c90:	4910      	ldr	r1, [pc, #64]	@ (10000cd4 <sleep_until_callback+0x44>)
10000c92:	680b      	ldr	r3, [r1, #0]
10000c94:	f3ef 8010 	mrs	r0, PRIMASK
10000c98:	b672      	cpsid	i
10000c9a:	e8d3 cfcf 	ldaexb	ip, [r3]
10000c9e:	2201      	movs	r2, #1
10000ca0:	f1bc 0f00 	cmp.w	ip, #0
10000ca4:	d1f9      	bne.n	10000c9a <sleep_until_callback+0xa>
10000ca6:	e8c3 2f4c 	strexb	ip, r2, [r3]
10000caa:	f1bc 0f00 	cmp.w	ip, #0
10000cae:	d1f4      	bne.n	10000c9a <sleep_until_callback+0xa>
10000cb0:	f3bf 8f5f 	dmb	sy
10000cb4:	4a08      	ldr	r2, [pc, #32]	@ (10000cd8 <sleep_until_callback+0x48>)
10000cb6:	f04f 0c00 	mov.w	ip, #0
10000cba:	7813      	ldrb	r3, [r2, #0]
10000cbc:	6809      	ldr	r1, [r1, #0]
10000cbe:	3301      	adds	r3, #1
10000cc0:	7013      	strb	r3, [r2, #0]
10000cc2:	e8c1 cf8f 	stlb	ip, [r1]
10000cc6:	f380 8810 	msr	PRIMASK, r0
10000cca:	bf40      	sev
10000ccc:	2000      	movs	r0, #0
10000cce:	2100      	movs	r1, #0
10000cd0:	4770      	bx	lr
10000cd2:	bf00      	nop
10000cd4:	20001ca4 	.word	0x20001ca4
10000cd8:	200091f6 	.word	0x200091f6
10000cdc:	00000000 	.word	0x00000000

10000ce0 <alarm_pool_irq_handler>:
10000ce0:	e92d 4ff0 	stmdb	sp!, {r4, r5, r6, r7, r8, r9, sl, fp, lr}
10000ce4:	ed2d 8b02 	vpush	{d8}
10000ce8:	b085      	sub	sp, #20
10000cea:	f3ef 8305 	mrs	r3, IPSR
10000cee:	b2db      	uxtb	r3, r3
10000cf0:	3b10      	subs	r3, #16
10000cf2:	089a      	lsrs	r2, r3, #2
10000cf4:	bf18      	it	ne
10000cf6:	2201      	movne	r2, #1
10000cf8:	f04f 0101 	mov.w	r1, #1
10000cfc:	f003 0b03 	and.w	fp, r3, #3
10000d00:	bf18      	it	ne
10000d02:	4ca9      	ldrne	r4, [pc, #676]	@ (10000fa8 <alarm_pool_irq_handler+0x2c8>)
10000d04:	4ba9      	ldr	r3, [pc, #676]	@ (10000fac <alarm_pool_irq_handler+0x2cc>)
10000d06:	bf08      	it	eq
10000d08:	4ca9      	ldreq	r4, [pc, #676]	@ (10000fb0 <alarm_pool_irq_handler+0x2d0>)
10000d0a:	eb0b 0282 	add.w	r2, fp, r2, lsl #2
10000d0e:	f853 5022 	ldr.w	r5, [r3, r2, lsl #2]
10000d12:	fa01 f20b 	lsl.w	r2, r1, fp
10000d16:	f504 5341 	add.w	r3, r4, #12352	@ 0x3040
10000d1a:	ed9f 8ba1 	vldr	d8, [pc, #644]	@ 10000fa0 <alarm_pool_irq_handler+0x2c0>
10000d1e:	9202      	str	r2, [sp, #8]
10000d20:	605a      	str	r2, [r3, #4]
10000d22:	e02f      	b.n	10000d84 <alarm_pool_irq_handler+0xa4>
10000d24:	88ab      	ldrh	r3, [r5, #4]
10000d26:	0419      	lsls	r1, r3, #16
10000d28:	f140 8094 	bpl.w	10000e54 <alarm_pool_irq_handler+0x174>
10000d2c:	79ab      	ldrb	r3, [r5, #6]
10000d2e:	2b00      	cmp	r3, #0
10000d30:	f040 80de 	bne.w	10000ef0 <alarm_pool_irq_handler+0x210>
10000d34:	f9b5 6008 	ldrsh.w	r6, [r5, #8]
10000d38:	2e00      	cmp	r6, #0
10000d3a:	f2c0 811c 	blt.w	10000f76 <alarm_pool_irq_handler+0x296>
10000d3e:	696b      	ldr	r3, [r5, #20]
10000d40:	eb06 0646 	add.w	r6, r6, r6, lsl #1
10000d44:	eb03 03c6 	add.w	r3, r3, r6, lsl #3
10000d48:	e9d3 6702 	ldrd	r6, r7, [r3, #8]
10000d4c:	f1b7 3fff 	cmp.w	r7, #4294967295	@ 0xffffffff
10000d50:	bf08      	it	eq
10000d52:	f1b6 3fff 	cmpeq.w	r6, #4294967295	@ 0xffffffff
10000d56:	d00e      	beq.n	10000d76 <alarm_pool_irq_handler+0x96>
10000d58:	eb04 018b 	add.w	r1, r4, fp, lsl #2
10000d5c:	6aa3      	ldr	r3, [r4, #40]	@ 0x28
10000d5e:	690a      	ldr	r2, [r1, #16]
10000d60:	1ad2      	subs	r2, r2, r3
10000d62:	1af3      	subs	r3, r6, r3
10000d64:	4293      	cmp	r3, r2
10000d66:	d305      	bcc.n	10000d74 <alarm_pool_irq_handler+0x94>
10000d68:	2301      	movs	r3, #1
10000d6a:	6a22      	ldr	r2, [r4, #32]
10000d6c:	fa03 f30b 	lsl.w	r3, r3, fp
10000d70:	4213      	tst	r3, r2
10000d72:	d100      	bne.n	10000d76 <alarm_pool_irq_handler+0x96>
10000d74:	610e      	str	r6, [r1, #16]
10000d76:	4620      	mov	r0, r4
10000d78:	f000 fbee 	bl	10001558 <timer_time_us_64>
10000d7c:	42b0      	cmp	r0, r6
10000d7e:	41b9      	sbcs	r1, r7
10000d80:	f2c0 80f9 	blt.w	10000f76 <alarm_pool_irq_handler+0x296>
10000d84:	f9b5 6008 	ldrsh.w	r6, [r5, #8]
10000d88:	9b02      	ldr	r3, [sp, #8]
10000d8a:	2e00      	cmp	r6, #0
10000d8c:	63e3      	str	r3, [r4, #60]	@ 0x3c
10000d8e:	dbc9      	blt.n	10000d24 <alarm_pool_irq_handler+0x44>
10000d90:	f8d5 9014 	ldr.w	r9, [r5, #20]
10000d94:	eb06 0a46 	add.w	sl, r6, r6, lsl #1
10000d98:	eb09 07ca 	add.w	r7, r9, sl, lsl #3
10000d9c:	68bb      	ldr	r3, [r7, #8]
10000d9e:	4620      	mov	r0, r4
10000da0:	f8d7 800c 	ldr.w	r8, [r7, #12]
10000da4:	9301      	str	r3, [sp, #4]
10000da6:	f000 fbd7 	bl	10001558 <timer_time_us_64>
10000daa:	9b01      	ldr	r3, [sp, #4]
10000dac:	4298      	cmp	r0, r3
10000dae:	eb71 0108 	sbcs.w	r1, r1, r8
10000db2:	dbb7      	blt.n	10000d24 <alarm_pool_irq_handler+0x44>
10000db4:	f1b8 0f00 	cmp.w	r8, #0
10000db8:	f2c0 80c0 	blt.w	10000f3c <alarm_pool_irq_handler+0x25c>
10000dbc:	e9d7 3104 	ldrd	r3, r1, [r7, #16]
10000dc0:	4a7c      	ldr	r2, [pc, #496]	@ (10000fb4 <alarm_pool_irq_handler+0x2d4>)
10000dc2:	4293      	cmp	r3, r2
10000dc4:	f000 80f8 	beq.w	10000fb8 <alarm_pool_irq_handler+0x2d8>
10000dc8:	887a      	ldrh	r2, [r7, #2]
10000dca:	f9b5 0008 	ldrsh.w	r0, [r5, #8]
10000dce:	b292      	uxth	r2, r2
10000dd0:	ea42 4000 	orr.w	r0, r2, r0, lsl #16
10000dd4:	4798      	blx	r3
10000dd6:	4602      	mov	r2, r0
10000dd8:	460b      	mov	r3, r1
10000dda:	ea52 0103 	orrs.w	r1, r2, r3
10000dde:	f000 80ad 	beq.w	10000f3c <alarm_pool_irq_handler+0x25c>
10000de2:	2b00      	cmp	r3, #0
10000de4:	f280 80cd 	bge.w	10000f82 <alarm_pool_irq_handler+0x2a2>
10000de8:	9901      	ldr	r1, [sp, #4]
10000dea:	ebb1 0e02 	subs.w	lr, r1, r2
10000dee:	eb68 0803 	sbc.w	r8, r8, r3
10000df2:	f939 303a 	ldrsh.w	r3, [r9, sl, lsl #3]
10000df6:	e9c7 e802 	strd	lr, r8, [r7, #8]
10000dfa:	2b00      	cmp	r3, #0
10000dfc:	db92      	blt.n	10000d24 <alarm_pool_irq_handler+0x44>
10000dfe:	6968      	ldr	r0, [r5, #20]
10000e00:	eb03 0243 	add.w	r2, r3, r3, lsl #1
10000e04:	eb00 02c2 	add.w	r2, r0, r2, lsl #3
10000e08:	e9d2 7102 	ldrd	r7, r1, [r2, #8]
10000e0c:	45be      	cmp	lr, r7
10000e0e:	eb78 0c01 	sbcs.w	ip, r8, r1
10000e12:	ea4f 0243 	mov.w	r2, r3, lsl #1
10000e16:	db85      	blt.n	10000d24 <alarm_pool_irq_handler+0x44>
10000e18:	46ac      	mov	ip, r5
10000e1a:	f82c 3f08 	strh.w	r3, [ip, #8]!
10000e1e:	e006      	b.n	10000e2e <alarm_pool_irq_handler+0x14e>
10000e20:	eb03 0143 	add.w	r1, r3, r3, lsl #1
10000e24:	eb00 01c1 	add.w	r1, r0, r1, lsl #3
10000e28:	005a      	lsls	r2, r3, #1
10000e2a:	e9d1 7102 	ldrd	r7, r1, [r1, #8]
10000e2e:	45be      	cmp	lr, r7
10000e30:	eb78 0101 	sbcs.w	r1, r8, r1
10000e34:	441a      	add	r2, r3
10000e36:	db05      	blt.n	10000e44 <alarm_pool_irq_handler+0x164>
10000e38:	f930 3032 	ldrsh.w	r3, [r0, r2, lsl #3]
10000e3c:	eb00 0cc2 	add.w	ip, r0, r2, lsl #3
10000e40:	2b00      	cmp	r3, #0
10000e42:	daed      	bge.n	10000e20 <alarm_pool_irq_handler+0x140>
10000e44:	f829 303a 	strh.w	r3, [r9, sl, lsl #3]
10000e48:	f8ac 6000 	strh.w	r6, [ip]
10000e4c:	88ab      	ldrh	r3, [r5, #4]
10000e4e:	0419      	lsls	r1, r3, #16
10000e50:	f53f af6c 	bmi.w	10000d2c <alarm_pool_irq_handler+0x4c>
10000e54:	692b      	ldr	r3, [r5, #16]
10000e56:	f3ef 8210 	mrs	r2, PRIMASK
10000e5a:	b672      	cpsid	i
10000e5c:	e8d3 0fcf 	ldaexb	r0, [r3]
10000e60:	2101      	movs	r1, #1
10000e62:	2800      	cmp	r0, #0
10000e64:	d1fa      	bne.n	10000e5c <alarm_pool_irq_handler+0x17c>
10000e66:	e8c3 1f40 	strexb	r0, r1, [r3]
10000e6a:	2800      	cmp	r0, #0
10000e6c:	d1f6      	bne.n	10000e5c <alarm_pool_irq_handler+0x17c>
10000e6e:	f3bf 8f5f 	dmb	sy
10000e72:	f64f 76ff 	movw	r6, #65535	@ 0xffff
10000e76:	88a8      	ldrh	r0, [r5, #4]
10000e78:	2300      	movs	r3, #0
10000e7a:	6929      	ldr	r1, [r5, #16]
10000e7c:	b200      	sxth	r0, r0
10000e7e:	80ae      	strh	r6, [r5, #4]
10000e80:	e8c1 3f8f 	stlb	r3, [r1]
10000e84:	f382 8810 	msr	PRIMASK, r2
10000e88:	4298      	cmp	r0, r3
10000e8a:	f6ff af4f 	blt.w	10000d2c <alarm_pool_irq_handler+0x4c>
10000e8e:	4607      	mov	r7, r0
10000e90:	46a1      	mov	r9, r4
10000e92:	696e      	ldr	r6, [r5, #20]
10000e94:	f105 0808 	add.w	r8, r5, #8
10000e98:	f9b5 3008 	ldrsh.w	r3, [r5, #8]
10000e9c:	eb07 0e47 	add.w	lr, r7, r7, lsl #1
10000ea0:	2b00      	cmp	r3, #0
10000ea2:	46c4      	mov	ip, r8
10000ea4:	eb06 02ce 	add.w	r2, r6, lr, lsl #3
10000ea8:	db15      	blt.n	10000ed6 <alarm_pool_irq_handler+0x1f6>
10000eaa:	e9d2 4002 	ldrd	r4, r0, [r2, #8]
10000eae:	46aa      	mov	sl, r5
10000eb0:	9701      	str	r7, [sp, #4]
10000eb2:	e004      	b.n	10000ebe <alarm_pool_irq_handler+0x1de>
10000eb4:	f936 3035 	ldrsh.w	r3, [r6, r5, lsl #3]
10000eb8:	4694      	mov	ip, r2
10000eba:	2b00      	cmp	r3, #0
10000ebc:	db09      	blt.n	10000ed2 <alarm_pool_irq_handler+0x1f2>
10000ebe:	eb03 0543 	add.w	r5, r3, r3, lsl #1
10000ec2:	eb06 02c5 	add.w	r2, r6, r5, lsl #3
10000ec6:	e9d2 7102 	ldrd	r7, r1, [r2, #8]
10000eca:	42bc      	cmp	r4, r7
10000ecc:	eb70 0101 	sbcs.w	r1, r0, r1
10000ed0:	daf0      	bge.n	10000eb4 <alarm_pool_irq_handler+0x1d4>
10000ed2:	4655      	mov	r5, sl
10000ed4:	9f01      	ldr	r7, [sp, #4]
10000ed6:	f8ac 7000 	strh.w	r7, [ip]
10000eda:	f936 703e 	ldrsh.w	r7, [r6, lr, lsl #3]
10000ede:	f826 303e 	strh.w	r3, [r6, lr, lsl #3]
10000ee2:	2f00      	cmp	r7, #0
10000ee4:	dad8      	bge.n	10000e98 <alarm_pool_irq_handler+0x1b8>
10000ee6:	79ab      	ldrb	r3, [r5, #6]
10000ee8:	464c      	mov	r4, r9
10000eea:	2b00      	cmp	r3, #0
10000eec:	f43f af22 	beq.w	10000d34 <alarm_pool_irq_handler+0x54>
10000ef0:	2300      	movs	r3, #0
10000ef2:	71ab      	strb	r3, [r5, #6]
10000ef4:	f9b5 6008 	ldrsh.w	r6, [r5, #8]
10000ef8:	1c72      	adds	r2, r6, #1
10000efa:	4633      	mov	r3, r6
10000efc:	d03b      	beq.n	10000f76 <alarm_pool_irq_handler+0x296>
10000efe:	6968      	ldr	r0, [r5, #20]
10000f00:	f105 0e08 	add.w	lr, r5, #8
10000f04:	e003      	b.n	10000f0e <alarm_pool_irq_handler+0x22e>
10000f06:	468e      	mov	lr, r1
10000f08:	1c5a      	adds	r2, r3, #1
10000f0a:	f43f af15 	beq.w	10000d38 <alarm_pool_irq_handler+0x58>
10000f0e:	eb03 0243 	add.w	r2, r3, r3, lsl #1
10000f12:	eb00 01c2 	add.w	r1, r0, r2, lsl #3
10000f16:	884f      	ldrh	r7, [r1, #2]
10000f18:	469c      	mov	ip, r3
10000f1a:	043f      	lsls	r7, r7, #16
10000f1c:	f930 3032 	ldrsh.w	r3, [r0, r2, lsl #3]
10000f20:	d5f1      	bpl.n	10000f06 <alarm_pool_irq_handler+0x226>
10000f22:	4566      	cmp	r6, ip
10000f24:	ed81 8b02 	vstr	d8, [r1, #8]
10000f28:	d0ee      	beq.n	10000f08 <alarm_pool_irq_handler+0x228>
10000f2a:	f8ae 3000 	strh.w	r3, [lr]
10000f2e:	8929      	ldrh	r1, [r5, #8]
10000f30:	4666      	mov	r6, ip
10000f32:	f820 1032 	strh.w	r1, [r0, r2, lsl #3]
10000f36:	f8a5 c008 	strh.w	ip, [r5, #8]
10000f3a:	e7e5      	b.n	10000f08 <alarm_pool_irq_handler+0x228>
10000f3c:	f839 303a 	ldrh.w	r3, [r9, sl, lsl #3]
10000f40:	812b      	strh	r3, [r5, #8]
10000f42:	692b      	ldr	r3, [r5, #16]
10000f44:	f3ef 8210 	mrs	r2, PRIMASK
10000f48:	b672      	cpsid	i
10000f4a:	e8d3 0fcf 	ldaexb	r0, [r3]
10000f4e:	2101      	movs	r1, #1
10000f50:	2800      	cmp	r0, #0
10000f52:	d1fa      	bne.n	10000f4a <alarm_pool_irq_handler+0x26a>
10000f54:	e8c3 1f40 	strexb	r0, r1, [r3]
10000f58:	2800      	cmp	r0, #0
10000f5a:	d1f6      	bne.n	10000f4a <alarm_pool_irq_handler+0x26a>
10000f5c:	f3bf 8f5f 	dmb	sy
10000f60:	886b      	ldrh	r3, [r5, #2]
10000f62:	6929      	ldr	r1, [r5, #16]
10000f64:	f829 303a 	strh.w	r3, [r9, sl, lsl #3]
10000f68:	2300      	movs	r3, #0
10000f6a:	806e      	strh	r6, [r5, #2]
10000f6c:	e8c1 3f8f 	stlb	r3, [r1]
10000f70:	f382 8810 	msr	PRIMASK, r2
10000f74:	e6d6      	b.n	10000d24 <alarm_pool_irq_handler+0x44>
10000f76:	bf40      	sev
10000f78:	b005      	add	sp, #20
10000f7a:	ecbd 8b02 	vpop	{d8}
10000f7e:	e8bd 8ff0 	ldmia.w	sp!, {r4, r5, r6, r7, r8, r9, sl, fp, pc}
10000f82:	4620      	mov	r0, r4
10000f84:	9303      	str	r3, [sp, #12]
10000f86:	9201      	str	r2, [sp, #4]
10000f88:	f000 fae6 	bl	10001558 <timer_time_us_64>
10000f8c:	9a01      	ldr	r2, [sp, #4]
10000f8e:	9b03      	ldr	r3, [sp, #12]
10000f90:	eb10 0e02 	adds.w	lr, r0, r2
10000f94:	eb43 0801 	adc.w	r8, r3, r1
10000f98:	e72b      	b.n	10000df2 <alarm_pool_irq_handler+0x112>
10000f9a:	bf00      	nop
10000f9c:	f3af 8000 	nop.w
10000fa0:	ffffffff 	.word	0xffffffff
10000fa4:	ffffffff 	.word	0xffffffff
10000fa8:	400b8000 	.word	0x400b8000
10000fac:	20001c7c 	.word	0x20001c7c
10000fb0:	400b0000 	.word	0x400b0000
10000fb4:	10000ce1 	.word	0x10000ce1
10000fb8:	4608      	mov	r0, r1
10000fba:	690b      	ldr	r3, [r1, #16]
10000fbc:	9103      	str	r1, [sp, #12]
10000fbe:	4798      	blx	r3
10000fc0:	2800      	cmp	r0, #0
10000fc2:	d0bb      	beq.n	10000f3c <alarm_pool_irq_handler+0x25c>
10000fc4:	9903      	ldr	r1, [sp, #12]
10000fc6:	e9d1 2300 	ldrd	r2, r3, [r1]
10000fca:	e706      	b.n	10000dda <alarm_pool_irq_handler+0xfa>

10000fcc <runtime_init_default_alarm_pool>:
10000fcc:	b538      	push	{r3, r4, r5, lr}
10000fce:	4b38      	ldr	r3, [pc, #224]	@ (100010b0 <runtime_init_default_alarm_pool+0xe4>)
10000fd0:	691c      	ldr	r4, [r3, #16]
10000fd2:	b12c      	cbz	r4, 10000fe0 <runtime_init_default_alarm_pool+0x14>
10000fd4:	e8bd 4038 	ldmia.w	sp!, {r3, r4, r5, lr}
10000fd8:	210a      	movs	r1, #10
10000fda:	4836      	ldr	r0, [pc, #216]	@ (100010b4 <runtime_init_default_alarm_pool+0xe8>)
10000fdc:	f7ff be08 	b.w	10000bf0 <lock_init>
10000fe0:	2103      	movs	r1, #3
10000fe2:	4835      	ldr	r0, [pc, #212]	@ (100010b8 <runtime_init_default_alarm_pool+0xec>)
10000fe4:	f000 faa6 	bl	10001534 <timer_hardware_alarm_claim>
10000fe8:	4d33      	ldr	r5, [pc, #204]	@ (100010b8 <runtime_init_default_alarm_pool+0xec>)
10000fea:	4b31      	ldr	r3, [pc, #196]	@ (100010b0 <runtime_init_default_alarm_pool+0xe4>)
10000fec:	60dd      	str	r5, [r3, #12]
10000fee:	f7ff fbcf 	bl	10000790 <next_striped_spin_lock_num>
10000ff2:	4a32      	ldr	r2, [pc, #200]	@ (100010bc <runtime_init_default_alarm_pool+0xf0>)
10000ff4:	f04f 4e50 	mov.w	lr, #3489660928	@ 0xd0000000
10000ff8:	4402      	add	r2, r0
10000ffa:	2003      	movs	r0, #3
10000ffc:	4b2c      	ldr	r3, [pc, #176]	@ (100010b0 <runtime_init_default_alarm_pool+0xe4>)
10000ffe:	f04f 0c0f 	mov.w	ip, #15
10001002:	7018      	strb	r0, [r3, #0]
10001004:	611a      	str	r2, [r3, #16]
10001006:	f8de 2000 	ldr.w	r2, [lr]
1000100a:	f64f 71ff 	movw	r1, #65535	@ 0xffff
1000100e:	705a      	strb	r2, [r3, #1]
10001010:	695a      	ldr	r2, [r3, #20]
10001012:	f8a3 c002 	strh.w	ip, [r3, #2]
10001016:	8314      	strh	r4, [r2, #24]
10001018:	f04f 0402 	mov.w	r4, #2
1000101c:	f8a2 4048 	strh.w	r4, [r2, #72]	@ 0x48
10001020:	f04f 0404 	mov.w	r4, #4
10001024:	f8a2 4078 	strh.w	r4, [r2, #120]	@ 0x78
10001028:	f04f 0405 	mov.w	r4, #5
1000102c:	f8a2 4090 	strh.w	r4, [r2, #144]	@ 0x90
10001030:	f04f 0406 	mov.w	r4, #6
10001034:	f8a2 40a8 	strh.w	r4, [r2, #168]	@ 0xa8
10001038:	f04f 0407 	mov.w	r4, #7
1000103c:	f8a2 40c0 	strh.w	r4, [r2, #192]	@ 0xc0
10001040:	f04f 0409 	mov.w	r4, #9
10001044:	f8a2 40f0 	strh.w	r4, [r2, #240]	@ 0xf0
10001048:	f04f 040a 	mov.w	r4, #10
1000104c:	f8a2 4108 	strh.w	r4, [r2, #264]	@ 0x108
10001050:	f04f 040b 	mov.w	r4, #11
10001054:	f8a2 4120 	strh.w	r4, [r2, #288]	@ 0x120
10001058:	f04f 040c 	mov.w	r4, #12
1000105c:	f8a2 4138 	strh.w	r4, [r2, #312]	@ 0x138
10001060:	f04f 0401 	mov.w	r4, #1
10001064:	8614      	strh	r4, [r2, #48]	@ 0x30
10001066:	f04f 0408 	mov.w	r4, #8
1000106a:	f8a2 40d8 	strh.w	r4, [r2, #216]	@ 0xd8
1000106e:	4c14      	ldr	r4, [pc, #80]	@ (100010c0 <runtime_init_default_alarm_pool+0xf4>)
10001070:	f04f 0e0d 	mov.w	lr, #13
10001074:	f04f 0c0e 	mov.w	ip, #14
10001078:	609c      	str	r4, [r3, #8]
1000107a:	2408      	movs	r4, #8
1000107c:	8099      	strh	r1, [r3, #4]
1000107e:	f8a2 e150 	strh.w	lr, [r2, #336]	@ 0x150
10001082:	f8a2 c168 	strh.w	ip, [r2, #360]	@ 0x168
10001086:	f8a2 0060 	strh.w	r0, [r2, #96]	@ 0x60
1000108a:	8011      	strh	r1, [r2, #0]
1000108c:	4a0d      	ldr	r2, [pc, #52]	@ (100010c4 <runtime_init_default_alarm_pool+0xf8>)
1000108e:	622c      	str	r4, [r5, #32]
10001090:	490d      	ldr	r1, [pc, #52]	@ (100010c8 <runtime_init_default_alarm_pool+0xfc>)
10001092:	60d3      	str	r3, [r2, #12]
10001094:	f7ff fc10 	bl	100008b8 <irq_set_exclusive_handler>
10001098:	2101      	movs	r1, #1
1000109a:	2003      	movs	r0, #3
1000109c:	f7ff fbca 	bl	10000834 <irq_set_enabled>
100010a0:	4b0a      	ldr	r3, [pc, #40]	@ (100010cc <runtime_init_default_alarm_pool+0x100>)
100010a2:	210a      	movs	r1, #10
100010a4:	641c      	str	r4, [r3, #64]	@ 0x40
100010a6:	4803      	ldr	r0, [pc, #12]	@ (100010b4 <runtime_init_default_alarm_pool+0xe8>)
100010a8:	e8bd 4038 	ldmia.w	sp!, {r3, r4, r5, lr}
100010ac:	f7ff bda0 	b.w	10000bf0 <lock_init>
100010b0:	20001330 	.word	0x20001330
100010b4:	20001ca4 	.word	0x20001ca4
100010b8:	400b0000 	.word	0x400b0000
100010bc:	200016b4 	.word	0x200016b4
100010c0:	0010ffff 	.word	0x0010ffff
100010c4:	20001c7c 	.word	0x20001c7c
100010c8:	10000ce1 	.word	0x10000ce1
100010cc:	400b2000 	.word	0x400b2000

100010d0 <alarm_pool_get_default>:
100010d0:	4800      	ldr	r0, [pc, #0]	@ (100010d4 <alarm_pool_get_default+0x4>)
100010d2:	4770      	bx	lr
100010d4:	20001330 	.word	0x20001330

100010d8 <alarm_pool_add_alarm_at>:
100010d8:	b5f0      	push	{r4, r5, r6, r7, lr}
100010da:	b083      	sub	sp, #12
100010dc:	f89d 4028 	ldrb.w	r4, [sp, #40]	@ 0x28
100010e0:	461d      	mov	r5, r3
100010e2:	4603      	mov	r3, r0
100010e4:	b954      	cbnz	r4, 100010fc <alarm_pool_add_alarm_at+0x24>
100010e6:	e9cd 0200 	strd	r0, r2, [sp]
100010ea:	f000 fa3d 	bl	10001568 <time_us_64>
100010ee:	9a01      	ldr	r2, [sp, #4]
100010f0:	9b00      	ldr	r3, [sp, #0]
100010f2:	4282      	cmp	r2, r0
100010f4:	eb65 0101 	sbc.w	r1, r5, r1
100010f8:	42a1      	cmp	r1, r4
100010fa:	db5b      	blt.n	100011b4 <alarm_pool_add_alarm_at+0xdc>
100010fc:	6919      	ldr	r1, [r3, #16]
100010fe:	f3ef 8010 	mrs	r0, PRIMASK
10001102:	b672      	cpsid	i
10001104:	e8d1 6fcf 	ldaexb	r6, [r1]
10001108:	2401      	movs	r4, #1
1000110a:	2e00      	cmp	r6, #0
1000110c:	d1fa      	bne.n	10001104 <alarm_pool_add_alarm_at+0x2c>
1000110e:	e8c1 4f46 	strexb	r6, r4, [r1]
10001112:	2e00      	cmp	r6, #0
10001114:	d1f6      	bne.n	10001104 <alarm_pool_add_alarm_at+0x2c>
10001116:	f3bf 8f5f 	dmb	sy
1000111a:	f9b3 4002 	ldrsh.w	r4, [r3, #2]
1000111e:	691f      	ldr	r7, [r3, #16]
10001120:	2c00      	cmp	r4, #0
10001122:	db3e      	blt.n	100011a2 <alarm_pool_add_alarm_at+0xca>
10001124:	f8d3 c014 	ldr.w	ip, [r3, #20]
10001128:	eb04 0e44 	add.w	lr, r4, r4, lsl #1
1000112c:	f83c 103e 	ldrh.w	r1, [ip, lr, lsl #3]
10001130:	2600      	movs	r6, #0
10001132:	8059      	strh	r1, [r3, #2]
10001134:	eb0c 01ce 	add.w	r1, ip, lr, lsl #3
10001138:	e8c7 6f8f 	stlb	r6, [r7]
1000113c:	f380 8810 	msr	PRIMASK, r0
10001140:	8848      	ldrh	r0, [r1, #2]
10001142:	e9c1 2502 	strd	r2, r5, [r1, #8]
10001146:	3001      	adds	r0, #1
10001148:	f3c0 000e 	ubfx	r0, r0, #0, #15
1000114c:	2801      	cmp	r0, #1
1000114e:	bf38      	it	cc
10001150:	2001      	movcc	r0, #1
10001152:	9a08      	ldr	r2, [sp, #32]
10001154:	8048      	strh	r0, [r1, #2]
10001156:	610a      	str	r2, [r1, #16]
10001158:	9a09      	ldr	r2, [sp, #36]	@ 0x24
1000115a:	ea40 4004 	orr.w	r0, r0, r4, lsl #16
1000115e:	614a      	str	r2, [r1, #20]
10001160:	691a      	ldr	r2, [r3, #16]
10001162:	f3ef 8110 	mrs	r1, PRIMASK
10001166:	b672      	cpsid	i
10001168:	e8d2 7fcf 	ldaexb	r7, [r2]
1000116c:	2501      	movs	r5, #1
1000116e:	2f00      	cmp	r7, #0
10001170:	d1fa      	bne.n	10001168 <alarm_pool_add_alarm_at+0x90>
10001172:	e8c2 5f47 	strexb	r7, r5, [r2]
10001176:	2f00      	cmp	r7, #0
10001178:	d1f6      	bne.n	10001168 <alarm_pool_add_alarm_at+0x90>
1000117a:	f3bf 8f5f 	dmb	sy
1000117e:	889a      	ldrh	r2, [r3, #4]
10001180:	f82c 203e 	strh.w	r2, [ip, lr, lsl #3]
10001184:	691a      	ldr	r2, [r3, #16]
10001186:	809c      	strh	r4, [r3, #4]
10001188:	e8c2 6f8f 	stlb	r6, [r2]
1000118c:	f381 8810 	msr	PRIMASK, r1
10001190:	2101      	movs	r1, #1
10001192:	781c      	ldrb	r4, [r3, #0]
10001194:	68da      	ldr	r2, [r3, #12]
10001196:	40a1      	lsls	r1, r4
10001198:	f502 5301 	add.w	r3, r2, #8256	@ 0x2040
1000119c:	6059      	str	r1, [r3, #4]
1000119e:	b003      	add	sp, #12
100011a0:	bdf0      	pop	{r4, r5, r6, r7, pc}
100011a2:	2300      	movs	r3, #0
100011a4:	e8c7 3f8f 	stlb	r3, [r7]
100011a8:	f380 8810 	msr	PRIMASK, r0
100011ac:	f04f 30ff 	mov.w	r0, #4294967295	@ 0xffffffff
100011b0:	b003      	add	sp, #12
100011b2:	bdf0      	pop	{r4, r5, r6, r7, pc}
100011b4:	4620      	mov	r0, r4
100011b6:	b003      	add	sp, #12
100011b8:	bdf0      	pop	{r4, r5, r6, r7, pc}
100011ba:	bf00      	nop

100011bc <alarm_pool_add_alarm_at_force_in_context>:
100011bc:	b5f0      	push	{r4, r5, r6, r7, lr}
100011be:	4616      	mov	r6, r2
100011c0:	461f      	mov	r7, r3
100011c2:	6902      	ldr	r2, [r0, #16]
100011c4:	4603      	mov	r3, r0
100011c6:	f3ef 8010 	mrs	r0, PRIMASK
100011ca:	b672      	cpsid	i
100011cc:	e8d2 4fcf 	ldaexb	r4, [r2]
100011d0:	2101      	movs	r1, #1
100011d2:	2c00      	cmp	r4, #0
100011d4:	d1fa      	bne.n	100011cc <alarm_pool_add_alarm_at_force_in_context+0x10>
100011d6:	e8c2 1f44 	strexb	r4, r1, [r2]
100011da:	2c00      	cmp	r4, #0
100011dc:	d1f6      	bne.n	100011cc <alarm_pool_add_alarm_at_force_in_context+0x10>
100011de:	f3bf 8f5f 	dmb	sy
100011e2:	f9b3 1002 	ldrsh.w	r1, [r3, #2]
100011e6:	691d      	ldr	r5, [r3, #16]
100011e8:	2900      	cmp	r1, #0
100011ea:	db45      	blt.n	10001278 <alarm_pool_add_alarm_at_force_in_context+0xbc>
100011ec:	f8d3 e014 	ldr.w	lr, [r3, #20]
100011f0:	eb01 0241 	add.w	r2, r1, r1, lsl #1
100011f4:	f83e 4032 	ldrh.w	r4, [lr, r2, lsl #3]
100011f8:	eb0e 0cc2 	add.w	ip, lr, r2, lsl #3
100011fc:	805c      	strh	r4, [r3, #2]
100011fe:	2400      	movs	r4, #0
10001200:	e8c5 4f8f 	stlb	r4, [r5]
10001204:	f380 8810 	msr	PRIMASK, r0
10001208:	9805      	ldr	r0, [sp, #20]
1000120a:	4635      	mov	r5, r6
1000120c:	f8cc 0010 	str.w	r0, [ip, #16]
10001210:	9806      	ldr	r0, [sp, #24]
10001212:	463e      	mov	r6, r7
10001214:	f8cc 0014 	str.w	r0, [ip, #20]
10001218:	f8bc 0002 	ldrh.w	r0, [ip, #2]
1000121c:	e9cc 5602 	strd	r5, r6, [ip, #8]
10001220:	3001      	adds	r0, #1
10001222:	f3c0 000e 	ubfx	r0, r0, #0, #15
10001226:	2801      	cmp	r0, #1
10001228:	bf38      	it	cc
1000122a:	2001      	movcc	r0, #1
1000122c:	f8ac 0002 	strh.w	r0, [ip, #2]
10001230:	ea40 4001 	orr.w	r0, r0, r1, lsl #16
10001234:	f8d3 c010 	ldr.w	ip, [r3, #16]
10001238:	f3ef 8510 	mrs	r5, PRIMASK
1000123c:	b672      	cpsid	i
1000123e:	e8dc 7fcf 	ldaexb	r7, [ip]
10001242:	2601      	movs	r6, #1
10001244:	2f00      	cmp	r7, #0
10001246:	d1fa      	bne.n	1000123e <alarm_pool_add_alarm_at_force_in_context+0x82>
10001248:	e8cc 6f47 	strexb	r7, r6, [ip]
1000124c:	2f00      	cmp	r7, #0
1000124e:	d1f6      	bne.n	1000123e <alarm_pool_add_alarm_at_force_in_context+0x82>
10001250:	f3bf 8f5f 	dmb	sy
10001254:	f8b3 c004 	ldrh.w	ip, [r3, #4]
10001258:	f82e c032 	strh.w	ip, [lr, r2, lsl #3]
1000125c:	8099      	strh	r1, [r3, #4]
1000125e:	691a      	ldr	r2, [r3, #16]
10001260:	e8c2 4f8f 	stlb	r4, [r2]
10001264:	f385 8810 	msr	PRIMASK, r5
10001268:	2101      	movs	r1, #1
1000126a:	781c      	ldrb	r4, [r3, #0]
1000126c:	68da      	ldr	r2, [r3, #12]
1000126e:	40a1      	lsls	r1, r4
10001270:	f502 5301 	add.w	r3, r2, #8256	@ 0x2040
10001274:	6059      	str	r1, [r3, #4]
10001276:	bdf0      	pop	{r4, r5, r6, r7, pc}
10001278:	2300      	movs	r3, #0
1000127a:	e8c5 3f8f 	stlb	r3, [r5]
1000127e:	f380 8810 	msr	PRIMASK, r0
10001282:	f04f 30ff 	mov.w	r0, #4294967295	@ 0xffffffff
10001286:	bdf0      	pop	{r4, r5, r6, r7, pc}

10001288 <alarm_pool_cancel_alarm>:
10001288:	4603      	mov	r3, r0
1000128a:	8940      	ldrh	r0, [r0, #10]
1000128c:	ebb0 4f21 	cmp.w	r0, r1, asr #16
10001290:	dd3a      	ble.n	10001308 <alarm_pool_cancel_alarm+0x80>
10001292:	6958      	ldr	r0, [r3, #20]
10001294:	140a      	asrs	r2, r1, #16
10001296:	eb02 0242 	add.w	r2, r2, r2, lsl #1
1000129a:	b510      	push	{r4, lr}
1000129c:	f8d3 c010 	ldr.w	ip, [r3, #16]
100012a0:	eb00 00c2 	add.w	r0, r0, r2, lsl #3
100012a4:	f3ef 8e10 	mrs	lr, PRIMASK
100012a8:	b672      	cpsid	i
100012aa:	e8dc 4fcf 	ldaexb	r4, [ip]
100012ae:	2201      	movs	r2, #1
100012b0:	2c00      	cmp	r4, #0
100012b2:	d1fa      	bne.n	100012aa <alarm_pool_cancel_alarm+0x22>
100012b4:	e8cc 2f44 	strexb	r4, r2, [ip]
100012b8:	2c00      	cmp	r4, #0
100012ba:	d1f6      	bne.n	100012aa <alarm_pool_cancel_alarm+0x22>
100012bc:	f3bf 8f5f 	dmb	sy
100012c0:	8842      	ldrh	r2, [r0, #2]
100012c2:	b289      	uxth	r1, r1
100012c4:	b292      	uxth	r2, r2
100012c6:	428a      	cmp	r2, r1
100012c8:	d007      	beq.n	100012da <alarm_pool_cancel_alarm+0x52>
100012ca:	2200      	movs	r2, #0
100012cc:	691b      	ldr	r3, [r3, #16]
100012ce:	e8c3 2f8f 	stlb	r2, [r3]
100012d2:	f38e 8810 	msr	PRIMASK, lr
100012d6:	2000      	movs	r0, #0
100012d8:	bd10      	pop	{r4, pc}
100012da:	ea6f 4242 	mvn.w	r2, r2, lsl #17
100012de:	ea6f 4252 	mvn.w	r2, r2, lsr #17
100012e2:	8042      	strh	r2, [r0, #2]
100012e4:	2101      	movs	r1, #1
100012e6:	2200      	movs	r2, #0
100012e8:	6918      	ldr	r0, [r3, #16]
100012ea:	7199      	strb	r1, [r3, #6]
100012ec:	e8c0 2f8f 	stlb	r2, [r0]
100012f0:	f38e 8810 	msr	PRIMASK, lr
100012f4:	f893 c000 	ldrb.w	ip, [r3]
100012f8:	68da      	ldr	r2, [r3, #12]
100012fa:	4608      	mov	r0, r1
100012fc:	f502 5301 	add.w	r3, r2, #8256	@ 0x2040
10001300:	fa01 f10c 	lsl.w	r1, r1, ip
10001304:	6059      	str	r1, [r3, #4]
10001306:	bd10      	pop	{r4, pc}
10001308:	2000      	movs	r0, #0
1000130a:	4770      	bx	lr

1000130c <alarm_pool_core_num>:
1000130c:	7840      	ldrb	r0, [r0, #1]
1000130e:	4770      	bx	lr

10001310 <sleep_ms>:
10001310:	e92d 43f0 	stmdb	sp!, {r4, r5, r6, r7, r8, r9, lr}
10001314:	b083      	sub	sp, #12
10001316:	4606      	mov	r6, r0
10001318:	f000 f926 	bl	10001568 <time_us_64>
1000131c:	f44f 737a 	mov.w	r3, #1000	@ 0x3e8
10001320:	4604      	mov	r4, r0
10001322:	f04f 30ff 	mov.w	r0, #4294967295	@ 0xffffffff
10001326:	f06f 4200 	mvn.w	r2, #2147483648	@ 0x80000000
1000132a:	fbe6 4103 	umlal	r4, r1, r6, r3
1000132e:	42a0      	cmp	r0, r4
10001330:	eb72 0301 	sbcs.w	r3, r2, r1
10001334:	bf3a      	itte	cc
10001336:	4604      	movcc	r4, r0
10001338:	4615      	movcc	r5, r2
1000133a:	460d      	movcs	r5, r1
1000133c:	1fa6      	subs	r6, r4, #6
1000133e:	f145 37ff 	adc.w	r7, r5, #4294967295	@ 0xffffffff
10001342:	42b4      	cmp	r4, r6
10001344:	eb75 0307 	sbcs.w	r3, r5, r7
10001348:	bf3c      	itt	cc
1000134a:	2600      	movcc	r6, #0
1000134c:	4637      	movcc	r7, r6
1000134e:	f000 f90b 	bl	10001568 <time_us_64>
10001352:	1a30      	subs	r0, r6, r0
10001354:	eb67 0101 	sbc.w	r1, r7, r1
10001358:	2801      	cmp	r0, #1
1000135a:	f171 0100 	sbcs.w	r1, r1, #0
1000135e:	da06      	bge.n	1000136e <sleep_ms+0x5e>
10001360:	4620      	mov	r0, r4
10001362:	4629      	mov	r1, r5
10001364:	b003      	add	sp, #12
10001366:	e8bd 43f0 	ldmia.w	sp!, {r4, r5, r6, r7, r8, r9, lr}
1000136a:	f000 b907 	b.w	1000157c <busy_wait_until>
1000136e:	f000 f8fb 	bl	10001568 <time_us_64>
10001372:	4286      	cmp	r6, r0
10001374:	eb67 0101 	sbc.w	r1, r7, r1
10001378:	2900      	cmp	r1, #0
1000137a:	db0a      	blt.n	10001392 <sleep_ms+0x82>
1000137c:	2100      	movs	r1, #0
1000137e:	4b1d      	ldr	r3, [pc, #116]	@ (100013f4 <sleep_ms+0xe4>)
10001380:	4632      	mov	r2, r6
10001382:	9300      	str	r3, [sp, #0]
10001384:	481c      	ldr	r0, [pc, #112]	@ (100013f8 <sleep_ms+0xe8>)
10001386:	463b      	mov	r3, r7
10001388:	9101      	str	r1, [sp, #4]
1000138a:	f7ff ff17 	bl	100011bc <alarm_pool_add_alarm_at_force_in_context>
1000138e:	3001      	adds	r0, #1
10001390:	d0e6      	beq.n	10001360 <sleep_ms+0x50>
10001392:	f04f 0e00 	mov.w	lr, #0
10001396:	4a19      	ldr	r2, [pc, #100]	@ (100013fc <sleep_ms+0xec>)
10001398:	f8df c068 	ldr.w	ip, [pc, #104]	@ 10001404 <sleep_ms+0xf4>
1000139c:	4918      	ldr	r1, [pc, #96]	@ (10001400 <sleep_ms+0xf0>)
1000139e:	6a53      	ldr	r3, [r2, #36]	@ 0x24
100013a0:	429f      	cmp	r7, r3
100013a2:	d804      	bhi.n	100013ae <sleep_ms+0x9e>
100013a4:	6a90      	ldr	r0, [r2, #40]	@ 0x28
100013a6:	42b0      	cmp	r0, r6
100013a8:	d2da      	bcs.n	10001360 <sleep_ms+0x50>
100013aa:	429f      	cmp	r7, r3
100013ac:	d1d8      	bne.n	10001360 <sleep_ms+0x50>
100013ae:	f8dc 3000 	ldr.w	r3, [ip]
100013b2:	f3ef 8010 	mrs	r0, PRIMASK
100013b6:	b672      	cpsid	i
100013b8:	e8d3 9fcf 	ldaexb	r9, [r3]
100013bc:	f05f 0801 	movs.w	r8, #1
100013c0:	f1b9 0f00 	cmp.w	r9, #0
100013c4:	d1f8      	bne.n	100013b8 <sleep_ms+0xa8>
100013c6:	e8c3 8f49 	strexb	r9, r8, [r3]
100013ca:	f1b9 0f00 	cmp.w	r9, #0
100013ce:	d1f3      	bne.n	100013b8 <sleep_ms+0xa8>
100013d0:	f3bf 8f5f 	dmb	sy
100013d4:	780b      	ldrb	r3, [r1, #0]
100013d6:	fa5f f883 	uxtb.w	r8, r3
100013da:	f8dc 3000 	ldr.w	r3, [ip]
100013de:	e8c3 ef8f 	stlb	lr, [r3]
100013e2:	f380 8810 	msr	PRIMASK, r0
100013e6:	7808      	ldrb	r0, [r1, #0]
100013e8:	4580      	cmp	r8, r0
100013ea:	d100      	bne.n	100013ee <sleep_ms+0xde>
100013ec:	bf20      	wfe
100013ee:	bf20      	wfe
100013f0:	e7d5      	b.n	1000139e <sleep_ms+0x8e>
100013f2:	bf00      	nop
100013f4:	10000c91 	.word	0x10000c91
100013f8:	20001330 	.word	0x20001330
100013fc:	400b0000 	.word	0x400b0000
10001400:	200091f6 	.word	0x200091f6
10001404:	20001ca4 	.word	0x20001ca4

10001408 <best_effort_wfe_or_timeout>:
10001408:	b5f0      	push	{r4, r5, r6, r7, lr}
1000140a:	4602      	mov	r2, r0
1000140c:	b085      	sub	sp, #20
1000140e:	f3ef 8505 	mrs	r5, IPSR
10001412:	b2ed      	uxtb	r5, r5
10001414:	2d00      	cmp	r5, #0
10001416:	d161      	bne.n	100014dc <best_effort_wfe_or_timeout+0xd4>
10001418:	460b      	mov	r3, r1
1000141a:	4c42      	ldr	r4, [pc, #264]	@ (10001524 <best_effort_wfe_or_timeout+0x11c>)
1000141c:	e9d4 0100 	ldrd	r0, r1, [r4]
10001420:	4299      	cmp	r1, r3
10001422:	bf08      	it	eq
10001424:	4290      	cmpeq	r0, r2
10001426:	d04a      	beq.n	100014be <best_effort_wfe_or_timeout+0xb6>
10001428:	e9cd 2302 	strd	r2, r3, [sp, #8]
1000142c:	4b3e      	ldr	r3, [pc, #248]	@ (10001528 <best_effort_wfe_or_timeout+0x120>)
1000142e:	68df      	ldr	r7, [r3, #12]
10001430:	781e      	ldrb	r6, [r3, #0]
10001432:	4638      	mov	r0, r7
10001434:	f000 f890 	bl	10001558 <timer_time_us_64>
10001438:	f106 0c04 	add.w	ip, r6, #4
1000143c:	f857 c02c 	ldr.w	ip, [r7, ip, lsl #2]
10001440:	9a02      	ldr	r2, [sp, #8]
10001442:	9b03      	ldr	r3, [sp, #12]
10001444:	ebac 0c00 	sub.w	ip, ip, r0
10001448:	1a10      	subs	r0, r2, r0
1000144a:	eb63 0101 	sbc.w	r1, r3, r1
1000144e:	4560      	cmp	r0, ip
10001450:	f171 0100 	sbcs.w	r1, r1, #0
10001454:	da33      	bge.n	100014be <best_effort_wfe_or_timeout+0xb6>
10001456:	e9cd 2302 	strd	r2, r3, [sp, #8]
1000145a:	f000 f885 	bl	10001568 <time_us_64>
1000145e:	9a02      	ldr	r2, [sp, #8]
10001460:	9b03      	ldr	r3, [sp, #12]
10001462:	4282      	cmp	r2, r0
10001464:	eb63 0101 	sbc.w	r1, r3, r1
10001468:	2900      	cmp	r1, #0
1000146a:	db49      	blt.n	10001500 <best_effort_wfe_or_timeout+0xf8>
1000146c:	492f      	ldr	r1, [pc, #188]	@ (1000152c <best_effort_wfe_or_timeout+0x124>)
1000146e:	482e      	ldr	r0, [pc, #184]	@ (10001528 <best_effort_wfe_or_timeout+0x120>)
10001470:	9100      	str	r1, [sp, #0]
10001472:	9501      	str	r5, [sp, #4]
10001474:	e9cd 3202 	strd	r3, r2, [sp, #8]
10001478:	f7ff fea0 	bl	100011bc <alarm_pool_add_alarm_at_force_in_context>
1000147c:	e9dd 3202 	ldrd	r3, r2, [sp, #8]
10001480:	1e01      	subs	r1, r0, #0
10001482:	dd3d      	ble.n	10001500 <best_effort_wfe_or_timeout+0xf8>
10001484:	482a      	ldr	r0, [pc, #168]	@ (10001530 <best_effort_wfe_or_timeout+0x128>)
10001486:	e9c4 2300 	strd	r2, r3, [r4]
1000148a:	6a44      	ldr	r4, [r0, #36]	@ 0x24
1000148c:	429c      	cmp	r4, r3
1000148e:	d346      	bcc.n	1000151e <best_effort_wfe_or_timeout+0x116>
10001490:	6a80      	ldr	r0, [r0, #40]	@ 0x28
10001492:	4290      	cmp	r0, r2
10001494:	d341      	bcc.n	1000151a <best_effort_wfe_or_timeout+0x112>
10001496:	4824      	ldr	r0, [pc, #144]	@ (10001528 <best_effort_wfe_or_timeout+0x120>)
10001498:	e9cd 3202 	strd	r3, r2, [sp, #8]
1000149c:	f7ff fef4 	bl	10001288 <alarm_pool_cancel_alarm>
100014a0:	4923      	ldr	r1, [pc, #140]	@ (10001530 <best_effort_wfe_or_timeout+0x128>)
100014a2:	9b02      	ldr	r3, [sp, #8]
100014a4:	6a48      	ldr	r0, [r1, #36]	@ 0x24
100014a6:	4298      	cmp	r0, r3
100014a8:	d31c      	bcc.n	100014e4 <best_effort_wfe_or_timeout+0xdc>
100014aa:	bf14      	ite	ne
100014ac:	2001      	movne	r0, #1
100014ae:	2000      	moveq	r0, #0
100014b0:	6a8b      	ldr	r3, [r1, #40]	@ 0x28
100014b2:	9a03      	ldr	r2, [sp, #12]
100014b4:	4293      	cmp	r3, r2
100014b6:	bf28      	it	cs
100014b8:	f040 0001 	orrcs.w	r0, r0, #1
100014bc:	e00c      	b.n	100014d8 <best_effort_wfe_or_timeout+0xd0>
100014be:	bf20      	wfe
100014c0:	491b      	ldr	r1, [pc, #108]	@ (10001530 <best_effort_wfe_or_timeout+0x128>)
100014c2:	6a48      	ldr	r0, [r1, #36]	@ 0x24
100014c4:	4298      	cmp	r0, r3
100014c6:	d30d      	bcc.n	100014e4 <best_effort_wfe_or_timeout+0xdc>
100014c8:	bf14      	ite	ne
100014ca:	2001      	movne	r0, #1
100014cc:	2000      	moveq	r0, #0
100014ce:	6a8b      	ldr	r3, [r1, #40]	@ 0x28
100014d0:	4293      	cmp	r3, r2
100014d2:	bf28      	it	cs
100014d4:	f040 0001 	orrcs.w	r0, r0, #1
100014d8:	b005      	add	sp, #20
100014da:	bdf0      	pop	{r4, r5, r6, r7, pc}
100014dc:	4814      	ldr	r0, [pc, #80]	@ (10001530 <best_effort_wfe_or_timeout+0x128>)
100014de:	6a43      	ldr	r3, [r0, #36]	@ 0x24
100014e0:	428b      	cmp	r3, r1
100014e2:	d202      	bcs.n	100014ea <best_effort_wfe_or_timeout+0xe2>
100014e4:	2000      	movs	r0, #0
100014e6:	b005      	add	sp, #20
100014e8:	bdf0      	pop	{r4, r5, r6, r7, pc}
100014ea:	bf14      	ite	ne
100014ec:	2301      	movne	r3, #1
100014ee:	2300      	moveq	r3, #0
100014f0:	6a81      	ldr	r1, [r0, #40]	@ 0x28
100014f2:	4291      	cmp	r1, r2
100014f4:	bf34      	ite	cc
100014f6:	4618      	movcc	r0, r3
100014f8:	f043 0001 	orrcs.w	r0, r3, #1
100014fc:	b005      	add	sp, #20
100014fe:	bdf0      	pop	{r4, r5, r6, r7, pc}
10001500:	490b      	ldr	r1, [pc, #44]	@ (10001530 <best_effort_wfe_or_timeout+0x128>)
10001502:	6a48      	ldr	r0, [r1, #36]	@ 0x24
10001504:	4298      	cmp	r0, r3
10001506:	d3ed      	bcc.n	100014e4 <best_effort_wfe_or_timeout+0xdc>
10001508:	1ac0      	subs	r0, r0, r3
1000150a:	bf18      	it	ne
1000150c:	2001      	movne	r0, #1
1000150e:	6a8b      	ldr	r3, [r1, #40]	@ 0x28
10001510:	4293      	cmp	r3, r2
10001512:	bf28      	it	cs
10001514:	f040 0001 	orrcs.w	r0, r0, #1
10001518:	e7de      	b.n	100014d8 <best_effort_wfe_or_timeout+0xd0>
1000151a:	429c      	cmp	r4, r3
1000151c:	d1bb      	bne.n	10001496 <best_effort_wfe_or_timeout+0x8e>
1000151e:	bf20      	wfe
10001520:	e7b9      	b.n	10001496 <best_effort_wfe_or_timeout+0x8e>
10001522:	bf00      	nop
10001524:	20001328 	.word	0x20001328
10001528:	20001330 	.word	0x20001330
1000152c:	10000c91 	.word	0x10000c91
10001530:	400b0000 	.word	0x400b0000

10001534 <timer_hardware_alarm_claim>:
10001534:	b410      	push	{r4}
10001536:	4b05      	ldr	r3, [pc, #20]	@ (1000154c <timer_hardware_alarm_claim+0x18>)
10001538:	4c05      	ldr	r4, [pc, #20]	@ (10001550 <timer_hardware_alarm_claim+0x1c>)
1000153a:	4a06      	ldr	r2, [pc, #24]	@ (10001554 <timer_hardware_alarm_claim+0x20>)
1000153c:	42a0      	cmp	r0, r4
1000153e:	bf14      	ite	ne
10001540:	4618      	movne	r0, r3
10001542:	1c58      	addeq	r0, r3, #1
10001544:	bc10      	pop	{r4}
10001546:	f7ff b8b5 	b.w	100006b4 <hw_claim_or_assert>
1000154a:	bf00      	nop
1000154c:	20001808 	.word	0x20001808
10001550:	400b8000 	.word	0x400b8000
10001554:	10005e88 	.word	0x10005e88

10001558 <timer_time_us_64>:
10001558:	4603      	mov	r3, r0
1000155a:	6a41      	ldr	r1, [r0, #36]	@ 0x24
1000155c:	460a      	mov	r2, r1
1000155e:	6a98      	ldr	r0, [r3, #40]	@ 0x28
10001560:	6a59      	ldr	r1, [r3, #36]	@ 0x24
10001562:	428a      	cmp	r2, r1
10001564:	d1fa      	bne.n	1000155c <timer_time_us_64+0x4>
10001566:	4770      	bx	lr

10001568 <time_us_64>:
10001568:	4b03      	ldr	r3, [pc, #12]	@ (10001578 <time_us_64+0x10>)
1000156a:	6a59      	ldr	r1, [r3, #36]	@ 0x24
1000156c:	460a      	mov	r2, r1
1000156e:	6a98      	ldr	r0, [r3, #40]	@ 0x28
10001570:	6a59      	ldr	r1, [r3, #36]	@ 0x24
10001572:	4291      	cmp	r1, r2
10001574:	d1fa      	bne.n	1000156c <time_us_64+0x4>
10001576:	4770      	bx	lr
10001578:	400b0000 	.word	0x400b0000

1000157c <busy_wait_until>:
1000157c:	4a07      	ldr	r2, [pc, #28]	@ (1000159c <busy_wait_until+0x20>)
1000157e:	6a53      	ldr	r3, [r2, #36]	@ 0x24
10001580:	4299      	cmp	r1, r3
10001582:	d8fc      	bhi.n	1000157e <busy_wait_until+0x2>
10001584:	4299      	cmp	r1, r3
10001586:	d107      	bne.n	10001598 <busy_wait_until+0x1c>
10001588:	4b04      	ldr	r3, [pc, #16]	@ (1000159c <busy_wait_until+0x20>)
1000158a:	e002      	b.n	10001592 <busy_wait_until+0x16>
1000158c:	6a5a      	ldr	r2, [r3, #36]	@ 0x24
1000158e:	4291      	cmp	r1, r2
10001590:	d102      	bne.n	10001598 <busy_wait_until+0x1c>
10001592:	6a9a      	ldr	r2, [r3, #40]	@ 0x28
10001594:	4290      	cmp	r0, r2
10001596:	d8f9      	bhi.n	1000158c <busy_wait_until+0x10>
10001598:	4770      	bx	lr
1000159a:	bf00      	nop
1000159c:	400b0000 	.word	0x400b0000

100015a0 <clock_configure_undivided>:
100015a0:	eb00 0c40 	add.w	ip, r0, r0, lsl #1
100015a4:	ea4f 0c8c 	mov.w	ip, ip, lsl #2
100015a8:	f10c 4c80 	add.w	ip, ip, #1073741824	@ 0x40000000
100015ac:	f50c 3c80 	add.w	ip, ip, #65536	@ 0x10000
100015b0:	b570      	push	{r4, r5, r6, lr}
100015b2:	461e      	mov	r6, r3
100015b4:	f8dc 3004 	ldr.w	r3, [ip, #4]
100015b8:	1f04      	subs	r4, r0, #4
100015ba:	f5b3 3f80 	cmp.w	r3, #65536	@ 0x10000
100015be:	bf38      	it	cc
100015c0:	f44f 3380 	movcc.w	r3, #65536	@ 0x10000
100015c4:	b2e4      	uxtb	r4, r4
100015c6:	bf38      	it	cc
100015c8:	f8cc 3004 	strcc.w	r3, [ip, #4]
100015cc:	2c01      	cmp	r4, #1
100015ce:	d92e      	bls.n	1000162e <clock_configure_undivided+0x8e>
100015d0:	f44f 6500 	mov.w	r5, #2048	@ 0x800
100015d4:	4b28      	ldr	r3, [pc, #160]	@ (10001678 <clock_configure_undivided+0xd8>)
100015d6:	f50c 5e40 	add.w	lr, ip, #12288	@ 0x3000
100015da:	f8ce 5000 	str.w	r5, [lr]
100015de:	f853 e020 	ldr.w	lr, [r3, r0, lsl #2]
100015e2:	f1be 0f00 	cmp.w	lr, #0
100015e6:	d117      	bne.n	10001618 <clock_configure_undivided+0x78>
100015e8:	f8dc e000 	ldr.w	lr, [ip]
100015ec:	2c01      	cmp	r4, #1
100015ee:	ea8e 1242 	eor.w	r2, lr, r2, lsl #5
100015f2:	f002 02e0 	and.w	r2, r2, #224	@ 0xe0
100015f6:	f50c 5e80 	add.w	lr, ip, #4096	@ 0x1000
100015fa:	f8ce 2000 	str.w	r2, [lr]
100015fe:	d92b      	bls.n	10001658 <clock_configure_undivided+0xb8>
10001600:	f44f 6100 	mov.w	r1, #2048	@ 0x800
10001604:	f843 6020 	str.w	r6, [r3, r0, lsl #2]
10001608:	f44f 3380 	mov.w	r3, #65536	@ 0x10000
1000160c:	f50c 5200 	add.w	r2, ip, #8192	@ 0x2000
10001610:	6011      	str	r1, [r2, #0]
10001612:	f8cc 3004 	str.w	r3, [ip, #4]
10001616:	bd70      	pop	{r4, r5, r6, pc}
10001618:	695d      	ldr	r5, [r3, #20]
1000161a:	fbb5 fefe 	udiv	lr, r5, lr
1000161e:	f10e 0e01 	add.w	lr, lr, #1
10001622:	eb0e 0e4e 	add.w	lr, lr, lr, lsl #1
10001626:	f1be 0e03 	subs.w	lr, lr, #3
1000162a:	d2fc      	bcs.n	10001626 <clock_configure_undivided+0x86>
1000162c:	e7dc      	b.n	100015e8 <clock_configure_undivided+0x48>
1000162e:	2901      	cmp	r1, #1
10001630:	d1ce      	bne.n	100015d0 <clock_configure_undivided+0x30>
10001632:	2403      	movs	r4, #3
10001634:	f50c 5340 	add.w	r3, ip, #12288	@ 0x3000
10001638:	601c      	str	r4, [r3, #0]
1000163a:	f8dc 3008 	ldr.w	r3, [ip, #8]
1000163e:	07db      	lsls	r3, r3, #31
10001640:	d5fb      	bpl.n	1000163a <clock_configure_undivided+0x9a>
10001642:	f8dc 3000 	ldr.w	r3, [ip]
10001646:	f50c 5e80 	add.w	lr, ip, #4096	@ 0x1000
1000164a:	ea83 1342 	eor.w	r3, r3, r2, lsl #5
1000164e:	f003 03e0 	and.w	r3, r3, #224	@ 0xe0
10001652:	f8ce 3000 	str.w	r3, [lr]
10001656:	4b08      	ldr	r3, [pc, #32]	@ (10001678 <clock_configure_undivided+0xd8>)
10001658:	2201      	movs	r2, #1
1000165a:	f8dc 4000 	ldr.w	r4, [ip]
1000165e:	404c      	eors	r4, r1
10001660:	f004 0403 	and.w	r4, r4, #3
10001664:	f8ce 4000 	str.w	r4, [lr]
10001668:	fa02 f101 	lsl.w	r1, r2, r1
1000166c:	f8dc 2008 	ldr.w	r2, [ip, #8]
10001670:	420a      	tst	r2, r1
10001672:	d0fb      	beq.n	1000166c <clock_configure_undivided+0xcc>
10001674:	e7c4      	b.n	10001600 <clock_configure_undivided+0x60>
10001676:	bf00      	nop
10001678:	2000180c 	.word	0x2000180c

1000167c <clock_get_hz>:
1000167c:	4b01      	ldr	r3, [pc, #4]	@ (10001684 <clock_get_hz+0x8>)
1000167e:	f853 0020 	ldr.w	r0, [r3, r0, lsl #2]
10001682:	4770      	bx	lr
10001684:	2000180c 	.word	0x2000180c

10001688 <pll_init>:
10001688:	b510      	push	{r4, lr}
1000168a:	9c02      	ldr	r4, [sp, #8]
1000168c:	468e      	mov	lr, r1
1000168e:	ea4f 3c04 	mov.w	ip, r4, lsl #12
10001692:	ea4c 4c03 	orr.w	ip, ip, r3, lsl #16
10001696:	4b1c      	ldr	r3, [pc, #112]	@ (10001708 <pll_init+0x80>)
10001698:	fbb3 f3f1 	udiv	r3, r3, r1
1000169c:	6801      	ldr	r1, [r0, #0]
1000169e:	fbb2 f4f3 	udiv	r4, r2, r3
100016a2:	2900      	cmp	r1, #0
100016a4:	db20      	blt.n	100016e8 <pll_init+0x60>
100016a6:	4a19      	ldr	r2, [pc, #100]	@ (1000170c <pll_init+0x84>)
100016a8:	4b19      	ldr	r3, [pc, #100]	@ (10001710 <pll_init+0x88>)
100016aa:	4290      	cmp	r0, r2
100016ac:	bf14      	ite	ne
100016ae:	f44f 4280 	movne.w	r2, #16384	@ 0x4000
100016b2:	f44f 4200 	moveq.w	r2, #32768	@ 0x8000
100016b6:	4917      	ldr	r1, [pc, #92]	@ (10001714 <pll_init+0x8c>)
100016b8:	601a      	str	r2, [r3, #0]
100016ba:	f503 5380 	add.w	r3, r3, #4096	@ 0x1000
100016be:	601a      	str	r2, [r3, #0]
100016c0:	688b      	ldr	r3, [r1, #8]
100016c2:	ea32 0303 	bics.w	r3, r2, r3
100016c6:	d1fb      	bne.n	100016c0 <pll_init+0x38>
100016c8:	2221      	movs	r2, #33	@ 0x21
100016ca:	f500 5340 	add.w	r3, r0, #12288	@ 0x3000
100016ce:	3304      	adds	r3, #4
100016d0:	f8c0 e000 	str.w	lr, [r0]
100016d4:	6084      	str	r4, [r0, #8]
100016d6:	601a      	str	r2, [r3, #0]
100016d8:	6802      	ldr	r2, [r0, #0]
100016da:	2a00      	cmp	r2, #0
100016dc:	dafc      	bge.n	100016d8 <pll_init+0x50>
100016de:	2208      	movs	r2, #8
100016e0:	f8c0 c00c 	str.w	ip, [r0, #12]
100016e4:	601a      	str	r2, [r3, #0]
100016e6:	bd10      	pop	{r4, pc}
100016e8:	6803      	ldr	r3, [r0, #0]
100016ea:	f003 033f 	and.w	r3, r3, #63	@ 0x3f
100016ee:	4573      	cmp	r3, lr
100016f0:	d1d9      	bne.n	100016a6 <pll_init+0x1e>
100016f2:	6883      	ldr	r3, [r0, #8]
100016f4:	f3c3 030b 	ubfx	r3, r3, #0, #12
100016f8:	42a3      	cmp	r3, r4
100016fa:	d1d4      	bne.n	100016a6 <pll_init+0x1e>
100016fc:	68c3      	ldr	r3, [r0, #12]
100016fe:	f403 23ee 	and.w	r3, r3, #487424	@ 0x77000
10001702:	4563      	cmp	r3, ip
10001704:	d1cf      	bne.n	100016a6 <pll_init+0x1e>
10001706:	bd10      	pop	{r4, pc}
10001708:	00b71b00 	.word	0x00b71b00
1000170c:	40058000 	.word	0x40058000
10001710:	40022000 	.word	0x40022000
10001714:	40020000 	.word	0x40020000

10001718 <watchdog_reboot>:
10001718:	f04f 4c80 	mov.w	ip, #1073741824	@ 0x40000000
1000171c:	4b21      	ldr	r3, [pc, #132]	@ (100017a4 <watchdog_reboot+0x8c>)
1000171e:	b500      	push	{lr}
10001720:	f8c3 c000 	str.w	ip, [r3]
10001724:	2800      	cmp	r0, #0
10001726:	d039      	beq.n	1000179c <watchdog_reboot+0x84>
10001728:	f8df c088 	ldr.w	ip, [pc, #136]	@ 100017b4 <watchdog_reboot+0x9c>
1000172c:	f5a3 5340 	sub.w	r3, r3, #12288	@ 0x3000
10001730:	f8c3 c01c 	str.w	ip, [r3, #28]
10001734:	f8df c080 	ldr.w	ip, [pc, #128]	@ 100017b8 <watchdog_reboot+0xa0>
10001738:	f040 0001 	orr.w	r0, r0, #1
1000173c:	ea80 0c0c 	eor.w	ip, r0, ip
10001740:	f8c3 c020 	str.w	ip, [r3, #32]
10001744:	6259      	str	r1, [r3, #36]	@ 0x24
10001746:	6298      	str	r0, [r3, #40]	@ 0x28
10001748:	f04f 4e80 	mov.w	lr, #1073741824	@ 0x40000000
1000174c:	f04f 61e0 	mov.w	r1, #117440512	@ 0x7000000
10001750:	4b14      	ldr	r3, [pc, #80]	@ (100017a4 <watchdog_reboot+0x8c>)
10001752:	4815      	ldr	r0, [pc, #84]	@ (100017a8 <watchdog_reboot+0x90>)
10001754:	f8df c064 	ldr.w	ip, [pc, #100]	@ 100017bc <watchdog_reboot+0xa4>
10001758:	f8c3 e000 	str.w	lr, [r3]
1000175c:	f8c0 c008 	str.w	ip, [r0, #8]
10001760:	6019      	str	r1, [r3, #0]
10001762:	b92a      	cbnz	r2, 10001770 <watchdog_reboot+0x58>
10001764:	f04f 4200 	mov.w	r2, #2147483648	@ 0x80000000
10001768:	f5a3 5380 	sub.w	r3, r3, #4096	@ 0x1000
1000176c:	601a      	str	r2, [r3, #0]
1000176e:	bd00      	pop	{pc}
10001770:	f44f 737a 	mov.w	r3, #1000	@ 0x3e8
10001774:	fb03 f202 	mul.w	r2, r3, r2
10001778:	f1b2 7f80 	cmp.w	r2, #16777216	@ 0x1000000
1000177c:	bf2a      	itet	cs
1000177e:	f06f 437f 	mvncs.w	r3, #4278190080	@ 0xff000000
10001782:	4613      	movcc	r3, r2
10001784:	461a      	movcs	r2, r3
10001786:	f04f 4180 	mov.w	r1, #1073741824	@ 0x40000000
1000178a:	f8df c034 	ldr.w	ip, [pc, #52]	@ 100017c0 <watchdog_reboot+0xa8>
1000178e:	4807      	ldr	r0, [pc, #28]	@ (100017ac <watchdog_reboot+0x94>)
10001790:	f8cc 3000 	str.w	r3, [ip]
10001794:	4b06      	ldr	r3, [pc, #24]	@ (100017b0 <watchdog_reboot+0x98>)
10001796:	6042      	str	r2, [r0, #4]
10001798:	6019      	str	r1, [r3, #0]
1000179a:	bd00      	pop	{pc}
1000179c:	4b03      	ldr	r3, [pc, #12]	@ (100017ac <watchdog_reboot+0x94>)
1000179e:	61d8      	str	r0, [r3, #28]
100017a0:	e7d2      	b.n	10001748 <watchdog_reboot+0x30>
100017a2:	bf00      	nop
100017a4:	400db000 	.word	0x400db000
100017a8:	4001a000 	.word	0x4001a000
100017ac:	400d8000 	.word	0x400d8000
100017b0:	400da000 	.word	0x400da000
100017b4:	b007c0d3 	.word	0xb007c0d3
100017b8:	4ff83f2d 	.word	0x4ff83f2d
100017bc:	01fffff3 	.word	0x01fffff3
100017c0:	20001c6c 	.word	0x20001c6c

100017c4 <tick_start>:
100017c4:	2301      	movs	r3, #1
100017c6:	eb00 0040 	add.w	r0, r0, r0, lsl #1
100017ca:	0080      	lsls	r0, r0, #2
100017cc:	f100 4080 	add.w	r0, r0, #1073741824	@ 0x40000000
100017d0:	f500 1084 	add.w	r0, r0, #1081344	@ 0x108000
100017d4:	6041      	str	r1, [r0, #4]
100017d6:	6003      	str	r3, [r0, #0]
100017d8:	4770      	bx	lr
100017da:	bf00      	nop

100017dc <rom_reboot.constprop.0.isra.0>:
100017dc:	b510      	push	{r4, lr}
100017de:	2400      	movs	r4, #0
100017e0:	b082      	sub	sp, #8
100017e2:	460b      	mov	r3, r1
100017e4:	8ae4      	ldrh	r4, [r4, #22]
100017e6:	2100      	movs	r1, #0
100017e8:	e841 f100 	tt	r1, r1
100017ec:	e9cd 0300 	strd	r0, r3, [sp]
100017f0:	024b      	lsls	r3, r1, #9
100017f2:	bf54      	ite	pl
100017f4:	2110      	movpl	r1, #16
100017f6:	2104      	movmi	r1, #4
100017f8:	f244 2052 	movw	r0, #16978	@ 0x4252
100017fc:	47a0      	blx	r4
100017fe:	e9dd 2300 	ldrd	r2, r3, [sp]
10001802:	4686      	mov	lr, r0
10001804:	210a      	movs	r1, #10
10001806:	f44f 7081 	mov.w	r0, #258	@ 0x102
1000180a:	46f4      	mov	ip, lr
1000180c:	b002      	add	sp, #8
1000180e:	e8bd 4010 	ldmia.w	sp!, {r4, lr}
10001812:	4760      	bx	ip

10001814 <rom_func_lookup>:
10001814:	2300      	movs	r3, #0
10001816:	8adb      	ldrh	r3, [r3, #22]
10001818:	2200      	movs	r2, #0
1000181a:	e842 f200 	tt	r2, r2
1000181e:	0252      	lsls	r2, r2, #9
10001820:	d401      	bmi.n	10001826 <rom_func_lookup+0x12>
10001822:	2110      	movs	r1, #16
10001824:	4718      	bx	r3
10001826:	2104      	movs	r1, #4
10001828:	4718      	bx	r3
1000182a:	bf00      	nop

1000182c <rom_reset_usb_boot_extra>:
1000182c:	b508      	push	{r3, lr}
1000182e:	4603      	mov	r3, r0
10001830:	4608      	mov	r0, r1
10001832:	1e19      	subs	r1, r3, #0
10001834:	db02      	blt.n	1000183c <rom_reset_usb_boot_extra+0x10>
10001836:	b11a      	cbz	r2, 10001840 <rom_reset_usb_boot_extra+0x14>
10001838:	f040 0030 	orr.w	r0, r0, #48	@ 0x30
1000183c:	f7ff ffce 	bl	100017dc <rom_reboot.constprop.0.isra.0>
10001840:	f040 0020 	orr.w	r0, r0, #32
10001844:	e7fa      	b.n	1000183c <rom_reset_usb_boot_extra+0x10>
10001846:	bf00      	nop

10001848 <runtime_init_bootrom_locking_enable>:
10001848:	4a03      	ldr	r2, [pc, #12]	@ (10001858 <runtime_init_bootrom_locking_enable+0x10>)
1000184a:	f8d2 3828 	ldr.w	r3, [r2, #2088]	@ 0x828
1000184e:	2b00      	cmp	r3, #0
10001850:	d0fb      	beq.n	1000184a <runtime_init_bootrom_locking_enable+0x2>
10001852:	f3bf 8f5f 	dmb	sy
10001856:	4770      	bx	lr
10001858:	400e0000 	.word	0x400e0000

1000185c <runtime_init_boot_locks_reset>:
1000185c:	2100      	movs	r1, #0
1000185e:	4b04      	ldr	r3, [pc, #16]	@ (10001870 <runtime_init_boot_locks_reset+0x14>)
10001860:	4a04      	ldr	r2, [pc, #16]	@ (10001874 <runtime_init_boot_locks_reset+0x18>)
10001862:	f3bf 8f5f 	dmb	sy
10001866:	f843 1b04 	str.w	r1, [r3], #4
1000186a:	4293      	cmp	r3, r2
1000186c:	d1f9      	bne.n	10001862 <runtime_init_boot_locks_reset+0x6>
1000186e:	4770      	bx	lr
10001870:	400e080c 	.word	0x400e080c
10001874:	400e082c 	.word	0x400e082c

10001878 <xosc_init>:
10001878:	f44f 6c2a 	mov.w	ip, #2720	@ 0xaa0
1000187c:	f44f 708d 	mov.w	r0, #282	@ 0x11a
10001880:	4a05      	ldr	r2, [pc, #20]	@ (10001898 <xosc_init+0x20>)
10001882:	4b06      	ldr	r3, [pc, #24]	@ (1000189c <xosc_init+0x24>)
10001884:	4906      	ldr	r1, [pc, #24]	@ (100018a0 <xosc_init+0x28>)
10001886:	f8c2 c000 	str.w	ip, [r2]
1000188a:	60d0      	str	r0, [r2, #12]
1000188c:	6019      	str	r1, [r3, #0]
1000188e:	6853      	ldr	r3, [r2, #4]
10001890:	2b00      	cmp	r3, #0
10001892:	dafc      	bge.n	1000188e <xosc_init+0x16>
10001894:	4770      	bx	lr
10001896:	bf00      	nop
10001898:	40048000 	.word	0x40048000
1000189c:	4004a000 	.word	0x4004a000
100018a0:	00fab000 	.word	0x00fab000

100018a4 <first_per_core_initializer>:
100018a4:	4770      	bx	lr
100018a6:	bf00      	nop

100018a8 <hard_assertion_failure>:
100018a8:	b508      	push	{r3, lr}
100018aa:	4801      	ldr	r0, [pc, #4]	@ (100018b0 <hard_assertion_failure+0x8>)
100018ac:	f7fe feea 	bl	10000684 <panic>
100018b0:	10005eac 	.word	0x10005eac

100018b4 <runtime_run_initializers>:
100018b4:	b538      	push	{r3, r4, r5, lr}
100018b6:	4c05      	ldr	r4, [pc, #20]	@ (100018cc <runtime_run_initializers+0x18>)
100018b8:	4d05      	ldr	r5, [pc, #20]	@ (100018d0 <runtime_run_initializers+0x1c>)
100018ba:	42ac      	cmp	r4, r5
100018bc:	d204      	bcs.n	100018c8 <runtime_run_initializers+0x14>
100018be:	f854 3b04 	ldr.w	r3, [r4], #4
100018c2:	4798      	blx	r3
100018c4:	42ac      	cmp	r4, r5
100018c6:	d3fa      	bcc.n	100018be <runtime_run_initializers+0xa>
100018c8:	bd38      	pop	{r3, r4, r5, pc}
100018ca:	bf00      	nop
100018cc:	10005cb8 	.word	0x10005cb8
100018d0:	10005cf8 	.word	0x10005cf8

100018d4 <runtime_init_early_resets>:
100018d4:	4806      	ldr	r0, [pc, #24]	@ (100018f0 <runtime_init_early_resets+0x1c>)
100018d6:	f8df c028 	ldr.w	ip, [pc, #40]	@ 10001900 <runtime_init_early_resets+0x2c>
100018da:	4b06      	ldr	r3, [pc, #24]	@ (100018f4 <runtime_init_early_resets+0x20>)
100018dc:	4a06      	ldr	r2, [pc, #24]	@ (100018f8 <runtime_init_early_resets+0x24>)
100018de:	4907      	ldr	r1, [pc, #28]	@ (100018fc <runtime_init_early_resets+0x28>)
100018e0:	f8c0 c000 	str.w	ip, [r0]
100018e4:	601a      	str	r2, [r3, #0]
100018e6:	688b      	ldr	r3, [r1, #8]
100018e8:	ea32 0303 	bics.w	r3, r2, r3
100018ec:	d1fb      	bne.n	100018e6 <runtime_init_early_resets+0x12>
100018ee:	4770      	bx	lr
100018f0:	40022000 	.word	0x40022000
100018f4:	40023000 	.word	0x40023000
100018f8:	03f3fff6 	.word	0x03f3fff6
100018fc:	40020000 	.word	0x40020000
10001900:	efef3b7f 	.word	0xefef3b7f

10001904 <runtime_init_usb_power_down>:
10001904:	4b04      	ldr	r3, [pc, #16]	@ (10001918 <runtime_init_usb_power_down+0x14>)
10001906:	6cdb      	ldr	r3, [r3, #76]	@ 0x4c
10001908:	f5b3 4f00 	cmp.w	r3, #32768	@ 0x8000
1000190c:	d103      	bne.n	10001916 <runtime_init_usb_power_down+0x12>
1000190e:	f44f 2280 	mov.w	r2, #262144	@ 0x40000
10001912:	4b02      	ldr	r3, [pc, #8]	@ (1000191c <runtime_init_usb_power_down+0x18>)
10001914:	64da      	str	r2, [r3, #76]	@ 0x4c
10001916:	4770      	bx	lr
10001918:	50110000 	.word	0x50110000
1000191c:	50112000 	.word	0x50112000

10001920 <runtime_init_per_core_enable_coprocessors>:
10001920:	f04f 22e0 	mov.w	r2, #3758153728	@ 0xe000e000
10001924:	4b04      	ldr	r3, [pc, #16]	@ (10001938 <runtime_init_per_core_enable_coprocessors+0x18>)
10001926:	f8d2 1d88 	ldr.w	r1, [r2, #3464]	@ 0xd88
1000192a:	430b      	orrs	r3, r1
1000192c:	f8c2 3d88 	str.w	r3, [r2, #3464]	@ 0xd88
10001930:	ee10 0430 			dcp_rcmp r0
10001934:	4770      	bx	lr
10001936:	bf00      	nop
10001938:	00300303 	.word	0x00300303

1000193c <runtime_init_post_clock_resets>:
1000193c:	f06f 4160 	mvn.w	r1, #3758096384	@ 0xe0000000
10001940:	4b04      	ldr	r3, [pc, #16]	@ (10001954 <runtime_init_post_clock_resets+0x18>)
10001942:	4a05      	ldr	r2, [pc, #20]	@ (10001958 <runtime_init_post_clock_resets+0x1c>)
10001944:	6019      	str	r1, [r3, #0]
10001946:	6893      	ldr	r3, [r2, #8]
10001948:	43db      	mvns	r3, r3
1000194a:	f033 4360 	bics.w	r3, r3, #3758096384	@ 0xe0000000
1000194e:	d1fa      	bne.n	10001946 <runtime_init_post_clock_resets+0xa>
10001950:	4770      	bx	lr
10001952:	bf00      	nop
10001954:	40023000 	.word	0x40023000
10001958:	40020000 	.word	0x40020000

1000195c <runtime_init_bootrom_reset>:
1000195c:	b510      	push	{r4, lr}
1000195e:	f245 2053 	movw	r0, #21075	@ 0x5253
10001962:	f7ff ff57 	bl	10001814 <rom_func_lookup>
10001966:	e8bd 4010 	ldmia.w	sp!, {r4, lr}
1000196a:	4603      	mov	r3, r0
1000196c:	2004      	movs	r0, #4
1000196e:	4718      	bx	r3

10001970 <runtime_init_per_core_bootrom_reset>:
10001970:	b510      	push	{r4, lr}
10001972:	f245 2053 	movw	r0, #21075	@ 0x5253
10001976:	f7ff ff4d 	bl	10001814 <rom_func_lookup>
1000197a:	e8bd 4010 	ldmia.w	sp!, {r4, lr}
1000197e:	4603      	mov	r3, r0
10001980:	2001      	movs	r0, #1
10001982:	4718      	bx	r3

10001984 <runtime_init_spin_locks_reset>:
10001984:	f7fe bf2a 	b.w	100007dc <spin_locks_reset>

10001988 <runtime_init_install_ram_vector_table>:
10001988:	4913      	ldr	r1, [pc, #76]	@ (100019d8 <runtime_init_install_ram_vector_table+0x50>)
1000198a:	4b14      	ldr	r3, [pc, #80]	@ (100019dc <runtime_init_install_ram_vector_table+0x54>)
1000198c:	b570      	push	{r4, r5, r6, lr}
1000198e:	1a5c      	subs	r4, r3, r1
10001990:	08a5      	lsrs	r5, r4, #2
10001992:	2d44      	cmp	r5, #68	@ 0x44
10001994:	462a      	mov	r2, r5
10001996:	bf28      	it	cs
10001998:	2244      	movcs	r2, #68	@ 0x44
1000199a:	4e11      	ldr	r6, [pc, #68]	@ (100019e0 <runtime_init_install_ram_vector_table+0x58>)
1000199c:	0092      	lsls	r2, r2, #2
1000199e:	4630      	mov	r0, r6
100019a0:	f004 f966 	bl	10005c70 <__memcpy_veneer>
100019a4:	2d43      	cmp	r5, #67	@ 0x43
100019a6:	d813      	bhi.n	100019d0 <runtime_init_install_ram_vector_table+0x48>
100019a8:	4a0e      	ldr	r2, [pc, #56]	@ (100019e4 <runtime_init_install_ram_vector_table+0x5c>)
100019aa:	d00f      	beq.n	100019cc <runtime_init_install_ram_vector_table+0x44>
100019ac:	f1c5 0044 	rsb	r0, r5, #68	@ 0x44
100019b0:	1933      	adds	r3, r6, r4
100019b2:	0841      	lsrs	r1, r0, #1
100019b4:	eb03 01c1 	add.w	r1, r3, r1, lsl #3
100019b8:	e9c3 2200 	strd	r2, r2, [r3]
100019bc:	3308      	adds	r3, #8
100019be:	428b      	cmp	r3, r1
100019c0:	d1fa      	bne.n	100019b8 <runtime_init_install_ram_vector_table+0x30>
100019c2:	07c3      	lsls	r3, r0, #31
100019c4:	d504      	bpl.n	100019d0 <runtime_init_install_ram_vector_table+0x48>
100019c6:	f020 0001 	bic.w	r0, r0, #1
100019ca:	4405      	add	r5, r0
100019cc:	f846 2025 	str.w	r2, [r6, r5, lsl #2]
100019d0:	4b05      	ldr	r3, [pc, #20]	@ (100019e8 <runtime_init_install_ram_vector_table+0x60>)
100019d2:	609e      	str	r6, [r3, #8]
100019d4:	bd70      	pop	{r4, r5, r6, pc}
100019d6:	bf00      	nop
100019d8:	10000000 	.word	0x10000000
100019dc:	10000110 	.word	0x10000110
100019e0:	20000000 	.word	0x20000000
100019e4:	10000111 	.word	0x10000111
100019e8:	e000ed00 	.word	0xe000ed00

100019ec <runtime_init_clocks>:
100019ec:	2300      	movs	r3, #0
100019ee:	b570      	push	{r4, r5, r6, lr}
100019f0:	4c2b      	ldr	r4, [pc, #172]	@ (10001aa0 <runtime_init_clocks+0xb4>)
100019f2:	b082      	sub	sp, #8
100019f4:	f8c4 3084 	str.w	r3, [r4, #132]	@ 0x84
100019f8:	f7ff ff3e 	bl	10001878 <xosc_init>
100019fc:	2201      	movs	r2, #1
100019fe:	4b29      	ldr	r3, [pc, #164]	@ (10001aa4 <runtime_init_clocks+0xb8>)
10001a00:	63da      	str	r2, [r3, #60]	@ 0x3c
10001a02:	6c63      	ldr	r3, [r4, #68]	@ 0x44
10001a04:	2b01      	cmp	r3, #1
10001a06:	d1fc      	bne.n	10001a02 <runtime_init_clocks+0x16>
10001a08:	2103      	movs	r1, #3
10001a0a:	4a26      	ldr	r2, [pc, #152]	@ (10001aa4 <runtime_init_clocks+0xb8>)
10001a0c:	4b24      	ldr	r3, [pc, #144]	@ (10001aa0 <runtime_init_clocks+0xb4>)
10001a0e:	6311      	str	r1, [r2, #48]	@ 0x30
10001a10:	6b9c      	ldr	r4, [r3, #56]	@ 0x38
10001a12:	2c01      	cmp	r4, #1
10001a14:	d1fc      	bne.n	10001a10 <runtime_init_clocks+0x24>
10001a16:	2602      	movs	r6, #2
10001a18:	2505      	movs	r5, #5
10001a1a:	4621      	mov	r1, r4
10001a1c:	2305      	movs	r3, #5
10001a1e:	4a22      	ldr	r2, [pc, #136]	@ (10001aa8 <runtime_init_clocks+0xbc>)
10001a20:	4822      	ldr	r0, [pc, #136]	@ (10001aac <runtime_init_clocks+0xc0>)
10001a22:	9600      	str	r6, [sp, #0]
10001a24:	f7ff fe30 	bl	10001688 <pll_init>
10001a28:	4621      	mov	r1, r4
10001a2a:	462b      	mov	r3, r5
10001a2c:	4a20      	ldr	r2, [pc, #128]	@ (10001ab0 <runtime_init_clocks+0xc4>)
10001a2e:	4821      	ldr	r0, [pc, #132]	@ (10001ab4 <runtime_init_clocks+0xc8>)
10001a30:	9500      	str	r5, [sp, #0]
10001a32:	f7ff fe29 	bl	10001688 <pll_init>
10001a36:	2200      	movs	r2, #0
10001a38:	2004      	movs	r0, #4
10001a3a:	4631      	mov	r1, r6
10001a3c:	4b1e      	ldr	r3, [pc, #120]	@ (10001ab8 <runtime_init_clocks+0xcc>)
10001a3e:	f7ff fdaf 	bl	100015a0 <clock_configure_undivided>
10001a42:	4621      	mov	r1, r4
10001a44:	4628      	mov	r0, r5
10001a46:	2200      	movs	r2, #0
10001a48:	4b1c      	ldr	r3, [pc, #112]	@ (10001abc <runtime_init_clocks+0xd0>)
10001a4a:	f7ff fda9 	bl	100015a0 <clock_configure_undivided>
10001a4e:	2200      	movs	r2, #0
10001a50:	2008      	movs	r0, #8
10001a52:	4611      	mov	r1, r2
10001a54:	4b1a      	ldr	r3, [pc, #104]	@ (10001ac0 <runtime_init_clocks+0xd4>)
10001a56:	f7ff fda3 	bl	100015a0 <clock_configure_undivided>
10001a5a:	2200      	movs	r2, #0
10001a5c:	2009      	movs	r0, #9
10001a5e:	4611      	mov	r1, r2
10001a60:	4b17      	ldr	r3, [pc, #92]	@ (10001ac0 <runtime_init_clocks+0xd4>)
10001a62:	f7ff fd9d 	bl	100015a0 <clock_configure_undivided>
10001a66:	2200      	movs	r2, #0
10001a68:	2006      	movs	r0, #6
10001a6a:	4611      	mov	r1, r2
10001a6c:	4b13      	ldr	r3, [pc, #76]	@ (10001abc <runtime_init_clocks+0xd0>)
10001a6e:	f7ff fd97 	bl	100015a0 <clock_configure_undivided>
10001a72:	2200      	movs	r2, #0
10001a74:	4b11      	ldr	r3, [pc, #68]	@ (10001abc <runtime_init_clocks+0xd0>)
10001a76:	2007      	movs	r0, #7
10001a78:	4611      	mov	r1, r2
10001a7a:	f7ff fd91 	bl	100015a0 <clock_configure_undivided>
10001a7e:	2004      	movs	r0, #4
10001a80:	f7ff fdfc 	bl	1000167c <clock_get_hz>
10001a84:	2400      	movs	r4, #0
10001a86:	4b0f      	ldr	r3, [pc, #60]	@ (10001ac4 <runtime_init_clocks+0xd8>)
10001a88:	fba3 3500 	umull	r3, r5, r3, r0
10001a8c:	0cad      	lsrs	r5, r5, #18
10001a8e:	b2e0      	uxtb	r0, r4
10001a90:	4629      	mov	r1, r5
10001a92:	3401      	adds	r4, #1
10001a94:	f7ff fe96 	bl	100017c4 <tick_start>
10001a98:	2c06      	cmp	r4, #6
10001a9a:	d1f8      	bne.n	10001a8e <runtime_init_clocks+0xa2>
10001a9c:	b002      	add	sp, #8
10001a9e:	bd70      	pop	{r4, r5, r6, pc}
10001aa0:	40010000 	.word	0x40010000
10001aa4:	40013000 	.word	0x40013000
10001aa8:	59682f00 	.word	0x59682f00
10001aac:	40050000 	.word	0x40050000
10001ab0:	47868c00 	.word	0x47868c00
10001ab4:	40058000 	.word	0x40058000
10001ab8:	00b71b00 	.word	0x00b71b00
10001abc:	08f0d180 	.word	0x08f0d180
10001ac0:	02dc6c00 	.word	0x02dc6c00
10001ac4:	431bde83 	.word	0x431bde83

10001ac8 <generic_save_state>:
10001ac8:	b086      	sub	sp, #24
10001aca:	b403      	push	{r0, r1}
10001acc:	fc51 0408 	dcp_pxmd r0, r1
10001ad0:	e9cd 0102 	strd	r0, r1, [sp, #8]
10001ad4:	fc51 0409 	dcp_pymd r0, r1
10001ad8:	e9cd 0104 	strd	r0, r1, [sp, #16]
10001adc:	ec51 040a 	dcp_refd r0, r1
10001ae0:	e9cd 0106 	strd	r0, r1, [sp, #24]
10001ae4:	bc03      	pop	{r0, r1}
10001ae6:	47f0      	blx	lr

10001ae8 <generic_restore_state>:
10001ae8:	e8bd 5000 	ldmia.w	sp!, {ip, lr}
10001aec:	ec4e c400 	dcp_wxmd ip, lr
10001af0:	e8bd 5000 	ldmia.w	sp!, {ip, lr}
10001af4:	ec4e c401 	dcp_wymd ip, lr
10001af8:	e8bd 5000 	ldmia.w	sp!, {ip, lr}
10001afc:	ec4e c402 	dcp_wefd ip, lr
10001b00:	bd00      	pop	{pc}
10001b02:	0000      	movs	r0, r0
10001b04:	b500      	push	{lr}
10001b06:	f7ff ffdf 	bl	10001ac8 <generic_save_state>
10001b0a:	e002      	b.n	10001b12 <__wrap___aeabi_dadd+0x6>

10001b0c <__wrap___aeabi_dadd>:
10001b0c:	fe10 f430 	dcp_pcmp APSR_nzcv
10001b10:	d4f8      	bmi.n	10001b04 <generic_restore_state+0x1c>
10001b12:	ec41 0410 	dcp_wxup r0, r1
10001b16:	ec43 2411 	dcp_wyup r2, r3
10001b1a:	ee00 0401 			dcp_add0
10001b1e:	ee10 0401 			dcp_add1
10001b22:	ee80 0420 			dcp_nrdd
10001b26:	ec51 0410 	dcp_rdda r0, r1
10001b2a:	4770      	bx	lr
10001b2c:	b500      	push	{lr}
10001b2e:	f7ff ffcb 	bl	10001ac8 <generic_save_state>
10001b32:	e002      	b.n	10001b3a <__wrap___aeabi_dsub+0x6>

10001b34 <__wrap___aeabi_dsub>:
10001b34:	fe10 f430 	dcp_pcmp APSR_nzcv
10001b38:	d4f8      	bmi.n	10001b2c <__wrap___aeabi_dadd+0x20>
10001b3a:	ec41 0410 	dcp_wxup r0, r1
10001b3e:	ec43 2411 	dcp_wyup r2, r3
10001b42:	ee00 0401 			dcp_add0
10001b46:	ee10 0421 			dcp_sub1
10001b4a:	ee80 0420 			dcp_nrdd
10001b4e:	ec51 0430 	dcp_rdds r0, r1
10001b52:	4770      	bx	lr
10001b54:	b500      	push	{lr}
10001b56:	f7ff ffb7 	bl	10001ac8 <generic_save_state>
10001b5a:	e002      	b.n	10001b62 <__wrap___aeabi_dmul+0x6>

10001b5c <__wrap___aeabi_dmul>:
10001b5c:	fe10 f430 	dcp_pcmp APSR_nzcv
10001b60:	d4f8      	bmi.n	10001b54 <__wrap___aeabi_dsub+0x20>
10001b62:	b510      	push	{r4, lr}
10001b64:	ec41 0410 	dcp_wxup r0, r1
10001b68:	ec43 2411 	dcp_wyup r2, r3
10001b6c:	ec51 0404 	dcp_rxms r0, r1, #0x0
10001b70:	ec53 2405 	dcp_ryms r2, r3, #0x0
10001b74:	fba0 4c02 	umull	r4, ip, r0, r2
10001b78:	f05f 0e00 	movs.w	lr, #0
10001b7c:	fbe0 ce03 	umlal	ip, lr, r0, r3
10001b80:	fbe1 ce02 	umlal	ip, lr, r1, r2
10001b84:	ec4c 4420 	dcp_wxms r4, ip
10001b88:	2400      	movs	r4, #0
10001b8a:	fbe1 e403 	umlal	lr, r4, r1, r3
10001b8e:	ec44 e430 	dcp_wxmo lr, r4
10001b92:	ee80 0420 			dcp_nrdd
10001b96:	ec51 0450 	dcp_rddm r0, r1
10001b9a:	bd10      	pop	{r4, pc}
10001b9c:	b500      	push	{lr}
10001b9e:	f7ff ff93 	bl	10001ac8 <generic_save_state>
10001ba2:	e002      	b.n	10001baa <__wrap___aeabi_ddiv+0x6>

10001ba4 <__wrap___aeabi_ddiv>:
10001ba4:	fe10 f430 	dcp_pcmp APSR_nzcv
10001ba8:	d4f8      	bmi.n	10001b9c <__wrap___aeabi_dmul+0x40>
10001baa:	ec41 0410 	dcp_wxup r0, r1
10001bae:	ec43 2411 	dcp_wyup r2, r3
10001bb2:	ec51 0421 	dcp_rymr r0, r1
10001bb6:	fba0 1201 	umull	r1, r2, r0, r1
10001bba:	ea6f 0282 	mvn.w	r2, r2, lsl #2
10001bbe:	fb52 0010 	smmlar	r0, r2, r0, r0
10001bc2:	fb52 f212 	smmulr	r2, r2, r2
10001bc6:	fb52 0010 	smmlar	r0, r2, r0, r0
10001bca:	eba0 7cd0 	sub.w	ip, r0, r0, lsr #31
10001bce:	ec53 2404 	dcp_rxms r2, r3, #0x0
10001bd2:	fb5c f113 	smmulr	r1, ip, r3
10001bd6:	ec53 2415 	dcp_ryms r2, r3, #0x1
10001bda:	fba1 2002 	umull	r2, r0, r1, r2
10001bde:	fb01 0003 	mla	r0, r1, r3, r0
10001be2:	ec53 2444 	dcp_rxms r2, r3, #0x4
10001be6:	eba2 0000 	sub.w	r0, r2, r0
10001bea:	fb50 f21c 	smmulr	r2, r0, ip
10001bee:	ea4f 1311 	mov.w	r3, r1, lsr #4
10001bf2:	eb12 7001 	adds.w	r0, r2, r1, lsl #28
10001bf6:	eb43 71e2 	adc.w	r1, r3, r2, asr #31
10001bfa:	ea40 5051 	orr.w	r0, r0, r1, lsr #21
10001bfe:	ea20 5091 	bic.w	r0, r0, r1, lsr #22
10001c02:	f020 0007 	bic.w	r0, r0, #7
10001c06:	ec53 2475 	dcp_ryms r2, r3, #0x7
10001c0a:	fba0 3c02 	umull	r3, ip, r0, r2
10001c0e:	ec53 2475 	dcp_ryms r2, r3, #0x7
10001c12:	fb00 cc03 	mla	ip, r0, r3, ip
10001c16:	fb01 cc02 	mla	ip, r1, r2, ip
10001c1a:	ec53 2404 	dcp_rxms r2, r3, #0x0
10001c1e:	ebac 4c82 	sub.w	ip, ip, r2, lsl #18
10001c22:	ea40 705c 	orr.w	r0, r0, ip, lsr #29
10001c26:	f1a0 0001 	sub.w	r0, r0, #1
10001c2a:	ec41 0440 	dcp_wxdd r0, r1
10001c2e:	ee80 0420 			dcp_nrdd
10001c32:	ec51 0470 	dcp_rddd r0, r1
10001c36:	4770      	bx	lr
10001c38:	b500      	push	{lr}
10001c3a:	f7ff ff45 	bl	10001ac8 <generic_save_state>
10001c3e:	e002      	b.n	10001c46 <__wrap___aeabi_i2d+0x6>

10001c40 <__wrap___aeabi_i2d>:
10001c40:	fe10 f430 	dcp_pcmp APSR_nzcv
10001c44:	d4f8      	bmi.n	10001c38 <__wrap___aeabi_ddiv+0x94>
10001c46:	ec40 0470 	dcp_wxic r0, r0
10001c4a:	ee00 0401 			dcp_add0
10001c4e:	ee10 0421 			dcp_sub1
10001c52:	ee80 0420 			dcp_nrdd
10001c56:	ec51 0430 	dcp_rdds r0, r1
10001c5a:	4770      	bx	lr
10001c5c:	b500      	push	{lr}
10001c5e:	f7ff ff33 	bl	10001ac8 <generic_save_state>
10001c62:	e002      	b.n	10001c6a <__wrap___aeabi_ui2d+0x6>

10001c64 <__wrap___aeabi_ui2d>:
10001c64:	fe10 f430 	dcp_pcmp APSR_nzcv
10001c68:	d4f8      	bmi.n	10001c5c <__wrap___aeabi_i2d+0x1c>
10001c6a:	ec40 0460 	dcp_wxuc r0, r0
10001c6e:	ee00 0401 			dcp_add0
10001c72:	ee10 0421 			dcp_sub1
10001c76:	ee80 0420 			dcp_nrdd
10001c7a:	ec51 0430 	dcp_rdds r0, r1
10001c7e:	4770      	bx	lr
10001c80:	b500      	push	{lr}
10001c82:	f7ff ff21 	bl	10001ac8 <generic_save_state>
10001c86:	e002      	b.n	10001c8e <double2int_z_entry>

10001c88 <__wrap___aeabi_d2iz>:
10001c88:	fe10 f430 	dcp_pcmp APSR_nzcv
10001c8c:	d4f8      	bmi.n	10001c80 <__wrap___aeabi_ui2d+0x1c>

10001c8e <double2int_z_entry>:
10001c8e:	ec41 0480 	dcp_wxdc r0, r1
10001c92:	ee00 0401 			dcp_add0
10001c96:	ee10 0401 			dcp_add1
10001c9a:	ee80 0440 			dcp_ntdc
10001c9e:	ee10 0413 			dcp_rdic r0
10001ca2:	4770      	bx	lr
10001ca4:	b500      	push	{lr}
10001ca6:	f7ff ff0f 	bl	10001ac8 <generic_save_state>
10001caa:	e002      	b.n	10001cb2 <double2uint_z_entry>

10001cac <__wrap___aeabi_d2uiz>:
10001cac:	fe10 f430 	dcp_pcmp APSR_nzcv
10001cb0:	d4f8      	bmi.n	10001ca4 <double2int_z_entry+0x16>

10001cb2 <double2uint_z_entry>:
10001cb2:	ec41 0480 	dcp_wxdc r0, r1
10001cb6:	ee00 0401 			dcp_add0
10001cba:	ee10 0401 			dcp_add1
10001cbe:	ee80 0440 			dcp_ntdc
10001cc2:	ee10 0433 			dcp_rduc r0
10001cc6:	4770      	bx	lr
10001cc8:	b500      	push	{lr}
10001cca:	f7ff fefd 	bl	10001ac8 <generic_save_state>
10001cce:	e002      	b.n	10001cd6 <__wrap___aeabi_dcmpun+0x6>

10001cd0 <__wrap___aeabi_dcmpun>:
10001cd0:	fe10 f430 	dcp_pcmp APSR_nzcv
10001cd4:	d4f8      	bmi.n	10001cc8 <double2uint_z_entry+0x16>
10001cd6:	ec41 0410 	dcp_wxup r0, r1
10001cda:	ec43 2411 	dcp_wyup r2, r3
10001cde:	ee00 0401 			dcp_add0
10001ce2:	ee10 0430 			dcp_rcmp r0
10001ce6:	f3c0 7000 	ubfx	r0, r0, #28, #1
10001cea:	4770      	bx	lr
10001cec:	b500      	push	{lr}
10001cee:	f7ff feeb 	bl	10001ac8 <generic_save_state>
10001cf2:	e002      	b.n	10001cfa <__wrap___aeabi_dcmplt+0x6>

10001cf4 <__wrap___aeabi_dcmplt>:
10001cf4:	fe10 f430 	dcp_pcmp APSR_nzcv
10001cf8:	d4f8      	bmi.n	10001cec <__wrap___aeabi_dcmpun+0x1c>
10001cfa:	ec43 2410 	dcp_wxup r2, r3
10001cfe:	ec41 0411 	dcp_wyup r0, r1
10001d02:	ee00 0401 			dcp_add0
10001d06:	ee10 f430 			dcp_rcmp APSR_nzcv
10001d0a:	bf8c      	ite	hi
10001d0c:	2001      	movhi	r0, #1
10001d0e:	2000      	movls	r0, #0
10001d10:	4770      	bx	lr
10001d12:	bf00      	nop
10001d14:	b500      	push	{lr}
10001d16:	f7ff fed7 	bl	10001ac8 <generic_save_state>
10001d1a:	e002      	b.n	10001d22 <__wrap___aeabi_dcmple+0x6>

10001d1c <__wrap___aeabi_dcmple>:
10001d1c:	fe10 f430 	dcp_pcmp APSR_nzcv
10001d20:	d4f8      	bmi.n	10001d14 <__wrap___aeabi_dcmplt+0x20>
10001d22:	ec43 2410 	dcp_wxup r2, r3
10001d26:	ec41 0411 	dcp_wyup r0, r1
10001d2a:	ee00 0401 			dcp_add0
10001d2e:	ee10 f430 			dcp_rcmp APSR_nzcv
10001d32:	bf2c      	ite	cs
10001d34:	2001      	movcs	r0, #1
10001d36:	2000      	movcc	r0, #0
10001d38:	4770      	bx	lr
10001d3a:	bf00      	nop
10001d3c:	b500      	push	{lr}
10001d3e:	f7ff fec3 	bl	10001ac8 <generic_save_state>
10001d42:	e002      	b.n	10001d4a <__wrap___aeabi_dcmpge+0x6>

10001d44 <__wrap___aeabi_dcmpge>:
10001d44:	fe10 f430 	dcp_pcmp APSR_nzcv
10001d48:	d4f8      	bmi.n	10001d3c <__wrap___aeabi_dcmple+0x20>
10001d4a:	ec41 0410 	dcp_wxup r0, r1
10001d4e:	ec43 2411 	dcp_wyup r2, r3
10001d52:	ee00 0401 			dcp_add0
10001d56:	ee10 f430 			dcp_rcmp APSR_nzcv
10001d5a:	bf2c      	ite	cs
10001d5c:	2001      	movcs	r0, #1
10001d5e:	2000      	movcc	r0, #0
10001d60:	4770      	bx	lr
10001d62:	bf00      	nop
10001d64:	b500      	push	{lr}
10001d66:	f7ff feaf 	bl	10001ac8 <generic_save_state>
10001d6a:	e002      	b.n	10001d72 <__wrap___aeabi_dcmpgt+0x6>

10001d6c <__wrap___aeabi_dcmpgt>:
10001d6c:	fe10 f430 	dcp_pcmp APSR_nzcv
10001d70:	d4f8      	bmi.n	10001d64 <__wrap___aeabi_dcmpge+0x20>
10001d72:	ec41 0410 	dcp_wxup r0, r1
10001d76:	ec43 2411 	dcp_wyup r2, r3
10001d7a:	ee00 0401 			dcp_add0
10001d7e:	ee10 f430 			dcp_rcmp APSR_nzcv
10001d82:	bf8c      	ite	hi
10001d84:	2001      	movhi	r0, #1
10001d86:	2000      	movls	r0, #0
10001d88:	4770      	bx	lr
10001d8a:	bf00      	nop

10001d8c <_out_null>:
10001d8c:	4770      	bx	lr
10001d8e:	bf00      	nop

10001d90 <_out_rev>:
10001d90:	e92d 4ff0 	stmdb	sp!, {r4, r5, r6, r7, r8, r9, sl, fp, lr}
10001d94:	b083      	sub	sp, #12
10001d96:	460f      	mov	r7, r1
10001d98:	4611      	mov	r1, r2
10001d9a:	e9dd b20e 	ldrd	fp, r2, [sp, #56]	@ 0x38
10001d9e:	0792      	lsls	r2, r2, #30
10001da0:	4698      	mov	r8, r3
10001da2:	e9dd 930c 	ldrd	r9, r3, [sp, #48]	@ 0x30
10001da6:	4606      	mov	r6, r0
10001da8:	d029      	beq.n	10001dfe <_out_rev+0x6e>
10001daa:	460d      	mov	r5, r1
10001dac:	b19b      	cbz	r3, 10001dd6 <_out_rev+0x46>
10001dae:	eb09 0403 	add.w	r4, r9, r3
10001db2:	eb05 0a04 	add.w	sl, r5, r4
10001db6:	9501      	str	r5, [sp, #4]
10001db8:	460d      	mov	r5, r1
10001dba:	930d      	str	r3, [sp, #52]	@ 0x34
10001dbc:	ebaa 0204 	sub.w	r2, sl, r4
10001dc0:	f814 0d01 	ldrb.w	r0, [r4, #-1]!
10001dc4:	4643      	mov	r3, r8
10001dc6:	4639      	mov	r1, r7
10001dc8:	47b0      	blx	r6
10001dca:	45a1      	cmp	r9, r4
10001dcc:	d1f6      	bne.n	10001dbc <_out_rev+0x2c>
10001dce:	4629      	mov	r1, r5
10001dd0:	9b0d      	ldr	r3, [sp, #52]	@ 0x34
10001dd2:	9d01      	ldr	r5, [sp, #4]
10001dd4:	441d      	add	r5, r3
10001dd6:	9b0f      	ldr	r3, [sp, #60]	@ 0x3c
10001dd8:	079b      	lsls	r3, r3, #30
10001dda:	d50c      	bpl.n	10001df6 <_out_rev+0x66>
10001ddc:	1a6c      	subs	r4, r5, r1
10001dde:	45a3      	cmp	fp, r4
10001de0:	d909      	bls.n	10001df6 <_out_rev+0x66>
10001de2:	462a      	mov	r2, r5
10001de4:	4643      	mov	r3, r8
10001de6:	4639      	mov	r1, r7
10001de8:	2020      	movs	r0, #32
10001dea:	3401      	adds	r4, #1
10001dec:	47b0      	blx	r6
10001dee:	455c      	cmp	r4, fp
10001df0:	f105 0501 	add.w	r5, r5, #1
10001df4:	d3f5      	bcc.n	10001de2 <_out_rev+0x52>
10001df6:	4628      	mov	r0, r5
10001df8:	b003      	add	sp, #12
10001dfa:	e8bd 8ff0 	ldmia.w	sp!, {r4, r5, r6, r7, r8, r9, sl, fp, pc}
10001dfe:	455b      	cmp	r3, fp
10001e00:	d215      	bcs.n	10001e2e <_out_rev+0x9e>
10001e02:	468a      	mov	sl, r1
10001e04:	461c      	mov	r4, r3
10001e06:	4689      	mov	r9, r1
10001e08:	ebab 0503 	sub.w	r5, fp, r3
10001e0c:	440d      	add	r5, r1
10001e0e:	4652      	mov	r2, sl
10001e10:	4643      	mov	r3, r8
10001e12:	4639      	mov	r1, r7
10001e14:	2020      	movs	r0, #32
10001e16:	f10a 0a01 	add.w	sl, sl, #1
10001e1a:	47b0      	blx	r6
10001e1c:	45aa      	cmp	sl, r5
10001e1e:	d1f6      	bne.n	10001e0e <_out_rev+0x7e>
10001e20:	4649      	mov	r1, r9
10001e22:	4623      	mov	r3, r4
10001e24:	f8dd 9030 	ldr.w	r9, [sp, #48]	@ 0x30
10001e28:	2c00      	cmp	r4, #0
10001e2a:	d1c0      	bne.n	10001dae <_out_rev+0x1e>
10001e2c:	e7e3      	b.n	10001df6 <_out_rev+0x66>
10001e2e:	460d      	mov	r5, r1
10001e30:	2b00      	cmp	r3, #0
10001e32:	d1bc      	bne.n	10001dae <_out_rev+0x1e>
10001e34:	e7df      	b.n	10001df6 <_out_rev+0x66>
10001e36:	bf00      	nop

10001e38 <_ntoa_format>:
10001e38:	e92d 4ff0 	stmdb	sp!, {r4, r5, r6, r7, r8, r9, sl, fp, lr}
10001e3c:	460f      	mov	r7, r1
10001e3e:	990f      	ldr	r1, [sp, #60]	@ 0x3c
10001e40:	4606      	mov	r6, r0
10001e42:	f89d 002c 	ldrb.w	r0, [sp, #44]	@ 0x2c
10001e46:	078d      	lsls	r5, r1, #30
10001e48:	4690      	mov	r8, r2
10001e4a:	e9dd a20c 	ldrd	sl, r2, [sp, #48]	@ 0x30
10001e4e:	4699      	mov	r9, r3
10001e50:	4683      	mov	fp, r0
10001e52:	9c09      	ldr	r4, [sp, #36]	@ 0x24
10001e54:	f8dd c028 	ldr.w	ip, [sp, #40]	@ 0x28
10001e58:	9b0e      	ldr	r3, [sp, #56]	@ 0x38
10001e5a:	d449      	bmi.n	10001ef0 <_ntoa_format+0xb8>
10001e5c:	2b00      	cmp	r3, #0
10001e5e:	d142      	bne.n	10001ee6 <_ntoa_format+0xae>
10001e60:	4594      	cmp	ip, r2
10001e62:	d245      	bcs.n	10001ef0 <_ntoa_format+0xb8>
10001e64:	f001 0501 	and.w	r5, r1, #1
10001e68:	f104 3eff 	add.w	lr, r4, #4294967295	@ 0xffffffff
10001e6c:	2030      	movs	r0, #48	@ 0x30
10001e6e:	44e6      	add	lr, ip
10001e70:	e005      	b.n	10001e7e <_ntoa_format+0x46>
10001e72:	f10c 0c01 	add.w	ip, ip, #1
10001e76:	4562      	cmp	r2, ip
10001e78:	f80e 0f01 	strb.w	r0, [lr, #1]!
10001e7c:	d902      	bls.n	10001e84 <_ntoa_format+0x4c>
10001e7e:	f1bc 0f20 	cmp.w	ip, #32
10001e82:	d1f6      	bne.n	10001e72 <_ntoa_format+0x3a>
10001e84:	2d00      	cmp	r5, #0
10001e86:	f000 8087 	beq.w	10001f98 <_ntoa_format+0x160>
10001e8a:	4563      	cmp	r3, ip
10001e8c:	d930      	bls.n	10001ef0 <_ntoa_format+0xb8>
10001e8e:	1e60      	subs	r0, r4, #1
10001e90:	f04f 0e30 	mov.w	lr, #48	@ 0x30
10001e94:	4460      	add	r0, ip
10001e96:	e005      	b.n	10001ea4 <_ntoa_format+0x6c>
10001e98:	f10c 0c01 	add.w	ip, ip, #1
10001e9c:	459c      	cmp	ip, r3
10001e9e:	f800 ef01 	strb.w	lr, [r0, #1]!
10001ea2:	d025      	beq.n	10001ef0 <_ntoa_format+0xb8>
10001ea4:	f1bc 0f20 	cmp.w	ip, #32
10001ea8:	d1f6      	bne.n	10001e98 <_ntoa_format+0x60>
10001eaa:	06cd      	lsls	r5, r1, #27
10001eac:	d50e      	bpl.n	10001ecc <_ntoa_format+0x94>
10001eae:	0548      	lsls	r0, r1, #21
10001eb0:	d451      	bmi.n	10001f56 <_ntoa_format+0x11e>
10001eb2:	4562      	cmp	r2, ip
10001eb4:	d064      	beq.n	10001f80 <_ntoa_format+0x148>
10001eb6:	4563      	cmp	r3, ip
10001eb8:	d062      	beq.n	10001f80 <_ntoa_format+0x148>
10001eba:	f1ba 0f10 	cmp.w	sl, #16
10001ebe:	d04d      	beq.n	10001f5c <_ntoa_format+0x124>
10001ec0:	f1ba 0f02 	cmp.w	sl, #2
10001ec4:	d055      	beq.n	10001f72 <_ntoa_format+0x13a>
10001ec6:	f1bc 0f20 	cmp.w	ip, #32
10001eca:	d12d      	bne.n	10001f28 <_ntoa_format+0xf0>
10001ecc:	2220      	movs	r2, #32
10001ece:	e9cd 310b 	strd	r3, r1, [sp, #44]	@ 0x2c
10001ed2:	920a      	str	r2, [sp, #40]	@ 0x28
10001ed4:	464b      	mov	r3, r9
10001ed6:	4642      	mov	r2, r8
10001ed8:	4639      	mov	r1, r7
10001eda:	4630      	mov	r0, r6
10001edc:	9409      	str	r4, [sp, #36]	@ 0x24
10001ede:	e8bd 4ff0 	ldmia.w	sp!, {r4, r5, r6, r7, r8, r9, sl, fp, lr}
10001ee2:	f7ff bf55 	b.w	10001d90 <_out_rev>
10001ee6:	f011 0501 	ands.w	r5, r1, #1
10001eea:	d12e      	bne.n	10001f4a <_ntoa_format+0x112>
10001eec:	4594      	cmp	ip, r2
10001eee:	d3bb      	bcc.n	10001e68 <_ntoa_format+0x30>
10001ef0:	06cd      	lsls	r5, r1, #27
10001ef2:	d51e      	bpl.n	10001f32 <_ntoa_format+0xfa>
10001ef4:	0548      	lsls	r0, r1, #21
10001ef6:	d4e0      	bmi.n	10001eba <_ntoa_format+0x82>
10001ef8:	f1bc 0f00 	cmp.w	ip, #0
10001efc:	d1d9      	bne.n	10001eb2 <_ntoa_format+0x7a>
10001efe:	f1ba 0f10 	cmp.w	sl, #16
10001f02:	d05f      	beq.n	10001fc4 <_ntoa_format+0x18c>
10001f04:	f1ba 0f02 	cmp.w	sl, #2
10001f08:	d074      	beq.n	10001ff4 <_ntoa_format+0x1bc>
10001f0a:	2230      	movs	r2, #48	@ 0x30
10001f0c:	f04f 0c01 	mov.w	ip, #1
10001f10:	7022      	strb	r2, [r4, #0]
10001f12:	f1bb 0f00 	cmp.w	fp, #0
10001f16:	d112      	bne.n	10001f3e <_ntoa_format+0x106>
10001f18:	0748      	lsls	r0, r1, #29
10001f1a:	d542      	bpl.n	10001fa2 <_ntoa_format+0x16a>
10001f1c:	222b      	movs	r2, #43	@ 0x2b
10001f1e:	f804 200c 	strb.w	r2, [r4, ip]
10001f22:	f10c 0201 	add.w	r2, ip, #1
10001f26:	e7d2      	b.n	10001ece <_ntoa_format+0x96>
10001f28:	4662      	mov	r2, ip
10001f2a:	f10c 0c01 	add.w	ip, ip, #1
10001f2e:	2030      	movs	r0, #48	@ 0x30
10001f30:	54a0      	strb	r0, [r4, r2]
10001f32:	f1bc 0f20 	cmp.w	ip, #32
10001f36:	d0c9      	beq.n	10001ecc <_ntoa_format+0x94>
10001f38:	f1bb 0f00 	cmp.w	fp, #0
10001f3c:	d0ec      	beq.n	10001f18 <_ntoa_format+0xe0>
10001f3e:	222d      	movs	r2, #45	@ 0x2d
10001f40:	f804 200c 	strb.w	r2, [r4, ip]
10001f44:	f10c 0201 	add.w	r2, ip, #1
10001f48:	e7c1      	b.n	10001ece <_ntoa_format+0x96>
10001f4a:	b398      	cbz	r0, 10001fb4 <_ntoa_format+0x17c>
10001f4c:	4594      	cmp	ip, r2
10001f4e:	f103 33ff 	add.w	r3, r3, #4294967295	@ 0xffffffff
10001f52:	d389      	bcc.n	10001e68 <_ntoa_format+0x30>
10001f54:	e799      	b.n	10001e8a <_ntoa_format+0x52>
10001f56:	f1ba 0f10 	cmp.w	sl, #16
10001f5a:	d1b7      	bne.n	10001ecc <_ntoa_format+0x94>
10001f5c:	068d      	lsls	r5, r1, #26
10001f5e:	d53d      	bpl.n	10001fdc <_ntoa_format+0x1a4>
10001f60:	f1bc 0f20 	cmp.w	ip, #32
10001f64:	d0b2      	beq.n	10001ecc <_ntoa_format+0x94>
10001f66:	2258      	movs	r2, #88	@ 0x58
10001f68:	f804 200c 	strb.w	r2, [r4, ip]
10001f6c:	f10c 0c01 	add.w	ip, ip, #1
10001f70:	e7a9      	b.n	10001ec6 <_ntoa_format+0x8e>
10001f72:	f1bc 0f20 	cmp.w	ip, #32
10001f76:	d0a9      	beq.n	10001ecc <_ntoa_format+0x94>
10001f78:	4662      	mov	r2, ip
10001f7a:	f10c 0c01 	add.w	ip, ip, #1
10001f7e:	e008      	b.n	10001f92 <_ntoa_format+0x15a>
10001f80:	f1bc 0201 	subs.w	r2, ip, #1
10001f84:	d0bb      	beq.n	10001efe <_ntoa_format+0xc6>
10001f86:	f1ba 0f10 	cmp.w	sl, #16
10001f8a:	d035      	beq.n	10001ff8 <_ntoa_format+0x1c0>
10001f8c:	f1ba 0f02 	cmp.w	sl, #2
10001f90:	d1cd      	bne.n	10001f2e <_ntoa_format+0xf6>
10001f92:	2062      	movs	r0, #98	@ 0x62
10001f94:	54a0      	strb	r0, [r4, r2]
10001f96:	e796      	b.n	10001ec6 <_ntoa_format+0x8e>
10001f98:	06cd      	lsls	r5, r1, #27
10001f9a:	d5ca      	bpl.n	10001f32 <_ntoa_format+0xfa>
10001f9c:	0548      	lsls	r0, r1, #21
10001f9e:	d588      	bpl.n	10001eb2 <_ntoa_format+0x7a>
10001fa0:	e78b      	b.n	10001eba <_ntoa_format+0x82>
10001fa2:	070a      	lsls	r2, r1, #28
10001fa4:	bf49      	itett	mi
10001fa6:	2220      	movmi	r2, #32
10001fa8:	4662      	movpl	r2, ip
10001faa:	f804 200c 	strbmi.w	r2, [r4, ip]
10001fae:	f10c 0201 	addmi.w	r2, ip, #1
10001fb2:	e78c      	b.n	10001ece <_ntoa_format+0x96>
10001fb4:	f011 0f0c 	tst.w	r1, #12
10001fb8:	d000      	beq.n	10001fbc <_ntoa_format+0x184>
10001fba:	3b01      	subs	r3, #1
10001fbc:	4594      	cmp	ip, r2
10001fbe:	f4ff af53 	bcc.w	10001e68 <_ntoa_format+0x30>
10001fc2:	e762      	b.n	10001e8a <_ntoa_format+0x52>
10001fc4:	068a      	lsls	r2, r1, #26
10001fc6:	d413      	bmi.n	10001ff0 <_ntoa_format+0x1b8>
10001fc8:	2278      	movs	r2, #120	@ 0x78
10001fca:	7022      	strb	r2, [r4, #0]
10001fcc:	2230      	movs	r2, #48	@ 0x30
10001fce:	f04f 0c02 	mov.w	ip, #2
10001fd2:	7062      	strb	r2, [r4, #1]
10001fd4:	f1bb 0f00 	cmp.w	fp, #0
10001fd8:	d09e      	beq.n	10001f18 <_ntoa_format+0xe0>
10001fda:	e7b0      	b.n	10001f3e <_ntoa_format+0x106>
10001fdc:	f1bc 0f20 	cmp.w	ip, #32
10001fe0:	f43f af74 	beq.w	10001ecc <_ntoa_format+0x94>
10001fe4:	2278      	movs	r2, #120	@ 0x78
10001fe6:	f804 200c 	strb.w	r2, [r4, ip]
10001fea:	f10c 0c01 	add.w	ip, ip, #1
10001fee:	e76a      	b.n	10001ec6 <_ntoa_format+0x8e>
10001ff0:	2258      	movs	r2, #88	@ 0x58
10001ff2:	e7ea      	b.n	10001fca <_ntoa_format+0x192>
10001ff4:	2262      	movs	r2, #98	@ 0x62
10001ff6:	e7e8      	b.n	10001fca <_ntoa_format+0x192>
10001ff8:	068d      	lsls	r5, r1, #26
10001ffa:	f1ac 0002 	sub.w	r0, ip, #2
10001ffe:	d504      	bpl.n	1000200a <_ntoa_format+0x1d2>
10002000:	f04f 0e58 	mov.w	lr, #88	@ 0x58
10002004:	f804 e000 	strb.w	lr, [r4, r0]
10002008:	e791      	b.n	10001f2e <_ntoa_format+0xf6>
1000200a:	f04f 0e78 	mov.w	lr, #120	@ 0x78
1000200e:	f804 e000 	strb.w	lr, [r4, r0]
10002012:	e78c      	b.n	10001f2e <_ntoa_format+0xf6>

10002014 <_out_char>:
10002014:	b900      	cbnz	r0, 10002018 <_out_char+0x4>
10002016:	4770      	bx	lr
10002018:	f001 bb5e 	b.w	100036d8 <__wrap_putchar>

1000201c <_out_fct>:
1000201c:	b110      	cbz	r0, 10002024 <_out_fct+0x8>
1000201e:	e9d1 3100 	ldrd	r3, r1, [r1]
10002022:	4718      	bx	r3
10002024:	4770      	bx	lr
10002026:	bf00      	nop

10002028 <_ftoa>:
10002028:	e92d 4ff0 	stmdb	sp!, {r4, r5, r6, r7, r8, r9, sl, fp, lr}
1000202c:	b097      	sub	sp, #92	@ 0x5c
1000202e:	ed9d 7b20 	vldr	d7, [sp, #128]	@ 0x80
10002032:	e9dd 5b22 	ldrd	r5, fp, [sp, #136]	@ 0x88
10002036:	4680      	mov	r8, r0
10002038:	4689      	mov	r9, r1
1000203a:	ec51 0b17 	vmov	r0, r1, d7
1000203e:	469a      	mov	sl, r3
10002040:	9b24      	ldr	r3, [sp, #144]	@ 0x90
10002042:	920c      	str	r2, [sp, #48]	@ 0x30
10002044:	9307      	str	r3, [sp, #28]
10002046:	4602      	mov	r2, r0
10002048:	460b      	mov	r3, r1
1000204a:	ed8d 7b04 	vstr	d7, [sp, #16]
1000204e:	f7ff fe3f 	bl	10001cd0 <__wrap___aeabi_dcmpun>
10002052:	2800      	cmp	r0, #0
10002054:	f040 81e3 	bne.w	1000241e <_ftoa+0x3f6>
10002058:	e9dd 0104 	ldrd	r0, r1, [sp, #16]
1000205c:	f04f 32ff 	mov.w	r2, #4294967295	@ 0xffffffff
10002060:	f46f 1380 	mvn.w	r3, #1048576	@ 0x100000
10002064:	f7ff fe46 	bl	10001cf4 <__wrap___aeabi_dcmplt>
10002068:	2800      	cmp	r0, #0
1000206a:	f040 80cb 	bne.w	10002204 <_ftoa+0x1dc>
1000206e:	e9dd 0104 	ldrd	r0, r1, [sp, #16]
10002072:	f04f 32ff 	mov.w	r2, #4294967295	@ 0xffffffff
10002076:	4bb2      	ldr	r3, [pc, #712]	@ (10002340 <_ftoa+0x318>)
10002078:	f7ff fe78 	bl	10001d6c <__wrap___aeabi_dcmpgt>
1000207c:	2800      	cmp	r0, #0
1000207e:	f040 809f 	bne.w	100021c0 <_ftoa+0x198>
10002082:	e9dd 6704 	ldrd	r6, r7, [sp, #16]
10002086:	a3aa      	add	r3, pc, #680	@ (adr r3, 10002330 <_ftoa+0x308>)
10002088:	e9d3 2300 	ldrd	r2, r3, [r3]
1000208c:	4630      	mov	r0, r6
1000208e:	4639      	mov	r1, r7
10002090:	f7ff fe6c 	bl	10001d6c <__wrap___aeabi_dcmpgt>
10002094:	2800      	cmp	r0, #0
10002096:	f040 8082 	bne.w	1000219e <_ftoa+0x176>
1000209a:	a3a7      	add	r3, pc, #668	@ (adr r3, 10002338 <_ftoa+0x310>)
1000209c:	e9d3 2300 	ldrd	r2, r3, [r3]
100020a0:	4630      	mov	r0, r6
100020a2:	4639      	mov	r1, r7
100020a4:	f7ff fe26 	bl	10001cf4 <__wrap___aeabi_dcmplt>
100020a8:	2800      	cmp	r0, #0
100020aa:	d178      	bne.n	1000219e <_ftoa+0x176>
100020ac:	4630      	mov	r0, r6
100020ae:	4639      	mov	r1, r7
100020b0:	2200      	movs	r2, #0
100020b2:	2300      	movs	r3, #0
100020b4:	f7ff fe1e 	bl	10001cf4 <__wrap___aeabi_dcmplt>
100020b8:	2800      	cmp	r0, #0
100020ba:	f040 8098 	bne.w	100021ee <_ftoa+0x1c6>
100020be:	900d      	str	r0, [sp, #52]	@ 0x34
100020c0:	9b07      	ldr	r3, [sp, #28]
100020c2:	2130      	movs	r1, #48	@ 0x30
100020c4:	f413 6f80 	tst.w	r3, #1024	@ 0x400
100020c8:	bf08      	it	eq
100020ca:	2506      	moveq	r5, #6
100020cc:	aa0e      	add	r2, sp, #56	@ 0x38
100020ce:	462b      	mov	r3, r5
100020d0:	f1a5 0620 	sub.w	r6, r5, #32
100020d4:	e005      	b.n	100020e2 <_ftoa+0xba>
100020d6:	3b01      	subs	r3, #1
100020d8:	42b3      	cmp	r3, r6
100020da:	f802 1b01 	strb.w	r1, [r2], #1
100020de:	f000 8165 	beq.w	100023ac <_ftoa+0x384>
100020e2:	2b09      	cmp	r3, #9
100020e4:	d8f7      	bhi.n	100020d6 <_ftoa+0xae>
100020e6:	461e      	mov	r6, r3
100020e8:	1aed      	subs	r5, r5, r3
100020ea:	e9dd 0104 	ldrd	r0, r1, [sp, #16]
100020ee:	f7ff fdcb 	bl	10001c88 <__wrap___aeabi_d2iz>
100020f2:	4b94      	ldr	r3, [pc, #592]	@ (10002344 <_ftoa+0x31c>)
100020f4:	4604      	mov	r4, r0
100020f6:	eb03 03c6 	add.w	r3, r3, r6, lsl #3
100020fa:	ed93 7b00 	vldr	d7, [r3]
100020fe:	ed8d 7b08 	vstr	d7, [sp, #32]
10002102:	f7ff fd9d 	bl	10001c40 <__wrap___aeabi_i2d>
10002106:	4602      	mov	r2, r0
10002108:	460b      	mov	r3, r1
1000210a:	e9dd 0104 	ldrd	r0, r1, [sp, #16]
1000210e:	f7ff fd11 	bl	10001b34 <__wrap___aeabi_dsub>
10002112:	e9dd 2308 	ldrd	r2, r3, [sp, #32]
10002116:	f7ff fd21 	bl	10001b5c <__wrap___aeabi_dmul>
1000211a:	e9cd 010a 	strd	r0, r1, [sp, #40]	@ 0x28
1000211e:	f7ff fdc5 	bl	10001cac <__wrap___aeabi_d2uiz>
10002122:	4607      	mov	r7, r0
10002124:	f7ff fd9e 	bl	10001c64 <__wrap___aeabi_ui2d>
10002128:	4602      	mov	r2, r0
1000212a:	460b      	mov	r3, r1
1000212c:	e9dd 010a 	ldrd	r0, r1, [sp, #40]	@ 0x28
10002130:	f7ff fd00 	bl	10001b34 <__wrap___aeabi_dsub>
10002134:	2200      	movs	r2, #0
10002136:	4b84      	ldr	r3, [pc, #528]	@ (10002348 <_ftoa+0x320>)
10002138:	e9cd 010a 	strd	r0, r1, [sp, #40]	@ 0x28
1000213c:	f7ff fe16 	bl	10001d6c <__wrap___aeabi_dcmpgt>
10002140:	2800      	cmp	r0, #0
10002142:	f000 8088 	beq.w	10002256 <_ftoa+0x22e>
10002146:	3701      	adds	r7, #1
10002148:	4638      	mov	r0, r7
1000214a:	f7ff fd8b 	bl	10001c64 <__wrap___aeabi_ui2d>
1000214e:	4602      	mov	r2, r0
10002150:	460b      	mov	r3, r1
10002152:	e9dd 0108 	ldrd	r0, r1, [sp, #32]
10002156:	f7ff fde1 	bl	10001d1c <__wrap___aeabi_dcmple>
1000215a:	b108      	cbz	r0, 10002160 <_ftoa+0x138>
1000215c:	2700      	movs	r7, #0
1000215e:	3401      	adds	r4, #1
10002160:	2e00      	cmp	r6, #0
10002162:	f000 8088 	beq.w	10002276 <_ftoa+0x24e>
10002166:	f10d 0337 	add.w	r3, sp, #55	@ 0x37
1000216a:	f8df c1f0 	ldr.w	ip, [pc, #496]	@ 1000235c <_ftoa+0x334>
1000216e:	1958      	adds	r0, r3, r5
10002170:	e00d      	b.n	1000218e <_ftoa+0x166>
10002172:	fbac 2107 	umull	r2, r1, ip, r7
10002176:	08c9      	lsrs	r1, r1, #3
10002178:	eb01 0281 	add.w	r2, r1, r1, lsl #2
1000217c:	eba7 0242 	sub.w	r2, r7, r2, lsl #1
10002180:	3230      	adds	r2, #48	@ 0x30
10002182:	2f09      	cmp	r7, #9
10002184:	f800 2f01 	strb.w	r2, [r0, #1]!
10002188:	f240 80fb 	bls.w	10002382 <_ftoa+0x35a>
1000218c:	460f      	mov	r7, r1
1000218e:	2d20      	cmp	r5, #32
10002190:	f106 36ff 	add.w	r6, r6, #4294967295	@ 0xffffffff
10002194:	f105 0501 	add.w	r5, r5, #1
10002198:	d1eb      	bne.n	10002172 <_ftoa+0x14a>
1000219a:	2520      	movs	r5, #32
1000219c:	e086      	b.n	100022ac <_ftoa+0x284>
1000219e:	9b07      	ldr	r3, [sp, #28]
100021a0:	ed9d 7b04 	vldr	d7, [sp, #16]
100021a4:	e9cd b323 	strd	fp, r3, [sp, #140]	@ 0x8c
100021a8:	4649      	mov	r1, r9
100021aa:	4653      	mov	r3, sl
100021ac:	4640      	mov	r0, r8
100021ae:	9a0c      	ldr	r2, [sp, #48]	@ 0x30
100021b0:	ed8d 7b20 	vstr	d7, [sp, #128]	@ 0x80
100021b4:	9522      	str	r5, [sp, #136]	@ 0x88
100021b6:	b017      	add	sp, #92	@ 0x5c
100021b8:	e8bd 4ff0 	ldmia.w	sp!, {r4, r5, r6, r7, r8, r9, sl, fp, lr}
100021bc:	f000 b980 	b.w	100024c0 <_etoa>
100021c0:	9b07      	ldr	r3, [sp, #28]
100021c2:	4649      	mov	r1, r9
100021c4:	0758      	lsls	r0, r3, #29
100021c6:	bf4c      	ite	mi
100021c8:	2304      	movmi	r3, #4
100021ca:	2303      	movpl	r3, #3
100021cc:	4640      	mov	r0, r8
100021ce:	9321      	str	r3, [sp, #132]	@ 0x84
100021d0:	4653      	mov	r3, sl
100021d2:	9a07      	ldr	r2, [sp, #28]
100021d4:	bf48      	it	mi
100021d6:	4c5d      	ldrmi	r4, [pc, #372]	@ (1000234c <_ftoa+0x324>)
100021d8:	e9cd b222 	strd	fp, r2, [sp, #136]	@ 0x88
100021dc:	bf58      	it	pl
100021de:	4c5c      	ldrpl	r4, [pc, #368]	@ (10002350 <_ftoa+0x328>)
100021e0:	9a0c      	ldr	r2, [sp, #48]	@ 0x30
100021e2:	9420      	str	r4, [sp, #128]	@ 0x80
100021e4:	b017      	add	sp, #92	@ 0x5c
100021e6:	e8bd 4ff0 	ldmia.w	sp!, {r4, r5, r6, r7, r8, r9, sl, fp, lr}
100021ea:	f7ff bdd1 	b.w	10001d90 <_out_rev>
100021ee:	463b      	mov	r3, r7
100021f0:	4632      	mov	r2, r6
100021f2:	2000      	movs	r0, #0
100021f4:	2100      	movs	r1, #0
100021f6:	f7ff fc9d 	bl	10001b34 <__wrap___aeabi_dsub>
100021fa:	2301      	movs	r3, #1
100021fc:	e9cd 0104 	strd	r0, r1, [sp, #16]
10002200:	930d      	str	r3, [sp, #52]	@ 0x34
10002202:	e75d      	b.n	100020c0 <_ftoa+0x98>
10002204:	9b07      	ldr	r3, [sp, #28]
10002206:	f003 0202 	and.w	r2, r3, #2
1000220a:	079c      	lsls	r4, r3, #30
1000220c:	9204      	str	r2, [sp, #16]
1000220e:	f000 80f4 	beq.w	100023fa <_ftoa+0x3d2>
10002212:	9f0c      	ldr	r7, [sp, #48]	@ 0x30
10002214:	463d      	mov	r5, r7
10002216:	4e4f      	ldr	r6, [pc, #316]	@ (10002354 <_ftoa+0x32c>)
10002218:	1d34      	adds	r4, r6, #4
1000221a:	f814 0d01 	ldrb.w	r0, [r4, #-1]!
1000221e:	462a      	mov	r2, r5
10002220:	4653      	mov	r3, sl
10002222:	4649      	mov	r1, r9
10002224:	47c0      	blx	r8
10002226:	42a6      	cmp	r6, r4
10002228:	f105 0501 	add.w	r5, r5, #1
1000222c:	d1f5      	bne.n	1000221a <_ftoa+0x1f2>
1000222e:	9b04      	ldr	r3, [sp, #16]
10002230:	1d3c      	adds	r4, r7, #4
10002232:	b163      	cbz	r3, 1000224e <_ftoa+0x226>
10002234:	9d0c      	ldr	r5, [sp, #48]	@ 0x30
10002236:	1b63      	subs	r3, r4, r5
10002238:	459b      	cmp	fp, r3
1000223a:	d908      	bls.n	1000224e <_ftoa+0x226>
1000223c:	4622      	mov	r2, r4
1000223e:	4653      	mov	r3, sl
10002240:	4649      	mov	r1, r9
10002242:	2020      	movs	r0, #32
10002244:	3401      	adds	r4, #1
10002246:	47c0      	blx	r8
10002248:	1b63      	subs	r3, r4, r5
1000224a:	459b      	cmp	fp, r3
1000224c:	d8f6      	bhi.n	1000223c <_ftoa+0x214>
1000224e:	4620      	mov	r0, r4
10002250:	b017      	add	sp, #92	@ 0x5c
10002252:	e8bd 8ff0 	ldmia.w	sp!, {r4, r5, r6, r7, r8, r9, sl, fp, pc}
10002256:	2200      	movs	r2, #0
10002258:	e9dd 010a 	ldrd	r0, r1, [sp, #40]	@ 0x28
1000225c:	4b3a      	ldr	r3, [pc, #232]	@ (10002348 <_ftoa+0x320>)
1000225e:	f7ff fd49 	bl	10001cf4 <__wrap___aeabi_dcmplt>
10002262:	2800      	cmp	r0, #0
10002264:	f47f af7c 	bne.w	10002160 <_ftoa+0x138>
10002268:	2f00      	cmp	r7, #0
1000226a:	f040 80c2 	bne.w	100023f2 <_ftoa+0x3ca>
1000226e:	3701      	adds	r7, #1
10002270:	2e00      	cmp	r6, #0
10002272:	f47f af78 	bne.w	10002166 <_ftoa+0x13e>
10002276:	4620      	mov	r0, r4
10002278:	f7ff fce2 	bl	10001c40 <__wrap___aeabi_i2d>
1000227c:	4602      	mov	r2, r0
1000227e:	460b      	mov	r3, r1
10002280:	e9dd 0104 	ldrd	r0, r1, [sp, #16]
10002284:	f7ff fc56 	bl	10001b34 <__wrap___aeabi_dsub>
10002288:	2200      	movs	r2, #0
1000228a:	4b2f      	ldr	r3, [pc, #188]	@ (10002348 <_ftoa+0x320>)
1000228c:	4606      	mov	r6, r0
1000228e:	460f      	mov	r7, r1
10002290:	f7ff fd30 	bl	10001cf4 <__wrap___aeabi_dcmplt>
10002294:	b940      	cbnz	r0, 100022a8 <_ftoa+0x280>
10002296:	4630      	mov	r0, r6
10002298:	4639      	mov	r1, r7
1000229a:	2200      	movs	r2, #0
1000229c:	4b2a      	ldr	r3, [pc, #168]	@ (10002348 <_ftoa+0x320>)
1000229e:	f7ff fd65 	bl	10001d6c <__wrap___aeabi_dcmpgt>
100022a2:	2800      	cmp	r0, #0
100022a4:	f000 80a1 	beq.w	100023ea <_ftoa+0x3c2>
100022a8:	f10d 0337 	add.w	r3, sp, #55	@ 0x37
100022ac:	482a      	ldr	r0, [pc, #168]	@ (10002358 <_ftoa+0x330>)
100022ae:	1959      	adds	r1, r3, r5
100022b0:	e00e      	b.n	100022d0 <_ftoa+0x2a8>
100022b2:	fb80 7604 	smull	r7, r6, r0, r4
100022b6:	ebc2 02a6 	rsb	r2, r2, r6, asr #2
100022ba:	eb02 0682 	add.w	r6, r2, r2, lsl #2
100022be:	eba4 0646 	sub.w	r6, r4, r6, lsl #1
100022c2:	3630      	adds	r6, #48	@ 0x30
100022c4:	4614      	mov	r4, r2
100022c6:	3501      	adds	r5, #1
100022c8:	f801 6f01 	strb.w	r6, [r1, #1]!
100022cc:	2a00      	cmp	r2, #0
100022ce:	d047      	beq.n	10002360 <_ftoa+0x338>
100022d0:	2d20      	cmp	r5, #32
100022d2:	ea4f 72e4 	mov.w	r2, r4, asr #31
100022d6:	d1ec      	bne.n	100022b2 <_ftoa+0x28a>
100022d8:	9a07      	ldr	r2, [sp, #28]
100022da:	f002 0203 	and.w	r2, r2, #3
100022de:	2a01      	cmp	r2, #1
100022e0:	d114      	bne.n	1000230c <_ftoa+0x2e4>
100022e2:	f1bb 0f00 	cmp.w	fp, #0
100022e6:	d011      	beq.n	1000230c <_ftoa+0x2e4>
100022e8:	9a0d      	ldr	r2, [sp, #52]	@ 0x34
100022ea:	2a00      	cmp	r2, #0
100022ec:	d060      	beq.n	100023b0 <_ftoa+0x388>
100022ee:	f10b 3bff 	add.w	fp, fp, #4294967295	@ 0xffffffff
100022f2:	f1bb 0f20 	cmp.w	fp, #32
100022f6:	d909      	bls.n	1000230c <_ftoa+0x2e4>
100022f8:	2230      	movs	r2, #48	@ 0x30
100022fa:	442b      	add	r3, r5
100022fc:	e004      	b.n	10002308 <_ftoa+0x2e0>
100022fe:	3501      	adds	r5, #1
10002300:	455d      	cmp	r5, fp
10002302:	f803 2f01 	strb.w	r2, [r3, #1]!
10002306:	d231      	bcs.n	1000236c <_ftoa+0x344>
10002308:	2d20      	cmp	r5, #32
1000230a:	d1f8      	bne.n	100022fe <_ftoa+0x2d6>
1000230c:	9b07      	ldr	r3, [sp, #28]
1000230e:	ac0e      	add	r4, sp, #56	@ 0x38
10002310:	e9cd b302 	strd	fp, r3, [sp, #8]
10002314:	9400      	str	r4, [sp, #0]
10002316:	4653      	mov	r3, sl
10002318:	4649      	mov	r1, r9
1000231a:	4640      	mov	r0, r8
1000231c:	9a0c      	ldr	r2, [sp, #48]	@ 0x30
1000231e:	9501      	str	r5, [sp, #4]
10002320:	f7ff fd36 	bl	10001d90 <_out_rev>
10002324:	4604      	mov	r4, r0
10002326:	4620      	mov	r0, r4
10002328:	b017      	add	sp, #92	@ 0x5c
1000232a:	e8bd 8ff0 	ldmia.w	sp!, {r4, r5, r6, r7, r8, r9, sl, fp, pc}
1000232e:	bf00      	nop
10002330:	00000000 	.word	0x00000000
10002334:	41cdcd65 	.word	0x41cdcd65
10002338:	00000000 	.word	0x00000000
1000233c:	c1cdcd65 	.word	0xc1cdcd65
10002340:	7fefffff 	.word	0x7fefffff
10002344:	10006020 	.word	0x10006020
10002348:	3fe00000 	.word	0x3fe00000
1000234c:	10005f08 	.word	0x10005f08
10002350:	10005f10 	.word	0x10005f10
10002354:	10005f18 	.word	0x10005f18
10002358:	66666667 	.word	0x66666667
1000235c:	cccccccd 	.word	0xcccccccd
10002360:	9a07      	ldr	r2, [sp, #28]
10002362:	f002 0203 	and.w	r2, r2, #3
10002366:	2a01      	cmp	r2, #1
10002368:	f000 8096 	beq.w	10002498 <_ftoa+0x470>
1000236c:	2d20      	cmp	r5, #32
1000236e:	d0cd      	beq.n	1000230c <_ftoa+0x2e4>
10002370:	9b0d      	ldr	r3, [sp, #52]	@ 0x34
10002372:	b33b      	cbz	r3, 100023c4 <_ftoa+0x39c>
10002374:	222d      	movs	r2, #45	@ 0x2d
10002376:	eb0d 0305 	add.w	r3, sp, r5
1000237a:	f883 2038 	strb.w	r2, [r3, #56]	@ 0x38
1000237e:	3501      	adds	r5, #1
10002380:	e7c4      	b.n	1000230c <_ftoa+0x2e4>
10002382:	2d20      	cmp	r5, #32
10002384:	f43f af09 	beq.w	1000219a <_ftoa+0x172>
10002388:	2130      	movs	r1, #48	@ 0x30
1000238a:	442e      	add	r6, r5
1000238c:	195a      	adds	r2, r3, r5
1000238e:	e005      	b.n	1000239c <_ftoa+0x374>
10002390:	3501      	adds	r5, #1
10002392:	2d20      	cmp	r5, #32
10002394:	f802 1f01 	strb.w	r1, [r2, #1]!
10002398:	f43f aeff 	beq.w	1000219a <_ftoa+0x172>
1000239c:	42ae      	cmp	r6, r5
1000239e:	d1f7      	bne.n	10002390 <_ftoa+0x368>
100023a0:	222e      	movs	r2, #46	@ 0x2e
100023a2:	446e      	add	r6, sp
100023a4:	3501      	adds	r5, #1
100023a6:	f886 2038 	strb.w	r2, [r6, #56]	@ 0x38
100023aa:	e77f      	b.n	100022ac <_ftoa+0x284>
100023ac:	2520      	movs	r5, #32
100023ae:	e69c      	b.n	100020ea <_ftoa+0xc2>
100023b0:	9a07      	ldr	r2, [sp, #28]
100023b2:	f012 0f0c 	tst.w	r2, #12
100023b6:	d05a      	beq.n	1000246e <_ftoa+0x446>
100023b8:	f10b 3bff 	add.w	fp, fp, #4294967295	@ 0xffffffff
100023bc:	45ab      	cmp	fp, r5
100023be:	d89b      	bhi.n	100022f8 <_ftoa+0x2d0>
100023c0:	2d20      	cmp	r5, #32
100023c2:	d0a3      	beq.n	1000230c <_ftoa+0x2e4>
100023c4:	9b07      	ldr	r3, [sp, #28]
100023c6:	075a      	lsls	r2, r3, #29
100023c8:	d506      	bpl.n	100023d8 <_ftoa+0x3b0>
100023ca:	222b      	movs	r2, #43	@ 0x2b
100023cc:	eb0d 0305 	add.w	r3, sp, r5
100023d0:	f883 2038 	strb.w	r2, [r3, #56]	@ 0x38
100023d4:	3501      	adds	r5, #1
100023d6:	e799      	b.n	1000230c <_ftoa+0x2e4>
100023d8:	071b      	lsls	r3, r3, #28
100023da:	d597      	bpl.n	1000230c <_ftoa+0x2e4>
100023dc:	2220      	movs	r2, #32
100023de:	eb0d 0305 	add.w	r3, sp, r5
100023e2:	f883 2038 	strb.w	r2, [r3, #56]	@ 0x38
100023e6:	3501      	adds	r5, #1
100023e8:	e790      	b.n	1000230c <_ftoa+0x2e4>
100023ea:	3401      	adds	r4, #1
100023ec:	f024 0401 	bic.w	r4, r4, #1
100023f0:	e75a      	b.n	100022a8 <_ftoa+0x280>
100023f2:	07f9      	lsls	r1, r7, #31
100023f4:	f57f aeb4 	bpl.w	10002160 <_ftoa+0x138>
100023f8:	e739      	b.n	1000226e <_ftoa+0x246>
100023fa:	f1bb 0f04 	cmp.w	fp, #4
100023fe:	f67f af08 	bls.w	10002212 <_ftoa+0x1ea>
10002402:	9b0c      	ldr	r3, [sp, #48]	@ 0x30
10002404:	461d      	mov	r5, r3
10002406:	3b04      	subs	r3, #4
10002408:	eb03 070b 	add.w	r7, r3, fp
1000240c:	462a      	mov	r2, r5
1000240e:	4653      	mov	r3, sl
10002410:	4649      	mov	r1, r9
10002412:	2020      	movs	r0, #32
10002414:	3501      	adds	r5, #1
10002416:	47c0      	blx	r8
10002418:	42af      	cmp	r7, r5
1000241a:	d1f7      	bne.n	1000240c <_ftoa+0x3e4>
1000241c:	e6fa      	b.n	10002214 <_ftoa+0x1ec>
1000241e:	9b07      	ldr	r3, [sp, #28]
10002420:	f003 0202 	and.w	r2, r3, #2
10002424:	079d      	lsls	r5, r3, #30
10002426:	9204      	str	r2, [sp, #16]
10002428:	d025      	beq.n	10002476 <_ftoa+0x44e>
1000242a:	9f0c      	ldr	r7, [sp, #48]	@ 0x30
1000242c:	463d      	mov	r5, r7
1000242e:	4e22      	ldr	r6, [pc, #136]	@ (100024b8 <_ftoa+0x490>)
10002430:	1cf4      	adds	r4, r6, #3
10002432:	f814 0d01 	ldrb.w	r0, [r4, #-1]!
10002436:	462a      	mov	r2, r5
10002438:	4653      	mov	r3, sl
1000243a:	4649      	mov	r1, r9
1000243c:	47c0      	blx	r8
1000243e:	42a6      	cmp	r6, r4
10002440:	f105 0501 	add.w	r5, r5, #1
10002444:	d1f5      	bne.n	10002432 <_ftoa+0x40a>
10002446:	9b04      	ldr	r3, [sp, #16]
10002448:	1cfc      	adds	r4, r7, #3
1000244a:	2b00      	cmp	r3, #0
1000244c:	f43f aeff 	beq.w	1000224e <_ftoa+0x226>
10002450:	9d0c      	ldr	r5, [sp, #48]	@ 0x30
10002452:	1b63      	subs	r3, r4, r5
10002454:	459b      	cmp	fp, r3
10002456:	f67f aefa 	bls.w	1000224e <_ftoa+0x226>
1000245a:	4622      	mov	r2, r4
1000245c:	4653      	mov	r3, sl
1000245e:	4649      	mov	r1, r9
10002460:	2020      	movs	r0, #32
10002462:	3401      	adds	r4, #1
10002464:	47c0      	blx	r8
10002466:	1b63      	subs	r3, r4, r5
10002468:	459b      	cmp	fp, r3
1000246a:	d8f6      	bhi.n	1000245a <_ftoa+0x432>
1000246c:	e6ef      	b.n	1000224e <_ftoa+0x226>
1000246e:	45ab      	cmp	fp, r5
10002470:	f63f af42 	bhi.w	100022f8 <_ftoa+0x2d0>
10002474:	e74a      	b.n	1000230c <_ftoa+0x2e4>
10002476:	f1bb 0f03 	cmp.w	fp, #3
1000247a:	d9d6      	bls.n	1000242a <_ftoa+0x402>
1000247c:	9b0c      	ldr	r3, [sp, #48]	@ 0x30
1000247e:	461d      	mov	r5, r3
10002480:	3b03      	subs	r3, #3
10002482:	eb03 070b 	add.w	r7, r3, fp
10002486:	462a      	mov	r2, r5
10002488:	4653      	mov	r3, sl
1000248a:	4649      	mov	r1, r9
1000248c:	2020      	movs	r0, #32
1000248e:	3501      	adds	r5, #1
10002490:	47c0      	blx	r8
10002492:	42bd      	cmp	r5, r7
10002494:	d1f7      	bne.n	10002486 <_ftoa+0x45e>
10002496:	e7c9      	b.n	1000242c <_ftoa+0x404>
10002498:	f1bb 0f00 	cmp.w	fp, #0
1000249c:	f43f af66 	beq.w	1000236c <_ftoa+0x344>
100024a0:	9a0d      	ldr	r2, [sp, #52]	@ 0x34
100024a2:	2a00      	cmp	r2, #0
100024a4:	d084      	beq.n	100023b0 <_ftoa+0x388>
100024a6:	f10b 3bff 	add.w	fp, fp, #4294967295	@ 0xffffffff
100024aa:	455d      	cmp	r5, fp
100024ac:	f4ff af24 	bcc.w	100022f8 <_ftoa+0x2d0>
100024b0:	2d20      	cmp	r5, #32
100024b2:	f47f af5f 	bne.w	10002374 <_ftoa+0x34c>
100024b6:	e729      	b.n	1000230c <_ftoa+0x2e4>
100024b8:	10005f14 	.word	0x10005f14
100024bc:	00000000 	.word	0x00000000

100024c0 <_etoa>:
100024c0:	e92d 4ff0 	stmdb	sp!, {r4, r5, r6, r7, r8, r9, sl, fp, lr}
100024c4:	b09f      	sub	sp, #124	@ 0x7c
100024c6:	461e      	mov	r6, r3
100024c8:	e9dd ab28 	ldrd	sl, fp, [sp, #160]	@ 0xa0
100024cc:	e9dd 982b 	ldrd	r9, r8, [sp, #172]	@ 0xac
100024d0:	9b2a      	ldr	r3, [sp, #168]	@ 0xa8
100024d2:	4604      	mov	r4, r0
100024d4:	460d      	mov	r5, r1
100024d6:	920b      	str	r2, [sp, #44]	@ 0x2c
100024d8:	930a      	str	r3, [sp, #40]	@ 0x28
100024da:	4652      	mov	r2, sl
100024dc:	465b      	mov	r3, fp
100024de:	4650      	mov	r0, sl
100024e0:	4659      	mov	r1, fp
100024e2:	f7ff fbf5 	bl	10001cd0 <__wrap___aeabi_dcmpun>
100024e6:	2800      	cmp	r0, #0
100024e8:	f040 80c6 	bne.w	10002678 <_etoa+0x1b8>
100024ec:	4650      	mov	r0, sl
100024ee:	4659      	mov	r1, fp
100024f0:	f04f 32ff 	mov.w	r2, #4294967295	@ 0xffffffff
100024f4:	4b7b      	ldr	r3, [pc, #492]	@ (100026e4 <_etoa+0x224>)
100024f6:	f7ff fc39 	bl	10001d6c <__wrap___aeabi_dcmpgt>
100024fa:	2800      	cmp	r0, #0
100024fc:	f040 80bc 	bne.w	10002678 <_etoa+0x1b8>
10002500:	4650      	mov	r0, sl
10002502:	4659      	mov	r1, fp
10002504:	f04f 32ff 	mov.w	r2, #4294967295	@ 0xffffffff
10002508:	f46f 1380 	mvn.w	r3, #1048576	@ 0x100000
1000250c:	f7ff fbf2 	bl	10001cf4 <__wrap___aeabi_dcmplt>
10002510:	2800      	cmp	r0, #0
10002512:	f040 80b1 	bne.w	10002678 <_etoa+0x1b8>
10002516:	4650      	mov	r0, sl
10002518:	4659      	mov	r1, fp
1000251a:	2200      	movs	r2, #0
1000251c:	2300      	movs	r3, #0
1000251e:	f7ff fbe9 	bl	10001cf4 <__wrap___aeabi_dcmplt>
10002522:	2800      	cmp	r0, #0
10002524:	f040 81dd 	bne.w	100028e2 <_etoa+0x422>
10002528:	e9cd ab08 	strd	sl, fp, [sp, #32]
1000252c:	e9dd 1208 	ldrd	r1, r2, [sp, #32]
10002530:	f418 6080 	ands.w	r0, r8, #1024	@ 0x400
10002534:	460b      	mov	r3, r1
10002536:	460f      	mov	r7, r1
10002538:	f408 6100 	and.w	r1, r8, #2048	@ 0x800
1000253c:	920c      	str	r2, [sp, #48]	@ 0x30
1000253e:	9114      	str	r1, [sp, #80]	@ 0x50
10002540:	9015      	str	r0, [sp, #84]	@ 0x54
10002542:	f040 80a8 	bne.w	10002696 <_etoa+0x1d6>
10002546:	4313      	orrs	r3, r2
10002548:	f040 80d0 	bne.w	100026ec <_etoa+0x22c>
1000254c:	2900      	cmp	r1, #0
1000254e:	f040 81ec 	bne.w	1000292a <_etoa+0x46a>
10002552:	2306      	movs	r3, #6
10002554:	930a      	str	r3, [sp, #40]	@ 0x28
10002556:	f018 0202 	ands.w	r2, r8, #2
1000255a:	9210      	str	r2, [sp, #64]	@ 0x40
1000255c:	f040 81dd 	bne.w	1000291a <_etoa+0x45a>
10002560:	464b      	mov	r3, r9
10002562:	2b04      	cmp	r3, #4
10002564:	bf38      	it	cc
10002566:	2304      	movcc	r3, #4
10002568:	920e      	str	r2, [sp, #56]	@ 0x38
1000256a:	2204      	movs	r2, #4
1000256c:	3b04      	subs	r3, #4
1000256e:	9212      	str	r2, [sp, #72]	@ 0x48
10002570:	9314      	str	r3, [sp, #80]	@ 0x50
10002572:	4650      	mov	r0, sl
10002574:	4659      	mov	r1, fp
10002576:	2200      	movs	r2, #0
10002578:	2300      	movs	r3, #0
1000257a:	f7ff fbbb 	bl	10001cf4 <__wrap___aeabi_dcmplt>
1000257e:	2800      	cmp	r0, #0
10002580:	f040 822a 	bne.w	100029d8 <_etoa+0x518>
10002584:	ed9d 7b08 	vldr	d7, [sp, #32]
10002588:	9b14      	ldr	r3, [sp, #80]	@ 0x50
1000258a:	9a0b      	ldr	r2, [sp, #44]	@ 0x2c
1000258c:	9303      	str	r3, [sp, #12]
1000258e:	9b0a      	ldr	r3, [sp, #40]	@ 0x28
10002590:	ed8d 7b00 	vstr	d7, [sp]
10002594:	9302      	str	r3, [sp, #8]
10002596:	f428 6300 	bic.w	r3, r8, #2048	@ 0x800
1000259a:	9304      	str	r3, [sp, #16]
1000259c:	4629      	mov	r1, r5
1000259e:	4633      	mov	r3, r6
100025a0:	4620      	mov	r0, r4
100025a2:	f7ff fd41 	bl	10002028 <_ftoa>
100025a6:	4602      	mov	r2, r0
100025a8:	f018 0f20 	tst.w	r8, #32
100025ac:	4633      	mov	r3, r6
100025ae:	4629      	mov	r1, r5
100025b0:	bf0c      	ite	eq
100025b2:	2065      	moveq	r0, #101	@ 0x65
100025b4:	2045      	movne	r0, #69	@ 0x45
100025b6:	f102 0801 	add.w	r8, r2, #1
100025ba:	47a0      	blx	r4
100025bc:	9b12      	ldr	r3, [sp, #72]	@ 0x48
100025be:	f10d 0a58 	add.w	sl, sp, #88	@ 0x58
100025c2:	f103 3bff 	add.w	fp, r3, #4294967295	@ 0xffffffff
100025c6:	9b0e      	ldr	r3, [sp, #56]	@ 0x38
100025c8:	2200      	movs	r2, #0
100025ca:	ea83 7ce3 	eor.w	ip, r3, r3, asr #31
100025ce:	4650      	mov	r0, sl
100025d0:	f8df e114 	ldr.w	lr, [pc, #276]	@ 100026e8 <_etoa+0x228>
100025d4:	9f0b      	ldr	r7, [sp, #44]	@ 0x2c
100025d6:	ebac 7ce3 	sub.w	ip, ip, r3, asr #31
100025da:	0fd9      	lsrs	r1, r3, #31
100025dc:	f8cd 8020 	str.w	r8, [sp, #32]
100025e0:	e002      	b.n	100025e8 <_etoa+0x128>
100025e2:	2a20      	cmp	r2, #32
100025e4:	46c4      	mov	ip, r8
100025e6:	d010      	beq.n	1000260a <_etoa+0x14a>
100025e8:	fbae 380c 	umull	r3, r8, lr, ip
100025ec:	ea4f 08d8 	mov.w	r8, r8, lsr #3
100025f0:	eb08 0388 	add.w	r3, r8, r8, lsl #2
100025f4:	ebac 0343 	sub.w	r3, ip, r3, lsl #1
100025f8:	3001      	adds	r0, #1
100025fa:	3330      	adds	r3, #48	@ 0x30
100025fc:	f1bc 0f09 	cmp.w	ip, #9
10002600:	f102 0201 	add.w	r2, r2, #1
10002604:	f800 3c01 	strb.w	r3, [r0, #-1]
10002608:	d8eb      	bhi.n	100025e2 <_etoa+0x122>
1000260a:	2305      	movs	r3, #5
1000260c:	f04f 0c00 	mov.w	ip, #0
10002610:	9306      	str	r3, [sp, #24]
10002612:	230a      	movs	r3, #10
10002614:	f8dd 8020 	ldr.w	r8, [sp, #32]
10002618:	e9cd 2101 	strd	r2, r1, [sp, #4]
1000261c:	e9cd 3c03 	strd	r3, ip, [sp, #12]
10002620:	f8cd a000 	str.w	sl, [sp]
10002624:	4633      	mov	r3, r6
10002626:	4642      	mov	r2, r8
10002628:	4629      	mov	r1, r5
1000262a:	4620      	mov	r0, r4
1000262c:	f8cd b014 	str.w	fp, [sp, #20]
10002630:	f7ff fc02 	bl	10001e38 <_ntoa_format>
10002634:	9b10      	ldr	r3, [sp, #64]	@ 0x40
10002636:	4682      	mov	sl, r0
10002638:	b1d3      	cbz	r3, 10002670 <_etoa+0x1b0>
1000263a:	eba0 0807 	sub.w	r8, r0, r7
1000263e:	45c1      	cmp	r9, r8
10002640:	d916      	bls.n	10002670 <_etoa+0x1b0>
10002642:	eb07 0208 	add.w	r2, r7, r8
10002646:	4633      	mov	r3, r6
10002648:	4629      	mov	r1, r5
1000264a:	2020      	movs	r0, #32
1000264c:	f108 0801 	add.w	r8, r8, #1
10002650:	47a0      	blx	r4
10002652:	45c1      	cmp	r9, r8
10002654:	d8f5      	bhi.n	10002642 <_etoa+0x182>
10002656:	1e7b      	subs	r3, r7, #1
10002658:	444b      	add	r3, r9
1000265a:	f1c7 0201 	rsb	r2, r7, #1
1000265e:	eba3 030a 	sub.w	r3, r3, sl
10002662:	4452      	add	r2, sl
10002664:	4591      	cmp	r9, r2
10002666:	bf38      	it	cc
10002668:	2300      	movcc	r3, #0
1000266a:	f10a 0a01 	add.w	sl, sl, #1
1000266e:	449a      	add	sl, r3
10002670:	4650      	mov	r0, sl
10002672:	b01f      	add	sp, #124	@ 0x7c
10002674:	e8bd 8ff0 	ldmia.w	sp!, {r4, r5, r6, r7, r8, r9, sl, fp, pc}
10002678:	4633      	mov	r3, r6
1000267a:	4629      	mov	r1, r5
1000267c:	4620      	mov	r0, r4
1000267e:	e9cd ab28 	strd	sl, fp, [sp, #160]	@ 0xa0
10002682:	9c0a      	ldr	r4, [sp, #40]	@ 0x28
10002684:	e9cd 982b 	strd	r9, r8, [sp, #172]	@ 0xac
10002688:	9a0b      	ldr	r2, [sp, #44]	@ 0x2c
1000268a:	942a      	str	r4, [sp, #168]	@ 0xa8
1000268c:	b01f      	add	sp, #124	@ 0x7c
1000268e:	e8bd 4ff0 	ldmia.w	sp!, {r4, r5, r6, r7, r8, r9, sl, fp, lr}
10002692:	f7ff bcc9 	b.w	10002028 <_ftoa>
10002696:	ea57 0302 	orrs.w	r3, r7, r2
1000269a:	d129      	bne.n	100026f0 <_etoa+0x230>
1000269c:	2900      	cmp	r1, #0
1000269e:	f43f af5a 	beq.w	10002556 <_etoa+0x96>
100026a2:	2300      	movs	r3, #0
100026a4:	930e      	str	r3, [sp, #56]	@ 0x38
100026a6:	9b0a      	ldr	r3, [sp, #40]	@ 0x28
100026a8:	9a0e      	ldr	r2, [sp, #56]	@ 0x38
100026aa:	4293      	cmp	r3, r2
100026ac:	f300 81ba 	bgt.w	10002a24 <_etoa+0x564>
100026b0:	2700      	movs	r7, #0
100026b2:	4650      	mov	r0, sl
100026b4:	4659      	mov	r1, fp
100026b6:	2200      	movs	r2, #0
100026b8:	2300      	movs	r3, #0
100026ba:	f7ff fb1b 	bl	10001cf4 <__wrap___aeabi_dcmplt>
100026be:	2800      	cmp	r0, #0
100026c0:	f040 8115 	bne.w	100028ee <_etoa+0x42e>
100026c4:	ed9d 7b08 	vldr	d7, [sp, #32]
100026c8:	f428 6300 	bic.w	r3, r8, #2048	@ 0x800
100026cc:	f443 6380 	orr.w	r3, r3, #1024	@ 0x400
100026d0:	932c      	str	r3, [sp, #176]	@ 0xb0
100026d2:	ed8d 7b28 	vstr	d7, [sp, #160]	@ 0xa0
100026d6:	4633      	mov	r3, r6
100026d8:	4629      	mov	r1, r5
100026da:	4620      	mov	r0, r4
100026dc:	e9cd 792a 	strd	r7, r9, [sp, #168]	@ 0xa8
100026e0:	9a0b      	ldr	r2, [sp, #44]	@ 0x2c
100026e2:	e7d3      	b.n	1000268c <_etoa+0x1cc>
100026e4:	7fefffff 	.word	0x7fefffff
100026e8:	cccccccd 	.word	0xcccccccd
100026ec:	2306      	movs	r3, #6
100026ee:	930a      	str	r3, [sp, #40]	@ 0x28
100026f0:	9b0c      	ldr	r3, [sp, #48]	@ 0x30
100026f2:	f3c3 500a 	ubfx	r0, r3, #20, #11
100026f6:	f2a0 30ff 	subw	r0, r0, #1023	@ 0x3ff
100026fa:	f7ff faa1 	bl	10001c40 <__wrap___aeabi_i2d>
100026fe:	a3b2      	add	r3, pc, #712	@ (adr r3, 100029c8 <_etoa+0x508>)
10002700:	e9d3 2300 	ldrd	r2, r3, [r3]
10002704:	f7ff fa2a 	bl	10001b5c <__wrap___aeabi_dmul>
10002708:	a3b1      	add	r3, pc, #708	@ (adr r3, 100029d0 <_etoa+0x510>)
1000270a:	e9d3 2300 	ldrd	r2, r3, [r3]
1000270e:	f7ff f9fd 	bl	10001b0c <__wrap___aeabi_dadd>
10002712:	9b0c      	ldr	r3, [sp, #48]	@ 0x30
10002714:	e9cd 010e 	strd	r0, r1, [sp, #56]	@ 0x38
10002718:	f3c3 0313 	ubfx	r3, r3, #0, #20
1000271c:	f043 517f 	orr.w	r1, r3, #1069547520	@ 0x3fc00000
10002720:	4638      	mov	r0, r7
10002722:	2200      	movs	r2, #0
10002724:	4ba2      	ldr	r3, [pc, #648]	@ (100029b0 <_etoa+0x4f0>)
10002726:	f441 1140 	orr.w	r1, r1, #3145728	@ 0x300000
1000272a:	f7ff fa03 	bl	10001b34 <__wrap___aeabi_dsub>
1000272e:	a394      	add	r3, pc, #592	@ (adr r3, 10002980 <_etoa+0x4c0>)
10002730:	e9d3 2300 	ldrd	r2, r3, [r3]
10002734:	f7ff fa12 	bl	10001b5c <__wrap___aeabi_dmul>
10002738:	4602      	mov	r2, r0
1000273a:	460b      	mov	r3, r1
1000273c:	e9dd 010e 	ldrd	r0, r1, [sp, #56]	@ 0x38
10002740:	f7ff f9e4 	bl	10001b0c <__wrap___aeabi_dadd>
10002744:	f7ff faa0 	bl	10001c88 <__wrap___aeabi_d2iz>
10002748:	900e      	str	r0, [sp, #56]	@ 0x38
1000274a:	f7ff fa79 	bl	10001c40 <__wrap___aeabi_i2d>
1000274e:	a38e      	add	r3, pc, #568	@ (adr r3, 10002988 <_etoa+0x4c8>)
10002750:	e9d3 2300 	ldrd	r2, r3, [r3]
10002754:	e9cd 010c 	strd	r0, r1, [sp, #48]	@ 0x30
10002758:	f7ff fa00 	bl	10001b5c <__wrap___aeabi_dmul>
1000275c:	2200      	movs	r2, #0
1000275e:	4b95      	ldr	r3, [pc, #596]	@ (100029b4 <_etoa+0x4f4>)
10002760:	f7ff f9d4 	bl	10001b0c <__wrap___aeabi_dadd>
10002764:	f7ff fa90 	bl	10001c88 <__wrap___aeabi_d2iz>
10002768:	a389      	add	r3, pc, #548	@ (adr r3, 10002990 <_etoa+0x4d0>)
1000276a:	e9d3 2300 	ldrd	r2, r3, [r3]
1000276e:	4607      	mov	r7, r0
10002770:	e9dd 010c 	ldrd	r0, r1, [sp, #48]	@ 0x30
10002774:	f7ff f9f2 	bl	10001b5c <__wrap___aeabi_dmul>
10002778:	e9cd 010c 	strd	r0, r1, [sp, #48]	@ 0x30
1000277c:	4638      	mov	r0, r7
1000277e:	f7ff fa5f 	bl	10001c40 <__wrap___aeabi_i2d>
10002782:	a385      	add	r3, pc, #532	@ (adr r3, 10002998 <_etoa+0x4d8>)
10002784:	e9d3 2300 	ldrd	r2, r3, [r3]
10002788:	f7ff f9e8 	bl	10001b5c <__wrap___aeabi_dmul>
1000278c:	4602      	mov	r2, r0
1000278e:	460b      	mov	r3, r1
10002790:	e9dd 010c 	ldrd	r0, r1, [sp, #48]	@ 0x30
10002794:	f7ff f9ce 	bl	10001b34 <__wrap___aeabi_dsub>
10002798:	4602      	mov	r2, r0
1000279a:	460b      	mov	r3, r1
1000279c:	e9cd 230c 	strd	r2, r3, [sp, #48]	@ 0x30
100027a0:	f7ff f9dc 	bl	10001b5c <__wrap___aeabi_dmul>
100027a4:	e9cd 0110 	strd	r0, r1, [sp, #64]	@ 0x40
100027a8:	e9dd 010c 	ldrd	r0, r1, [sp, #48]	@ 0x30
100027ac:	4602      	mov	r2, r0
100027ae:	460b      	mov	r3, r1
100027b0:	f7ff f9ac 	bl	10001b0c <__wrap___aeabi_dadd>
100027b4:	2200      	movs	r2, #0
100027b6:	e9cd 0112 	strd	r0, r1, [sp, #72]	@ 0x48
100027ba:	e9dd 0110 	ldrd	r0, r1, [sp, #64]	@ 0x40
100027be:	4b7e      	ldr	r3, [pc, #504]	@ (100029b8 <_etoa+0x4f8>)
100027c0:	f7ff f9f0 	bl	10001ba4 <__wrap___aeabi_ddiv>
100027c4:	2200      	movs	r2, #0
100027c6:	4b7d      	ldr	r3, [pc, #500]	@ (100029bc <_etoa+0x4fc>)
100027c8:	f7ff f9a0 	bl	10001b0c <__wrap___aeabi_dadd>
100027cc:	4602      	mov	r2, r0
100027ce:	460b      	mov	r3, r1
100027d0:	e9dd 0110 	ldrd	r0, r1, [sp, #64]	@ 0x40
100027d4:	f7ff f9e6 	bl	10001ba4 <__wrap___aeabi_ddiv>
100027d8:	2200      	movs	r2, #0
100027da:	4b79      	ldr	r3, [pc, #484]	@ (100029c0 <_etoa+0x500>)
100027dc:	f7ff f996 	bl	10001b0c <__wrap___aeabi_dadd>
100027e0:	4602      	mov	r2, r0
100027e2:	460b      	mov	r3, r1
100027e4:	e9dd 0110 	ldrd	r0, r1, [sp, #64]	@ 0x40
100027e8:	f7ff f9dc 	bl	10001ba4 <__wrap___aeabi_ddiv>
100027ec:	e9cd 0110 	strd	r0, r1, [sp, #64]	@ 0x40
100027f0:	e9dd 230c 	ldrd	r2, r3, [sp, #48]	@ 0x30
100027f4:	2000      	movs	r0, #0
100027f6:	f04f 4180 	mov.w	r1, #1073741824	@ 0x40000000
100027fa:	f7ff f99b 	bl	10001b34 <__wrap___aeabi_dsub>
100027fe:	4602      	mov	r2, r0
10002800:	460b      	mov	r3, r1
10002802:	e9dd 0110 	ldrd	r0, r1, [sp, #64]	@ 0x40
10002806:	f7ff f981 	bl	10001b0c <__wrap___aeabi_dadd>
1000280a:	4602      	mov	r2, r0
1000280c:	460b      	mov	r3, r1
1000280e:	e9dd 0112 	ldrd	r0, r1, [sp, #72]	@ 0x48
10002812:	f7ff f9c7 	bl	10001ba4 <__wrap___aeabi_ddiv>
10002816:	2200      	movs	r2, #0
10002818:	4b6a      	ldr	r3, [pc, #424]	@ (100029c4 <_etoa+0x504>)
1000281a:	f7ff f977 	bl	10001b0c <__wrap___aeabi_dadd>
1000281e:	f207 3cff 	addw	ip, r7, #1023	@ 0x3ff
10002822:	2200      	movs	r2, #0
10002824:	ea4f 530c 	mov.w	r3, ip, lsl #20
10002828:	f7ff f998 	bl	10001b5c <__wrap___aeabi_dmul>
1000282c:	4602      	mov	r2, r0
1000282e:	460b      	mov	r3, r1
10002830:	e9dd 0108 	ldrd	r0, r1, [sp, #32]
10002834:	e9cd 230c 	strd	r2, r3, [sp, #48]	@ 0x30
10002838:	f7ff fa5c 	bl	10001cf4 <__wrap___aeabi_dcmplt>
1000283c:	b150      	cbz	r0, 10002854 <_etoa+0x394>
1000283e:	e9dd 010c 	ldrd	r0, r1, [sp, #48]	@ 0x30
10002842:	9b0e      	ldr	r3, [sp, #56]	@ 0x38
10002844:	2200      	movs	r2, #0
10002846:	3b01      	subs	r3, #1
10002848:	930e      	str	r3, [sp, #56]	@ 0x38
1000284a:	4b5c      	ldr	r3, [pc, #368]	@ (100029bc <_etoa+0x4fc>)
1000284c:	f7ff f9aa 	bl	10001ba4 <__wrap___aeabi_ddiv>
10002850:	e9cd 010c 	strd	r0, r1, [sp, #48]	@ 0x30
10002854:	e9dd 010c 	ldrd	r0, r1, [sp, #48]	@ 0x30
10002858:	9b0e      	ldr	r3, [sp, #56]	@ 0x38
1000285a:	4602      	mov	r2, r0
1000285c:	3363      	adds	r3, #99	@ 0x63
1000285e:	2bc6      	cmp	r3, #198	@ 0xc6
10002860:	f008 0302 	and.w	r3, r8, #2
10002864:	9310      	str	r3, [sp, #64]	@ 0x40
10002866:	9b14      	ldr	r3, [sp, #80]	@ 0x50
10002868:	d82d      	bhi.n	100028c6 <_etoa+0x406>
1000286a:	2b00      	cmp	r3, #0
1000286c:	d05f      	beq.n	1000292e <_etoa+0x46e>
1000286e:	2304      	movs	r3, #4
10002870:	9312      	str	r3, [sp, #72]	@ 0x48
10002872:	430a      	orrs	r2, r1
10002874:	f43f af17 	beq.w	100026a6 <_etoa+0x1e6>
10002878:	e9dd 0108 	ldrd	r0, r1, [sp, #32]
1000287c:	a348      	add	r3, pc, #288	@ (adr r3, 100029a0 <_etoa+0x4e0>)
1000287e:	e9d3 2300 	ldrd	r2, r3, [r3]
10002882:	f7ff fa5f 	bl	10001d44 <__wrap___aeabi_dcmpge>
10002886:	b148      	cbz	r0, 1000289c <_etoa+0x3dc>
10002888:	e9dd 0108 	ldrd	r0, r1, [sp, #32]
1000288c:	a346      	add	r3, pc, #280	@ (adr r3, 100029a8 <_etoa+0x4e8>)
1000288e:	e9d3 2300 	ldrd	r2, r3, [r3]
10002892:	f7ff fa2f 	bl	10001cf4 <__wrap___aeabi_dcmplt>
10002896:	2800      	cmp	r0, #0
10002898:	f47f af05 	bne.w	100026a6 <_etoa+0x1e6>
1000289c:	9b0a      	ldr	r3, [sp, #40]	@ 0x28
1000289e:	2b00      	cmp	r3, #0
100028a0:	d051      	beq.n	10002946 <_etoa+0x486>
100028a2:	9a15      	ldr	r2, [sp, #84]	@ 0x54
100028a4:	2a00      	cmp	r2, #0
100028a6:	f000 80ac 	beq.w	10002a02 <_etoa+0x542>
100028aa:	3b01      	subs	r3, #1
100028ac:	930a      	str	r3, [sp, #40]	@ 0x28
100028ae:	9b12      	ldr	r3, [sp, #72]	@ 0x48
100028b0:	4599      	cmp	r9, r3
100028b2:	d905      	bls.n	100028c0 <_etoa+0x400>
100028b4:	9b10      	ldr	r3, [sp, #64]	@ 0x40
100028b6:	2b00      	cmp	r3, #0
100028b8:	f000 80af 	beq.w	10002a1a <_etoa+0x55a>
100028bc:	2302      	movs	r3, #2
100028be:	9310      	str	r3, [sp, #64]	@ 0x40
100028c0:	2300      	movs	r3, #0
100028c2:	9314      	str	r3, [sp, #80]	@ 0x50
100028c4:	e044      	b.n	10002950 <_etoa+0x490>
100028c6:	bb2b      	cbnz	r3, 10002914 <_etoa+0x454>
100028c8:	f1b9 0f05 	cmp.w	r9, #5
100028cc:	d94f      	bls.n	1000296e <_etoa+0x4ae>
100028ce:	f008 0302 	and.w	r3, r8, #2
100028d2:	2b00      	cmp	r3, #0
100028d4:	d149      	bne.n	1000296a <_etoa+0x4aa>
100028d6:	2305      	movs	r3, #5
100028d8:	9312      	str	r3, [sp, #72]	@ 0x48
100028da:	f1a9 0305 	sub.w	r3, r9, #5
100028de:	9314      	str	r3, [sp, #80]	@ 0x50
100028e0:	e03a      	b.n	10002958 <_etoa+0x498>
100028e2:	f10b 4300 	add.w	r3, fp, #2147483648	@ 0x80000000
100028e6:	f8cd a020 	str.w	sl, [sp, #32]
100028ea:	9309      	str	r3, [sp, #36]	@ 0x24
100028ec:	e61e      	b.n	1000252c <_etoa+0x6c>
100028ee:	f428 6300 	bic.w	r3, r8, #2048	@ 0x800
100028f2:	f443 6380 	orr.w	r3, r3, #1024	@ 0x400
100028f6:	4620      	mov	r0, r4
100028f8:	e9cd 792a 	strd	r7, r9, [sp, #168]	@ 0xa8
100028fc:	932c      	str	r3, [sp, #176]	@ 0xb0
100028fe:	4633      	mov	r3, r6
10002900:	e9dd 6708 	ldrd	r6, r7, [sp, #32]
10002904:	4634      	mov	r4, r6
10002906:	4629      	mov	r1, r5
10002908:	f107 4500 	add.w	r5, r7, #2147483648	@ 0x80000000
1000290c:	e9cd 4528 	strd	r4, r5, [sp, #160]	@ 0xa0
10002910:	9a0b      	ldr	r2, [sp, #44]	@ 0x2c
10002912:	e6bb      	b.n	1000268c <_etoa+0x1cc>
10002914:	2305      	movs	r3, #5
10002916:	9312      	str	r3, [sp, #72]	@ 0x48
10002918:	e7ab      	b.n	10002872 <_etoa+0x3b2>
1000291a:	2202      	movs	r2, #2
1000291c:	2300      	movs	r3, #0
1000291e:	9210      	str	r2, [sp, #64]	@ 0x40
10002920:	2204      	movs	r2, #4
10002922:	9314      	str	r3, [sp, #80]	@ 0x50
10002924:	9212      	str	r2, [sp, #72]	@ 0x48
10002926:	930e      	str	r3, [sp, #56]	@ 0x38
10002928:	e623      	b.n	10002572 <_etoa+0xb2>
1000292a:	2705      	movs	r7, #5
1000292c:	e6c1      	b.n	100026b2 <_etoa+0x1f2>
1000292e:	f1b9 0f04 	cmp.w	r9, #4
10002932:	d91f      	bls.n	10002974 <_etoa+0x4b4>
10002934:	9b10      	ldr	r3, [sp, #64]	@ 0x40
10002936:	2b00      	cmp	r3, #0
10002938:	d177      	bne.n	10002a2a <_etoa+0x56a>
1000293a:	2304      	movs	r3, #4
1000293c:	9312      	str	r3, [sp, #72]	@ 0x48
1000293e:	f1a9 0304 	sub.w	r3, r9, #4
10002942:	9314      	str	r3, [sp, #80]	@ 0x50
10002944:	e004      	b.n	10002950 <_etoa+0x490>
10002946:	9b12      	ldr	r3, [sp, #72]	@ 0x48
10002948:	4599      	cmp	r9, r3
1000294a:	d85f      	bhi.n	10002a0c <_etoa+0x54c>
1000294c:	9b0a      	ldr	r3, [sp, #40]	@ 0x28
1000294e:	9314      	str	r3, [sp, #80]	@ 0x50
10002950:	9b0e      	ldr	r3, [sp, #56]	@ 0x38
10002952:	2b00      	cmp	r3, #0
10002954:	f43f ae0d 	beq.w	10002572 <_etoa+0xb2>
10002958:	e9dd 0108 	ldrd	r0, r1, [sp, #32]
1000295c:	e9dd 230c 	ldrd	r2, r3, [sp, #48]	@ 0x30
10002960:	f7ff f920 	bl	10001ba4 <__wrap___aeabi_ddiv>
10002964:	e9cd 0108 	strd	r0, r1, [sp, #32]
10002968:	e603      	b.n	10002572 <_etoa+0xb2>
1000296a:	2302      	movs	r3, #2
1000296c:	9310      	str	r3, [sp, #64]	@ 0x40
1000296e:	2305      	movs	r3, #5
10002970:	9312      	str	r3, [sp, #72]	@ 0x48
10002972:	e7f1      	b.n	10002958 <_etoa+0x498>
10002974:	2304      	movs	r3, #4
10002976:	9312      	str	r3, [sp, #72]	@ 0x48
10002978:	e7ea      	b.n	10002950 <_etoa+0x490>
1000297a:	bf00      	nop
1000297c:	f3af 8000 	nop.w
10002980:	636f4361 	.word	0x636f4361
10002984:	3fd287a7 	.word	0x3fd287a7
10002988:	0979a371 	.word	0x0979a371
1000298c:	400a934f 	.word	0x400a934f
10002990:	bbb55516 	.word	0xbbb55516
10002994:	40026bb1 	.word	0x40026bb1
10002998:	fefa39ef 	.word	0xfefa39ef
1000299c:	3fe62e42 	.word	0x3fe62e42
100029a0:	eb1c432d 	.word	0xeb1c432d
100029a4:	3f1a36e2 	.word	0x3f1a36e2
100029a8:	00000000 	.word	0x00000000
100029ac:	412e8480 	.word	0x412e8480
100029b0:	3ff80000 	.word	0x3ff80000
100029b4:	3fe00000 	.word	0x3fe00000
100029b8:	402c0000 	.word	0x402c0000
100029bc:	40240000 	.word	0x40240000
100029c0:	40180000 	.word	0x40180000
100029c4:	3ff00000 	.word	0x3ff00000
100029c8:	509f79fb 	.word	0x509f79fb
100029cc:	3fd34413 	.word	0x3fd34413
100029d0:	8b60c8b3 	.word	0x8b60c8b3
100029d4:	3fc68a28 	.word	0x3fc68a28
100029d8:	9b14      	ldr	r3, [sp, #80]	@ 0x50
100029da:	e9dd a708 	ldrd	sl, r7, [sp, #32]
100029de:	9303      	str	r3, [sp, #12]
100029e0:	9b0a      	ldr	r3, [sp, #40]	@ 0x28
100029e2:	f107 4b00 	add.w	fp, r7, #2147483648	@ 0x80000000
100029e6:	9302      	str	r3, [sp, #8]
100029e8:	f428 6300 	bic.w	r3, r8, #2048	@ 0x800
100029ec:	9a0b      	ldr	r2, [sp, #44]	@ 0x2c
100029ee:	9304      	str	r3, [sp, #16]
100029f0:	4629      	mov	r1, r5
100029f2:	4633      	mov	r3, r6
100029f4:	4620      	mov	r0, r4
100029f6:	e9cd ab00 	strd	sl, fp, [sp]
100029fa:	f7ff fb15 	bl	10002028 <_ftoa>
100029fe:	4602      	mov	r2, r0
10002a00:	e5d2      	b.n	100025a8 <_etoa+0xe8>
10002a02:	9b12      	ldr	r3, [sp, #72]	@ 0x48
10002a04:	4599      	cmp	r9, r3
10002a06:	d815      	bhi.n	10002a34 <_etoa+0x574>
10002a08:	9214      	str	r2, [sp, #80]	@ 0x50
10002a0a:	e7a1      	b.n	10002950 <_etoa+0x490>
10002a0c:	9b10      	ldr	r3, [sp, #64]	@ 0x40
10002a0e:	b123      	cbz	r3, 10002a1a <_etoa+0x55a>
10002a10:	9b0a      	ldr	r3, [sp, #40]	@ 0x28
10002a12:	9314      	str	r3, [sp, #80]	@ 0x50
10002a14:	2302      	movs	r3, #2
10002a16:	9310      	str	r3, [sp, #64]	@ 0x40
10002a18:	e79a      	b.n	10002950 <_etoa+0x490>
10002a1a:	9b12      	ldr	r3, [sp, #72]	@ 0x48
10002a1c:	eba9 0303 	sub.w	r3, r9, r3
10002a20:	9314      	str	r3, [sp, #80]	@ 0x50
10002a22:	e795      	b.n	10002950 <_etoa+0x490>
10002a24:	1a9b      	subs	r3, r3, r2
10002a26:	1e5f      	subs	r7, r3, #1
10002a28:	e643      	b.n	100026b2 <_etoa+0x1f2>
10002a2a:	2304      	movs	r3, #4
10002a2c:	9312      	str	r3, [sp, #72]	@ 0x48
10002a2e:	2302      	movs	r3, #2
10002a30:	9310      	str	r3, [sp, #64]	@ 0x40
10002a32:	e78d      	b.n	10002950 <_etoa+0x490>
10002a34:	9b10      	ldr	r3, [sp, #64]	@ 0x40
10002a36:	2b00      	cmp	r3, #0
10002a38:	d0ef      	beq.n	10002a1a <_etoa+0x55a>
10002a3a:	2302      	movs	r3, #2
10002a3c:	9214      	str	r2, [sp, #80]	@ 0x50
10002a3e:	9310      	str	r3, [sp, #64]	@ 0x40
10002a40:	e786      	b.n	10002950 <_etoa+0x490>
10002a42:	bf00      	nop

10002a44 <_vsnprintf>:
10002a44:	e92d 4ff0 	stmdb	sp!, {r4, r5, r6, r7, r8, r9, sl, fp, lr}
10002a48:	4691      	mov	r9, r2
10002a4a:	4c9a      	ldr	r4, [pc, #616]	@ (10002cb4 <_vsnprintf+0x270>)
10002a4c:	4a9a      	ldr	r2, [pc, #616]	@ (10002cb8 <_vsnprintf+0x274>)
10002a4e:	f1b1 0a00 	subs.w	sl, r1, #0
10002a52:	b09b      	sub	sp, #108	@ 0x6c
10002a54:	bf18      	it	ne
10002a56:	4683      	movne	fp, r0
10002a58:	6014      	str	r4, [r2, #0]
10002a5a:	7818      	ldrb	r0, [r3, #0]
10002a5c:	4a97      	ldr	r2, [pc, #604]	@ (10002cbc <_vsnprintf+0x278>)
10002a5e:	f8dd 8090 	ldr.w	r8, [sp, #144]	@ 0x90
10002a62:	bf08      	it	eq
10002a64:	4693      	moveq	fp, r2
10002a66:	2800      	cmp	r0, #0
10002a68:	f000 828a 	beq.w	10002f80 <_vsnprintf+0x53c>
10002a6c:	461d      	mov	r5, r3
10002a6e:	2600      	movs	r6, #0
10002a70:	f8cd 9020 	str.w	r9, [sp, #32]
10002a74:	e008      	b.n	10002a88 <_vsnprintf+0x44>
10002a76:	4632      	mov	r2, r6
10002a78:	4651      	mov	r1, sl
10002a7a:	9b08      	ldr	r3, [sp, #32]
10002a7c:	47d8      	blx	fp
10002a7e:	3601      	adds	r6, #1
10002a80:	7828      	ldrb	r0, [r5, #0]
10002a82:	2800      	cmp	r0, #0
10002a84:	f000 80c7 	beq.w	10002c16 <_vsnprintf+0x1d2>
10002a88:	2825      	cmp	r0, #37	@ 0x25
10002a8a:	f105 0501 	add.w	r5, r5, #1
10002a8e:	d1f2      	bne.n	10002a76 <_vsnprintf+0x32>
10002a90:	2200      	movs	r2, #0
10002a92:	462b      	mov	r3, r5
10002a94:	f813 1b01 	ldrb.w	r1, [r3], #1
10002a98:	f1a1 0020 	sub.w	r0, r1, #32
10002a9c:	2810      	cmp	r0, #16
10002a9e:	d80a      	bhi.n	10002ab6 <_vsnprintf+0x72>
10002aa0:	e8df f000 	tbb	[pc, r0]
10002aa4:	3b09093f 	.word	0x3b09093f
10002aa8:	09090909 	.word	0x09090909
10002aac:	37090909 	.word	0x37090909
10002ab0:	09093309 	.word	0x09093309
10002ab4:	2f          	.byte	0x2f
10002ab5:	00          	.byte	0x00
10002ab6:	f1a1 0030 	sub.w	r0, r1, #48	@ 0x30
10002aba:	2809      	cmp	r0, #9
10002abc:	f240 8089 	bls.w	10002bd2 <_vsnprintf+0x18e>
10002ac0:	292a      	cmp	r1, #42	@ 0x2a
10002ac2:	f000 80e9 	beq.w	10002c98 <_vsnprintf+0x254>
10002ac6:	2400      	movs	r4, #0
10002ac8:	292e      	cmp	r1, #46	@ 0x2e
10002aca:	f000 8094 	beq.w	10002bf6 <_vsnprintf+0x1b2>
10002ace:	2700      	movs	r7, #0
10002ad0:	f1a1 0068 	sub.w	r0, r1, #104	@ 0x68
10002ad4:	2812      	cmp	r0, #18
10002ad6:	d82c      	bhi.n	10002b32 <_vsnprintf+0xee>
10002ad8:	e8df f010 	tbh	[pc, r0, lsl #1]
10002adc:	002b014e 	.word	0x002b014e
10002ae0:	002b0149 	.word	0x002b0149
10002ae4:	002b0140 	.word	0x002b0140
10002ae8:	002b002b 	.word	0x002b002b
10002aec:	002b002b 	.word	0x002b002b
10002af0:	002b002b 	.word	0x002b002b
10002af4:	002b0027 	.word	0x002b0027
10002af8:	002b002b 	.word	0x002b002b
10002afc:	002b002b 	.word	0x002b002b
10002b00:	0027      	.short	0x0027
10002b02:	461d      	mov	r5, r3
10002b04:	f042 0201 	orr.w	r2, r2, #1
10002b08:	e7c3      	b.n	10002a92 <_vsnprintf+0x4e>
10002b0a:	461d      	mov	r5, r3
10002b0c:	f042 0202 	orr.w	r2, r2, #2
10002b10:	e7bf      	b.n	10002a92 <_vsnprintf+0x4e>
10002b12:	461d      	mov	r5, r3
10002b14:	f042 0204 	orr.w	r2, r2, #4
10002b18:	e7bb      	b.n	10002a92 <_vsnprintf+0x4e>
10002b1a:	461d      	mov	r5, r3
10002b1c:	f042 0210 	orr.w	r2, r2, #16
10002b20:	e7b7      	b.n	10002a92 <_vsnprintf+0x4e>
10002b22:	461d      	mov	r5, r3
10002b24:	f042 0208 	orr.w	r2, r2, #8
10002b28:	e7b3      	b.n	10002a92 <_vsnprintf+0x4e>
10002b2a:	7869      	ldrb	r1, [r5, #1]
10002b2c:	f442 7280 	orr.w	r2, r2, #256	@ 0x100
10002b30:	3301      	adds	r3, #1
10002b32:	2967      	cmp	r1, #103	@ 0x67
10002b34:	461d      	mov	r5, r3
10002b36:	d87e      	bhi.n	10002c36 <_vsnprintf+0x1f2>
10002b38:	2924      	cmp	r1, #36	@ 0x24
10002b3a:	f240 80b8 	bls.w	10002cae <_vsnprintf+0x26a>
10002b3e:	f1a1 0325 	sub.w	r3, r1, #37	@ 0x25
10002b42:	2b42      	cmp	r3, #66	@ 0x42
10002b44:	f200 80b3 	bhi.w	10002cae <_vsnprintf+0x26a>
10002b48:	e8df f013 	tbh	[pc, r3, lsl #1]
10002b4c:	00b10151 	.word	0x00b10151
10002b50:	00b100b1 	.word	0x00b100b1
10002b54:	00b100b1 	.word	0x00b100b1
10002b58:	00b100b1 	.word	0x00b100b1
10002b5c:	00b100b1 	.word	0x00b100b1
10002b60:	00b100b1 	.word	0x00b100b1
10002b64:	00b100b1 	.word	0x00b100b1
10002b68:	00b100b1 	.word	0x00b100b1
10002b6c:	00b100b1 	.word	0x00b100b1
10002b70:	00b100b1 	.word	0x00b100b1
10002b74:	00b100b1 	.word	0x00b100b1
10002b78:	00b100b1 	.word	0x00b100b1
10002b7c:	00b100b1 	.word	0x00b100b1
10002b80:	00b100b1 	.word	0x00b100b1
10002b84:	00b100b1 	.word	0x00b100b1
10002b88:	00b100b1 	.word	0x00b100b1
10002b8c:	013a011e 	.word	0x013a011e
10002b90:	00b1011e 	.word	0x00b1011e
10002b94:	00b100b1 	.word	0x00b100b1
10002b98:	00b100b1 	.word	0x00b100b1
10002b9c:	00b100b1 	.word	0x00b100b1
10002ba0:	00b100b1 	.word	0x00b100b1
10002ba4:	00b100b1 	.word	0x00b100b1
10002ba8:	00b100b1 	.word	0x00b100b1
10002bac:	00b100b1 	.word	0x00b100b1
10002bb0:	01b400b1 	.word	0x01b400b1
10002bb4:	00b100b1 	.word	0x00b100b1
10002bb8:	00b100b1 	.word	0x00b100b1
10002bbc:	00b100b1 	.word	0x00b100b1
10002bc0:	00b100b1 	.word	0x00b100b1
10002bc4:	01b400b1 	.word	0x01b400b1
10002bc8:	01b40158 	.word	0x01b40158
10002bcc:	013a011e 	.word	0x013a011e
10002bd0:	011e      	.short	0x011e
10002bd2:	2400      	movs	r4, #0
10002bd4:	eb04 0484 	add.w	r4, r4, r4, lsl #2
10002bd8:	eb01 0444 	add.w	r4, r1, r4, lsl #1
10002bdc:	7819      	ldrb	r1, [r3, #0]
10002bde:	461d      	mov	r5, r3
10002be0:	f1a1 0030 	sub.w	r0, r1, #48	@ 0x30
10002be4:	2809      	cmp	r0, #9
10002be6:	f1a4 0430 	sub.w	r4, r4, #48	@ 0x30
10002bea:	f103 0301 	add.w	r3, r3, #1
10002bee:	d9f1      	bls.n	10002bd4 <_vsnprintf+0x190>
10002bf0:	292e      	cmp	r1, #46	@ 0x2e
10002bf2:	f47f af6c 	bne.w	10002ace <_vsnprintf+0x8a>
10002bf6:	7869      	ldrb	r1, [r5, #1]
10002bf8:	4618      	mov	r0, r3
10002bfa:	f1a1 0730 	sub.w	r7, r1, #48	@ 0x30
10002bfe:	2f09      	cmp	r7, #9
10002c00:	f442 6280 	orr.w	r2, r2, #1024	@ 0x400
10002c04:	f240 8125 	bls.w	10002e52 <_vsnprintf+0x40e>
10002c08:	292a      	cmp	r1, #42	@ 0x2a
10002c0a:	f000 8132 	beq.w	10002e72 <_vsnprintf+0x42e>
10002c0e:	461d      	mov	r5, r3
10002c10:	2700      	movs	r7, #0
10002c12:	3301      	adds	r3, #1
10002c14:	e75c      	b.n	10002ad0 <_vsnprintf+0x8c>
10002c16:	4634      	mov	r4, r6
10002c18:	f8dd 9020 	ldr.w	r9, [sp, #32]
10002c1c:	45b1      	cmp	r9, r6
10002c1e:	d801      	bhi.n	10002c24 <_vsnprintf+0x1e0>
10002c20:	f109 36ff 	add.w	r6, r9, #4294967295	@ 0xffffffff
10002c24:	464b      	mov	r3, r9
10002c26:	4632      	mov	r2, r6
10002c28:	4651      	mov	r1, sl
10002c2a:	2000      	movs	r0, #0
10002c2c:	47d8      	blx	fp
10002c2e:	4620      	mov	r0, r4
10002c30:	b01b      	add	sp, #108	@ 0x6c
10002c32:	e8bd 8ff0 	ldmia.w	sp!, {r4, r5, r6, r7, r8, r9, sl, fp, pc}
10002c36:	f1a1 0369 	sub.w	r3, r1, #105	@ 0x69
10002c3a:	b2db      	uxtb	r3, r3
10002c3c:	2b0f      	cmp	r3, #15
10002c3e:	d836      	bhi.n	10002cae <_vsnprintf+0x26a>
10002c40:	2001      	movs	r0, #1
10002c42:	f249 0c41 	movw	ip, #36929	@ 0x9041
10002c46:	4098      	lsls	r0, r3
10002c48:	ea10 000c 	ands.w	r0, r0, ip
10002c4c:	f040 80f4 	bne.w	10002e38 <_vsnprintf+0x3f4>
10002c50:	2b0a      	cmp	r3, #10
10002c52:	d035      	beq.n	10002cc0 <_vsnprintf+0x27c>
10002c54:	2b07      	cmp	r3, #7
10002c56:	d12a      	bne.n	10002cae <_vsnprintf+0x26a>
10002c58:	f858 1b04 	ldr.w	r1, [r8], #4
10002c5c:	2900      	cmp	r1, #0
10002c5e:	f040 8110 	bne.w	10002e82 <_vsnprintf+0x43e>
10002c62:	f022 0410 	bic.w	r4, r2, #16
10002c66:	f412 6180 	ands.w	r1, r2, #1024	@ 0x400
10002c6a:	f044 0421 	orr.w	r4, r4, #33	@ 0x21
10002c6e:	f000 810a 	beq.w	10002e86 <_vsnprintf+0x442>
10002c72:	aa12      	add	r2, sp, #72	@ 0x48
10002c74:	2308      	movs	r3, #8
10002c76:	9305      	str	r3, [sp, #20]
10002c78:	2310      	movs	r3, #16
10002c7a:	e9cd 2000 	strd	r2, r0, [sp]
10002c7e:	4632      	mov	r2, r6
10002c80:	9406      	str	r4, [sp, #24]
10002c82:	9704      	str	r7, [sp, #16]
10002c84:	9303      	str	r3, [sp, #12]
10002c86:	2300      	movs	r3, #0
10002c88:	9302      	str	r3, [sp, #8]
10002c8a:	4651      	mov	r1, sl
10002c8c:	4658      	mov	r0, fp
10002c8e:	9b08      	ldr	r3, [sp, #32]
10002c90:	f7ff f8d2 	bl	10001e38 <_ntoa_format>
10002c94:	4606      	mov	r6, r0
10002c96:	e6f3      	b.n	10002a80 <_vsnprintf+0x3c>
10002c98:	f858 4b04 	ldr.w	r4, [r8], #4
10002c9c:	7869      	ldrb	r1, [r5, #1]
10002c9e:	2c00      	cmp	r4, #0
10002ca0:	461d      	mov	r5, r3
10002ca2:	bfbc      	itt	lt
10002ca4:	f042 0202 	orrlt.w	r2, r2, #2
10002ca8:	4264      	neglt	r4, r4
10002caa:	3301      	adds	r3, #1
10002cac:	e70c      	b.n	10002ac8 <_vsnprintf+0x84>
10002cae:	4608      	mov	r0, r1
10002cb0:	e6e1      	b.n	10002a76 <_vsnprintf+0x32>
10002cb2:	bf00      	nop
10002cb4:	10002a45 	.word	0x10002a45
10002cb8:	20001c68 	.word	0x20001c68
10002cbc:	10001d8d 	.word	0x10001d8d
10002cc0:	f858 9b04 	ldr.w	r9, [r8], #4
10002cc4:	2f00      	cmp	r7, #0
10002cc6:	f899 0000 	ldrb.w	r0, [r9]
10002cca:	bf14      	ite	ne
10002ccc:	463b      	movne	r3, r7
10002cce:	f04f 33ff 	moveq.w	r3, #4294967295	@ 0xffffffff
10002cd2:	2800      	cmp	r0, #0
10002cd4:	f000 8382 	beq.w	100033dc <_vsnprintf+0x998>
10002cd8:	4649      	mov	r1, r9
10002cda:	eb03 0c09 	add.w	ip, r3, r9
10002cde:	e004      	b.n	10002cea <_vsnprintf+0x2a6>
10002ce0:	f811 3f01 	ldrb.w	r3, [r1, #1]!
10002ce4:	2b00      	cmp	r3, #0
10002ce6:	f000 8143 	beq.w	10002f70 <_vsnprintf+0x52c>
10002cea:	458c      	cmp	ip, r1
10002cec:	d1f8      	bne.n	10002ce0 <_vsnprintf+0x29c>
10002cee:	ebac 0109 	sub.w	r1, ip, r9
10002cf2:	0553      	lsls	r3, r2, #21
10002cf4:	f140 8120 	bpl.w	10002f38 <_vsnprintf+0x4f4>
10002cf8:	42b9      	cmp	r1, r7
10002cfa:	bf28      	it	cs
10002cfc:	4639      	movcs	r1, r7
10002cfe:	f012 0302 	ands.w	r3, r2, #2
10002d02:	f000 8283 	beq.w	1000320c <_vsnprintf+0x7c8>
10002d06:	2302      	movs	r3, #2
10002d08:	e9cd 4809 	strd	r4, r8, [sp, #36]	@ 0x24
10002d0c:	4632      	mov	r2, r6
10002d0e:	4688      	mov	r8, r1
10002d10:	9c08      	ldr	r4, [sp, #32]
10002d12:	4437      	add	r7, r6
10002d14:	930b      	str	r3, [sp, #44]	@ 0x2c
10002d16:	e007      	b.n	10002d28 <_vsnprintf+0x2e4>
10002d18:	4623      	mov	r3, r4
10002d1a:	4651      	mov	r1, sl
10002d1c:	47d8      	blx	fp
10002d1e:	f819 0f01 	ldrb.w	r0, [r9, #1]!
10002d22:	3601      	adds	r6, #1
10002d24:	b110      	cbz	r0, 10002d2c <_vsnprintf+0x2e8>
10002d26:	4632      	mov	r2, r6
10002d28:	42b7      	cmp	r7, r6
10002d2a:	d1f5      	bne.n	10002d18 <_vsnprintf+0x2d4>
10002d2c:	9b0b      	ldr	r3, [sp, #44]	@ 0x2c
10002d2e:	4641      	mov	r1, r8
10002d30:	9c09      	ldr	r4, [sp, #36]	@ 0x24
10002d32:	f8dd 8028 	ldr.w	r8, [sp, #40]	@ 0x28
10002d36:	2b00      	cmp	r3, #0
10002d38:	f43f aea2 	beq.w	10002a80 <_vsnprintf+0x3c>
10002d3c:	4637      	mov	r7, r6
10002d3e:	428c      	cmp	r4, r1
10002d40:	f67f ae9e 	bls.w	10002a80 <_vsnprintf+0x3c>
10002d44:	4426      	add	r6, r4
10002d46:	9c08      	ldr	r4, [sp, #32]
10002d48:	1a76      	subs	r6, r6, r1
10002d4a:	463a      	mov	r2, r7
10002d4c:	4623      	mov	r3, r4
10002d4e:	4651      	mov	r1, sl
10002d50:	2020      	movs	r0, #32
10002d52:	3701      	adds	r7, #1
10002d54:	47d8      	blx	fp
10002d56:	42b7      	cmp	r7, r6
10002d58:	d1f7      	bne.n	10002d4a <_vsnprintf+0x306>
10002d5a:	e691      	b.n	10002a80 <_vsnprintf+0x3c>
10002d5c:	7869      	ldrb	r1, [r5, #1]
10002d5e:	296c      	cmp	r1, #108	@ 0x6c
10002d60:	f47f aee4 	bne.w	10002b2c <_vsnprintf+0xe8>
10002d64:	78a9      	ldrb	r1, [r5, #2]
10002d66:	f442 7240 	orr.w	r2, r2, #768	@ 0x300
10002d6a:	1ceb      	adds	r3, r5, #3
10002d6c:	e6e1      	b.n	10002b32 <_vsnprintf+0xee>
10002d6e:	7869      	ldrb	r1, [r5, #1]
10002d70:	f442 7200 	orr.w	r2, r2, #512	@ 0x200
10002d74:	3301      	adds	r3, #1
10002d76:	e6dc      	b.n	10002b32 <_vsnprintf+0xee>
10002d78:	7869      	ldrb	r1, [r5, #1]
10002d7a:	2968      	cmp	r1, #104	@ 0x68
10002d7c:	f000 80fb 	beq.w	10002f76 <_vsnprintf+0x532>
10002d80:	f042 0280 	orr.w	r2, r2, #128	@ 0x80
10002d84:	3301      	adds	r3, #1
10002d86:	e6d4      	b.n	10002b32 <_vsnprintf+0xee>
10002d88:	2967      	cmp	r1, #103	@ 0x67
10002d8a:	f000 80c9 	beq.w	10002f20 <_vsnprintf+0x4dc>
10002d8e:	2947      	cmp	r1, #71	@ 0x47
10002d90:	f000 80cd 	beq.w	10002f2e <_vsnprintf+0x4ea>
10002d94:	2945      	cmp	r1, #69	@ 0x45
10002d96:	f000 80cc 	beq.w	10002f32 <_vsnprintf+0x4ee>
10002d9a:	e9cd 4203 	strd	r4, r2, [sp, #12]
10002d9e:	f108 0807 	add.w	r8, r8, #7
10002da2:	9702      	str	r7, [sp, #8]
10002da4:	f028 0807 	bic.w	r8, r8, #7
10002da8:	4632      	mov	r2, r6
10002daa:	e8f8 6702 	ldrd	r6, r7, [r8], #8
10002dae:	4651      	mov	r1, sl
10002db0:	e9cd 6700 	strd	r6, r7, [sp]
10002db4:	4658      	mov	r0, fp
10002db6:	9b08      	ldr	r3, [sp, #32]
10002db8:	f7ff fb82 	bl	100024c0 <_etoa>
10002dbc:	4606      	mov	r6, r0
10002dbe:	e65f      	b.n	10002a80 <_vsnprintf+0x3c>
10002dc0:	2946      	cmp	r1, #70	@ 0x46
10002dc2:	bf08      	it	eq
10002dc4:	f042 0220 	orreq.w	r2, r2, #32
10002dc8:	e9cd 4203 	strd	r4, r2, [sp, #12]
10002dcc:	f108 0807 	add.w	r8, r8, #7
10002dd0:	9702      	str	r7, [sp, #8]
10002dd2:	f028 0807 	bic.w	r8, r8, #7
10002dd6:	4632      	mov	r2, r6
10002dd8:	e8f8 6702 	ldrd	r6, r7, [r8], #8
10002ddc:	4651      	mov	r1, sl
10002dde:	e9cd 6700 	strd	r6, r7, [sp]
10002de2:	4658      	mov	r0, fp
10002de4:	9b08      	ldr	r3, [sp, #32]
10002de6:	f7ff f91f 	bl	10002028 <_ftoa>
10002dea:	4606      	mov	r6, r0
10002dec:	e648      	b.n	10002a80 <_vsnprintf+0x3c>
10002dee:	4632      	mov	r2, r6
10002df0:	4651      	mov	r1, sl
10002df2:	2025      	movs	r0, #37	@ 0x25
10002df4:	9b08      	ldr	r3, [sp, #32]
10002df6:	47d8      	blx	fp
10002df8:	3601      	adds	r6, #1
10002dfa:	e641      	b.n	10002a80 <_vsnprintf+0x3c>
10002dfc:	f108 0304 	add.w	r3, r8, #4
10002e00:	0792      	lsls	r2, r2, #30
10002e02:	9309      	str	r3, [sp, #36]	@ 0x24
10002e04:	f106 0701 	add.w	r7, r6, #1
10002e08:	f140 80c3 	bpl.w	10002f92 <_vsnprintf+0x54e>
10002e0c:	4632      	mov	r2, r6
10002e0e:	4651      	mov	r1, sl
10002e10:	f898 0000 	ldrb.w	r0, [r8]
10002e14:	9b08      	ldr	r3, [sp, #32]
10002e16:	47d8      	blx	fp
10002e18:	2c01      	cmp	r4, #1
10002e1a:	f240 81b4 	bls.w	10003186 <_vsnprintf+0x742>
10002e1e:	4426      	add	r6, r4
10002e20:	9c08      	ldr	r4, [sp, #32]
10002e22:	463a      	mov	r2, r7
10002e24:	4623      	mov	r3, r4
10002e26:	4651      	mov	r1, sl
10002e28:	2020      	movs	r0, #32
10002e2a:	3701      	adds	r7, #1
10002e2c:	47d8      	blx	fp
10002e2e:	42b7      	cmp	r7, r6
10002e30:	d1f7      	bne.n	10002e22 <_vsnprintf+0x3de>
10002e32:	f8dd 8024 	ldr.w	r8, [sp, #36]	@ 0x24
10002e36:	e623      	b.n	10002a80 <_vsnprintf+0x3c>
10002e38:	296f      	cmp	r1, #111	@ 0x6f
10002e3a:	d074      	beq.n	10002f26 <_vsnprintf+0x4e2>
10002e3c:	f240 8241 	bls.w	100032c2 <_vsnprintf+0x87e>
10002e40:	2978      	cmp	r1, #120	@ 0x78
10002e42:	f000 8186 	beq.w	10003152 <_vsnprintf+0x70e>
10002e46:	f04f 090a 	mov.w	r9, #10
10002e4a:	f022 0210 	bic.w	r2, r2, #16
10002e4e:	464b      	mov	r3, r9
10002e50:	e038      	b.n	10002ec4 <_vsnprintf+0x480>
10002e52:	2700      	movs	r7, #0
10002e54:	eb07 0787 	add.w	r7, r7, r7, lsl #2
10002e58:	eb01 0147 	add.w	r1, r1, r7, lsl #1
10002e5c:	f1a1 0730 	sub.w	r7, r1, #48	@ 0x30
10002e60:	f810 1f01 	ldrb.w	r1, [r0, #1]!
10002e64:	f1a1 0330 	sub.w	r3, r1, #48	@ 0x30
10002e68:	2b09      	cmp	r3, #9
10002e6a:	d9f3      	bls.n	10002e54 <_vsnprintf+0x410>
10002e6c:	4605      	mov	r5, r0
10002e6e:	1c43      	adds	r3, r0, #1
10002e70:	e62e      	b.n	10002ad0 <_vsnprintf+0x8c>
10002e72:	f858 7b04 	ldr.w	r7, [r8], #4
10002e76:	78a9      	ldrb	r1, [r5, #2]
10002e78:	3502      	adds	r5, #2
10002e7a:	1c6b      	adds	r3, r5, #1
10002e7c:	ea27 77e7 	bic.w	r7, r7, r7, asr #31
10002e80:	e626      	b.n	10002ad0 <_vsnprintf+0x8c>
10002e82:	f042 0421 	orr.w	r4, r2, #33	@ 0x21
10002e86:	aa12      	add	r2, sp, #72	@ 0x48
10002e88:	4694      	mov	ip, r2
10002e8a:	e002      	b.n	10002e92 <_vsnprintf+0x44e>
10002e8c:	2820      	cmp	r0, #32
10002e8e:	f43f aef1 	beq.w	10002c74 <_vsnprintf+0x230>
10002e92:	f001 030f 	and.w	r3, r1, #15
10002e96:	2b09      	cmp	r3, #9
10002e98:	bf94      	ite	ls
10002e9a:	3330      	addls	r3, #48	@ 0x30
10002e9c:	3337      	addhi	r3, #55	@ 0x37
10002e9e:	290f      	cmp	r1, #15
10002ea0:	f88c 3000 	strb.w	r3, [ip]
10002ea4:	f100 0001 	add.w	r0, r0, #1
10002ea8:	f10c 0c01 	add.w	ip, ip, #1
10002eac:	ea4f 1111 	mov.w	r1, r1, lsr #4
10002eb0:	d8ec      	bhi.n	10002e8c <_vsnprintf+0x448>
10002eb2:	e6df      	b.n	10002c74 <_vsnprintf+0x230>
10002eb4:	2958      	cmp	r1, #88	@ 0x58
10002eb6:	d066      	beq.n	10002f86 <_vsnprintf+0x542>
10002eb8:	2962      	cmp	r1, #98	@ 0x62
10002eba:	f040 8089 	bne.w	10002fd0 <_vsnprintf+0x58c>
10002ebe:	f04f 0902 	mov.w	r9, #2
10002ec2:	464b      	mov	r3, r9
10002ec4:	f412 6c80 	ands.w	ip, r2, #1024	@ 0x400
10002ec8:	f000 80d4 	beq.w	10003074 <_vsnprintf+0x630>
10002ecc:	f022 020d 	bic.w	r2, r2, #13
10002ed0:	9209      	str	r2, [sp, #36]	@ 0x24
10002ed2:	f412 7100 	ands.w	r1, r2, #512	@ 0x200
10002ed6:	f040 817b 	bne.w	100031d0 <_vsnprintf+0x78c>
10002eda:	f412 7080 	ands.w	r0, r2, #256	@ 0x100
10002ede:	f108 0904 	add.w	r9, r8, #4
10002ee2:	f040 8238 	bne.w	10003356 <_vsnprintf+0x912>
10002ee6:	0651      	lsls	r1, r2, #25
10002ee8:	f140 813a 	bpl.w	10003160 <_vsnprintf+0x71c>
10002eec:	f898 1000 	ldrb.w	r1, [r8]
10002ef0:	2900      	cmp	r1, #0
10002ef2:	f040 814a 	bne.w	1000318a <_vsnprintf+0x746>
10002ef6:	9a09      	ldr	r2, [sp, #36]	@ 0x24
10002ef8:	f022 0210 	bic.w	r2, r2, #16
10002efc:	9209      	str	r2, [sp, #36]	@ 0x24
10002efe:	f1bc 0f00 	cmp.w	ip, #0
10002f02:	f000 8142 	beq.w	1000318a <_vsnprintf+0x746>
10002f06:	4608      	mov	r0, r1
10002f08:	aa12      	add	r2, sp, #72	@ 0x48
10002f0a:	9909      	ldr	r1, [sp, #36]	@ 0x24
10002f0c:	e9cd 3703 	strd	r3, r7, [sp, #12]
10002f10:	e9cd 4105 	strd	r4, r1, [sp, #20]
10002f14:	9001      	str	r0, [sp, #4]
10002f16:	2300      	movs	r3, #0
10002f18:	9200      	str	r2, [sp, #0]
10002f1a:	9302      	str	r3, [sp, #8]
10002f1c:	4632      	mov	r2, r6
10002f1e:	e0a1      	b.n	10003064 <_vsnprintf+0x620>
10002f20:	f442 6200 	orr.w	r2, r2, #2048	@ 0x800
10002f24:	e739      	b.n	10002d9a <_vsnprintf+0x356>
10002f26:	f04f 0908 	mov.w	r9, #8
10002f2a:	464b      	mov	r3, r9
10002f2c:	e7ca      	b.n	10002ec4 <_vsnprintf+0x480>
10002f2e:	f442 6200 	orr.w	r2, r2, #2048	@ 0x800
10002f32:	f042 0220 	orr.w	r2, r2, #32
10002f36:	e730      	b.n	10002d9a <_vsnprintf+0x356>
10002f38:	f012 0302 	ands.w	r3, r2, #2
10002f3c:	f000 818c 	beq.w	10003258 <_vsnprintf+0x814>
10002f40:	2302      	movs	r3, #2
10002f42:	e9cd 4809 	strd	r4, r8, [sp, #36]	@ 0x24
10002f46:	461f      	mov	r7, r3
10002f48:	4688      	mov	r8, r1
10002f4a:	9c08      	ldr	r4, [sp, #32]
10002f4c:	4632      	mov	r2, r6
10002f4e:	4623      	mov	r3, r4
10002f50:	4651      	mov	r1, sl
10002f52:	47d8      	blx	fp
10002f54:	f819 0f01 	ldrb.w	r0, [r9, #1]!
10002f58:	3601      	adds	r6, #1
10002f5a:	2800      	cmp	r0, #0
10002f5c:	d1f6      	bne.n	10002f4c <_vsnprintf+0x508>
10002f5e:	463b      	mov	r3, r7
10002f60:	4641      	mov	r1, r8
10002f62:	9c09      	ldr	r4, [sp, #36]	@ 0x24
10002f64:	f8dd 8028 	ldr.w	r8, [sp, #40]	@ 0x28
10002f68:	2b00      	cmp	r3, #0
10002f6a:	f43f ad89 	beq.w	10002a80 <_vsnprintf+0x3c>
10002f6e:	e6e5      	b.n	10002d3c <_vsnprintf+0x2f8>
10002f70:	eba1 0109 	sub.w	r1, r1, r9
10002f74:	e6bd      	b.n	10002cf2 <_vsnprintf+0x2ae>
10002f76:	78a9      	ldrb	r1, [r5, #2]
10002f78:	f042 02c0 	orr.w	r2, r2, #192	@ 0xc0
10002f7c:	1ceb      	adds	r3, r5, #3
10002f7e:	e5d8      	b.n	10002b32 <_vsnprintf+0xee>
10002f80:	4604      	mov	r4, r0
10002f82:	4606      	mov	r6, r0
10002f84:	e64a      	b.n	10002c1c <_vsnprintf+0x1d8>
10002f86:	f04f 0910 	mov.w	r9, #16
10002f8a:	f042 0220 	orr.w	r2, r2, #32
10002f8e:	464b      	mov	r3, r9
10002f90:	e798      	b.n	10002ec4 <_vsnprintf+0x480>
10002f92:	2c01      	cmp	r4, #1
10002f94:	f240 80f1 	bls.w	1000317a <_vsnprintf+0x736>
10002f98:	4637      	mov	r7, r6
10002f9a:	f106 39ff 	add.w	r9, r6, #4294967295	@ 0xffffffff
10002f9e:	f8cd 8028 	str.w	r8, [sp, #40]	@ 0x28
10002fa2:	f8dd 8020 	ldr.w	r8, [sp, #32]
10002fa6:	44a1      	add	r9, r4
10002fa8:	463a      	mov	r2, r7
10002faa:	4643      	mov	r3, r8
10002fac:	4651      	mov	r1, sl
10002fae:	2020      	movs	r0, #32
10002fb0:	3701      	adds	r7, #1
10002fb2:	47d8      	blx	fp
10002fb4:	454f      	cmp	r7, r9
10002fb6:	d1f7      	bne.n	10002fa8 <_vsnprintf+0x564>
10002fb8:	f8dd 8028 	ldr.w	r8, [sp, #40]	@ 0x28
10002fbc:	463a      	mov	r2, r7
10002fbe:	f898 0000 	ldrb.w	r0, [r8]
10002fc2:	4651      	mov	r1, sl
10002fc4:	9b08      	ldr	r3, [sp, #32]
10002fc6:	47d8      	blx	fp
10002fc8:	4426      	add	r6, r4
10002fca:	f8dd 8024 	ldr.w	r8, [sp, #36]	@ 0x24
10002fce:	e557      	b.n	10002a80 <_vsnprintf+0x3c>
10002fd0:	f412 6380 	ands.w	r3, r2, #1024	@ 0x400
10002fd4:	f000 80c1 	beq.w	1000315a <_vsnprintf+0x716>
10002fd8:	f44f 6380 	mov.w	r3, #1024	@ 0x400
10002fdc:	f022 0011 	bic.w	r0, r2, #17
10002fe0:	f410 7e00 	ands.w	lr, r0, #512	@ 0x200
10002fe4:	d14a      	bne.n	1000307c <_vsnprintf+0x638>
10002fe6:	f410 7c80 	ands.w	ip, r0, #256	@ 0x100
10002fea:	f108 0904 	add.w	r9, r8, #4
10002fee:	f040 8137 	bne.w	10003260 <_vsnprintf+0x81c>
10002ff2:	0641      	lsls	r1, r0, #25
10002ff4:	f100 80a9 	bmi.w	1000314a <_vsnprintf+0x706>
10002ff8:	0602      	lsls	r2, r0, #24
10002ffa:	f140 81e3 	bpl.w	100033c4 <_vsnprintf+0x980>
10002ffe:	f9b8 2000 	ldrsh.w	r2, [r8]
10003002:	ea82 71e2 	eor.w	r1, r2, r2, asr #31
10003006:	eba1 71e2 	sub.w	r1, r1, r2, asr #31
1000300a:	fa1f fe81 	uxth.w	lr, r1
1000300e:	0fd1      	lsrs	r1, r2, #31
10003010:	9109      	str	r1, [sp, #36]	@ 0x24
10003012:	2a00      	cmp	r2, #0
10003014:	f000 815f 	beq.w	100032d6 <_vsnprintf+0x892>
10003018:	4673      	mov	r3, lr
1000301a:	aa12      	add	r2, sp, #72	@ 0x48
1000301c:	4696      	mov	lr, r2
1000301e:	f8df 83a0 	ldr.w	r8, [pc, #928]	@ 100033c0 <_vsnprintf+0x97c>
10003022:	940a      	str	r4, [sp, #40]	@ 0x28
10003024:	e003      	b.n	1000302e <_vsnprintf+0x5ea>
10003026:	f1bc 0f20 	cmp.w	ip, #32
1000302a:	4623      	mov	r3, r4
1000302c:	d00f      	beq.n	1000304e <_vsnprintf+0x60a>
1000302e:	fba8 1403 	umull	r1, r4, r8, r3
10003032:	08e4      	lsrs	r4, r4, #3
10003034:	eb04 0184 	add.w	r1, r4, r4, lsl #2
10003038:	eba3 0141 	sub.w	r1, r3, r1, lsl #1
1000303c:	f10e 0e01 	add.w	lr, lr, #1
10003040:	3130      	adds	r1, #48	@ 0x30
10003042:	2b09      	cmp	r3, #9
10003044:	f10c 0c01 	add.w	ip, ip, #1
10003048:	f80e 1c01 	strb.w	r1, [lr, #-1]
1000304c:	d8eb      	bhi.n	10003026 <_vsnprintf+0x5e2>
1000304e:	9c0a      	ldr	r4, [sp, #40]	@ 0x28
10003050:	9b09      	ldr	r3, [sp, #36]	@ 0x24
10003052:	9200      	str	r2, [sp, #0]
10003054:	e9cd c301 	strd	ip, r3, [sp, #4]
10003058:	230a      	movs	r3, #10
1000305a:	4632      	mov	r2, r6
1000305c:	e9cd 4005 	strd	r4, r0, [sp, #20]
10003060:	9704      	str	r7, [sp, #16]
10003062:	9303      	str	r3, [sp, #12]
10003064:	4651      	mov	r1, sl
10003066:	4658      	mov	r0, fp
10003068:	9b08      	ldr	r3, [sp, #32]
1000306a:	f7fe fee5 	bl	10001e38 <_ntoa_format>
1000306e:	46c8      	mov	r8, r9
10003070:	4606      	mov	r6, r0
10003072:	e505      	b.n	10002a80 <_vsnprintf+0x3c>
10003074:	f022 020c 	bic.w	r2, r2, #12
10003078:	9209      	str	r2, [sp, #36]	@ 0x24
1000307a:	e72a      	b.n	10002ed2 <_vsnprintf+0x48e>
1000307c:	f108 0807 	add.w	r8, r8, #7
10003080:	f028 0807 	bic.w	r8, r8, #7
10003084:	f8d8 2004 	ldr.w	r2, [r8, #4]
10003088:	f858 cb08 	ldr.w	ip, [r8], #8
1000308c:	0fd1      	lsrs	r1, r2, #31
1000308e:	ea5c 0e02 	orrs.w	lr, ip, r2
10003092:	d06c      	beq.n	1000316e <_vsnprintf+0x72a>
10003094:	2a00      	cmp	r2, #0
10003096:	4663      	mov	r3, ip
10003098:	da02      	bge.n	100030a0 <_vsnprintf+0x65c>
1000309a:	425b      	negs	r3, r3
1000309c:	eb62 0242 	sbc.w	r2, r2, r2, lsl #1
100030a0:	4691      	mov	r9, r2
100030a2:	9309      	str	r3, [sp, #36]	@ 0x24
100030a4:	aa12      	add	r2, sp, #72	@ 0x48
100030a6:	4694      	mov	ip, r2
100030a8:	f04f 0e00 	mov.w	lr, #0
100030ac:	e9cd 180a 	strd	r1, r8, [sp, #40]	@ 0x28
100030b0:	e9cd 470c 	strd	r4, r7, [sp, #48]	@ 0x30
100030b4:	960e      	str	r6, [sp, #56]	@ 0x38
100030b6:	920f      	str	r2, [sp, #60]	@ 0x3c
100030b8:	e003      	b.n	100030c2 <_vsnprintf+0x67e>
100030ba:	f1be 0f20 	cmp.w	lr, #32
100030be:	463b      	mov	r3, r7
100030c0:	d030      	beq.n	10003124 <_vsnprintf+0x6e0>
100030c2:	f04f 32cc 	mov.w	r2, #3435973836	@ 0xcccccccc
100030c6:	eb13 0109 	adds.w	r1, r3, r9
100030ca:	4fbd      	ldr	r7, [pc, #756]	@ (100033c0 <_vsnprintf+0x97c>)
100030cc:	f141 0100 	adc.w	r1, r1, #0
100030d0:	fba7 4601 	umull	r4, r6, r7, r1
100030d4:	f026 0403 	bic.w	r4, r6, #3
100030d8:	eb04 0496 	add.w	r4, r4, r6, lsr #2
100030dc:	1b09      	subs	r1, r1, r4
100030de:	1a5c      	subs	r4, r3, r1
100030e0:	fb02 f604 	mul.w	r6, r2, r4
100030e4:	463a      	mov	r2, r7
100030e6:	f169 0800 	sbc.w	r8, r9, #0
100030ea:	fb02 6608 	mla	r6, r2, r8, r6
100030ee:	2205      	movs	r2, #5
100030f0:	fba4 7407 	umull	r7, r4, r4, r7
100030f4:	f007 0801 	and.w	r8, r7, #1
100030f8:	4426      	add	r6, r4
100030fa:	fba8 4802 	umull	r4, r8, r8, r2
100030fe:	1864      	adds	r4, r4, r1
10003100:	2b0a      	cmp	r3, #10
10003102:	f10c 0c01 	add.w	ip, ip, #1
10003106:	ea4f 0757 	mov.w	r7, r7, lsr #1
1000310a:	f104 0430 	add.w	r4, r4, #48	@ 0x30
1000310e:	f179 0900 	sbcs.w	r9, r9, #0
10003112:	f10e 0e01 	add.w	lr, lr, #1
10003116:	f80c 4c01 	strb.w	r4, [ip, #-1]
1000311a:	ea47 77c6 	orr.w	r7, r7, r6, lsl #31
1000311e:	ea4f 0956 	mov.w	r9, r6, lsr #1
10003122:	d2ca      	bcs.n	100030ba <_vsnprintf+0x676>
10003124:	4673      	mov	r3, lr
10003126:	e9dd 180a 	ldrd	r1, r8, [sp, #40]	@ 0x28
1000312a:	e9dd 470c 	ldrd	r4, r7, [sp, #48]	@ 0x30
1000312e:	9e0e      	ldr	r6, [sp, #56]	@ 0x38
10003130:	9a0f      	ldr	r2, [sp, #60]	@ 0x3c
10003132:	f8cd e024 	str.w	lr, [sp, #36]	@ 0x24
10003136:	e9cd 3101 	strd	r3, r1, [sp, #4]
1000313a:	230a      	movs	r3, #10
1000313c:	9200      	str	r2, [sp, #0]
1000313e:	e9cd 4005 	strd	r4, r0, [sp, #20]
10003142:	4632      	mov	r2, r6
10003144:	9704      	str	r7, [sp, #16]
10003146:	9303      	str	r3, [sp, #12]
10003148:	e59f      	b.n	10002c8a <_vsnprintf+0x246>
1000314a:	f898 2000 	ldrb.w	r2, [r8]
1000314e:	4696      	mov	lr, r2
10003150:	e75d      	b.n	1000300e <_vsnprintf+0x5ca>
10003152:	f04f 0910 	mov.w	r9, #16
10003156:	464b      	mov	r3, r9
10003158:	e6b4      	b.n	10002ec4 <_vsnprintf+0x480>
1000315a:	f022 0010 	bic.w	r0, r2, #16
1000315e:	e73f      	b.n	10002fe0 <_vsnprintf+0x59c>
10003160:	0611      	lsls	r1, r2, #24
10003162:	bf4c      	ite	mi
10003164:	f8b8 1000 	ldrhmi.w	r1, [r8]
10003168:	f8d8 1000 	ldrpl.w	r1, [r8]
1000316c:	e6c0      	b.n	10002ef0 <_vsnprintf+0x4ac>
1000316e:	2b00      	cmp	r3, #0
10003170:	f040 8142 	bne.w	100033f8 <_vsnprintf+0x9b4>
10003174:	4699      	mov	r9, r3
10003176:	9309      	str	r3, [sp, #36]	@ 0x24
10003178:	e794      	b.n	100030a4 <_vsnprintf+0x660>
1000317a:	4632      	mov	r2, r6
1000317c:	4651      	mov	r1, sl
1000317e:	f898 0000 	ldrb.w	r0, [r8]
10003182:	9b08      	ldr	r3, [sp, #32]
10003184:	47d8      	blx	fp
10003186:	463e      	mov	r6, r7
10003188:	e653      	b.n	10002e32 <_vsnprintf+0x3ee>
1000318a:	9a09      	ldr	r2, [sp, #36]	@ 0x24
1000318c:	940a      	str	r4, [sp, #40]	@ 0x28
1000318e:	f012 0f20 	tst.w	r2, #32
10003192:	bf14      	ite	ne
10003194:	f04f 0841 	movne.w	r8, #65	@ 0x41
10003198:	f04f 0861 	moveq.w	r8, #97	@ 0x61
1000319c:	aa12      	add	r2, sp, #72	@ 0x48
1000319e:	4694      	mov	ip, r2
100031a0:	f1a8 080a 	sub.w	r8, r8, #10
100031a4:	e002      	b.n	100031ac <_vsnprintf+0x768>
100031a6:	2820      	cmp	r0, #32
100031a8:	4671      	mov	r1, lr
100031aa:	d00f      	beq.n	100031cc <_vsnprintf+0x788>
100031ac:	fbb1 fef3 	udiv	lr, r1, r3
100031b0:	fb03 141e 	mls	r4, r3, lr, r1
100031b4:	2c09      	cmp	r4, #9
100031b6:	bf94      	ite	ls
100031b8:	3430      	addls	r4, #48	@ 0x30
100031ba:	4444      	addhi	r4, r8
100031bc:	4299      	cmp	r1, r3
100031be:	f88c 4000 	strb.w	r4, [ip]
100031c2:	f100 0001 	add.w	r0, r0, #1
100031c6:	f10c 0c01 	add.w	ip, ip, #1
100031ca:	d2ec      	bcs.n	100031a6 <_vsnprintf+0x762>
100031cc:	9c0a      	ldr	r4, [sp, #40]	@ 0x28
100031ce:	e69c      	b.n	10002f0a <_vsnprintf+0x4c6>
100031d0:	f108 0807 	add.w	r8, r8, #7
100031d4:	f028 0807 	bic.w	r8, r8, #7
100031d8:	f8d8 2004 	ldr.w	r2, [r8, #4]
100031dc:	f858 1b08 	ldr.w	r1, [r8], #8
100031e0:	920a      	str	r2, [sp, #40]	@ 0x28
100031e2:	430a      	orrs	r2, r1
100031e4:	468e      	mov	lr, r1
100031e6:	d17b      	bne.n	100032e0 <_vsnprintf+0x89c>
100031e8:	9a09      	ldr	r2, [sp, #36]	@ 0x24
100031ea:	f022 0210 	bic.w	r2, r2, #16
100031ee:	9209      	str	r2, [sp, #36]	@ 0x24
100031f0:	f1bc 0f00 	cmp.w	ip, #0
100031f4:	d074      	beq.n	100032e0 <_vsnprintf+0x89c>
100031f6:	2000      	movs	r0, #0
100031f8:	aa12      	add	r2, sp, #72	@ 0x48
100031fa:	9909      	ldr	r1, [sp, #36]	@ 0x24
100031fc:	e9cd 2000 	strd	r2, r0, [sp]
10003200:	e9cd 4105 	strd	r4, r1, [sp, #20]
10003204:	4632      	mov	r2, r6
10003206:	e9cd 3703 	strd	r3, r7, [sp, #12]
1000320a:	e53c      	b.n	10002c86 <_vsnprintf+0x242>
1000320c:	428c      	cmp	r4, r1
1000320e:	bf98      	it	ls
10003210:	3101      	addls	r1, #1
10003212:	f67f ad79 	bls.w	10002d08 <_vsnprintf+0x2c4>
10003216:	f44f 6380 	mov.w	r3, #1024	@ 0x400
1000321a:	e9cd 9409 	strd	r9, r4, [sp, #36]	@ 0x24
1000321e:	4699      	mov	r9, r3
10003220:	19a2      	adds	r2, r4, r6
10003222:	970b      	str	r7, [sp, #44]	@ 0x2c
10003224:	9f08      	ldr	r7, [sp, #32]
10003226:	1a54      	subs	r4, r2, r1
10003228:	4632      	mov	r2, r6
1000322a:	463b      	mov	r3, r7
1000322c:	4651      	mov	r1, sl
1000322e:	2020      	movs	r0, #32
10003230:	3601      	adds	r6, #1
10003232:	47d8      	blx	fp
10003234:	42a6      	cmp	r6, r4
10003236:	d1f7      	bne.n	10003228 <_vsnprintf+0x7e4>
10003238:	e9dd 470a 	ldrd	r4, r7, [sp, #40]	@ 0x28
1000323c:	464b      	mov	r3, r9
1000323e:	f8dd 9024 	ldr.w	r9, [sp, #36]	@ 0x24
10003242:	f899 0000 	ldrb.w	r0, [r9]
10003246:	2800      	cmp	r0, #0
10003248:	f43f ac1a 	beq.w	10002a80 <_vsnprintf+0x3c>
1000324c:	1c61      	adds	r1, r4, #1
1000324e:	2b00      	cmp	r3, #0
10003250:	f43f ae77 	beq.w	10002f42 <_vsnprintf+0x4fe>
10003254:	2300      	movs	r3, #0
10003256:	e557      	b.n	10002d08 <_vsnprintf+0x2c4>
10003258:	428c      	cmp	r4, r1
1000325a:	d8de      	bhi.n	1000321a <_vsnprintf+0x7d6>
1000325c:	3101      	adds	r1, #1
1000325e:	e670      	b.n	10002f42 <_vsnprintf+0x4fe>
10003260:	f8d8 2000 	ldr.w	r2, [r8]
10003264:	0fd1      	lsrs	r1, r2, #31
10003266:	2a00      	cmp	r2, #0
10003268:	f000 80b3 	beq.w	100033d2 <_vsnprintf+0x98e>
1000326c:	ea82 73e2 	eor.w	r3, r2, r2, asr #31
10003270:	eba3 73e2 	sub.w	r3, r3, r2, asr #31
10003274:	aa12      	add	r2, sp, #72	@ 0x48
10003276:	4694      	mov	ip, r2
10003278:	e9cd 1409 	strd	r1, r4, [sp, #36]	@ 0x24
1000327c:	f8df 8140 	ldr.w	r8, [pc, #320]	@ 100033c0 <_vsnprintf+0x97c>
10003280:	e003      	b.n	1000328a <_vsnprintf+0x846>
10003282:	f1be 0f20 	cmp.w	lr, #32
10003286:	4623      	mov	r3, r4
10003288:	d00f      	beq.n	100032aa <_vsnprintf+0x866>
1000328a:	fba8 1403 	umull	r1, r4, r8, r3
1000328e:	08e4      	lsrs	r4, r4, #3
10003290:	eb04 0184 	add.w	r1, r4, r4, lsl #2
10003294:	eba3 0141 	sub.w	r1, r3, r1, lsl #1
10003298:	f10c 0c01 	add.w	ip, ip, #1
1000329c:	3130      	adds	r1, #48	@ 0x30
1000329e:	2b09      	cmp	r3, #9
100032a0:	f10e 0e01 	add.w	lr, lr, #1
100032a4:	f80c 1c01 	strb.w	r1, [ip, #-1]
100032a8:	d8eb      	bhi.n	10003282 <_vsnprintf+0x83e>
100032aa:	e9dd 1409 	ldrd	r1, r4, [sp, #36]	@ 0x24
100032ae:	230a      	movs	r3, #10
100032b0:	9200      	str	r2, [sp, #0]
100032b2:	e9cd 4005 	strd	r4, r0, [sp, #20]
100032b6:	4632      	mov	r2, r6
100032b8:	e9cd e101 	strd	lr, r1, [sp, #4]
100032bc:	9704      	str	r7, [sp, #16]
100032be:	9303      	str	r3, [sp, #12]
100032c0:	e6d0      	b.n	10003064 <_vsnprintf+0x620>
100032c2:	2969      	cmp	r1, #105	@ 0x69
100032c4:	f022 0010 	bic.w	r0, r2, #16
100032c8:	f040 8091 	bne.w	100033ee <_vsnprintf+0x9aa>
100032cc:	f412 6380 	ands.w	r3, r2, #1024	@ 0x400
100032d0:	f43f ae86 	beq.w	10002fe0 <_vsnprintf+0x59c>
100032d4:	e680      	b.n	10002fd8 <_vsnprintf+0x594>
100032d6:	2b00      	cmp	r3, #0
100032d8:	f43f ae9f 	beq.w	1000301a <_vsnprintf+0x5d6>
100032dc:	aa12      	add	r2, sp, #72	@ 0x48
100032de:	e6b7      	b.n	10003050 <_vsnprintf+0x60c>
100032e0:	9a09      	ldr	r2, [sp, #36]	@ 0x24
100032e2:	e9cd 840b 	strd	r8, r4, [sp, #44]	@ 0x2c
100032e6:	f012 0f20 	tst.w	r2, #32
100032ea:	bf14      	ite	ne
100032ec:	2141      	movne	r1, #65	@ 0x41
100032ee:	2161      	moveq	r1, #97	@ 0x61
100032f0:	e9cd 760d 	strd	r7, r6, [sp, #52]	@ 0x34
100032f4:	e9cd 3b0f 	strd	r3, fp, [sp, #60]	@ 0x3c
100032f8:	f8cd a044 	str.w	sl, [sp, #68]	@ 0x44
100032fc:	2700      	movs	r7, #0
100032fe:	46f0      	mov	r8, lr
10003300:	9c0a      	ldr	r4, [sp, #40]	@ 0x28
10003302:	ae12      	add	r6, sp, #72	@ 0x48
10003304:	f10d 0b48 	add.w	fp, sp, #72	@ 0x48
10003308:	f1a1 0a0a 	sub.w	sl, r1, #10
1000330c:	e003      	b.n	10003316 <_vsnprintf+0x8d2>
1000330e:	2f20      	cmp	r7, #32
10003310:	4680      	mov	r8, r0
10003312:	460c      	mov	r4, r1
10003314:	d013      	beq.n	1000333e <_vsnprintf+0x8fa>
10003316:	4621      	mov	r1, r4
10003318:	464a      	mov	r2, r9
1000331a:	2300      	movs	r3, #0
1000331c:	4640      	mov	r0, r8
1000331e:	f002 fcc3 	bl	10005ca8 <____aeabi_uldivmod_veneer>
10003322:	b2d2      	uxtb	r2, r2
10003324:	2a09      	cmp	r2, #9
10003326:	bf94      	ite	ls
10003328:	3230      	addls	r2, #48	@ 0x30
1000332a:	4452      	addhi	r2, sl
1000332c:	45c8      	cmp	r8, r9
1000332e:	f174 0400 	sbcs.w	r4, r4, #0
10003332:	7032      	strb	r2, [r6, #0]
10003334:	f107 0701 	add.w	r7, r7, #1
10003338:	f106 0601 	add.w	r6, r6, #1
1000333c:	d2e7      	bcs.n	1000330e <_vsnprintf+0x8ca>
1000333e:	4638      	mov	r0, r7
10003340:	e9dd 840b 	ldrd	r8, r4, [sp, #44]	@ 0x2c
10003344:	465a      	mov	r2, fp
10003346:	9e0e      	ldr	r6, [sp, #56]	@ 0x38
10003348:	9f0d      	ldr	r7, [sp, #52]	@ 0x34
1000334a:	9b0f      	ldr	r3, [sp, #60]	@ 0x3c
1000334c:	f8dd a044 	ldr.w	sl, [sp, #68]	@ 0x44
10003350:	f8dd b040 	ldr.w	fp, [sp, #64]	@ 0x40
10003354:	e751      	b.n	100031fa <_vsnprintf+0x7b6>
10003356:	f8d8 e000 	ldr.w	lr, [r8]
1000335a:	f1be 0f00 	cmp.w	lr, #0
1000335e:	d10d      	bne.n	1000337c <_vsnprintf+0x938>
10003360:	f022 0210 	bic.w	r2, r2, #16
10003364:	9209      	str	r2, [sp, #36]	@ 0x24
10003366:	f1bc 0f00 	cmp.w	ip, #0
1000336a:	d007      	beq.n	1000337c <_vsnprintf+0x938>
1000336c:	aa12      	add	r2, sp, #72	@ 0x48
1000336e:	9809      	ldr	r0, [sp, #36]	@ 0x24
10003370:	e9cd 3703 	strd	r3, r7, [sp, #12]
10003374:	e9cd 4005 	strd	r4, r0, [sp, #20]
10003378:	9101      	str	r1, [sp, #4]
1000337a:	e5cc      	b.n	10002f16 <_vsnprintf+0x4d2>
1000337c:	9a09      	ldr	r2, [sp, #36]	@ 0x24
1000337e:	f012 0f20 	tst.w	r2, #32
10003382:	bf14      	ite	ne
10003384:	2041      	movne	r0, #65	@ 0x41
10003386:	2061      	moveq	r0, #97	@ 0x61
10003388:	aa12      	add	r2, sp, #72	@ 0x48
1000338a:	4694      	mov	ip, r2
1000338c:	920a      	str	r2, [sp, #40]	@ 0x28
1000338e:	f1a0 020a 	sub.w	r2, r0, #10
10003392:	e002      	b.n	1000339a <_vsnprintf+0x956>
10003394:	2920      	cmp	r1, #32
10003396:	46c6      	mov	lr, r8
10003398:	d00f      	beq.n	100033ba <_vsnprintf+0x976>
1000339a:	fbbe f8f3 	udiv	r8, lr, r3
1000339e:	fb03 e018 	mls	r0, r3, r8, lr
100033a2:	2809      	cmp	r0, #9
100033a4:	bf94      	ite	ls
100033a6:	3030      	addls	r0, #48	@ 0x30
100033a8:	1880      	addhi	r0, r0, r2
100033aa:	459e      	cmp	lr, r3
100033ac:	f88c 0000 	strb.w	r0, [ip]
100033b0:	f101 0101 	add.w	r1, r1, #1
100033b4:	f10c 0c01 	add.w	ip, ip, #1
100033b8:	d2ec      	bcs.n	10003394 <_vsnprintf+0x950>
100033ba:	9a0a      	ldr	r2, [sp, #40]	@ 0x28
100033bc:	e7d7      	b.n	1000336e <_vsnprintf+0x92a>
100033be:	bf00      	nop
100033c0:	cccccccd 	.word	0xcccccccd
100033c4:	f8d8 2000 	ldr.w	r2, [r8]
100033c8:	ea82 7ee2 	eor.w	lr, r2, r2, asr #31
100033cc:	ebae 7ee2 	sub.w	lr, lr, r2, asr #31
100033d0:	e61d      	b.n	1000300e <_vsnprintf+0x5ca>
100033d2:	2b00      	cmp	r3, #0
100033d4:	f43f af4e 	beq.w	10003274 <_vsnprintf+0x830>
100033d8:	aa12      	add	r2, sp, #72	@ 0x48
100033da:	e768      	b.n	100032ae <_vsnprintf+0x86a>
100033dc:	f412 6180 	ands.w	r1, r2, #1024	@ 0x400
100033e0:	d00e      	beq.n	10003400 <_vsnprintf+0x9bc>
100033e2:	f012 0102 	ands.w	r1, r2, #2
100033e6:	d014      	beq.n	10003412 <_vsnprintf+0x9ce>
100033e8:	4601      	mov	r1, r0
100033ea:	4637      	mov	r7, r6
100033ec:	e4a7      	b.n	10002d3e <_vsnprintf+0x2fa>
100033ee:	f04f 090a 	mov.w	r9, #10
100033f2:	4602      	mov	r2, r0
100033f4:	464b      	mov	r3, r9
100033f6:	e565      	b.n	10002ec4 <_vsnprintf+0x480>
100033f8:	2300      	movs	r3, #0
100033fa:	aa12      	add	r2, sp, #72	@ 0x48
100033fc:	9309      	str	r3, [sp, #36]	@ 0x24
100033fe:	e69a      	b.n	10003136 <_vsnprintf+0x6f2>
10003400:	f012 0302 	ands.w	r3, r2, #2
10003404:	f47f ac9a 	bne.w	10002d3c <_vsnprintf+0x2f8>
10003408:	2c00      	cmp	r4, #0
1000340a:	f47f af06 	bne.w	1000321a <_vsnprintf+0x7d6>
1000340e:	f7ff bb37 	b.w	10002a80 <_vsnprintf+0x3c>
10003412:	2c00      	cmp	r4, #0
10003414:	f47f aeff 	bne.w	10003216 <_vsnprintf+0x7d2>
10003418:	f7ff bb32 	b.w	10002a80 <_vsnprintf+0x3c>

1000341c <vfctprintf>:
1000341c:	468c      	mov	ip, r1
1000341e:	b510      	push	{r4, lr}
10003420:	b084      	sub	sp, #16
10003422:	9300      	str	r3, [sp, #0]
10003424:	9002      	str	r0, [sp, #8]
10003426:	4613      	mov	r3, r2
10003428:	a902      	add	r1, sp, #8
1000342a:	f04f 32ff 	mov.w	r2, #4294967295	@ 0xffffffff
1000342e:	4803      	ldr	r0, [pc, #12]	@ (1000343c <vfctprintf+0x20>)
10003430:	f8cd c00c 	str.w	ip, [sp, #12]
10003434:	f7ff fb06 	bl	10002a44 <_vsnprintf>
10003438:	b004      	add	sp, #16
1000343a:	bd10      	pop	{r4, pc}
1000343c:	1000201d 	.word	0x1000201d

10003440 <weak_raw_vprintf>:
10003440:	b510      	push	{r4, lr}
10003442:	4a09      	ldr	r2, [pc, #36]	@ (10003468 <weak_raw_vprintf+0x28>)
10003444:	b084      	sub	sp, #16
10003446:	6814      	ldr	r4, [r2, #0]
10003448:	b14c      	cbz	r4, 1000345e <weak_raw_vprintf+0x1e>
1000344a:	4603      	mov	r3, r0
1000344c:	9100      	str	r1, [sp, #0]
1000344e:	f04f 32ff 	mov.w	r2, #4294967295	@ 0xffffffff
10003452:	a903      	add	r1, sp, #12
10003454:	4805      	ldr	r0, [pc, #20]	@ (1000346c <weak_raw_vprintf+0x2c>)
10003456:	47a0      	blx	r4
10003458:	2001      	movs	r0, #1
1000345a:	b004      	add	sp, #16
1000345c:	bd10      	pop	{r4, pc}
1000345e:	f000 f97d 	bl	1000375c <__wrap_puts>
10003462:	4620      	mov	r0, r4
10003464:	b004      	add	sp, #16
10003466:	bd10      	pop	{r4, pc}
10003468:	20001c68 	.word	0x20001c68
1000346c:	10002015 	.word	0x10002015

10003470 <_exit>:
10003470:	be00      	bkpt	0x0000
10003472:	e7fd      	b.n	10003470 <_exit>

10003474 <_fini>:
10003474:	4770      	bx	lr
10003476:	bf00      	nop

10003478 <exit>:
10003478:	b508      	push	{r3, lr}
1000347a:	f7ff fff9 	bl	10003470 <_exit>
1000347e:	bf00      	nop

10003480 <runtime_init>:
10003480:	b538      	push	{r3, r4, r5, lr}
10003482:	4c06      	ldr	r4, [pc, #24]	@ (1000349c <runtime_init+0x1c>)
10003484:	4d06      	ldr	r5, [pc, #24]	@ (100034a0 <runtime_init+0x20>)
10003486:	f7fe fa15 	bl	100018b4 <runtime_run_initializers>
1000348a:	42ac      	cmp	r4, r5
1000348c:	d204      	bcs.n	10003498 <runtime_init+0x18>
1000348e:	f854 3b04 	ldr.w	r3, [r4], #4
10003492:	4798      	blx	r3
10003494:	42ac      	cmp	r4, r5
10003496:	d3fa      	bcc.n	1000348e <runtime_init+0xe>
10003498:	bd38      	pop	{r3, r4, r5, pc}
1000349a:	bf00      	nop
1000349c:	10005cf8 	.word	0x10005cf8
100034a0:	10005cfc 	.word	0x10005cfc

100034a4 <stdio_out_chars_no_crlf>:
100034a4:	6803      	ldr	r3, [r0, #0]
100034a6:	4608      	mov	r0, r1
100034a8:	4611      	mov	r1, r2
100034aa:	4718      	bx	r3

100034ac <stdio_out_chars_crlf>:
100034ac:	b570      	push	{r4, r5, r6, lr}
100034ae:	4605      	mov	r5, r0
100034b0:	4608      	mov	r0, r1
100034b2:	7d69      	ldrb	r1, [r5, #21]
100034b4:	b082      	sub	sp, #8
100034b6:	2900      	cmp	r1, #0
100034b8:	d04f      	beq.n	1000355a <stdio_out_chars_crlf+0xae>
100034ba:	2a00      	cmp	r2, #0
100034bc:	dd25      	ble.n	1000350a <stdio_out_chars_crlf+0x5e>
100034be:	7803      	ldrb	r3, [r0, #0]
100034c0:	4614      	mov	r4, r2
100034c2:	2b0a      	cmp	r3, #10
100034c4:	4606      	mov	r6, r0
100034c6:	d022      	beq.n	1000350e <stdio_out_chars_crlf+0x62>
100034c8:	2c01      	cmp	r4, #1
100034ca:	f04f 0e00 	mov.w	lr, #0
100034ce:	d00d      	beq.n	100034ec <stdio_out_chars_crlf+0x40>
100034d0:	4632      	mov	r2, r6
100034d2:	2301      	movs	r3, #1
100034d4:	f812 cf01 	ldrb.w	ip, [r2, #1]!
100034d8:	4619      	mov	r1, r3
100034da:	f1bc 0f0a 	cmp.w	ip, #10
100034de:	f103 0301 	add.w	r3, r3, #1
100034e2:	d020      	beq.n	10003526 <stdio_out_chars_crlf+0x7a>
100034e4:	429c      	cmp	r4, r3
100034e6:	d1f5      	bne.n	100034d4 <stdio_out_chars_crlf+0x28>
100034e8:	4574      	cmp	r4, lr
100034ea:	dd05      	ble.n	100034f8 <stdio_out_chars_crlf+0x4c>
100034ec:	682b      	ldr	r3, [r5, #0]
100034ee:	eba4 010e 	sub.w	r1, r4, lr
100034f2:	eb06 000e 	add.w	r0, r6, lr
100034f6:	4798      	blx	r3
100034f8:	1931      	adds	r1, r6, r4
100034fa:	f811 3c01 	ldrb.w	r3, [r1, #-1]
100034fe:	f1a3 030d 	sub.w	r3, r3, #13
10003502:	fab3 f383 	clz	r3, r3
10003506:	095b      	lsrs	r3, r3, #5
10003508:	752b      	strb	r3, [r5, #20]
1000350a:	b002      	add	sp, #8
1000350c:	bd70      	pop	{r4, r5, r6, pc}
1000350e:	7d2b      	ldrb	r3, [r5, #20]
10003510:	2b00      	cmp	r3, #0
10003512:	d1d9      	bne.n	100034c8 <stdio_out_chars_crlf+0x1c>
10003514:	2102      	movs	r1, #2
10003516:	682b      	ldr	r3, [r5, #0]
10003518:	4813      	ldr	r0, [pc, #76]	@ (10003568 <stdio_out_chars_crlf+0xbc>)
1000351a:	4798      	blx	r3
1000351c:	2c01      	cmp	r4, #1
1000351e:	d0eb      	beq.n	100034f8 <stdio_out_chars_crlf+0x4c>
10003520:	f04f 0e01 	mov.w	lr, #1
10003524:	e7d4      	b.n	100034d0 <stdio_out_chars_crlf+0x24>
10003526:	f812 0c01 	ldrb.w	r0, [r2, #-1]
1000352a:	280d      	cmp	r0, #13
1000352c:	d0da      	beq.n	100034e4 <stdio_out_chars_crlf+0x38>
1000352e:	458e      	cmp	lr, r1
10003530:	eb06 000e 	add.w	r0, r6, lr
10003534:	eba1 010e 	sub.w	r1, r1, lr
10003538:	da05      	bge.n	10003546 <stdio_out_chars_crlf+0x9a>
1000353a:	e9cd 3200 	strd	r3, r2, [sp]
1000353e:	682b      	ldr	r3, [r5, #0]
10003540:	4798      	blx	r3
10003542:	e9dd 3200 	ldrd	r3, r2, [sp]
10003546:	e9cd 3200 	strd	r3, r2, [sp]
1000354a:	2102      	movs	r1, #2
1000354c:	682b      	ldr	r3, [r5, #0]
1000354e:	4806      	ldr	r0, [pc, #24]	@ (10003568 <stdio_out_chars_crlf+0xbc>)
10003550:	4798      	blx	r3
10003552:	9b00      	ldr	r3, [sp, #0]
10003554:	9a01      	ldr	r2, [sp, #4]
10003556:	469e      	mov	lr, r3
10003558:	e7c4      	b.n	100034e4 <stdio_out_chars_crlf+0x38>
1000355a:	4611      	mov	r1, r2
1000355c:	682b      	ldr	r3, [r5, #0]
1000355e:	b002      	add	sp, #8
10003560:	e8bd 4070 	ldmia.w	sp!, {r4, r5, r6, lr}
10003564:	4718      	bx	r3
10003566:	bf00      	nop
10003568:	10006070 	.word	0x10006070

1000356c <stdio_buffered_printer>:
1000356c:	680b      	ldr	r3, [r1, #0]
1000356e:	1c5a      	adds	r2, r3, #1
10003570:	2a80      	cmp	r2, #128	@ 0x80
10003572:	440b      	add	r3, r1
10003574:	600a      	str	r2, [r1, #0]
10003576:	7118      	strb	r0, [r3, #4]
10003578:	d000      	beq.n	1000357c <stdio_buffered_printer+0x10>
1000357a:	4770      	bx	lr
1000357c:	b530      	push	{r4, r5, lr}
1000357e:	4b0e      	ldr	r3, [pc, #56]	@ (100035b8 <stdio_buffered_printer+0x4c>)
10003580:	460c      	mov	r4, r1
10003582:	6818      	ldr	r0, [r3, #0]
10003584:	b083      	sub	sp, #12
10003586:	b1a0      	cbz	r0, 100035b2 <stdio_buffered_printer+0x46>
10003588:	1d0d      	adds	r5, r1, #4
1000358a:	e001      	b.n	10003590 <stdio_buffered_printer+0x24>
1000358c:	6900      	ldr	r0, [r0, #16]
1000358e:	b180      	cbz	r0, 100035b2 <stdio_buffered_printer+0x46>
10003590:	6803      	ldr	r3, [r0, #0]
10003592:	2b00      	cmp	r3, #0
10003594:	d0fa      	beq.n	1000358c <stdio_buffered_printer+0x20>
10003596:	4b09      	ldr	r3, [pc, #36]	@ (100035bc <stdio_buffered_printer+0x50>)
10003598:	681b      	ldr	r3, [r3, #0]
1000359a:	b10b      	cbz	r3, 100035a0 <stdio_buffered_printer+0x34>
1000359c:	4283      	cmp	r3, r0
1000359e:	d1f5      	bne.n	1000358c <stdio_buffered_printer+0x20>
100035a0:	4629      	mov	r1, r5
100035a2:	6822      	ldr	r2, [r4, #0]
100035a4:	9001      	str	r0, [sp, #4]
100035a6:	f7ff ff81 	bl	100034ac <stdio_out_chars_crlf>
100035aa:	9801      	ldr	r0, [sp, #4]
100035ac:	6900      	ldr	r0, [r0, #16]
100035ae:	2800      	cmp	r0, #0
100035b0:	d1ee      	bne.n	10003590 <stdio_buffered_printer+0x24>
100035b2:	6020      	str	r0, [r4, #0]
100035b4:	b003      	add	sp, #12
100035b6:	bd30      	pop	{r4, r5, pc}
100035b8:	2000185c 	.word	0x2000185c
100035bc:	20001864 	.word	0x20001864

100035c0 <stdio_put_string>:
100035c0:	e92d 47f0 	stmdb	sp!, {r4, r5, r6, r7, r8, r9, sl, lr}
100035c4:	b082      	sub	sp, #8
100035c6:	4690      	mov	r8, r2
100035c8:	461c      	mov	r4, r3
100035ca:	460d      	mov	r5, r1
100035cc:	4607      	mov	r7, r0
100035ce:	f7fd ffcb 	bl	10001568 <time_us_64>
100035d2:	f04f 3cff 	mov.w	ip, #4294967295	@ 0xffffffff
100035d6:	f06f 4600 	mvn.w	r6, #2147483648	@ 0x80000000
100035da:	4a2e      	ldr	r2, [pc, #184]	@ (10003694 <stdio_put_string+0xd4>)
100035dc:	1882      	adds	r2, r0, r2
100035de:	f141 0300 	adc.w	r3, r1, #0
100035e2:	4594      	cmp	ip, r2
100035e4:	eb76 0103 	sbcs.w	r1, r6, r3
100035e8:	bf3c      	itt	cc
100035ea:	4662      	movcc	r2, ip
100035ec:	4633      	movcc	r3, r6
100035ee:	482a      	ldr	r0, [pc, #168]	@ (10003698 <stdio_put_string+0xd8>)
100035f0:	f002 fb5e 	bl	10005cb0 <__mutex_try_enter_block_until_veneer>
100035f4:	1c6b      	adds	r3, r5, #1
100035f6:	4682      	mov	sl, r0
100035f8:	d040      	beq.n	1000367c <stdio_put_string+0xbc>
100035fa:	b30c      	cbz	r4, 10003640 <stdio_put_string+0x80>
100035fc:	4e27      	ldr	r6, [pc, #156]	@ (1000369c <stdio_put_string+0xdc>)
100035fe:	4b28      	ldr	r3, [pc, #160]	@ (100036a0 <stdio_put_string+0xe0>)
10003600:	681c      	ldr	r4, [r3, #0]
10003602:	b1b4      	cbz	r4, 10003632 <stdio_put_string+0x72>
10003604:	f1b8 0f00 	cmp.w	r8, #0
10003608:	d11c      	bne.n	10003644 <stdio_put_string+0x84>
1000360a:	f8df 809c 	ldr.w	r8, [pc, #156]	@ 100036a8 <stdio_put_string+0xe8>
1000360e:	e001      	b.n	10003614 <stdio_put_string+0x54>
10003610:	6924      	ldr	r4, [r4, #16]
10003612:	b174      	cbz	r4, 10003632 <stdio_put_string+0x72>
10003614:	6823      	ldr	r3, [r4, #0]
10003616:	2b00      	cmp	r3, #0
10003618:	d0fa      	beq.n	10003610 <stdio_put_string+0x50>
1000361a:	f8d8 3000 	ldr.w	r3, [r8]
1000361e:	b10b      	cbz	r3, 10003624 <stdio_put_string+0x64>
10003620:	429c      	cmp	r4, r3
10003622:	d1f5      	bne.n	10003610 <stdio_put_string+0x50>
10003624:	4620      	mov	r0, r4
10003626:	462a      	mov	r2, r5
10003628:	4639      	mov	r1, r7
1000362a:	47b0      	blx	r6
1000362c:	6924      	ldr	r4, [r4, #16]
1000362e:	2c00      	cmp	r4, #0
10003630:	d1f0      	bne.n	10003614 <stdio_put_string+0x54>
10003632:	f1ba 0f00 	cmp.w	sl, #0
10003636:	d126      	bne.n	10003686 <stdio_put_string+0xc6>
10003638:	4628      	mov	r0, r5
1000363a:	b002      	add	sp, #8
1000363c:	e8bd 87f0 	ldmia.w	sp!, {r4, r5, r6, r7, r8, r9, sl, pc}
10003640:	4e18      	ldr	r6, [pc, #96]	@ (100036a4 <stdio_put_string+0xe4>)
10003642:	e7dc      	b.n	100035fe <stdio_put_string+0x3e>
10003644:	f04f 090a 	mov.w	r9, #10
10003648:	f8df 805c 	ldr.w	r8, [pc, #92]	@ 100036a8 <stdio_put_string+0xe8>
1000364c:	e002      	b.n	10003654 <stdio_put_string+0x94>
1000364e:	6924      	ldr	r4, [r4, #16]
10003650:	2c00      	cmp	r4, #0
10003652:	d0ee      	beq.n	10003632 <stdio_put_string+0x72>
10003654:	6823      	ldr	r3, [r4, #0]
10003656:	2b00      	cmp	r3, #0
10003658:	d0f9      	beq.n	1000364e <stdio_put_string+0x8e>
1000365a:	f8d8 3000 	ldr.w	r3, [r8]
1000365e:	b10b      	cbz	r3, 10003664 <stdio_put_string+0xa4>
10003660:	42a3      	cmp	r3, r4
10003662:	d1f4      	bne.n	1000364e <stdio_put_string+0x8e>
10003664:	462a      	mov	r2, r5
10003666:	4639      	mov	r1, r7
10003668:	4620      	mov	r0, r4
1000366a:	47b0      	blx	r6
1000366c:	2201      	movs	r2, #1
1000366e:	4620      	mov	r0, r4
10003670:	f10d 0107 	add.w	r1, sp, #7
10003674:	f88d 9007 	strb.w	r9, [sp, #7]
10003678:	47b0      	blx	r6
1000367a:	e7e8      	b.n	1000364e <stdio_put_string+0x8e>
1000367c:	4638      	mov	r0, r7
1000367e:	f002 fabb 	bl	10005bf8 <strlen>
10003682:	4605      	mov	r5, r0
10003684:	e7b9      	b.n	100035fa <stdio_put_string+0x3a>
10003686:	4804      	ldr	r0, [pc, #16]	@ (10003698 <stdio_put_string+0xd8>)
10003688:	f002 fafa 	bl	10005c80 <__mutex_exit_veneer>
1000368c:	4628      	mov	r0, r5
1000368e:	b002      	add	sp, #8
10003690:	e8bd 87f0 	ldmia.w	sp!, {r4, r5, r6, r7, r8, r9, sl, pc}
10003694:	000f4240 	.word	0x000f4240
10003698:	20001380 	.word	0x20001380
1000369c:	100034ad 	.word	0x100034ad
100036a0:	2000185c 	.word	0x2000185c
100036a4:	100034a5 	.word	0x100034a5
100036a8:	20001864 	.word	0x20001864

100036ac <stdio_set_driver_enabled>:
100036ac:	4a08      	ldr	r2, [pc, #32]	@ (100036d0 <stdio_set_driver_enabled+0x24>)
100036ae:	6813      	ldr	r3, [r2, #0]
100036b0:	b923      	cbnz	r3, 100036bc <stdio_set_driver_enabled+0x10>
100036b2:	e00a      	b.n	100036ca <stdio_set_driver_enabled+0x1e>
100036b4:	f103 0210 	add.w	r2, r3, #16
100036b8:	691b      	ldr	r3, [r3, #16]
100036ba:	b133      	cbz	r3, 100036ca <stdio_set_driver_enabled+0x1e>
100036bc:	4283      	cmp	r3, r0
100036be:	d1f9      	bne.n	100036b4 <stdio_set_driver_enabled+0x8>
100036c0:	b929      	cbnz	r1, 100036ce <stdio_set_driver_enabled+0x22>
100036c2:	6918      	ldr	r0, [r3, #16]
100036c4:	6010      	str	r0, [r2, #0]
100036c6:	6119      	str	r1, [r3, #16]
100036c8:	4770      	bx	lr
100036ca:	b101      	cbz	r1, 100036ce <stdio_set_driver_enabled+0x22>
100036cc:	6010      	str	r0, [r2, #0]
100036ce:	4770      	bx	lr
100036d0:	2000185c 	.word	0x2000185c

100036d4 <stdio_init_all>:
100036d4:	f000 ba70 	b.w	10003bb8 <stdio_usb_init>

100036d8 <__wrap_putchar>:
100036d8:	b5f0      	push	{r4, r5, r6, r7, lr}
100036da:	b083      	sub	sp, #12
100036dc:	4606      	mov	r6, r0
100036de:	f88d 0007 	strb.w	r0, [sp, #7]
100036e2:	f7fd ff41 	bl	10001568 <time_us_64>
100036e6:	f04f 35ff 	mov.w	r5, #4294967295	@ 0xffffffff
100036ea:	f06f 4400 	mvn.w	r4, #2147483648	@ 0x80000000
100036ee:	4a17      	ldr	r2, [pc, #92]	@ (1000374c <__wrap_putchar+0x74>)
100036f0:	1882      	adds	r2, r0, r2
100036f2:	f141 0300 	adc.w	r3, r1, #0
100036f6:	4295      	cmp	r5, r2
100036f8:	eb74 0103 	sbcs.w	r1, r4, r3
100036fc:	bf3c      	itt	cc
100036fe:	4623      	movcc	r3, r4
10003700:	462a      	movcc	r2, r5
10003702:	4813      	ldr	r0, [pc, #76]	@ (10003750 <__wrap_putchar+0x78>)
10003704:	f002 fad4 	bl	10005cb0 <__mutex_try_enter_block_until_veneer>
10003708:	4b12      	ldr	r3, [pc, #72]	@ (10003754 <__wrap_putchar+0x7c>)
1000370a:	4607      	mov	r7, r0
1000370c:	681c      	ldr	r4, [r3, #0]
1000370e:	b19c      	cbz	r4, 10003738 <__wrap_putchar+0x60>
10003710:	4d11      	ldr	r5, [pc, #68]	@ (10003758 <__wrap_putchar+0x80>)
10003712:	e001      	b.n	10003718 <__wrap_putchar+0x40>
10003714:	6924      	ldr	r4, [r4, #16]
10003716:	b17c      	cbz	r4, 10003738 <__wrap_putchar+0x60>
10003718:	6823      	ldr	r3, [r4, #0]
1000371a:	2b00      	cmp	r3, #0
1000371c:	d0fa      	beq.n	10003714 <__wrap_putchar+0x3c>
1000371e:	682b      	ldr	r3, [r5, #0]
10003720:	b10b      	cbz	r3, 10003726 <__wrap_putchar+0x4e>
10003722:	429c      	cmp	r4, r3
10003724:	d1f6      	bne.n	10003714 <__wrap_putchar+0x3c>
10003726:	4620      	mov	r0, r4
10003728:	2201      	movs	r2, #1
1000372a:	f10d 0107 	add.w	r1, sp, #7
1000372e:	f7ff febd 	bl	100034ac <stdio_out_chars_crlf>
10003732:	6924      	ldr	r4, [r4, #16]
10003734:	2c00      	cmp	r4, #0
10003736:	d1ef      	bne.n	10003718 <__wrap_putchar+0x40>
10003738:	b917      	cbnz	r7, 10003740 <__wrap_putchar+0x68>
1000373a:	4630      	mov	r0, r6
1000373c:	b003      	add	sp, #12
1000373e:	bdf0      	pop	{r4, r5, r6, r7, pc}
10003740:	4803      	ldr	r0, [pc, #12]	@ (10003750 <__wrap_putchar+0x78>)
10003742:	f002 fa9d 	bl	10005c80 <__mutex_exit_veneer>
10003746:	4630      	mov	r0, r6
10003748:	b003      	add	sp, #12
1000374a:	bdf0      	pop	{r4, r5, r6, r7, pc}
1000374c:	000f4240 	.word	0x000f4240
10003750:	20001380 	.word	0x20001380
10003754:	2000185c 	.word	0x2000185c
10003758:	20001864 	.word	0x20001864

1000375c <__wrap_puts>:
1000375c:	b538      	push	{r3, r4, r5, lr}
1000375e:	4604      	mov	r4, r0
10003760:	f002 fa4a 	bl	10005bf8 <strlen>
10003764:	2301      	movs	r3, #1
10003766:	4605      	mov	r5, r0
10003768:	461a      	mov	r2, r3
1000376a:	4620      	mov	r0, r4
1000376c:	4629      	mov	r1, r5
1000376e:	f7ff ff27 	bl	100035c0 <stdio_put_string>
10003772:	4b08      	ldr	r3, [pc, #32]	@ (10003794 <__wrap_puts+0x38>)
10003774:	681c      	ldr	r4, [r3, #0]
10003776:	b12c      	cbz	r4, 10003784 <__wrap_puts+0x28>
10003778:	6863      	ldr	r3, [r4, #4]
1000377a:	b12b      	cbz	r3, 10003788 <__wrap_puts+0x2c>
1000377c:	4798      	blx	r3
1000377e:	6924      	ldr	r4, [r4, #16]
10003780:	2c00      	cmp	r4, #0
10003782:	d1f9      	bne.n	10003778 <__wrap_puts+0x1c>
10003784:	4628      	mov	r0, r5
10003786:	bd38      	pop	{r3, r4, r5, pc}
10003788:	6924      	ldr	r4, [r4, #16]
1000378a:	2c00      	cmp	r4, #0
1000378c:	d1f4      	bne.n	10003778 <__wrap_puts+0x1c>
1000378e:	4628      	mov	r0, r5
10003790:	bd38      	pop	{r3, r4, r5, pc}
10003792:	bf00      	nop
10003794:	2000185c 	.word	0x2000185c

10003798 <__wrap_vprintf>:
10003798:	e92d 41f0 	stmdb	sp!, {r4, r5, r6, r7, r8, lr}
1000379c:	b0a2      	sub	sp, #136	@ 0x88
1000379e:	460e      	mov	r6, r1
100037a0:	4605      	mov	r5, r0
100037a2:	f7fd fee1 	bl	10001568 <time_us_64>
100037a6:	f04f 3cff 	mov.w	ip, #4294967295	@ 0xffffffff
100037aa:	f06f 4400 	mvn.w	r4, #2147483648	@ 0x80000000
100037ae:	4a25      	ldr	r2, [pc, #148]	@ (10003844 <__wrap_vprintf+0xac>)
100037b0:	1882      	adds	r2, r0, r2
100037b2:	f141 0300 	adc.w	r3, r1, #0
100037b6:	4594      	cmp	ip, r2
100037b8:	eb74 0103 	sbcs.w	r1, r4, r3
100037bc:	bf3c      	itt	cc
100037be:	4623      	movcc	r3, r4
100037c0:	4662      	movcc	r2, ip
100037c2:	4821      	ldr	r0, [pc, #132]	@ (10003848 <__wrap_vprintf+0xb0>)
100037c4:	f002 fa74 	bl	10005cb0 <__mutex_try_enter_block_until_veneer>
100037c8:	2400      	movs	r4, #0
100037ca:	4633      	mov	r3, r6
100037cc:	4607      	mov	r7, r0
100037ce:	462a      	mov	r2, r5
100037d0:	481e      	ldr	r0, [pc, #120]	@ (1000384c <__wrap_vprintf+0xb4>)
100037d2:	a901      	add	r1, sp, #4
100037d4:	9401      	str	r4, [sp, #4]
100037d6:	f7ff fe21 	bl	1000341c <vfctprintf>
100037da:	4e1d      	ldr	r6, [pc, #116]	@ (10003850 <__wrap_vprintf+0xb8>)
100037dc:	9b01      	ldr	r3, [sp, #4]
100037de:	4680      	mov	r8, r0
100037e0:	6834      	ldr	r4, [r6, #0]
100037e2:	b1bb      	cbz	r3, 10003814 <__wrap_vprintf+0x7c>
100037e4:	2c00      	cmp	r4, #0
100037e6:	d02a      	beq.n	1000383e <__wrap_vprintf+0xa6>
100037e8:	4d1a      	ldr	r5, [pc, #104]	@ (10003854 <__wrap_vprintf+0xbc>)
100037ea:	e001      	b.n	100037f0 <__wrap_vprintf+0x58>
100037ec:	6924      	ldr	r4, [r4, #16]
100037ee:	b174      	cbz	r4, 1000380e <__wrap_vprintf+0x76>
100037f0:	6823      	ldr	r3, [r4, #0]
100037f2:	2b00      	cmp	r3, #0
100037f4:	d0fa      	beq.n	100037ec <__wrap_vprintf+0x54>
100037f6:	682b      	ldr	r3, [r5, #0]
100037f8:	b10b      	cbz	r3, 100037fe <__wrap_vprintf+0x66>
100037fa:	42a3      	cmp	r3, r4
100037fc:	d1f6      	bne.n	100037ec <__wrap_vprintf+0x54>
100037fe:	4620      	mov	r0, r4
10003800:	9a01      	ldr	r2, [sp, #4]
10003802:	a902      	add	r1, sp, #8
10003804:	f7ff fe52 	bl	100034ac <stdio_out_chars_crlf>
10003808:	6924      	ldr	r4, [r4, #16]
1000380a:	2c00      	cmp	r4, #0
1000380c:	d1f0      	bne.n	100037f0 <__wrap_vprintf+0x58>
1000380e:	4623      	mov	r3, r4
10003810:	6834      	ldr	r4, [r6, #0]
10003812:	9301      	str	r3, [sp, #4]
10003814:	b12c      	cbz	r4, 10003822 <__wrap_vprintf+0x8a>
10003816:	6863      	ldr	r3, [r4, #4]
10003818:	b143      	cbz	r3, 1000382c <__wrap_vprintf+0x94>
1000381a:	4798      	blx	r3
1000381c:	6924      	ldr	r4, [r4, #16]
1000381e:	2c00      	cmp	r4, #0
10003820:	d1f9      	bne.n	10003816 <__wrap_vprintf+0x7e>
10003822:	b92f      	cbnz	r7, 10003830 <__wrap_vprintf+0x98>
10003824:	4640      	mov	r0, r8
10003826:	b022      	add	sp, #136	@ 0x88
10003828:	e8bd 81f0 	ldmia.w	sp!, {r4, r5, r6, r7, r8, pc}
1000382c:	6924      	ldr	r4, [r4, #16]
1000382e:	e7f1      	b.n	10003814 <__wrap_vprintf+0x7c>
10003830:	4805      	ldr	r0, [pc, #20]	@ (10003848 <__wrap_vprintf+0xb0>)
10003832:	f002 fa25 	bl	10005c80 <__mutex_exit_veneer>
10003836:	4640      	mov	r0, r8
10003838:	b022      	add	sp, #136	@ 0x88
1000383a:	e8bd 81f0 	ldmia.w	sp!, {r4, r5, r6, r7, r8, pc}
1000383e:	9401      	str	r4, [sp, #4]
10003840:	e7ef      	b.n	10003822 <__wrap_vprintf+0x8a>
10003842:	bf00      	nop
10003844:	000f4240 	.word	0x000f4240
10003848:	20001380 	.word	0x20001380
1000384c:	1000356d 	.word	0x1000356d
10003850:	2000185c 	.word	0x2000185c
10003854:	20001864 	.word	0x20001864

10003858 <__wrap_printf>:
10003858:	b40f      	push	{r0, r1, r2, r3}
1000385a:	b500      	push	{lr}
1000385c:	b083      	sub	sp, #12
1000385e:	a904      	add	r1, sp, #16
10003860:	f851 0b04 	ldr.w	r0, [r1], #4
10003864:	9101      	str	r1, [sp, #4]
10003866:	f7ff ff97 	bl	10003798 <__wrap_vprintf>
1000386a:	b003      	add	sp, #12
1000386c:	f85d eb04 	ldr.w	lr, [sp], #4
10003870:	b004      	add	sp, #16
10003872:	4770      	bx	lr

10003874 <stdio_usb_set_chars_available_callback>:
10003874:	4a02      	ldr	r2, [pc, #8]	@ (10003880 <stdio_usb_set_chars_available_callback+0xc>)
10003876:	4b03      	ldr	r3, [pc, #12]	@ (10003884 <stdio_usb_set_chars_available_callback+0x10>)
10003878:	6010      	str	r0, [r2, #0]
1000387a:	6019      	str	r1, [r3, #0]
1000387c:	4770      	bx	lr
1000387e:	bf00      	nop
10003880:	200017fc 	.word	0x200017fc
10003884:	20001800 	.word	0x20001800

10003888 <timer_task>:
10003888:	4b18      	ldr	r3, [pc, #96]	@ (100038ec <timer_task+0x64>)
1000388a:	b570      	push	{r4, r5, r6, lr}
1000388c:	681a      	ldr	r2, [r3, #0]
1000388e:	2a00      	cmp	r2, #0
10003890:	d028      	beq.n	100038e4 <timer_task+0x5c>
10003892:	f3ef 8110 	mrs	r1, PRIMASK
10003896:	b672      	cpsid	i
10003898:	e8d2 4fcf 	ldaexb	r4, [r2]
1000389c:	2001      	movs	r0, #1
1000389e:	2c00      	cmp	r4, #0
100038a0:	d1fa      	bne.n	10003898 <timer_task+0x10>
100038a2:	e8c2 0f44 	strexb	r4, r0, [r2]
100038a6:	2c00      	cmp	r4, #0
100038a8:	d1f6      	bne.n	10003898 <timer_task+0x10>
100038aa:	f3bf 8f5f 	dmb	sy
100038ae:	2200      	movs	r2, #0
100038b0:	4c0f      	ldr	r4, [pc, #60]	@ (100038f0 <timer_task+0x68>)
100038b2:	6818      	ldr	r0, [r3, #0]
100038b4:	6059      	str	r1, [r3, #4]
100038b6:	7022      	strb	r2, [r4, #0]
100038b8:	e8c0 2f8f 	stlb	r2, [r0]
100038bc:	f381 8810 	msr	PRIMASK, r1
100038c0:	2400      	movs	r4, #0
100038c2:	2500      	movs	r5, #0
100038c4:	4e0b      	ldr	r6, [pc, #44]	@ (100038f4 <timer_task+0x6c>)
100038c6:	7830      	ldrb	r0, [r6, #0]
100038c8:	f7fc ffca 	bl	10000860 <irq_is_enabled>
100038cc:	b920      	cbnz	r0, 100038d8 <timer_task+0x50>
100038ce:	2400      	movs	r4, #0
100038d0:	2500      	movs	r5, #0
100038d2:	4620      	mov	r0, r4
100038d4:	4629      	mov	r1, r5
100038d6:	bd70      	pop	{r4, r5, r6, pc}
100038d8:	7830      	ldrb	r0, [r6, #0]
100038da:	f7fc ffd1 	bl	10000880 <irq_set_pending>
100038de:	4620      	mov	r0, r4
100038e0:	4629      	mov	r1, r5
100038e2:	bd70      	pop	{r4, r5, r6, pc}
100038e4:	f44f 747a 	mov.w	r4, #1000	@ 0x3e8
100038e8:	2500      	movs	r5, #0
100038ea:	e7eb      	b.n	100038c4 <timer_task+0x3c>
100038ec:	20001c74 	.word	0x20001c74
100038f0:	200091f8 	.word	0x200091f8
100038f4:	200091f7 	.word	0x200091f7

100038f8 <usb_irq>:
100038f8:	4b01      	ldr	r3, [pc, #4]	@ (10003900 <usb_irq+0x8>)
100038fa:	7818      	ldrb	r0, [r3, #0]
100038fc:	f7fc bfc0 	b.w	10000880 <irq_set_pending>
10003900:	200091f7 	.word	0x200091f7

10003904 <stdio_usb_in_chars>:
10003904:	b538      	push	{r3, r4, r5, lr}
10003906:	4604      	mov	r4, r0
10003908:	2000      	movs	r0, #0
1000390a:	460d      	mov	r5, r1
1000390c:	f001 fbaa 	bl	10005064 <tud_cdc_n_connected>
10003910:	b3a8      	cbz	r0, 1000397e <stdio_usb_in_chars+0x7a>
10003912:	2000      	movs	r0, #0
10003914:	f001 fbbc 	bl	10005090 <tud_cdc_n_available>
10003918:	b388      	cbz	r0, 1000397e <stdio_usb_in_chars+0x7a>
1000391a:	f7fd fe25 	bl	10001568 <time_us_64>
1000391e:	f04f 3eff 	mov.w	lr, #4294967295	@ 0xffffffff
10003922:	f06f 4c00 	mvn.w	ip, #2147483648	@ 0x80000000
10003926:	4a17      	ldr	r2, [pc, #92]	@ (10003984 <stdio_usb_in_chars+0x80>)
10003928:	1882      	adds	r2, r0, r2
1000392a:	f141 0300 	adc.w	r3, r1, #0
1000392e:	4596      	cmp	lr, r2
10003930:	eb7c 0103 	sbcs.w	r1, ip, r3
10003934:	bf3c      	itt	cc
10003936:	4672      	movcc	r2, lr
10003938:	4663      	movcc	r3, ip
1000393a:	4813      	ldr	r0, [pc, #76]	@ (10003988 <stdio_usb_in_chars+0x84>)
1000393c:	f002 f9b8 	bl	10005cb0 <__mutex_try_enter_block_until_veneer>
10003940:	b1e8      	cbz	r0, 1000397e <stdio_usb_in_chars+0x7a>
10003942:	2000      	movs	r0, #0
10003944:	f001 fb8e 	bl	10005064 <tud_cdc_n_connected>
10003948:	b958      	cbnz	r0, 10003962 <stdio_usb_in_chars+0x5e>
1000394a:	4601      	mov	r1, r0
1000394c:	f04f 30ff 	mov.w	r0, #4294967295	@ 0xffffffff
10003950:	f000 fd92 	bl	10004478 <tud_task_ext>
10003954:	f06f 0402 	mvn.w	r4, #2
10003958:	480b      	ldr	r0, [pc, #44]	@ (10003988 <stdio_usb_in_chars+0x84>)
1000395a:	f002 f991 	bl	10005c80 <__mutex_exit_veneer>
1000395e:	4620      	mov	r0, r4
10003960:	bd38      	pop	{r3, r4, r5, pc}
10003962:	2000      	movs	r0, #0
10003964:	f001 fb94 	bl	10005090 <tud_cdc_n_available>
10003968:	2800      	cmp	r0, #0
1000396a:	d0ee      	beq.n	1000394a <stdio_usb_in_chars+0x46>
1000396c:	4621      	mov	r1, r4
1000396e:	462a      	mov	r2, r5
10003970:	2000      	movs	r0, #0
10003972:	f001 fb97 	bl	100050a4 <tud_cdc_n_read>
10003976:	4604      	mov	r4, r0
10003978:	2800      	cmp	r0, #0
1000397a:	d1ed      	bne.n	10003958 <stdio_usb_in_chars+0x54>
1000397c:	e7ea      	b.n	10003954 <stdio_usb_in_chars+0x50>
1000397e:	f06f 0402 	mvn.w	r4, #2
10003982:	e7ec      	b.n	1000395e <stdio_usb_in_chars+0x5a>
10003984:	000f4240 	.word	0x000f4240
10003988:	20001ca8 	.word	0x20001ca8

1000398c <stdio_usb_out_flush>:
1000398c:	b508      	push	{r3, lr}
1000398e:	f7fd fdeb 	bl	10001568 <time_us_64>
10003992:	f04f 3eff 	mov.w	lr, #4294967295	@ 0xffffffff
10003996:	f06f 4c00 	mvn.w	ip, #2147483648	@ 0x80000000
1000399a:	4a0f      	ldr	r2, [pc, #60]	@ (100039d8 <stdio_usb_out_flush+0x4c>)
1000399c:	1882      	adds	r2, r0, r2
1000399e:	f141 0300 	adc.w	r3, r1, #0
100039a2:	4596      	cmp	lr, r2
100039a4:	eb7c 0103 	sbcs.w	r1, ip, r3
100039a8:	bf3c      	itt	cc
100039aa:	4672      	movcc	r2, lr
100039ac:	4663      	movcc	r3, ip
100039ae:	480b      	ldr	r0, [pc, #44]	@ (100039dc <stdio_usb_out_flush+0x50>)
100039b0:	f002 f97e 	bl	10005cb0 <__mutex_try_enter_block_until_veneer>
100039b4:	b170      	cbz	r0, 100039d4 <stdio_usb_out_flush+0x48>
100039b6:	f04f 30ff 	mov.w	r0, #4294967295	@ 0xffffffff
100039ba:	2100      	movs	r1, #0
100039bc:	f000 fd5c 	bl	10004478 <tud_task_ext>
100039c0:	2000      	movs	r0, #0
100039c2:	f001 fbb5 	bl	10005130 <tud_cdc_n_write_flush>
100039c6:	2800      	cmp	r0, #0
100039c8:	d1f5      	bne.n	100039b6 <stdio_usb_out_flush+0x2a>
100039ca:	e8bd 4008 	ldmia.w	sp!, {r3, lr}
100039ce:	4803      	ldr	r0, [pc, #12]	@ (100039dc <stdio_usb_out_flush+0x50>)
100039d0:	f002 b956 	b.w	10005c80 <__mutex_exit_veneer>
100039d4:	bd08      	pop	{r3, pc}
100039d6:	bf00      	nop
100039d8:	000f4240 	.word	0x000f4240
100039dc:	20001ca8 	.word	0x20001ca8

100039e0 <stdio_usb_out_chars>:
100039e0:	e92d 41f0 	stmdb	sp!, {r4, r5, r6, r7, r8, lr}
100039e4:	4607      	mov	r7, r0
100039e6:	460e      	mov	r6, r1
100039e8:	f7fd fdbe 	bl	10001568 <time_us_64>
100039ec:	f04f 35ff 	mov.w	r5, #4294967295	@ 0xffffffff
100039f0:	f06f 4400 	mvn.w	r4, #2147483648	@ 0x80000000
100039f4:	4a32      	ldr	r2, [pc, #200]	@ (10003ac0 <stdio_usb_out_chars+0xe0>)
100039f6:	1882      	adds	r2, r0, r2
100039f8:	f141 0300 	adc.w	r3, r1, #0
100039fc:	4295      	cmp	r5, r2
100039fe:	eb74 0103 	sbcs.w	r1, r4, r3
10003a02:	bf3c      	itt	cc
10003a04:	462a      	movcc	r2, r5
10003a06:	4623      	movcc	r3, r4
10003a08:	482e      	ldr	r0, [pc, #184]	@ (10003ac4 <stdio_usb_out_chars+0xe4>)
10003a0a:	f002 f951 	bl	10005cb0 <__mutex_try_enter_block_until_veneer>
10003a0e:	b908      	cbnz	r0, 10003a14 <stdio_usb_out_chars+0x34>
10003a10:	e8bd 81f0 	ldmia.w	sp!, {r4, r5, r6, r7, r8, pc}
10003a14:	2000      	movs	r0, #0
10003a16:	f001 fb25 	bl	10005064 <tud_cdc_n_connected>
10003a1a:	2800      	cmp	r0, #0
10003a1c:	d045      	beq.n	10003aaa <stdio_usb_out_chars+0xca>
10003a1e:	2e00      	cmp	r6, #0
10003a20:	dd3e      	ble.n	10003aa0 <stdio_usb_out_chars+0xc0>
10003a22:	2500      	movs	r5, #0
10003a24:	f8df 80a4 	ldr.w	r8, [pc, #164]	@ 10003acc <stdio_usb_out_chars+0xec>
10003a28:	e012      	b.n	10003a50 <stdio_usb_out_chars+0x70>
10003a2a:	4622      	mov	r2, r4
10003a2c:	2000      	movs	r0, #0
10003a2e:	f001 fbc9 	bl	100051c4 <tud_cdc_n_write>
10003a32:	2100      	movs	r1, #0
10003a34:	4405      	add	r5, r0
10003a36:	f04f 30ff 	mov.w	r0, #4294967295	@ 0xffffffff
10003a3a:	f000 fd1d 	bl	10004478 <tud_task_ext>
10003a3e:	2000      	movs	r0, #0
10003a40:	f001 fb76 	bl	10005130 <tud_cdc_n_write_flush>
10003a44:	f7fd fd90 	bl	10001568 <time_us_64>
10003a48:	e9c8 0100 	strd	r0, r1, [r8]
10003a4c:	42ae      	cmp	r6, r5
10003a4e:	dd27      	ble.n	10003aa0 <stdio_usb_out_chars+0xc0>
10003a50:	2000      	movs	r0, #0
10003a52:	f001 fbd5 	bl	10005200 <tud_cdc_n_write_available>
10003a56:	1b74      	subs	r4, r6, r5
10003a58:	4284      	cmp	r4, r0
10003a5a:	bfa8      	it	ge
10003a5c:	4604      	movge	r4, r0
10003a5e:	1979      	adds	r1, r7, r5
10003a60:	2c00      	cmp	r4, #0
10003a62:	d1e2      	bne.n	10003a2a <stdio_usb_out_chars+0x4a>
10003a64:	4621      	mov	r1, r4
10003a66:	f04f 30ff 	mov.w	r0, #4294967295	@ 0xffffffff
10003a6a:	f000 fd05 	bl	10004478 <tud_task_ext>
10003a6e:	4620      	mov	r0, r4
10003a70:	f001 fb5e 	bl	10005130 <tud_cdc_n_write_flush>
10003a74:	4620      	mov	r0, r4
10003a76:	f001 faf5 	bl	10005064 <tud_cdc_n_connected>
10003a7a:	b188      	cbz	r0, 10003aa0 <stdio_usb_out_chars+0xc0>
10003a7c:	4620      	mov	r0, r4
10003a7e:	f001 fbbf 	bl	10005200 <tud_cdc_n_write_available>
10003a82:	2800      	cmp	r0, #0
10003a84:	d1e2      	bne.n	10003a4c <stdio_usb_out_chars+0x6c>
10003a86:	f7fd fd6f 	bl	10001568 <time_us_64>
10003a8a:	4a0f      	ldr	r2, [pc, #60]	@ (10003ac8 <stdio_usb_out_chars+0xe8>)
10003a8c:	f8d8 3000 	ldr.w	r3, [r8]
10003a90:	189b      	adds	r3, r3, r2
10003a92:	f8d8 2004 	ldr.w	r2, [r8, #4]
10003a96:	f142 0200 	adc.w	r2, r2, #0
10003a9a:	4283      	cmp	r3, r0
10003a9c:	418a      	sbcs	r2, r1
10003a9e:	d2d5      	bcs.n	10003a4c <stdio_usb_out_chars+0x6c>
10003aa0:	4808      	ldr	r0, [pc, #32]	@ (10003ac4 <stdio_usb_out_chars+0xe4>)
10003aa2:	e8bd 41f0 	ldmia.w	sp!, {r4, r5, r6, r7, r8, lr}
10003aa6:	f002 b8eb 	b.w	10005c80 <__mutex_exit_veneer>
10003aaa:	2000      	movs	r0, #0
10003aac:	e8bd 41f0 	ldmia.w	sp!, {r4, r5, r6, r7, r8, lr}
10003ab0:	2100      	movs	r1, #0
10003ab2:	4b06      	ldr	r3, [pc, #24]	@ (10003acc <stdio_usb_out_chars+0xec>)
10003ab4:	e9c3 0100 	strd	r0, r1, [r3]
10003ab8:	4802      	ldr	r0, [pc, #8]	@ (10003ac4 <stdio_usb_out_chars+0xe4>)
10003aba:	f002 b8e1 	b.w	10005c80 <__mutex_exit_veneer>
10003abe:	bf00      	nop
10003ac0:	000f4240 	.word	0x000f4240
10003ac4:	20001ca8 	.word	0x20001ca8
10003ac8:	0007a120 	.word	0x0007a120
10003acc:	200015d0 	.word	0x200015d0

10003ad0 <low_priority_worker_irq>:
10003ad0:	b510      	push	{r4, lr}
10003ad2:	2100      	movs	r1, #0
10003ad4:	b084      	sub	sp, #16
10003ad6:	4832      	ldr	r0, [pc, #200]	@ (10003ba0 <low_priority_worker_irq+0xd0>)
10003ad8:	f002 f8ce 	bl	10005c78 <__mutex_try_enter_veneer>
10003adc:	bb28      	cbnz	r0, 10003b2a <low_priority_worker_irq+0x5a>
10003ade:	4b31      	ldr	r3, [pc, #196]	@ (10003ba4 <low_priority_worker_irq+0xd4>)
10003ae0:	681a      	ldr	r2, [r3, #0]
10003ae2:	b302      	cbz	r2, 10003b26 <low_priority_worker_irq+0x56>
10003ae4:	f3ef 8110 	mrs	r1, PRIMASK
10003ae8:	b672      	cpsid	i
10003aea:	e8d2 efcf 	ldaexb	lr, [r2]
10003aee:	f05f 0c01 	movs.w	ip, #1
10003af2:	f1be 0f00 	cmp.w	lr, #0
10003af6:	d1f8      	bne.n	10003aea <low_priority_worker_irq+0x1a>
10003af8:	e8c2 cf4e 	strexb	lr, ip, [r2]
10003afc:	f1be 0f00 	cmp.w	lr, #0
10003b00:	d1f3      	bne.n	10003aea <low_priority_worker_irq+0x1a>
10003b02:	f3bf 8f5f 	dmb	sy
10003b06:	f8df c0a8 	ldr.w	ip, [pc, #168]	@ 10003bb0 <low_priority_worker_irq+0xe0>
10003b0a:	f8d3 e000 	ldr.w	lr, [r3]
10003b0e:	f89c 2000 	ldrb.w	r2, [ip]
10003b12:	6059      	str	r1, [r3, #4]
10003b14:	b2d3      	uxtb	r3, r2
10003b16:	2201      	movs	r2, #1
10003b18:	f88c 2000 	strb.w	r2, [ip]
10003b1c:	e8ce 0f8f 	stlb	r0, [lr]
10003b20:	f381 8810 	msr	PRIMASK, r1
10003b24:	b1cb      	cbz	r3, 10003b5a <low_priority_worker_irq+0x8a>
10003b26:	b004      	add	sp, #16
10003b28:	bd10      	pop	{r4, pc}
10003b2a:	2100      	movs	r1, #0
10003b2c:	f04f 30ff 	mov.w	r0, #4294967295	@ 0xffffffff
10003b30:	f000 fca2 	bl	10004478 <tud_task_ext>
10003b34:	2000      	movs	r0, #0
10003b36:	f001 faab 	bl	10005090 <tud_cdc_n_available>
10003b3a:	4604      	mov	r4, r0
10003b3c:	4818      	ldr	r0, [pc, #96]	@ (10003ba0 <low_priority_worker_irq+0xd0>)
10003b3e:	f002 f89f 	bl	10005c80 <__mutex_exit_veneer>
10003b42:	2c00      	cmp	r4, #0
10003b44:	d0ef      	beq.n	10003b26 <low_priority_worker_irq+0x56>
10003b46:	4b18      	ldr	r3, [pc, #96]	@ (10003ba8 <low_priority_worker_irq+0xd8>)
10003b48:	681b      	ldr	r3, [r3, #0]
10003b4a:	2b00      	cmp	r3, #0
10003b4c:	d0eb      	beq.n	10003b26 <low_priority_worker_irq+0x56>
10003b4e:	4a17      	ldr	r2, [pc, #92]	@ (10003bac <low_priority_worker_irq+0xdc>)
10003b50:	6810      	ldr	r0, [r2, #0]
10003b52:	b004      	add	sp, #16
10003b54:	e8bd 4010 	ldmia.w	sp!, {r4, lr}
10003b58:	4718      	bx	r3
10003b5a:	f7fd fab9 	bl	100010d0 <alarm_pool_get_default>
10003b5e:	4604      	mov	r4, r0
10003b60:	f7fd fd02 	bl	10001568 <time_us_64>
10003b64:	f04f 3eff 	mov.w	lr, #4294967295	@ 0xffffffff
10003b68:	f06f 4c00 	mvn.w	ip, #2147483648	@ 0x80000000
10003b6c:	f510 727a 	adds.w	r2, r0, #1000	@ 0x3e8
10003b70:	f141 0300 	adc.w	r3, r1, #0
10003b74:	4596      	cmp	lr, r2
10003b76:	eb7c 0103 	sbcs.w	r1, ip, r3
10003b7a:	bf38      	it	cc
10003b7c:	4663      	movcc	r3, ip
10003b7e:	f04f 0100 	mov.w	r1, #0
10003b82:	f04f 0c01 	mov.w	ip, #1
10003b86:	bf38      	it	cc
10003b88:	4672      	movcc	r2, lr
10003b8a:	f8df e028 	ldr.w	lr, [pc, #40]	@ 10003bb4 <low_priority_worker_irq+0xe4>
10003b8e:	4620      	mov	r0, r4
10003b90:	e9cd 1c01 	strd	r1, ip, [sp, #4]
10003b94:	f8cd e000 	str.w	lr, [sp]
10003b98:	f7fd fa9e 	bl	100010d8 <alarm_pool_add_alarm_at>
10003b9c:	b004      	add	sp, #16
10003b9e:	bd10      	pop	{r4, pc}
10003ba0:	20001ca8 	.word	0x20001ca8
10003ba4:	20001c74 	.word	0x20001c74
10003ba8:	200017fc 	.word	0x200017fc
10003bac:	20001800 	.word	0x20001800
10003bb0:	200091f8 	.word	0x200091f8
10003bb4:	10003889 	.word	0x10003889

10003bb8 <stdio_usb_init>:
10003bb8:	f04f 4350 	mov.w	r3, #3489660928	@ 0xd0000000
10003bbc:	b530      	push	{r4, r5, lr}
10003bbe:	b085      	sub	sp, #20
10003bc0:	681c      	ldr	r4, [r3, #0]
10003bc2:	f7fd fa85 	bl	100010d0 <alarm_pool_get_default>
10003bc6:	f7fd fba1 	bl	1000130c <alarm_pool_core_num>
10003bca:	42a0      	cmp	r0, r4
10003bcc:	d002      	beq.n	10003bd4 <stdio_usb_init+0x1c>
10003bce:	2000      	movs	r0, #0
10003bd0:	b005      	add	sp, #20
10003bd2:	bd30      	pop	{r4, r5, pc}
10003bd4:	2100      	movs	r1, #0
10003bd6:	4b2c      	ldr	r3, [pc, #176]	@ (10003c88 <stdio_usb_init+0xd0>)
10003bd8:	4608      	mov	r0, r1
10003bda:	781b      	ldrb	r3, [r3, #0]
10003bdc:	f001 fce0 	bl	100055a0 <tusb_rhport_init>
10003be0:	482a      	ldr	r0, [pc, #168]	@ (10003c8c <stdio_usb_init+0xd4>)
10003be2:	6803      	ldr	r3, [r0, #0]
10003be4:	2b00      	cmp	r3, #0
10003be6:	d04b      	beq.n	10003c80 <stdio_usb_init+0xc8>
10003be8:	2001      	movs	r0, #1
10003bea:	f7fc ffeb 	bl	10000bc4 <user_irq_claim_unused>
10003bee:	4603      	mov	r3, r0
10003bf0:	4c27      	ldr	r4, [pc, #156]	@ (10003c90 <stdio_usb_init+0xd8>)
10003bf2:	4928      	ldr	r1, [pc, #160]	@ (10003c94 <stdio_usb_init+0xdc>)
10003bf4:	b2c0      	uxtb	r0, r0
10003bf6:	7023      	strb	r3, [r4, #0]
10003bf8:	f7fc fe5e 	bl	100008b8 <irq_set_exclusive_handler>
10003bfc:	7820      	ldrb	r0, [r4, #0]
10003bfe:	2101      	movs	r1, #1
10003c00:	f7fc fe18 	bl	10000834 <irq_set_enabled>
10003c04:	200e      	movs	r0, #14
10003c06:	f7fc fe47 	bl	10000898 <irq_has_shared_handler>
10003c0a:	bb60      	cbnz	r0, 10003c66 <stdio_usb_init+0xae>
10003c0c:	4b22      	ldr	r3, [pc, #136]	@ (10003c98 <stdio_usb_init+0xe0>)
10003c0e:	f06f 4400 	mvn.w	r4, #2147483648	@ 0x80000000
10003c12:	e9c3 0000 	strd	r0, r0, [r3]
10003c16:	f7fd fa5b 	bl	100010d0 <alarm_pool_get_default>
10003c1a:	4605      	mov	r5, r0
10003c1c:	f7fd fca4 	bl	10001568 <time_us_64>
10003c20:	f04f 3cff 	mov.w	ip, #4294967295	@ 0xffffffff
10003c24:	f510 727a 	adds.w	r2, r0, #1000	@ 0x3e8
10003c28:	f141 0300 	adc.w	r3, r1, #0
10003c2c:	4594      	cmp	ip, r2
10003c2e:	eb74 0103 	sbcs.w	r1, r4, r3
10003c32:	bf38      	it	cc
10003c34:	4623      	movcc	r3, r4
10003c36:	f04f 0100 	mov.w	r1, #0
10003c3a:	f04f 0401 	mov.w	r4, #1
10003c3e:	bf38      	it	cc
10003c40:	4662      	movcc	r2, ip
10003c42:	f8df c060 	ldr.w	ip, [pc, #96]	@ 10003ca4 <stdio_usb_init+0xec>
10003c46:	4628      	mov	r0, r5
10003c48:	e9cd 1401 	strd	r1, r4, [sp, #4]
10003c4c:	f8cd c000 	str.w	ip, [sp]
10003c50:	f7fd fa42 	bl	100010d8 <alarm_pool_add_alarm_at>
10003c54:	2800      	cmp	r0, #0
10003c56:	dbba      	blt.n	10003bce <stdio_usb_init+0x16>
10003c58:	2101      	movs	r1, #1
10003c5a:	4810      	ldr	r0, [pc, #64]	@ (10003c9c <stdio_usb_init+0xe4>)
10003c5c:	f7ff fd26 	bl	100036ac <stdio_set_driver_enabled>
10003c60:	2001      	movs	r0, #1
10003c62:	b005      	add	sp, #20
10003c64:	bd30      	pop	{r4, r5, pc}
10003c66:	2001      	movs	r0, #1
10003c68:	f7fc fd9e 	bl	100007a8 <spin_lock_claim_unused>
10003c6c:	4601      	mov	r1, r0
10003c6e:	480a      	ldr	r0, [pc, #40]	@ (10003c98 <stdio_usb_init+0xe0>)
10003c70:	f7fd f806 	bl	10000c80 <critical_section_init_with_lock_num>
10003c74:	2200      	movs	r2, #0
10003c76:	200e      	movs	r0, #14
10003c78:	4909      	ldr	r1, [pc, #36]	@ (10003ca0 <stdio_usb_init+0xe8>)
10003c7a:	f7fc fe4f 	bl	1000091c <irq_add_shared_handler>
10003c7e:	e7eb      	b.n	10003c58 <stdio_usb_init+0xa0>
10003c80:	f7fc ffe2 	bl	10000c48 <mutex_init>
10003c84:	e7b0      	b.n	10003be8 <stdio_usb_init+0x30>
10003c86:	bf00      	nop
10003c88:	10006230 	.word	0x10006230
10003c8c:	20001ca8 	.word	0x20001ca8
10003c90:	200091f7 	.word	0x200091f7
10003c94:	10003ad1 	.word	0x10003ad1
10003c98:	20001c74 	.word	0x20001c74
10003c9c:	20001348 	.word	0x20001348
10003ca0:	100038f9 	.word	0x100038f9
10003ca4:	10003889 	.word	0x10003889

10003ca8 <stdio_usb_connected>:
10003ca8:	2000      	movs	r0, #0
10003caa:	f001 b9db 	b.w	10005064 <tud_cdc_n_connected>
10003cae:	bf00      	nop

10003cb0 <tud_descriptor_device_cb>:
10003cb0:	4800      	ldr	r0, [pc, #0]	@ (10003cb4 <tud_descriptor_device_cb+0x4>)
10003cb2:	4770      	bx	lr
10003cb4:	100060ec 	.word	0x100060ec

10003cb8 <tud_descriptor_configuration_cb>:
10003cb8:	4800      	ldr	r0, [pc, #0]	@ (10003cbc <tud_descriptor_configuration_cb+0x4>)
10003cba:	4770      	bx	lr
10003cbc:	10006098 	.word	0x10006098

10003cc0 <tud_descriptor_string_cb>:
10003cc0:	b500      	push	{lr}
10003cc2:	4a1c      	ldr	r2, [pc, #112]	@ (10003d34 <tud_descriptor_string_cb+0x74>)
10003cc4:	4603      	mov	r3, r0
10003cc6:	7811      	ldrb	r1, [r2, #0]
10003cc8:	b083      	sub	sp, #12
10003cca:	b331      	cbz	r1, 10003d1a <tud_descriptor_string_cb+0x5a>
10003ccc:	b963      	cbnz	r3, 10003ce8 <tud_descriptor_string_cb+0x28>
10003cce:	f240 4209 	movw	r2, #1033	@ 0x409
10003cd2:	f44f 7341 	mov.w	r3, #772	@ 0x304
10003cd6:	f8df c060 	ldr.w	ip, [pc, #96]	@ 10003d38 <tud_descriptor_string_cb+0x78>
10003cda:	f8ac 2002 	strh.w	r2, [ip, #2]
10003cde:	4816      	ldr	r0, [pc, #88]	@ (10003d38 <tud_descriptor_string_cb+0x78>)
10003ce0:	f8ac 3000 	strh.w	r3, [ip]
10003ce4:	b003      	add	sp, #12
10003ce6:	bd00      	pop	{pc}
10003ce8:	2b05      	cmp	r3, #5
10003cea:	d820      	bhi.n	10003d2e <tud_descriptor_string_cb+0x6e>
10003cec:	4a13      	ldr	r2, [pc, #76]	@ (10003d3c <tud_descriptor_string_cb+0x7c>)
10003cee:	f8df c048 	ldr.w	ip, [pc, #72]	@ 10003d38 <tud_descriptor_string_cb+0x78>
10003cf2:	f852 1023 	ldr.w	r1, [r2, r3, lsl #2]
10003cf6:	4660      	mov	r0, ip
10003cf8:	2300      	movs	r3, #0
10003cfa:	3901      	subs	r1, #1
10003cfc:	e003      	b.n	10003d06 <tud_descriptor_string_cb+0x46>
10003cfe:	2b13      	cmp	r3, #19
10003d00:	f820 2f02 	strh.w	r2, [r0, #2]!
10003d04:	d010      	beq.n	10003d28 <tud_descriptor_string_cb+0x68>
10003d06:	f811 2f01 	ldrb.w	r2, [r1, #1]!
10003d0a:	3301      	adds	r3, #1
10003d0c:	b2db      	uxtb	r3, r3
10003d0e:	2a00      	cmp	r2, #0
10003d10:	d1f5      	bne.n	10003cfe <tud_descriptor_string_cb+0x3e>
10003d12:	005b      	lsls	r3, r3, #1
10003d14:	f443 7340 	orr.w	r3, r3, #768	@ 0x300
10003d18:	e7e1      	b.n	10003cde <tud_descriptor_string_cb+0x1e>
10003d1a:	9001      	str	r0, [sp, #4]
10003d1c:	2111      	movs	r1, #17
10003d1e:	4610      	mov	r0, r2
10003d20:	f000 f824 	bl	10003d6c <pico_get_unique_board_id_string>
10003d24:	9b01      	ldr	r3, [sp, #4]
10003d26:	e7d1      	b.n	10003ccc <tud_descriptor_string_cb+0xc>
10003d28:	f44f 734a 	mov.w	r3, #808	@ 0x328
10003d2c:	e7d7      	b.n	10003cde <tud_descriptor_string_cb+0x1e>
10003d2e:	2000      	movs	r0, #0
10003d30:	e7d8      	b.n	10003ce4 <tud_descriptor_string_cb+0x24>
10003d32:	bf00      	nop
10003d34:	200091e0 	.word	0x200091e0
10003d38:	20001834 	.word	0x20001834
10003d3c:	10006080 	.word	0x10006080

10003d40 <_retrieve_unique_id_on_boot>:
10003d40:	b500      	push	{lr}
10003d42:	f245 3047 	movw	r0, #21319	@ 0x5347
10003d46:	b08b      	sub	sp, #44	@ 0x2c
10003d48:	f7fd fd64 	bl	10001814 <rom_func_lookup>
10003d4c:	2201      	movs	r2, #1
10003d4e:	4603      	mov	r3, r0
10003d50:	2109      	movs	r1, #9
10003d52:	a801      	add	r0, sp, #4
10003d54:	4798      	blx	r3
10003d56:	e9dd 3203 	ldrd	r3, r2, [sp, #12]
10003d5a:	4903      	ldr	r1, [pc, #12]	@ (10003d68 <_retrieve_unique_id_on_boot+0x28>)
10003d5c:	ba12      	rev	r2, r2
10003d5e:	ba1b      	rev	r3, r3
10003d60:	e9c1 2300 	strd	r2, r3, [r1]
10003d64:	b00b      	add	sp, #44	@ 0x2c
10003d66:	bd00      	pop	{pc}
10003d68:	20001c9c 	.word	0x20001c9c

10003d6c <pico_get_unique_board_id_string>:
10003d6c:	2901      	cmp	r1, #1
10003d6e:	f000 80bb 	beq.w	10003ee8 <pico_get_unique_board_id_string+0x17c>
10003d72:	4a61      	ldr	r2, [pc, #388]	@ (10003ef8 <pico_get_unique_board_id_string+0x18c>)
10003d74:	3901      	subs	r1, #1
10003d76:	7813      	ldrb	r3, [r2, #0]
10003d78:	ea4f 1c23 	mov.w	ip, r3, asr #4
10003d7c:	f1bc 0f09 	cmp.w	ip, #9
10003d80:	bfcc      	ite	gt
10003d82:	f10c 0c37 	addgt.w	ip, ip, #55	@ 0x37
10003d86:	f10c 0c30 	addle.w	ip, ip, #48	@ 0x30
10003d8a:	2901      	cmp	r1, #1
10003d8c:	f880 c000 	strb.w	ip, [r0]
10003d90:	f000 80ad 	beq.w	10003eee <pico_get_unique_board_id_string+0x182>
10003d94:	f003 030f 	and.w	r3, r3, #15
10003d98:	2b09      	cmp	r3, #9
10003d9a:	bf8c      	ite	hi
10003d9c:	3337      	addhi	r3, #55	@ 0x37
10003d9e:	3330      	addls	r3, #48	@ 0x30
10003da0:	2902      	cmp	r1, #2
10003da2:	7043      	strb	r3, [r0, #1]
10003da4:	f000 80a3 	beq.w	10003eee <pico_get_unique_board_id_string+0x182>
10003da8:	7853      	ldrb	r3, [r2, #1]
10003daa:	ea4f 1c23 	mov.w	ip, r3, asr #4
10003dae:	f1bc 0f09 	cmp.w	ip, #9
10003db2:	bfcc      	ite	gt
10003db4:	f10c 0c37 	addgt.w	ip, ip, #55	@ 0x37
10003db8:	f10c 0c30 	addle.w	ip, ip, #48	@ 0x30
10003dbc:	2903      	cmp	r1, #3
10003dbe:	f880 c002 	strb.w	ip, [r0, #2]
10003dc2:	f000 8094 	beq.w	10003eee <pico_get_unique_board_id_string+0x182>
10003dc6:	f003 030f 	and.w	r3, r3, #15
10003dca:	2b09      	cmp	r3, #9
10003dcc:	bf8c      	ite	hi
10003dce:	3337      	addhi	r3, #55	@ 0x37
10003dd0:	3330      	addls	r3, #48	@ 0x30
10003dd2:	2904      	cmp	r1, #4
10003dd4:	70c3      	strb	r3, [r0, #3]
10003dd6:	f000 808a 	beq.w	10003eee <pico_get_unique_board_id_string+0x182>
10003dda:	7893      	ldrb	r3, [r2, #2]
10003ddc:	ea4f 1c23 	mov.w	ip, r3, asr #4
10003de0:	f1bc 0f09 	cmp.w	ip, #9
10003de4:	bfcc      	ite	gt
10003de6:	f10c 0c37 	addgt.w	ip, ip, #55	@ 0x37
10003dea:	f10c 0c30 	addle.w	ip, ip, #48	@ 0x30
10003dee:	2905      	cmp	r1, #5
10003df0:	f880 c004 	strb.w	ip, [r0, #4]
10003df4:	d07b      	beq.n	10003eee <pico_get_unique_board_id_string+0x182>
10003df6:	f003 030f 	and.w	r3, r3, #15
10003dfa:	2b09      	cmp	r3, #9
10003dfc:	bf8c      	ite	hi
10003dfe:	3337      	addhi	r3, #55	@ 0x37
10003e00:	3330      	addls	r3, #48	@ 0x30
10003e02:	2906      	cmp	r1, #6
10003e04:	7143      	strb	r3, [r0, #5]
10003e06:	d072      	beq.n	10003eee <pico_get_unique_board_id_string+0x182>
10003e08:	78d3      	ldrb	r3, [r2, #3]
10003e0a:	ea4f 1c23 	mov.w	ip, r3, asr #4
10003e0e:	f1bc 0f09 	cmp.w	ip, #9
10003e12:	bfcc      	ite	gt
10003e14:	f10c 0c37 	addgt.w	ip, ip, #55	@ 0x37
10003e18:	f10c 0c30 	addle.w	ip, ip, #48	@ 0x30
10003e1c:	2907      	cmp	r1, #7
10003e1e:	f880 c006 	strb.w	ip, [r0, #6]
10003e22:	d064      	beq.n	10003eee <pico_get_unique_board_id_string+0x182>
10003e24:	f003 030f 	and.w	r3, r3, #15
10003e28:	2b09      	cmp	r3, #9
10003e2a:	bf8c      	ite	hi
10003e2c:	3337      	addhi	r3, #55	@ 0x37
10003e2e:	3330      	addls	r3, #48	@ 0x30
10003e30:	2908      	cmp	r1, #8
10003e32:	71c3      	strb	r3, [r0, #7]
10003e34:	d05b      	beq.n	10003eee <pico_get_unique_board_id_string+0x182>
10003e36:	7913      	ldrb	r3, [r2, #4]
10003e38:	ea4f 1c23 	mov.w	ip, r3, asr #4
10003e3c:	f1bc 0f09 	cmp.w	ip, #9
10003e40:	bfcc      	ite	gt
10003e42:	f10c 0c37 	addgt.w	ip, ip, #55	@ 0x37
10003e46:	f10c 0c30 	addle.w	ip, ip, #48	@ 0x30
10003e4a:	2909      	cmp	r1, #9
10003e4c:	f880 c008 	strb.w	ip, [r0, #8]
10003e50:	d04d      	beq.n	10003eee <pico_get_unique_board_id_string+0x182>
10003e52:	f003 030f 	and.w	r3, r3, #15
10003e56:	2b09      	cmp	r3, #9
10003e58:	bf8c      	ite	hi
10003e5a:	3337      	addhi	r3, #55	@ 0x37
10003e5c:	3330      	addls	r3, #48	@ 0x30
10003e5e:	290a      	cmp	r1, #10
10003e60:	7243      	strb	r3, [r0, #9]
10003e62:	d044      	beq.n	10003eee <pico_get_unique_board_id_string+0x182>
10003e64:	7953      	ldrb	r3, [r2, #5]
10003e66:	ea4f 1c23 	mov.w	ip, r3, asr #4
10003e6a:	f1bc 0f09 	cmp.w	ip, #9
10003e6e:	bfcc      	ite	gt
10003e70:	f10c 0c37 	addgt.w	ip, ip, #55	@ 0x37
10003e74:	f10c 0c30 	addle.w	ip, ip, #48	@ 0x30
10003e78:	290b      	cmp	r1, #11
10003e7a:	f880 c00a 	strb.w	ip, [r0, #10]
10003e7e:	d036      	beq.n	10003eee <pico_get_unique_board_id_string+0x182>
10003e80:	f003 030f 	and.w	r3, r3, #15
10003e84:	2b09      	cmp	r3, #9
10003e86:	bf8c      	ite	hi
10003e88:	3337      	addhi	r3, #55	@ 0x37
10003e8a:	3330      	addls	r3, #48	@ 0x30
10003e8c:	290c      	cmp	r1, #12
10003e8e:	72c3      	strb	r3, [r0, #11]
10003e90:	d02d      	beq.n	10003eee <pico_get_unique_board_id_string+0x182>
10003e92:	7993      	ldrb	r3, [r2, #6]
10003e94:	ea4f 1c23 	mov.w	ip, r3, asr #4
10003e98:	f1bc 0f09 	cmp.w	ip, #9
10003e9c:	bfcc      	ite	gt
10003e9e:	f10c 0c37 	addgt.w	ip, ip, #55	@ 0x37
10003ea2:	f10c 0c30 	addle.w	ip, ip, #48	@ 0x30
10003ea6:	290d      	cmp	r1, #13
10003ea8:	f880 c00c 	strb.w	ip, [r0, #12]
10003eac:	d01f      	beq.n	10003eee <pico_get_unique_board_id_string+0x182>
10003eae:	f003 030f 	and.w	r3, r3, #15
10003eb2:	2b09      	cmp	r3, #9
10003eb4:	bf8c      	ite	hi
10003eb6:	3337      	addhi	r3, #55	@ 0x37
10003eb8:	3330      	addls	r3, #48	@ 0x30
10003eba:	290e      	cmp	r1, #14
10003ebc:	7343      	strb	r3, [r0, #13]
10003ebe:	d016      	beq.n	10003eee <pico_get_unique_board_id_string+0x182>
10003ec0:	79d3      	ldrb	r3, [r2, #7]
10003ec2:	111a      	asrs	r2, r3, #4
10003ec4:	2a09      	cmp	r2, #9
10003ec6:	bfcc      	ite	gt
10003ec8:	3237      	addgt	r2, #55	@ 0x37
10003eca:	3230      	addle	r2, #48	@ 0x30
10003ecc:	290f      	cmp	r1, #15
10003ece:	7382      	strb	r2, [r0, #14]
10003ed0:	d00d      	beq.n	10003eee <pico_get_unique_board_id_string+0x182>
10003ed2:	f003 030f 	and.w	r3, r3, #15
10003ed6:	2b09      	cmp	r3, #9
10003ed8:	bf94      	ite	ls
10003eda:	3330      	addls	r3, #48	@ 0x30
10003edc:	3337      	addhi	r3, #55	@ 0x37
10003ede:	2910      	cmp	r1, #16
10003ee0:	73c3      	strb	r3, [r0, #15]
10003ee2:	bf18      	it	ne
10003ee4:	3010      	addne	r0, #16
10003ee6:	d002      	beq.n	10003eee <pico_get_unique_board_id_string+0x182>
10003ee8:	2300      	movs	r3, #0
10003eea:	7003      	strb	r3, [r0, #0]
10003eec:	4770      	bx	lr
10003eee:	2300      	movs	r3, #0
10003ef0:	4408      	add	r0, r1
10003ef2:	7003      	strb	r3, [r0, #0]
10003ef4:	4770      	bx	lr
10003ef6:	bf00      	nop
10003ef8:	20001c9c 	.word	0x20001c9c

10003efc <usb_reset_interface_init>:
10003efc:	4770      	bx	lr
10003efe:	bf00      	nop

10003f00 <usb_reset_interface_reset>:
10003f00:	2200      	movs	r2, #0
10003f02:	4b01      	ldr	r3, [pc, #4]	@ (10003f08 <usb_reset_interface_reset+0x8>)
10003f04:	701a      	strb	r2, [r3, #0]
10003f06:	4770      	bx	lr
10003f08:	200091f5 	.word	0x200091f5

10003f0c <usb_reset_interface_open>:
10003f0c:	794b      	ldrb	r3, [r1, #5]
10003f0e:	2bff      	cmp	r3, #255	@ 0xff
10003f10:	d10b      	bne.n	10003f2a <usb_reset_interface_open+0x1e>
10003f12:	7988      	ldrb	r0, [r1, #6]
10003f14:	b948      	cbnz	r0, 10003f2a <usb_reset_interface_open+0x1e>
10003f16:	79cb      	ldrb	r3, [r1, #7]
10003f18:	2b01      	cmp	r3, #1
10003f1a:	d107      	bne.n	10003f2c <usb_reset_interface_open+0x20>
10003f1c:	2a08      	cmp	r2, #8
10003f1e:	d905      	bls.n	10003f2c <usb_reset_interface_open+0x20>
10003f20:	4b03      	ldr	r3, [pc, #12]	@ (10003f30 <usb_reset_interface_open+0x24>)
10003f22:	788a      	ldrb	r2, [r1, #2]
10003f24:	2009      	movs	r0, #9
10003f26:	701a      	strb	r2, [r3, #0]
10003f28:	4770      	bx	lr
10003f2a:	2000      	movs	r0, #0
10003f2c:	4770      	bx	lr
10003f2e:	bf00      	nop
10003f30:	200091f5 	.word	0x200091f5

10003f34 <usb_reset_interface_xfer_cb>:
10003f34:	2001      	movs	r0, #1
10003f36:	4770      	bx	lr

10003f38 <usb_reset_interface_control_xfer_cb>:
10003f38:	2901      	cmp	r1, #1
10003f3a:	d001      	beq.n	10003f40 <usb_reset_interface_control_xfer_cb+0x8>
10003f3c:	2001      	movs	r0, #1
10003f3e:	4770      	bx	lr
10003f40:	b508      	push	{r3, lr}
10003f42:	4b10      	ldr	r3, [pc, #64]	@ (10003f84 <usb_reset_interface_control_xfer_cb+0x4c>)
10003f44:	8891      	ldrh	r1, [r2, #4]
10003f46:	781b      	ldrb	r3, [r3, #0]
10003f48:	4299      	cmp	r1, r3
10003f4a:	d001      	beq.n	10003f50 <usb_reset_interface_control_xfer_cb+0x18>
10003f4c:	2000      	movs	r0, #0
10003f4e:	bd08      	pop	{r3, pc}
10003f50:	7853      	ldrb	r3, [r2, #1]
10003f52:	2b01      	cmp	r3, #1
10003f54:	d008      	beq.n	10003f68 <usb_reset_interface_control_xfer_cb+0x30>
10003f56:	2b02      	cmp	r3, #2
10003f58:	d1f8      	bne.n	10003f4c <usb_reset_interface_control_xfer_cb+0x14>
10003f5a:	2100      	movs	r1, #0
10003f5c:	2264      	movs	r2, #100	@ 0x64
10003f5e:	4608      	mov	r0, r1
10003f60:	f7fd fbda 	bl	10001718 <watchdog_reboot>
10003f64:	2001      	movs	r0, #1
10003f66:	bd08      	pop	{r3, pc}
10003f68:	8851      	ldrh	r1, [r2, #2]
10003f6a:	f411 7280 	ands.w	r2, r1, #256	@ 0x100
10003f6e:	bf1a      	itte	ne
10003f70:	f3c1 12c0 	ubfxne	r2, r1, #7, #1
10003f74:	0a48      	lsrne	r0, r1, #9
10003f76:	f04f 30ff 	moveq.w	r0, #4294967295	@ 0xffffffff
10003f7a:	f001 0103 	and.w	r1, r1, #3
10003f7e:	f7fd fc55 	bl	1000182c <rom_reset_usb_boot_extra>
10003f82:	bf00      	nop
10003f84:	200091f5 	.word	0x200091f5

10003f88 <tud_descriptor_bos_cb>:
10003f88:	4800      	ldr	r0, [pc, #0]	@ (10003f8c <tud_descriptor_bos_cb+0x4>)
10003f8a:	4770      	bx	lr
10003f8c:	100061a8 	.word	0x100061a8

10003f90 <tud_vendor_control_xfer_cb>:
10003f90:	2901      	cmp	r1, #1
10003f92:	d107      	bne.n	10003fa4 <tud_vendor_control_xfer_cb+0x14>
10003f94:	7853      	ldrb	r3, [r2, #1]
10003f96:	2b01      	cmp	r3, #1
10003f98:	d102      	bne.n	10003fa0 <tud_vendor_control_xfer_cb+0x10>
10003f9a:	8893      	ldrh	r3, [r2, #4]
10003f9c:	2b07      	cmp	r3, #7
10003f9e:	d003      	beq.n	10003fa8 <tud_vendor_control_xfer_cb+0x18>
10003fa0:	2000      	movs	r0, #0
10003fa2:	4770      	bx	lr
10003fa4:	2001      	movs	r0, #1
10003fa6:	4770      	bx	lr
10003fa8:	4611      	mov	r1, r2
10003faa:	23a6      	movs	r3, #166	@ 0xa6
10003fac:	4a01      	ldr	r2, [pc, #4]	@ (10003fb4 <tud_vendor_control_xfer_cb+0x24>)
10003fae:	f000 bf1f 	b.w	10004df0 <tud_control_xfer>
10003fb2:	bf00      	nop
10003fb4:	10006100 	.word	0x10006100

10003fb8 <usbd_app_driver_get_cb>:
10003fb8:	4603      	mov	r3, r0
10003fba:	2201      	movs	r2, #1
10003fbc:	4801      	ldr	r0, [pc, #4]	@ (10003fc4 <usbd_app_driver_get_cb+0xc>)
10003fbe:	701a      	strb	r2, [r3, #0]
10003fc0:	4770      	bx	lr
10003fc2:	bf00      	nop
10003fc4:	100061cc 	.word	0x100061cc

10003fc8 <tud_cdc_line_coding_cb>:
10003fc8:	b508      	push	{r3, lr}
10003fca:	680b      	ldr	r3, [r1, #0]
10003fcc:	f5b3 6f96 	cmp.w	r3, #1200	@ 0x4b0
10003fd0:	d000      	beq.n	10003fd4 <tud_cdc_line_coding_cb+0xc>
10003fd2:	bd08      	pop	{r3, pc}
10003fd4:	2200      	movs	r2, #0
10003fd6:	f04f 30ff 	mov.w	r0, #4294967295	@ 0xffffffff
10003fda:	4611      	mov	r1, r2
10003fdc:	f7fd fc26 	bl	1000182c <rom_reset_usb_boot_extra>

10003fe0 <dcd_init>:
10003fe0:	b510      	push	{r4, lr}
10003fe2:	f000 f92d 	bl	10004240 <rp2040_usb_init>
10003fe6:	230c      	movs	r3, #12
10003fe8:	4c1c      	ldr	r4, [pc, #112]	@ (1000405c <dcd_init+0x7c>)
10003fea:	22ff      	movs	r2, #255	@ 0xff
10003fec:	67a3      	str	r3, [r4, #120]	@ 0x78
10003fee:	200e      	movs	r0, #14
10003ff0:	491b      	ldr	r1, [pc, #108]	@ (10004060 <dcd_init+0x80>)
10003ff2:	f7fc fc93 	bl	1000091c <irq_add_shared_handler>
10003ff6:	2240      	movs	r2, #64	@ 0x40
10003ff8:	2100      	movs	r1, #0
10003ffa:	481a      	ldr	r0, [pc, #104]	@ (10004064 <dcd_init+0x84>)
10003ffc:	f001 fe48 	bl	10005c90 <__memset_veneer>
10004000:	f04f 0c80 	mov.w	ip, #128	@ 0x80
10004004:	2001      	movs	r0, #1
10004006:	4a17      	ldr	r2, [pc, #92]	@ (10004064 <dcd_init+0x84>)
10004008:	2300      	movs	r3, #0
1000400a:	f8a2 c022 	strh.w	ip, [r2, #34]	@ 0x22
1000400e:	7050      	strb	r0, [r2, #1]
10004010:	4610      	mov	r0, r2
10004012:	2240      	movs	r2, #64	@ 0x40
10004014:	4914      	ldr	r1, [pc, #80]	@ (10004068 <dcd_init+0x88>)
10004016:	8302      	strh	r2, [r0, #24]
10004018:	8702      	strh	r2, [r0, #56]	@ 0x38
1000401a:	4a14      	ldr	r2, [pc, #80]	@ (1000406c <dcd_init+0x8c>)
1000401c:	6081      	str	r1, [r0, #8]
1000401e:	6043      	str	r3, [r0, #4]
10004020:	f8c2 3084 	str.w	r3, [r2, #132]	@ 0x84
10004024:	f8c2 3080 	str.w	r3, [r2, #128]	@ 0x80
10004028:	f880 3021 	strb.w	r3, [r0, #33]	@ 0x21
1000402c:	f880 303b 	strb.w	r3, [r0, #59]	@ 0x3b
10004030:	6243      	str	r3, [r0, #36]	@ 0x24
10004032:	4b0f      	ldr	r3, [pc, #60]	@ (10004070 <dcd_init+0x90>)
10004034:	60c3      	str	r3, [r0, #12]
10004036:	62c3      	str	r3, [r0, #44]	@ 0x2c
10004038:	3b80      	subs	r3, #128	@ 0x80
1000403a:	6283      	str	r3, [r0, #40]	@ 0x28
1000403c:	f001 fe0c 	bl	10005c58 <__reset_non_control_endpoints_veneer>
10004040:	f04f 5c00 	mov.w	ip, #536870912	@ 0x20000000
10004044:	f44f 3280 	mov.w	r2, #65536	@ 0x10000
10004048:	2001      	movs	r0, #1
1000404a:	490a      	ldr	r1, [pc, #40]	@ (10004074 <dcd_init+0x94>)
1000404c:	4b0a      	ldr	r3, [pc, #40]	@ (10004078 <dcd_init+0x98>)
1000404e:	6420      	str	r0, [r4, #64]	@ 0x40
10004050:	f8c4 c04c 	str.w	ip, [r4, #76]	@ 0x4c
10004054:	f8c4 1090 	str.w	r1, [r4, #144]	@ 0x90
10004058:	64da      	str	r2, [r3, #76]	@ 0x4c
1000405a:	bd10      	pop	{r4, pc}
1000405c:	50110000 	.word	0x50110000
10004060:	20000399 	.word	0x20000399
10004064:	20001868 	.word	0x20001868
10004068:	50100084 	.word	0x50100084
1000406c:	50100000 	.word	0x50100000
10004070:	50100100 	.word	0x50100100
10004074:	0001d010 	.word	0x0001d010
10004078:	50112000 	.word	0x50112000

1000407c <dcd_int_enable>:
1000407c:	2101      	movs	r1, #1
1000407e:	200e      	movs	r0, #14
10004080:	f7fc bbd8 	b.w	10000834 <irq_set_enabled>

10004084 <dcd_set_address>:
10004084:	2200      	movs	r2, #0
10004086:	4802      	ldr	r0, [pc, #8]	@ (10004090 <dcd_set_address+0xc>)
10004088:	4611      	mov	r1, r2
1000408a:	f000 b8f9 	b.w	10004280 <hw_endpoint_xfer_start>
1000408e:	bf00      	nop
10004090:	20001888 	.word	0x20001888

10004094 <dcd_sof_enable>:
10004094:	4b04      	ldr	r3, [pc, #16]	@ (100040a8 <dcd_sof_enable+0x14>)
10004096:	7019      	strb	r1, [r3, #0]
10004098:	b121      	cbz	r1, 100040a4 <dcd_sof_enable+0x10>
1000409a:	f44f 3200 	mov.w	r2, #131072	@ 0x20000
1000409e:	4b03      	ldr	r3, [pc, #12]	@ (100040ac <dcd_sof_enable+0x18>)
100040a0:	f8c3 2090 	str.w	r2, [r3, #144]	@ 0x90
100040a4:	4770      	bx	lr
100040a6:	bf00      	nop
100040a8:	200091f2 	.word	0x200091f2
100040ac:	50112000 	.word	0x50112000

100040b0 <dcd_edpt0_status_complete>:
100040b0:	780b      	ldrb	r3, [r1, #0]
100040b2:	065b      	lsls	r3, r3, #25
100040b4:	d000      	beq.n	100040b8 <dcd_edpt0_status_complete+0x8>
100040b6:	4770      	bx	lr
100040b8:	784b      	ldrb	r3, [r1, #1]
100040ba:	2b05      	cmp	r3, #5
100040bc:	d1fb      	bne.n	100040b6 <dcd_edpt0_status_complete+0x6>
100040be:	884b      	ldrh	r3, [r1, #2]
100040c0:	4a01      	ldr	r2, [pc, #4]	@ (100040c8 <dcd_edpt0_status_complete+0x18>)
100040c2:	b2db      	uxtb	r3, r3
100040c4:	6013      	str	r3, [r2, #0]
100040c6:	e7f6      	b.n	100040b6 <dcd_edpt0_status_complete+0x6>
100040c8:	50110000 	.word	0x50110000

100040cc <dcd_edpt_open>:
100040cc:	78cb      	ldrb	r3, [r1, #3]
100040ce:	e92d 41f0 	stmdb	sp!, {r4, r5, r6, r7, r8, lr}
100040d2:	f003 0e03 	and.w	lr, r3, #3
100040d6:	f1be 0f01 	cmp.w	lr, #1
100040da:	f3c3 0001 	ubfx	r0, r3, #0, #2
100040de:	d057      	beq.n	10004190 <dcd_edpt_open+0xc4>
100040e0:	2600      	movs	r6, #0
100040e2:	788c      	ldrb	r4, [r1, #2]
100040e4:	f8df c0d4 	ldr.w	ip, [pc, #212]	@ 100041bc <dcd_edpt_open+0xf0>
100040e8:	f004 027f 	and.w	r2, r4, #127	@ 0x7f
100040ec:	0053      	lsls	r3, r2, #1
100040ee:	8889      	ldrh	r1, [r1, #4]
100040f0:	4698      	mov	r8, r3
100040f2:	eb03 13d4 	add.w	r3, r3, r4, lsr #7
100040f6:	eb0c 1343 	add.w	r3, ip, r3, lsl #5
100040fa:	09e5      	lsrs	r5, r4, #7
100040fc:	76d8      	strb	r0, [r3, #27]
100040fe:	f3c1 010a 	ubfx	r1, r1, #0, #11
10004102:	f085 0001 	eor.w	r0, r5, #1
10004106:	709c      	strb	r4, [r3, #2]
10004108:	8319      	strh	r1, [r3, #24]
1000410a:	7058      	strb	r0, [r3, #1]
1000410c:	70de      	strb	r6, [r3, #3]
1000410e:	00d3      	lsls	r3, r2, #3
10004110:	bb6d      	cbnz	r5, 1000416e <dcd_edpt_open+0xa2>
10004112:	4825      	ldr	r0, [pc, #148]	@ (100041a8 <dcd_edpt_open+0xdc>)
10004114:	3304      	adds	r3, #4
10004116:	eb0c 1482 	add.w	r4, ip, r2, lsl #6
1000411a:	181f      	adds	r7, r3, r0
1000411c:	60a7      	str	r7, [r4, #8]
1000411e:	501e      	str	r6, [r3, r0]
10004120:	b36a      	cbz	r2, 1000417e <dcd_edpt_open+0xb2>
10004122:	4b22      	ldr	r3, [pc, #136]	@ (100041ac <dcd_edpt_open+0xe0>)
10004124:	eb03 03c2 	add.w	r3, r3, r2, lsl #3
10004128:	6063      	str	r3, [r4, #4]
1000412a:	313f      	adds	r1, #63	@ 0x3f
1000412c:	0989      	lsrs	r1, r1, #6
1000412e:	f1be 0f02 	cmp.w	lr, #2
10004132:	bf14      	ite	ne
10004134:	018b      	lslne	r3, r1, #6
10004136:	01cb      	lsleq	r3, r1, #7
10004138:	491d      	ldr	r1, [pc, #116]	@ (100041b0 <dcd_edpt_open+0xe4>)
1000413a:	eb08 0205 	add.w	r2, r8, r5
1000413e:	eb0c 1c42 	add.w	ip, ip, r2, lsl #5
10004142:	680a      	ldr	r2, [r1, #0]
10004144:	481b      	ldr	r0, [pc, #108]	@ (100041b4 <dcd_edpt_open+0xe8>)
10004146:	4413      	add	r3, r2
10004148:	4283      	cmp	r3, r0
1000414a:	600b      	str	r3, [r1, #0]
1000414c:	f8cc 200c 	str.w	r2, [ip, #12]
10004150:	d828      	bhi.n	100041a4 <dcd_edpt_open+0xd8>
10004152:	f082 43a0 	eor.w	r3, r2, #1342177280	@ 0x50000000
10004156:	f483 1380 	eor.w	r3, r3, #1048576	@ 0x100000
1000415a:	f8dc 2004 	ldr.w	r2, [ip, #4]
1000415e:	ea43 638e 	orr.w	r3, r3, lr, lsl #26
10004162:	f043 4300 	orr.w	r3, r3, #2147483648	@ 0x80000000
10004166:	6013      	str	r3, [r2, #0]
10004168:	2001      	movs	r0, #1
1000416a:	e8bd 81f0 	ldmia.w	sp!, {r4, r5, r6, r7, r8, pc}
1000416e:	480e      	ldr	r0, [pc, #56]	@ (100041a8 <dcd_edpt_open+0xdc>)
10004170:	eb0c 1482 	add.w	r4, ip, r2, lsl #6
10004174:	4403      	add	r3, r0
10004176:	62a3      	str	r3, [r4, #40]	@ 0x28
10004178:	f840 6032 	str.w	r6, [r0, r2, lsl #3]
1000417c:	b95a      	cbnz	r2, 10004196 <dcd_edpt_open+0xca>
1000417e:	4613      	mov	r3, r2
10004180:	4a0d      	ldr	r2, [pc, #52]	@ (100041b8 <dcd_edpt_open+0xec>)
10004182:	eb0c 1c45 	add.w	ip, ip, r5, lsl #5
10004186:	f8cc 200c 	str.w	r2, [ip, #12]
1000418a:	f8cc 3004 	str.w	r3, [ip, #4]
1000418e:	e7eb      	b.n	10004168 <dcd_edpt_open+0x9c>
10004190:	2000      	movs	r0, #0
10004192:	e8bd 81f0 	ldmia.w	sp!, {r4, r5, r6, r7, r8, pc}
10004196:	00d2      	lsls	r2, r2, #3
10004198:	f102 42a0 	add.w	r2, r2, #1342177280	@ 0x50000000
1000419c:	f502 1280 	add.w	r2, r2, #1048576	@ 0x100000
100041a0:	6262      	str	r2, [r4, #36]	@ 0x24
100041a2:	e7c2      	b.n	1000412a <dcd_edpt_open+0x5e>
100041a4:	f7fd fb80 	bl	100018a8 <hard_assertion_failure>
100041a8:	50100080 	.word	0x50100080
100041ac:	50100004 	.word	0x50100004
100041b0:	20001c70 	.word	0x20001c70
100041b4:	50100fff 	.word	0x50100fff
100041b8:	50100100 	.word	0x50100100
100041bc:	20001868 	.word	0x20001868

100041c0 <dcd_edpt_close_all>:
100041c0:	f001 bd4a 	b.w	10005c58 <__reset_non_control_endpoints_veneer>

100041c4 <dcd_edpt_xfer>:
100041c4:	b508      	push	{r3, lr}
100041c6:	4696      	mov	lr, r2
100041c8:	f8df c01c 	ldr.w	ip, [pc, #28]	@ 100041e8 <dcd_edpt_xfer+0x24>
100041cc:	f001 027f 	and.w	r2, r1, #127	@ 0x7f
100041d0:	09c8      	lsrs	r0, r1, #7
100041d2:	eb00 0042 	add.w	r0, r0, r2, lsl #1
100041d6:	eb0c 1040 	add.w	r0, ip, r0, lsl #5
100041da:	461a      	mov	r2, r3
100041dc:	4671      	mov	r1, lr
100041de:	f000 f84f 	bl	10004280 <hw_endpoint_xfer_start>
100041e2:	2001      	movs	r0, #1
100041e4:	bd08      	pop	{r3, pc}
100041e6:	bf00      	nop
100041e8:	20001868 	.word	0x20001868

100041ec <dcd_edpt_stall>:
100041ec:	f011 027f 	ands.w	r2, r1, #127	@ 0x7f
100041f0:	d105      	bne.n	100041fe <dcd_edpt_stall+0x12>
100041f2:	2900      	cmp	r1, #0
100041f4:	bf0c      	ite	eq
100041f6:	2002      	moveq	r0, #2
100041f8:	2001      	movne	r0, #1
100041fa:	4b06      	ldr	r3, [pc, #24]	@ (10004214 <dcd_edpt_stall+0x28>)
100041fc:	6698      	str	r0, [r3, #104]	@ 0x68
100041fe:	09c9      	lsrs	r1, r1, #7
10004200:	4b05      	ldr	r3, [pc, #20]	@ (10004218 <dcd_edpt_stall+0x2c>)
10004202:	eb01 0042 	add.w	r0, r1, r2, lsl #1
10004206:	eb03 1040 	add.w	r0, r3, r0, lsl #5
1000420a:	f44f 6200 	mov.w	r2, #2048	@ 0x800
1000420e:	2100      	movs	r1, #0
10004210:	f001 bd26 	b.w	10005c60 <___hw_endpoint_buffer_control_update32_veneer>
10004214:	50112000 	.word	0x50112000
10004218:	20001868 	.word	0x20001868

1000421c <dcd_edpt_clear_stall>:
1000421c:	f011 037f 	ands.w	r3, r1, #127	@ 0x7f
10004220:	d100      	bne.n	10004224 <dcd_edpt_clear_stall+0x8>
10004222:	4770      	bx	lr
10004224:	2200      	movs	r2, #0
10004226:	4805      	ldr	r0, [pc, #20]	@ (1000423c <dcd_edpt_clear_stall+0x20>)
10004228:	005b      	lsls	r3, r3, #1
1000422a:	eb03 13d1 	add.w	r3, r3, r1, lsr #7
1000422e:	eb00 1043 	add.w	r0, r0, r3, lsl #5
10004232:	f46f 6100 	mvn.w	r1, #2048	@ 0x800
10004236:	70c2      	strb	r2, [r0, #3]
10004238:	f001 bd12 	b.w	10005c60 <___hw_endpoint_buffer_control_update32_veneer>
1000423c:	20001868 	.word	0x20001868

10004240 <rp2040_usb_init>:
10004240:	f04f 5280 	mov.w	r2, #268435456	@ 0x10000000
10004244:	4809      	ldr	r0, [pc, #36]	@ (1000426c <rp2040_usb_init+0x2c>)
10004246:	490a      	ldr	r1, [pc, #40]	@ (10004270 <rp2040_usb_init+0x30>)
10004248:	b508      	push	{r3, lr}
1000424a:	4b0a      	ldr	r3, [pc, #40]	@ (10004274 <rp2040_usb_init+0x34>)
1000424c:	6002      	str	r2, [r0, #0]
1000424e:	600a      	str	r2, [r1, #0]
10004250:	6899      	ldr	r1, [r3, #8]
10004252:	43c9      	mvns	r1, r1
10004254:	f011 5180 	ands.w	r1, r1, #268435456	@ 0x10000000
10004258:	d1fa      	bne.n	10004250 <rp2040_usb_init+0x10>
1000425a:	f44f 5280 	mov.w	r2, #4096	@ 0x1000
1000425e:	4806      	ldr	r0, [pc, #24]	@ (10004278 <rp2040_usb_init+0x38>)
10004260:	f001 fd16 	bl	10005c90 <__memset_veneer>
10004264:	2209      	movs	r2, #9
10004266:	4b05      	ldr	r3, [pc, #20]	@ (1000427c <rp2040_usb_init+0x3c>)
10004268:	675a      	str	r2, [r3, #116]	@ 0x74
1000426a:	bd08      	pop	{r3, pc}
1000426c:	40022000 	.word	0x40022000
10004270:	40023000 	.word	0x40023000
10004274:	40020000 	.word	0x40020000
10004278:	50100000 	.word	0x50100000
1000427c:	50110000 	.word	0x50110000

10004280 <hw_endpoint_xfer_start>:
10004280:	2300      	movs	r3, #0
10004282:	f04f 0c01 	mov.w	ip, #1
10004286:	b510      	push	{r4, lr}
10004288:	6101      	str	r1, [r0, #16]
1000428a:	f880 c01a 	strb.w	ip, [r0, #26]
1000428e:	8282      	strh	r2, [r0, #20]
10004290:	82c3      	strh	r3, [r0, #22]
10004292:	4604      	mov	r4, r0
10004294:	f001 fd04 	bl	10005ca0 <__e15_is_bulkin_ep_veneer>
10004298:	b120      	cbz	r0, 100042a4 <hw_endpoint_xfer_start+0x24>
1000429a:	f44f 3200 	mov.w	r2, #131072	@ 0x20000
1000429e:	4b07      	ldr	r3, [pc, #28]	@ (100042bc <hw_endpoint_xfer_start+0x3c>)
100042a0:	f8c3 2090 	str.w	r2, [r3, #144]	@ 0x90
100042a4:	4620      	mov	r0, r4
100042a6:	f001 fcdf 	bl	10005c68 <__e15_is_critical_frame_period_veneer>
100042aa:	b110      	cbz	r0, 100042b2 <hw_endpoint_xfer_start+0x32>
100042ac:	2301      	movs	r3, #1
100042ae:	7723      	strb	r3, [r4, #28]
100042b0:	bd10      	pop	{r4, pc}
100042b2:	4620      	mov	r0, r4
100042b4:	e8bd 4010 	ldmia.w	sp!, {r4, lr}
100042b8:	f001 bcee 	b.w	10005c98 <__hw_endpoint_start_next_buffer_veneer>
100042bc:	50112000 	.word	0x50112000

100042c0 <configuration_reset>:
100042c0:	e92d 41f0 	stmdb	sp!, {r4, r5, r6, r7, r8, lr}
100042c4:	f04f 0800 	mov.w	r8, #0
100042c8:	4c1b      	ldr	r4, [pc, #108]	@ (10004338 <configuration_reset+0x78>)
100042ca:	4605      	mov	r5, r0
100042cc:	4642      	mov	r2, r8
100042ce:	7823      	ldrb	r3, [r4, #0]
100042d0:	4f1a      	ldr	r7, [pc, #104]	@ (1000433c <configuration_reset+0x7c>)
100042d2:	4e1b      	ldr	r6, [pc, #108]	@ (10004340 <configuration_reset+0x80>)
100042d4:	e00d      	b.n	100042f2 <configuration_reset+0x32>
100042d6:	6833      	ldr	r3, [r6, #0]
100042d8:	eb13 1342 	adds.w	r3, r3, r2, lsl #5
100042dc:	d023      	beq.n	10004326 <configuration_reset+0x66>
100042de:	68db      	ldr	r3, [r3, #12]
100042e0:	4628      	mov	r0, r5
100042e2:	4798      	blx	r3
100042e4:	f108 0801 	add.w	r8, r8, #1
100042e8:	7823      	ldrb	r3, [r4, #0]
100042ea:	fa5f f288 	uxtb.w	r2, r8
100042ee:	4293      	cmp	r3, r2
100042f0:	d306      	bcc.n	10004300 <configuration_reset+0x40>
100042f2:	4293      	cmp	r3, r2
100042f4:	eba2 0303 	sub.w	r3, r2, r3
100042f8:	d8ed      	bhi.n	100042d6 <configuration_reset+0x16>
100042fa:	eb07 1343 	add.w	r3, r7, r3, lsl #5
100042fe:	e7ee      	b.n	100042de <configuration_reset+0x1e>
10004300:	2254      	movs	r2, #84	@ 0x54
10004302:	2100      	movs	r1, #0
10004304:	480f      	ldr	r0, [pc, #60]	@ (10004344 <configuration_reset+0x84>)
10004306:	f001 fcc3 	bl	10005c90 <__memset_veneer>
1000430a:	f04f 33ff 	mov.w	r3, #4294967295	@ 0xffffffff
1000430e:	4c0d      	ldr	r4, [pc, #52]	@ (10004344 <configuration_reset+0x84>)
10004310:	2220      	movs	r2, #32
10004312:	e9c4 3301 	strd	r3, r3, [r4, #4]
10004316:	e9c4 3303 	strd	r3, r3, [r4, #12]
1000431a:	21ff      	movs	r1, #255	@ 0xff
1000431c:	e8bd 41f0 	ldmia.w	sp!, {r4, r5, r6, r7, r8, lr}
10004320:	4809      	ldr	r0, [pc, #36]	@ (10004348 <configuration_reset+0x88>)
10004322:	f001 bcb5 	b.w	10005c90 <__memset_veneer>
10004326:	f04f 23e0 	mov.w	r3, #3758153728	@ 0xe000e000
1000432a:	f8d3 3df0 	ldr.w	r3, [r3, #3568]	@ 0xdf0
1000432e:	07db      	lsls	r3, r3, #31
10004330:	d500      	bpl.n	10004334 <configuration_reset+0x74>
10004332:	be00      	bkpt	0x0000
10004334:	e8bd 81f0 	ldmia.w	sp!, {r4, r5, r6, r7, r8, pc}
10004338:	200091f1 	.word	0x200091f1
1000433c:	100061ec 	.word	0x100061ec
10004340:	200015d8 	.word	0x200015d8
10004344:	200016e0 	.word	0x200016e0
10004348:	200016f4 	.word	0x200016f4

1000434c <tud_event_hook_cb>:
1000434c:	4770      	bx	lr
1000434e:	bf00      	nop

10004350 <tud_sof_cb>:
10004350:	4770      	bx	lr
10004352:	bf00      	nop

10004354 <tud_descriptor_device_qualifier_cb>:
10004354:	2000      	movs	r0, #0
10004356:	4770      	bx	lr

10004358 <tud_descriptor_other_speed_configuration_cb>:
10004358:	2000      	movs	r0, #0
1000435a:	4770      	bx	lr

1000435c <tud_mount_cb>:
1000435c:	4770      	bx	lr
1000435e:	bf00      	nop

10004360 <tud_umount_cb>:
10004360:	4770      	bx	lr
10004362:	bf00      	nop

10004364 <tud_suspend_cb>:
10004364:	4770      	bx	lr
10004366:	bf00      	nop

10004368 <tud_resume_cb>:
10004368:	4770      	bx	lr
1000436a:	bf00      	nop

1000436c <tud_mounted>:
1000436c:	4b02      	ldr	r3, [pc, #8]	@ (10004378 <tud_mounted+0xc>)
1000436e:	7858      	ldrb	r0, [r3, #1]
10004370:	3800      	subs	r0, #0
10004372:	bf18      	it	ne
10004374:	2001      	movne	r0, #1
10004376:	4770      	bx	lr
10004378:	200016e0 	.word	0x200016e0

1000437c <tud_suspended>:
1000437c:	4b02      	ldr	r3, [pc, #8]	@ (10004388 <tud_suspended+0xc>)
1000437e:	7818      	ldrb	r0, [r3, #0]
10004380:	f3c0 0080 	ubfx	r0, r0, #2, #1
10004384:	4770      	bx	lr
10004386:	bf00      	nop
10004388:	200016e0 	.word	0x200016e0

1000438c <tud_rhport_init>:
1000438c:	e92d 47f0 	stmdb	sp!, {r4, r5, r6, r7, r8, r9, sl, lr}
10004390:	4f2d      	ldr	r7, [pc, #180]	@ (10004448 <tud_rhport_init+0xbc>)
10004392:	783b      	ldrb	r3, [r7, #0]
10004394:	2bff      	cmp	r3, #255	@ 0xff
10004396:	d154      	bne.n	10004442 <tud_rhport_init+0xb6>
10004398:	2900      	cmp	r1, #0
1000439a:	d03d      	beq.n	10004418 <tud_rhport_init+0x8c>
1000439c:	2254      	movs	r2, #84	@ 0x54
1000439e:	468a      	mov	sl, r1
100043a0:	4681      	mov	r9, r0
100043a2:	2100      	movs	r1, #0
100043a4:	4829      	ldr	r0, [pc, #164]	@ (1000444c <tud_rhport_init+0xc0>)
100043a6:	f001 fc73 	bl	10005c90 <__memset_veneer>
100043aa:	2200      	movs	r2, #0
100043ac:	4c28      	ldr	r4, [pc, #160]	@ (10004450 <tud_rhport_init+0xc4>)
100043ae:	4b29      	ldr	r3, [pc, #164]	@ (10004454 <tud_rhport_init+0xc8>)
100043b0:	4620      	mov	r0, r4
100043b2:	701a      	strb	r2, [r3, #0]
100043b4:	f7fc fc48 	bl	10000c48 <mutex_init>
100043b8:	4b27      	ldr	r3, [pc, #156]	@ (10004458 <tud_rhport_init+0xcc>)
100043ba:	4828      	ldr	r0, [pc, #160]	@ (1000445c <tud_rhport_init+0xd0>)
100043bc:	601c      	str	r4, [r3, #0]
100043be:	4c28      	ldr	r4, [pc, #160]	@ (10004460 <tud_rhport_init+0xd4>)
100043c0:	f7fc fc50 	bl	10000c64 <critical_section_init>
100043c4:	4620      	mov	r0, r4
100043c6:	f001 fbdd 	bl	10005b84 <tu_fifo_clear>
100043ca:	4a26      	ldr	r2, [pc, #152]	@ (10004464 <tud_rhport_init+0xd8>)
100043cc:	4b26      	ldr	r3, [pc, #152]	@ (10004468 <tud_rhport_init+0xdc>)
100043ce:	6014      	str	r4, [r2, #0]
100043d0:	b123      	cbz	r3, 100043dc <tud_rhport_init+0x50>
100043d2:	4826      	ldr	r0, [pc, #152]	@ (1000446c <tud_rhport_init+0xe0>)
100043d4:	f7ff fdf0 	bl	10003fb8 <usbd_app_driver_get_cb>
100043d8:	4b25      	ldr	r3, [pc, #148]	@ (10004470 <tud_rhport_init+0xe4>)
100043da:	6018      	str	r0, [r3, #0]
100043dc:	f04f 0800 	mov.w	r8, #0
100043e0:	4c22      	ldr	r4, [pc, #136]	@ (1000446c <tud_rhport_init+0xe0>)
100043e2:	4643      	mov	r3, r8
100043e4:	7822      	ldrb	r2, [r4, #0]
100043e6:	4e23      	ldr	r6, [pc, #140]	@ (10004474 <tud_rhport_init+0xe8>)
100043e8:	4d21      	ldr	r5, [pc, #132]	@ (10004470 <tud_rhport_init+0xe4>)
100043ea:	e00d      	b.n	10004408 <tud_rhport_init+0x7c>
100043ec:	682a      	ldr	r2, [r5, #0]
100043ee:	eb12 1343 	adds.w	r3, r2, r3, lsl #5
100043f2:	d011      	beq.n	10004418 <tud_rhport_init+0x8c>
100043f4:	685b      	ldr	r3, [r3, #4]
100043f6:	b17b      	cbz	r3, 10004418 <tud_rhport_init+0x8c>
100043f8:	4798      	blx	r3
100043fa:	f108 0801 	add.w	r8, r8, #1
100043fe:	7822      	ldrb	r2, [r4, #0]
10004400:	fa5f f388 	uxtb.w	r3, r8
10004404:	4293      	cmp	r3, r2
10004406:	d811      	bhi.n	1000442c <tud_rhport_init+0xa0>
10004408:	4293      	cmp	r3, r2
1000440a:	d3ef      	bcc.n	100043ec <tud_rhport_init+0x60>
1000440c:	1a9b      	subs	r3, r3, r2
1000440e:	eb06 1343 	add.w	r3, r6, r3, lsl #5
10004412:	685b      	ldr	r3, [r3, #4]
10004414:	2b00      	cmp	r3, #0
10004416:	d1ef      	bne.n	100043f8 <tud_rhport_init+0x6c>
10004418:	f04f 23e0 	mov.w	r3, #3758153728	@ 0xe000e000
1000441c:	f8d3 3df0 	ldr.w	r3, [r3, #3568]	@ 0xdf0
10004420:	07db      	lsls	r3, r3, #31
10004422:	d500      	bpl.n	10004426 <tud_rhport_init+0x9a>
10004424:	be00      	bkpt	0x0000
10004426:	2000      	movs	r0, #0
10004428:	e8bd 87f0 	ldmia.w	sp!, {r4, r5, r6, r7, r8, r9, sl, pc}
1000442c:	4651      	mov	r1, sl
1000442e:	4648      	mov	r0, r9
10004430:	f887 9000 	strb.w	r9, [r7]
10004434:	f7ff fdd4 	bl	10003fe0 <dcd_init>
10004438:	2800      	cmp	r0, #0
1000443a:	d0ed      	beq.n	10004418 <tud_rhport_init+0x8c>
1000443c:	4648      	mov	r0, r9
1000443e:	f7ff fe1d 	bl	1000407c <dcd_int_enable>
10004442:	2001      	movs	r0, #1
10004444:	e8bd 87f0 	ldmia.w	sp!, {r4, r5, r6, r7, r8, r9, sl, pc}
10004448:	2000137c 	.word	0x2000137c
1000444c:	200016e0 	.word	0x200016e0
10004450:	200016d8 	.word	0x200016d8
10004454:	200091f3 	.word	0x200091f3
10004458:	20001734 	.word	0x20001734
1000445c:	20001374 	.word	0x20001374
10004460:	20001360 	.word	0x20001360
10004464:	20001738 	.word	0x20001738
10004468:	10003fb9 	.word	0x10003fb9
1000446c:	200091f1 	.word	0x200091f1
10004470:	200015d8 	.word	0x200015d8
10004474:	100061ec 	.word	0x100061ec

10004478 <tud_task_ext>:
10004478:	4ba4      	ldr	r3, [pc, #656]	@ (1000470c <tud_task_ext+0x294>)
1000447a:	781b      	ldrb	r3, [r3, #0]
1000447c:	2bff      	cmp	r3, #255	@ 0xff
1000447e:	f000 8112 	beq.w	100046a6 <tud_task_ext+0x22e>
10004482:	e92d 4ff0 	stmdb	sp!, {r4, r5, r6, r7, r8, r9, sl, fp, lr}
10004486:	4ca2      	ldr	r4, [pc, #648]	@ (10004710 <tud_task_ext+0x298>)
10004488:	4da2      	ldr	r5, [pc, #648]	@ (10004714 <tud_task_ext+0x29c>)
1000448a:	f8df 829c 	ldr.w	r8, [pc, #668]	@ 10004728 <tud_task_ext+0x2b0>
1000448e:	4ea2      	ldr	r6, [pc, #648]	@ (10004718 <tud_task_ext+0x2a0>)
10004490:	b08b      	sub	sp, #44	@ 0x2c
10004492:	6827      	ldr	r7, [r4, #0]
10004494:	697b      	ldr	r3, [r7, #20]
10004496:	f3ef 8210 	mrs	r2, PRIMASK
1000449a:	b672      	cpsid	i
1000449c:	e8d3 0fcf 	ldaexb	r0, [r3]
100044a0:	2101      	movs	r1, #1
100044a2:	2800      	cmp	r0, #0
100044a4:	d1fa      	bne.n	1000449c <tud_task_ext+0x24>
100044a6:	e8c3 1f40 	strexb	r0, r1, [r3]
100044aa:	2800      	cmp	r0, #0
100044ac:	d1f6      	bne.n	1000449c <tud_task_ext+0x24>
100044ae:	f3bf 8f5f 	dmb	sy
100044b2:	61ba      	str	r2, [r7, #24]
100044b4:	4638      	mov	r0, r7
100044b6:	a907      	add	r1, sp, #28
100044b8:	f001 f9aa 	bl	10005810 <tu_fifo_read>
100044bc:	2300      	movs	r3, #0
100044be:	697a      	ldr	r2, [r7, #20]
100044c0:	e8c2 3f8f 	stlb	r3, [r2]
100044c4:	69bb      	ldr	r3, [r7, #24]
100044c6:	f383 8810 	msr	PRIMASK, r3
100044ca:	2800      	cmp	r0, #0
100044cc:	f000 80c6 	beq.w	1000465c <tud_task_ext+0x1e4>
100044d0:	f89d 301d 	ldrb.w	r3, [sp, #29]
100044d4:	3b01      	subs	r3, #1
100044d6:	2b07      	cmp	r3, #7
100044d8:	f200 8383 	bhi.w	10004be2 <tud_task_ext+0x76a>
100044dc:	e8df f003 	tbb	[pc, r3]
100044e0:	9991ada3 	.word	0x9991ada3
100044e4:	040a358a 	.word	0x040a358a
100044e8:	9b08      	ldr	r3, [sp, #32]
100044ea:	2b00      	cmp	r3, #0
100044ec:	d0d1      	beq.n	10004492 <tud_task_ext+0x1a>
100044ee:	9809      	ldr	r0, [sp, #36]	@ 0x24
100044f0:	4798      	blx	r3
100044f2:	e7ce      	b.n	10004492 <tud_task_ext+0x1a>
100044f4:	f89d 1020 	ldrb.w	r1, [sp, #32]
100044f8:	f001 077f 	and.w	r7, r1, #127	@ 0x7f
100044fc:	eb05 0047 	add.w	r0, r5, r7, lsl #1
10004500:	eb00 10d1 	add.w	r0, r0, r1, lsr #7
10004504:	f890 3034 	ldrb.w	r3, [r0, #52]	@ 0x34
10004508:	f023 0301 	bic.w	r3, r3, #1
1000450c:	f880 3034 	strb.w	r3, [r0, #52]	@ 0x34
10004510:	f890 3034 	ldrb.w	r3, [r0, #52]	@ 0x34
10004514:	f023 0304 	bic.w	r3, r3, #4
10004518:	f880 3034 	strb.w	r3, [r0, #52]	@ 0x34
1000451c:	2f00      	cmp	r7, #0
1000451e:	f000 80a0 	beq.w	10004662 <tud_task_ext+0x1ea>
10004522:	7d02      	ldrb	r2, [r0, #20]
10004524:	f898 3000 	ldrb.w	r3, [r8]
10004528:	429a      	cmp	r2, r3
1000452a:	f080 808f 	bcs.w	1000464c <tud_task_ext+0x1d4>
1000452e:	4b7b      	ldr	r3, [pc, #492]	@ (1000471c <tud_task_ext+0x2a4>)
10004530:	681b      	ldr	r3, [r3, #0]
10004532:	eb13 1342 	adds.w	r3, r3, r2, lsl #5
10004536:	f000 808a 	beq.w	1000464e <tud_task_ext+0x1d6>
1000453a:	699f      	ldr	r7, [r3, #24]
1000453c:	f89d 2021 	ldrb.w	r2, [sp, #33]	@ 0x21
10004540:	9b09      	ldr	r3, [sp, #36]	@ 0x24
10004542:	f89d 001c 	ldrb.w	r0, [sp, #28]
10004546:	47b8      	blx	r7
10004548:	e7a3      	b.n	10004492 <tud_task_ext+0x1a>
1000454a:	7833      	ldrb	r3, [r6, #0]
1000454c:	2b00      	cmp	r3, #0
1000454e:	d07e      	beq.n	1000464e <tud_task_ext+0x1d6>
10004550:	7833      	ldrb	r3, [r6, #0]
10004552:	3b01      	subs	r3, #1
10004554:	7033      	strb	r3, [r6, #0]
10004556:	7833      	ldrb	r3, [r6, #0]
10004558:	f003 00ff 	and.w	r0, r3, #255	@ 0xff
1000455c:	2b00      	cmp	r3, #0
1000455e:	d198      	bne.n	10004492 <tud_task_ext+0x1a>
10004560:	f8df a1b0 	ldr.w	sl, [pc, #432]	@ 10004714 <tud_task_ext+0x29c>
10004564:	f89d b01c 	ldrb.w	fp, [sp, #28]
10004568:	f89a 3000 	ldrb.w	r3, [sl]
1000456c:	f043 0301 	orr.w	r3, r3, #1
10004570:	f88a 3000 	strb.w	r3, [sl]
10004574:	f89a 3034 	ldrb.w	r3, [sl, #52]	@ 0x34
10004578:	f360 0300 	bfi	r3, r0, #0, #1
1000457c:	f88a 3034 	strb.w	r3, [sl, #52]	@ 0x34
10004580:	f89a 3034 	ldrb.w	r3, [sl, #52]	@ 0x34
10004584:	f360 0382 	bfi	r3, r0, #2, #1
10004588:	f88a 3034 	strb.w	r3, [sl, #52]	@ 0x34
1000458c:	f89a 3035 	ldrb.w	r3, [sl, #53]	@ 0x35
10004590:	f360 0300 	bfi	r3, r0, #0, #1
10004594:	f88a 3035 	strb.w	r3, [sl, #53]	@ 0x35
10004598:	f89a 3035 	ldrb.w	r3, [sl, #53]	@ 0x35
1000459c:	f360 0382 	bfi	r3, r0, #2, #1
100045a0:	f88a 3035 	strb.w	r3, [sl, #53]	@ 0x35
100045a4:	f000 fc88 	bl	10004eb8 <usbd_control_set_complete_callback>
100045a8:	f89d 3020 	ldrb.w	r3, [sp, #32]
100045ac:	f003 0260 	and.w	r2, r3, #96	@ 0x60
100045b0:	2a60      	cmp	r2, #96	@ 0x60
100045b2:	d066      	beq.n	10004682 <tud_task_ext+0x20a>
100045b4:	2a40      	cmp	r2, #64	@ 0x40
100045b6:	d077      	beq.n	100046a8 <tud_task_ext+0x230>
100045b8:	f003 031f 	and.w	r3, r3, #31
100045bc:	2b01      	cmp	r3, #1
100045be:	f000 80b5 	beq.w	1000472c <tud_task_ext+0x2b4>
100045c2:	2b02      	cmp	r3, #2
100045c4:	d07c      	beq.n	100046c0 <tud_task_ext+0x248>
100045c6:	2b00      	cmp	r3, #0
100045c8:	d15b      	bne.n	10004682 <tud_task_ext+0x20a>
100045ca:	2a20      	cmp	r2, #32
100045cc:	f000 81e7 	beq.w	1000499e <tud_task_ext+0x526>
100045d0:	2a00      	cmp	r2, #0
100045d2:	d156      	bne.n	10004682 <tud_task_ext+0x20a>
100045d4:	f89d 3021 	ldrb.w	r3, [sp, #33]	@ 0x21
100045d8:	2b09      	cmp	r3, #9
100045da:	d852      	bhi.n	10004682 <tud_task_ext+0x20a>
100045dc:	e8df f013 	tbh	[pc, r3, lsl #1]
100045e0:	019b01ab 	.word	0x019b01ab
100045e4:	01bd0051 	.word	0x01bd0051
100045e8:	018c0051 	.word	0x018c0051
100045ec:	00510162 	.word	0x00510162
100045f0:	00e70156 	.word	0x00e70156
100045f4:	782b      	ldrb	r3, [r5, #0]
100045f6:	07d9      	lsls	r1, r3, #31
100045f8:	f57f af4b 	bpl.w	10004492 <tud_task_ext+0x1a>
100045fc:	f7ff feb4 	bl	10004368 <tud_resume_cb>
10004600:	e747      	b.n	10004492 <tud_task_ext+0x1a>
10004602:	78eb      	ldrb	r3, [r5, #3]
10004604:	07da      	lsls	r2, r3, #31
10004606:	f57f af44 	bpl.w	10004492 <tud_task_ext+0x1a>
1000460a:	9808      	ldr	r0, [sp, #32]
1000460c:	f7ff fea0 	bl	10004350 <tud_sof_cb>
10004610:	e73f      	b.n	10004492 <tud_task_ext+0x1a>
10004612:	782b      	ldrb	r3, [r5, #0]
10004614:	07d8      	lsls	r0, r3, #31
10004616:	f57f af3c 	bpl.w	10004492 <tud_task_ext+0x1a>
1000461a:	7828      	ldrb	r0, [r5, #0]
1000461c:	f3c0 00c0 	ubfx	r0, r0, #3, #1
10004620:	f7ff fea0 	bl	10004364 <tud_suspend_cb>
10004624:	e735      	b.n	10004492 <tud_task_ext+0x1a>
10004626:	f89d 001c 	ldrb.w	r0, [sp, #28]
1000462a:	f7ff fe49 	bl	100042c0 <configuration_reset>
1000462e:	f000 fc39 	bl	10004ea4 <usbd_control_reset>
10004632:	f89d 3020 	ldrb.w	r3, [sp, #32]
10004636:	70ab      	strb	r3, [r5, #2]
10004638:	e72b      	b.n	10004492 <tud_task_ext+0x1a>
1000463a:	f89d 001c 	ldrb.w	r0, [sp, #28]
1000463e:	f7ff fe3f 	bl	100042c0 <configuration_reset>
10004642:	f000 fc2f 	bl	10004ea4 <usbd_control_reset>
10004646:	f7ff fe8b 	bl	10004360 <tud_umount_cb>
1000464a:	e722      	b.n	10004492 <tud_task_ext+0x1a>
1000464c:	d011      	beq.n	10004672 <tud_task_ext+0x1fa>
1000464e:	f04f 23e0 	mov.w	r3, #3758153728	@ 0xe000e000
10004652:	f8d3 3df0 	ldr.w	r3, [r3, #3568]	@ 0xdf0
10004656:	07dc      	lsls	r4, r3, #31
10004658:	d500      	bpl.n	1000465c <tud_task_ext+0x1e4>
1000465a:	be00      	bkpt	0x0000
1000465c:	b00b      	add	sp, #44	@ 0x2c
1000465e:	e8bd 8ff0 	ldmia.w	sp!, {r4, r5, r6, r7, r8, r9, sl, fp, pc}
10004662:	9b09      	ldr	r3, [sp, #36]	@ 0x24
10004664:	f89d 2021 	ldrb.w	r2, [sp, #33]	@ 0x21
10004668:	f89d 001c 	ldrb.w	r0, [sp, #28]
1000466c:	f000 fc38 	bl	10004ee0 <usbd_control_xfer_cb>
10004670:	e70f      	b.n	10004492 <tud_task_ext+0x1a>
10004672:	4b2b      	ldr	r3, [pc, #172]	@ (10004720 <tud_task_ext+0x2a8>)
10004674:	e761      	b.n	1000453a <tud_task_ext+0xc2>
10004676:	f7ff fb1f 	bl	10003cb8 <tud_descriptor_configuration_cb>
1000467a:	4602      	mov	r2, r0
1000467c:	2800      	cmp	r0, #0
1000467e:	f040 8185 	bne.w	1000498c <tud_task_ext+0x514>
10004682:	f04f 23e0 	mov.w	r3, #3758153728	@ 0xe000e000
10004686:	f8d3 3df0 	ldr.w	r3, [r3, #3568]	@ 0xdf0
1000468a:	07df      	lsls	r7, r3, #31
1000468c:	d500      	bpl.n	10004690 <tud_task_ext+0x218>
1000468e:	be00      	bkpt	0x0000
10004690:	f89d 001c 	ldrb.w	r0, [sp, #28]
10004694:	2100      	movs	r1, #0
10004696:	f7ff fda9 	bl	100041ec <dcd_edpt_stall>
1000469a:	2180      	movs	r1, #128	@ 0x80
1000469c:	f89d 001c 	ldrb.w	r0, [sp, #28]
100046a0:	f7ff fda4 	bl	100041ec <dcd_edpt_stall>
100046a4:	e6f5      	b.n	10004492 <tud_task_ext+0x1a>
100046a6:	4770      	bx	lr
100046a8:	481e      	ldr	r0, [pc, #120]	@ (10004724 <tud_task_ext+0x2ac>)
100046aa:	f000 fc05 	bl	10004eb8 <usbd_control_set_complete_callback>
100046ae:	2101      	movs	r1, #1
100046b0:	4658      	mov	r0, fp
100046b2:	aa08      	add	r2, sp, #32
100046b4:	f7ff fc6c 	bl	10003f90 <tud_vendor_control_xfer_cb>
100046b8:	2800      	cmp	r0, #0
100046ba:	f47f aeea 	bne.w	10004492 <tud_task_ext+0x1a>
100046be:	e7e7      	b.n	10004690 <tud_task_ext+0x218>
100046c0:	f89d 1024 	ldrb.w	r1, [sp, #36]	@ 0x24
100046c4:	f011 0f70 	tst.w	r1, #112	@ 0x70
100046c8:	d1db      	bne.n	10004682 <tud_task_ext+0x20a>
100046ca:	4817      	ldr	r0, [pc, #92]	@ (10004728 <tud_task_ext+0x2b0>)
100046cc:	f001 037f 	and.w	r3, r1, #127	@ 0x7f
100046d0:	f890 c000 	ldrb.w	ip, [r0]
100046d4:	eb0a 0043 	add.w	r0, sl, r3, lsl #1
100046d8:	eb00 10d1 	add.w	r0, r0, r1, lsr #7
100046dc:	7d00      	ldrb	r0, [r0, #20]
100046de:	4560      	cmp	r0, ip
100046e0:	d351      	bcc.n	10004786 <tud_task_ext+0x30e>
100046e2:	f040 816e 	bne.w	100049c2 <tud_task_ext+0x54a>
100046e6:	480e      	ldr	r0, [pc, #56]	@ (10004720 <tud_task_ext+0x2a8>)
100046e8:	9000      	str	r0, [sp, #0]
100046ea:	2a00      	cmp	r2, #0
100046ec:	f000 816d 	beq.w	100049ca <tud_task_ext+0x552>
100046f0:	9f00      	ldr	r7, [sp, #0]
100046f2:	6978      	ldr	r0, [r7, #20]
100046f4:	f000 fbe0 	bl	10004eb8 <usbd_control_set_complete_callback>
100046f8:	2101      	movs	r1, #1
100046fa:	4658      	mov	r0, fp
100046fc:	697b      	ldr	r3, [r7, #20]
100046fe:	aa08      	add	r2, sp, #32
10004700:	4798      	blx	r3
10004702:	2800      	cmp	r0, #0
10004704:	f47f aec5 	bne.w	10004492 <tud_task_ext+0x1a>
10004708:	e7c2      	b.n	10004690 <tud_task_ext+0x218>
1000470a:	bf00      	nop
1000470c:	2000137c 	.word	0x2000137c
10004710:	20001738 	.word	0x20001738
10004714:	200016e0 	.word	0x200016e0
10004718:	200091f3 	.word	0x200091f3
1000471c:	200015d8 	.word	0x200015d8
10004720:	100061ec 	.word	0x100061ec
10004724:	10003f91 	.word	0x10003f91
10004728:	200091f1 	.word	0x200091f1
1000472c:	f89d 3024 	ldrb.w	r3, [sp, #36]	@ 0x24
10004730:	2b0f      	cmp	r3, #15
10004732:	d8ad      	bhi.n	10004690 <tud_task_ext+0x218>
10004734:	4ab1      	ldr	r2, [pc, #708]	@ (100049fc <tud_task_ext+0x584>)
10004736:	4453      	add	r3, sl
10004738:	791b      	ldrb	r3, [r3, #4]
1000473a:	7812      	ldrb	r2, [r2, #0]
1000473c:	4293      	cmp	r3, r2
1000473e:	d330      	bcc.n	100047a2 <tud_task_ext+0x32a>
10004740:	d1a6      	bne.n	10004690 <tud_task_ext+0x218>
10004742:	4faf      	ldr	r7, [pc, #700]	@ (10004a00 <tud_task_ext+0x588>)
10004744:	6978      	ldr	r0, [r7, #20]
10004746:	f000 fbb7 	bl	10004eb8 <usbd_control_set_complete_callback>
1000474a:	2101      	movs	r1, #1
1000474c:	4658      	mov	r0, fp
1000474e:	697b      	ldr	r3, [r7, #20]
10004750:	aa08      	add	r2, sp, #32
10004752:	4798      	blx	r3
10004754:	2800      	cmp	r0, #0
10004756:	f47f ae9c 	bne.w	10004492 <tud_task_ext+0x1a>
1000475a:	f89d 3020 	ldrb.w	r3, [sp, #32]
1000475e:	f013 0760 	ands.w	r7, r3, #96	@ 0x60
10004762:	d195      	bne.n	10004690 <tud_task_ext+0x218>
10004764:	f89d 3021 	ldrb.w	r3, [sp, #33]	@ 0x21
10004768:	3b0a      	subs	r3, #10
1000476a:	2b01      	cmp	r3, #1
1000476c:	d890      	bhi.n	10004690 <tud_task_ext+0x218>
1000476e:	f000 fba3 	bl	10004eb8 <usbd_control_set_complete_callback>
10004772:	f89d 3021 	ldrb.w	r3, [sp, #33]	@ 0x21
10004776:	2b0a      	cmp	r3, #10
10004778:	f000 820d 	beq.w	10004b96 <tud_task_ext+0x71e>
1000477c:	4658      	mov	r0, fp
1000477e:	a908      	add	r1, sp, #32
10004780:	f000 fb1a 	bl	10004db8 <tud_control_status>
10004784:	e685      	b.n	10004492 <tud_task_ext+0x1a>
10004786:	f8df c27c 	ldr.w	ip, [pc, #636]	@ 10004a04 <tud_task_ext+0x58c>
1000478a:	f8dc c000 	ldr.w	ip, [ip]
1000478e:	eb0c 1040 	add.w	r0, ip, r0, lsl #5
10004792:	9000      	str	r0, [sp, #0]
10004794:	2a00      	cmp	r2, #0
10004796:	f000 8118 	beq.w	100049ca <tud_task_ext+0x552>
1000479a:	2800      	cmp	r0, #0
1000479c:	f43f af78 	beq.w	10004690 <tud_task_ext+0x218>
100047a0:	e7a6      	b.n	100046f0 <tud_task_ext+0x278>
100047a2:	4a98      	ldr	r2, [pc, #608]	@ (10004a04 <tud_task_ext+0x58c>)
100047a4:	6817      	ldr	r7, [r2, #0]
100047a6:	eb17 1743 	adds.w	r7, r7, r3, lsl #5
100047aa:	d1cb      	bne.n	10004744 <tud_task_ext+0x2cc>
100047ac:	e770      	b.n	10004690 <tud_task_ext+0x218>
100047ae:	f89a 2001 	ldrb.w	r2, [sl, #1]
100047b2:	f89d 3022 	ldrb.w	r3, [sp, #34]	@ 0x22
100047b6:	4293      	cmp	r3, r2
100047b8:	f000 815d 	beq.w	10004a76 <tud_task_ext+0x5fe>
100047bc:	f89a 2001 	ldrb.w	r2, [sl, #1]
100047c0:	2a00      	cmp	r2, #0
100047c2:	f040 81d2 	bne.w	10004b6a <tud_task_ext+0x6f2>
100047c6:	f88a 3001 	strb.w	r3, [sl, #1]
100047ca:	2b00      	cmp	r3, #0
100047cc:	f000 8151 	beq.w	10004a72 <tud_task_ext+0x5fa>
100047d0:	3b01      	subs	r3, #1
100047d2:	b2d8      	uxtb	r0, r3
100047d4:	f7ff fa70 	bl	10003cb8 <tud_descriptor_configuration_cb>
100047d8:	2800      	cmp	r0, #0
100047da:	f000 816e 	beq.w	10004aba <tud_task_ext+0x642>
100047de:	7843      	ldrb	r3, [r0, #1]
100047e0:	2b02      	cmp	r3, #2
100047e2:	f040 816a 	bne.w	10004aba <tud_task_ext+0x642>
100047e6:	79c2      	ldrb	r2, [r0, #7]
100047e8:	f89a 1000 	ldrb.w	r1, [sl]
100047ec:	f3c2 1340 	ubfx	r3, r2, #5, #1
100047f0:	011b      	lsls	r3, r3, #4
100047f2:	f3c2 1280 	ubfx	r2, r2, #6, #1
100047f6:	f021 0130 	bic.w	r1, r1, #48	@ 0x30
100047fa:	ea43 1342 	orr.w	r3, r3, r2, lsl #5
100047fe:	430b      	orrs	r3, r1
10004800:	f88a 3000 	strb.w	r3, [sl]
10004804:	8843      	ldrh	r3, [r0, #2]
10004806:	f100 0109 	add.w	r1, r0, #9
1000480a:	18c3      	adds	r3, r0, r3
1000480c:	9302      	str	r3, [sp, #8]
1000480e:	9b02      	ldr	r3, [sp, #8]
10004810:	428b      	cmp	r3, r1
10004812:	f240 81bd 	bls.w	10004b90 <tud_task_ext+0x718>
10004816:	784b      	ldrb	r3, [r1, #1]
10004818:	2b0b      	cmp	r3, #11
1000481a:	f000 81c6 	beq.w	10004baa <tud_task_ext+0x732>
1000481e:	2001      	movs	r0, #1
10004820:	2b04      	cmp	r3, #4
10004822:	f040 814a 	bne.w	10004aba <tud_task_ext+0x642>
10004826:	2200      	movs	r2, #0
10004828:	9b02      	ldr	r3, [sp, #8]
1000482a:	9201      	str	r2, [sp, #4]
1000482c:	1a5b      	subs	r3, r3, r1
1000482e:	fa1f f983 	uxth.w	r9, r3
10004832:	4b72      	ldr	r3, [pc, #456]	@ (100049fc <tud_task_ext+0x584>)
10004834:	9200      	str	r2, [sp, #0]
10004836:	781b      	ldrb	r3, [r3, #0]
10004838:	9003      	str	r0, [sp, #12]
1000483a:	e01e      	b.n	1000487a <tud_task_ext+0x402>
1000483c:	4b71      	ldr	r3, [pc, #452]	@ (10004a04 <tud_task_ext+0x58c>)
1000483e:	681b      	ldr	r3, [r3, #0]
10004840:	eb13 1342 	adds.w	r3, r3, r2, lsl #5
10004844:	f000 8139 	beq.w	10004aba <tud_task_ext+0x642>
10004848:	691f      	ldr	r7, [r3, #16]
1000484a:	464a      	mov	r2, r9
1000484c:	4658      	mov	r0, fp
1000484e:	9105      	str	r1, [sp, #20]
10004850:	9304      	str	r3, [sp, #16]
10004852:	47b8      	blx	r7
10004854:	9b01      	ldr	r3, [sp, #4]
10004856:	2808      	cmp	r0, #8
10004858:	f103 0301 	add.w	r3, r3, #1
1000485c:	9905      	ldr	r1, [sp, #20]
1000485e:	9301      	str	r3, [sp, #4]
10004860:	d903      	bls.n	1000486a <tud_task_ext+0x3f2>
10004862:	4581      	cmp	r9, r0
10004864:	9b04      	ldr	r3, [sp, #16]
10004866:	f080 810b 	bcs.w	10004a80 <tud_task_ext+0x608>
1000486a:	4b64      	ldr	r3, [pc, #400]	@ (100049fc <tud_task_ext+0x584>)
1000486c:	f89d 2004 	ldrb.w	r2, [sp, #4]
10004870:	781b      	ldrb	r3, [r3, #0]
10004872:	9200      	str	r2, [sp, #0]
10004874:	4293      	cmp	r3, r2
10004876:	f0c0 8120 	bcc.w	10004aba <tud_task_ext+0x642>
1000487a:	9a00      	ldr	r2, [sp, #0]
1000487c:	4293      	cmp	r3, r2
1000487e:	eba2 0303 	sub.w	r3, r2, r3
10004882:	d8db      	bhi.n	1000483c <tud_task_ext+0x3c4>
10004884:	4a5e      	ldr	r2, [pc, #376]	@ (10004a00 <tud_task_ext+0x588>)
10004886:	eb02 1343 	add.w	r3, r2, r3, lsl #5
1000488a:	e7dd      	b.n	10004848 <tud_task_ext+0x3d0>
1000488c:	f89a 3001 	ldrb.w	r3, [sl, #1]
10004890:	4658      	mov	r0, fp
10004892:	f88d 301a 	strb.w	r3, [sp, #26]
10004896:	f10d 021a 	add.w	r2, sp, #26
1000489a:	2301      	movs	r3, #1
1000489c:	a908      	add	r1, sp, #32
1000489e:	f000 faa7 	bl	10004df0 <tud_control_xfer>
100048a2:	e5f6      	b.n	10004492 <tud_task_ext+0x1a>
100048a4:	f8bd 0022 	ldrh.w	r0, [sp, #34]	@ 0x22
100048a8:	0a03      	lsrs	r3, r0, #8
100048aa:	1e5a      	subs	r2, r3, #1
100048ac:	b2c0      	uxtb	r0, r0
100048ae:	2a0e      	cmp	r2, #14
100048b0:	f63f aeee 	bhi.w	10004690 <tud_task_ext+0x218>
100048b4:	a101      	add	r1, pc, #4	@ (adr r1, 100048bc <tud_task_ext+0x444>)
100048b6:	f851 f022 	ldr.w	pc, [r1, r2, lsl #2]
100048ba:	bf00      	nop
100048bc:	10004aed 	.word	0x10004aed
100048c0:	1000497b 	.word	0x1000497b
100048c4:	10004b29 	.word	0x10004b29
100048c8:	10004691 	.word	0x10004691
100048cc:	10004691 	.word	0x10004691
100048d0:	10004b0b 	.word	0x10004b0b
100048d4:	1000497b 	.word	0x1000497b
100048d8:	10004691 	.word	0x10004691
100048dc:	10004691 	.word	0x10004691
100048e0:	10004691 	.word	0x10004691
100048e4:	10004691 	.word	0x10004691
100048e8:	10004691 	.word	0x10004691
100048ec:	10004691 	.word	0x10004691
100048f0:	10004691 	.word	0x10004691
100048f4:	10004adf 	.word	0x10004adf
100048f8:	a808      	add	r0, sp, #32
100048fa:	f000 fae3 	bl	10004ec4 <usbd_control_set_request>
100048fe:	4658      	mov	r0, fp
10004900:	f89d 1022 	ldrb.w	r1, [sp, #34]	@ 0x22
10004904:	f7ff fbbe 	bl	10004084 <dcd_set_address>
10004908:	f89a 3000 	ldrb.w	r3, [sl]
1000490c:	f043 0302 	orr.w	r3, r3, #2
10004910:	f88a 3000 	strb.w	r3, [sl]
10004914:	e5bd      	b.n	10004492 <tud_task_ext+0x1a>
10004916:	f8bd 3022 	ldrh.w	r3, [sp, #34]	@ 0x22
1000491a:	2b01      	cmp	r3, #1
1000491c:	f47f aeb8 	bne.w	10004690 <tud_task_ext+0x218>
10004920:	f89a 3000 	ldrb.w	r3, [sl]
10004924:	4658      	mov	r0, fp
10004926:	f023 0308 	bic.w	r3, r3, #8
1000492a:	a908      	add	r1, sp, #32
1000492c:	f88a 3000 	strb.w	r3, [sl]
10004930:	f000 fa42 	bl	10004db8 <tud_control_status>
10004934:	e5ad      	b.n	10004492 <tud_task_ext+0x1a>
10004936:	4658      	mov	r0, fp
10004938:	f89a 3000 	ldrb.w	r3, [sl]
1000493c:	089a      	lsrs	r2, r3, #2
1000493e:	f002 0202 	and.w	r2, r2, #2
10004942:	f3c3 1340 	ubfx	r3, r3, #5, #1
10004946:	4313      	orrs	r3, r2
10004948:	f8ad 301a 	strh.w	r3, [sp, #26]
1000494c:	f10d 021a 	add.w	r2, sp, #26
10004950:	2302      	movs	r3, #2
10004952:	a908      	add	r1, sp, #32
10004954:	f000 fa4c 	bl	10004df0 <tud_control_xfer>
10004958:	e59b      	b.n	10004492 <tud_task_ext+0x1a>
1000495a:	f8bd 3022 	ldrh.w	r3, [sp, #34]	@ 0x22
1000495e:	2b01      	cmp	r3, #1
10004960:	f47f ae96 	bne.w	10004690 <tud_task_ext+0x218>
10004964:	f89a 3000 	ldrb.w	r3, [sl]
10004968:	4658      	mov	r0, fp
1000496a:	f043 0308 	orr.w	r3, r3, #8
1000496e:	a908      	add	r1, sp, #32
10004970:	f88a 3000 	strb.w	r3, [sl]
10004974:	f000 fa20 	bl	10004db8 <tud_control_status>
10004978:	e58b      	b.n	10004492 <tud_task_ext+0x1a>
1000497a:	2b02      	cmp	r3, #2
1000497c:	f43f ae7b 	beq.w	10004676 <tud_task_ext+0x1fe>
10004980:	f7ff fcea 	bl	10004358 <tud_descriptor_other_speed_configuration_cb>
10004984:	4602      	mov	r2, r0
10004986:	2800      	cmp	r0, #0
10004988:	f43f ae82 	beq.w	10004690 <tud_task_ext+0x218>
1000498c:	4658      	mov	r0, fp
1000498e:	8853      	ldrh	r3, [r2, #2]
10004990:	a908      	add	r1, sp, #32
10004992:	f000 fa2d 	bl	10004df0 <tud_control_xfer>
10004996:	2800      	cmp	r0, #0
10004998:	f47f ad7b 	bne.w	10004492 <tud_task_ext+0x1a>
1000499c:	e678      	b.n	10004690 <tud_task_ext+0x218>
1000499e:	f89d 3024 	ldrb.w	r3, [sp, #36]	@ 0x24
100049a2:	2b0f      	cmp	r3, #15
100049a4:	f63f ae74 	bhi.w	10004690 <tud_task_ext+0x218>
100049a8:	4a14      	ldr	r2, [pc, #80]	@ (100049fc <tud_task_ext+0x584>)
100049aa:	4453      	add	r3, sl
100049ac:	791b      	ldrb	r3, [r3, #4]
100049ae:	7812      	ldrb	r2, [r2, #0]
100049b0:	4293      	cmp	r3, r2
100049b2:	d21e      	bcs.n	100049f2 <tud_task_ext+0x57a>
100049b4:	4a13      	ldr	r2, [pc, #76]	@ (10004a04 <tud_task_ext+0x58c>)
100049b6:	6817      	ldr	r7, [r2, #0]
100049b8:	eb17 1743 	adds.w	r7, r7, r3, lsl #5
100049bc:	f47f ae99 	bne.w	100046f2 <tud_task_ext+0x27a>
100049c0:	e666      	b.n	10004690 <tud_task_ext+0x218>
100049c2:	2a00      	cmp	r2, #0
100049c4:	f47f ae64 	bne.w	10004690 <tud_task_ext+0x218>
100049c8:	9200      	str	r2, [sp, #0]
100049ca:	f89d c021 	ldrb.w	ip, [sp, #33]	@ 0x21
100049ce:	f00c 02fd 	and.w	r2, ip, #253	@ 0xfd
100049d2:	2a01      	cmp	r2, #1
100049d4:	d018      	beq.n	10004a08 <tud_task_ext+0x590>
100049d6:	f1bc 0f00 	cmp.w	ip, #0
100049da:	f47f ae52 	bne.w	10004682 <tud_task_ext+0x20a>
100049de:	eb0a 0343 	add.w	r3, sl, r3, lsl #1
100049e2:	eb03 13d1 	add.w	r3, r3, r1, lsr #7
100049e6:	f893 3034 	ldrb.w	r3, [r3, #52]	@ 0x34
100049ea:	4658      	mov	r0, fp
100049ec:	f3c3 0340 	ubfx	r3, r3, #1, #1
100049f0:	e7aa      	b.n	10004948 <tud_task_ext+0x4d0>
100049f2:	f47f ae4d 	bne.w	10004690 <tud_task_ext+0x218>
100049f6:	4f02      	ldr	r7, [pc, #8]	@ (10004a00 <tud_task_ext+0x588>)
100049f8:	e67b      	b.n	100046f2 <tud_task_ext+0x27a>
100049fa:	bf00      	nop
100049fc:	200091f1 	.word	0x200091f1
10004a00:	100061ec 	.word	0x100061ec
10004a04:	200015d8 	.word	0x200015d8
10004a08:	f8bd 2022 	ldrh.w	r2, [sp, #34]	@ 0x22
10004a0c:	b9da      	cbnz	r2, 10004a46 <tud_task_ext+0x5ce>
10004a0e:	4879      	ldr	r0, [pc, #484]	@ (10004bf4 <tud_task_ext+0x77c>)
10004a10:	f1bc 0f01 	cmp.w	ip, #1
10004a14:	7800      	ldrb	r0, [r0, #0]
10004a16:	f000 808f 	beq.w	10004b38 <tud_task_ext+0x6c0>
10004a1a:	e9cd 1301 	strd	r1, r3, [sp, #4]
10004a1e:	f7ff fbe5 	bl	100041ec <dcd_edpt_stall>
10004a22:	9b02      	ldr	r3, [sp, #8]
10004a24:	9901      	ldr	r1, [sp, #4]
10004a26:	eb0a 0343 	add.w	r3, sl, r3, lsl #1
10004a2a:	eb03 13d1 	add.w	r3, r3, r1, lsr #7
10004a2e:	f893 2034 	ldrb.w	r2, [r3, #52]	@ 0x34
10004a32:	f042 0202 	orr.w	r2, r2, #2
10004a36:	f883 2034 	strb.w	r2, [r3, #52]	@ 0x34
10004a3a:	f893 2034 	ldrb.w	r2, [r3, #52]	@ 0x34
10004a3e:	f042 0201 	orr.w	r2, r2, #1
10004a42:	f883 2034 	strb.w	r2, [r3, #52]	@ 0x34
10004a46:	9b00      	ldr	r3, [sp, #0]
10004a48:	2b00      	cmp	r3, #0
10004a4a:	f43f ad22 	beq.w	10004492 <tud_task_ext+0x1a>
10004a4e:	461f      	mov	r7, r3
10004a50:	6958      	ldr	r0, [r3, #20]
10004a52:	f000 fa31 	bl	10004eb8 <usbd_control_set_complete_callback>
10004a56:	697b      	ldr	r3, [r7, #20]
10004a58:	2101      	movs	r1, #1
10004a5a:	aa08      	add	r2, sp, #32
10004a5c:	4658      	mov	r0, fp
10004a5e:	4798      	blx	r3
10004a60:	2000      	movs	r0, #0
10004a62:	f000 fa29 	bl	10004eb8 <usbd_control_set_complete_callback>
10004a66:	f89a 3035 	ldrb.w	r3, [sl, #53]	@ 0x35
10004a6a:	07db      	lsls	r3, r3, #31
10004a6c:	f53f ad11 	bmi.w	10004492 <tud_task_ext+0x1a>
10004a70:	e684      	b.n	1000477c <tud_task_ext+0x304>
10004a72:	f7ff fc75 	bl	10004360 <tud_umount_cb>
10004a76:	4658      	mov	r0, fp
10004a78:	a908      	add	r1, sp, #32
10004a7a:	f000 f99d 	bl	10004db8 <tud_control_status>
10004a7e:	e508      	b.n	10004492 <tud_task_ext+0x1a>
10004a80:	4602      	mov	r2, r0
10004a82:	9803      	ldr	r0, [sp, #12]
10004a84:	2801      	cmp	r0, #1
10004a86:	f000 80a5 	beq.w	10004bd4 <tud_task_ext+0x75c>
10004a8a:	2800      	cmp	r0, #0
10004a8c:	f000 8092 	beq.w	10004bb4 <tud_task_ext+0x73c>
10004a90:	2300      	movs	r3, #0
10004a92:	f891 e002 	ldrb.w	lr, [r1, #2]
10004a96:	e007      	b.n	10004aa8 <tud_task_ext+0x630>
10004a98:	9f00      	ldr	r7, [sp, #0]
10004a9a:	f88c 7004 	strb.w	r7, [ip, #4]
10004a9e:	fa5f fc83 	uxtb.w	ip, r3
10004aa2:	4560      	cmp	r0, ip
10004aa4:	f240 8086 	bls.w	10004bb4 <tud_task_ext+0x73c>
10004aa8:	eb0e 0c03 	add.w	ip, lr, r3
10004aac:	fa5a fc8c 	uxtab	ip, sl, ip
10004ab0:	f89c 7004 	ldrb.w	r7, [ip, #4]
10004ab4:	3301      	adds	r3, #1
10004ab6:	2fff      	cmp	r7, #255	@ 0xff
10004ab8:	d0ee      	beq.n	10004a98 <tud_task_ext+0x620>
10004aba:	f04f 23e0 	mov.w	r3, #3758153728	@ 0xe000e000
10004abe:	f8d3 3df0 	ldr.w	r3, [r3, #3568]	@ 0xdf0
10004ac2:	07d9      	lsls	r1, r3, #31
10004ac4:	d500      	bpl.n	10004ac8 <tud_task_ext+0x650>
10004ac6:	be00      	bkpt	0x0000
10004ac8:	f04f 23e0 	mov.w	r3, #3758153728	@ 0xe000e000
10004acc:	f8d3 3df0 	ldr.w	r3, [r3, #3568]	@ 0xdf0
10004ad0:	07da      	lsls	r2, r3, #31
10004ad2:	d500      	bpl.n	10004ad6 <tud_task_ext+0x65e>
10004ad4:	be00      	bkpt	0x0000
10004ad6:	2300      	movs	r3, #0
10004ad8:	f88a 3001 	strb.w	r3, [sl, #1]
10004adc:	e5d8      	b.n	10004690 <tud_task_ext+0x218>
10004ade:	f7ff fa53 	bl	10003f88 <tud_descriptor_bos_cb>
10004ae2:	4602      	mov	r2, r0
10004ae4:	2800      	cmp	r0, #0
10004ae6:	f47f af51 	bne.w	1000498c <tud_task_ext+0x514>
10004aea:	e5d1      	b.n	10004690 <tud_task_ext+0x218>
10004aec:	f7ff f8e0 	bl	10003cb0 <tud_descriptor_device_cb>
10004af0:	4602      	mov	r2, r0
10004af2:	2800      	cmp	r0, #0
10004af4:	f43f adc5 	beq.w	10004682 <tud_task_ext+0x20a>
10004af8:	4658      	mov	r0, fp
10004afa:	2312      	movs	r3, #18
10004afc:	a908      	add	r1, sp, #32
10004afe:	f000 f977 	bl	10004df0 <tud_control_xfer>
10004b02:	2800      	cmp	r0, #0
10004b04:	f47f acc5 	bne.w	10004492 <tud_task_ext+0x1a>
10004b08:	e5c2      	b.n	10004690 <tud_task_ext+0x218>
10004b0a:	f7ff fc23 	bl	10004354 <tud_descriptor_device_qualifier_cb>
10004b0e:	4602      	mov	r2, r0
10004b10:	2800      	cmp	r0, #0
10004b12:	f43f adbd 	beq.w	10004690 <tud_task_ext+0x218>
10004b16:	4658      	mov	r0, fp
10004b18:	7813      	ldrb	r3, [r2, #0]
10004b1a:	a908      	add	r1, sp, #32
10004b1c:	f000 f968 	bl	10004df0 <tud_control_xfer>
10004b20:	2800      	cmp	r0, #0
10004b22:	f47f acb6 	bne.w	10004492 <tud_task_ext+0x1a>
10004b26:	e5b3      	b.n	10004690 <tud_task_ext+0x218>
10004b28:	f8bd 1024 	ldrh.w	r1, [sp, #36]	@ 0x24
10004b2c:	f7ff f8c8 	bl	10003cc0 <tud_descriptor_string_cb>
10004b30:	4602      	mov	r2, r0
10004b32:	2800      	cmp	r0, #0
10004b34:	d1ef      	bne.n	10004b16 <tud_task_ext+0x69e>
10004b36:	e5ab      	b.n	10004690 <tud_task_ext+0x218>
10004b38:	e9cd 3202 	strd	r3, r2, [sp, #8]
10004b3c:	9101      	str	r1, [sp, #4]
10004b3e:	f7ff fb6d 	bl	1000421c <dcd_edpt_clear_stall>
10004b42:	9b02      	ldr	r3, [sp, #8]
10004b44:	9901      	ldr	r1, [sp, #4]
10004b46:	eb0a 0343 	add.w	r3, sl, r3, lsl #1
10004b4a:	eb03 13d1 	add.w	r3, r3, r1, lsr #7
10004b4e:	f893 1034 	ldrb.w	r1, [r3, #52]	@ 0x34
10004b52:	9a03      	ldr	r2, [sp, #12]
10004b54:	f362 0141 	bfi	r1, r2, #1, #1
10004b58:	f883 1034 	strb.w	r1, [r3, #52]	@ 0x34
10004b5c:	f893 1034 	ldrb.w	r1, [r3, #52]	@ 0x34
10004b60:	f362 0100 	bfi	r1, r2, #0, #1
10004b64:	f883 1034 	strb.w	r1, [r3, #52]	@ 0x34
10004b68:	e76d      	b.n	10004a46 <tud_task_ext+0x5ce>
10004b6a:	2100      	movs	r1, #0
10004b6c:	4658      	mov	r0, fp
10004b6e:	9301      	str	r3, [sp, #4]
10004b70:	f7ff fa90 	bl	10004094 <dcd_sof_enable>
10004b74:	4658      	mov	r0, fp
10004b76:	f7ff fb23 	bl	100041c0 <dcd_edpt_close_all>
10004b7a:	f89a 2002 	ldrb.w	r2, [sl, #2]
10004b7e:	4658      	mov	r0, fp
10004b80:	9200      	str	r2, [sp, #0]
10004b82:	f7ff fb9d 	bl	100042c0 <configuration_reset>
10004b86:	9a00      	ldr	r2, [sp, #0]
10004b88:	9b01      	ldr	r3, [sp, #4]
10004b8a:	f88a 2002 	strb.w	r2, [sl, #2]
10004b8e:	e61a      	b.n	100047c6 <tud_task_ext+0x34e>
10004b90:	f7ff fbe4 	bl	1000435c <tud_mount_cb>
10004b94:	e76f      	b.n	10004a76 <tud_task_ext+0x5fe>
10004b96:	4658      	mov	r0, fp
10004b98:	2301      	movs	r3, #1
10004b9a:	a908      	add	r1, sp, #32
10004b9c:	f10d 021a 	add.w	r2, sp, #26
10004ba0:	f88d 701a 	strb.w	r7, [sp, #26]
10004ba4:	f000 f924 	bl	10004df0 <tud_control_xfer>
10004ba8:	e473      	b.n	10004492 <tud_task_ext+0x1a>
10004baa:	780b      	ldrb	r3, [r1, #0]
10004bac:	78c8      	ldrb	r0, [r1, #3]
10004bae:	4419      	add	r1, r3
10004bb0:	784b      	ldrb	r3, [r1, #1]
10004bb2:	e635      	b.n	10004820 <tud_task_ext+0x3a8>
10004bb4:	9f00      	ldr	r7, [sp, #0]
10004bb6:	4810      	ldr	r0, [pc, #64]	@ (10004bf8 <tud_task_ext+0x780>)
10004bb8:	463b      	mov	r3, r7
10004bba:	e9cd 1200 	strd	r1, r2, [sp]
10004bbe:	f000 fda1 	bl	10005704 <tu_edpt_bind_driver>
10004bc2:	e9dd 1200 	ldrd	r1, r2, [sp]
10004bc6:	4411      	add	r1, r2
10004bc8:	4a0c      	ldr	r2, [pc, #48]	@ (10004bfc <tud_task_ext+0x784>)
10004bca:	7813      	ldrb	r3, [r2, #0]
10004bcc:	42bb      	cmp	r3, r7
10004bce:	f4bf ae1e 	bcs.w	1000480e <tud_task_ext+0x396>
10004bd2:	e772      	b.n	10004aba <tud_task_ext+0x642>
10004bd4:	f8d3 c010 	ldr.w	ip, [r3, #16]
10004bd8:	4b09      	ldr	r3, [pc, #36]	@ (10004c00 <tud_task_ext+0x788>)
10004bda:	459c      	cmp	ip, r3
10004bdc:	bf08      	it	eq
10004bde:	2002      	moveq	r0, #2
10004be0:	e756      	b.n	10004a90 <tud_task_ext+0x618>
10004be2:	f04f 23e0 	mov.w	r3, #3758153728	@ 0xe000e000
10004be6:	f8d3 3df0 	ldr.w	r3, [r3, #3568]	@ 0xdf0
10004bea:	07db      	lsls	r3, r3, #31
10004bec:	f57f ac51 	bpl.w	10004492 <tud_task_ext+0x1a>
10004bf0:	be00      	bkpt	0x0000
10004bf2:	e44e      	b.n	10004492 <tud_task_ext+0x1a>
10004bf4:	2000137c 	.word	0x2000137c
10004bf8:	200016f4 	.word	0x200016f4
10004bfc:	200091f1 	.word	0x200091f1
10004c00:	10005309 	.word	0x10005309

10004c04 <usbd_open_edpt_pair>:
10004c04:	e92d 4ff8 	stmdb	sp!, {r3, r4, r5, r6, r7, r8, r9, sl, fp, lr}
10004c08:	9f0a      	ldr	r7, [sp, #40]	@ 0x28
10004c0a:	2a00      	cmp	r2, #0
10004c0c:	d040      	beq.n	10004c90 <usbd_open_edpt_pair+0x8c>
10004c0e:	460c      	mov	r4, r1
10004c10:	461e      	mov	r6, r3
10004c12:	4615      	mov	r5, r2
10004c14:	f04f 0b00 	mov.w	fp, #0
10004c18:	f8df 9080 	ldr.w	r9, [pc, #128]	@ 10004c9c <usbd_open_edpt_pair+0x98>
10004c1c:	f8df 8080 	ldr.w	r8, [pc, #128]	@ 10004ca0 <usbd_open_edpt_pair+0x9c>
10004c20:	e016      	b.n	10004c50 <usbd_open_edpt_pair+0x4c>
10004c22:	4620      	mov	r0, r4
10004c24:	f898 1002 	ldrb.w	r1, [r8, #2]
10004c28:	f899 a000 	ldrb.w	sl, [r9]
10004c2c:	f000 fd3a 	bl	100056a4 <tu_edpt_validate>
10004c30:	b1d0      	cbz	r0, 10004c68 <usbd_open_edpt_pair+0x64>
10004c32:	4621      	mov	r1, r4
10004c34:	4650      	mov	r0, sl
10004c36:	f7ff fa49 	bl	100040cc <dcd_edpt_open>
10004c3a:	b1e0      	cbz	r0, 10004c76 <usbd_open_edpt_pair+0x72>
10004c3c:	78a3      	ldrb	r3, [r4, #2]
10004c3e:	f10b 0b01 	add.w	fp, fp, #1
10004c42:	09da      	lsrs	r2, r3, #7
10004c44:	d120      	bne.n	10004c88 <usbd_open_edpt_pair+0x84>
10004c46:	45ab      	cmp	fp, r5
10004c48:	703b      	strb	r3, [r7, #0]
10004c4a:	d021      	beq.n	10004c90 <usbd_open_edpt_pair+0x8c>
10004c4c:	7823      	ldrb	r3, [r4, #0]
10004c4e:	441c      	add	r4, r3
10004c50:	7863      	ldrb	r3, [r4, #1]
10004c52:	2b05      	cmp	r3, #5
10004c54:	d10f      	bne.n	10004c76 <usbd_open_edpt_pair+0x72>
10004c56:	78e1      	ldrb	r1, [r4, #3]
10004c58:	f001 0103 	and.w	r1, r1, #3
10004c5c:	42b1      	cmp	r1, r6
10004c5e:	d10a      	bne.n	10004c76 <usbd_open_edpt_pair+0x72>
10004c60:	78a3      	ldrb	r3, [r4, #2]
10004c62:	f013 0f70 	tst.w	r3, #112	@ 0x70
10004c66:	d0dc      	beq.n	10004c22 <usbd_open_edpt_pair+0x1e>
10004c68:	f04f 23e0 	mov.w	r3, #3758153728	@ 0xe000e000
10004c6c:	f8d3 3df0 	ldr.w	r3, [r3, #3568]	@ 0xdf0
10004c70:	07da      	lsls	r2, r3, #31
10004c72:	d500      	bpl.n	10004c76 <usbd_open_edpt_pair+0x72>
10004c74:	be00      	bkpt	0x0000
10004c76:	f04f 23e0 	mov.w	r3, #3758153728	@ 0xe000e000
10004c7a:	f8d3 3df0 	ldr.w	r3, [r3, #3568]	@ 0xdf0
10004c7e:	07db      	lsls	r3, r3, #31
10004c80:	d409      	bmi.n	10004c96 <usbd_open_edpt_pair+0x92>
10004c82:	2000      	movs	r0, #0
10004c84:	e8bd 8ff8 	ldmia.w	sp!, {r3, r4, r5, r6, r7, r8, r9, sl, fp, pc}
10004c88:	9a0b      	ldr	r2, [sp, #44]	@ 0x2c
10004c8a:	45ab      	cmp	fp, r5
10004c8c:	7013      	strb	r3, [r2, #0]
10004c8e:	d1dd      	bne.n	10004c4c <usbd_open_edpt_pair+0x48>
10004c90:	2001      	movs	r0, #1
10004c92:	e8bd 8ff8 	ldmia.w	sp!, {r3, r4, r5, r6, r7, r8, r9, sl, fp, pc}
10004c96:	be00      	bkpt	0x0000
10004c98:	e7f3      	b.n	10004c82 <usbd_open_edpt_pair+0x7e>
10004c9a:	bf00      	nop
10004c9c:	2000137c 	.word	0x2000137c
10004ca0:	200016e0 	.word	0x200016e0

10004ca4 <usbd_edpt_open>:
10004ca4:	788b      	ldrb	r3, [r1, #2]
10004ca6:	f013 0f70 	tst.w	r3, #112	@ 0x70
10004caa:	d008      	beq.n	10004cbe <usbd_edpt_open+0x1a>
10004cac:	f04f 23e0 	mov.w	r3, #3758153728	@ 0xe000e000
10004cb0:	f8d3 3df0 	ldr.w	r3, [r3, #3568]	@ 0xdf0
10004cb4:	07da      	lsls	r2, r3, #31
10004cb6:	d500      	bpl.n	10004cba <usbd_edpt_open+0x16>
10004cb8:	be00      	bkpt	0x0000
10004cba:	2000      	movs	r0, #0
10004cbc:	4770      	bx	lr
10004cbe:	b510      	push	{r4, lr}
10004cc0:	b082      	sub	sp, #8
10004cc2:	4608      	mov	r0, r1
10004cc4:	9101      	str	r1, [sp, #4]
10004cc6:	490c      	ldr	r1, [pc, #48]	@ (10004cf8 <usbd_edpt_open+0x54>)
10004cc8:	4a0c      	ldr	r2, [pc, #48]	@ (10004cfc <usbd_edpt_open+0x58>)
10004cca:	7889      	ldrb	r1, [r1, #2]
10004ccc:	7814      	ldrb	r4, [r2, #0]
10004cce:	f000 fce9 	bl	100056a4 <tu_edpt_validate>
10004cd2:	b948      	cbnz	r0, 10004ce8 <usbd_edpt_open+0x44>
10004cd4:	f04f 23e0 	mov.w	r3, #3758153728	@ 0xe000e000
10004cd8:	f8d3 3df0 	ldr.w	r3, [r3, #3568]	@ 0xdf0
10004cdc:	07db      	lsls	r3, r3, #31
10004cde:	d500      	bpl.n	10004ce2 <usbd_edpt_open+0x3e>
10004ce0:	be00      	bkpt	0x0000
10004ce2:	2000      	movs	r0, #0
10004ce4:	b002      	add	sp, #8
10004ce6:	bd10      	pop	{r4, pc}
10004ce8:	4620      	mov	r0, r4
10004cea:	9901      	ldr	r1, [sp, #4]
10004cec:	b002      	add	sp, #8
10004cee:	e8bd 4010 	ldmia.w	sp!, {r4, lr}
10004cf2:	f7ff b9eb 	b.w	100040cc <dcd_edpt_open>
10004cf6:	bf00      	nop
10004cf8:	200016e0 	.word	0x200016e0
10004cfc:	2000137c 	.word	0x2000137c

10004d00 <usbd_edpt_claim>:
10004d00:	460a      	mov	r2, r1
10004d02:	4b06      	ldr	r3, [pc, #24]	@ (10004d1c <usbd_edpt_claim+0x1c>)
10004d04:	4806      	ldr	r0, [pc, #24]	@ (10004d20 <usbd_edpt_claim+0x20>)
10004d06:	6819      	ldr	r1, [r3, #0]
10004d08:	09d3      	lsrs	r3, r2, #7
10004d0a:	3334      	adds	r3, #52	@ 0x34
10004d0c:	f002 027f 	and.w	r2, r2, #127	@ 0x7f
10004d10:	eb03 0342 	add.w	r3, r3, r2, lsl #1
10004d14:	4418      	add	r0, r3
10004d16:	f000 bc79 	b.w	1000560c <tu_edpt_claim>
10004d1a:	bf00      	nop
10004d1c:	20001734 	.word	0x20001734
10004d20:	200016e0 	.word	0x200016e0

10004d24 <usbd_edpt_release>:
10004d24:	460a      	mov	r2, r1
10004d26:	4b06      	ldr	r3, [pc, #24]	@ (10004d40 <usbd_edpt_release+0x1c>)
10004d28:	4806      	ldr	r0, [pc, #24]	@ (10004d44 <usbd_edpt_release+0x20>)
10004d2a:	6819      	ldr	r1, [r3, #0]
10004d2c:	09d3      	lsrs	r3, r2, #7
10004d2e:	3334      	adds	r3, #52	@ 0x34
10004d30:	f002 027f 	and.w	r2, r2, #127	@ 0x7f
10004d34:	eb03 0342 	add.w	r3, r3, r2, lsl #1
10004d38:	4418      	add	r0, r3
10004d3a:	f000 bc97 	b.w	1000566c <tu_edpt_release>
10004d3e:	bf00      	nop
10004d40:	20001734 	.word	0x20001734
10004d44:	200016e0 	.word	0x200016e0

10004d48 <usbd_edpt_xfer>:
10004d48:	b510      	push	{r4, lr}
10004d4a:	4819      	ldr	r0, [pc, #100]	@ (10004db0 <usbd_edpt_xfer+0x68>)
10004d4c:	f001 047f 	and.w	r4, r1, #127	@ 0x7f
10004d50:	eb00 0044 	add.w	r0, r0, r4, lsl #1
10004d54:	eb00 10d1 	add.w	r0, r0, r1, lsr #7
10004d58:	f890 c034 	ldrb.w	ip, [r0, #52]	@ 0x34
10004d5c:	f01c 0f01 	tst.w	ip, #1
10004d60:	d008      	beq.n	10004d74 <usbd_edpt_xfer+0x2c>
10004d62:	f04f 23e0 	mov.w	r3, #3758153728	@ 0xe000e000
10004d66:	f8d3 3df0 	ldr.w	r3, [r3, #3568]	@ 0xdf0
10004d6a:	07da      	lsls	r2, r3, #31
10004d6c:	d500      	bpl.n	10004d70 <usbd_edpt_xfer+0x28>
10004d6e:	be00      	bkpt	0x0000
10004d70:	2000      	movs	r0, #0
10004d72:	bd10      	pop	{r4, pc}
10004d74:	f100 0430 	add.w	r4, r0, #48	@ 0x30
10004d78:	f894 c004 	ldrb.w	ip, [r4, #4]
10004d7c:	480d      	ldr	r0, [pc, #52]	@ (10004db4 <usbd_edpt_xfer+0x6c>)
10004d7e:	f04c 0c01 	orr.w	ip, ip, #1
10004d82:	7800      	ldrb	r0, [r0, #0]
10004d84:	f884 c004 	strb.w	ip, [r4, #4]
10004d88:	f7ff fa1c 	bl	100041c4 <dcd_edpt_xfer>
10004d8c:	2800      	cmp	r0, #0
10004d8e:	d1f0      	bne.n	10004d72 <usbd_edpt_xfer+0x2a>
10004d90:	f04f 21e0 	mov.w	r1, #3758153728	@ 0xe000e000
10004d94:	7922      	ldrb	r2, [r4, #4]
10004d96:	f360 0200 	bfi	r2, r0, #0, #1
10004d9a:	7122      	strb	r2, [r4, #4]
10004d9c:	7922      	ldrb	r2, [r4, #4]
10004d9e:	f360 0282 	bfi	r2, r0, #2, #1
10004da2:	7122      	strb	r2, [r4, #4]
10004da4:	f8d1 3df0 	ldr.w	r3, [r1, #3568]	@ 0xdf0
10004da8:	07db      	lsls	r3, r3, #31
10004daa:	d5e1      	bpl.n	10004d70 <usbd_edpt_xfer+0x28>
10004dac:	be00      	bkpt	0x0000
10004dae:	e7df      	b.n	10004d70 <usbd_edpt_xfer+0x28>
10004db0:	200016e0 	.word	0x200016e0
10004db4:	2000137c 	.word	0x2000137c

10004db8 <tud_control_status>:
10004db8:	f8df c030 	ldr.w	ip, [pc, #48]	@ 10004dec <tud_control_status+0x34>
10004dbc:	2300      	movs	r3, #0
10004dbe:	4662      	mov	r2, ip
10004dc0:	b510      	push	{r4, lr}
10004dc2:	468e      	mov	lr, r1
10004dc4:	4604      	mov	r4, r0
10004dc6:	6808      	ldr	r0, [r1, #0]
10004dc8:	6849      	ldr	r1, [r1, #4]
10004dca:	f8cc 300c 	str.w	r3, [ip, #12]
10004dce:	c203      	stmia	r2!, {r0, r1}
10004dd0:	f89e 1000 	ldrb.w	r1, [lr]
10004dd4:	4620      	mov	r0, r4
10004dd6:	e8bd 4010 	ldmia.w	sp!, {r4, lr}
10004dda:	f081 01ff 	eor.w	r1, r1, #255	@ 0xff
10004dde:	461a      	mov	r2, r3
10004de0:	f001 0180 	and.w	r1, r1, #128	@ 0x80
10004de4:	f8cc 3008 	str.w	r3, [ip, #8]
10004de8:	f7ff bfae 	b.w	10004d48 <usbd_edpt_xfer>
10004dec:	200016a0 	.word	0x200016a0

10004df0 <tud_control_xfer>:
10004df0:	f8df c0ac 	ldr.w	ip, [pc, #172]	@ 10004ea0 <tud_control_xfer+0xb0>
10004df4:	b570      	push	{r4, r5, r6, lr}
10004df6:	4615      	mov	r5, r2
10004df8:	4662      	mov	r2, ip
10004dfa:	2400      	movs	r4, #0
10004dfc:	468e      	mov	lr, r1
10004dfe:	4606      	mov	r6, r0
10004e00:	6808      	ldr	r0, [r1, #0]
10004e02:	6849      	ldr	r1, [r1, #4]
10004e04:	b082      	sub	sp, #8
10004e06:	c203      	stmia	r2!, {r0, r1}
10004e08:	f8cc 5008 	str.w	r5, [ip, #8]
10004e0c:	f8ac 400e 	strh.w	r4, [ip, #14]
10004e10:	f8be 2006 	ldrh.w	r2, [lr, #6]
10004e14:	4293      	cmp	r3, r2
10004e16:	bf28      	it	cs
10004e18:	4613      	movcs	r3, r2
10004e1a:	f8ac 300c 	strh.w	r3, [ip, #12]
10004e1e:	b18a      	cbz	r2, 10004e44 <tud_control_xfer+0x54>
10004e20:	b333      	cbz	r3, 10004e70 <tud_control_xfer+0x80>
10004e22:	b1dd      	cbz	r5, 10004e5c <tud_control_xfer+0x6c>
10004e24:	f99c 2000 	ldrsb.w	r2, [ip]
10004e28:	2b40      	cmp	r3, #64	@ 0x40
10004e2a:	bf28      	it	cs
10004e2c:	2340      	movcs	r3, #64	@ 0x40
10004e2e:	2a00      	cmp	r2, #0
10004e30:	db29      	blt.n	10004e86 <tud_control_xfer+0x96>
10004e32:	4621      	mov	r1, r4
10004e34:	4630      	mov	r0, r6
10004e36:	4a19      	ldr	r2, [pc, #100]	@ (10004e9c <tud_control_xfer+0xac>)
10004e38:	f7ff ff86 	bl	10004d48 <usbd_edpt_xfer>
10004e3c:	b170      	cbz	r0, 10004e5c <tud_control_xfer+0x6c>
10004e3e:	2001      	movs	r0, #1
10004e40:	b002      	add	sp, #8
10004e42:	bd70      	pop	{r4, r5, r6, pc}
10004e44:	f89e 1000 	ldrb.w	r1, [lr]
10004e48:	4613      	mov	r3, r2
10004e4a:	f081 01ff 	eor.w	r1, r1, #255	@ 0xff
10004e4e:	4630      	mov	r0, r6
10004e50:	f001 0180 	and.w	r1, r1, #128	@ 0x80
10004e54:	f7ff ff78 	bl	10004d48 <usbd_edpt_xfer>
10004e58:	2800      	cmp	r0, #0
10004e5a:	d1f0      	bne.n	10004e3e <tud_control_xfer+0x4e>
10004e5c:	f04f 23e0 	mov.w	r3, #3758153728	@ 0xe000e000
10004e60:	f8d3 3df0 	ldr.w	r3, [r3, #3568]	@ 0xdf0
10004e64:	07db      	lsls	r3, r3, #31
10004e66:	d500      	bpl.n	10004e6a <tud_control_xfer+0x7a>
10004e68:	be00      	bkpt	0x0000
10004e6a:	2000      	movs	r0, #0
10004e6c:	b002      	add	sp, #8
10004e6e:	bd70      	pop	{r4, r5, r6, pc}
10004e70:	461a      	mov	r2, r3
10004e72:	f89c 1000 	ldrb.w	r1, [ip]
10004e76:	f001 0180 	and.w	r1, r1, #128	@ 0x80
10004e7a:	4630      	mov	r0, r6
10004e7c:	f7ff ff64 	bl	10004d48 <usbd_edpt_xfer>
10004e80:	2800      	cmp	r0, #0
10004e82:	d1dc      	bne.n	10004e3e <tud_control_xfer+0x4e>
10004e84:	e7ea      	b.n	10004e5c <tud_control_xfer+0x6c>
10004e86:	461a      	mov	r2, r3
10004e88:	4629      	mov	r1, r5
10004e8a:	4804      	ldr	r0, [pc, #16]	@ (10004e9c <tud_control_xfer+0xac>)
10004e8c:	9301      	str	r3, [sp, #4]
10004e8e:	f000 feef 	bl	10005c70 <__memcpy_veneer>
10004e92:	2180      	movs	r1, #128	@ 0x80
10004e94:	4a01      	ldr	r2, [pc, #4]	@ (10004e9c <tud_control_xfer+0xac>)
10004e96:	9b01      	ldr	r3, [sp, #4]
10004e98:	e7ef      	b.n	10004e7a <tud_control_xfer+0x8a>
10004e9a:	bf00      	nop
10004e9c:	20001660 	.word	0x20001660
10004ea0:	200016a0 	.word	0x200016a0

10004ea4 <usbd_control_reset>:
10004ea4:	2200      	movs	r2, #0
10004ea6:	4b03      	ldr	r3, [pc, #12]	@ (10004eb4 <usbd_control_reset+0x10>)
10004ea8:	e9c3 2200 	strd	r2, r2, [r3]
10004eac:	e9c3 2202 	strd	r2, r2, [r3, #8]
10004eb0:	611a      	str	r2, [r3, #16]
10004eb2:	4770      	bx	lr
10004eb4:	200016a0 	.word	0x200016a0

10004eb8 <usbd_control_set_complete_callback>:
10004eb8:	4b01      	ldr	r3, [pc, #4]	@ (10004ec0 <usbd_control_set_complete_callback+0x8>)
10004eba:	6118      	str	r0, [r3, #16]
10004ebc:	4770      	bx	lr
10004ebe:	bf00      	nop
10004ec0:	200016a0 	.word	0x200016a0

10004ec4 <usbd_control_set_request>:
10004ec4:	4601      	mov	r1, r0
10004ec6:	4a05      	ldr	r2, [pc, #20]	@ (10004edc <usbd_control_set_request+0x18>)
10004ec8:	f04f 0c00 	mov.w	ip, #0
10004ecc:	4613      	mov	r3, r2
10004ece:	6800      	ldr	r0, [r0, #0]
10004ed0:	6849      	ldr	r1, [r1, #4]
10004ed2:	e9c2 cc02 	strd	ip, ip, [r2, #8]
10004ed6:	c303      	stmia	r3!, {r0, r1}
10004ed8:	4770      	bx	lr
10004eda:	bf00      	nop
10004edc:	200016a0 	.word	0x200016a0

10004ee0 <usbd_control_xfer_cb>:
10004ee0:	b530      	push	{r4, r5, lr}
10004ee2:	4c3e      	ldr	r4, [pc, #248]	@ (10004fdc <usbd_control_xfer_cb+0xfc>)
10004ee4:	09c9      	lsrs	r1, r1, #7
10004ee6:	7822      	ldrb	r2, [r4, #0]
10004ee8:	4605      	mov	r5, r0
10004eea:	ebb1 1fd2 	cmp.w	r1, r2, lsr #7
10004eee:	b083      	sub	sp, #12
10004ef0:	d017      	beq.n	10004f22 <usbd_control_xfer_cb+0x42>
10004ef2:	b153      	cbz	r3, 10004f0a <usbd_control_xfer_cb+0x2a>
10004ef4:	f04f 23e0 	mov.w	r3, #3758153728	@ 0xe000e000
10004ef8:	f8d3 3df0 	ldr.w	r3, [r3, #3568]	@ 0xdf0
10004efc:	07db      	lsls	r3, r3, #31
10004efe:	d402      	bmi.n	10004f06 <usbd_control_xfer_cb+0x26>
10004f00:	2000      	movs	r0, #0
10004f02:	b003      	add	sp, #12
10004f04:	bd30      	pop	{r4, r5, pc}
10004f06:	be00      	bkpt	0x0000
10004f08:	e7fa      	b.n	10004f00 <usbd_control_xfer_cb+0x20>
10004f0a:	4621      	mov	r1, r4
10004f0c:	f7ff f8d0 	bl	100040b0 <dcd_edpt0_status_complete>
10004f10:	6923      	ldr	r3, [r4, #16]
10004f12:	b11b      	cbz	r3, 10004f1c <usbd_control_xfer_cb+0x3c>
10004f14:	4622      	mov	r2, r4
10004f16:	2103      	movs	r1, #3
10004f18:	4628      	mov	r0, r5
10004f1a:	4798      	blx	r3
10004f1c:	2001      	movs	r0, #1
10004f1e:	b003      	add	sp, #12
10004f20:	bd30      	pop	{r4, r5, pc}
10004f22:	f994 2000 	ldrsb.w	r2, [r4]
10004f26:	2a00      	cmp	r2, #0
10004f28:	db08      	blt.n	10004f3c <usbd_control_xfer_cb+0x5c>
10004f2a:	68a0      	ldr	r0, [r4, #8]
10004f2c:	2800      	cmp	r0, #0
10004f2e:	d0e7      	beq.n	10004f00 <usbd_control_xfer_cb+0x20>
10004f30:	461a      	mov	r2, r3
10004f32:	492b      	ldr	r1, [pc, #172]	@ (10004fe0 <usbd_control_xfer_cb+0x100>)
10004f34:	9301      	str	r3, [sp, #4]
10004f36:	f000 fe9b 	bl	10005c70 <__memcpy_veneer>
10004f3a:	9b01      	ldr	r3, [sp, #4]
10004f3c:	89e0      	ldrh	r0, [r4, #14]
10004f3e:	68a1      	ldr	r1, [r4, #8]
10004f40:	88e2      	ldrh	r2, [r4, #6]
10004f42:	4418      	add	r0, r3
10004f44:	b280      	uxth	r0, r0
10004f46:	4419      	add	r1, r3
10004f48:	4282      	cmp	r2, r0
10004f4a:	81e0      	strh	r0, [r4, #14]
10004f4c:	60a1      	str	r1, [r4, #8]
10004f4e:	d016      	beq.n	10004f7e <usbd_control_xfer_cb+0x9e>
10004f50:	2b3f      	cmp	r3, #63	@ 0x3f
10004f52:	d914      	bls.n	10004f7e <usbd_control_xfer_cb+0x9e>
10004f54:	89a2      	ldrh	r2, [r4, #12]
10004f56:	f994 4000 	ldrsb.w	r4, [r4]
10004f5a:	1a13      	subs	r3, r2, r0
10004f5c:	b29b      	uxth	r3, r3
10004f5e:	2b40      	cmp	r3, #64	@ 0x40
10004f60:	bf28      	it	cs
10004f62:	2340      	movcs	r3, #64	@ 0x40
10004f64:	2c00      	cmp	r4, #0
10004f66:	db28      	blt.n	10004fba <usbd_control_xfer_cb+0xda>
10004f68:	4290      	cmp	r0, r2
10004f6a:	f04f 0100 	mov.w	r1, #0
10004f6e:	d032      	beq.n	10004fd6 <usbd_control_xfer_cb+0xf6>
10004f70:	4a1b      	ldr	r2, [pc, #108]	@ (10004fe0 <usbd_control_xfer_cb+0x100>)
10004f72:	4628      	mov	r0, r5
10004f74:	f7ff fee8 	bl	10004d48 <usbd_edpt_xfer>
10004f78:	2800      	cmp	r0, #0
10004f7a:	d1cf      	bne.n	10004f1c <usbd_control_xfer_cb+0x3c>
10004f7c:	e7ba      	b.n	10004ef4 <usbd_control_xfer_cb+0x14>
10004f7e:	6923      	ldr	r3, [r4, #16]
10004f80:	b123      	cbz	r3, 10004f8c <usbd_control_xfer_cb+0xac>
10004f82:	2102      	movs	r1, #2
10004f84:	4628      	mov	r0, r5
10004f86:	4a15      	ldr	r2, [pc, #84]	@ (10004fdc <usbd_control_xfer_cb+0xfc>)
10004f88:	4798      	blx	r3
10004f8a:	b168      	cbz	r0, 10004fa8 <usbd_control_xfer_cb+0xc8>
10004f8c:	2300      	movs	r3, #0
10004f8e:	7821      	ldrb	r1, [r4, #0]
10004f90:	4628      	mov	r0, r5
10004f92:	f081 01ff 	eor.w	r1, r1, #255	@ 0xff
10004f96:	461a      	mov	r2, r3
10004f98:	f001 0180 	and.w	r1, r1, #128	@ 0x80
10004f9c:	f7ff fed4 	bl	10004d48 <usbd_edpt_xfer>
10004fa0:	2800      	cmp	r0, #0
10004fa2:	d0a7      	beq.n	10004ef4 <usbd_control_xfer_cb+0x14>
10004fa4:	2001      	movs	r0, #1
10004fa6:	e7ba      	b.n	10004f1e <usbd_control_xfer_cb+0x3e>
10004fa8:	4601      	mov	r1, r0
10004faa:	4628      	mov	r0, r5
10004fac:	f7ff f91e 	bl	100041ec <dcd_edpt_stall>
10004fb0:	2180      	movs	r1, #128	@ 0x80
10004fb2:	4628      	mov	r0, r5
10004fb4:	f7ff f91a 	bl	100041ec <dcd_edpt_stall>
10004fb8:	e7b0      	b.n	10004f1c <usbd_control_xfer_cb+0x3c>
10004fba:	4290      	cmp	r0, r2
10004fbc:	d008      	beq.n	10004fd0 <usbd_control_xfer_cb+0xf0>
10004fbe:	461a      	mov	r2, r3
10004fc0:	4807      	ldr	r0, [pc, #28]	@ (10004fe0 <usbd_control_xfer_cb+0x100>)
10004fc2:	9301      	str	r3, [sp, #4]
10004fc4:	f000 fe54 	bl	10005c70 <__memcpy_veneer>
10004fc8:	2180      	movs	r1, #128	@ 0x80
10004fca:	4a05      	ldr	r2, [pc, #20]	@ (10004fe0 <usbd_control_xfer_cb+0x100>)
10004fcc:	9b01      	ldr	r3, [sp, #4]
10004fce:	e7d0      	b.n	10004f72 <usbd_control_xfer_cb+0x92>
10004fd0:	2180      	movs	r1, #128	@ 0x80
10004fd2:	2200      	movs	r2, #0
10004fd4:	e7cd      	b.n	10004f72 <usbd_control_xfer_cb+0x92>
10004fd6:	460a      	mov	r2, r1
10004fd8:	e7cb      	b.n	10004f72 <usbd_control_xfer_cb+0x92>
10004fda:	bf00      	nop
10004fdc:	200016a0 	.word	0x200016a0
10004fe0:	20001660 	.word	0x20001660

10004fe4 <_prep_out_transaction.isra.0>:
10004fe4:	b570      	push	{r4, r5, r6, lr}
10004fe6:	b082      	sub	sp, #8
10004fe8:	4604      	mov	r4, r0
10004fea:	f7ff f9bf 	bl	1000436c <tud_mounted>
10004fee:	b908      	cbnz	r0, 10004ff4 <_prep_out_transaction.isra.0+0x10>
10004ff0:	b002      	add	sp, #8
10004ff2:	bd70      	pop	{r4, r5, r6, pc}
10004ff4:	f7ff f9c2 	bl	1000437c <tud_suspended>
10004ff8:	4602      	mov	r2, r0
10004ffa:	2800      	cmp	r0, #0
10004ffc:	d1f8      	bne.n	10004ff0 <_prep_out_transaction.isra.0+0xc>
10004ffe:	23c8      	movs	r3, #200	@ 0xc8
10005000:	fb04 f303 	mul.w	r3, r4, r3
10005004:	4915      	ldr	r1, [pc, #84]	@ (1000505c <_prep_out_transaction.isra.0+0x78>)
10005006:	4625      	mov	r5, r4
10005008:	18cc      	adds	r4, r1, r3
1000500a:	78e0      	ldrb	r0, [r4, #3]
1000500c:	2800      	cmp	r0, #0
1000500e:	d0ef      	beq.n	10004ff0 <_prep_out_transaction.isra.0+0xc>
10005010:	3310      	adds	r3, #16
10005012:	185e      	adds	r6, r3, r1
10005014:	4630      	mov	r0, r6
10005016:	9201      	str	r2, [sp, #4]
10005018:	f000 fbe8 	bl	100057ec <tu_fifo_remaining>
1000501c:	283f      	cmp	r0, #63	@ 0x3f
1000501e:	d9e7      	bls.n	10004ff0 <_prep_out_transaction.isra.0+0xc>
10005020:	78e1      	ldrb	r1, [r4, #3]
10005022:	9801      	ldr	r0, [sp, #4]
10005024:	f7ff fe6c 	bl	10004d00 <usbd_edpt_claim>
10005028:	2800      	cmp	r0, #0
1000502a:	d0e1      	beq.n	10004ff0 <_prep_out_transaction.isra.0+0xc>
1000502c:	4630      	mov	r0, r6
1000502e:	f000 fbdd 	bl	100057ec <tu_fifo_remaining>
10005032:	283f      	cmp	r0, #63	@ 0x3f
10005034:	78e1      	ldrb	r1, [r4, #3]
10005036:	d90a      	bls.n	1000504e <_prep_out_transaction.isra.0+0x6a>
10005038:	2340      	movs	r3, #64	@ 0x40
1000503a:	f8df c024 	ldr.w	ip, [pc, #36]	@ 10005060 <_prep_out_transaction.isra.0+0x7c>
1000503e:	9801      	ldr	r0, [sp, #4]
10005040:	eb0c 12c5 	add.w	r2, ip, r5, lsl #7
10005044:	b002      	add	sp, #8
10005046:	e8bd 4070 	ldmia.w	sp!, {r4, r5, r6, lr}
1000504a:	f7ff be7d 	b.w	10004d48 <usbd_edpt_xfer>
1000504e:	9801      	ldr	r0, [sp, #4]
10005050:	b002      	add	sp, #8
10005052:	e8bd 4070 	ldmia.w	sp!, {r4, r5, r6, lr}
10005056:	f7ff be65 	b.w	10004d24 <usbd_edpt_release>
1000505a:	bf00      	nop
1000505c:	20001388 	.word	0x20001388
10005060:	200015dc 	.word	0x200015dc

10005064 <tud_cdc_n_connected>:
10005064:	b510      	push	{r4, lr}
10005066:	4604      	mov	r4, r0
10005068:	f7ff f980 	bl	1000436c <tud_mounted>
1000506c:	b908      	cbnz	r0, 10005072 <tud_cdc_n_connected+0xe>
1000506e:	2000      	movs	r0, #0
10005070:	bd10      	pop	{r4, pc}
10005072:	f7ff f983 	bl	1000437c <tud_suspended>
10005076:	2800      	cmp	r0, #0
10005078:	d1f9      	bne.n	1000506e <tud_cdc_n_connected+0xa>
1000507a:	22c8      	movs	r2, #200	@ 0xc8
1000507c:	4b03      	ldr	r3, [pc, #12]	@ (1000508c <tud_cdc_n_connected+0x28>)
1000507e:	fb02 3304 	mla	r3, r2, r4, r3
10005082:	7918      	ldrb	r0, [r3, #4]
10005084:	f000 0001 	and.w	r0, r0, #1
10005088:	bd10      	pop	{r4, pc}
1000508a:	bf00      	nop
1000508c:	20001388 	.word	0x20001388

10005090 <tud_cdc_n_available>:
10005090:	22c8      	movs	r2, #200	@ 0xc8
10005092:	b508      	push	{r3, lr}
10005094:	4b02      	ldr	r3, [pc, #8]	@ (100050a0 <tud_cdc_n_available+0x10>)
10005096:	fb02 3000 	mla	r0, r2, r0, r3
1000509a:	f000 fb8d 	bl	100057b8 <tu_fifo_count>
1000509e:	bd08      	pop	{r3, pc}
100050a0:	20001398 	.word	0x20001398

100050a4 <tud_cdc_n_read>:
100050a4:	f64f 73ff 	movw	r3, #65535	@ 0xffff
100050a8:	e92d 41f0 	stmdb	sp!, {r4, r5, r6, r7, r8, lr}
100050ac:	24c8      	movs	r4, #200	@ 0xc8
100050ae:	429a      	cmp	r2, r3
100050b0:	bf28      	it	cs
100050b2:	461a      	movcs	r2, r3
100050b4:	fb00 f404 	mul.w	r4, r0, r4
100050b8:	4d1b      	ldr	r5, [pc, #108]	@ (10005128 <tud_cdc_n_read+0x84>)
100050ba:	f104 0310 	add.w	r3, r4, #16
100050be:	b082      	sub	sp, #8
100050c0:	4680      	mov	r8, r0
100050c2:	b292      	uxth	r2, r2
100050c4:	1958      	adds	r0, r3, r5
100050c6:	195f      	adds	r7, r3, r5
100050c8:	f000 fbf0 	bl	100058ac <tu_fifo_read_n>
100050cc:	4606      	mov	r6, r0
100050ce:	f7ff f94d 	bl	1000436c <tud_mounted>
100050d2:	b918      	cbnz	r0, 100050dc <tud_cdc_n_read+0x38>
100050d4:	4630      	mov	r0, r6
100050d6:	b002      	add	sp, #8
100050d8:	e8bd 81f0 	ldmia.w	sp!, {r4, r5, r6, r7, r8, pc}
100050dc:	f7ff f94e 	bl	1000437c <tud_suspended>
100050e0:	2800      	cmp	r0, #0
100050e2:	d1f7      	bne.n	100050d4 <tud_cdc_n_read+0x30>
100050e4:	4425      	add	r5, r4
100050e6:	78ea      	ldrb	r2, [r5, #3]
100050e8:	2a00      	cmp	r2, #0
100050ea:	d0f3      	beq.n	100050d4 <tud_cdc_n_read+0x30>
100050ec:	9001      	str	r0, [sp, #4]
100050ee:	4638      	mov	r0, r7
100050f0:	f000 fb7c 	bl	100057ec <tu_fifo_remaining>
100050f4:	283f      	cmp	r0, #63	@ 0x3f
100050f6:	d9ed      	bls.n	100050d4 <tud_cdc_n_read+0x30>
100050f8:	9801      	ldr	r0, [sp, #4]
100050fa:	78e9      	ldrb	r1, [r5, #3]
100050fc:	f7ff fe00 	bl	10004d00 <usbd_edpt_claim>
10005100:	2800      	cmp	r0, #0
10005102:	d0e7      	beq.n	100050d4 <tud_cdc_n_read+0x30>
10005104:	4638      	mov	r0, r7
10005106:	f000 fb71 	bl	100057ec <tu_fifo_remaining>
1000510a:	283f      	cmp	r0, #63	@ 0x3f
1000510c:	78e9      	ldrb	r1, [r5, #3]
1000510e:	d907      	bls.n	10005120 <tud_cdc_n_read+0x7c>
10005110:	4a06      	ldr	r2, [pc, #24]	@ (1000512c <tud_cdc_n_read+0x88>)
10005112:	2340      	movs	r3, #64	@ 0x40
10005114:	9801      	ldr	r0, [sp, #4]
10005116:	eb02 12c8 	add.w	r2, r2, r8, lsl #7
1000511a:	f7ff fe15 	bl	10004d48 <usbd_edpt_xfer>
1000511e:	e7d9      	b.n	100050d4 <tud_cdc_n_read+0x30>
10005120:	9801      	ldr	r0, [sp, #4]
10005122:	f7ff fdff 	bl	10004d24 <usbd_edpt_release>
10005126:	e7d5      	b.n	100050d4 <tud_cdc_n_read+0x30>
10005128:	20001388 	.word	0x20001388
1000512c:	200015dc 	.word	0x200015dc

10005130 <tud_cdc_n_write_flush>:
10005130:	b5f0      	push	{r4, r5, r6, r7, lr}
10005132:	b083      	sub	sp, #12
10005134:	4605      	mov	r5, r0
10005136:	f7ff f919 	bl	1000436c <tud_mounted>
1000513a:	b910      	cbnz	r0, 10005142 <tud_cdc_n_write_flush+0x12>
1000513c:	2000      	movs	r0, #0
1000513e:	b003      	add	sp, #12
10005140:	bdf0      	pop	{r4, r5, r6, r7, pc}
10005142:	f7ff f91b 	bl	1000437c <tud_suspended>
10005146:	4604      	mov	r4, r0
10005148:	2800      	cmp	r0, #0
1000514a:	d1f7      	bne.n	1000513c <tud_cdc_n_write_flush+0xc>
1000514c:	23c8      	movs	r3, #200	@ 0xc8
1000514e:	fb05 f303 	mul.w	r3, r5, r3
10005152:	4a1a      	ldr	r2, [pc, #104]	@ (100051bc <tud_cdc_n_write_flush+0x8c>)
10005154:	f103 0124 	add.w	r1, r3, #36	@ 0x24
10005158:	188f      	adds	r7, r1, r2
1000515a:	4638      	mov	r0, r7
1000515c:	9300      	str	r3, [sp, #0]
1000515e:	f000 fb2b 	bl	100057b8 <tu_fifo_count>
10005162:	2800      	cmp	r0, #0
10005164:	d0ea      	beq.n	1000513c <tud_cdc_n_write_flush+0xc>
10005166:	4a15      	ldr	r2, [pc, #84]	@ (100051bc <tud_cdc_n_write_flush+0x8c>)
10005168:	9b00      	ldr	r3, [sp, #0]
1000516a:	4620      	mov	r0, r4
1000516c:	18d6      	adds	r6, r2, r3
1000516e:	78b1      	ldrb	r1, [r6, #2]
10005170:	f7ff fdc6 	bl	10004d00 <usbd_edpt_claim>
10005174:	2800      	cmp	r0, #0
10005176:	d0e1      	beq.n	1000513c <tud_cdc_n_write_flush+0xc>
10005178:	4911      	ldr	r1, [pc, #68]	@ (100051c0 <tud_cdc_n_write_flush+0x90>)
1000517a:	4638      	mov	r0, r7
1000517c:	eb01 11c5 	add.w	r1, r1, r5, lsl #7
10005180:	2240      	movs	r2, #64	@ 0x40
10005182:	9100      	str	r1, [sp, #0]
10005184:	f000 fb92 	bl	100058ac <tu_fifo_read_n>
10005188:	f896 c002 	ldrb.w	ip, [r6, #2]
1000518c:	4603      	mov	r3, r0
1000518e:	b170      	cbz	r0, 100051ae <tud_cdc_n_write_flush+0x7e>
10005190:	9001      	str	r0, [sp, #4]
10005192:	4661      	mov	r1, ip
10005194:	4620      	mov	r0, r4
10005196:	9a00      	ldr	r2, [sp, #0]
10005198:	f7ff fdd6 	bl	10004d48 <usbd_edpt_xfer>
1000519c:	b958      	cbnz	r0, 100051b6 <tud_cdc_n_write_flush+0x86>
1000519e:	f04f 23e0 	mov.w	r3, #3758153728	@ 0xe000e000
100051a2:	f8d3 3df0 	ldr.w	r3, [r3, #3568]	@ 0xdf0
100051a6:	07db      	lsls	r3, r3, #31
100051a8:	d5c8      	bpl.n	1000513c <tud_cdc_n_write_flush+0xc>
100051aa:	be00      	bkpt	0x0000
100051ac:	e7c6      	b.n	1000513c <tud_cdc_n_write_flush+0xc>
100051ae:	4661      	mov	r1, ip
100051b0:	f7ff fdb8 	bl	10004d24 <usbd_edpt_release>
100051b4:	e7c2      	b.n	1000513c <tud_cdc_n_write_flush+0xc>
100051b6:	9801      	ldr	r0, [sp, #4]
100051b8:	e7c1      	b.n	1000513e <tud_cdc_n_write_flush+0xe>
100051ba:	bf00      	nop
100051bc:	20001388 	.word	0x20001388
100051c0:	2000161c 	.word	0x2000161c

100051c4 <tud_cdc_n_write>:
100051c4:	b570      	push	{r4, r5, r6, lr}
100051c6:	4605      	mov	r5, r0
100051c8:	f64f 70ff 	movw	r0, #65535	@ 0xffff
100051cc:	23c8      	movs	r3, #200	@ 0xc8
100051ce:	4282      	cmp	r2, r0
100051d0:	bf28      	it	cs
100051d2:	4602      	movcs	r2, r0
100051d4:	4c09      	ldr	r4, [pc, #36]	@ (100051fc <tud_cdc_n_write+0x38>)
100051d6:	b292      	uxth	r2, r2
100051d8:	fb03 4405 	mla	r4, r3, r5, r4
100051dc:	4620      	mov	r0, r4
100051de:	f000 fc29 	bl	10005a34 <tu_fifo_write_n>
100051e2:	4606      	mov	r6, r0
100051e4:	4620      	mov	r0, r4
100051e6:	f000 fae7 	bl	100057b8 <tu_fifo_count>
100051ea:	283f      	cmp	r0, #63	@ 0x3f
100051ec:	d801      	bhi.n	100051f2 <tud_cdc_n_write+0x2e>
100051ee:	4630      	mov	r0, r6
100051f0:	bd70      	pop	{r4, r5, r6, pc}
100051f2:	4628      	mov	r0, r5
100051f4:	f7ff ff9c 	bl	10005130 <tud_cdc_n_write_flush>
100051f8:	4630      	mov	r0, r6
100051fa:	bd70      	pop	{r4, r5, r6, pc}
100051fc:	200013ac 	.word	0x200013ac

10005200 <tud_cdc_n_write_available>:
10005200:	22c8      	movs	r2, #200	@ 0xc8
10005202:	b508      	push	{r3, lr}
10005204:	4b02      	ldr	r3, [pc, #8]	@ (10005210 <tud_cdc_n_write_available+0x10>)
10005206:	fb02 3000 	mla	r0, r2, r0, r3
1000520a:	f000 faef 	bl	100057ec <tu_fifo_remaining>
1000520e:	bd08      	pop	{r3, pc}
10005210:	200013ac 	.word	0x200013ac

10005214 <cdcd_init>:
10005214:	b570      	push	{r4, r5, r6, lr}
10005216:	2400      	movs	r4, #0
10005218:	b082      	sub	sp, #8
1000521a:	22c8      	movs	r2, #200	@ 0xc8
1000521c:	2100      	movs	r1, #0
1000521e:	4818      	ldr	r0, [pc, #96]	@ (10005280 <cdcd_init+0x6c>)
10005220:	f000 fd36 	bl	10005c90 <__memset_veneer>
10005224:	23ff      	movs	r3, #255	@ 0xff
10005226:	f44f 31e1 	mov.w	r1, #115200	@ 0x1c200
1000522a:	2208      	movs	r2, #8
1000522c:	4815      	ldr	r0, [pc, #84]	@ (10005284 <cdcd_init+0x70>)
1000522e:	7004      	strb	r4, [r0, #0]
10005230:	4813      	ldr	r0, [pc, #76]	@ (10005280 <cdcd_init+0x6c>)
10005232:	9400      	str	r4, [sp, #0]
10005234:	4606      	mov	r6, r0
10005236:	7143      	strb	r3, [r0, #5]
10005238:	6081      	str	r1, [r0, #8]
1000523a:	7382      	strb	r2, [r0, #14]
1000523c:	f100 0138 	add.w	r1, r0, #56	@ 0x38
10005240:	2301      	movs	r3, #1
10005242:	2240      	movs	r2, #64	@ 0x40
10005244:	3010      	adds	r0, #16
10005246:	f000 fa87 	bl	10005758 <tu_fifo_config>
1000524a:	2301      	movs	r3, #1
1000524c:	2240      	movs	r2, #64	@ 0x40
1000524e:	f106 0178 	add.w	r1, r6, #120	@ 0x78
10005252:	9300      	str	r3, [sp, #0]
10005254:	f106 05b8 	add.w	r5, r6, #184	@ 0xb8
10005258:	f106 0024 	add.w	r0, r6, #36	@ 0x24
1000525c:	f000 fa7c 	bl	10005758 <tu_fifo_config>
10005260:	4628      	mov	r0, r5
10005262:	f7fb fcf1 	bl	10000c48 <mutex_init>
10005266:	f106 00c0 	add.w	r0, r6, #192	@ 0xc0
1000526a:	f7fb fced 	bl	10000c48 <mutex_init>
1000526e:	f106 00c0 	add.w	r0, r6, #192	@ 0xc0
10005272:	e9c6 4507 	strd	r4, r5, [r6, #28]
10005276:	e9c6 040c 	strd	r0, r4, [r6, #48]	@ 0x30
1000527a:	b002      	add	sp, #8
1000527c:	bd70      	pop	{r4, r5, r6, pc}
1000527e:	bf00      	nop
10005280:	20001388 	.word	0x20001388
10005284:	2000165c 	.word	0x2000165c

10005288 <cdcd_deinit>:
10005288:	4b0a      	ldr	r3, [pc, #40]	@ (100052b4 <cdcd_deinit+0x2c>)
1000528a:	6b19      	ldr	r1, [r3, #48]	@ 0x30
1000528c:	6a1a      	ldr	r2, [r3, #32]
1000528e:	b161      	cbz	r1, 100052aa <cdcd_deinit+0x22>
10005290:	b13a      	cbz	r2, 100052a2 <cdcd_deinit+0x1a>
10005292:	2200      	movs	r2, #0
10005294:	e9c3 220c 	strd	r2, r2, [r3, #48]	@ 0x30
10005298:	61da      	str	r2, [r3, #28]
1000529a:	2200      	movs	r2, #0
1000529c:	621a      	str	r2, [r3, #32]
1000529e:	2001      	movs	r0, #1
100052a0:	4770      	bx	lr
100052a2:	2001      	movs	r0, #1
100052a4:	e9c3 220c 	strd	r2, r2, [r3, #48]	@ 0x30
100052a8:	4770      	bx	lr
100052aa:	2a00      	cmp	r2, #0
100052ac:	d0f7      	beq.n	1000529e <cdcd_deinit+0x16>
100052ae:	61d9      	str	r1, [r3, #28]
100052b0:	e7f3      	b.n	1000529a <cdcd_deinit+0x12>
100052b2:	bf00      	nop
100052b4:	20001388 	.word	0x20001388

100052b8 <cdcd_reset>:
100052b8:	2200      	movs	r2, #0
100052ba:	4910      	ldr	r1, [pc, #64]	@ (100052fc <cdcd_reset+0x44>)
100052bc:	b508      	push	{r3, lr}
100052be:	4810      	ldr	r0, [pc, #64]	@ (10005300 <cdcd_reset+0x48>)
100052c0:	780b      	ldrb	r3, [r1, #0]
100052c2:	6002      	str	r2, [r0, #0]
100052c4:	7102      	strb	r2, [r0, #4]
100052c6:	07da      	lsls	r2, r3, #31
100052c8:	d507      	bpl.n	100052da <cdcd_reset+0x22>
100052ca:	079b      	lsls	r3, r3, #30
100052cc:	d50c      	bpl.n	100052e8 <cdcd_reset+0x30>
100052ce:	e8bd 4008 	ldmia.w	sp!, {r3, lr}
100052d2:	2101      	movs	r1, #1
100052d4:	480b      	ldr	r0, [pc, #44]	@ (10005304 <cdcd_reset+0x4c>)
100052d6:	f000 bc71 	b.w	10005bbc <tu_fifo_set_overwritable>
100052da:	3010      	adds	r0, #16
100052dc:	f000 fc52 	bl	10005b84 <tu_fifo_clear>
100052e0:	4906      	ldr	r1, [pc, #24]	@ (100052fc <cdcd_reset+0x44>)
100052e2:	780b      	ldrb	r3, [r1, #0]
100052e4:	079b      	lsls	r3, r3, #30
100052e6:	d4f2      	bmi.n	100052ce <cdcd_reset+0x16>
100052e8:	4806      	ldr	r0, [pc, #24]	@ (10005304 <cdcd_reset+0x4c>)
100052ea:	f000 fc4b 	bl	10005b84 <tu_fifo_clear>
100052ee:	e8bd 4008 	ldmia.w	sp!, {r3, lr}
100052f2:	2101      	movs	r1, #1
100052f4:	4803      	ldr	r0, [pc, #12]	@ (10005304 <cdcd_reset+0x4c>)
100052f6:	f000 bc61 	b.w	10005bbc <tu_fifo_set_overwritable>
100052fa:	bf00      	nop
100052fc:	2000165c 	.word	0x2000165c
10005300:	20001388 	.word	0x20001388
10005304:	200013ac 	.word	0x200013ac

10005308 <cdcd_open>:
10005308:	b570      	push	{r4, r5, r6, lr}
1000530a:	794b      	ldrb	r3, [r1, #5]
1000530c:	b084      	sub	sp, #16
1000530e:	2b02      	cmp	r3, #2
10005310:	d102      	bne.n	10005318 <cdcd_open+0x10>
10005312:	798b      	ldrb	r3, [r1, #6]
10005314:	2b02      	cmp	r3, #2
10005316:	d003      	beq.n	10005320 <cdcd_open+0x18>
10005318:	2400      	movs	r4, #0
1000531a:	4620      	mov	r0, r4
1000531c:	b004      	add	sp, #16
1000531e:	bd70      	pop	{r4, r5, r6, pc}
10005320:	4b2b      	ldr	r3, [pc, #172]	@ (100053d0 <cdcd_open+0xc8>)
10005322:	789b      	ldrb	r3, [r3, #2]
10005324:	b13b      	cbz	r3, 10005336 <cdcd_open+0x2e>
10005326:	f04f 23e0 	mov.w	r3, #3758153728	@ 0xe000e000
1000532a:	f8d3 3df0 	ldr.w	r3, [r3, #3568]	@ 0xdf0
1000532e:	07db      	lsls	r3, r3, #31
10005330:	d5f2      	bpl.n	10005318 <cdcd_open+0x10>
10005332:	be00      	bkpt	0x0000
10005334:	e7f0      	b.n	10005318 <cdcd_open+0x10>
10005336:	788b      	ldrb	r3, [r1, #2]
10005338:	4605      	mov	r5, r0
1000533a:	4825      	ldr	r0, [pc, #148]	@ (100053d0 <cdcd_open+0xc8>)
1000533c:	7003      	strb	r3, [r0, #0]
1000533e:	780b      	ldrb	r3, [r1, #0]
10005340:	4419      	add	r1, r3
10005342:	f891 c001 	ldrb.w	ip, [r1, #1]
10005346:	f1bc 0f24 	cmp.w	ip, #36	@ 0x24
1000534a:	bf08      	it	eq
1000534c:	2409      	moveq	r4, #9
1000534e:	d009      	beq.n	10005364 <cdcd_open+0x5c>
10005350:	e03b      	b.n	100053ca <cdcd_open+0xc2>
10005352:	780b      	ldrb	r3, [r1, #0]
10005354:	4419      	add	r1, r3
10005356:	f891 c001 	ldrb.w	ip, [r1, #1]
1000535a:	4423      	add	r3, r4
1000535c:	f1bc 0f24 	cmp.w	ip, #36	@ 0x24
10005360:	b29c      	uxth	r4, r3
10005362:	d107      	bne.n	10005374 <cdcd_open+0x6c>
10005364:	4294      	cmp	r4, r2
10005366:	d9f4      	bls.n	10005352 <cdcd_open+0x4a>
10005368:	2000      	movs	r0, #0
1000536a:	f7ff fe3b 	bl	10004fe4 <_prep_out_transaction.isra.0>
1000536e:	4620      	mov	r0, r4
10005370:	b004      	add	sp, #16
10005372:	bd70      	pop	{r4, r5, r6, pc}
10005374:	4663      	mov	r3, ip
10005376:	f1bc 0f05 	cmp.w	ip, #5
1000537a:	d016      	beq.n	100053aa <cdcd_open+0xa2>
1000537c:	2b04      	cmp	r3, #4
1000537e:	d1f3      	bne.n	10005368 <cdcd_open+0x60>
10005380:	794b      	ldrb	r3, [r1, #5]
10005382:	2b0a      	cmp	r3, #10
10005384:	d1f0      	bne.n	10005368 <cdcd_open+0x60>
10005386:	4b13      	ldr	r3, [pc, #76]	@ (100053d4 <cdcd_open+0xcc>)
10005388:	780a      	ldrb	r2, [r1, #0]
1000538a:	9301      	str	r3, [sp, #4]
1000538c:	3301      	adds	r3, #1
1000538e:	9300      	str	r3, [sp, #0]
10005390:	2302      	movs	r3, #2
10005392:	4616      	mov	r6, r2
10005394:	4411      	add	r1, r2
10005396:	4628      	mov	r0, r5
10005398:	461a      	mov	r2, r3
1000539a:	f7ff fc33 	bl	10004c04 <usbd_open_edpt_pair>
1000539e:	2800      	cmp	r0, #0
100053a0:	d0c1      	beq.n	10005326 <cdcd_open+0x1e>
100053a2:	340e      	adds	r4, #14
100053a4:	1933      	adds	r3, r6, r4
100053a6:	b29c      	uxth	r4, r3
100053a8:	e7de      	b.n	10005368 <cdcd_open+0x60>
100053aa:	4628      	mov	r0, r5
100053ac:	9103      	str	r1, [sp, #12]
100053ae:	f7ff fc79 	bl	10004ca4 <usbd_edpt_open>
100053b2:	9903      	ldr	r1, [sp, #12]
100053b4:	2800      	cmp	r0, #0
100053b6:	d0b6      	beq.n	10005326 <cdcd_open+0x1e>
100053b8:	788b      	ldrb	r3, [r1, #2]
100053ba:	4a05      	ldr	r2, [pc, #20]	@ (100053d0 <cdcd_open+0xc8>)
100053bc:	7053      	strb	r3, [r2, #1]
100053be:	780b      	ldrb	r3, [r1, #0]
100053c0:	191a      	adds	r2, r3, r4
100053c2:	4419      	add	r1, r3
100053c4:	784b      	ldrb	r3, [r1, #1]
100053c6:	b294      	uxth	r4, r2
100053c8:	e7d8      	b.n	1000537c <cdcd_open+0x74>
100053ca:	4663      	mov	r3, ip
100053cc:	2409      	movs	r4, #9
100053ce:	e7d2      	b.n	10005376 <cdcd_open+0x6e>
100053d0:	20001388 	.word	0x20001388
100053d4:	2000138a 	.word	0x2000138a

100053d8 <cdcd_control_xfer_cb>:
100053d8:	7813      	ldrb	r3, [r2, #0]
100053da:	f003 0360 	and.w	r3, r3, #96	@ 0x60
100053de:	2b20      	cmp	r3, #32
100053e0:	d10b      	bne.n	100053fa <cdcd_control_xfer_cb+0x22>
100053e2:	b500      	push	{lr}
100053e4:	f8df c0bc 	ldr.w	ip, [pc, #188]	@ 100054a4 <cdcd_control_xfer_cb+0xcc>
100053e8:	8893      	ldrh	r3, [r2, #4]
100053ea:	f89c e000 	ldrb.w	lr, [ip]
100053ee:	b083      	sub	sp, #12
100053f0:	459e      	cmp	lr, r3
100053f2:	d004      	beq.n	100053fe <cdcd_control_xfer_cb+0x26>
100053f4:	2000      	movs	r0, #0
100053f6:	b003      	add	sp, #12
100053f8:	bd00      	pop	{pc}
100053fa:	2000      	movs	r0, #0
100053fc:	4770      	bx	lr
100053fe:	7853      	ldrb	r3, [r2, #1]
10005400:	3b20      	subs	r3, #32
10005402:	2b03      	cmp	r3, #3
10005404:	d8f6      	bhi.n	100053f4 <cdcd_control_xfer_cb+0x1c>
10005406:	e8df f003 	tbb	[pc, r3]
1000540a:	272c      	.short	0x272c
1000540c:	020d      	.short	0x020d
1000540e:	2901      	cmp	r1, #1
10005410:	d033      	beq.n	1000547a <cdcd_control_xfer_cb+0xa2>
10005412:	2903      	cmp	r1, #3
10005414:	d122      	bne.n	1000545c <cdcd_control_xfer_cb+0x84>
10005416:	4b1e      	ldr	r3, [pc, #120]	@ (10005490 <cdcd_control_xfer_cb+0xb8>)
10005418:	b303      	cbz	r3, 1000545c <cdcd_control_xfer_cb+0x84>
1000541a:	2000      	movs	r0, #0
1000541c:	8851      	ldrh	r1, [r2, #2]
1000541e:	f3af 8000 	nop.w
10005422:	e01b      	b.n	1000545c <cdcd_control_xfer_cb+0x84>
10005424:	2901      	cmp	r1, #1
10005426:	d028      	beq.n	1000547a <cdcd_control_xfer_cb+0xa2>
10005428:	2903      	cmp	r1, #3
1000542a:	d117      	bne.n	1000545c <cdcd_control_xfer_cb+0x84>
1000542c:	8852      	ldrh	r2, [r2, #2]
1000542e:	4819      	ldr	r0, [pc, #100]	@ (10005494 <cdcd_control_xfer_cb+0xbc>)
10005430:	f002 0301 	and.w	r3, r2, #1
10005434:	f083 0101 	eor.w	r1, r3, #1
10005438:	9301      	str	r3, [sp, #4]
1000543a:	f88c 2004 	strb.w	r2, [ip, #4]
1000543e:	9200      	str	r2, [sp, #0]
10005440:	f000 fbbc 	bl	10005bbc <tu_fifo_set_overwritable>
10005444:	4914      	ldr	r1, [pc, #80]	@ (10005498 <cdcd_control_xfer_cb+0xc0>)
10005446:	b149      	cbz	r1, 1000545c <cdcd_control_xfer_cb+0x84>
10005448:	9a00      	ldr	r2, [sp, #0]
1000544a:	2000      	movs	r0, #0
1000544c:	9901      	ldr	r1, [sp, #4]
1000544e:	f3c2 0240 	ubfx	r2, r2, #1, #1
10005452:	f3af 8000 	nop.w
10005456:	e001      	b.n	1000545c <cdcd_control_xfer_cb+0x84>
10005458:	2901      	cmp	r1, #1
1000545a:	d012      	beq.n	10005482 <cdcd_control_xfer_cb+0xaa>
1000545c:	2001      	movs	r0, #1
1000545e:	b003      	add	sp, #12
10005460:	bd00      	pop	{pc}
10005462:	2901      	cmp	r1, #1
10005464:	d00d      	beq.n	10005482 <cdcd_control_xfer_cb+0xaa>
10005466:	2903      	cmp	r1, #3
10005468:	d1f8      	bne.n	1000545c <cdcd_control_xfer_cb+0x84>
1000546a:	4b0c      	ldr	r3, [pc, #48]	@ (1000549c <cdcd_control_xfer_cb+0xc4>)
1000546c:	2b00      	cmp	r3, #0
1000546e:	d0f5      	beq.n	1000545c <cdcd_control_xfer_cb+0x84>
10005470:	2000      	movs	r0, #0
10005472:	490b      	ldr	r1, [pc, #44]	@ (100054a0 <cdcd_control_xfer_cb+0xc8>)
10005474:	f7fe fda8 	bl	10003fc8 <tud_cdc_line_coding_cb>
10005478:	e7f0      	b.n	1000545c <cdcd_control_xfer_cb+0x84>
1000547a:	4611      	mov	r1, r2
1000547c:	f7ff fc9c 	bl	10004db8 <tud_control_status>
10005480:	e7ec      	b.n	1000545c <cdcd_control_xfer_cb+0x84>
10005482:	4611      	mov	r1, r2
10005484:	2307      	movs	r3, #7
10005486:	4a06      	ldr	r2, [pc, #24]	@ (100054a0 <cdcd_control_xfer_cb+0xc8>)
10005488:	f7ff fcb2 	bl	10004df0 <tud_control_xfer>
1000548c:	e7e6      	b.n	1000545c <cdcd_control_xfer_cb+0x84>
1000548e:	bf00      	nop
10005490:	00000000 	.word	0x00000000
10005494:	200013ac 	.word	0x200013ac
10005498:	00000000 	.word	0x00000000
1000549c:	10003fc9 	.word	0x10003fc9
100054a0:	20001390 	.word	0x20001390
100054a4:	20001388 	.word	0x20001388

100054a8 <cdcd_xfer_cb>:
100054a8:	e92d 41f0 	stmdb	sp!, {r4, r5, r6, r7, r8, lr}
100054ac:	4c35      	ldr	r4, [pc, #212]	@ (10005584 <cdcd_xfer_cb+0xdc>)
100054ae:	460d      	mov	r5, r1
100054b0:	78e2      	ldrb	r2, [r4, #3]
100054b2:	4607      	mov	r7, r0
100054b4:	428a      	cmp	r2, r1
100054b6:	461e      	mov	r6, r3
100054b8:	b082      	sub	sp, #8
100054ba:	d02f      	beq.n	1000551c <cdcd_xfer_cb+0x74>
100054bc:	78a3      	ldrb	r3, [r4, #2]
100054be:	428b      	cmp	r3, r1
100054c0:	d009      	beq.n	100054d6 <cdcd_xfer_cb+0x2e>
100054c2:	f04f 23e0 	mov.w	r3, #3758153728	@ 0xe000e000
100054c6:	f8d3 3df0 	ldr.w	r3, [r3, #3568]	@ 0xdf0
100054ca:	07db      	lsls	r3, r3, #31
100054cc:	d424      	bmi.n	10005518 <cdcd_xfer_cb+0x70>
100054ce:	2000      	movs	r0, #0
100054d0:	b002      	add	sp, #8
100054d2:	e8bd 81f0 	ldmia.w	sp!, {r4, r5, r6, r7, r8, pc}
100054d6:	4b2c      	ldr	r3, [pc, #176]	@ (10005588 <cdcd_xfer_cb+0xe0>)
100054d8:	b113      	cbz	r3, 100054e0 <cdcd_xfer_cb+0x38>
100054da:	2000      	movs	r0, #0
100054dc:	f3af 8000 	nop.w
100054e0:	2000      	movs	r0, #0
100054e2:	f7ff fe25 	bl	10005130 <tud_cdc_n_write_flush>
100054e6:	2800      	cmp	r0, #0
100054e8:	d147      	bne.n	1000557a <cdcd_xfer_cb+0xd2>
100054ea:	4828      	ldr	r0, [pc, #160]	@ (1000558c <cdcd_xfer_cb+0xe4>)
100054ec:	f000 f964 	bl	100057b8 <tu_fifo_count>
100054f0:	2800      	cmp	r0, #0
100054f2:	d142      	bne.n	1000557a <cdcd_xfer_cb+0xd2>
100054f4:	2e00      	cmp	r6, #0
100054f6:	d040      	beq.n	1000557a <cdcd_xfer_cb+0xd2>
100054f8:	f016 053f 	ands.w	r5, r6, #63	@ 0x3f
100054fc:	d13d      	bne.n	1000557a <cdcd_xfer_cb+0xd2>
100054fe:	4638      	mov	r0, r7
10005500:	78a1      	ldrb	r1, [r4, #2]
10005502:	f7ff fbfd 	bl	10004d00 <usbd_edpt_claim>
10005506:	2800      	cmp	r0, #0
10005508:	d037      	beq.n	1000557a <cdcd_xfer_cb+0xd2>
1000550a:	462b      	mov	r3, r5
1000550c:	462a      	mov	r2, r5
1000550e:	4638      	mov	r0, r7
10005510:	78a1      	ldrb	r1, [r4, #2]
10005512:	f7ff fc19 	bl	10004d48 <usbd_edpt_xfer>
10005516:	e030      	b.n	1000557a <cdcd_xfer_cb+0xd2>
10005518:	be00      	bkpt	0x0000
1000551a:	e7d8      	b.n	100054ce <cdcd_xfer_cb+0x26>
1000551c:	b29a      	uxth	r2, r3
1000551e:	491c      	ldr	r1, [pc, #112]	@ (10005590 <cdcd_xfer_cb+0xe8>)
10005520:	f104 0010 	add.w	r0, r4, #16
10005524:	f000 fa86 	bl	10005a34 <tu_fifo_write_n>
10005528:	4b1a      	ldr	r3, [pc, #104]	@ (10005594 <cdcd_xfer_cb+0xec>)
1000552a:	b1d3      	cbz	r3, 10005562 <cdcd_xfer_cb+0xba>
1000552c:	7962      	ldrb	r2, [r4, #5]
1000552e:	2aff      	cmp	r2, #255	@ 0xff
10005530:	d017      	beq.n	10005562 <cdcd_xfer_cb+0xba>
10005532:	b1b6      	cbz	r6, 10005562 <cdcd_xfer_cb+0xba>
10005534:	4b16      	ldr	r3, [pc, #88]	@ (10005590 <cdcd_xfer_cb+0xe8>)
10005536:	eb03 0806 	add.w	r8, r3, r6
1000553a:	e002      	b.n	10005542 <cdcd_xfer_cb+0x9a>
1000553c:	4543      	cmp	r3, r8
1000553e:	d010      	beq.n	10005562 <cdcd_xfer_cb+0xba>
10005540:	7962      	ldrb	r2, [r4, #5]
10005542:	f813 1b01 	ldrb.w	r1, [r3], #1
10005546:	4291      	cmp	r1, r2
10005548:	d1f8      	bne.n	1000553c <cdcd_xfer_cb+0x94>
1000554a:	4813      	ldr	r0, [pc, #76]	@ (10005598 <cdcd_xfer_cb+0xf0>)
1000554c:	9301      	str	r3, [sp, #4]
1000554e:	f000 f943 	bl	100057d8 <tu_fifo_empty>
10005552:	9b01      	ldr	r3, [sp, #4]
10005554:	2800      	cmp	r0, #0
10005556:	d1f1      	bne.n	1000553c <cdcd_xfer_cb+0x94>
10005558:	7961      	ldrb	r1, [r4, #5]
1000555a:	f3af 8000 	nop.w
1000555e:	9b01      	ldr	r3, [sp, #4]
10005560:	e7ec      	b.n	1000553c <cdcd_xfer_cb+0x94>
10005562:	4b0e      	ldr	r3, [pc, #56]	@ (1000559c <cdcd_xfer_cb+0xf4>)
10005564:	b11b      	cbz	r3, 1000556e <cdcd_xfer_cb+0xc6>
10005566:	480c      	ldr	r0, [pc, #48]	@ (10005598 <cdcd_xfer_cb+0xf0>)
10005568:	f000 f936 	bl	100057d8 <tu_fifo_empty>
1000556c:	b138      	cbz	r0, 1000557e <cdcd_xfer_cb+0xd6>
1000556e:	2000      	movs	r0, #0
10005570:	f7ff fd38 	bl	10004fe4 <_prep_out_transaction.isra.0>
10005574:	78a3      	ldrb	r3, [r4, #2]
10005576:	42ab      	cmp	r3, r5
10005578:	d0ad      	beq.n	100054d6 <cdcd_xfer_cb+0x2e>
1000557a:	2001      	movs	r0, #1
1000557c:	e7a8      	b.n	100054d0 <cdcd_xfer_cb+0x28>
1000557e:	f3af 8000 	nop.w
10005582:	e7f4      	b.n	1000556e <cdcd_xfer_cb+0xc6>
10005584:	20001388 	.word	0x20001388
10005588:	00000000 	.word	0x00000000
1000558c:	200013ac 	.word	0x200013ac
10005590:	200015dc 	.word	0x200015dc
10005594:	00000000 	.word	0x00000000
10005598:	20001398 	.word	0x20001398
1000559c:	00000000 	.word	0x00000000

100055a0 <tusb_rhport_init>:
100055a0:	b500      	push	{lr}
100055a2:	b083      	sub	sp, #12
100055a4:	b1d9      	cbz	r1, 100055de <tusb_rhport_init+0x3e>
100055a6:	2801      	cmp	r0, #1
100055a8:	d80e      	bhi.n	100055c8 <tusb_rhport_init+0x28>
100055aa:	780b      	ldrb	r3, [r1, #0]
100055ac:	b163      	cbz	r3, 100055c8 <tusb_rhport_init+0x28>
100055ae:	f8df c058 	ldr.w	ip, [pc, #88]	@ 10005608 <tusb_rhport_init+0x68>
100055b2:	2b01      	cmp	r3, #1
100055b4:	f80c 3000 	strb.w	r3, [ip, r0]
100055b8:	d002      	beq.n	100055c0 <tusb_rhport_init+0x20>
100055ba:	2001      	movs	r0, #1
100055bc:	b003      	add	sp, #12
100055be:	bd00      	pop	{pc}
100055c0:	f7fe fee4 	bl	1000438c <tud_rhport_init>
100055c4:	2800      	cmp	r0, #0
100055c6:	d1f8      	bne.n	100055ba <tusb_rhport_init+0x1a>
100055c8:	f04f 23e0 	mov.w	r3, #3758153728	@ 0xe000e000
100055cc:	f8d3 3df0 	ldr.w	r3, [r3, #3568]	@ 0xdf0
100055d0:	07db      	lsls	r3, r3, #31
100055d2:	d402      	bmi.n	100055da <tusb_rhport_init+0x3a>
100055d4:	2000      	movs	r0, #0
100055d6:	b003      	add	sp, #12
100055d8:	bd00      	pop	{pc}
100055da:	be00      	bkpt	0x0000
100055dc:	e7fa      	b.n	100055d4 <tusb_rhport_init+0x34>
100055de:	2201      	movs	r2, #1
100055e0:	4608      	mov	r0, r1
100055e2:	a901      	add	r1, sp, #4
100055e4:	f8ad 2004 	strh.w	r2, [sp, #4]
100055e8:	f7fe fed0 	bl	1000438c <tud_rhport_init>
100055ec:	2201      	movs	r2, #1
100055ee:	b938      	cbnz	r0, 10005600 <tusb_rhport_init+0x60>
100055f0:	f04f 23e0 	mov.w	r3, #3758153728	@ 0xe000e000
100055f4:	f8d3 3df0 	ldr.w	r3, [r3, #3568]	@ 0xdf0
100055f8:	07da      	lsls	r2, r3, #31
100055fa:	d5ec      	bpl.n	100055d6 <tusb_rhport_init+0x36>
100055fc:	be00      	bkpt	0x0000
100055fe:	e7ea      	b.n	100055d6 <tusb_rhport_init+0x36>
10005600:	4b01      	ldr	r3, [pc, #4]	@ (10005608 <tusb_rhport_init+0x68>)
10005602:	701a      	strb	r2, [r3, #0]
10005604:	e7e7      	b.n	100055d6 <tusb_rhport_init+0x36>
10005606:	bf00      	nop
10005608:	200016d4 	.word	0x200016d4

1000560c <tu_edpt_claim>:
1000560c:	7803      	ldrb	r3, [r0, #0]
1000560e:	f013 0301 	ands.w	r3, r3, #1
10005612:	d11e      	bne.n	10005652 <tu_edpt_claim+0x46>
10005614:	b530      	push	{r4, r5, lr}
10005616:	4602      	mov	r2, r0
10005618:	7800      	ldrb	r0, [r0, #0]
1000561a:	b083      	sub	sp, #12
1000561c:	4604      	mov	r4, r0
1000561e:	0740      	lsls	r0, r0, #29
10005620:	d502      	bpl.n	10005628 <tu_edpt_claim+0x1c>
10005622:	4618      	mov	r0, r3
10005624:	b003      	add	sp, #12
10005626:	bd30      	pop	{r4, r5, pc}
10005628:	4608      	mov	r0, r1
1000562a:	460d      	mov	r5, r1
1000562c:	f04f 31ff 	mov.w	r1, #4294967295	@ 0xffffffff
10005630:	9201      	str	r2, [sp, #4]
10005632:	f000 fb29 	bl	10005c88 <__mutex_enter_timeout_ms_veneer>
10005636:	9a01      	ldr	r2, [sp, #4]
10005638:	7813      	ldrb	r3, [r2, #0]
1000563a:	f013 0301 	ands.w	r3, r3, #1
1000563e:	d10b      	bne.n	10005658 <tu_edpt_claim+0x4c>
10005640:	7811      	ldrb	r1, [r2, #0]
10005642:	0749      	lsls	r1, r1, #29
10005644:	d40a      	bmi.n	1000565c <tu_edpt_claim+0x50>
10005646:	7811      	ldrb	r1, [r2, #0]
10005648:	2301      	movs	r3, #1
1000564a:	f041 0104 	orr.w	r1, r1, #4
1000564e:	7011      	strb	r1, [r2, #0]
10005650:	e004      	b.n	1000565c <tu_edpt_claim+0x50>
10005652:	2300      	movs	r3, #0
10005654:	4618      	mov	r0, r3
10005656:	4770      	bx	lr
10005658:	f3c4 0380 	ubfx	r3, r4, #2, #1
1000565c:	4628      	mov	r0, r5
1000565e:	9301      	str	r3, [sp, #4]
10005660:	f000 fb0e 	bl	10005c80 <__mutex_exit_veneer>
10005664:	9b01      	ldr	r3, [sp, #4]
10005666:	4618      	mov	r0, r3
10005668:	b003      	add	sp, #12
1000566a:	bd30      	pop	{r4, r5, pc}

1000566c <tu_edpt_release>:
1000566c:	b570      	push	{r4, r5, r6, lr}
1000566e:	460d      	mov	r5, r1
10005670:	4604      	mov	r4, r0
10005672:	f04f 31ff 	mov.w	r1, #4294967295	@ 0xffffffff
10005676:	4628      	mov	r0, r5
10005678:	f000 fb06 	bl	10005c88 <__mutex_enter_timeout_ms_veneer>
1000567c:	7823      	ldrb	r3, [r4, #0]
1000567e:	f3c3 0680 	ubfx	r6, r3, #2, #1
10005682:	075b      	lsls	r3, r3, #29
10005684:	d508      	bpl.n	10005698 <tu_edpt_release+0x2c>
10005686:	7823      	ldrb	r3, [r4, #0]
10005688:	f013 0301 	ands.w	r3, r3, #1
1000568c:	bf11      	iteee	ne
1000568e:	2600      	movne	r6, #0
10005690:	7822      	ldrbeq	r2, [r4, #0]
10005692:	f363 0282 	bfieq	r2, r3, #2, #1
10005696:	7022      	strbeq	r2, [r4, #0]
10005698:	4628      	mov	r0, r5
1000569a:	f000 faf1 	bl	10005c80 <__mutex_exit_veneer>
1000569e:	4630      	mov	r0, r6
100056a0:	bd70      	pop	{r4, r5, r6, pc}
100056a2:	bf00      	nop

100056a4 <tu_edpt_validate>:
100056a4:	78c3      	ldrb	r3, [r0, #3]
100056a6:	8882      	ldrh	r2, [r0, #4]
100056a8:	f003 0003 	and.w	r0, r3, #3
100056ac:	2802      	cmp	r0, #2
100056ae:	f3c2 020a 	ubfx	r2, r2, #0, #11
100056b2:	d015      	beq.n	100056e0 <tu_edpt_validate+0x3c>
100056b4:	2803      	cmp	r0, #3
100056b6:	d00a      	beq.n	100056ce <tu_edpt_validate+0x2a>
100056b8:	2801      	cmp	r0, #1
100056ba:	d11c      	bne.n	100056f6 <tu_edpt_validate+0x52>
100056bc:	2902      	cmp	r1, #2
100056be:	f240 33ff 	movw	r3, #1023	@ 0x3ff
100056c2:	bf08      	it	eq
100056c4:	f44f 6380 	moveq.w	r3, #1024	@ 0x400
100056c8:	4293      	cmp	r3, r2
100056ca:	d30d      	bcc.n	100056e8 <tu_edpt_validate+0x44>
100056cc:	4770      	bx	lr
100056ce:	2902      	cmp	r1, #2
100056d0:	bf14      	ite	ne
100056d2:	2340      	movne	r3, #64	@ 0x40
100056d4:	f44f 6380 	moveq.w	r3, #1024	@ 0x400
100056d8:	4293      	cmp	r3, r2
100056da:	d305      	bcc.n	100056e8 <tu_edpt_validate+0x44>
100056dc:	2001      	movs	r0, #1
100056de:	4770      	bx	lr
100056e0:	2902      	cmp	r1, #2
100056e2:	d00a      	beq.n	100056fa <tu_edpt_validate+0x56>
100056e4:	2a40      	cmp	r2, #64	@ 0x40
100056e6:	d9f9      	bls.n	100056dc <tu_edpt_validate+0x38>
100056e8:	f04f 23e0 	mov.w	r3, #3758153728	@ 0xe000e000
100056ec:	f8d3 3df0 	ldr.w	r3, [r3, #3568]	@ 0xdf0
100056f0:	07db      	lsls	r3, r3, #31
100056f2:	d500      	bpl.n	100056f6 <tu_edpt_validate+0x52>
100056f4:	be00      	bkpt	0x0000
100056f6:	2000      	movs	r0, #0
100056f8:	4770      	bx	lr
100056fa:	f5b2 7f00 	cmp.w	r2, #512	@ 0x200
100056fe:	d0ed      	beq.n	100056dc <tu_edpt_validate+0x38>
10005700:	e7f2      	b.n	100056e8 <tu_edpt_validate+0x44>
10005702:	bf00      	nop

10005704 <tu_edpt_bind_driver>:
10005704:	440a      	add	r2, r1
10005706:	4291      	cmp	r1, r2
10005708:	d225      	bcs.n	10005756 <tu_edpt_bind_driver+0x52>
1000570a:	f891 c001 	ldrb.w	ip, [r1, #1]
1000570e:	f1bc 0f05 	cmp.w	ip, #5
10005712:	d005      	beq.n	10005720 <tu_edpt_bind_driver+0x1c>
10005714:	f891 c000 	ldrb.w	ip, [r1]
10005718:	4461      	add	r1, ip
1000571a:	428a      	cmp	r2, r1
1000571c:	d8f5      	bhi.n	1000570a <tu_edpt_bind_driver+0x6>
1000571e:	4770      	bx	lr
10005720:	b500      	push	{lr}
10005722:	f891 c002 	ldrb.w	ip, [r1, #2]
10005726:	f00c 0e7f 	and.w	lr, ip, #127	@ 0x7f
1000572a:	eb00 0e4e 	add.w	lr, r0, lr, lsl #1
1000572e:	ea4f 1cdc 	mov.w	ip, ip, lsr #7
10005732:	f80e 300c 	strb.w	r3, [lr, ip]
10005736:	f891 c000 	ldrb.w	ip, [r1]
1000573a:	4461      	add	r1, ip
1000573c:	428a      	cmp	r2, r1
1000573e:	d909      	bls.n	10005754 <tu_edpt_bind_driver+0x50>
10005740:	f891 c001 	ldrb.w	ip, [r1, #1]
10005744:	f1bc 0f05 	cmp.w	ip, #5
10005748:	d0eb      	beq.n	10005722 <tu_edpt_bind_driver+0x1e>
1000574a:	f891 c000 	ldrb.w	ip, [r1]
1000574e:	4461      	add	r1, ip
10005750:	428a      	cmp	r2, r1
10005752:	d8f5      	bhi.n	10005740 <tu_edpt_bind_driver+0x3c>
10005754:	bd00      	pop	{pc}
10005756:	4770      	bx	lr

10005758 <tu_fifo_config>:
10005758:	e92d 41f0 	stmdb	sp!, {r4, r5, r6, r7, r8, lr}
1000575c:	f5b2 4f00 	cmp.w	r2, #32768	@ 0x8000
10005760:	f89d 5018 	ldrb.w	r5, [sp, #24]
10005764:	d824      	bhi.n	100057b0 <tu_fifo_config+0x58>
10005766:	4604      	mov	r4, r0
10005768:	68c0      	ldr	r0, [r0, #12]
1000576a:	4698      	mov	r8, r3
1000576c:	460f      	mov	r7, r1
1000576e:	4616      	mov	r6, r2
10005770:	b118      	cbz	r0, 1000577a <tu_fifo_config+0x22>
10005772:	f04f 31ff 	mov.w	r1, #4294967295	@ 0xffffffff
10005776:	f000 fa87 	bl	10005c88 <__mutex_enter_timeout_ms_veneer>
1000577a:	6920      	ldr	r0, [r4, #16]
1000577c:	b118      	cbz	r0, 10005786 <tu_fifo_config+0x2e>
1000577e:	f04f 31ff 	mov.w	r1, #4294967295	@ 0xffffffff
10005782:	f000 fa81 	bl	10005c88 <__mutex_enter_timeout_ms_veneer>
10005786:	2200      	movs	r2, #0
10005788:	f3c8 030e 	ubfx	r3, r8, #0, #15
1000578c:	68e0      	ldr	r0, [r4, #12]
1000578e:	ea43 33c5 	orr.w	r3, r3, r5, lsl #15
10005792:	8162      	strh	r2, [r4, #10]
10005794:	6027      	str	r7, [r4, #0]
10005796:	80a6      	strh	r6, [r4, #4]
10005798:	80e3      	strh	r3, [r4, #6]
1000579a:	8122      	strh	r2, [r4, #8]
1000579c:	b108      	cbz	r0, 100057a2 <tu_fifo_config+0x4a>
1000579e:	f000 fa6f 	bl	10005c80 <__mutex_exit_veneer>
100057a2:	6920      	ldr	r0, [r4, #16]
100057a4:	b108      	cbz	r0, 100057aa <tu_fifo_config+0x52>
100057a6:	f000 fa6b 	bl	10005c80 <__mutex_exit_veneer>
100057aa:	2001      	movs	r0, #1
100057ac:	e8bd 81f0 	ldmia.w	sp!, {r4, r5, r6, r7, r8, pc}
100057b0:	2000      	movs	r0, #0
100057b2:	e8bd 81f0 	ldmia.w	sp!, {r4, r5, r6, r7, r8, pc}
100057b6:	bf00      	nop

100057b8 <tu_fifo_count>:
100057b8:	8903      	ldrh	r3, [r0, #8]
100057ba:	8942      	ldrh	r2, [r0, #10]
100057bc:	b29b      	uxth	r3, r3
100057be:	b292      	uxth	r2, r2
100057c0:	8880      	ldrh	r0, [r0, #4]
100057c2:	4293      	cmp	r3, r2
100057c4:	bf36      	itet	cc
100057c6:	ebc2 0240 	rsbcc	r2, r2, r0, lsl #1
100057ca:	1a9b      	subcs	r3, r3, r2
100057cc:	189b      	addcc	r3, r3, r2
100057ce:	b29b      	uxth	r3, r3
100057d0:	4298      	cmp	r0, r3
100057d2:	bf28      	it	cs
100057d4:	4618      	movcs	r0, r3
100057d6:	4770      	bx	lr

100057d8 <tu_fifo_empty>:
100057d8:	8902      	ldrh	r2, [r0, #8]
100057da:	8943      	ldrh	r3, [r0, #10]
100057dc:	b290      	uxth	r0, r2
100057de:	b29b      	uxth	r3, r3
100057e0:	1ac0      	subs	r0, r0, r3
100057e2:	fab0 f080 	clz	r0, r0
100057e6:	0940      	lsrs	r0, r0, #5
100057e8:	4770      	bx	lr
100057ea:	bf00      	nop

100057ec <tu_fifo_remaining>:
100057ec:	8903      	ldrh	r3, [r0, #8]
100057ee:	8942      	ldrh	r2, [r0, #10]
100057f0:	b29b      	uxth	r3, r3
100057f2:	8880      	ldrh	r0, [r0, #4]
100057f4:	b292      	uxth	r2, r2
100057f6:	4293      	cmp	r3, r2
100057f8:	bf36      	itet	cc
100057fa:	ebc2 0240 	rsbcc	r2, r2, r0, lsl #1
100057fe:	1a9b      	subcs	r3, r3, r2
10005800:	189b      	addcc	r3, r3, r2
10005802:	b29b      	uxth	r3, r3
10005804:	4298      	cmp	r0, r3
10005806:	bf86      	itte	hi
10005808:	1ac0      	subhi	r0, r0, r3
1000580a:	b280      	uxthhi	r0, r0
1000580c:	2000      	movls	r0, #0
1000580e:	4770      	bx	lr

10005810 <tu_fifo_read>:
10005810:	b530      	push	{r4, r5, lr}
10005812:	4604      	mov	r4, r0
10005814:	6900      	ldr	r0, [r0, #16]
10005816:	460d      	mov	r5, r1
10005818:	b083      	sub	sp, #12
1000581a:	b118      	cbz	r0, 10005824 <tu_fifo_read+0x14>
1000581c:	f04f 31ff 	mov.w	r1, #4294967295	@ 0xffffffff
10005820:	f000 fa32 	bl	10005c88 <__mutex_enter_timeout_ms_veneer>
10005824:	8922      	ldrh	r2, [r4, #8]
10005826:	8961      	ldrh	r1, [r4, #10]
10005828:	b292      	uxth	r2, r2
1000582a:	b289      	uxth	r1, r1
1000582c:	88a3      	ldrh	r3, [r4, #4]
1000582e:	428a      	cmp	r2, r1
10005830:	bf36      	itet	cc
10005832:	ebc1 0043 	rsbcc	r0, r1, r3, lsl #1
10005836:	1a50      	subcs	r0, r2, r1
10005838:	1880      	addcc	r0, r0, r2
1000583a:	b280      	uxth	r0, r0
1000583c:	b368      	cbz	r0, 1000589a <tu_fifo_read+0x8a>
1000583e:	4283      	cmp	r3, r0
10005840:	d209      	bcs.n	10005856 <tu_fifo_read+0x46>
10005842:	429a      	cmp	r2, r3
10005844:	bf2c      	ite	cs
10005846:	1ad2      	subcs	r2, r2, r3
10005848:	18d2      	addcc	r2, r2, r3
1000584a:	b291      	uxth	r1, r2
1000584c:	428b      	cmp	r3, r1
1000584e:	8161      	strh	r1, [r4, #10]
10005850:	d803      	bhi.n	1000585a <tu_fifo_read+0x4a>
10005852:	1ac9      	subs	r1, r1, r3
10005854:	b289      	uxth	r1, r1
10005856:	428b      	cmp	r3, r1
10005858:	d9fb      	bls.n	10005852 <tu_fifo_read+0x42>
1000585a:	88e2      	ldrh	r2, [r4, #6]
1000585c:	6823      	ldr	r3, [r4, #0]
1000585e:	f3c2 020e 	ubfx	r2, r2, #0, #15
10005862:	fb02 3101 	mla	r1, r2, r1, r3
10005866:	4628      	mov	r0, r5
10005868:	f000 fa02 	bl	10005c70 <__memcpy_veneer>
1000586c:	8962      	ldrh	r2, [r4, #10]
1000586e:	88a3      	ldrh	r3, [r4, #4]
10005870:	b292      	uxth	r2, r2
10005872:	1c51      	adds	r1, r2, #1
10005874:	b289      	uxth	r1, r1
10005876:	428a      	cmp	r2, r1
10005878:	f04f 0201 	mov.w	r2, #1
1000587c:	d910      	bls.n	100058a0 <tu_fifo_read+0x90>
1000587e:	2100      	movs	r1, #0
10005880:	fa03 f002 	lsl.w	r0, r3, r2
10005884:	1a09      	subs	r1, r1, r0
10005886:	6920      	ldr	r0, [r4, #16]
10005888:	8161      	strh	r1, [r4, #10]
1000588a:	b118      	cbz	r0, 10005894 <tu_fifo_read+0x84>
1000588c:	9201      	str	r2, [sp, #4]
1000588e:	f000 f9f7 	bl	10005c80 <__mutex_exit_veneer>
10005892:	9a01      	ldr	r2, [sp, #4]
10005894:	4610      	mov	r0, r2
10005896:	b003      	add	sp, #12
10005898:	bd30      	pop	{r4, r5, pc}
1000589a:	4602      	mov	r2, r0
1000589c:	8961      	ldrh	r1, [r4, #10]
1000589e:	b289      	uxth	r1, r1
100058a0:	ebb1 0f43 	cmp.w	r1, r3, lsl #1
100058a4:	ea4f 0043 	mov.w	r0, r3, lsl #1
100058a8:	dbed      	blt.n	10005886 <tu_fifo_read+0x76>
100058aa:	e7eb      	b.n	10005884 <tu_fifo_read+0x74>

100058ac <tu_fifo_read_n>:
100058ac:	e92d 41f0 	stmdb	sp!, {r4, r5, r6, r7, r8, lr}
100058b0:	4605      	mov	r5, r0
100058b2:	6900      	ldr	r0, [r0, #16]
100058b4:	4688      	mov	r8, r1
100058b6:	b082      	sub	sp, #8
100058b8:	b128      	cbz	r0, 100058c6 <tu_fifo_read_n+0x1a>
100058ba:	f04f 31ff 	mov.w	r1, #4294967295	@ 0xffffffff
100058be:	9200      	str	r2, [sp, #0]
100058c0:	f000 f9e2 	bl	10005c88 <__mutex_enter_timeout_ms_veneer>
100058c4:	9a00      	ldr	r2, [sp, #0]
100058c6:	8929      	ldrh	r1, [r5, #8]
100058c8:	896b      	ldrh	r3, [r5, #10]
100058ca:	b289      	uxth	r1, r1
100058cc:	b29b      	uxth	r3, r3
100058ce:	88ac      	ldrh	r4, [r5, #4]
100058d0:	4299      	cmp	r1, r3
100058d2:	bf36      	itet	cc
100058d4:	ebc3 0644 	rsbcc	r6, r3, r4, lsl #1
100058d8:	1ace      	subcs	r6, r1, r3
100058da:	1876      	addcc	r6, r6, r1
100058dc:	b2b6      	uxth	r6, r6
100058de:	2e00      	cmp	r6, #0
100058e0:	d04b      	beq.n	1000597a <tu_fifo_read_n+0xce>
100058e2:	42b4      	cmp	r4, r6
100058e4:	d341      	bcc.n	1000596a <tu_fifo_read_n+0xbe>
100058e6:	42b2      	cmp	r2, r6
100058e8:	bf28      	it	cs
100058ea:	4632      	movcs	r2, r6
100058ec:	429c      	cmp	r4, r3
100058ee:	b296      	uxth	r6, r2
100058f0:	d803      	bhi.n	100058fa <tu_fifo_read_n+0x4e>
100058f2:	1b1b      	subs	r3, r3, r4
100058f4:	b29b      	uxth	r3, r3
100058f6:	429c      	cmp	r4, r3
100058f8:	d9fb      	bls.n	100058f2 <tu_fifo_read_n+0x46>
100058fa:	f8b5 c006 	ldrh.w	ip, [r5, #6]
100058fe:	1ae0      	subs	r0, r4, r3
10005900:	6829      	ldr	r1, [r5, #0]
10005902:	b280      	uxth	r0, r0
10005904:	f3cc 020e 	ubfx	r2, ip, #0, #15
10005908:	4286      	cmp	r6, r0
1000590a:	4617      	mov	r7, r2
1000590c:	fb02 1103 	mla	r1, r2, r3, r1
10005910:	d925      	bls.n	1000595e <tu_fifo_read_n+0xb2>
10005912:	fb10 f202 	smulbb	r2, r0, r2
10005916:	4640      	mov	r0, r8
10005918:	b292      	uxth	r2, r2
1000591a:	9301      	str	r3, [sp, #4]
1000591c:	9200      	str	r2, [sp, #0]
1000591e:	f000 f9a7 	bl	10005c70 <__memcpy_veneer>
10005922:	9b01      	ldr	r3, [sp, #4]
10005924:	9a00      	ldr	r2, [sp, #0]
10005926:	1b34      	subs	r4, r6, r4
10005928:	4423      	add	r3, r4
1000592a:	eb08 0002 	add.w	r0, r8, r2
1000592e:	fb13 f207 	smulbb	r2, r3, r7
10005932:	6829      	ldr	r1, [r5, #0]
10005934:	b292      	uxth	r2, r2
10005936:	f000 f99b 	bl	10005c70 <__memcpy_veneer>
1000593a:	896a      	ldrh	r2, [r5, #10]
1000593c:	88ac      	ldrh	r4, [r5, #4]
1000593e:	b292      	uxth	r2, r2
10005940:	1993      	adds	r3, r2, r6
10005942:	b29b      	uxth	r3, r3
10005944:	429a      	cmp	r2, r3
10005946:	d91a      	bls.n	1000597e <tu_fifo_read_n+0xd2>
10005948:	0062      	lsls	r2, r4, #1
1000594a:	1a9b      	subs	r3, r3, r2
1000594c:	6928      	ldr	r0, [r5, #16]
1000594e:	816b      	strh	r3, [r5, #10]
10005950:	b108      	cbz	r0, 10005956 <tu_fifo_read_n+0xaa>
10005952:	f000 f995 	bl	10005c80 <__mutex_exit_veneer>
10005956:	4630      	mov	r0, r6
10005958:	b002      	add	sp, #8
1000595a:	e8bd 81f0 	ldmia.w	sp!, {r4, r5, r6, r7, r8, pc}
1000595e:	4640      	mov	r0, r8
10005960:	fb06 f202 	mul.w	r2, r6, r2
10005964:	f000 f984 	bl	10005c70 <__memcpy_veneer>
10005968:	e7e7      	b.n	1000593a <tu_fifo_read_n+0x8e>
1000596a:	42a1      	cmp	r1, r4
1000596c:	bf2c      	ite	cs
1000596e:	1b09      	subcs	r1, r1, r4
10005970:	1909      	addcc	r1, r1, r4
10005972:	b28b      	uxth	r3, r1
10005974:	4626      	mov	r6, r4
10005976:	816b      	strh	r3, [r5, #10]
10005978:	e7b5      	b.n	100058e6 <tu_fifo_read_n+0x3a>
1000597a:	896b      	ldrh	r3, [r5, #10]
1000597c:	b29b      	uxth	r3, r3
1000597e:	ebb3 0f44 	cmp.w	r3, r4, lsl #1
10005982:	ea4f 0244 	mov.w	r2, r4, lsl #1
10005986:	dbe1      	blt.n	1000594c <tu_fifo_read_n+0xa0>
10005988:	e7df      	b.n	1000594a <tu_fifo_read_n+0x9e>
1000598a:	bf00      	nop

1000598c <tu_fifo_write>:
1000598c:	b570      	push	{r4, r5, r6, lr}
1000598e:	4604      	mov	r4, r0
10005990:	68c0      	ldr	r0, [r0, #12]
10005992:	460e      	mov	r6, r1
10005994:	b082      	sub	sp, #8
10005996:	b118      	cbz	r0, 100059a0 <tu_fifo_write+0x14>
10005998:	f04f 31ff 	mov.w	r1, #4294967295	@ 0xffffffff
1000599c:	f000 f974 	bl	10005c88 <__mutex_enter_timeout_ms_veneer>
100059a0:	8925      	ldrh	r5, [r4, #8]
100059a2:	8923      	ldrh	r3, [r4, #8]
100059a4:	8961      	ldrh	r1, [r4, #10]
100059a6:	b29b      	uxth	r3, r3
100059a8:	b289      	uxth	r1, r1
100059aa:	88a2      	ldrh	r2, [r4, #4]
100059ac:	428b      	cmp	r3, r1
100059ae:	bf36      	itet	cc
100059b0:	ebc1 0142 	rsbcc	r1, r1, r2, lsl #1
100059b4:	1a5b      	subcs	r3, r3, r1
100059b6:	185b      	addcc	r3, r3, r1
100059b8:	b29b      	uxth	r3, r3
100059ba:	429a      	cmp	r2, r3
100059bc:	b2ad      	uxth	r5, r5
100059be:	d80b      	bhi.n	100059d8 <tu_fifo_write+0x4c>
100059c0:	79e1      	ldrb	r1, [r4, #7]
100059c2:	09c9      	lsrs	r1, r1, #7
100059c4:	d108      	bne.n	100059d8 <tu_fifo_write+0x4c>
100059c6:	68e0      	ldr	r0, [r4, #12]
100059c8:	b118      	cbz	r0, 100059d2 <tu_fifo_write+0x46>
100059ca:	9101      	str	r1, [sp, #4]
100059cc:	f000 f958 	bl	10005c80 <__mutex_exit_veneer>
100059d0:	9901      	ldr	r1, [sp, #4]
100059d2:	4608      	mov	r0, r1
100059d4:	b002      	add	sp, #8
100059d6:	bd70      	pop	{r4, r5, r6, pc}
100059d8:	4295      	cmp	r5, r2
100059da:	bf28      	it	cs
100059dc:	462b      	movcs	r3, r5
100059de:	d317      	bcc.n	10005a10 <tu_fifo_write+0x84>
100059e0:	1a9b      	subs	r3, r3, r2
100059e2:	b29b      	uxth	r3, r3
100059e4:	4293      	cmp	r3, r2
100059e6:	d2fb      	bcs.n	100059e0 <tu_fifo_write+0x54>
100059e8:	88e2      	ldrh	r2, [r4, #6]
100059ea:	6820      	ldr	r0, [r4, #0]
100059ec:	f3c2 020e 	ubfx	r2, r2, #0, #15
100059f0:	fb02 0003 	mla	r0, r2, r3, r0
100059f4:	4631      	mov	r1, r6
100059f6:	f000 f93b 	bl	10005c70 <__memcpy_veneer>
100059fa:	1c6b      	adds	r3, r5, #1
100059fc:	b29b      	uxth	r3, r3
100059fe:	429d      	cmp	r5, r3
10005a00:	88a2      	ldrh	r2, [r4, #4]
10005a02:	d911      	bls.n	10005a28 <tu_fifo_write+0x9c>
10005a04:	2300      	movs	r3, #0
10005a06:	0051      	lsls	r1, r2, #1
10005a08:	1a5b      	subs	r3, r3, r1
10005a0a:	2101      	movs	r1, #1
10005a0c:	8123      	strh	r3, [r4, #8]
10005a0e:	e7da      	b.n	100059c6 <tu_fifo_write+0x3a>
10005a10:	88e2      	ldrh	r2, [r4, #6]
10005a12:	6820      	ldr	r0, [r4, #0]
10005a14:	f3c2 020e 	ubfx	r2, r2, #0, #15
10005a18:	fb05 0002 	mla	r0, r5, r2, r0
10005a1c:	4631      	mov	r1, r6
10005a1e:	f000 f927 	bl	10005c70 <__memcpy_veneer>
10005a22:	3501      	adds	r5, #1
10005a24:	88a2      	ldrh	r2, [r4, #4]
10005a26:	b2ab      	uxth	r3, r5
10005a28:	ebb3 0f42 	cmp.w	r3, r2, lsl #1
10005a2c:	ea4f 0142 	mov.w	r1, r2, lsl #1
10005a30:	dbeb      	blt.n	10005a0a <tu_fifo_write+0x7e>
10005a32:	e7e9      	b.n	10005a08 <tu_fifo_write+0x7c>

10005a34 <tu_fifo_write_n>:
10005a34:	e92d 47f0 	stmdb	sp!, {r4, r5, r6, r7, r8, r9, sl, lr}
10005a38:	4615      	mov	r5, r2
10005a3a:	b082      	sub	sp, #8
10005a3c:	2a00      	cmp	r2, #0
10005a3e:	d04a      	beq.n	10005ad6 <tu_fifo_write_n+0xa2>
10005a40:	4604      	mov	r4, r0
10005a42:	68c0      	ldr	r0, [r0, #12]
10005a44:	4688      	mov	r8, r1
10005a46:	b118      	cbz	r0, 10005a50 <tu_fifo_write_n+0x1c>
10005a48:	f04f 31ff 	mov.w	r1, #4294967295	@ 0xffffffff
10005a4c:	f000 f91c 	bl	10005c88 <__mutex_enter_timeout_ms_veneer>
10005a50:	79e1      	ldrb	r1, [r4, #7]
10005a52:	8926      	ldrh	r6, [r4, #8]
10005a54:	8963      	ldrh	r3, [r4, #10]
10005a56:	09c9      	lsrs	r1, r1, #7
10005a58:	88a2      	ldrh	r2, [r4, #4]
10005a5a:	b2b6      	uxth	r6, r6
10005a5c:	b29b      	uxth	r3, r3
10005a5e:	d13e      	bne.n	10005ade <tu_fifo_write_n+0xaa>
10005a60:	429e      	cmp	r6, r3
10005a62:	bf36      	itet	cc
10005a64:	ebc3 0342 	rsbcc	r3, r3, r2, lsl #1
10005a68:	1af3      	subcs	r3, r6, r3
10005a6a:	199b      	addcc	r3, r3, r6
10005a6c:	b29b      	uxth	r3, r3
10005a6e:	4293      	cmp	r3, r2
10005a70:	d253      	bcs.n	10005b1a <tu_fifo_write_n+0xe6>
10005a72:	1ad3      	subs	r3, r2, r3
10005a74:	b29b      	uxth	r3, r3
10005a76:	42ab      	cmp	r3, r5
10005a78:	bf28      	it	cs
10005a7a:	462b      	movcs	r3, r5
10005a7c:	b29d      	uxth	r5, r3
10005a7e:	1973      	adds	r3, r6, r5
10005a80:	f8b4 c006 	ldrh.w	ip, [r4, #6]
10005a84:	fa1f f983 	uxth.w	r9, r3
10005a88:	eba5 0a02 	sub.w	sl, r5, r2
10005a8c:	4296      	cmp	r6, r2
10005a8e:	4633      	mov	r3, r6
10005a90:	d303      	bcc.n	10005a9a <tu_fifo_write_n+0x66>
10005a92:	1a9b      	subs	r3, r3, r2
10005a94:	b29b      	uxth	r3, r3
10005a96:	4293      	cmp	r3, r2
10005a98:	d2fb      	bcs.n	10005a92 <tu_fifo_write_n+0x5e>
10005a9a:	1ad2      	subs	r2, r2, r3
10005a9c:	b291      	uxth	r1, r2
10005a9e:	6820      	ldr	r0, [r4, #0]
10005aa0:	f3cc 020e 	ubfx	r2, ip, #0, #15
10005aa4:	42a9      	cmp	r1, r5
10005aa6:	4617      	mov	r7, r2
10005aa8:	fb02 0003 	mla	r0, r2, r3, r0
10005aac:	d352      	bcc.n	10005b54 <tu_fifo_write_n+0x120>
10005aae:	4641      	mov	r1, r8
10005ab0:	fb05 f202 	mul.w	r2, r5, r2
10005ab4:	f000 f8dc 	bl	10005c70 <__memcpy_veneer>
10005ab8:	88a3      	ldrh	r3, [r4, #4]
10005aba:	454e      	cmp	r6, r9
10005abc:	ea4f 0243 	mov.w	r2, r3, lsl #1
10005ac0:	d802      	bhi.n	10005ac8 <tu_fifo_write_n+0x94>
10005ac2:	ebb9 0f43 	cmp.w	r9, r3, lsl #1
10005ac6:	db01      	blt.n	10005acc <tu_fifo_write_n+0x98>
10005ac8:	eba9 0902 	sub.w	r9, r9, r2
10005acc:	68e0      	ldr	r0, [r4, #12]
10005ace:	462a      	mov	r2, r5
10005ad0:	f8a4 9008 	strh.w	r9, [r4, #8]
10005ad4:	bb28      	cbnz	r0, 10005b22 <tu_fifo_write_n+0xee>
10005ad6:	4610      	mov	r0, r2
10005ad8:	b002      	add	sp, #8
10005ada:	e8bd 87f0 	ldmia.w	sp!, {r4, r5, r6, r7, r8, r9, sl, pc}
10005ade:	4295      	cmp	r5, r2
10005ae0:	d227      	bcs.n	10005b32 <tu_fifo_write_n+0xfe>
10005ae2:	429e      	cmp	r6, r3
10005ae4:	bf36      	itet	cc
10005ae6:	ebc3 0142 	rsbcc	r1, r3, r2, lsl #1
10005aea:	1af1      	subcs	r1, r6, r3
10005aec:	1989      	addcc	r1, r1, r6
10005aee:	b289      	uxth	r1, r1
10005af0:	0050      	lsls	r0, r2, #1
10005af2:	4429      	add	r1, r5
10005af4:	1aaf      	subs	r7, r5, r2
10005af6:	4281      	cmp	r1, r0
10005af8:	46ba      	mov	sl, r7
10005afa:	db08      	blt.n	10005b0e <tu_fifo_write_n+0xda>
10005afc:	1899      	adds	r1, r3, r2
10005afe:	b289      	uxth	r1, r1
10005b00:	1b4e      	subs	r6, r1, r5
10005b02:	b2b6      	uxth	r6, r6
10005b04:	42b3      	cmp	r3, r6
10005b06:	4689      	mov	r9, r1
10005b08:	d938      	bls.n	10005b7c <tu_fifo_write_n+0x148>
10005b0a:	1a30      	subs	r0, r6, r0
10005b0c:	b286      	uxth	r6, r0
10005b0e:	19ab      	adds	r3, r5, r6
10005b10:	fa1f f983 	uxth.w	r9, r3
10005b14:	f8b4 c006 	ldrh.w	ip, [r4, #6]
10005b18:	e7b8      	b.n	10005a8c <tu_fifo_write_n+0x58>
10005b1a:	2200      	movs	r2, #0
10005b1c:	68e0      	ldr	r0, [r4, #12]
10005b1e:	2800      	cmp	r0, #0
10005b20:	d0d9      	beq.n	10005ad6 <tu_fifo_write_n+0xa2>
10005b22:	9200      	str	r2, [sp, #0]
10005b24:	f000 f8ac 	bl	10005c80 <__mutex_exit_veneer>
10005b28:	9a00      	ldr	r2, [sp, #0]
10005b2a:	4610      	mov	r0, r2
10005b2c:	b002      	add	sp, #8
10005b2e:	e8bd 87f0 	ldmia.w	sp!, {r4, r5, r6, r7, r8, r9, sl, pc}
10005b32:	2a00      	cmp	r2, #0
10005b34:	d0f2      	beq.n	10005b1c <tu_fifo_write_n+0xe8>
10005b36:	f8b4 c006 	ldrh.w	ip, [r4, #6]
10005b3a:	1aad      	subs	r5, r5, r2
10005b3c:	1899      	adds	r1, r3, r2
10005b3e:	461e      	mov	r6, r3
10005b40:	f3cc 030e 	ubfx	r3, ip, #0, #15
10005b44:	fb03 8805 	mla	r8, r3, r5, r8
10005b48:	f04f 0a00 	mov.w	sl, #0
10005b4c:	4615      	mov	r5, r2
10005b4e:	fa1f f981 	uxth.w	r9, r1
10005b52:	e79b      	b.n	10005a8c <tu_fifo_write_n+0x58>
10005b54:	fb11 f202 	smulbb	r2, r1, r2
10005b58:	4641      	mov	r1, r8
10005b5a:	b292      	uxth	r2, r2
10005b5c:	9301      	str	r3, [sp, #4]
10005b5e:	9200      	str	r2, [sp, #0]
10005b60:	f000 f886 	bl	10005c70 <__memcpy_veneer>
10005b64:	9b01      	ldr	r3, [sp, #4]
10005b66:	9a00      	ldr	r2, [sp, #0]
10005b68:	4453      	add	r3, sl
10005b6a:	fb13 f307 	smulbb	r3, r3, r7
10005b6e:	eb08 0102 	add.w	r1, r8, r2
10005b72:	6820      	ldr	r0, [r4, #0]
10005b74:	b29a      	uxth	r2, r3
10005b76:	f000 f87b 	bl	10005c70 <__memcpy_veneer>
10005b7a:	e79d      	b.n	10005ab8 <tu_fifo_write_n+0x84>
10005b7c:	42b0      	cmp	r0, r6
10005b7e:	ddc4      	ble.n	10005b0a <tu_fifo_write_n+0xd6>
10005b80:	e7c8      	b.n	10005b14 <tu_fifo_write_n+0xe0>
10005b82:	bf00      	nop

10005b84 <tu_fifo_clear>:
10005b84:	b510      	push	{r4, lr}
10005b86:	4604      	mov	r4, r0
10005b88:	68c0      	ldr	r0, [r0, #12]
10005b8a:	b118      	cbz	r0, 10005b94 <tu_fifo_clear+0x10>
10005b8c:	f04f 31ff 	mov.w	r1, #4294967295	@ 0xffffffff
10005b90:	f000 f87a 	bl	10005c88 <__mutex_enter_timeout_ms_veneer>
10005b94:	6920      	ldr	r0, [r4, #16]
10005b96:	b118      	cbz	r0, 10005ba0 <tu_fifo_clear+0x1c>
10005b98:	f04f 31ff 	mov.w	r1, #4294967295	@ 0xffffffff
10005b9c:	f000 f874 	bl	10005c88 <__mutex_enter_timeout_ms_veneer>
10005ba0:	2300      	movs	r3, #0
10005ba2:	68e0      	ldr	r0, [r4, #12]
10005ba4:	8163      	strh	r3, [r4, #10]
10005ba6:	8123      	strh	r3, [r4, #8]
10005ba8:	b108      	cbz	r0, 10005bae <tu_fifo_clear+0x2a>
10005baa:	f000 f869 	bl	10005c80 <__mutex_exit_veneer>
10005bae:	6920      	ldr	r0, [r4, #16]
10005bb0:	b108      	cbz	r0, 10005bb6 <tu_fifo_clear+0x32>
10005bb2:	f000 f865 	bl	10005c80 <__mutex_exit_veneer>
10005bb6:	2001      	movs	r0, #1
10005bb8:	bd10      	pop	{r4, pc}
10005bba:	bf00      	nop

10005bbc <tu_fifo_set_overwritable>:
10005bbc:	b538      	push	{r3, r4, r5, lr}
10005bbe:	4604      	mov	r4, r0
10005bc0:	68c0      	ldr	r0, [r0, #12]
10005bc2:	460d      	mov	r5, r1
10005bc4:	b118      	cbz	r0, 10005bce <tu_fifo_set_overwritable+0x12>
10005bc6:	f04f 31ff 	mov.w	r1, #4294967295	@ 0xffffffff
10005bca:	f000 f85d 	bl	10005c88 <__mutex_enter_timeout_ms_veneer>
10005bce:	6920      	ldr	r0, [r4, #16]
10005bd0:	b118      	cbz	r0, 10005bda <tu_fifo_set_overwritable+0x1e>
10005bd2:	f04f 31ff 	mov.w	r1, #4294967295	@ 0xffffffff
10005bd6:	f000 f857 	bl	10005c88 <__mutex_enter_timeout_ms_veneer>
10005bda:	79e3      	ldrb	r3, [r4, #7]
10005bdc:	68e0      	ldr	r0, [r4, #12]
10005bde:	f365 13c7 	bfi	r3, r5, #7, #1
10005be2:	71e3      	strb	r3, [r4, #7]
10005be4:	b108      	cbz	r0, 10005bea <tu_fifo_set_overwritable+0x2e>
10005be6:	f000 f84b 	bl	10005c80 <__mutex_exit_veneer>
10005bea:	6920      	ldr	r0, [r4, #16]
10005bec:	b108      	cbz	r0, 10005bf2 <tu_fifo_set_overwritable+0x36>
10005bee:	f000 f847 	bl	10005c80 <__mutex_exit_veneer>
10005bf2:	2001      	movs	r0, #1
10005bf4:	bd38      	pop	{r3, r4, r5, pc}
10005bf6:	bf00      	nop

10005bf8 <strlen>:
10005bf8:	f020 0103 	bic.w	r1, r0, #3
10005bfc:	f010 0003 	ands.w	r0, r0, #3
10005c00:	f1c0 0000 	rsb	r0, r0, #0
10005c04:	f851 3b04 	ldr.w	r3, [r1], #4
10005c08:	f100 0c04 	add.w	ip, r0, #4
10005c0c:	ea4f 0ccc 	mov.w	ip, ip, lsl #3
10005c10:	f06f 0200 	mvn.w	r2, #0
10005c14:	bf1c      	itt	ne
10005c16:	fa22 f20c 	lsrne.w	r2, r2, ip
10005c1a:	4313      	orrne	r3, r2
10005c1c:	f04f 0c01 	mov.w	ip, #1
10005c20:	ea4c 2c0c 	orr.w	ip, ip, ip, lsl #8
10005c24:	ea4c 4c0c 	orr.w	ip, ip, ip, lsl #16
10005c28:	eba3 020c 	sub.w	r2, r3, ip
10005c2c:	ea22 0203 	bic.w	r2, r2, r3
10005c30:	ea12 12cc 	ands.w	r2, r2, ip, lsl #7
10005c34:	bf04      	itt	eq
10005c36:	f851 3b04 	ldreq.w	r3, [r1], #4
10005c3a:	3004      	addeq	r0, #4
10005c3c:	d0f4      	beq.n	10005c28 <strlen+0x30>
10005c3e:	f1c2 0100 	rsb	r1, r2, #0
10005c42:	ea02 0201 	and.w	r2, r2, r1
10005c46:	fab2 f282 	clz	r2, r2
10005c4a:	f1c2 021f 	rsb	r2, r2, #31
10005c4e:	eb00 00d2 	add.w	r0, r0, r2, lsr #3
10005c52:	4770      	bx	lr
10005c54:	0000      	movs	r0, r0
	...

10005c58 <__reset_non_control_endpoints_veneer>:
10005c58:	f85f f000 	ldr.w	pc, [pc]	@ 10005c5c <__reset_non_control_endpoints_veneer+0x4>
10005c5c:	200002a9 	.word	0x200002a9

10005c60 <___hw_endpoint_buffer_control_update32_veneer>:
10005c60:	f85f f000 	ldr.w	pc, [pc]	@ 10005c64 <___hw_endpoint_buffer_control_update32_veneer+0x4>
10005c64:	20000ab1 	.word	0x20000ab1

10005c68 <__e15_is_critical_frame_period_veneer>:
10005c68:	f85f f000 	ldr.w	pc, [pc]	@ 10005c6c <__e15_is_critical_frame_period_veneer+0x4>
10005c6c:	20000a7d 	.word	0x20000a7d

10005c70 <__memcpy_veneer>:
10005c70:	f85f f000 	ldr.w	pc, [pc]	@ 10005c74 <__memcpy_veneer+0x4>
10005c74:	200011a9 	.word	0x200011a9

10005c78 <__mutex_try_enter_veneer>:
10005c78:	f85f f000 	ldr.w	pc, [pc]	@ 10005c7c <__mutex_try_enter_veneer+0x4>
10005c7c:	20000111 	.word	0x20000111

10005c80 <__mutex_exit_veneer>:
10005c80:	f85f f000 	ldr.w	pc, [pc]	@ 10005c84 <__mutex_exit_veneer+0x4>
10005c84:	20000261 	.word	0x20000261

10005c88 <__mutex_enter_timeout_ms_veneer>:
10005c88:	f85f f000 	ldr.w	pc, [pc]	@ 10005c8c <__mutex_enter_timeout_ms_veneer+0x4>
10005c8c:	20000229 	.word	0x20000229

10005c90 <__memset_veneer>:
10005c90:	f85f f000 	ldr.w	pc, [pc]	@ 10005c94 <__memset_veneer+0x4>
10005c94:	20001121 	.word	0x20001121

10005c98 <__hw_endpoint_start_next_buffer_veneer>:
10005c98:	f85f f000 	ldr.w	pc, [pc]	@ 10005c9c <__hw_endpoint_start_next_buffer_veneer+0x4>
10005c9c:	20000af9 	.word	0x20000af9

10005ca0 <__e15_is_bulkin_ep_veneer>:
10005ca0:	f85f f000 	ldr.w	pc, [pc]	@ 10005ca4 <__e15_is_bulkin_ep_veneer+0x4>
10005ca4:	20000a55 	.word	0x20000a55

10005ca8 <____aeabi_uldivmod_veneer>:
10005ca8:	f85f f000 	ldr.w	pc, [pc]	@ 10005cac <____aeabi_uldivmod_veneer+0x4>
10005cac:	20000dad 	.word	0x20000dad

10005cb0 <__mutex_try_enter_block_until_veneer>:
10005cb0:	f85f f000 	ldr.w	pc, [pc]	@ 10005cb4 <__mutex_try_enter_block_until_veneer+0x4>
10005cb4:	200001f1 	.word	0x200001f1

10005cb8 <__pre_init_runtime_init_bootrom_reset>:
10005cb8:	1000195d                                ]...

10005cbc <__pre_init_runtime_init_early_resets>:
10005cbc:	100018d5                                ....

10005cc0 <__pre_init_runtime_init_usb_power_down>:
10005cc0:	10001905                                ....

10005cc4 <__pre_init_runtime_init_clocks>:
10005cc4:	100019ed                                ....

10005cc8 <__pre_init_runtime_init_post_clock_resets>:
10005cc8:	1000193d                                =...

10005ccc <__pre_init_runtime_init_boot_locks_reset>:
10005ccc:	1000185d                                ]...

10005cd0 <__pre_init_runtime_init_spin_locks_reset>:
10005cd0:	10001985                                ....

10005cd4 <__pre_init_runtime_init_bootrom_locking_enable>:
10005cd4:	10001849                                I...

10005cd8 <__pre_init_runtime_init_mutex>:
10005cd8:	10000bfd                                ....

10005cdc <__pre_init_runtime_init_install_ram_vector_table>:
10005cdc:	10001989                                ....

10005ce0 <__pre_init_runtime_init_default_alarm_pool>:
10005ce0:	10000fcd                                ....

10005ce4 <__pre_init_first_per_core_initializer>:
10005ce4:	100018a5                                ....

10005ce8 <__pre_init_runtime_init_per_core_bootrom_reset>:
10005ce8:	10001971                                q...

10005cec <__pre_init_runtime_init_per_core_enable_coprocessors>:
10005cec:	10001921                                !...

10005cf0 <__pre_init_spinlock_set_extexclall>:
10005cf0:	100007cd                                ....

10005cf4 <__pre_init_runtime_init_per_core_irq_priorities>:
10005cf4:	100007f5                                ....

10005cf8 <__init_array_start>:
10005cf8:	10003d41 	.word	0x10003d41

Disassembly of section .data:

20000110 <mutex_try_enter>:
20000110:	4603      	mov	r3, r0
20000112:	b500      	push	{lr}
20000114:	6802      	ldr	r2, [r0, #0]
20000116:	f3ef 8c10 	mrs	ip, PRIMASK
2000011a:	b672      	cpsid	i
2000011c:	e8d2 efcf 	ldaexb	lr, [r2]
20000120:	2001      	movs	r0, #1
20000122:	f1be 0f00 	cmp.w	lr, #0
20000126:	d1f9      	bne.n	2000011c <mutex_try_enter+0xc>
20000128:	e8c2 0f4e 	strexb	lr, r0, [r2]
2000012c:	f1be 0f00 	cmp.w	lr, #0
20000130:	d1f4      	bne.n	2000011c <mutex_try_enter+0xc>
20000132:	f3bf 8f5f 	dmb	sy
20000136:	f993 2004 	ldrsb.w	r2, [r3, #4]
2000013a:	2a00      	cmp	r2, #0
2000013c:	db09      	blt.n	20000152 <mutex_try_enter+0x42>
2000013e:	b101      	cbz	r1, 20000142 <mutex_try_enter+0x32>
20000140:	600a      	str	r2, [r1, #0]
20000142:	2000      	movs	r0, #0
20000144:	2200      	movs	r2, #0
20000146:	681b      	ldr	r3, [r3, #0]
20000148:	e8c3 2f8f 	stlb	r2, [r3]
2000014c:	f38c 8810 	msr	PRIMASK, ip
20000150:	bd00      	pop	{pc}
20000152:	f04f 4250 	mov.w	r2, #3489660928	@ 0xd0000000
20000156:	6812      	ldr	r2, [r2, #0]
20000158:	2001      	movs	r0, #1
2000015a:	711a      	strb	r2, [r3, #4]
2000015c:	e7f2      	b.n	20000144 <mutex_try_enter+0x34>
2000015e:	bf00      	nop

20000160 <mutex_enter_block_until>:
20000160:	f04f 4150 	mov.w	r1, #3489660928	@ 0xd0000000
20000164:	e92d 43f8 	stmdb	sp!, {r3, r4, r5, r6, r7, r8, r9, lr}
20000168:	461f      	mov	r7, r3
2000016a:	680b      	ldr	r3, [r1, #0]
2000016c:	4604      	mov	r4, r0
2000016e:	4616      	mov	r6, r2
20000170:	2500      	movs	r5, #0
20000172:	4699      	mov	r9, r3
20000174:	f8df 8074 	ldr.w	r8, [pc, #116]	@ 200001ec <mutex_enter_block_until+0x8c>
20000178:	6823      	ldr	r3, [r4, #0]
2000017a:	f3ef 8210 	mrs	r2, PRIMASK
2000017e:	b672      	cpsid	i
20000180:	e8d3 0fcf 	ldaexb	r0, [r3]
20000184:	2101      	movs	r1, #1
20000186:	2800      	cmp	r0, #0
20000188:	d1fa      	bne.n	20000180 <mutex_enter_block_until+0x20>
2000018a:	e8c3 1f40 	strexb	r0, r1, [r3]
2000018e:	2800      	cmp	r0, #0
20000190:	d1f6      	bne.n	20000180 <mutex_enter_block_until+0x20>
20000192:	f3bf 8f5f 	dmb	sy
20000196:	f994 3004 	ldrsb.w	r3, [r4, #4]
2000019a:	6821      	ldr	r1, [r4, #0]
2000019c:	2b00      	cmp	r3, #0
2000019e:	db1b      	blt.n	200001d8 <mutex_enter_block_until+0x78>
200001a0:	f898 3000 	ldrb.w	r3, [r8]
200001a4:	b2db      	uxtb	r3, r3
200001a6:	e8c1 5f8f 	stlb	r5, [r1]
200001aa:	f382 8810 	msr	PRIMASK, r2
200001ae:	f898 2000 	ldrb.w	r2, [r8]
200001b2:	429a      	cmp	r2, r3
200001b4:	d008      	beq.n	200001c8 <mutex_enter_block_until+0x68>
200001b6:	4630      	mov	r0, r6
200001b8:	4639      	mov	r1, r7
200001ba:	f001 f87d 	bl	200012b8 <__best_effort_wfe_or_timeout_veneer>
200001be:	2800      	cmp	r0, #0
200001c0:	d0da      	beq.n	20000178 <mutex_enter_block_until+0x18>
200001c2:	2000      	movs	r0, #0
200001c4:	e8bd 83f8 	ldmia.w	sp!, {r3, r4, r5, r6, r7, r8, r9, pc}
200001c8:	bf20      	wfe
200001ca:	4630      	mov	r0, r6
200001cc:	4639      	mov	r1, r7
200001ce:	f001 f873 	bl	200012b8 <__best_effort_wfe_or_timeout_veneer>
200001d2:	2800      	cmp	r0, #0
200001d4:	d0d0      	beq.n	20000178 <mutex_enter_block_until+0x18>
200001d6:	e7f4      	b.n	200001c2 <mutex_enter_block_until+0x62>
200001d8:	2300      	movs	r3, #0
200001da:	f884 9004 	strb.w	r9, [r4, #4]
200001de:	e8c1 3f8f 	stlb	r3, [r1]
200001e2:	f382 8810 	msr	PRIMASK, r2
200001e6:	2001      	movs	r0, #1
200001e8:	e8bd 83f8 	ldmia.w	sp!, {r3, r4, r5, r6, r7, r8, r9, pc}
200001ec:	200091f6 	.word	0x200091f6

200001f0 <mutex_try_enter_block_until>:
200001f0:	b570      	push	{r4, r5, r6, lr}
200001f2:	b082      	sub	sp, #8
200001f4:	a901      	add	r1, sp, #4
200001f6:	4606      	mov	r6, r0
200001f8:	4614      	mov	r4, r2
200001fa:	461d      	mov	r5, r3
200001fc:	f7ff ff88 	bl	20000110 <mutex_try_enter>
20000200:	b938      	cbnz	r0, 20000212 <mutex_try_enter_block_until+0x22>
20000202:	f04f 4350 	mov.w	r3, #3489660928	@ 0xd0000000
20000206:	f99d 2004 	ldrsb.w	r2, [sp, #4]
2000020a:	f993 3000 	ldrsb.w	r3, [r3]
2000020e:	429a      	cmp	r2, r3
20000210:	d101      	bne.n	20000216 <mutex_try_enter_block_until+0x26>
20000212:	b002      	add	sp, #8
20000214:	bd70      	pop	{r4, r5, r6, pc}
20000216:	4622      	mov	r2, r4
20000218:	462b      	mov	r3, r5
2000021a:	4630      	mov	r0, r6
2000021c:	b002      	add	sp, #8
2000021e:	e8bd 4070 	ldmia.w	sp!, {r4, r5, r6, lr}
20000222:	f7ff bf9d 	b.w	20000160 <mutex_enter_block_until>
20000226:	bf00      	nop

20000228 <mutex_enter_timeout_ms>:
20000228:	b570      	push	{r4, r5, r6, lr}
2000022a:	4605      	mov	r5, r0
2000022c:	460c      	mov	r4, r1
2000022e:	f001 f83b 	bl	200012a8 <__time_us_64_veneer>
20000232:	4602      	mov	r2, r0
20000234:	460b      	mov	r3, r1
20000236:	f44f 707a 	mov.w	r0, #1000	@ 0x3e8
2000023a:	f04f 3eff 	mov.w	lr, #4294967295	@ 0xffffffff
2000023e:	f06f 4c00 	mvn.w	ip, #2147483648	@ 0x80000000
20000242:	fbe4 2300 	umlal	r2, r3, r4, r0
20000246:	4596      	cmp	lr, r2
20000248:	eb7c 0103 	sbcs.w	r1, ip, r3
2000024c:	bf38      	it	cc
2000024e:	4672      	movcc	r2, lr
20000250:	4628      	mov	r0, r5
20000252:	e8bd 4070 	ldmia.w	sp!, {r4, r5, r6, lr}
20000256:	bf38      	it	cc
20000258:	4663      	movcc	r3, ip
2000025a:	f7ff bf81 	b.w	20000160 <mutex_enter_block_until>
2000025e:	bf00      	nop

20000260 <mutex_exit>:
20000260:	6803      	ldr	r3, [r0, #0]
20000262:	f3ef 8110 	mrs	r1, PRIMASK
20000266:	b672      	cpsid	i
20000268:	e8d3 cfcf 	ldaexb	ip, [r3]
2000026c:	2201      	movs	r2, #1
2000026e:	f1bc 0f00 	cmp.w	ip, #0
20000272:	d1f9      	bne.n	20000268 <mutex_exit+0x8>
20000274:	e8c3 2f4c 	strexb	ip, r2, [r3]
20000278:	f1bc 0f00 	cmp.w	ip, #0
2000027c:	d1f4      	bne.n	20000268 <mutex_exit+0x8>
2000027e:	f3bf 8f5f 	dmb	sy
20000282:	f04f 0cff 	mov.w	ip, #255	@ 0xff
20000286:	4a07      	ldr	r2, [pc, #28]	@ (200002a4 <mutex_exit+0x44>)
20000288:	f880 c004 	strb.w	ip, [r0, #4]
2000028c:	7813      	ldrb	r3, [r2, #0]
2000028e:	3301      	adds	r3, #1
20000290:	7013      	strb	r3, [r2, #0]
20000292:	2300      	movs	r3, #0
20000294:	6802      	ldr	r2, [r0, #0]
20000296:	e8c2 3f8f 	stlb	r3, [r2]
2000029a:	f381 8810 	msr	PRIMASK, r1
2000029e:	bf40      	sev
200002a0:	4770      	bx	lr
200002a2:	bf00      	nop
200002a4:	200091f6 	.word	0x200091f6

200002a8 <reset_non_control_endpoints>:
200002a8:	2100      	movs	r1, #0
200002aa:	b508      	push	{r3, lr}
200002ac:	4b13      	ldr	r3, [pc, #76]	@ (200002fc <reset_non_control_endpoints+0x54>)
200002ae:	f44f 7270 	mov.w	r2, #960	@ 0x3c0
200002b2:	6099      	str	r1, [r3, #8]
200002b4:	4812      	ldr	r0, [pc, #72]	@ (20000300 <reset_non_control_endpoints+0x58>)
200002b6:	60d9      	str	r1, [r3, #12]
200002b8:	6119      	str	r1, [r3, #16]
200002ba:	6159      	str	r1, [r3, #20]
200002bc:	6199      	str	r1, [r3, #24]
200002be:	61d9      	str	r1, [r3, #28]
200002c0:	6219      	str	r1, [r3, #32]
200002c2:	6259      	str	r1, [r3, #36]	@ 0x24
200002c4:	6299      	str	r1, [r3, #40]	@ 0x28
200002c6:	62d9      	str	r1, [r3, #44]	@ 0x2c
200002c8:	6319      	str	r1, [r3, #48]	@ 0x30
200002ca:	6359      	str	r1, [r3, #52]	@ 0x34
200002cc:	6399      	str	r1, [r3, #56]	@ 0x38
200002ce:	63d9      	str	r1, [r3, #60]	@ 0x3c
200002d0:	6419      	str	r1, [r3, #64]	@ 0x40
200002d2:	6459      	str	r1, [r3, #68]	@ 0x44
200002d4:	6499      	str	r1, [r3, #72]	@ 0x48
200002d6:	64d9      	str	r1, [r3, #76]	@ 0x4c
200002d8:	6519      	str	r1, [r3, #80]	@ 0x50
200002da:	6559      	str	r1, [r3, #84]	@ 0x54
200002dc:	6599      	str	r1, [r3, #88]	@ 0x58
200002de:	65d9      	str	r1, [r3, #92]	@ 0x5c
200002e0:	6619      	str	r1, [r3, #96]	@ 0x60
200002e2:	6659      	str	r1, [r3, #100]	@ 0x64
200002e4:	6699      	str	r1, [r3, #104]	@ 0x68
200002e6:	66d9      	str	r1, [r3, #108]	@ 0x6c
200002e8:	6719      	str	r1, [r3, #112]	@ 0x70
200002ea:	6759      	str	r1, [r3, #116]	@ 0x74
200002ec:	6799      	str	r1, [r3, #120]	@ 0x78
200002ee:	67d9      	str	r1, [r3, #124]	@ 0x7c
200002f0:	f000 ff16 	bl	20001120 <memset>
200002f4:	4b03      	ldr	r3, [pc, #12]	@ (20000304 <reset_non_control_endpoints+0x5c>)
200002f6:	4a04      	ldr	r2, [pc, #16]	@ (20000308 <reset_non_control_endpoints+0x60>)
200002f8:	601a      	str	r2, [r3, #0]
200002fa:	bd08      	pop	{r3, pc}
200002fc:	50100000 	.word	0x50100000
20000300:	200018a8 	.word	0x200018a8
20000304:	20001c70 	.word	0x20001c70
20000308:	50100180 	.word	0x50100180

2000030c <hw_handle_buff_status>:
2000030c:	e92d 47f0 	stmdb	sp!, {r4, r5, r6, r7, r8, r9, sl, lr}
20000310:	4b1e      	ldr	r3, [pc, #120]	@ (2000038c <hw_handle_buff_status+0x80>)
20000312:	b084      	sub	sp, #16
20000314:	f8d3 a058 	ldr.w	sl, [r3, #88]	@ 0x58
20000318:	f1ba 0f00 	cmp.w	sl, #0
2000031c:	d021      	beq.n	20000362 <hw_handle_buff_status+0x56>
2000031e:	2400      	movs	r4, #0
20000320:	2501      	movs	r5, #1
20000322:	f44f 69e0 	mov.w	r9, #1792	@ 0x700
20000326:	f8df 806c 	ldr.w	r8, [pc, #108]	@ 20000394 <hw_handle_buff_status+0x88>
2000032a:	4f19      	ldr	r7, [pc, #100]	@ (20000390 <hw_handle_buff_status+0x84>)
2000032c:	e005      	b.n	2000033a <hw_handle_buff_status+0x2e>
2000032e:	3401      	adds	r4, #1
20000330:	b2e4      	uxtb	r4, r4
20000332:	2c20      	cmp	r4, #32
20000334:	ea4f 0545 	mov.w	r5, r5, lsl #1
20000338:	d013      	beq.n	20000362 <hw_handle_buff_status+0x56>
2000033a:	ea1a 0f05 	tst.w	sl, r5
2000033e:	d0f6      	beq.n	2000032e <hw_handle_buff_status+0x22>
20000340:	43e3      	mvns	r3, r4
20000342:	f004 06fe 	and.w	r6, r4, #254	@ 0xfe
20000346:	f003 0301 	and.w	r3, r3, #1
2000034a:	441e      	add	r6, r3
2000034c:	eb07 1646 	add.w	r6, r7, r6, lsl #5
20000350:	4630      	mov	r0, r6
20000352:	f8c8 5058 	str.w	r5, [r8, #88]	@ 0x58
20000356:	f000 fc01 	bl	20000b5c <hw_endpoint_xfer_continue>
2000035a:	b928      	cbnz	r0, 20000368 <hw_handle_buff_status+0x5c>
2000035c:	ea3a 0a05 	bics.w	sl, sl, r5
20000360:	d1e5      	bne.n	2000032e <hw_handle_buff_status+0x22>
20000362:	b004      	add	sp, #16
20000364:	e8bd 87f0 	ldmia.w	sp!, {r4, r5, r6, r7, r8, r9, sl, pc}
20000368:	78b3      	ldrb	r3, [r6, #2]
2000036a:	8af2      	ldrh	r2, [r6, #22]
2000036c:	f88d 3008 	strb.w	r3, [sp, #8]
20000370:	2300      	movs	r3, #0
20000372:	a801      	add	r0, sp, #4
20000374:	2101      	movs	r1, #1
20000376:	f8ad 9004 	strh.w	r9, [sp, #4]
2000037a:	9203      	str	r2, [sp, #12]
2000037c:	f88d 3009 	strb.w	r3, [sp, #9]
20000380:	f000 fc0a 	bl	20000b98 <dcd_event_handler>
20000384:	4630      	mov	r0, r6
20000386:	f000 fb8d 	bl	20000aa4 <hw_endpoint_reset_transfer>
2000038a:	e7e7      	b.n	2000035c <hw_handle_buff_status+0x50>
2000038c:	50110000 	.word	0x50110000
20000390:	20001868 	.word	0x20001868
20000394:	50113000 	.word	0x50113000

20000398 <dcd_rp2040_irq>:
20000398:	b570      	push	{r4, r5, r6, lr}
2000039a:	4bb2      	ldr	r3, [pc, #712]	@ (20000664 <dcd_rp2040_irq+0x2cc>)
2000039c:	b086      	sub	sp, #24
2000039e:	f8d3 4098 	ldr.w	r4, [r3, #152]	@ 0x98
200003a2:	f414 3500 	ands.w	r5, r4, #131072	@ 0x20000
200003a6:	d074      	beq.n	20000492 <dcd_rp2040_irq+0xfa>
200003a8:	4aaf      	ldr	r2, [pc, #700]	@ (20000668 <dcd_rp2040_irq+0x2d0>)
200003aa:	4bb0      	ldr	r3, [pc, #704]	@ (2000066c <dcd_rp2040_irq+0x2d4>)
200003ac:	6a90      	ldr	r0, [r2, #40]	@ 0x28
200003ae:	f893 203b 	ldrb.w	r2, [r3, #59]	@ 0x3b
200003b2:	49af      	ldr	r1, [pc, #700]	@ (20000670 <dcd_rp2040_irq+0x2d8>)
200003b4:	2a02      	cmp	r2, #2
200003b6:	6008      	str	r0, [r1, #0]
200003b8:	f000 80e6 	beq.w	20000588 <dcd_rp2040_irq+0x1f0>
200003bc:	2500      	movs	r5, #0
200003be:	f893 207b 	ldrb.w	r2, [r3, #123]	@ 0x7b
200003c2:	2a02      	cmp	r2, #2
200003c4:	f000 81b2 	beq.w	2000072c <dcd_rp2040_irq+0x394>
200003c8:	f893 20bb 	ldrb.w	r2, [r3, #187]	@ 0xbb
200003cc:	2a02      	cmp	r2, #2
200003ce:	f000 81a2 	beq.w	20000716 <dcd_rp2040_irq+0x37e>
200003d2:	f893 20fb 	ldrb.w	r2, [r3, #251]	@ 0xfb
200003d6:	2a02      	cmp	r2, #2
200003d8:	f000 8192 	beq.w	20000700 <dcd_rp2040_irq+0x368>
200003dc:	f893 213b 	ldrb.w	r2, [r3, #315]	@ 0x13b
200003e0:	2a02      	cmp	r2, #2
200003e2:	f000 8181 	beq.w	200006e8 <dcd_rp2040_irq+0x350>
200003e6:	f893 217b 	ldrb.w	r2, [r3, #379]	@ 0x17b
200003ea:	2a02      	cmp	r2, #2
200003ec:	f000 8171 	beq.w	200006d2 <dcd_rp2040_irq+0x33a>
200003f0:	f893 21bb 	ldrb.w	r2, [r3, #443]	@ 0x1bb
200003f4:	2a02      	cmp	r2, #2
200003f6:	f000 8161 	beq.w	200006bc <dcd_rp2040_irq+0x324>
200003fa:	f893 21fb 	ldrb.w	r2, [r3, #507]	@ 0x1fb
200003fe:	2a02      	cmp	r2, #2
20000400:	f000 8150 	beq.w	200006a4 <dcd_rp2040_irq+0x30c>
20000404:	f893 223b 	ldrb.w	r2, [r3, #571]	@ 0x23b
20000408:	2a02      	cmp	r2, #2
2000040a:	f000 813f 	beq.w	2000068c <dcd_rp2040_irq+0x2f4>
2000040e:	f893 227b 	ldrb.w	r2, [r3, #635]	@ 0x27b
20000412:	2a02      	cmp	r2, #2
20000414:	f000 811a 	beq.w	2000064c <dcd_rp2040_irq+0x2b4>
20000418:	f893 22bb 	ldrb.w	r2, [r3, #699]	@ 0x2bb
2000041c:	2a02      	cmp	r2, #2
2000041e:	f000 8109 	beq.w	20000634 <dcd_rp2040_irq+0x29c>
20000422:	f893 22fb 	ldrb.w	r2, [r3, #763]	@ 0x2fb
20000426:	2a02      	cmp	r2, #2
20000428:	f000 80f8 	beq.w	2000061c <dcd_rp2040_irq+0x284>
2000042c:	f893 233b 	ldrb.w	r2, [r3, #827]	@ 0x33b
20000430:	2a02      	cmp	r2, #2
20000432:	f000 80e7 	beq.w	20000604 <dcd_rp2040_irq+0x26c>
20000436:	f893 237b 	ldrb.w	r2, [r3, #891]	@ 0x37b
2000043a:	2a02      	cmp	r2, #2
2000043c:	f000 80b7 	beq.w	200005ae <dcd_rp2040_irq+0x216>
20000440:	f893 23bb 	ldrb.w	r2, [r3, #955]	@ 0x3bb
20000444:	2a02      	cmp	r2, #2
20000446:	f000 817c 	beq.w	20000742 <dcd_rp2040_irq+0x3aa>
2000044a:	f893 23fb 	ldrb.w	r2, [r3, #1019]	@ 0x3fb
2000044e:	2a02      	cmp	r2, #2
20000450:	f000 80c7 	beq.w	200005e2 <dcd_rp2040_irq+0x24a>
20000454:	b93d      	cbnz	r5, 20000466 <dcd_rp2040_irq+0xce>
20000456:	4b87      	ldr	r3, [pc, #540]	@ (20000674 <dcd_rp2040_irq+0x2dc>)
20000458:	781b      	ldrb	r3, [r3, #0]
2000045a:	b923      	cbnz	r3, 20000466 <dcd_rp2040_irq+0xce>
2000045c:	f44f 3200 	mov.w	r2, #131072	@ 0x20000
20000460:	4b85      	ldr	r3, [pc, #532]	@ (20000678 <dcd_rp2040_irq+0x2e0>)
20000462:	f8c3 2090 	str.w	r2, [r3, #144]	@ 0x90
20000466:	f44f 7240 	mov.w	r2, #768	@ 0x300
2000046a:	4b7e      	ldr	r3, [pc, #504]	@ (20000664 <dcd_rp2040_irq+0x2cc>)
2000046c:	2101      	movs	r1, #1
2000046e:	6c9b      	ldr	r3, [r3, #72]	@ 0x48
20000470:	a803      	add	r0, sp, #12
20000472:	f3c3 030a 	ubfx	r3, r3, #0, #11
20000476:	9304      	str	r3, [sp, #16]
20000478:	f8ad 200c 	strh.w	r2, [sp, #12]
2000047c:	f000 fb8c 	bl	20000b98 <dcd_event_handler>
20000480:	06e3      	lsls	r3, r4, #27
20000482:	f44f 3500 	mov.w	r5, #131072	@ 0x20000
20000486:	4e7d      	ldr	r6, [pc, #500]	@ (2000067c <dcd_rp2040_irq+0x2e4>)
20000488:	d507      	bpl.n	2000049a <dcd_rp2040_irq+0x102>
2000048a:	f7ff ff3f 	bl	2000030c <hw_handle_buff_status>
2000048e:	4635      	mov	r5, r6
20000490:	e003      	b.n	2000049a <dcd_rp2040_irq+0x102>
20000492:	06e3      	lsls	r3, r4, #27
20000494:	f04f 0610 	mov.w	r6, #16
20000498:	d4f7      	bmi.n	2000048a <dcd_rp2040_irq+0xf2>
2000049a:	03e0      	lsls	r0, r4, #15
2000049c:	d51d      	bpl.n	200004da <dcd_rp2040_irq+0x142>
2000049e:	4873      	ldr	r0, [pc, #460]	@ (2000066c <dcd_rp2040_irq+0x2d4>)
200004a0:	2602      	movs	r6, #2
200004a2:	7e83      	ldrb	r3, [r0, #26]
200004a4:	f445 3580 	orr.w	r5, r5, #65536	@ 0x10000
200004a8:	bb33      	cbnz	r3, 200004f8 <dcd_rp2040_irq+0x160>
200004aa:	f04f 0301 	mov.w	r3, #1
200004ae:	2e01      	cmp	r6, #1
200004b0:	70c3      	strb	r3, [r0, #3]
200004b2:	f100 0020 	add.w	r0, r0, #32
200004b6:	d11b      	bne.n	200004f0 <dcd_rp2040_irq+0x158>
200004b8:	f44f 62c0 	mov.w	r2, #1536	@ 0x600
200004bc:	4b70      	ldr	r3, [pc, #448]	@ (20000680 <dcd_rp2040_irq+0x2e8>)
200004be:	f8ad 200c 	strh.w	r2, [sp, #12]
200004c2:	e893 0003 	ldmia.w	r3, {r0, r1}
200004c6:	e9cd 0104 	strd	r0, r1, [sp, #16]
200004ca:	4631      	mov	r1, r6
200004cc:	a803      	add	r0, sp, #12
200004ce:	f000 fb63 	bl	20000b98 <dcd_event_handler>
200004d2:	f44f 3200 	mov.w	r2, #131072	@ 0x20000
200004d6:	4b68      	ldr	r3, [pc, #416]	@ (20000678 <dcd_rp2040_irq+0x2e0>)
200004d8:	651a      	str	r2, [r3, #80]	@ 0x50
200004da:	04e1      	lsls	r1, r4, #19
200004dc:	d43e      	bmi.n	2000055c <dcd_rp2040_irq+0x1c4>
200004de:	0462      	lsls	r2, r4, #17
200004e0:	d42e      	bmi.n	20000540 <dcd_rp2040_irq+0x1a8>
200004e2:	0423      	lsls	r3, r4, #16
200004e4:	d41d      	bmi.n	20000522 <dcd_rp2040_irq+0x18a>
200004e6:	42a5      	cmp	r5, r4
200004e8:	f040 81bb 	bne.w	20000862 <dcd_rp2040_irq+0x4ca>
200004ec:	b006      	add	sp, #24
200004ee:	bd70      	pop	{r4, r5, r6, pc}
200004f0:	7e83      	ldrb	r3, [r0, #26]
200004f2:	2601      	movs	r6, #1
200004f4:	2b00      	cmp	r3, #0
200004f6:	d0d8      	beq.n	200004aa <dcd_rp2040_irq+0x112>
200004f8:	4b62      	ldr	r3, [pc, #392]	@ (20000684 <dcd_rp2040_irq+0x2ec>)
200004fa:	4a5a      	ldr	r2, [pc, #360]	@ (20000664 <dcd_rp2040_irq+0x2cc>)
200004fc:	661e      	str	r6, [r3, #96]	@ 0x60
200004fe:	6e53      	ldr	r3, [r2, #100]	@ 0x64
20000500:	ea36 0303 	bics.w	r3, r6, r3
20000504:	d1fb      	bne.n	200004fe <dcd_rp2040_irq+0x166>
20000506:	f44f 5240 	mov.w	r2, #12288	@ 0x3000
2000050a:	2100      	movs	r1, #0
2000050c:	9001      	str	r0, [sp, #4]
2000050e:	f000 facf 	bl	20000ab0 <_hw_endpoint_buffer_control_update32>
20000512:	9801      	ldr	r0, [sp, #4]
20000514:	f000 fac6 	bl	20000aa4 <hw_endpoint_reset_transfer>
20000518:	4b57      	ldr	r3, [pc, #348]	@ (20000678 <dcd_rp2040_irq+0x2e0>)
2000051a:	9801      	ldr	r0, [sp, #4]
2000051c:	665e      	str	r6, [r3, #100]	@ 0x64
2000051e:	661e      	str	r6, [r3, #96]	@ 0x60
20000520:	e7c3      	b.n	200004aa <dcd_rp2040_irq+0x112>
20000522:	f44f 63a0 	mov.w	r3, #1280	@ 0x500
20000526:	2101      	movs	r1, #1
20000528:	a803      	add	r0, sp, #12
2000052a:	f8ad 300c 	strh.w	r3, [sp, #12]
2000052e:	f000 fb33 	bl	20000b98 <dcd_event_handler>
20000532:	f44f 6200 	mov.w	r2, #2048	@ 0x800
20000536:	4b50      	ldr	r3, [pc, #320]	@ (20000678 <dcd_rp2040_irq+0x2e0>)
20000538:	f445 4500 	orr.w	r5, r5, #32768	@ 0x8000
2000053c:	651a      	str	r2, [r3, #80]	@ 0x50
2000053e:	e7d2      	b.n	200004e6 <dcd_rp2040_irq+0x14e>
20000540:	f44f 6380 	mov.w	r3, #1024	@ 0x400
20000544:	2101      	movs	r1, #1
20000546:	a803      	add	r0, sp, #12
20000548:	f8ad 300c 	strh.w	r3, [sp, #12]
2000054c:	f000 fb24 	bl	20000b98 <dcd_event_handler>
20000550:	2210      	movs	r2, #16
20000552:	4b49      	ldr	r3, [pc, #292]	@ (20000678 <dcd_rp2040_irq+0x2e0>)
20000554:	f445 4580 	orr.w	r5, r5, #16384	@ 0x4000
20000558:	651a      	str	r2, [r3, #80]	@ 0x50
2000055a:	e7c2      	b.n	200004e2 <dcd_rp2040_irq+0x14a>
2000055c:	2600      	movs	r6, #0
2000055e:	4b41      	ldr	r3, [pc, #260]	@ (20000664 <dcd_rp2040_irq+0x2cc>)
20000560:	f445 5580 	orr.w	r5, r5, #4096	@ 0x1000
20000564:	601e      	str	r6, [r3, #0]
20000566:	f7ff fe9f 	bl	200002a8 <reset_non_control_endpoints>
2000056a:	f44f 7380 	mov.w	r3, #256	@ 0x100
2000056e:	2101      	movs	r1, #1
20000570:	a803      	add	r0, sp, #12
20000572:	f8ad 300c 	strh.w	r3, [sp, #12]
20000576:	f88d 6010 	strb.w	r6, [sp, #16]
2000057a:	f000 fb0d 	bl	20000b98 <dcd_event_handler>
2000057e:	f44f 2200 	mov.w	r2, #524288	@ 0x80000
20000582:	4b3d      	ldr	r3, [pc, #244]	@ (20000678 <dcd_rp2040_irq+0x2e0>)
20000584:	651a      	str	r2, [r3, #80]	@ 0x50
20000586:	e7aa      	b.n	200004de <dcd_rp2040_irq+0x146>
20000588:	f893 503a 	ldrb.w	r5, [r3, #58]	@ 0x3a
2000058c:	2d00      	cmp	r5, #0
2000058e:	f43f af16 	beq.w	200003be <dcd_rp2040_irq+0x26>
20000592:	f893 203c 	ldrb.w	r2, [r3, #60]	@ 0x3c
20000596:	2a00      	cmp	r2, #0
20000598:	f43f af11 	beq.w	200003be <dcd_rp2040_irq+0x26>
2000059c:	2200      	movs	r2, #0
2000059e:	f103 0020 	add.w	r0, r3, #32
200005a2:	f883 203c 	strb.w	r2, [r3, #60]	@ 0x3c
200005a6:	f000 faa7 	bl	20000af8 <hw_endpoint_start_next_buffer>
200005aa:	4b30      	ldr	r3, [pc, #192]	@ (2000066c <dcd_rp2040_irq+0x2d4>)
200005ac:	e707      	b.n	200003be <dcd_rp2040_irq+0x26>
200005ae:	f893 637a 	ldrb.w	r6, [r3, #890]	@ 0x37a
200005b2:	2e00      	cmp	r6, #0
200005b4:	f43f af44 	beq.w	20000440 <dcd_rp2040_irq+0xa8>
200005b8:	f893 237c 	ldrb.w	r2, [r3, #892]	@ 0x37c
200005bc:	2a00      	cmp	r2, #0
200005be:	f040 8140 	bne.w	20000842 <dcd_rp2040_irq+0x4aa>
200005c2:	f893 23bb 	ldrb.w	r2, [r3, #955]	@ 0x3bb
200005c6:	2a02      	cmp	r2, #2
200005c8:	f040 80c4 	bne.w	20000754 <dcd_rp2040_irq+0x3bc>
200005cc:	f893 23ba 	ldrb.w	r2, [r3, #954]	@ 0x3ba
200005d0:	2a00      	cmp	r2, #0
200005d2:	f040 80bb 	bne.w	2000074c <dcd_rp2040_irq+0x3b4>
200005d6:	f893 23fb 	ldrb.w	r2, [r3, #1019]	@ 0x3fb
200005da:	2a02      	cmp	r2, #2
200005dc:	f47f af43 	bne.w	20000466 <dcd_rp2040_irq+0xce>
200005e0:	4635      	mov	r5, r6
200005e2:	f893 23fa 	ldrb.w	r2, [r3, #1018]	@ 0x3fa
200005e6:	2a00      	cmp	r2, #0
200005e8:	f43f af34 	beq.w	20000454 <dcd_rp2040_irq+0xbc>
200005ec:	f893 23fc 	ldrb.w	r2, [r3, #1020]	@ 0x3fc
200005f0:	2a00      	cmp	r2, #0
200005f2:	f43f af38 	beq.w	20000466 <dcd_rp2040_irq+0xce>
200005f6:	2200      	movs	r2, #0
200005f8:	4823      	ldr	r0, [pc, #140]	@ (20000688 <dcd_rp2040_irq+0x2f0>)
200005fa:	f883 23fc 	strb.w	r2, [r3, #1020]	@ 0x3fc
200005fe:	f000 fa7b 	bl	20000af8 <hw_endpoint_start_next_buffer>
20000602:	e730      	b.n	20000466 <dcd_rp2040_irq+0xce>
20000604:	f893 633a 	ldrb.w	r6, [r3, #826]	@ 0x33a
20000608:	2e00      	cmp	r6, #0
2000060a:	f43f af14 	beq.w	20000436 <dcd_rp2040_irq+0x9e>
2000060e:	f893 233c 	ldrb.w	r2, [r3, #828]	@ 0x33c
20000612:	2a00      	cmp	r2, #0
20000614:	f040 80a9 	bne.w	2000076a <dcd_rp2040_irq+0x3d2>
20000618:	4635      	mov	r5, r6
2000061a:	e70c      	b.n	20000436 <dcd_rp2040_irq+0x9e>
2000061c:	f893 62fa 	ldrb.w	r6, [r3, #762]	@ 0x2fa
20000620:	2e00      	cmp	r6, #0
20000622:	f43f af03 	beq.w	2000042c <dcd_rp2040_irq+0x94>
20000626:	f893 22fc 	ldrb.w	r2, [r3, #764]	@ 0x2fc
2000062a:	2a00      	cmp	r2, #0
2000062c:	f040 80af 	bne.w	2000078e <dcd_rp2040_irq+0x3f6>
20000630:	4635      	mov	r5, r6
20000632:	e6fb      	b.n	2000042c <dcd_rp2040_irq+0x94>
20000634:	f893 62ba 	ldrb.w	r6, [r3, #698]	@ 0x2ba
20000638:	2e00      	cmp	r6, #0
2000063a:	f43f aef2 	beq.w	20000422 <dcd_rp2040_irq+0x8a>
2000063e:	f893 22bc 	ldrb.w	r2, [r3, #700]	@ 0x2bc
20000642:	2a00      	cmp	r2, #0
20000644:	f040 809a 	bne.w	2000077c <dcd_rp2040_irq+0x3e4>
20000648:	4635      	mov	r5, r6
2000064a:	e6ea      	b.n	20000422 <dcd_rp2040_irq+0x8a>
2000064c:	f893 627a 	ldrb.w	r6, [r3, #634]	@ 0x27a
20000650:	2e00      	cmp	r6, #0
20000652:	f43f aee1 	beq.w	20000418 <dcd_rp2040_irq+0x80>
20000656:	f893 227c 	ldrb.w	r2, [r3, #636]	@ 0x27c
2000065a:	2a00      	cmp	r2, #0
2000065c:	f040 80cd 	bne.w	200007fa <dcd_rp2040_irq+0x462>
20000660:	4635      	mov	r5, r6
20000662:	e6d9      	b.n	20000418 <dcd_rp2040_irq+0x80>
20000664:	50110000 	.word	0x50110000
20000668:	400b0000 	.word	0x400b0000
2000066c:	20001868 	.word	0x20001868
20000670:	20001860 	.word	0x20001860
20000674:	200091f2 	.word	0x200091f2
20000678:	50113000 	.word	0x50113000
2000067c:	00020010 	.word	0x00020010
20000680:	50100000 	.word	0x50100000
20000684:	50112000 	.word	0x50112000
20000688:	20001c48 	.word	0x20001c48
2000068c:	f893 623a 	ldrb.w	r6, [r3, #570]	@ 0x23a
20000690:	2e00      	cmp	r6, #0
20000692:	f43f aebc 	beq.w	2000040e <dcd_rp2040_irq+0x76>
20000696:	f893 223c 	ldrb.w	r2, [r3, #572]	@ 0x23c
2000069a:	2a00      	cmp	r2, #0
2000069c:	f040 80a4 	bne.w	200007e8 <dcd_rp2040_irq+0x450>
200006a0:	4635      	mov	r5, r6
200006a2:	e6b4      	b.n	2000040e <dcd_rp2040_irq+0x76>
200006a4:	f893 61fa 	ldrb.w	r6, [r3, #506]	@ 0x1fa
200006a8:	2e00      	cmp	r6, #0
200006aa:	f43f aeab 	beq.w	20000404 <dcd_rp2040_irq+0x6c>
200006ae:	f893 21fc 	ldrb.w	r2, [r3, #508]	@ 0x1fc
200006b2:	2a00      	cmp	r2, #0
200006b4:	f040 808f 	bne.w	200007d6 <dcd_rp2040_irq+0x43e>
200006b8:	4635      	mov	r5, r6
200006ba:	e6a3      	b.n	20000404 <dcd_rp2040_irq+0x6c>
200006bc:	f893 61ba 	ldrb.w	r6, [r3, #442]	@ 0x1ba
200006c0:	2e00      	cmp	r6, #0
200006c2:	f43f ae9a 	beq.w	200003fa <dcd_rp2040_irq+0x62>
200006c6:	f893 21bc 	ldrb.w	r2, [r3, #444]	@ 0x1bc
200006ca:	2a00      	cmp	r2, #0
200006cc:	d17a      	bne.n	200007c4 <dcd_rp2040_irq+0x42c>
200006ce:	4635      	mov	r5, r6
200006d0:	e693      	b.n	200003fa <dcd_rp2040_irq+0x62>
200006d2:	f893 617a 	ldrb.w	r6, [r3, #378]	@ 0x17a
200006d6:	2e00      	cmp	r6, #0
200006d8:	f43f ae8a 	beq.w	200003f0 <dcd_rp2040_irq+0x58>
200006dc:	f893 217c 	ldrb.w	r2, [r3, #380]	@ 0x17c
200006e0:	2a00      	cmp	r2, #0
200006e2:	d166      	bne.n	200007b2 <dcd_rp2040_irq+0x41a>
200006e4:	4635      	mov	r5, r6
200006e6:	e683      	b.n	200003f0 <dcd_rp2040_irq+0x58>
200006e8:	f893 613a 	ldrb.w	r6, [r3, #314]	@ 0x13a
200006ec:	2e00      	cmp	r6, #0
200006ee:	f43f ae7a 	beq.w	200003e6 <dcd_rp2040_irq+0x4e>
200006f2:	f893 213c 	ldrb.w	r2, [r3, #316]	@ 0x13c
200006f6:	2a00      	cmp	r2, #0
200006f8:	f040 8091 	bne.w	2000081e <dcd_rp2040_irq+0x486>
200006fc:	4635      	mov	r5, r6
200006fe:	e672      	b.n	200003e6 <dcd_rp2040_irq+0x4e>
20000700:	f893 60fa 	ldrb.w	r6, [r3, #250]	@ 0xfa
20000704:	2e00      	cmp	r6, #0
20000706:	f43f ae69 	beq.w	200003dc <dcd_rp2040_irq+0x44>
2000070a:	f893 20fc 	ldrb.w	r2, [r3, #252]	@ 0xfc
2000070e:	2a00      	cmp	r2, #0
20000710:	d17c      	bne.n	2000080c <dcd_rp2040_irq+0x474>
20000712:	4635      	mov	r5, r6
20000714:	e662      	b.n	200003dc <dcd_rp2040_irq+0x44>
20000716:	f893 60ba 	ldrb.w	r6, [r3, #186]	@ 0xba
2000071a:	2e00      	cmp	r6, #0
2000071c:	f43f ae59 	beq.w	200003d2 <dcd_rp2040_irq+0x3a>
20000720:	f893 20bc 	ldrb.w	r2, [r3, #188]	@ 0xbc
20000724:	2a00      	cmp	r2, #0
20000726:	d13b      	bne.n	200007a0 <dcd_rp2040_irq+0x408>
20000728:	4635      	mov	r5, r6
2000072a:	e652      	b.n	200003d2 <dcd_rp2040_irq+0x3a>
2000072c:	f893 607a 	ldrb.w	r6, [r3, #122]	@ 0x7a
20000730:	2e00      	cmp	r6, #0
20000732:	f43f ae49 	beq.w	200003c8 <dcd_rp2040_irq+0x30>
20000736:	f893 207c 	ldrb.w	r2, [r3, #124]	@ 0x7c
2000073a:	2a00      	cmp	r2, #0
2000073c:	d178      	bne.n	20000830 <dcd_rp2040_irq+0x498>
2000073e:	4635      	mov	r5, r6
20000740:	e642      	b.n	200003c8 <dcd_rp2040_irq+0x30>
20000742:	f893 23ba 	ldrb.w	r2, [r3, #954]	@ 0x3ba
20000746:	2a00      	cmp	r2, #0
20000748:	f43f ae7f 	beq.w	2000044a <dcd_rp2040_irq+0xb2>
2000074c:	f893 23bc 	ldrb.w	r2, [r3, #956]	@ 0x3bc
20000750:	2a00      	cmp	r2, #0
20000752:	d17e      	bne.n	20000852 <dcd_rp2040_irq+0x4ba>
20000754:	f893 23fb 	ldrb.w	r2, [r3, #1019]	@ 0x3fb
20000758:	2a02      	cmp	r2, #2
2000075a:	f47f ae84 	bne.w	20000466 <dcd_rp2040_irq+0xce>
2000075e:	f893 23fa 	ldrb.w	r2, [r3, #1018]	@ 0x3fa
20000762:	2a00      	cmp	r2, #0
20000764:	f43f ae7f 	beq.w	20000466 <dcd_rp2040_irq+0xce>
20000768:	e740      	b.n	200005ec <dcd_rp2040_irq+0x254>
2000076a:	2200      	movs	r2, #0
2000076c:	483f      	ldr	r0, [pc, #252]	@ (2000086c <dcd_rp2040_irq+0x4d4>)
2000076e:	f883 233c 	strb.w	r2, [r3, #828]	@ 0x33c
20000772:	4635      	mov	r5, r6
20000774:	f000 f9c0 	bl	20000af8 <hw_endpoint_start_next_buffer>
20000778:	4b3d      	ldr	r3, [pc, #244]	@ (20000870 <dcd_rp2040_irq+0x4d8>)
2000077a:	e65c      	b.n	20000436 <dcd_rp2040_irq+0x9e>
2000077c:	2200      	movs	r2, #0
2000077e:	483d      	ldr	r0, [pc, #244]	@ (20000874 <dcd_rp2040_irq+0x4dc>)
20000780:	f883 22bc 	strb.w	r2, [r3, #700]	@ 0x2bc
20000784:	4635      	mov	r5, r6
20000786:	f000 f9b7 	bl	20000af8 <hw_endpoint_start_next_buffer>
2000078a:	4b39      	ldr	r3, [pc, #228]	@ (20000870 <dcd_rp2040_irq+0x4d8>)
2000078c:	e649      	b.n	20000422 <dcd_rp2040_irq+0x8a>
2000078e:	2200      	movs	r2, #0
20000790:	4839      	ldr	r0, [pc, #228]	@ (20000878 <dcd_rp2040_irq+0x4e0>)
20000792:	f883 22fc 	strb.w	r2, [r3, #764]	@ 0x2fc
20000796:	4635      	mov	r5, r6
20000798:	f000 f9ae 	bl	20000af8 <hw_endpoint_start_next_buffer>
2000079c:	4b34      	ldr	r3, [pc, #208]	@ (20000870 <dcd_rp2040_irq+0x4d8>)
2000079e:	e645      	b.n	2000042c <dcd_rp2040_irq+0x94>
200007a0:	2200      	movs	r2, #0
200007a2:	4836      	ldr	r0, [pc, #216]	@ (2000087c <dcd_rp2040_irq+0x4e4>)
200007a4:	f883 20bc 	strb.w	r2, [r3, #188]	@ 0xbc
200007a8:	4635      	mov	r5, r6
200007aa:	f000 f9a5 	bl	20000af8 <hw_endpoint_start_next_buffer>
200007ae:	4b30      	ldr	r3, [pc, #192]	@ (20000870 <dcd_rp2040_irq+0x4d8>)
200007b0:	e60f      	b.n	200003d2 <dcd_rp2040_irq+0x3a>
200007b2:	2200      	movs	r2, #0
200007b4:	4832      	ldr	r0, [pc, #200]	@ (20000880 <dcd_rp2040_irq+0x4e8>)
200007b6:	f883 217c 	strb.w	r2, [r3, #380]	@ 0x17c
200007ba:	4635      	mov	r5, r6
200007bc:	f000 f99c 	bl	20000af8 <hw_endpoint_start_next_buffer>
200007c0:	4b2b      	ldr	r3, [pc, #172]	@ (20000870 <dcd_rp2040_irq+0x4d8>)
200007c2:	e615      	b.n	200003f0 <dcd_rp2040_irq+0x58>
200007c4:	2200      	movs	r2, #0
200007c6:	482f      	ldr	r0, [pc, #188]	@ (20000884 <dcd_rp2040_irq+0x4ec>)
200007c8:	f883 21bc 	strb.w	r2, [r3, #444]	@ 0x1bc
200007cc:	4635      	mov	r5, r6
200007ce:	f000 f993 	bl	20000af8 <hw_endpoint_start_next_buffer>
200007d2:	4b27      	ldr	r3, [pc, #156]	@ (20000870 <dcd_rp2040_irq+0x4d8>)
200007d4:	e611      	b.n	200003fa <dcd_rp2040_irq+0x62>
200007d6:	2200      	movs	r2, #0
200007d8:	482b      	ldr	r0, [pc, #172]	@ (20000888 <dcd_rp2040_irq+0x4f0>)
200007da:	f883 21fc 	strb.w	r2, [r3, #508]	@ 0x1fc
200007de:	4635      	mov	r5, r6
200007e0:	f000 f98a 	bl	20000af8 <hw_endpoint_start_next_buffer>
200007e4:	4b22      	ldr	r3, [pc, #136]	@ (20000870 <dcd_rp2040_irq+0x4d8>)
200007e6:	e60d      	b.n	20000404 <dcd_rp2040_irq+0x6c>
200007e8:	2200      	movs	r2, #0
200007ea:	4828      	ldr	r0, [pc, #160]	@ (2000088c <dcd_rp2040_irq+0x4f4>)
200007ec:	f883 223c 	strb.w	r2, [r3, #572]	@ 0x23c
200007f0:	4635      	mov	r5, r6
200007f2:	f000 f981 	bl	20000af8 <hw_endpoint_start_next_buffer>
200007f6:	4b1e      	ldr	r3, [pc, #120]	@ (20000870 <dcd_rp2040_irq+0x4d8>)
200007f8:	e609      	b.n	2000040e <dcd_rp2040_irq+0x76>
200007fa:	2200      	movs	r2, #0
200007fc:	4824      	ldr	r0, [pc, #144]	@ (20000890 <dcd_rp2040_irq+0x4f8>)
200007fe:	f883 227c 	strb.w	r2, [r3, #636]	@ 0x27c
20000802:	4635      	mov	r5, r6
20000804:	f000 f978 	bl	20000af8 <hw_endpoint_start_next_buffer>
20000808:	4b19      	ldr	r3, [pc, #100]	@ (20000870 <dcd_rp2040_irq+0x4d8>)
2000080a:	e605      	b.n	20000418 <dcd_rp2040_irq+0x80>
2000080c:	2200      	movs	r2, #0
2000080e:	4821      	ldr	r0, [pc, #132]	@ (20000894 <dcd_rp2040_irq+0x4fc>)
20000810:	f883 20fc 	strb.w	r2, [r3, #252]	@ 0xfc
20000814:	4635      	mov	r5, r6
20000816:	f000 f96f 	bl	20000af8 <hw_endpoint_start_next_buffer>
2000081a:	4b15      	ldr	r3, [pc, #84]	@ (20000870 <dcd_rp2040_irq+0x4d8>)
2000081c:	e5de      	b.n	200003dc <dcd_rp2040_irq+0x44>
2000081e:	2200      	movs	r2, #0
20000820:	481d      	ldr	r0, [pc, #116]	@ (20000898 <dcd_rp2040_irq+0x500>)
20000822:	f883 213c 	strb.w	r2, [r3, #316]	@ 0x13c
20000826:	4635      	mov	r5, r6
20000828:	f000 f966 	bl	20000af8 <hw_endpoint_start_next_buffer>
2000082c:	4b10      	ldr	r3, [pc, #64]	@ (20000870 <dcd_rp2040_irq+0x4d8>)
2000082e:	e5da      	b.n	200003e6 <dcd_rp2040_irq+0x4e>
20000830:	2200      	movs	r2, #0
20000832:	481a      	ldr	r0, [pc, #104]	@ (2000089c <dcd_rp2040_irq+0x504>)
20000834:	f883 207c 	strb.w	r2, [r3, #124]	@ 0x7c
20000838:	4635      	mov	r5, r6
2000083a:	f000 f95d 	bl	20000af8 <hw_endpoint_start_next_buffer>
2000083e:	4b0c      	ldr	r3, [pc, #48]	@ (20000870 <dcd_rp2040_irq+0x4d8>)
20000840:	e5c2      	b.n	200003c8 <dcd_rp2040_irq+0x30>
20000842:	2200      	movs	r2, #0
20000844:	4816      	ldr	r0, [pc, #88]	@ (200008a0 <dcd_rp2040_irq+0x508>)
20000846:	f883 237c 	strb.w	r2, [r3, #892]	@ 0x37c
2000084a:	f000 f955 	bl	20000af8 <hw_endpoint_start_next_buffer>
2000084e:	4b08      	ldr	r3, [pc, #32]	@ (20000870 <dcd_rp2040_irq+0x4d8>)
20000850:	e6b7      	b.n	200005c2 <dcd_rp2040_irq+0x22a>
20000852:	2200      	movs	r2, #0
20000854:	4813      	ldr	r0, [pc, #76]	@ (200008a4 <dcd_rp2040_irq+0x50c>)
20000856:	f883 23bc 	strb.w	r2, [r3, #956]	@ 0x3bc
2000085a:	f000 f94d 	bl	20000af8 <hw_endpoint_start_next_buffer>
2000085e:	4b04      	ldr	r3, [pc, #16]	@ (20000870 <dcd_rp2040_irq+0x4d8>)
20000860:	e778      	b.n	20000754 <dcd_rp2040_irq+0x3bc>
20000862:	4811      	ldr	r0, [pc, #68]	@ (200008a8 <dcd_rp2040_irq+0x510>)
20000864:	ea85 0104 	eor.w	r1, r5, r4
20000868:	f000 fd1a 	bl	200012a0 <__panic_veneer>
2000086c:	20001b88 	.word	0x20001b88
20000870:	20001868 	.word	0x20001868
20000874:	20001b08 	.word	0x20001b08
20000878:	20001b48 	.word	0x20001b48
2000087c:	20001908 	.word	0x20001908
20000880:	200019c8 	.word	0x200019c8
20000884:	20001a08 	.word	0x20001a08
20000888:	20001a48 	.word	0x20001a48
2000088c:	20001a88 	.word	0x20001a88
20000890:	20001ac8 	.word	0x20001ac8
20000894:	20001948 	.word	0x20001948
20000898:	20001988 	.word	0x20001988
2000089c:	200018c8 	.word	0x200018c8
200008a0:	20001bc8 	.word	0x20001bc8
200008a4:	20001c08 	.word	0x20001c08
200008a8:	10005f60 	.word	0x10005f60

200008ac <prepare_ep_buffer>:
200008ac:	e92d 43f0 	stmdb	sp!, {r4, r5, r6, r7, r8, r9, lr}
200008b0:	8a82      	ldrh	r2, [r0, #20]
200008b2:	f8b0 e018 	ldrh.w	lr, [r0, #24]
200008b6:	4603      	mov	r3, r0
200008b8:	4596      	cmp	lr, r2
200008ba:	78c0      	ldrb	r0, [r0, #3]
200008bc:	bf28      	it	cs
200008be:	4696      	movcs	lr, r2
200008c0:	1e04      	subs	r4, r0, #0
200008c2:	bf18      	it	ne
200008c4:	2401      	movne	r4, #1
200008c6:	f080 0001 	eor.w	r0, r0, #1
200008ca:	460d      	mov	r5, r1
200008cc:	eba2 020e 	sub.w	r2, r2, lr
200008d0:	7859      	ldrb	r1, [r3, #1]
200008d2:	70d8      	strb	r0, [r3, #3]
200008d4:	b292      	uxth	r2, r2
200008d6:	f44e 6080 	orr.w	r0, lr, #1024	@ 0x400
200008da:	829a      	strh	r2, [r3, #20]
200008dc:	ea40 3044 	orr.w	r0, r0, r4, lsl #13
200008e0:	bba1      	cbnz	r1, 2000094c <prepare_ep_buffer+0xa0>
200008e2:	6919      	ldr	r1, [r3, #16]
200008e4:	f1be 0f00 	cmp.w	lr, #0
200008e8:	d02c      	beq.n	20000944 <prepare_ep_buffer+0x98>
200008ea:	f10e 34ff 	add.w	r4, lr, #4294967295	@ 0xffffffff
200008ee:	68da      	ldr	r2, [r3, #12]
200008f0:	2c05      	cmp	r4, #5
200008f2:	46a1      	mov	r9, r4
200008f4:	eb02 1885 	add.w	r8, r2, r5, lsl #6
200008f8:	d92f      	bls.n	2000095a <prepare_ep_buffer+0xae>
200008fa:	eba8 0401 	sub.w	r4, r8, r1
200008fe:	3c01      	subs	r4, #1
20000900:	2c02      	cmp	r4, #2
20000902:	46c4      	mov	ip, r8
20000904:	460a      	mov	r2, r1
20000906:	d928      	bls.n	2000095a <prepare_ep_buffer+0xae>
20000908:	ea4f 079e 	mov.w	r7, lr, lsr #2
2000090c:	eb01 0687 	add.w	r6, r1, r7, lsl #2
20000910:	f852 4b04 	ldr.w	r4, [r2], #4
20000914:	4296      	cmp	r6, r2
20000916:	f84c 4b04 	str.w	r4, [ip], #4
2000091a:	d1f9      	bne.n	20000910 <prepare_ep_buffer+0x64>
2000091c:	ebbe 0f87 	cmp.w	lr, r7, lsl #2
20000920:	d00e      	beq.n	20000940 <prepare_ep_buffer+0x94>
20000922:	f811 2027 	ldrb.w	r2, [r1, r7, lsl #2]
20000926:	ebb9 0187 	subs.w	r1, r9, r7, lsl #2
2000092a:	f808 2027 	strb.w	r2, [r8, r7, lsl #2]
2000092e:	eb08 0287 	add.w	r2, r8, r7, lsl #2
20000932:	d005      	beq.n	20000940 <prepare_ep_buffer+0x94>
20000934:	7874      	ldrb	r4, [r6, #1]
20000936:	2901      	cmp	r1, #1
20000938:	7054      	strb	r4, [r2, #1]
2000093a:	d001      	beq.n	20000940 <prepare_ep_buffer+0x94>
2000093c:	78b1      	ldrb	r1, [r6, #2]
2000093e:	7091      	strb	r1, [r2, #2]
20000940:	6919      	ldr	r1, [r3, #16]
20000942:	8a9a      	ldrh	r2, [r3, #20]
20000944:	4471      	add	r1, lr
20000946:	6119      	str	r1, [r3, #16]
20000948:	f440 4000 	orr.w	r0, r0, #32768	@ 0x8000
2000094c:	b90a      	cbnz	r2, 20000952 <prepare_ep_buffer+0xa6>
2000094e:	f440 4080 	orr.w	r0, r0, #16384	@ 0x4000
20000952:	b105      	cbz	r5, 20000956 <prepare_ep_buffer+0xaa>
20000954:	0400      	lsls	r0, r0, #16
20000956:	e8bd 83f0 	ldmia.w	sp!, {r4, r5, r6, r7, r8, r9, pc}
2000095a:	f108 32ff 	add.w	r2, r8, #4294967295	@ 0xffffffff
2000095e:	eb01 060e 	add.w	r6, r1, lr
20000962:	f811 4b01 	ldrb.w	r4, [r1], #1
20000966:	42b1      	cmp	r1, r6
20000968:	f802 4f01 	strb.w	r4, [r2, #1]!
2000096c:	d1f9      	bne.n	20000962 <prepare_ep_buffer+0xb6>
2000096e:	e7e7      	b.n	20000940 <prepare_ep_buffer+0x94>

20000970 <sync_ep_buffer>:
20000970:	6883      	ldr	r3, [r0, #8]
20000972:	e92d 41f0 	stmdb	sp!, {r4, r5, r6, r7, r8, lr}
20000976:	4605      	mov	r5, r0
20000978:	6818      	ldr	r0, [r3, #0]
2000097a:	b101      	cbz	r1, 2000097e <sync_ep_buffer+0xe>
2000097c:	0c00      	lsrs	r0, r0, #16
2000097e:	786a      	ldrb	r2, [r5, #1]
20000980:	f3c0 0009 	ubfx	r0, r0, #0, #10
20000984:	b94a      	cbnz	r2, 2000099a <sync_ep_buffer+0x2a>
20000986:	8aeb      	ldrh	r3, [r5, #22]
20000988:	4403      	add	r3, r0
2000098a:	82eb      	strh	r3, [r5, #22]
2000098c:	8b2b      	ldrh	r3, [r5, #24]
2000098e:	4283      	cmp	r3, r0
20000990:	bf84      	itt	hi
20000992:	2300      	movhi	r3, #0
20000994:	82ab      	strhhi	r3, [r5, #20]
20000996:	e8bd 81f0 	ldmia.w	sp!, {r4, r5, r6, r7, r8, pc}
2000099a:	f8d5 c010 	ldr.w	ip, [r5, #16]
2000099e:	b388      	cbz	r0, 20000a04 <sync_ep_buffer+0x94>
200009a0:	1e42      	subs	r2, r0, #1
200009a2:	68eb      	ldr	r3, [r5, #12]
200009a4:	2a05      	cmp	r2, #5
200009a6:	4616      	mov	r6, r2
200009a8:	eb03 1e81 	add.w	lr, r3, r1, lsl #6
200009ac:	d931      	bls.n	20000a12 <sync_ep_buffer+0xa2>
200009ae:	0189      	lsls	r1, r1, #6
200009b0:	1c4c      	adds	r4, r1, #1
200009b2:	441c      	add	r4, r3
200009b4:	ebac 0404 	sub.w	r4, ip, r4
200009b8:	2c02      	cmp	r4, #2
200009ba:	4662      	mov	r2, ip
200009bc:	d929      	bls.n	20000a12 <sync_ep_buffer+0xa2>
200009be:	f400 717f 	and.w	r1, r0, #1020	@ 0x3fc
200009c2:	4673      	mov	r3, lr
200009c4:	460f      	mov	r7, r1
200009c6:	ea4f 0890 	mov.w	r8, r0, lsr #2
200009ca:	185c      	adds	r4, r3, r1
200009cc:	f853 1b04 	ldr.w	r1, [r3], #4
200009d0:	42a3      	cmp	r3, r4
200009d2:	f842 1b04 	str.w	r1, [r2], #4
200009d6:	d1f9      	bne.n	200009cc <sync_ep_buffer+0x5c>
200009d8:	42b8      	cmp	r0, r7
200009da:	d011      	beq.n	20000a00 <sync_ep_buffer+0x90>
200009dc:	f81e 3028 	ldrb.w	r3, [lr, r8, lsl #2]
200009e0:	44be      	add	lr, r7
200009e2:	f80c 3028 	strb.w	r3, [ip, r8, lsl #2]
200009e6:	1bf3      	subs	r3, r6, r7
200009e8:	44bc      	add	ip, r7
200009ea:	d009      	beq.n	20000a00 <sync_ep_buffer+0x90>
200009ec:	f89e 2001 	ldrb.w	r2, [lr, #1]
200009f0:	2b01      	cmp	r3, #1
200009f2:	f88c 2001 	strb.w	r2, [ip, #1]
200009f6:	d003      	beq.n	20000a00 <sync_ep_buffer+0x90>
200009f8:	f89e 3002 	ldrb.w	r3, [lr, #2]
200009fc:	f88c 3002 	strb.w	r3, [ip, #2]
20000a00:	f8d5 c010 	ldr.w	ip, [r5, #16]
20000a04:	8aea      	ldrh	r2, [r5, #22]
20000a06:	eb0c 0300 	add.w	r3, ip, r0
20000a0a:	4402      	add	r2, r0
20000a0c:	82ea      	strh	r2, [r5, #22]
20000a0e:	612b      	str	r3, [r5, #16]
20000a10:	e7bc      	b.n	2000098c <sync_ep_buffer+0x1c>
20000a12:	f10c 3cff 	add.w	ip, ip, #4294967295	@ 0xffffffff
20000a16:	eb0e 0200 	add.w	r2, lr, r0
20000a1a:	f81e 3b01 	ldrb.w	r3, [lr], #1
20000a1e:	4572      	cmp	r2, lr
20000a20:	f80c 3f01 	strb.w	r3, [ip, #1]!
20000a24:	d1f9      	bne.n	20000a1a <sync_ep_buffer+0xaa>
20000a26:	e7eb      	b.n	20000a00 <sync_ep_buffer+0x90>

20000a28 <_hw_endpoint_xfer_sync>:
20000a28:	b510      	push	{r4, lr}
20000a2a:	4604      	mov	r4, r0
20000a2c:	6883      	ldr	r3, [r0, #8]
20000a2e:	2100      	movs	r1, #0
20000a30:	681b      	ldr	r3, [r3, #0]
20000a32:	f7ff ff9d 	bl	20000970 <sync_ep_buffer>
20000a36:	6863      	ldr	r3, [r4, #4]
20000a38:	681b      	ldr	r3, [r3, #0]
20000a3a:	005b      	lsls	r3, r3, #1
20000a3c:	d502      	bpl.n	20000a44 <_hw_endpoint_xfer_sync+0x1c>
20000a3e:	8b23      	ldrh	r3, [r4, #24]
20000a40:	4283      	cmp	r3, r0
20000a42:	d000      	beq.n	20000a46 <_hw_endpoint_xfer_sync+0x1e>
20000a44:	bd10      	pop	{r4, pc}
20000a46:	4620      	mov	r0, r4
20000a48:	e8bd 4010 	ldmia.w	sp!, {r4, lr}
20000a4c:	2101      	movs	r1, #1
20000a4e:	f7ff bf8f 	b.w	20000970 <sync_ep_buffer>
20000a52:	bf00      	nop

20000a54 <e15_is_bulkin_ep>:
20000a54:	4b08      	ldr	r3, [pc, #32]	@ (20000a78 <e15_is_bulkin_ep+0x24>)
20000a56:	6c1b      	ldr	r3, [r3, #64]	@ 0x40
20000a58:	f013 0302 	ands.w	r3, r3, #2
20000a5c:	d102      	bne.n	20000a64 <e15_is_bulkin_ep+0x10>
20000a5e:	7882      	ldrb	r2, [r0, #2]
20000a60:	09d2      	lsrs	r2, r2, #7
20000a62:	d101      	bne.n	20000a68 <e15_is_bulkin_ep+0x14>
20000a64:	2000      	movs	r0, #0
20000a66:	4770      	bx	lr
20000a68:	7ec0      	ldrb	r0, [r0, #27]
20000a6a:	f1a0 0002 	sub.w	r0, r0, #2
20000a6e:	fab0 f080 	clz	r0, r0
20000a72:	0940      	lsrs	r0, r0, #5
20000a74:	4770      	bx	lr
20000a76:	bf00      	nop
20000a78:	50110000 	.word	0x50110000

20000a7c <e15_is_critical_frame_period>:
20000a7c:	b508      	push	{r3, lr}
20000a7e:	f7ff ffe9 	bl	20000a54 <e15_is_bulkin_ep>
20000a82:	b150      	cbz	r0, 20000a9a <e15_is_critical_frame_period+0x1e>
20000a84:	4a05      	ldr	r2, [pc, #20]	@ (20000a9c <e15_is_critical_frame_period+0x20>)
20000a86:	4b06      	ldr	r3, [pc, #24]	@ (20000aa0 <e15_is_critical_frame_period+0x24>)
20000a88:	6a90      	ldr	r0, [r2, #40]	@ 0x28
20000a8a:	681b      	ldr	r3, [r3, #0]
20000a8c:	f5a0 7048 	sub.w	r0, r0, #800	@ 0x320
20000a90:	1ac0      	subs	r0, r0, r3
20000a92:	28c6      	cmp	r0, #198	@ 0xc6
20000a94:	bf8c      	ite	hi
20000a96:	2000      	movhi	r0, #0
20000a98:	2001      	movls	r0, #1
20000a9a:	bd08      	pop	{r3, pc}
20000a9c:	400b0000 	.word	0x400b0000
20000aa0:	20001860 	.word	0x20001860

20000aa4 <hw_endpoint_reset_transfer>:
20000aa4:	2300      	movs	r3, #0
20000aa6:	e9c0 3304 	strd	r3, r3, [r0, #16]
20000aaa:	7683      	strb	r3, [r0, #26]
20000aac:	4770      	bx	lr
20000aae:	bf00      	nop

20000ab0 <_hw_endpoint_buffer_control_update32>:
20000ab0:	b508      	push	{r3, lr}
20000ab2:	6883      	ldr	r3, [r0, #8]
20000ab4:	b119      	cbz	r1, 20000abe <_hw_endpoint_buffer_control_update32+0xe>
20000ab6:	f8d3 c000 	ldr.w	ip, [r3]
20000aba:	ea01 010c 	and.w	r1, r1, ip
20000abe:	b18a      	cbz	r2, 20000ae4 <_hw_endpoint_buffer_control_update32+0x34>
20000ac0:	4311      	orrs	r1, r2
20000ac2:	0552      	lsls	r2, r2, #21
20000ac4:	d50e      	bpl.n	20000ae4 <_hw_endpoint_buffer_control_update32+0x34>
20000ac6:	681a      	ldr	r2, [r3, #0]
20000ac8:	0552      	lsls	r2, r2, #21
20000aca:	d40d      	bmi.n	20000ae8 <_hw_endpoint_buffer_control_update32+0x38>
20000acc:	4a08      	ldr	r2, [pc, #32]	@ (20000af0 <_hw_endpoint_buffer_control_update32+0x40>)
20000ace:	f421 6c80 	bic.w	ip, r1, #1024	@ 0x400
20000ad2:	f8c3 c000 	str.w	ip, [r3]
20000ad6:	6c12      	ldr	r2, [r2, #64]	@ 0x40
20000ad8:	0792      	lsls	r2, r2, #30
20000ada:	d403      	bmi.n	20000ae4 <_hw_endpoint_buffer_control_update32+0x34>
20000adc:	230c      	movs	r3, #12
20000ade:	3b03      	subs	r3, #3
20000ae0:	d2fd      	bcs.n	20000ade <_hw_endpoint_buffer_control_update32+0x2e>
20000ae2:	6883      	ldr	r3, [r0, #8]
20000ae4:	6019      	str	r1, [r3, #0]
20000ae6:	bd08      	pop	{r3, pc}
20000ae8:	7881      	ldrb	r1, [r0, #2]
20000aea:	4802      	ldr	r0, [pc, #8]	@ (20000af4 <_hw_endpoint_buffer_control_update32+0x44>)
20000aec:	f000 fbd8 	bl	200012a0 <__panic_veneer>
20000af0:	50110000 	.word	0x50110000
20000af4:	10005f74 	.word	0x10005f74

20000af8 <hw_endpoint_start_next_buffer>:
20000af8:	b530      	push	{r4, r5, lr}
20000afa:	6843      	ldr	r3, [r0, #4]
20000afc:	2100      	movs	r1, #0
20000afe:	b083      	sub	sp, #12
20000b00:	4605      	mov	r5, r0
20000b02:	681c      	ldr	r4, [r3, #0]
20000b04:	f7ff fed2 	bl	200008ac <prepare_ep_buffer>
20000b08:	4b13      	ldr	r3, [pc, #76]	@ (20000b58 <hw_endpoint_start_next_buffer+0x60>)
20000b0a:	f440 5280 	orr.w	r2, r0, #4096	@ 0x1000
20000b0e:	6c19      	ldr	r1, [r3, #64]	@ 0x40
20000b10:	78ab      	ldrb	r3, [r5, #2]
20000b12:	0789      	lsls	r1, r1, #30
20000b14:	d50e      	bpl.n	20000b34 <hw_endpoint_start_next_buffer+0x3c>
20000b16:	065b      	lsls	r3, r3, #25
20000b18:	d00e      	beq.n	20000b38 <hw_endpoint_start_next_buffer+0x40>
20000b1a:	f024 44a0 	bic.w	r4, r4, #1342177280	@ 0x50000000
20000b1e:	f044 5400 	orr.w	r4, r4, #536870912	@ 0x20000000
20000b22:	2100      	movs	r1, #0
20000b24:	4628      	mov	r0, r5
20000b26:	686b      	ldr	r3, [r5, #4]
20000b28:	601c      	str	r4, [r3, #0]
20000b2a:	b003      	add	sp, #12
20000b2c:	e8bd 4030 	ldmia.w	sp!, {r4, r5, lr}
20000b30:	f7ff bfbe 	b.w	20000ab0 <_hw_endpoint_buffer_control_update32>
20000b34:	09db      	lsrs	r3, r3, #7
20000b36:	d0f0      	beq.n	20000b1a <hw_endpoint_start_next_buffer+0x22>
20000b38:	8aab      	ldrh	r3, [r5, #20]
20000b3a:	2b00      	cmp	r3, #0
20000b3c:	d0ed      	beq.n	20000b1a <hw_endpoint_start_next_buffer+0x22>
20000b3e:	2101      	movs	r1, #1
20000b40:	4628      	mov	r0, r5
20000b42:	9201      	str	r2, [sp, #4]
20000b44:	f7ff feb2 	bl	200008ac <prepare_ep_buffer>
20000b48:	9a01      	ldr	r2, [sp, #4]
20000b4a:	f024 5400 	bic.w	r4, r4, #536870912	@ 0x20000000
20000b4e:	4302      	orrs	r2, r0
20000b50:	f044 44a0 	orr.w	r4, r4, #1342177280	@ 0x50000000
20000b54:	e7e5      	b.n	20000b22 <hw_endpoint_start_next_buffer+0x2a>
20000b56:	bf00      	nop
20000b58:	50110000 	.word	0x50110000

20000b5c <hw_endpoint_xfer_continue>:
20000b5c:	b538      	push	{r3, r4, r5, lr}
20000b5e:	7e85      	ldrb	r5, [r0, #26]
20000b60:	4604      	mov	r4, r0
20000b62:	b195      	cbz	r5, 20000b8a <hw_endpoint_xfer_continue+0x2e>
20000b64:	f7ff ff60 	bl	20000a28 <_hw_endpoint_xfer_sync>
20000b68:	8aa3      	ldrh	r3, [r4, #20]
20000b6a:	b90b      	cbnz	r3, 20000b70 <hw_endpoint_xfer_continue+0x14>
20000b6c:	4628      	mov	r0, r5
20000b6e:	bd38      	pop	{r3, r4, r5, pc}
20000b70:	4620      	mov	r0, r4
20000b72:	f7ff ff83 	bl	20000a7c <e15_is_critical_frame_period>
20000b76:	b120      	cbz	r0, 20000b82 <hw_endpoint_xfer_continue+0x26>
20000b78:	2301      	movs	r3, #1
20000b7a:	7723      	strb	r3, [r4, #28]
20000b7c:	2500      	movs	r5, #0
20000b7e:	4628      	mov	r0, r5
20000b80:	bd38      	pop	{r3, r4, r5, pc}
20000b82:	4620      	mov	r0, r4
20000b84:	f7ff ffb8 	bl	20000af8 <hw_endpoint_start_next_buffer>
20000b88:	e7f8      	b.n	20000b7c <hw_endpoint_xfer_continue+0x20>
20000b8a:	7881      	ldrb	r1, [r0, #2]
20000b8c:	4801      	ldr	r0, [pc, #4]	@ (20000b94 <hw_endpoint_xfer_continue+0x38>)
20000b8e:	f000 fb87 	bl	200012a0 <__panic_veneer>
20000b92:	bf00      	nop
20000b94:	10005f94 	.word	0x10005f94

20000b98 <dcd_event_handler>:
20000b98:	b570      	push	{r4, r5, r6, lr}
20000b9a:	7843      	ldrb	r3, [r0, #1]
20000b9c:	4604      	mov	r4, r0
20000b9e:	3b02      	subs	r3, #2
20000ba0:	460e      	mov	r6, r1
20000ba2:	b086      	sub	sp, #24
20000ba4:	2b04      	cmp	r3, #4
20000ba6:	d813      	bhi.n	20000bd0 <dcd_event_handler+0x38>
20000ba8:	e8df f003 	tbb	[pc, r3]
20000bac:	70674903 	.word	0x70674903
20000bb0:	44          	.byte	0x44
20000bb1:	00          	.byte	0x00
20000bb2:	2100      	movs	r1, #0
20000bb4:	4b77      	ldr	r3, [pc, #476]	@ (20000d94 <dcd_event_handler+0x1fc>)
20000bb6:	781a      	ldrb	r2, [r3, #0]
20000bb8:	f022 0201 	bic.w	r2, r2, #1
20000bbc:	701a      	strb	r2, [r3, #0]
20000bbe:	781a      	ldrb	r2, [r3, #0]
20000bc0:	f022 0202 	bic.w	r2, r2, #2
20000bc4:	701a      	strb	r2, [r3, #0]
20000bc6:	7059      	strb	r1, [r3, #1]
20000bc8:	781a      	ldrb	r2, [r3, #0]
20000bca:	f361 0282 	bfi	r2, r1, #2, #1
20000bce:	701a      	strb	r2, [r3, #0]
20000bd0:	4b71      	ldr	r3, [pc, #452]	@ (20000d98 <dcd_event_handler+0x200>)
20000bd2:	681b      	ldr	r3, [r3, #0]
20000bd4:	695a      	ldr	r2, [r3, #20]
20000bd6:	f3ef 8010 	mrs	r0, PRIMASK
20000bda:	b672      	cpsid	i
20000bdc:	e8d2 cfcf 	ldaexb	ip, [r2]
20000be0:	2101      	movs	r1, #1
20000be2:	f1bc 0f00 	cmp.w	ip, #0
20000be6:	d1f9      	bne.n	20000bdc <dcd_event_handler+0x44>
20000be8:	e8c2 1f4c 	strexb	ip, r1, [r2]
20000bec:	f1bc 0f00 	cmp.w	ip, #0
20000bf0:	d1f4      	bne.n	20000bdc <dcd_event_handler+0x44>
20000bf2:	f3bf 8f5f 	dmb	sy
20000bf6:	4621      	mov	r1, r4
20000bf8:	6198      	str	r0, [r3, #24]
20000bfa:	4618      	mov	r0, r3
20000bfc:	9301      	str	r3, [sp, #4]
20000bfe:	f000 fb57 	bl	200012b0 <__tu_fifo_write_veneer>
20000c02:	9b01      	ldr	r3, [sp, #4]
20000c04:	2200      	movs	r2, #0
20000c06:	6959      	ldr	r1, [r3, #20]
20000c08:	e8c1 2f8f 	stlb	r2, [r1]
20000c0c:	699b      	ldr	r3, [r3, #24]
20000c0e:	f383 8810 	msr	PRIMASK, r3
20000c12:	b940      	cbnz	r0, 20000c26 <dcd_event_handler+0x8e>
20000c14:	f04f 23e0 	mov.w	r3, #3758153728	@ 0xe000e000
20000c18:	f8d3 3df0 	ldr.w	r3, [r3, #3568]	@ 0xdf0
20000c1c:	07db      	lsls	r3, r3, #31
20000c1e:	d507      	bpl.n	20000c30 <dcd_event_handler+0x98>
20000c20:	be00      	bkpt	0x0000
20000c22:	b006      	add	sp, #24
20000c24:	bd70      	pop	{r4, r5, r6, pc}
20000c26:	4632      	mov	r2, r6
20000c28:	7861      	ldrb	r1, [r4, #1]
20000c2a:	7820      	ldrb	r0, [r4, #0]
20000c2c:	f000 fb34 	bl	20001298 <__tud_event_hook_cb_veneer>
20000c30:	b006      	add	sp, #24
20000c32:	bd70      	pop	{r4, r5, r6, pc}
20000c34:	4a59      	ldr	r2, [pc, #356]	@ (20000d9c <dcd_event_handler+0x204>)
20000c36:	7813      	ldrb	r3, [r2, #0]
20000c38:	3301      	adds	r3, #1
20000c3a:	7013      	strb	r3, [r2, #0]
20000c3c:	e7c8      	b.n	20000bd0 <dcd_event_handler+0x38>
20000c3e:	2200      	movs	r2, #0
20000c40:	4b57      	ldr	r3, [pc, #348]	@ (20000da0 <dcd_event_handler+0x208>)
20000c42:	7818      	ldrb	r0, [r3, #0]
20000c44:	4613      	mov	r3, r2
20000c46:	e011      	b.n	20000c6c <dcd_event_handler+0xd4>
20000c48:	4956      	ldr	r1, [pc, #344]	@ (20000da4 <dcd_event_handler+0x20c>)
20000c4a:	6809      	ldr	r1, [r1, #0]
20000c4c:	eb11 1343 	adds.w	r3, r1, r3, lsl #5
20000c50:	d008      	beq.n	20000c64 <dcd_event_handler+0xcc>
20000c52:	69db      	ldr	r3, [r3, #28]
20000c54:	b133      	cbz	r3, 20000c64 <dcd_event_handler+0xcc>
20000c56:	7820      	ldrb	r0, [r4, #0]
20000c58:	6861      	ldr	r1, [r4, #4]
20000c5a:	9201      	str	r2, [sp, #4]
20000c5c:	4798      	blx	r3
20000c5e:	4b50      	ldr	r3, [pc, #320]	@ (20000da0 <dcd_event_handler+0x208>)
20000c60:	9a01      	ldr	r2, [sp, #4]
20000c62:	7818      	ldrb	r0, [r3, #0]
20000c64:	3201      	adds	r2, #1
20000c66:	b2d3      	uxtb	r3, r2
20000c68:	4283      	cmp	r3, r0
20000c6a:	d818      	bhi.n	20000c9e <dcd_event_handler+0x106>
20000c6c:	4298      	cmp	r0, r3
20000c6e:	d8eb      	bhi.n	20000c48 <dcd_event_handler+0xb0>
20000c70:	494d      	ldr	r1, [pc, #308]	@ (20000da8 <dcd_event_handler+0x210>)
20000c72:	1a1b      	subs	r3, r3, r0
20000c74:	eb01 1343 	add.w	r3, r1, r3, lsl #5
20000c78:	e7eb      	b.n	20000c52 <dcd_event_handler+0xba>
20000c7a:	4b46      	ldr	r3, [pc, #280]	@ (20000d94 <dcd_event_handler+0x1fc>)
20000c7c:	781a      	ldrb	r2, [r3, #0]
20000c7e:	07d2      	lsls	r2, r2, #31
20000c80:	d5d6      	bpl.n	20000c30 <dcd_event_handler+0x98>
20000c82:	781a      	ldrb	r2, [r3, #0]
20000c84:	f042 0204 	orr.w	r2, r2, #4
20000c88:	701a      	strb	r2, [r3, #0]
20000c8a:	e7a1      	b.n	20000bd0 <dcd_event_handler+0x38>
20000c8c:	4b41      	ldr	r3, [pc, #260]	@ (20000d94 <dcd_event_handler+0x1fc>)
20000c8e:	781a      	ldrb	r2, [r3, #0]
20000c90:	07d5      	lsls	r5, r2, #31
20000c92:	d5cd      	bpl.n	20000c30 <dcd_event_handler+0x98>
20000c94:	781a      	ldrb	r2, [r3, #0]
20000c96:	f022 0204 	bic.w	r2, r2, #4
20000c9a:	701a      	strb	r2, [r3, #0]
20000c9c:	e798      	b.n	20000bd0 <dcd_event_handler+0x38>
20000c9e:	4b3d      	ldr	r3, [pc, #244]	@ (20000d94 <dcd_event_handler+0x1fc>)
20000ca0:	781a      	ldrb	r2, [r3, #0]
20000ca2:	0750      	lsls	r0, r2, #29
20000ca4:	d433      	bmi.n	20000d0e <dcd_event_handler+0x176>
20000ca6:	78db      	ldrb	r3, [r3, #3]
20000ca8:	07da      	lsls	r2, r3, #31
20000caa:	d5c1      	bpl.n	20000c30 <dcd_event_handler+0x98>
20000cac:	2203      	movs	r2, #3
20000cae:	4b3a      	ldr	r3, [pc, #232]	@ (20000d98 <dcd_event_handler+0x200>)
20000cb0:	7820      	ldrb	r0, [r4, #0]
20000cb2:	6861      	ldr	r1, [r4, #4]
20000cb4:	681b      	ldr	r3, [r3, #0]
20000cb6:	f88d 000c 	strb.w	r0, [sp, #12]
20000cba:	f88d 200d 	strb.w	r2, [sp, #13]
20000cbe:	695a      	ldr	r2, [r3, #20]
20000cc0:	9104      	str	r1, [sp, #16]
20000cc2:	f3ef 8110 	mrs	r1, PRIMASK
20000cc6:	b672      	cpsid	i
20000cc8:	e8d2 4fcf 	ldaexb	r4, [r2]
20000ccc:	2001      	movs	r0, #1
20000cce:	2c00      	cmp	r4, #0
20000cd0:	d1fa      	bne.n	20000cc8 <dcd_event_handler+0x130>
20000cd2:	e8c2 0f44 	strexb	r4, r0, [r2]
20000cd6:	2c00      	cmp	r4, #0
20000cd8:	d1f6      	bne.n	20000cc8 <dcd_event_handler+0x130>
20000cda:	f3bf 8f5f 	dmb	sy
20000cde:	6199      	str	r1, [r3, #24]
20000ce0:	4618      	mov	r0, r3
20000ce2:	a903      	add	r1, sp, #12
20000ce4:	9301      	str	r3, [sp, #4]
20000ce6:	f000 fae3 	bl	200012b0 <__tu_fifo_write_veneer>
20000cea:	9b01      	ldr	r3, [sp, #4]
20000cec:	2200      	movs	r2, #0
20000cee:	6959      	ldr	r1, [r3, #20]
20000cf0:	e8c1 2f8f 	stlb	r2, [r1]
20000cf4:	699b      	ldr	r3, [r3, #24]
20000cf6:	f383 8810 	msr	PRIMASK, r3
20000cfa:	2800      	cmp	r0, #0
20000cfc:	d08a      	beq.n	20000c14 <dcd_event_handler+0x7c>
20000cfe:	4632      	mov	r2, r6
20000d00:	f89d 100d 	ldrb.w	r1, [sp, #13]
20000d04:	f89d 000c 	ldrb.w	r0, [sp, #12]
20000d08:	f000 fac6 	bl	20001298 <__tud_event_hook_cb_veneer>
20000d0c:	e790      	b.n	20000c30 <dcd_event_handler+0x98>
20000d0e:	2500      	movs	r5, #0
20000d10:	2005      	movs	r0, #5
20000d12:	7819      	ldrb	r1, [r3, #0]
20000d14:	e9cd 5504 	strd	r5, r5, [sp, #16]
20000d18:	f021 0104 	bic.w	r1, r1, #4
20000d1c:	9503      	str	r5, [sp, #12]
20000d1e:	7019      	strb	r1, [r3, #0]
20000d20:	f88d 000d 	strb.w	r0, [sp, #13]
20000d24:	4a1c      	ldr	r2, [pc, #112]	@ (20000d98 <dcd_event_handler+0x200>)
20000d26:	7821      	ldrb	r1, [r4, #0]
20000d28:	6812      	ldr	r2, [r2, #0]
20000d2a:	f88d 100c 	strb.w	r1, [sp, #12]
20000d2e:	6951      	ldr	r1, [r2, #20]
20000d30:	f3ef 8010 	mrs	r0, PRIMASK
20000d34:	b672      	cpsid	i
20000d36:	e8d1 efcf 	ldaexb	lr, [r1]
20000d3a:	f05f 0c01 	movs.w	ip, #1
20000d3e:	f1be 0f00 	cmp.w	lr, #0
20000d42:	d1f8      	bne.n	20000d36 <dcd_event_handler+0x19e>
20000d44:	e8c1 cf4e 	strexb	lr, ip, [r1]
20000d48:	f1be 0f00 	cmp.w	lr, #0
20000d4c:	d1f3      	bne.n	20000d36 <dcd_event_handler+0x19e>
20000d4e:	f3bf 8f5f 	dmb	sy
20000d52:	6190      	str	r0, [r2, #24]
20000d54:	a903      	add	r1, sp, #12
20000d56:	4610      	mov	r0, r2
20000d58:	9201      	str	r2, [sp, #4]
20000d5a:	f000 faa9 	bl	200012b0 <__tu_fifo_write_veneer>
20000d5e:	9a01      	ldr	r2, [sp, #4]
20000d60:	6951      	ldr	r1, [r2, #20]
20000d62:	e8c1 5f8f 	stlb	r5, [r1]
20000d66:	6992      	ldr	r2, [r2, #24]
20000d68:	f382 8810 	msr	PRIMASK, r2
20000d6c:	4b09      	ldr	r3, [pc, #36]	@ (20000d94 <dcd_event_handler+0x1fc>)
20000d6e:	b938      	cbnz	r0, 20000d80 <dcd_event_handler+0x1e8>
20000d70:	f04f 22e0 	mov.w	r2, #3758153728	@ 0xe000e000
20000d74:	f8d2 2df0 	ldr.w	r2, [r2, #3568]	@ 0xdf0
20000d78:	07d1      	lsls	r1, r2, #31
20000d7a:	d594      	bpl.n	20000ca6 <dcd_event_handler+0x10e>
20000d7c:	be00      	bkpt	0x0000
20000d7e:	e792      	b.n	20000ca6 <dcd_event_handler+0x10e>
20000d80:	4632      	mov	r2, r6
20000d82:	f89d 100d 	ldrb.w	r1, [sp, #13]
20000d86:	f89d 000c 	ldrb.w	r0, [sp, #12]
20000d8a:	f000 fa85 	bl	20001298 <__tud_event_hook_cb_veneer>
20000d8e:	4b01      	ldr	r3, [pc, #4]	@ (20000d94 <dcd_event_handler+0x1fc>)
20000d90:	e789      	b.n	20000ca6 <dcd_event_handler+0x10e>
20000d92:	bf00      	nop
20000d94:	200016e0 	.word	0x200016e0
20000d98:	20001738 	.word	0x20001738
20000d9c:	200091f3 	.word	0x200091f3
20000da0:	200091f1 	.word	0x200091f1
20000da4:	200015d8 	.word	0x200015d8
20000da8:	100061ec 	.word	0x100061ec

20000dac <__aeabi_uldivmod>:
20000dac:	b953      	cbnz	r3, 20000dc4 <__aeabi_uldivmod+0x18>
20000dae:	b94a      	cbnz	r2, 20000dc4 <__aeabi_uldivmod+0x18>
20000db0:	2900      	cmp	r1, #0
20000db2:	bf08      	it	eq
20000db4:	2800      	cmpeq	r0, #0
20000db6:	bf1c      	itt	ne
20000db8:	f04f 31ff 	movne.w	r1, #4294967295	@ 0xffffffff
20000dbc:	f04f 30ff 	movne.w	r0, #4294967295	@ 0xffffffff
20000dc0:	f000 b9ac 	b.w	2000111c <__aeabi_idiv0>
20000dc4:	f1ad 0c08 	sub.w	ip, sp, #8
20000dc8:	e96d ce04 	strd	ip, lr, [sp, #-16]!
20000dcc:	f000 f806 	bl	20000ddc <__udivmoddi4>
20000dd0:	f8dd e004 	ldr.w	lr, [sp, #4]
20000dd4:	e9dd 2302 	ldrd	r2, r3, [sp, #8]
20000dd8:	b004      	add	sp, #16
20000dda:	4770      	bx	lr

20000ddc <__udivmoddi4>:
20000ddc:	e92d 47f0 	stmdb	sp!, {r4, r5, r6, r7, r8, r9, sl, lr}
20000de0:	4606      	mov	r6, r0
20000de2:	b082      	sub	sp, #8
20000de4:	4617      	mov	r7, r2
20000de6:	4608      	mov	r0, r1
20000de8:	9a0a      	ldr	r2, [sp, #40]	@ 0x28
20000dea:	46b4      	mov	ip, r6
20000dec:	460d      	mov	r5, r1
20000dee:	2b00      	cmp	r3, #0
20000df0:	d14d      	bne.n	20000e8e <__udivmoddi4+0xb2>
20000df2:	428f      	cmp	r7, r1
20000df4:	46be      	mov	lr, r7
20000df6:	d965      	bls.n	20000ec4 <__udivmoddi4+0xe8>
20000df8:	fab7 f187 	clz	r1, r7
20000dfc:	b149      	cbz	r1, 20000e12 <__udivmoddi4+0x36>
20000dfe:	f1c1 0320 	rsb	r3, r1, #32
20000e02:	408d      	lsls	r5, r1
20000e04:	fa07 fe01 	lsl.w	lr, r7, r1
20000e08:	fa06 fc01 	lsl.w	ip, r6, r1
20000e0c:	fa26 f303 	lsr.w	r3, r6, r3
20000e10:	431d      	orrs	r5, r3
20000e12:	ea4f 461e 	mov.w	r6, lr, lsr #16
20000e16:	fa1f f08e 	uxth.w	r0, lr
20000e1a:	ea4f 431c 	mov.w	r3, ip, lsr #16
20000e1e:	fbb5 f4f6 	udiv	r4, r5, r6
20000e22:	fb06 5514 	mls	r5, r6, r4, r5
20000e26:	ea43 4305 	orr.w	r3, r3, r5, lsl #16
20000e2a:	fb04 f500 	mul.w	r5, r4, r0
20000e2e:	429d      	cmp	r5, r3
20000e30:	d906      	bls.n	20000e40 <__udivmoddi4+0x64>
20000e32:	eb1e 0303 	adds.w	r3, lr, r3
20000e36:	d202      	bcs.n	20000e3e <__udivmoddi4+0x62>
20000e38:	429d      	cmp	r5, r3
20000e3a:	f200 814c 	bhi.w	200010d6 <__udivmoddi4+0x2fa>
20000e3e:	3c01      	subs	r4, #1
20000e40:	1b5b      	subs	r3, r3, r5
20000e42:	fa1f fc8c 	uxth.w	ip, ip
20000e46:	fbb3 f5f6 	udiv	r5, r3, r6
20000e4a:	fb06 3315 	mls	r3, r6, r5, r3
20000e4e:	fb05 f000 	mul.w	r0, r5, r0
20000e52:	ea4c 4c03 	orr.w	ip, ip, r3, lsl #16
20000e56:	4560      	cmp	r0, ip
20000e58:	d90a      	bls.n	20000e70 <__udivmoddi4+0x94>
20000e5a:	eb1e 0c0c 	adds.w	ip, lr, ip
20000e5e:	bf2c      	ite	cs
20000e60:	2301      	movcs	r3, #1
20000e62:	2300      	movcc	r3, #0
20000e64:	4560      	cmp	r0, ip
20000e66:	d902      	bls.n	20000e6e <__udivmoddi4+0x92>
20000e68:	2b00      	cmp	r3, #0
20000e6a:	f000 8137 	beq.w	200010dc <__udivmoddi4+0x300>
20000e6e:	3d01      	subs	r5, #1
20000e70:	ebac 0c00 	sub.w	ip, ip, r0
20000e74:	ea45 4004 	orr.w	r0, r5, r4, lsl #16
20000e78:	2400      	movs	r4, #0
20000e7a:	b122      	cbz	r2, 20000e86 <__udivmoddi4+0xaa>
20000e7c:	fa2c f301 	lsr.w	r3, ip, r1
20000e80:	2100      	movs	r1, #0
20000e82:	e9c2 3100 	strd	r3, r1, [r2]
20000e86:	4621      	mov	r1, r4
20000e88:	b002      	add	sp, #8
20000e8a:	e8bd 87f0 	ldmia.w	sp!, {r4, r5, r6, r7, r8, r9, sl, pc}
20000e8e:	428b      	cmp	r3, r1
20000e90:	d908      	bls.n	20000ea4 <__udivmoddi4+0xc8>
20000e92:	b10a      	cbz	r2, 20000e98 <__udivmoddi4+0xbc>
20000e94:	e9c2 6100 	strd	r6, r1, [r2]
20000e98:	2400      	movs	r4, #0
20000e9a:	4620      	mov	r0, r4
20000e9c:	4621      	mov	r1, r4
20000e9e:	b002      	add	sp, #8
20000ea0:	e8bd 87f0 	ldmia.w	sp!, {r4, r5, r6, r7, r8, r9, sl, pc}
20000ea4:	fab3 f483 	clz	r4, r3
20000ea8:	2c00      	cmp	r4, #0
20000eaa:	d14d      	bne.n	20000f48 <__udivmoddi4+0x16c>
20000eac:	428b      	cmp	r3, r1
20000eae:	f0c0 8105 	bcc.w	200010bc <__udivmoddi4+0x2e0>
20000eb2:	42b7      	cmp	r7, r6
20000eb4:	f240 8102 	bls.w	200010bc <__udivmoddi4+0x2e0>
20000eb8:	4620      	mov	r0, r4
20000eba:	2a00      	cmp	r2, #0
20000ebc:	d0e3      	beq.n	20000e86 <__udivmoddi4+0xaa>
20000ebe:	e9c2 c500 	strd	ip, r5, [r2]
20000ec2:	e7e0      	b.n	20000e86 <__udivmoddi4+0xaa>
20000ec4:	2f00      	cmp	r7, #0
20000ec6:	f000 80a2 	beq.w	2000100e <__udivmoddi4+0x232>
20000eca:	4619      	mov	r1, r3
20000ecc:	fab7 f387 	clz	r3, r7
20000ed0:	2b00      	cmp	r3, #0
20000ed2:	f040 80b4 	bne.w	2000103e <__udivmoddi4+0x262>
20000ed6:	1bc3      	subs	r3, r0, r7
20000ed8:	fa1f f88e 	uxth.w	r8, lr
20000edc:	0c3f      	lsrs	r7, r7, #16
20000ede:	2401      	movs	r4, #1
20000ee0:	ea4f 401c 	mov.w	r0, ip, lsr #16
20000ee4:	fbb3 f5f7 	udiv	r5, r3, r7
20000ee8:	fb07 3315 	mls	r3, r7, r5, r3
20000eec:	ea40 4303 	orr.w	r3, r0, r3, lsl #16
20000ef0:	fb08 f005 	mul.w	r0, r8, r5
20000ef4:	4298      	cmp	r0, r3
20000ef6:	d90a      	bls.n	20000f0e <__udivmoddi4+0x132>
20000ef8:	eb1e 0303 	adds.w	r3, lr, r3
20000efc:	bf2c      	ite	cs
20000efe:	2601      	movcs	r6, #1
20000f00:	2600      	movcc	r6, #0
20000f02:	4298      	cmp	r0, r3
20000f04:	d902      	bls.n	20000f0c <__udivmoddi4+0x130>
20000f06:	2e00      	cmp	r6, #0
20000f08:	f000 80e2 	beq.w	200010d0 <__udivmoddi4+0x2f4>
20000f0c:	3d01      	subs	r5, #1
20000f0e:	1a1b      	subs	r3, r3, r0
20000f10:	fa1f fc8c 	uxth.w	ip, ip
20000f14:	fbb3 f0f7 	udiv	r0, r3, r7
20000f18:	fb07 3310 	mls	r3, r7, r0, r3
20000f1c:	ea4c 4c03 	orr.w	ip, ip, r3, lsl #16
20000f20:	fb08 f300 	mul.w	r3, r8, r0
20000f24:	4563      	cmp	r3, ip
20000f26:	d90a      	bls.n	20000f3e <__udivmoddi4+0x162>
20000f28:	eb1e 0c0c 	adds.w	ip, lr, ip
20000f2c:	bf2c      	ite	cs
20000f2e:	2601      	movcs	r6, #1
20000f30:	2600      	movcc	r6, #0
20000f32:	4563      	cmp	r3, ip
20000f34:	d902      	bls.n	20000f3c <__udivmoddi4+0x160>
20000f36:	2e00      	cmp	r6, #0
20000f38:	f000 80c7 	beq.w	200010ca <__udivmoddi4+0x2ee>
20000f3c:	3801      	subs	r0, #1
20000f3e:	ebac 0c03 	sub.w	ip, ip, r3
20000f42:	ea40 4005 	orr.w	r0, r0, r5, lsl #16
20000f46:	e798      	b.n	20000e7a <__udivmoddi4+0x9e>
20000f48:	f1c4 0820 	rsb	r8, r4, #32
20000f4c:	40a3      	lsls	r3, r4
20000f4e:	fa06 fa04 	lsl.w	sl, r6, r4
20000f52:	40a1      	lsls	r1, r4
20000f54:	fa27 fc08 	lsr.w	ip, r7, r8
20000f58:	fa20 f008 	lsr.w	r0, r0, r8
20000f5c:	fa07 f904 	lsl.w	r9, r7, r4
20000f60:	ea4c 0c03 	orr.w	ip, ip, r3
20000f64:	fa26 f308 	lsr.w	r3, r6, r8
20000f68:	ea4f 461c 	mov.w	r6, ip, lsr #16
20000f6c:	430b      	orrs	r3, r1
20000f6e:	fa1f fe8c 	uxth.w	lr, ip
20000f72:	0c19      	lsrs	r1, r3, #16
20000f74:	fbb0 f7f6 	udiv	r7, r0, r6
20000f78:	fb06 0017 	mls	r0, r6, r7, r0
20000f7c:	ea41 4100 	orr.w	r1, r1, r0, lsl #16
20000f80:	fb07 f00e 	mul.w	r0, r7, lr
20000f84:	4288      	cmp	r0, r1
20000f86:	d90a      	bls.n	20000f9e <__udivmoddi4+0x1c2>
20000f88:	eb1c 0101 	adds.w	r1, ip, r1
20000f8c:	bf2c      	ite	cs
20000f8e:	2501      	movcs	r5, #1
20000f90:	2500      	movcc	r5, #0
20000f92:	4288      	cmp	r0, r1
20000f94:	d902      	bls.n	20000f9c <__udivmoddi4+0x1c0>
20000f96:	2d00      	cmp	r5, #0
20000f98:	f000 80b2 	beq.w	20001100 <__udivmoddi4+0x324>
20000f9c:	3f01      	subs	r7, #1
20000f9e:	1a09      	subs	r1, r1, r0
20000fa0:	b29b      	uxth	r3, r3
20000fa2:	fbb1 f0f6 	udiv	r0, r1, r6
20000fa6:	fb06 1110 	mls	r1, r6, r0, r1
20000faa:	fb00 fe0e 	mul.w	lr, r0, lr
20000fae:	ea43 4301 	orr.w	r3, r3, r1, lsl #16
20000fb2:	459e      	cmp	lr, r3
20000fb4:	d90a      	bls.n	20000fcc <__udivmoddi4+0x1f0>
20000fb6:	eb1c 0303 	adds.w	r3, ip, r3
20000fba:	bf2c      	ite	cs
20000fbc:	2101      	movcs	r1, #1
20000fbe:	2100      	movcc	r1, #0
20000fc0:	459e      	cmp	lr, r3
20000fc2:	d902      	bls.n	20000fca <__udivmoddi4+0x1ee>
20000fc4:	2900      	cmp	r1, #0
20000fc6:	f000 809e 	beq.w	20001106 <__udivmoddi4+0x32a>
20000fca:	3801      	subs	r0, #1
20000fcc:	ea40 4007 	orr.w	r0, r0, r7, lsl #16
20000fd0:	eba3 030e 	sub.w	r3, r3, lr
20000fd4:	fba0 e109 	umull	lr, r1, r0, r9
20000fd8:	428b      	cmp	r3, r1
20000fda:	4676      	mov	r6, lr
20000fdc:	460f      	mov	r7, r1
20000fde:	d302      	bcc.n	20000fe6 <__udivmoddi4+0x20a>
20000fe0:	d107      	bne.n	20000ff2 <__udivmoddi4+0x216>
20000fe2:	45f2      	cmp	sl, lr
20000fe4:	d205      	bcs.n	20000ff2 <__udivmoddi4+0x216>
20000fe6:	ebbe 0609 	subs.w	r6, lr, r9
20000fea:	eb61 010c 	sbc.w	r1, r1, ip
20000fee:	3801      	subs	r0, #1
20000ff0:	460f      	mov	r7, r1
20000ff2:	b152      	cbz	r2, 2000100a <__udivmoddi4+0x22e>
20000ff4:	ebba 0106 	subs.w	r1, sl, r6
20000ff8:	eb63 0307 	sbc.w	r3, r3, r7
20000ffc:	fa03 f508 	lsl.w	r5, r3, r8
20001000:	40e1      	lsrs	r1, r4
20001002:	40e3      	lsrs	r3, r4
20001004:	430d      	orrs	r5, r1
20001006:	e9c2 5300 	strd	r5, r3, [r2]
2000100a:	2400      	movs	r4, #0
2000100c:	e73b      	b.n	20000e86 <__udivmoddi4+0xaa>
2000100e:	0873      	lsrs	r3, r6, #1
20001010:	46b8      	mov	r8, r7
20001012:	0849      	lsrs	r1, r1, #1
20001014:	9701      	str	r7, [sp, #4]
20001016:	ea43 73c0 	orr.w	r3, r3, r0, lsl #31
2000101a:	ea4f 7cc6 	mov.w	ip, r6, lsl #31
2000101e:	0c1c      	lsrs	r4, r3, #16
20001020:	b29b      	uxth	r3, r3
20001022:	ea44 4401 	orr.w	r4, r4, r1, lsl #16
20001026:	ea43 4304 	orr.w	r3, r3, r4, lsl #16
2000102a:	fbb4 f4f7 	udiv	r4, r4, r7
2000102e:	fbb1 f5f7 	udiv	r5, r1, r7
20001032:	211f      	movs	r1, #31
20001034:	9801      	ldr	r0, [sp, #4]
20001036:	ea44 4405 	orr.w	r4, r4, r5, lsl #16
2000103a:	1a1b      	subs	r3, r3, r0
2000103c:	e750      	b.n	20000ee0 <__udivmoddi4+0x104>
2000103e:	4619      	mov	r1, r3
20001040:	fa07 fe03 	lsl.w	lr, r7, r3
20001044:	f1c3 0320 	rsb	r3, r3, #32
20001048:	fa00 f401 	lsl.w	r4, r0, r1
2000104c:	ea4f 471e 	mov.w	r7, lr, lsr #16
20001050:	40d8      	lsrs	r0, r3
20001052:	fa26 f303 	lsr.w	r3, r6, r3
20001056:	fa1f f88e 	uxth.w	r8, lr
2000105a:	fa06 fc01 	lsl.w	ip, r6, r1
2000105e:	4323      	orrs	r3, r4
20001060:	fbb0 f5f7 	udiv	r5, r0, r7
20001064:	0c1c      	lsrs	r4, r3, #16
20001066:	fb07 0015 	mls	r0, r7, r5, r0
2000106a:	ea44 4000 	orr.w	r0, r4, r0, lsl #16
2000106e:	fb05 f408 	mul.w	r4, r5, r8
20001072:	4284      	cmp	r4, r0
20001074:	d94a      	bls.n	2000110c <__udivmoddi4+0x330>
20001076:	eb1e 0000 	adds.w	r0, lr, r0
2000107a:	bf2c      	ite	cs
2000107c:	2601      	movcs	r6, #1
2000107e:	2600      	movcc	r6, #0
20001080:	4284      	cmp	r4, r0
20001082:	d900      	bls.n	20001086 <__udivmoddi4+0x2aa>
20001084:	b38e      	cbz	r6, 200010ea <__udivmoddi4+0x30e>
20001086:	1b00      	subs	r0, r0, r4
20001088:	3d01      	subs	r5, #1
2000108a:	fbb0 f4f7 	udiv	r4, r0, r7
2000108e:	fb04 f608 	mul.w	r6, r4, r8
20001092:	46a1      	mov	r9, r4
20001094:	9601      	str	r6, [sp, #4]
20001096:	fb07 0019 	mls	r0, r7, r9, r0
2000109a:	b29b      	uxth	r3, r3
2000109c:	9e01      	ldr	r6, [sp, #4]
2000109e:	ea43 4300 	orr.w	r3, r3, r0, lsl #16
200010a2:	42b3      	cmp	r3, r6
200010a4:	d2c6      	bcs.n	20001034 <__udivmoddi4+0x258>
200010a6:	eb1e 0303 	adds.w	r3, lr, r3
200010aa:	bf2c      	ite	cs
200010ac:	2001      	movcs	r0, #1
200010ae:	2000      	movcc	r0, #0
200010b0:	42b3      	cmp	r3, r6
200010b2:	d200      	bcs.n	200010b6 <__udivmoddi4+0x2da>
200010b4:	b1a8      	cbz	r0, 200010e2 <__udivmoddi4+0x306>
200010b6:	f109 34ff 	add.w	r4, r9, #4294967295	@ 0xffffffff
200010ba:	e7bb      	b.n	20001034 <__udivmoddi4+0x258>
200010bc:	ebb6 0c07 	subs.w	ip, r6, r7
200010c0:	eb60 0303 	sbc.w	r3, r0, r3
200010c4:	2001      	movs	r0, #1
200010c6:	461d      	mov	r5, r3
200010c8:	e6f7      	b.n	20000eba <__udivmoddi4+0xde>
200010ca:	44f4      	add	ip, lr
200010cc:	3802      	subs	r0, #2
200010ce:	e736      	b.n	20000f3e <__udivmoddi4+0x162>
200010d0:	3d02      	subs	r5, #2
200010d2:	4473      	add	r3, lr
200010d4:	e71b      	b.n	20000f0e <__udivmoddi4+0x132>
200010d6:	3c02      	subs	r4, #2
200010d8:	4473      	add	r3, lr
200010da:	e6b1      	b.n	20000e40 <__udivmoddi4+0x64>
200010dc:	44f4      	add	ip, lr
200010de:	3d02      	subs	r5, #2
200010e0:	e6c6      	b.n	20000e70 <__udivmoddi4+0x94>
200010e2:	f1a9 0402 	sub.w	r4, r9, #2
200010e6:	4473      	add	r3, lr
200010e8:	e7a4      	b.n	20001034 <__udivmoddi4+0x258>
200010ea:	ebae 0404 	sub.w	r4, lr, r4
200010ee:	3d02      	subs	r5, #2
200010f0:	4420      	add	r0, r4
200010f2:	fbb0 f4f7 	udiv	r4, r0, r7
200010f6:	fb04 f608 	mul.w	r6, r4, r8
200010fa:	46a1      	mov	r9, r4
200010fc:	9601      	str	r6, [sp, #4]
200010fe:	e7ca      	b.n	20001096 <__udivmoddi4+0x2ba>
20001100:	3f02      	subs	r7, #2
20001102:	4461      	add	r1, ip
20001104:	e74b      	b.n	20000f9e <__udivmoddi4+0x1c2>
20001106:	3802      	subs	r0, #2
20001108:	4463      	add	r3, ip
2000110a:	e75f      	b.n	20000fcc <__udivmoddi4+0x1f0>
2000110c:	1b00      	subs	r0, r0, r4
2000110e:	fbb0 f4f7 	udiv	r4, r0, r7
20001112:	fb04 f608 	mul.w	r6, r4, r8
20001116:	46a1      	mov	r9, r4
20001118:	9601      	str	r6, [sp, #4]
2000111a:	e7bc      	b.n	20001096 <__udivmoddi4+0x2ba>

2000111c <__aeabi_idiv0>:
2000111c:	4770      	bx	lr
2000111e:	bf00      	nop

20001120 <memset>:
20001120:	b530      	push	{r4, r5, lr}
20001122:	0784      	lsls	r4, r0, #30
20001124:	4686      	mov	lr, r0
20001126:	4603      	mov	r3, r0
20001128:	d006      	beq.n	20001138 <memset+0x18>
2000112a:	b3a2      	cbz	r2, 20001196 <memset+0x76>
2000112c:	f803 1b01 	strb.w	r1, [r3], #1
20001130:	0798      	lsls	r0, r3, #30
20001132:	f102 32ff 	add.w	r2, r2, #4294967295	@ 0xffffffff
20001136:	d1f8      	bne.n	2000112a <memset+0xa>
20001138:	2a03      	cmp	r2, #3
2000113a:	d926      	bls.n	2000118a <memset+0x6a>
2000113c:	fa5f fc81 	uxtb.w	ip, r1
20001140:	2a0f      	cmp	r2, #15
20001142:	eb0c 2c0c 	add.w	ip, ip, ip, lsl #8
20001146:	eb0c 400c 	add.w	r0, ip, ip, lsl #16
2000114a:	d92a      	bls.n	200011a2 <memset+0x82>
2000114c:	f022 0c0f 	bic.w	ip, r2, #15
20001150:	449c      	add	ip, r3
20001152:	e9c3 0000 	strd	r0, r0, [r3]
20001156:	e9c3 0002 	strd	r0, r0, [r3, #8]
2000115a:	3310      	adds	r3, #16
2000115c:	4563      	cmp	r3, ip
2000115e:	d1f8      	bne.n	20001152 <memset+0x32>
20001160:	f012 0f0c 	tst.w	r2, #12
20001164:	f002 050f 	and.w	r5, r2, #15
20001168:	d017      	beq.n	2000119a <memset+0x7a>
2000116a:	ea4f 0c95 	mov.w	ip, r5, lsr #2
2000116e:	461a      	mov	r2, r3
20001170:	f10c 34ff 	add.w	r4, ip, #4294967295	@ 0xffffffff
20001174:	eb03 0c8c 	add.w	ip, r3, ip, lsl #2
20001178:	f842 0b04 	str.w	r0, [r2], #4
2000117c:	4562      	cmp	r2, ip
2000117e:	d1fb      	bne.n	20001178 <memset+0x58>
20001180:	3304      	adds	r3, #4
20001182:	f005 0203 	and.w	r2, r5, #3
20001186:	eb03 0384 	add.w	r3, r3, r4, lsl #2
2000118a:	b122      	cbz	r2, 20001196 <memset+0x76>
2000118c:	441a      	add	r2, r3
2000118e:	f803 1b01 	strb.w	r1, [r3], #1
20001192:	429a      	cmp	r2, r3
20001194:	d1fb      	bne.n	2000118e <memset+0x6e>
20001196:	4670      	mov	r0, lr
20001198:	bd30      	pop	{r4, r5, pc}
2000119a:	462a      	mov	r2, r5
2000119c:	2a00      	cmp	r2, #0
2000119e:	d1f5      	bne.n	2000118c <memset+0x6c>
200011a0:	e7f9      	b.n	20001196 <memset+0x76>
200011a2:	4615      	mov	r5, r2
200011a4:	e7e1      	b.n	2000116a <memset+0x4a>
200011a6:	bf00      	nop

200011a8 <memcpy>:
200011a8:	4684      	mov	ip, r0
200011aa:	ea41 0300 	orr.w	r3, r1, r0
200011ae:	f013 0303 	ands.w	r3, r3, #3
200011b2:	d149      	bne.n	20001248 <memcpy+0xa0>
200011b4:	3a40      	subs	r2, #64	@ 0x40
200011b6:	d323      	bcc.n	20001200 <memcpy+0x58>
200011b8:	680b      	ldr	r3, [r1, #0]
200011ba:	6003      	str	r3, [r0, #0]
200011bc:	684b      	ldr	r3, [r1, #4]
200011be:	6043      	str	r3, [r0, #4]
200011c0:	688b      	ldr	r3, [r1, #8]
200011c2:	6083      	str	r3, [r0, #8]
200011c4:	68cb      	ldr	r3, [r1, #12]
200011c6:	60c3      	str	r3, [r0, #12]
200011c8:	690b      	ldr	r3, [r1, #16]
200011ca:	6103      	str	r3, [r0, #16]
200011cc:	694b      	ldr	r3, [r1, #20]
200011ce:	6143      	str	r3, [r0, #20]
200011d0:	698b      	ldr	r3, [r1, #24]
200011d2:	6183      	str	r3, [r0, #24]
200011d4:	69cb      	ldr	r3, [r1, #28]
200011d6:	61c3      	str	r3, [r0, #28]
200011d8:	6a0b      	ldr	r3, [r1, #32]
200011da:	6203      	str	r3, [r0, #32]
200011dc:	6a4b      	ldr	r3, [r1, #36]	@ 0x24
200011de:	6243      	str	r3, [r0, #36]	@ 0x24
200011e0:	6a8b      	ldr	r3, [r1, #40]	@ 0x28
200011e2:	6283      	str	r3, [r0, #40]	@ 0x28
200011e4:	6acb      	ldr	r3, [r1, #44]	@ 0x2c
200011e6:	62c3      	str	r3, [r0, #44]	@ 0x2c
200011e8:	6b0b      	ldr	r3, [r1, #48]	@ 0x30
200011ea:	6303      	str	r3, [r0, #48]	@ 0x30
200011ec:	6b4b      	ldr	r3, [r1, #52]	@ 0x34
200011ee:	6343      	str	r3, [r0, #52]	@ 0x34
200011f0:	6b8b      	ldr	r3, [r1, #56]	@ 0x38
200011f2:	6383      	str	r3, [r0, #56]	@ 0x38
200011f4:	6bcb      	ldr	r3, [r1, #60]	@ 0x3c
200011f6:	63c3      	str	r3, [r0, #60]	@ 0x3c
200011f8:	3040      	adds	r0, #64	@ 0x40
200011fa:	3140      	adds	r1, #64	@ 0x40
200011fc:	3a40      	subs	r2, #64	@ 0x40
200011fe:	d2db      	bcs.n	200011b8 <memcpy+0x10>
20001200:	3230      	adds	r2, #48	@ 0x30
20001202:	d30b      	bcc.n	2000121c <memcpy+0x74>
20001204:	680b      	ldr	r3, [r1, #0]
20001206:	6003      	str	r3, [r0, #0]
20001208:	684b      	ldr	r3, [r1, #4]
2000120a:	6043      	str	r3, [r0, #4]
2000120c:	688b      	ldr	r3, [r1, #8]
2000120e:	6083      	str	r3, [r0, #8]
20001210:	68cb      	ldr	r3, [r1, #12]
20001212:	60c3      	str	r3, [r0, #12]
20001214:	3010      	adds	r0, #16
20001216:	3110      	adds	r1, #16
20001218:	3a10      	subs	r2, #16
2000121a:	d2f3      	bcs.n	20001204 <memcpy+0x5c>
2000121c:	320c      	adds	r2, #12
2000121e:	d305      	bcc.n	2000122c <memcpy+0x84>
20001220:	f851 3b04 	ldr.w	r3, [r1], #4
20001224:	f840 3b04 	str.w	r3, [r0], #4
20001228:	3a04      	subs	r2, #4
2000122a:	d2f9      	bcs.n	20001220 <memcpy+0x78>
2000122c:	3204      	adds	r2, #4
2000122e:	d008      	beq.n	20001242 <memcpy+0x9a>
20001230:	07d2      	lsls	r2, r2, #31
20001232:	bf1c      	itt	ne
20001234:	f811 3b01 	ldrbne.w	r3, [r1], #1
20001238:	f800 3b01 	strbne.w	r3, [r0], #1
2000123c:	d301      	bcc.n	20001242 <memcpy+0x9a>
2000123e:	880b      	ldrh	r3, [r1, #0]
20001240:	8003      	strh	r3, [r0, #0]
20001242:	4660      	mov	r0, ip
20001244:	4770      	bx	lr
20001246:	bf00      	nop
20001248:	2a08      	cmp	r2, #8
2000124a:	d313      	bcc.n	20001274 <memcpy+0xcc>
2000124c:	078b      	lsls	r3, r1, #30
2000124e:	d0b1      	beq.n	200011b4 <memcpy+0xc>
20001250:	f010 0303 	ands.w	r3, r0, #3
20001254:	d0ae      	beq.n	200011b4 <memcpy+0xc>
20001256:	f1c3 0304 	rsb	r3, r3, #4
2000125a:	1ad2      	subs	r2, r2, r3
2000125c:	07db      	lsls	r3, r3, #31
2000125e:	bf1c      	itt	ne
20001260:	f811 3b01 	ldrbne.w	r3, [r1], #1
20001264:	f800 3b01 	strbne.w	r3, [r0], #1
20001268:	d3a4      	bcc.n	200011b4 <memcpy+0xc>
2000126a:	f831 3b02 	ldrh.w	r3, [r1], #2
2000126e:	f820 3b02 	strh.w	r3, [r0], #2
20001272:	e79f      	b.n	200011b4 <memcpy+0xc>
20001274:	3a04      	subs	r2, #4
20001276:	d3d9      	bcc.n	2000122c <memcpy+0x84>
20001278:	3a01      	subs	r2, #1
2000127a:	f811 3b01 	ldrb.w	r3, [r1], #1
2000127e:	f800 3b01 	strb.w	r3, [r0], #1
20001282:	d2f9      	bcs.n	20001278 <memcpy+0xd0>
20001284:	780b      	ldrb	r3, [r1, #0]
20001286:	7003      	strb	r3, [r0, #0]
20001288:	784b      	ldrb	r3, [r1, #1]
2000128a:	7043      	strb	r3, [r0, #1]
2000128c:	788b      	ldrb	r3, [r1, #2]
2000128e:	7083      	strb	r3, [r0, #2]
20001290:	4660      	mov	r0, ip
20001292:	4770      	bx	lr
20001294:	0000      	movs	r0, r0
	...

20001298 <__tud_event_hook_cb_veneer>:
20001298:	f85f f000 	ldr.w	pc, [pc]	@ 2000129c <__tud_event_hook_cb_veneer+0x4>
2000129c:	1000434d 	.word	0x1000434d

200012a0 <__panic_veneer>:
200012a0:	f85f f000 	ldr.w	pc, [pc]	@ 200012a4 <__panic_veneer+0x4>
200012a4:	10000685 	.word	0x10000685

200012a8 <__time_us_64_veneer>:
200012a8:	f85f f000 	ldr.w	pc, [pc]	@ 200012ac <__time_us_64_veneer+0x4>
200012ac:	10001569 	.word	0x10001569

200012b0 <__tu_fifo_write_veneer>:
200012b0:	f85f f000 	ldr.w	pc, [pc]	@ 200012b4 <__tu_fifo_write_veneer+0x4>
200012b4:	1000598d 	.word	0x1000598d

200012b8 <__best_effort_wfe_or_timeout_veneer>:
200012b8:	f85f f000 	ldr.w	pc, [pc]	@ 200012bc <__best_effort_wfe_or_timeout_veneer+0x4>
200012bc:	10001409 	.word	0x10001409

200012c0 <striped_spin_lock_num>:
200012c0:	00000010                                ....

200012c4 <irq_handler_chain_slots>:
200012c4:	00000000 	.word	0x00000000
200012c8:	00010000 	.word	0x00010000
	...
200012d4:	00020000 	.word	0x00020000
	...
200012e0:	00030000 	.word	0x00030000
	...
200012ec:	00040000 	.word	0x00040000
	...
200012f8:	00050000 	.word	0x00050000
	...
20001304:	00ff0000 	.word	0x00ff0000
20001308:	00000000 	.word	0x00000000

2000130c <irq_handler_chain_first_slot>:
2000130c:	b501      	push	{r0, lr}
2000130e:	6848      	ldr	r0, [r1, #4]
20001310:	3101      	adds	r1, #1
20001312:	468e      	mov	lr, r1
20001314:	4700      	bx	r0

20001316 <irq_handler_chain_remove_tail>:
20001316:	4670      	mov	r0, lr
20001318:	3809      	subs	r0, #9
2000131a:	4901      	ldr	r1, [pc, #4]	@ (20001320 <irq_handler_chain_remove_tail+0xa>)
2000131c:	4788      	blx	r1
2000131e:	bd01      	pop	{r0, pc}
20001320:	10000ae1 	.word	0x10000ae1
20001324:	00000000 	.word	0x00000000

20001328 <last_added.0>:
20001328:	ffffffff 7fffffff                       ........

20001330 <default_alarm_pool>:
	...
20001344:	20001450                                P.. 

20001348 <stdio_usb>:
20001348:	100039e1 1000398d 10003905 10003875     .9...9...9..u8..
20001358:	00000000 00000100                       ........

20001360 <_usbd_qdef>:
20001360:	2000173c 000c0010 00000000 00000000     <.. ............
	...

2000137c <_usbd_rhport>:
2000137c:	000000ff                                ....

20001380 <print_mutex>:
	...
