
/Users/mathistelschow/repos/active/bexusclouds/CLOUDS-Spectral-Engine/flight/mcu/build-tools/encoder_pin_probe.elf:     file format elf32-littlearm

Sections:
Idx Name          Size      VMA       LMA       File off  Algn
  0 .text         000065a4  10000000  10000000  00001000  2**3
                  CONTENTS, ALLOC, LOAD, READONLY, CODE
  1 .rodata       000009d4  100065a8  100065a8  000075a8  2**3
                  CONTENTS, ALLOC, LOAD, READONLY, DATA
  2 .ARM.exidx    00000008  10006f7c  10006f7c  00007f7c  2**2
                  CONTENTS, ALLOC, LOAD, READONLY, DATA
  3 .binary_info  00000020  10006f84  10006f84  00007f84  2**2
                  CONTENTS, ALLOC, LOAD, READONLY, DATA
  4 .psram_load   00000000  11000000  11000000  0000a258  2**0
                  CONTENTS
  5 .psram_noload 00000000  11000000  11000000  0000a258  2**0
                  CONTENTS
  6 .xip_ram      00000000  13ffc000  13ffc000  0000a258  2**0
                  CONTENTS
  7 .ram_vector_table 00000110  20000000  20000000  0000b000  2**2
                  ALLOC
  8 .uninitialized_data 00000000  20000110  20000110  0000a258  2**0
                  CONTENTS
  9 .data         000012a0  20000110  10006fa4  00008110  2**3
                  CONTENTS, ALLOC, LOAD, READONLY, CODE
 10 .tdata        00000000  200013b0  200013b0  0000a258  2**0
                  CONTENTS, ALLOC, LOAD, DATA, THREAD_LOCAL
 11 .tbss         00000000  200013b0  200013b0  00000000  2**0
                  ALLOC, THREAD_LOCAL
 12 .tbss_space   00000000  200013b0  200013b0  0000a258  2**0
                  CONTENTS
 13 .bss          00000c18  200013b0  10008244  0000a3b0  2**3
                  ALLOC
 14 .tls0         00000000  20001fc8  20001fc8  0000a258  2**0
                  CONTENTS
 15 .tls1         00000000  20001fc8  20001fc8  0000a258  2**0
                  CONTENTS
 16 .persistent_data 00000000  20001fc8  20001fc8  0000a258  2**0
                  CONTENTS
 17 .dummy_pre_heap 00000000  20001fc8  20001fc8  0000a258  2**0
                  CONTENTS
 18 .heap         00000800  20001fc8  20001fc8  0000b000  2**2
                  ALLOC, READONLY
 19 .scratch_x    00000000  20080000  20080000  0000a258  2**0
                  CONTENTS
 20 .scratch_y    00000000  20081000  20081000  0000a258  2**0
                  CONTENTS
 21 .stack_dummy  00000800  20081000  20081000  0000b000  2**5
                  ALLOC, READONLY
 22 .flash_end    00000014  10008244  10008244  0000a244  2**2
                  CONTENTS, ALLOC, LOAD, READONLY, DATA
 23 .debug_info   000344e4  00000000  00000000  0000a258  2**0
                  CONTENTS, READONLY, DEBUGGING, OCTETS
 24 .debug_abbrev 00008cb6  00000000  00000000  0003e73c  2**0
                  CONTENTS, READONLY, DEBUGGING, OCTETS
 25 .debug_loclists 00019bde  00000000  00000000  000473f2  2**0
                  CONTENTS, READONLY, DEBUGGING, OCTETS
 26 .debug_aranges 000012a0  00000000  00000000  00060fd0  2**3
                  CONTENTS, READONLY, DEBUGGING, OCTETS
 27 .debug_rnglists 000048e9  00000000  00000000  00062270  2**0
                  CONTENTS, READONLY, DEBUGGING, OCTETS
 28 .debug_line   00021355  00000000  00000000  00066b59  2**0
                  CONTENTS, READONLY, DEBUGGING, OCTETS
 29 .debug_str    00009302  00000000  00000000  00087eae  2**0
                  CONTENTS, READONLY, DEBUGGING, OCTETS
 30 .comment      00000046  00000000  00000000  000911b0  2**0
                  CONTENTS, READONLY
 31 .ARM.attributes 00000036  00000000  00000000  000911f6  2**0
                  CONTENTS, READONLY
 32 .debug_frame  00003190  00000000  00000000  0009122c  2**2
                  CONTENTS, READONLY, DEBUGGING, OCTETS
 33 .debug_line_str 000002ef  00000000  00000000  000943bc  2**0
                  CONTENTS, READONLY, DEBUGGING, OCTETS

/Users/mathistelschow/repos/active/bexusclouds/CLOUDS-Spectral-Engine/flight/mcu/build-tools/encoder_pin_probe.elf:     file format elf32-littlearm


Disassembly of section .text:

10000000 <__VECTOR_TABLE>:
10000000:	20082000 	.word	0x20082000
10000004:	1000015b 	.word	0x1000015b
10000008:	1000011b 	.word	0x1000011b
1000000c:	1000011d 	.word	0x1000011d
10000010:	10000111 	.word	0x10000111
10000014:	10000111 	.word	0x10000111
10000018:	10000111 	.word	0x10000111
1000001c:	10000111 	.word	0x10000111
10000020:	10000119 	.word	0x10000119
10000024:	10000119 	.word	0x10000119
10000028:	10000119 	.word	0x10000119
1000002c:	1000011f 	.word	0x1000011f
10000030:	10000111 	.word	0x10000111
10000034:	10000119 	.word	0x10000119
10000038:	10000121 	.word	0x10000121
1000003c:	10000123 	.word	0x10000123
10000040:	10000111 	.word	0x10000111
10000044:	10000111 	.word	0x10000111
10000048:	10000111 	.word	0x10000111
1000004c:	10000111 	.word	0x10000111
10000050:	10000111 	.word	0x10000111
10000054:	10000111 	.word	0x10000111
10000058:	10000111 	.word	0x10000111
1000005c:	10000111 	.word	0x10000111
10000060:	10000111 	.word	0x10000111
10000064:	10000111 	.word	0x10000111
10000068:	10000111 	.word	0x10000111
1000006c:	10000111 	.word	0x10000111
10000070:	10000111 	.word	0x10000111
10000074:	10000111 	.word	0x10000111
10000078:	10000111 	.word	0x10000111
1000007c:	10000111 	.word	0x10000111
10000080:	10000111 	.word	0x10000111
10000084:	10000111 	.word	0x10000111
10000088:	10000111 	.word	0x10000111
1000008c:	10000111 	.word	0x10000111
10000090:	10000111 	.word	0x10000111
10000094:	10000111 	.word	0x10000111
10000098:	10000111 	.word	0x10000111
1000009c:	10000111 	.word	0x10000111
100000a0:	10000111 	.word	0x10000111
100000a4:	10000111 	.word	0x10000111
100000a8:	10000111 	.word	0x10000111
100000ac:	10000111 	.word	0x10000111
100000b0:	10000111 	.word	0x10000111
100000b4:	10000111 	.word	0x10000111
100000b8:	10000111 	.word	0x10000111
100000bc:	10000111 	.word	0x10000111
100000c0:	10000111 	.word	0x10000111
100000c4:	10000111 	.word	0x10000111
100000c8:	10000111 	.word	0x10000111
100000cc:	10000111 	.word	0x10000111
100000d0:	10000111 	.word	0x10000111
100000d4:	10000111 	.word	0x10000111
100000d8:	10000111 	.word	0x10000111
100000dc:	10000111 	.word	0x10000111
100000e0:	10000111 	.word	0x10000111
100000e4:	10000111 	.word	0x10000111
100000e8:	10000111 	.word	0x10000111
100000ec:	10000111 	.word	0x10000111
100000f0:	10000111 	.word	0x10000111
100000f4:	10000111 	.word	0x10000111
100000f8:	10000111 	.word	0x10000111
100000fc:	10000111 	.word	0x10000111
10000100:	10000111 	.word	0x10000111
10000104:	10000111 	.word	0x10000111
10000108:	10000111 	.word	0x10000111
1000010c:	10000111 	.word	0x10000111

10000110 <__unhandled_user_irq>:
10000110:	f3ef 8005 	mrs	r0, IPSR
10000114:	3810      	subs	r0, #16

10000116 <unhandled_user_irq_num_in_r0>:
10000116:	be00      	bkpt	0x0000

10000118 <isr_invalid>:
10000118:	be00      	bkpt	0x0000

1000011a <isr_nmi>:
1000011a:	be00      	bkpt	0x0000

1000011c <isr_hardfault>:
1000011c:	be00      	bkpt	0x0000

1000011e <isr_svcall>:
1000011e:	be00      	bkpt	0x0000

10000120 <isr_pendsv>:
10000120:	be00      	bkpt	0x0000

10000122 <isr_systick>:
10000122:	be00      	bkpt	0x0000

10000124 <__default_isrs_end>:
10000124:	7188ebf2 	.word	0x7188ebf2
10000128:	10006f84 	.word	0x10006f84
1000012c:	10006fa4 	.word	0x10006fa4
10000130:	1000019c 	.word	0x1000019c
10000134:	e71aa390 	.word	0xe71aa390

10000138 <__binary_info_header_end>:
10000138:	ffffded3 	.word	0xffffded3
1000013c:	10210142 	.word	0x10210142
10000140:	000001ff 	.word	0x000001ff
10000144:	0000810c 	.word	0x0000810c
10000148:	ab123579 	.word	0xab123579

1000014c <_entry_point>:
1000014c:	2000      	movs	r0, #0

1000014e <_enter_vtable_in_r0>:
1000014e:	491e      	ldr	r1, [pc, #120]	@ (100001c8 <data_cpy_table+0x2c>)
10000150:	6008      	str	r0, [r1, #0]
10000152:	c806      	ldmia	r0!, {r1, r2}
10000154:	f381 8808 	msr	MSP, r1
10000158:	4710      	bx	r2

1000015a <_reset_handler>:
1000015a:	f04f 4050 	mov.w	r0, #3489660928	@ 0xd0000000
1000015e:	6800      	ldr	r0, [r0, #0]
10000160:	b108      	cbz	r0, 10000166 <hold_non_core0_in_bootrom+0x4>

10000162 <hold_non_core0_in_bootrom>:
10000162:	2000      	movs	r0, #0
10000164:	e7f3      	b.n	1000014e <_enter_vtable_in_r0>
10000166:	a40d      	add	r4, pc, #52	@ (adr r4, 1000019c <data_cpy_table>)
10000168:	cc0e      	ldmia	r4!, {r1, r2, r3}
1000016a:	2900      	cmp	r1, #0
1000016c:	d002      	beq.n	10000174 <hold_non_core0_in_bootrom+0x12>
1000016e:	f000 f812 	bl	10000196 <data_cpy>
10000172:	e7f9      	b.n	10000168 <hold_non_core0_in_bootrom+0x6>
10000174:	4915      	ldr	r1, [pc, #84]	@ (100001cc <data_cpy_table+0x30>)
10000176:	4a16      	ldr	r2, [pc, #88]	@ (100001d0 <data_cpy_table+0x34>)
10000178:	2000      	movs	r0, #0
1000017a:	e000      	b.n	1000017e <bss_fill_test>

1000017c <bss_fill_loop>:
1000017c:	c101      	stmia	r1!, {r0}

1000017e <bss_fill_test>:
1000017e:	4291      	cmp	r1, r2
10000180:	d1fc      	bne.n	1000017c <bss_fill_loop>

10000182 <platform_entry>:
10000182:	4914      	ldr	r1, [pc, #80]	@ (100001d4 <data_cpy_table+0x38>)
10000184:	4788      	blx	r1
10000186:	4914      	ldr	r1, [pc, #80]	@ (100001d8 <data_cpy_table+0x3c>)
10000188:	4788      	blx	r1
1000018a:	4914      	ldr	r1, [pc, #80]	@ (100001dc <data_cpy_table+0x40>)
1000018c:	4788      	blx	r1
1000018e:	be00      	bkpt	0x0000
10000190:	e7fd      	b.n	1000018e <platform_entry+0xc>

10000192 <data_cpy_loop>:
10000192:	c901      	ldmia	r1!, {r0}
10000194:	c201      	stmia	r2!, {r0}

10000196 <data_cpy>:
10000196:	429a      	cmp	r2, r3
10000198:	d3fb      	bcc.n	10000192 <data_cpy_loop>

1000019a <data_cpy_done>:
1000019a:	4770      	bx	lr

1000019c <data_cpy_table>:
1000019c:	10006fa4 	.word	0x10006fa4
100001a0:	20000110 	.word	0x20000110
100001a4:	200013b0 	.word	0x200013b0
100001a8:	10008244 	.word	0x10008244
100001ac:	20080000 	.word	0x20080000
100001b0:	20080000 	.word	0x20080000
100001b4:	10008244 	.word	0x10008244
100001b8:	20081000 	.word	0x20081000
100001bc:	20081000 	.word	0x20081000
100001c0:	00000000 	.word	0x00000000
100001c4:	4770      	bx	lr
100001c6:	0000      	.short	0x0000
100001c8:	e000ed08 	.word	0xe000ed08
100001cc:	200013b0 	.word	0x200013b0
100001d0:	20001fc8 	.word	0x20001fc8
100001d4:	10003d21 	.word	0x10003d21
100001d8:	10000439 	.word	0x10000439
100001dc:	10003d19 	.word	0x10003d19

100001e0 <count_edges>:
100001e0:	e92d 4ff0 	stmdb	sp!, {r4, r5, r6, r7, r8, r9, sl, fp, lr}
100001e4:	460c      	mov	r4, r1
100001e6:	4617      	mov	r7, r2
100001e8:	4699      	mov	r9, r3
100001ea:	4682      	mov	sl, r0
100001ec:	b083      	sub	sp, #12
100001ee:	ec55 6008 	gpioc_index_in_get r6, r5
100001f2:	4016      	ands	r6, r2
100001f4:	401d      	ands	r5, r3
100001f6:	f001 fdeb 	bl	10001dd0 <time_us_64>
100001fa:	f44f 7c7a 	mov.w	ip, #1000	@ 0x3e8
100001fe:	4603      	mov	r3, r0
10000200:	fbea 310c 	umlal	r3, r1, sl, ip
10000204:	22c0      	movs	r2, #192	@ 0xc0
10000206:	4688      	mov	r8, r1
10000208:	4620      	mov	r0, r4
1000020a:	2100      	movs	r1, #0
1000020c:	469b      	mov	fp, r3
1000020e:	f006 f973 	bl	100064f8 <__memset_veneer>
10000212:	f001 fddd 	bl	10001dd0 <time_us_64>
10000216:	4558      	cmp	r0, fp
10000218:	eb71 0108 	sbcs.w	r1, r1, r8
1000021c:	f04f 0a00 	mov.w	sl, #0
10000220:	d233      	bcs.n	1000028a <count_edges+0xaa>
10000222:	f04f 0e40 	mov.w	lr, #64	@ 0x40
10000226:	ec51 0008 	gpioc_index_in_get r0, r1
1000022a:	4633      	mov	r3, r6
1000022c:	462a      	mov	r2, r5
1000022e:	ea00 0607 	and.w	r6, r0, r7
10000232:	ea01 0509 	and.w	r5, r1, r9
10000236:	4295      	cmp	r5, r2
10000238:	bf08      	it	eq
1000023a:	429e      	cmpeq	r6, r3
1000023c:	d01a      	beq.n	10000274 <count_edges+0x94>
1000023e:	4073      	eors	r3, r6
10000240:	406a      	eors	r2, r5
10000242:	f8cd e004 	str.w	lr, [sp, #4]
10000246:	b323      	cbz	r3, 10000292 <count_edges+0xb2>
10000248:	fa93 f1a3 	rbit	r1, r3
1000024c:	fab1 f181 	clz	r1, r1
10000250:	f854 0021 	ldr.w	r0, [r4, r1, lsl #2]
10000254:	f113 3eff 	adds.w	lr, r3, #4294967295	@ 0xffffffff
10000258:	f142 3cff 	adc.w	ip, r2, #4294967295	@ 0xffffffff
1000025c:	3001      	adds	r0, #1
1000025e:	ea0e 0303 	and.w	r3, lr, r3
10000262:	ea0c 0202 	and.w	r2, ip, r2
10000266:	f844 0021 	str.w	r0, [r4, r1, lsl #2]
1000026a:	ea53 0102 	orrs.w	r1, r3, r2
1000026e:	d1ea      	bne.n	10000246 <count_edges+0x66>
10000270:	f8dd e004 	ldr.w	lr, [sp, #4]
10000274:	f1be 0e01 	subs.w	lr, lr, #1
10000278:	d1d5      	bne.n	10000226 <count_edges+0x46>
1000027a:	f001 fda9 	bl	10001dd0 <time_us_64>
1000027e:	4558      	cmp	r0, fp
10000280:	eb71 0108 	sbcs.w	r1, r1, r8
10000284:	f10a 0a40 	add.w	sl, sl, #64	@ 0x40
10000288:	d3cb      	bcc.n	10000222 <count_edges+0x42>
1000028a:	4650      	mov	r0, sl
1000028c:	b003      	add	sp, #12
1000028e:	e8bd 8ff0 	ldmia.w	sp!, {r4, r5, r6, r7, r8, r9, sl, fp, pc}
10000292:	fa92 f1a2 	rbit	r1, r2
10000296:	fab1 f181 	clz	r1, r1
1000029a:	3120      	adds	r1, #32
1000029c:	e7d8      	b.n	10000250 <count_edges+0x70>
1000029e:	bf00      	nop

100002a0 <motor.part.0>:
100002a0:	b508      	push	{r3, lr}
100002a2:	4b0a      	ldr	r3, [pc, #40]	@ (100002cc <motor.part.0+0x2c>)
100002a4:	4a0a      	ldr	r2, [pc, #40]	@ (100002d0 <motor.part.0+0x30>)
100002a6:	681b      	ldr	r3, [r3, #0]
100002a8:	2105      	movs	r1, #5
100002aa:	f003 0301 	and.w	r3, r3, #1
100002ae:	6013      	str	r3, [r2, #0]
100002b0:	2011      	movs	r0, #17
100002b2:	f000 fdd7 	bl	10000e64 <gpio_set_function>
100002b6:	2311      	movs	r3, #17
100002b8:	f04f 0201 	mov.w	r2, #1
100002bc:	ec42 3044 	gpioc_bit_oe_put r3, r2
100002c0:	f04f 0200 	mov.w	r2, #0
100002c4:	ec42 3040 	gpioc_bit_out_put r3, r2
100002c8:	bd08      	pop	{r3, pc}
100002ca:	bf00      	nop
100002cc:	400a8000 	.word	0x400a8000
100002d0:	400a9000 	.word	0x400a9000

100002d4 <count_edges.constprop.0>:
100002d4:	e92d 4ff0 	stmdb	sp!, {r4, r5, r6, r7, r8, r9, sl, fp, lr}
100002d8:	4604      	mov	r4, r0
100002da:	4617      	mov	r7, r2
100002dc:	4699      	mov	r9, r3
100002de:	b083      	sub	sp, #12
100002e0:	ec55 6008 	gpioc_index_in_get r6, r5
100002e4:	4016      	ands	r6, r2
100002e6:	401d      	ands	r5, r3
100002e8:	f001 fd72 	bl	10001dd0 <time_us_64>
100002ec:	4b27      	ldr	r3, [pc, #156]	@ (1000038c <count_edges.constprop.0+0xb8>)
100002ee:	22c0      	movs	r2, #192	@ 0xc0
100002f0:	eb10 0803 	adds.w	r8, r0, r3
100002f4:	f141 0b00 	adc.w	fp, r1, #0
100002f8:	4620      	mov	r0, r4
100002fa:	2100      	movs	r1, #0
100002fc:	f006 f8fc 	bl	100064f8 <__memset_veneer>
10000300:	f001 fd66 	bl	10001dd0 <time_us_64>
10000304:	4540      	cmp	r0, r8
10000306:	eb71 010b 	sbcs.w	r1, r1, fp
1000030a:	f04f 0a00 	mov.w	sl, #0
1000030e:	d233      	bcs.n	10000378 <count_edges.constprop.0+0xa4>
10000310:	f04f 0e40 	mov.w	lr, #64	@ 0x40
10000314:	ec51 0008 	gpioc_index_in_get r0, r1
10000318:	4633      	mov	r3, r6
1000031a:	462a      	mov	r2, r5
1000031c:	ea00 0607 	and.w	r6, r0, r7
10000320:	ea01 0509 	and.w	r5, r1, r9
10000324:	4295      	cmp	r5, r2
10000326:	bf08      	it	eq
10000328:	429e      	cmpeq	r6, r3
1000032a:	d01a      	beq.n	10000362 <count_edges.constprop.0+0x8e>
1000032c:	4073      	eors	r3, r6
1000032e:	406a      	eors	r2, r5
10000330:	f8cd e004 	str.w	lr, [sp, #4]
10000334:	b323      	cbz	r3, 10000380 <count_edges.constprop.0+0xac>
10000336:	fa93 f1a3 	rbit	r1, r3
1000033a:	fab1 f181 	clz	r1, r1
1000033e:	f854 0021 	ldr.w	r0, [r4, r1, lsl #2]
10000342:	f113 3eff 	adds.w	lr, r3, #4294967295	@ 0xffffffff
10000346:	f142 3cff 	adc.w	ip, r2, #4294967295	@ 0xffffffff
1000034a:	3001      	adds	r0, #1
1000034c:	ea0e 0303 	and.w	r3, lr, r3
10000350:	ea0c 0202 	and.w	r2, ip, r2
10000354:	f844 0021 	str.w	r0, [r4, r1, lsl #2]
10000358:	ea53 0102 	orrs.w	r1, r3, r2
1000035c:	d1ea      	bne.n	10000334 <count_edges.constprop.0+0x60>
1000035e:	f8dd e004 	ldr.w	lr, [sp, #4]
10000362:	f1be 0e01 	subs.w	lr, lr, #1
10000366:	d1d5      	bne.n	10000314 <count_edges.constprop.0+0x40>
10000368:	f001 fd32 	bl	10001dd0 <time_us_64>
1000036c:	4540      	cmp	r0, r8
1000036e:	eb71 010b 	sbcs.w	r1, r1, fp
10000372:	f10a 0a40 	add.w	sl, sl, #64	@ 0x40
10000376:	d3cb      	bcc.n	10000310 <count_edges.constprop.0+0x3c>
10000378:	4650      	mov	r0, sl
1000037a:	b003      	add	sp, #12
1000037c:	e8bd 8ff0 	ldmia.w	sp!, {r4, r5, r6, r7, r8, r9, sl, fp, pc}
10000380:	fa92 f1a2 	rbit	r1, r2
10000384:	fab1 f181 	clz	r1, r1
10000388:	3120      	adds	r1, #32
1000038a:	e7d8      	b.n	1000033e <count_edges.constprop.0+0x6a>
1000038c:	000f4240 	.word	0x000f4240

10000390 <motor.constprop.0>:
10000390:	b570      	push	{r4, r5, r6, lr}
10000392:	2312      	movs	r3, #18
10000394:	b082      	sub	sp, #8
10000396:	f04f 0200 	mov.w	r2, #0
1000039a:	ec42 3040 	gpioc_bit_out_put r3, r2
1000039e:	2005      	movs	r0, #5
100003a0:	f001 fda0 	bl	10001ee4 <clock_get_hz>
100003a4:	466a      	mov	r2, sp
100003a6:	ab01      	add	r3, sp, #4
100003a8:	f644 6120 	movw	r1, #20000	@ 0x4e20
100003ac:	f000 fd08 	bl	10000dc0 <pwmdiv_solve>
100003b0:	2332      	movs	r3, #50	@ 0x32
100003b2:	9e00      	ldr	r6, [sp, #0]
100003b4:	4c1b      	ldr	r4, [pc, #108]	@ (10000424 <motor.constprop.0+0x94>)
100003b6:	f3c6 060b 	ubfx	r6, r6, #0, #12
100003ba:	6066      	str	r6, [r4, #4]
100003bc:	f8dd c004 	ldr.w	ip, [sp, #4]
100003c0:	4a19      	ldr	r2, [pc, #100]	@ (10000428 <motor.constprop.0+0x98>)
100003c2:	fbac 3603 	umull	r3, r6, ip, r3
100003c6:	f10c 3cff 	add.w	ip, ip, #4294967295	@ 0xffffffff
100003ca:	fa1f fc8c 	uxth.w	ip, ip
100003ce:	f8c4 c010 	str.w	ip, [r4, #16]
100003d2:	ea4f 5c13 	mov.w	ip, r3, lsr #20
100003d6:	ea4c 3606 	orr.w	r6, ip, r6, lsl #12
100003da:	f3c3 0c13 	ubfx	ip, r3, #0, #20
100003de:	44b4      	add	ip, r6
100003e0:	fba2 620c 	umull	r6, r2, r2, ip
100003e4:	08d2      	lsrs	r2, r2, #3
100003e6:	eb02 0282 	add.w	r2, r2, r2, lsl #2
100003ea:	eb02 0282 	add.w	r2, r2, r2, lsl #2
100003ee:	ebac 0202 	sub.w	r2, ip, r2
100003f2:	f8df e03c 	ldr.w	lr, [pc, #60]	@ 10000430 <motor.constprop.0+0xa0>
100003f6:	1a9b      	subs	r3, r3, r2
100003f8:	fba3 3e0e 	umull	r3, lr, r3, lr
100003fc:	68e2      	ldr	r2, [r4, #12]
100003fe:	089b      	lsrs	r3, r3, #2
10000400:	4d0a      	ldr	r5, [pc, #40]	@ (1000042c <motor.constprop.0+0x9c>)
10000402:	ea82 4303 	eor.w	r3, r2, r3, lsl #16
10000406:	f36f 030f 	bfc	r3, #0, #16
1000040a:	60eb      	str	r3, [r5, #12]
1000040c:	2104      	movs	r1, #4
1000040e:	2011      	movs	r0, #17
10000410:	f000 fd28 	bl	10000e64 <gpio_set_function>
10000414:	6823      	ldr	r3, [r4, #0]
10000416:	43db      	mvns	r3, r3
10000418:	f003 0301 	and.w	r3, r3, #1
1000041c:	602b      	str	r3, [r5, #0]
1000041e:	b002      	add	sp, #8
10000420:	bd70      	pop	{r4, r5, r6, pc}
10000422:	bf00      	nop
10000424:	400a8000 	.word	0x400a8000
10000428:	51eb851f 	.word	0x51eb851f
1000042c:	400a9000 	.word	0x400a9000
10000430:	c28f5c29 	.word	0xc28f5c29
10000434:	00000000 	.word	0x00000000

10000438 <main>:
10000438:	e92d 4ff0 	stmdb	sp!, {r4, r5, r6, r7, r8, r9, sl, fp, lr}
1000043c:	b0ad      	sub	sp, #180	@ 0xb4
1000043e:	f003 fd99 	bl	10003f74 <stdio_init_all>
10000442:	4b1f      	ldr	r3, [pc, #124]	@ (100004c0 <main+0x88>)
10000444:	f04f 0701 	mov.w	r7, #1
10000448:	e893 0007 	ldmia.w	r3, {r0, r1, r2}
1000044c:	ab21      	add	r3, sp, #132	@ 0x84
1000044e:	f04f 0600 	mov.w	r6, #0
10000452:	461c      	mov	r4, r3
10000454:	e883 0007 	stmia.w	r3, {r0, r1, r2}
10000458:	f854 5b04 	ldr.w	r5, [r4], #4
1000045c:	4628      	mov	r0, r5
1000045e:	f000 fd1f 	bl	10000ea0 <gpio_init>
10000462:	ec47 5044 	gpioc_bit_oe_put r5, r7
10000466:	ec46 5040 	gpioc_bit_out_put r5, r6
1000046a:	ab24      	add	r3, sp, #144	@ 0x90
1000046c:	429c      	cmp	r4, r3
1000046e:	d1f3      	bne.n	10000458 <main+0x20>
10000470:	2400      	movs	r4, #0
10000472:	2701      	movs	r7, #1
10000474:	46a1      	mov	r9, r4
10000476:	46a0      	mov	r8, r4
10000478:	4625      	mov	r5, r4
1000047a:	f1a4 0311 	sub.w	r3, r4, #17
1000047e:	2b01      	cmp	r3, #1
10000480:	f240 8178 	bls.w	10000774 <main+0x33c>
10000484:	2c1a      	cmp	r4, #26
10000486:	bf08      	it	eq
10000488:	241b      	moveq	r4, #27
1000048a:	4620      	mov	r0, r4
1000048c:	f000 fd08 	bl	10000ea0 <gpio_init>
10000490:	ec45 4044 	gpioc_bit_oe_put r4, r5
10000494:	f1a4 0320 	sub.w	r3, r4, #32
10000498:	f1c4 0120 	rsb	r1, r4, #32
1000049c:	fa07 f303 	lsl.w	r3, r7, r3
100004a0:	fa27 f101 	lsr.w	r1, r7, r1
100004a4:	fa07 f204 	lsl.w	r2, r7, r4
100004a8:	430b      	orrs	r3, r1
100004aa:	3401      	adds	r4, #1
100004ac:	ea42 0209 	orr.w	r2, r2, r9
100004b0:	ea43 0608 	orr.w	r6, r3, r8
100004b4:	2c30      	cmp	r4, #48	@ 0x30
100004b6:	4691      	mov	r9, r2
100004b8:	46b0      	mov	r8, r6
100004ba:	d1de      	bne.n	1000047a <main+0x42>
100004bc:	921a      	str	r2, [sp, #104]	@ 0x68
100004be:	e004      	b.n	100004ca <main+0x92>
100004c0:	10006d2c 	.word	0x10006d2c
100004c4:	2064      	movs	r0, #100	@ 0x64
100004c6:	f001 fb57 	bl	10001b78 <sleep_ms>
100004ca:	f004 f83d 	bl	10004548 <stdio_usb_connected>
100004ce:	2800      	cmp	r0, #0
100004d0:	d0f8      	beq.n	100004c4 <main+0x8c>
100004d2:	4680      	mov	r8, r0
100004d4:	f44f 70fa 	mov.w	r0, #500	@ 0x1f4
100004d8:	f001 fb4e 	bl	10001b78 <sleep_ms>
100004dc:	48be      	ldr	r0, [pc, #760]	@ (100007d8 <main+0x3a0>)
100004de:	f003 fd8d 	bl	10003ffc <__wrap_puts>
100004e2:	f644 6420 	movw	r4, #20000	@ 0x4e20
100004e6:	231a      	movs	r3, #26
100004e8:	2212      	movs	r2, #18
100004ea:	2130      	movs	r1, #48	@ 0x30
100004ec:	e9cd 2301 	strd	r2, r3, [sp, #4]
100004f0:	9400      	str	r4, [sp, #0]
100004f2:	2332      	movs	r3, #50	@ 0x32
100004f4:	2211      	movs	r2, #17
100004f6:	48b9      	ldr	r0, [pc, #740]	@ (100007dc <main+0x3a4>)
100004f8:	f003 fdfe 	bl	100040f8 <__wrap_printf>
100004fc:	2215      	movs	r2, #21
100004fe:	2113      	movs	r1, #19
10000500:	48b7      	ldr	r0, [pc, #732]	@ (100007e0 <main+0x3a8>)
10000502:	f003 fdf9 	bl	100040f8 <__wrap_printf>
10000506:	48b7      	ldr	r0, [pc, #732]	@ (100007e4 <main+0x3ac>)
10000508:	f003 fd78 	bl	10003ffc <__wrap_puts>
1000050c:	ec55 7008 	gpioc_index_in_get r7, r5
10000510:	2400      	movs	r4, #0
10000512:	f1a4 0311 	sub.w	r3, r4, #17
10000516:	2b01      	cmp	r3, #1
10000518:	d804      	bhi.n	10000524 <main+0xec>
1000051a:	3401      	adds	r4, #1
1000051c:	f1a4 0311 	sub.w	r3, r4, #17
10000520:	2b01      	cmp	r3, #1
10000522:	d9fa      	bls.n	1000051a <main+0xe2>
10000524:	2c1a      	cmp	r4, #26
10000526:	bf08      	it	eq
10000528:	241b      	moveq	r4, #27
1000052a:	f1c4 0120 	rsb	r1, r4, #32
1000052e:	f1a4 0220 	sub.w	r2, r4, #32
10000532:	fa27 f304 	lsr.w	r3, r7, r4
10000536:	fa05 f101 	lsl.w	r1, r5, r1
1000053a:	430b      	orrs	r3, r1
1000053c:	fa25 f202 	lsr.w	r2, r5, r2
10000540:	4313      	orrs	r3, r2
10000542:	4aa9      	ldr	r2, [pc, #676]	@ (100007e8 <main+0x3b0>)
10000544:	4621      	mov	r1, r4
10000546:	f852 2024 	ldr.w	r2, [r2, r4, lsl #2]
1000054a:	48a8      	ldr	r0, [pc, #672]	@ (100007ec <main+0x3b4>)
1000054c:	f003 0301 	and.w	r3, r3, #1
10000550:	3401      	adds	r4, #1
10000552:	f003 fdd1 	bl	100040f8 <__wrap_printf>
10000556:	2c30      	cmp	r4, #48	@ 0x30
10000558:	d1db      	bne.n	10000512 <main+0xda>
1000055a:	2701      	movs	r7, #1
1000055c:	f20f 2b60 	addw	fp, pc, #608	@ 0x260
10000560:	e9db ab00 	ldrd	sl, fp, [fp]
10000564:	48a2      	ldr	r0, [pc, #648]	@ (100007f0 <main+0x3b8>)
10000566:	f8df 92b8 	ldr.w	r9, [pc, #696]	@ 10000820 <main+0x3e8>
1000056a:	f003 fd47 	bl	10003ffc <__wrap_puts>
1000056e:	9604      	str	r6, [sp, #16]
10000570:	2312      	movs	r3, #18
10000572:	f04f 0200 	mov.w	r2, #0
10000576:	ec42 3040 	gpioc_bit_out_put r3, r2
1000057a:	4b9e      	ldr	r3, [pc, #632]	@ (100007f4 <main+0x3bc>)
1000057c:	4a9e      	ldr	r2, [pc, #632]	@ (100007f8 <main+0x3c0>)
1000057e:	681b      	ldr	r3, [r3, #0]
10000580:	2105      	movs	r1, #5
10000582:	f003 0301 	and.w	r3, r3, #1
10000586:	6013      	str	r3, [r2, #0]
10000588:	2011      	movs	r0, #17
1000058a:	f000 fc6b 	bl	10000e64 <gpio_set_function>
1000058e:	2311      	movs	r3, #17
10000590:	f04f 0201 	mov.w	r2, #1
10000594:	ec42 3044 	gpioc_bit_oe_put r3, r2
10000598:	f04f 0200 	mov.w	r2, #0
1000059c:	ec42 3040 	gpioc_bit_out_put r3, r2
100005a0:	f44f 70fa 	mov.w	r0, #500	@ 0x1f4
100005a4:	f001 fae8 	bl	10001b78 <sleep_ms>
100005a8:	9a1a      	ldr	r2, [sp, #104]	@ 0x68
100005aa:	9b04      	ldr	r3, [sp, #16]
100005ac:	4993      	ldr	r1, [pc, #588]	@ (100007fc <main+0x3c4>)
100005ae:	f640 30b8 	movw	r0, #3000	@ 0xbb8
100005b2:	f7ff fe15 	bl	100001e0 <count_edges>
100005b6:	4604      	mov	r4, r0
100005b8:	463b      	mov	r3, r7
100005ba:	4a91      	ldr	r2, [pc, #580]	@ (10000800 <main+0x3c8>)
100005bc:	2120      	movs	r1, #32
100005be:	a824      	add	r0, sp, #144	@ 0x90
100005c0:	f003 fb64 	bl	10003c8c <__wrap_snprintf>
100005c4:	4620      	mov	r0, r4
100005c6:	f001 ff81 	bl	100024cc <__wrap___aeabi_ui2d>
100005ca:	a37f      	add	r3, pc, #508	@ (adr r3, 100007c8 <main+0x390>)
100005cc:	e9d3 2300 	ldrd	r2, r3, [r3]
100005d0:	f001 ff1c 	bl	1000240c <__wrap___aeabi_ddiv>
100005d4:	4622      	mov	r2, r4
100005d6:	e9cd 0100 	strd	r0, r1, [sp]
100005da:	f640 33b8 	movw	r3, #3000	@ 0xbb8
100005de:	4889      	ldr	r0, [pc, #548]	@ (10000804 <main+0x3cc>)
100005e0:	a924      	add	r1, sp, #144	@ 0x90
100005e2:	f003 fd89 	bl	100040f8 <__wrap_printf>
100005e6:	2300      	movs	r3, #0
100005e8:	461c      	mov	r4, r3
100005ea:	4d87      	ldr	r5, [pc, #540]	@ (10000808 <main+0x3d0>)
100005ec:	9706      	str	r7, [sp, #24]
100005ee:	f855 7f04 	ldr.w	r7, [r5, #4]!
100005f2:	b1e7      	cbz	r7, 1000062e <main+0x1f6>
100005f4:	4b7c      	ldr	r3, [pc, #496]	@ (100007e8 <main+0x3b0>)
100005f6:	4638      	mov	r0, r7
100005f8:	f853 6024 	ldr.w	r6, [r3, r4, lsl #2]
100005fc:	f001 ff66 	bl	100024cc <__wrap___aeabi_ui2d>
10000600:	a373      	add	r3, pc, #460	@ (adr r3, 100007d0 <main+0x398>)
10000602:	e9d3 2300 	ldrd	r2, r3, [r3]
10000606:	f001 fedd 	bl	100023c4 <__wrap___aeabi_dmul>
1000060a:	4652      	mov	r2, sl
1000060c:	465b      	mov	r3, fp
1000060e:	f001 fefd 	bl	1000240c <__wrap___aeabi_ddiv>
10000612:	2200      	movs	r2, #0
10000614:	f04f 537d 	mov.w	r3, #1061158912	@ 0x3f400000
10000618:	f001 fed4 	bl	100023c4 <__wrap___aeabi_dmul>
1000061c:	463b      	mov	r3, r7
1000061e:	e9cd 0100 	strd	r0, r1, [sp]
10000622:	4632      	mov	r2, r6
10000624:	4621      	mov	r1, r4
10000626:	4879      	ldr	r0, [pc, #484]	@ (1000080c <main+0x3d4>)
10000628:	f003 fd66 	bl	100040f8 <__wrap_printf>
1000062c:	4643      	mov	r3, r8
1000062e:	454d      	cmp	r5, r9
10000630:	f104 0401 	add.w	r4, r4, #1
10000634:	d1db      	bne.n	100005ee <main+0x1b6>
10000636:	9f06      	ldr	r7, [sp, #24]
10000638:	2b00      	cmp	r3, #0
1000063a:	f000 80bc 	beq.w	100007b6 <main+0x37e>
1000063e:	f7ff fea7 	bl	10000390 <motor.constprop.0>
10000642:	f44f 70fa 	mov.w	r0, #500	@ 0x1f4
10000646:	f001 fa97 	bl	10001b78 <sleep_ms>
1000064a:	9a1a      	ldr	r2, [sp, #104]	@ 0x68
1000064c:	9b04      	ldr	r3, [sp, #16]
1000064e:	496b      	ldr	r1, [pc, #428]	@ (100007fc <main+0x3c4>)
10000650:	f640 30b8 	movw	r0, #3000	@ 0xbb8
10000654:	f7ff fdc4 	bl	100001e0 <count_edges>
10000658:	2312      	movs	r3, #18
1000065a:	4604      	mov	r4, r0
1000065c:	f04f 0200 	mov.w	r2, #0
10000660:	ec42 3040 	gpioc_bit_out_put r3, r2
10000664:	4b63      	ldr	r3, [pc, #396]	@ (100007f4 <main+0x3bc>)
10000666:	4a64      	ldr	r2, [pc, #400]	@ (100007f8 <main+0x3c0>)
10000668:	681b      	ldr	r3, [r3, #0]
1000066a:	2105      	movs	r1, #5
1000066c:	f003 0301 	and.w	r3, r3, #1
10000670:	6013      	str	r3, [r2, #0]
10000672:	2011      	movs	r0, #17
10000674:	f000 fbf6 	bl	10000e64 <gpio_set_function>
10000678:	2311      	movs	r3, #17
1000067a:	f04f 0201 	mov.w	r2, #1
1000067e:	ec42 3044 	gpioc_bit_oe_put r3, r2
10000682:	f04f 0200 	mov.w	r2, #0
10000686:	ec42 3040 	gpioc_bit_out_put r3, r2
1000068a:	4a61      	ldr	r2, [pc, #388]	@ (10000810 <main+0x3d8>)
1000068c:	463b      	mov	r3, r7
1000068e:	2120      	movs	r1, #32
10000690:	a824      	add	r0, sp, #144	@ 0x90
10000692:	f003 fafb 	bl	10003c8c <__wrap_snprintf>
10000696:	4620      	mov	r0, r4
10000698:	f001 ff18 	bl	100024cc <__wrap___aeabi_ui2d>
1000069c:	a34a      	add	r3, pc, #296	@ (adr r3, 100007c8 <main+0x390>)
1000069e:	e9d3 2300 	ldrd	r2, r3, [r3]
100006a2:	f001 feb3 	bl	1000240c <__wrap___aeabi_ddiv>
100006a6:	4622      	mov	r2, r4
100006a8:	e9cd 0100 	strd	r0, r1, [sp]
100006ac:	f640 33b8 	movw	r3, #3000	@ 0xbb8
100006b0:	4854      	ldr	r0, [pc, #336]	@ (10000804 <main+0x3cc>)
100006b2:	a924      	add	r1, sp, #144	@ 0x90
100006b4:	f003 fd20 	bl	100040f8 <__wrap_printf>
100006b8:	2300      	movs	r3, #0
100006ba:	461c      	mov	r4, r3
100006bc:	4d52      	ldr	r5, [pc, #328]	@ (10000808 <main+0x3d0>)
100006be:	9706      	str	r7, [sp, #24]
100006c0:	f855 7f04 	ldr.w	r7, [r5, #4]!
100006c4:	b1e7      	cbz	r7, 10000700 <main+0x2c8>
100006c6:	4b48      	ldr	r3, [pc, #288]	@ (100007e8 <main+0x3b0>)
100006c8:	4638      	mov	r0, r7
100006ca:	f853 6024 	ldr.w	r6, [r3, r4, lsl #2]
100006ce:	f001 fefd 	bl	100024cc <__wrap___aeabi_ui2d>
100006d2:	a33f      	add	r3, pc, #252	@ (adr r3, 100007d0 <main+0x398>)
100006d4:	e9d3 2300 	ldrd	r2, r3, [r3]
100006d8:	f001 fe74 	bl	100023c4 <__wrap___aeabi_dmul>
100006dc:	4652      	mov	r2, sl
100006de:	465b      	mov	r3, fp
100006e0:	f001 fe94 	bl	1000240c <__wrap___aeabi_ddiv>
100006e4:	2200      	movs	r2, #0
100006e6:	f04f 537d 	mov.w	r3, #1061158912	@ 0x3f400000
100006ea:	f001 fe6b 	bl	100023c4 <__wrap___aeabi_dmul>
100006ee:	463b      	mov	r3, r7
100006f0:	e9cd 0100 	strd	r0, r1, [sp]
100006f4:	4632      	mov	r2, r6
100006f6:	4621      	mov	r1, r4
100006f8:	4844      	ldr	r0, [pc, #272]	@ (1000080c <main+0x3d4>)
100006fa:	f003 fcfd 	bl	100040f8 <__wrap_printf>
100006fe:	4643      	mov	r3, r8
10000700:	454d      	cmp	r5, r9
10000702:	f104 0401 	add.w	r4, r4, #1
10000706:	d1db      	bne.n	100006c0 <main+0x288>
10000708:	9f06      	ldr	r7, [sp, #24]
1000070a:	2b00      	cmp	r3, #0
1000070c:	d04b      	beq.n	100007a6 <main+0x36e>
1000070e:	3701      	adds	r7, #1
10000710:	2f04      	cmp	r7, #4
10000712:	f47f af2d 	bne.w	10000570 <main+0x138>
10000716:	9e04      	ldr	r6, [sp, #16]
10000718:	2412      	movs	r4, #18
1000071a:	f04f 0500 	mov.w	r5, #0
1000071e:	ec45 4040 	gpioc_bit_out_put r4, r5
10000722:	f7ff fdbd 	bl	100002a0 <motor.part.0>
10000726:	ec45 4040 	gpioc_bit_out_put r4, r5
1000072a:	f7ff fdb9 	bl	100002a0 <motor.part.0>
1000072e:	f44f 70fa 	mov.w	r0, #500	@ 0x1f4
10000732:	f001 fa21 	bl	10001b78 <sleep_ms>
10000736:	9c1a      	ldr	r4, [sp, #104]	@ 0x68
10000738:	4633      	mov	r3, r6
1000073a:	4622      	mov	r2, r4
1000073c:	4835      	ldr	r0, [pc, #212]	@ (10000814 <main+0x3dc>)
1000073e:	f7ff fdc9 	bl	100002d4 <count_edges.constprop.0>
10000742:	f7ff fe25 	bl	10000390 <motor.constprop.0>
10000746:	f44f 70fa 	mov.w	r0, #500	@ 0x1f4
1000074a:	f001 fa15 	bl	10001b78 <sleep_ms>
1000074e:	4633      	mov	r3, r6
10000750:	4622      	mov	r2, r4
10000752:	4831      	ldr	r0, [pc, #196]	@ (10000818 <main+0x3e0>)
10000754:	f7ff fdbe 	bl	100002d4 <count_edges.constprop.0>
10000758:	2300      	movs	r3, #0
1000075a:	4618      	mov	r0, r3
1000075c:	492e      	ldr	r1, [pc, #184]	@ (10000818 <main+0x3e0>)
1000075e:	4d2d      	ldr	r5, [pc, #180]	@ (10000814 <main+0x3dc>)
10000760:	680c      	ldr	r4, [r1, #0]
10000762:	3104      	adds	r1, #4
10000764:	f5b4 7f7a 	cmp.w	r4, #1000	@ 0x3e8
10000768:	d806      	bhi.n	10000778 <main+0x340>
1000076a:	3301      	adds	r3, #1
1000076c:	2b30      	cmp	r3, #48	@ 0x30
1000076e:	d1f7      	bne.n	10000760 <main+0x328>
10000770:	900b      	str	r0, [sp, #44]	@ 0x2c
10000772:	e2bc      	b.n	10000cee <main+0x8b6>
10000774:	3401      	adds	r4, #1
10000776:	e680      	b.n	1000047a <main+0x42>
10000778:	f855 2023 	ldr.w	r2, [r5, r3, lsl #2]
1000077c:	af2c      	add	r7, sp, #176	@ 0xb0
1000077e:	eb02 0282 	add.w	r2, r2, r2, lsl #2
10000782:	0092      	lsls	r2, r2, #2
10000784:	3264      	adds	r2, #100	@ 0x64
10000786:	4294      	cmp	r4, r2
10000788:	eb07 0780 	add.w	r7, r7, r0, lsl #2
1000078c:	f100 0201 	add.w	r2, r0, #1
10000790:	d9eb      	bls.n	1000076a <main+0x332>
10000792:	f847 3c20 	str.w	r3, [r7, #-32]
10000796:	3301      	adds	r3, #1
10000798:	2b30      	cmp	r3, #48	@ 0x30
1000079a:	f000 82a7 	beq.w	10000cec <main+0x8b4>
1000079e:	2a04      	cmp	r2, #4
100007a0:	d040      	beq.n	10000824 <main+0x3ec>
100007a2:	4610      	mov	r0, r2
100007a4:	e7dc      	b.n	10000760 <main+0x328>
100007a6:	481d      	ldr	r0, [pc, #116]	@ (1000081c <main+0x3e4>)
100007a8:	3701      	adds	r7, #1
100007aa:	f003 fc27 	bl	10003ffc <__wrap_puts>
100007ae:	2f04      	cmp	r7, #4
100007b0:	f47f aede 	bne.w	10000570 <main+0x138>
100007b4:	e7af      	b.n	10000716 <main+0x2de>
100007b6:	4819      	ldr	r0, [pc, #100]	@ (1000081c <main+0x3e4>)
100007b8:	f003 fc20 	bl	10003ffc <__wrap_puts>
100007bc:	e73f      	b.n	1000063e <main+0x206>
100007be:	bf00      	nop
100007c0:	00000000 	.word	0x00000000
100007c4:	40a77000 	.word	0x40a77000
100007c8:	00000000 	.word	0x00000000
100007cc:	4146e360 	.word	0x4146e360
100007d0:	00000000 	.word	0x00000000
100007d4:	40ed4c00 	.word	0x40ed4c00
100007d8:	100065a8 	.word	0x100065a8
100007dc:	100065e4 	.word	0x100065e4
100007e0:	10006640 	.word	0x10006640
100007e4:	1000666c 	.word	0x1000666c
100007e8:	10006c6c 	.word	0x10006c6c
100007ec:	10006690 	.word	0x10006690
100007f0:	100066a4 	.word	0x100066a4
100007f4:	400a8000 	.word	0x400a8000
100007f8:	400a9000 	.word	0x400a9000
100007fc:	2000188c 	.word	0x2000188c
10000800:	100066c8 	.word	0x100066c8
10000804:	100066d8 	.word	0x100066d8
10000808:	20001888 	.word	0x20001888
1000080c:	10006700 	.word	0x10006700
10000810:	1000674c 	.word	0x1000674c
10000814:	20001df0 	.word	0x20001df0
10000818:	20001eb0 	.word	0x20001eb0
1000081c:	10006738 	.word	0x10006738
10000820:	20001948 	.word	0x20001948
10000824:	4611      	mov	r1, r2
10000826:	488a      	ldr	r0, [pc, #552]	@ (10000a50 <main+0x618>)
10000828:	920b      	str	r2, [sp, #44]	@ 0x2c
1000082a:	f003 fc65 	bl	100040f8 <__wrap_printf>
1000082e:	ab24      	add	r3, sp, #144	@ 0x90
10000830:	461c      	mov	r4, r3
10000832:	931c      	str	r3, [sp, #112]	@ 0x70
10000834:	9b0b      	ldr	r3, [sp, #44]	@ 0x2c
10000836:	eb04 0583 	add.w	r5, r4, r3, lsl #2
1000083a:	f854 1b04 	ldr.w	r1, [r4], #4
1000083e:	4885      	ldr	r0, [pc, #532]	@ (10000a54 <main+0x61c>)
10000840:	f003 fc5a 	bl	100040f8 <__wrap_printf>
10000844:	42a5      	cmp	r5, r4
10000846:	d1f8      	bne.n	1000083a <main+0x402>
10000848:	4883      	ldr	r0, [pc, #524]	@ (10000a58 <main+0x620>)
1000084a:	f003 fbd7 	bl	10003ffc <__wrap_puts>
1000084e:	9b0b      	ldr	r3, [sp, #44]	@ 0x2c
10000850:	2b01      	cmp	r3, #1
10000852:	f000 8164 	beq.w	10000b1e <main+0x6e6>
10000856:	f001 fabb 	bl	10001dd0 <time_us_64>
1000085a:	f04f 0b00 	mov.w	fp, #0
1000085e:	4b7f      	ldr	r3, [pc, #508]	@ (10000a5c <main+0x624>)
10000860:	f8df a204 	ldr.w	sl, [pc, #516]	@ 10000a68 <main+0x630>
10000864:	18c3      	adds	r3, r0, r3
10000866:	931d      	str	r3, [sp, #116]	@ 0x74
10000868:	f141 0300 	adc.w	r3, r1, #0
1000086c:	931e      	str	r3, [sp, #120]	@ 0x78
1000086e:	f8cd b06c 	str.w	fp, [sp, #108]	@ 0x6c
10000872:	f8cd 8010 	str.w	r8, [sp, #16]
10000876:	f001 faab 	bl	10001dd0 <time_us_64>
1000087a:	9b1d      	ldr	r3, [sp, #116]	@ 0x74
1000087c:	4298      	cmp	r0, r3
1000087e:	9b1e      	ldr	r3, [sp, #120]	@ 0x78
10000880:	4199      	sbcs	r1, r3
10000882:	f080 81f7 	bcs.w	10000c74 <main+0x83c>
10000886:	e9dd 5426 	ldrd	r5, r4, [sp, #152]	@ 0x98
1000088a:	2340      	movs	r3, #64	@ 0x40
1000088c:	2200      	movs	r2, #0
1000088e:	9306      	str	r3, [sp, #24]
10000890:	4b73      	ldr	r3, [pc, #460]	@ (10000a60 <main+0x628>)
10000892:	9825      	ldr	r0, [sp, #148]	@ 0x94
10000894:	685f      	ldr	r7, [r3, #4]
10000896:	9924      	ldr	r1, [sp, #144]	@ 0x90
10000898:	9708      	str	r7, [sp, #32]
1000089a:	689f      	ldr	r7, [r3, #8]
1000089c:	46de      	mov	lr, fp
1000089e:	970a      	str	r7, [sp, #40]	@ 0x28
100008a0:	68df      	ldr	r7, [r3, #12]
100008a2:	9218      	str	r2, [sp, #96]	@ 0x60
100008a4:	9714      	str	r7, [sp, #80]	@ 0x50
100008a6:	699f      	ldr	r7, [r3, #24]
100008a8:	910d      	str	r1, [sp, #52]	@ 0x34
100008aa:	9709      	str	r7, [sp, #36]	@ 0x24
100008ac:	69df      	ldr	r7, [r3, #28]
100008ae:	6adb      	ldr	r3, [r3, #44]	@ 0x2c
100008b0:	900c      	str	r0, [sp, #48]	@ 0x30
100008b2:	9316      	str	r3, [sp, #88]	@ 0x58
100008b4:	f1c0 0320 	rsb	r3, r0, #32
100008b8:	930f      	str	r3, [sp, #60]	@ 0x3c
100008ba:	f1a0 0320 	sub.w	r3, r0, #32
100008be:	9311      	str	r3, [sp, #68]	@ 0x44
100008c0:	f1c1 0320 	rsb	r3, r1, #32
100008c4:	9310      	str	r3, [sp, #64]	@ 0x40
100008c6:	f1a1 0320 	sub.w	r3, r1, #32
100008ca:	9715      	str	r7, [sp, #84]	@ 0x54
100008cc:	930e      	str	r3, [sp, #56]	@ 0x38
100008ce:	9213      	str	r2, [sp, #76]	@ 0x4c
100008d0:	9217      	str	r2, [sp, #92]	@ 0x5c
100008d2:	9212      	str	r2, [sp, #72]	@ 0x48
100008d4:	9219      	str	r2, [sp, #100]	@ 0x64
100008d6:	961f      	str	r6, [sp, #124]	@ 0x7c
100008d8:	e069      	b.n	100009ae <main+0x576>
100008da:	ea4b 0b01 	orr.w	fp, fp, r1
100008de:	2b04      	cmp	r3, #4
100008e0:	ea4b 0202 	orr.w	r2, fp, r2
100008e4:	bf08      	it	eq
100008e6:	4693      	moveq	fp, r2
100008e8:	ea8b 025b 	eor.w	r2, fp, fp, lsr #1
100008ec:	ea6f 0202 	mvn.w	r2, r2
100008f0:	ea8b 039b 	eor.w	r3, fp, fp, lsr #2
100008f4:	ea6f 0303 	mvn.w	r3, r3
100008f8:	f85a 102b 	ldr.w	r1, [sl, fp, lsl #2]
100008fc:	ea4f 005b 	mov.w	r0, fp, lsr #1
10000900:	f101 0101 	add.w	r1, r1, #1
10000904:	f84a 102b 	str.w	r1, [sl, fp, lsl #2]
10000908:	ea80 01db 	eor.w	r1, r0, fp, lsr #3
1000090c:	9112      	str	r1, [sp, #72]	@ 0x48
1000090e:	ea4f 019b 	mov.w	r1, fp, lsr #2
10000912:	ea81 06db 	eor.w	r6, r1, fp, lsr #3
10000916:	9613      	str	r6, [sp, #76]	@ 0x4c
10000918:	9e08      	ldr	r6, [sp, #32]
1000091a:	f002 0201 	and.w	r2, r2, #1
1000091e:	4416      	add	r6, r2
10000920:	9a0a      	ldr	r2, [sp, #40]	@ 0x28
10000922:	f003 0301 	and.w	r3, r3, #1
10000926:	441a      	add	r2, r3
10000928:	ea8b 0cdb 	eor.w	ip, fp, fp, lsr #3
1000092c:	ea81 0700 	eor.w	r7, r1, r0
10000930:	9608      	str	r6, [sp, #32]
10000932:	920a      	str	r2, [sp, #40]	@ 0x28
10000934:	f040 8173 	bne.w	10000c1e <main+0x7e6>
10000938:	ea6f 0c0c 	mvn.w	ip, ip
1000093c:	43ff      	mvns	r7, r7
1000093e:	9b12      	ldr	r3, [sp, #72]	@ 0x48
10000940:	f00c 0c01 	and.w	ip, ip, #1
10000944:	43de      	mvns	r6, r3
10000946:	9b13      	ldr	r3, [sp, #76]	@ 0x4c
10000948:	f007 0701 	and.w	r7, r7, #1
1000094c:	43d8      	mvns	r0, r3
1000094e:	9b14      	ldr	r3, [sp, #80]	@ 0x50
10000950:	f006 0601 	and.w	r6, r6, #1
10000954:	4463      	add	r3, ip
10000956:	9314      	str	r3, [sp, #80]	@ 0x50
10000958:	9b09      	ldr	r3, [sp, #36]	@ 0x24
1000095a:	f000 0001 	and.w	r0, r0, #1
1000095e:	443b      	add	r3, r7
10000960:	9309      	str	r3, [sp, #36]	@ 0x24
10000962:	9b15      	ldr	r3, [sp, #84]	@ 0x54
10000964:	f8cd 805c 	str.w	r8, [sp, #92]	@ 0x5c
10000968:	4433      	add	r3, r6
1000096a:	9315      	str	r3, [sp, #84]	@ 0x54
1000096c:	9b16      	ldr	r3, [sp, #88]	@ 0x58
1000096e:	f8cd 8048 	str.w	r8, [sp, #72]	@ 0x48
10000972:	4403      	add	r3, r0
10000974:	f8cd 8060 	str.w	r8, [sp, #96]	@ 0x60
10000978:	f8cd 804c 	str.w	r8, [sp, #76]	@ 0x4c
1000097c:	f8cd 8064 	str.w	r8, [sp, #100]	@ 0x64
10000980:	9316      	str	r3, [sp, #88]	@ 0x58
10000982:	9b04      	ldr	r3, [sp, #16]
10000984:	b95b      	cbnz	r3, 1000099e <main+0x566>
10000986:	45de      	cmp	lr, fp
10000988:	ea8e 000b 	eor.w	r0, lr, fp
1000098c:	d007      	beq.n	1000099e <main+0x566>
1000098e:	f005 fdd7 	bl	10006540 <____popcountsi2_veneer>
10000992:	4a34      	ldr	r2, [pc, #208]	@ (10000a64 <main+0x62c>)
10000994:	f852 3020 	ldr.w	r3, [r2, r0, lsl #2]
10000998:	3301      	adds	r3, #1
1000099a:	f842 3020 	str.w	r3, [r2, r0, lsl #2]
1000099e:	2300      	movs	r3, #0
100009a0:	9304      	str	r3, [sp, #16]
100009a2:	9b06      	ldr	r3, [sp, #24]
100009a4:	3b01      	subs	r3, #1
100009a6:	9306      	str	r3, [sp, #24]
100009a8:	f000 8142 	beq.w	10000c30 <main+0x7f8>
100009ac:	46de      	mov	lr, fp
100009ae:	ec50 3008 	gpioc_index_in_get r3, r0
100009b2:	f1c5 0620 	rsb	r6, r5, #32
100009b6:	fa00 f606 	lsl.w	r6, r0, r6
100009ba:	fa23 f105 	lsr.w	r1, r3, r5
100009be:	f1a5 0220 	sub.w	r2, r5, #32
100009c2:	fa20 f202 	lsr.w	r2, r0, r2
100009c6:	4331      	orrs	r1, r6
100009c8:	f1c4 0720 	rsb	r7, r4, #32
100009cc:	4311      	orrs	r1, r2
100009ce:	fa00 f707 	lsl.w	r7, r0, r7
100009d2:	fa23 f204 	lsr.w	r2, r3, r4
100009d6:	f1a4 0620 	sub.w	r6, r4, #32
100009da:	fa20 f606 	lsr.w	r6, r0, r6
100009de:	433a      	orrs	r2, r7
100009e0:	4332      	orrs	r2, r6
100009e2:	9e0c      	ldr	r6, [sp, #48]	@ 0x30
100009e4:	0089      	lsls	r1, r1, #2
100009e6:	fa23 fb06 	lsr.w	fp, r3, r6
100009ea:	9e0d      	ldr	r6, [sp, #52]	@ 0x34
100009ec:	00d2      	lsls	r2, r2, #3
100009ee:	40f3      	lsrs	r3, r6
100009f0:	9e0f      	ldr	r6, [sp, #60]	@ 0x3c
100009f2:	f001 0104 	and.w	r1, r1, #4
100009f6:	fa00 f606 	lsl.w	r6, r0, r6
100009fa:	ea4b 0b06 	orr.w	fp, fp, r6
100009fe:	9e11      	ldr	r6, [sp, #68]	@ 0x44
10000a00:	f002 0208 	and.w	r2, r2, #8
10000a04:	fa20 f606 	lsr.w	r6, r0, r6
10000a08:	ea4b 0b06 	orr.w	fp, fp, r6
10000a0c:	9e10      	ldr	r6, [sp, #64]	@ 0x40
10000a0e:	ea4f 0b4b 	mov.w	fp, fp, lsl #1
10000a12:	fa00 f606 	lsl.w	r6, r0, r6
10000a16:	4333      	orrs	r3, r6
10000a18:	9e0e      	ldr	r6, [sp, #56]	@ 0x38
10000a1a:	f00b 0b02 	and.w	fp, fp, #2
10000a1e:	40f0      	lsrs	r0, r6
10000a20:	4303      	orrs	r3, r0
10000a22:	f003 0301 	and.w	r3, r3, #1
10000a26:	ea4b 0b03 	orr.w	fp, fp, r3
10000a2a:	9b0b      	ldr	r3, [sp, #44]	@ 0x2c
10000a2c:	2b02      	cmp	r3, #2
10000a2e:	f47f af54 	bne.w	100008da <main+0x4a2>
10000a32:	f85a 302b 	ldr.w	r3, [sl, fp, lsl #2]
10000a36:	9a08      	ldr	r2, [sp, #32]
10000a38:	3301      	adds	r3, #1
10000a3a:	f84a 302b 	str.w	r3, [sl, fp, lsl #2]
10000a3e:	ea8b 035b 	eor.w	r3, fp, fp, lsr #1
10000a42:	43db      	mvns	r3, r3
10000a44:	f003 0301 	and.w	r3, r3, #1
10000a48:	441a      	add	r2, r3
10000a4a:	9208      	str	r2, [sp, #32]
10000a4c:	e799      	b.n	10000982 <main+0x54a>
10000a4e:	bf00      	nop
10000a50:	1000675c 	.word	0x1000675c
10000a54:	10006780 	.word	0x10006780
10000a58:	10006788 	.word	0x10006788
10000a5c:	001e8480 	.word	0x001e8480
10000a60:	2000194c 	.word	0x2000194c
10000a64:	20001990 	.word	0x20001990
10000a68:	200019a4 	.word	0x200019a4
10000a6c:	2700      	movs	r7, #0
10000a6e:	f8df a2f0 	ldr.w	sl, [pc, #752]	@ 10000d60 <main+0x928>
10000a72:	f85a 0b04 	ldr.w	r0, [sl], #4
10000a76:	f001 fd29 	bl	100024cc <__wrap___aeabi_ui2d>
10000a7a:	2200      	movs	r2, #0
10000a7c:	4ba6      	ldr	r3, [pc, #664]	@ (10000d18 <main+0x8e0>)
10000a7e:	f001 fca1 	bl	100023c4 <__wrap___aeabi_dmul>
10000a82:	e9dd 2304 	ldrd	r2, r3, [sp, #16]
10000a86:	f001 fcc1 	bl	1000240c <__wrap___aeabi_ddiv>
10000a8a:	e9cd 0102 	strd	r0, r1, [sp, #8]
10000a8e:	f007 0001 	and.w	r0, r7, #1
10000a92:	f3c7 0b40 	ubfx	fp, r7, #1, #1
10000a96:	f3c7 0580 	ubfx	r5, r7, #2, #1
10000a9a:	08fc      	lsrs	r4, r7, #3
10000a9c:	3030      	adds	r0, #48	@ 0x30
10000a9e:	9000      	str	r0, [sp, #0]
10000aa0:	f10b 0330 	add.w	r3, fp, #48	@ 0x30
10000aa4:	489d      	ldr	r0, [pc, #628]	@ (10000d1c <main+0x8e4>)
10000aa6:	f105 0230 	add.w	r2, r5, #48	@ 0x30
10000aaa:	f104 0130 	add.w	r1, r4, #48	@ 0x30
10000aae:	3701      	adds	r7, #1
10000ab0:	f003 fb22 	bl	100040f8 <__wrap_printf>
10000ab4:	2f10      	cmp	r7, #16
10000ab6:	d1dc      	bne.n	10000a72 <main+0x63a>
10000ab8:	4a99      	ldr	r2, [pc, #612]	@ (10000d20 <main+0x8e8>)
10000aba:	489a      	ldr	r0, [pc, #616]	@ (10000d24 <main+0x8ec>)
10000abc:	6913      	ldr	r3, [r2, #16]
10000abe:	1d11      	adds	r1, r2, #4
10000ac0:	9300      	str	r3, [sp, #0]
10000ac2:	c90e      	ldmia	r1, {r1, r2, r3}
10000ac4:	f003 fb18 	bl	100040f8 <__wrap_printf>
10000ac8:	2501      	movs	r5, #1
10000aca:	46b2      	mov	sl, r6
10000acc:	f8df b29c 	ldr.w	fp, [pc, #668]	@ 10000d6c <main+0x934>
10000ad0:	465f      	mov	r7, fp
10000ad2:	462c      	mov	r4, r5
10000ad4:	9b1c      	ldr	r3, [sp, #112]	@ 0x70
10000ad6:	f853 6b04 	ldr.w	r6, [r3], #4
10000ada:	931c      	str	r3, [sp, #112]	@ 0x70
10000adc:	ab24      	add	r3, sp, #144	@ 0x90
10000ade:	f853 3024 	ldr.w	r3, [r3, r4, lsl #2]
10000ae2:	f857 0b04 	ldr.w	r0, [r7], #4
10000ae6:	9306      	str	r3, [sp, #24]
10000ae8:	f001 fcf0 	bl	100024cc <__wrap___aeabi_ui2d>
10000aec:	2200      	movs	r2, #0
10000aee:	4b8a      	ldr	r3, [pc, #552]	@ (10000d18 <main+0x8e0>)
10000af0:	f001 fc68 	bl	100023c4 <__wrap___aeabi_dmul>
10000af4:	e9dd 2304 	ldrd	r2, r3, [sp, #16]
10000af8:	f001 fc88 	bl	1000240c <__wrap___aeabi_ddiv>
10000afc:	9a06      	ldr	r2, [sp, #24]
10000afe:	e9cd 0100 	strd	r0, r1, [sp]
10000b02:	4631      	mov	r1, r6
10000b04:	4888      	ldr	r0, [pc, #544]	@ (10000d28 <main+0x8f0>)
10000b06:	f003 faf7 	bl	100040f8 <__wrap_printf>
10000b0a:	9b0b      	ldr	r3, [sp, #44]	@ 0x2c
10000b0c:	3401      	adds	r4, #1
10000b0e:	429c      	cmp	r4, r3
10000b10:	d3e4      	bcc.n	10000adc <main+0x6a4>
10000b12:	3501      	adds	r5, #1
10000b14:	429d      	cmp	r5, r3
10000b16:	f10b 0b14 	add.w	fp, fp, #20
10000b1a:	d1d9      	bne.n	10000ad0 <main+0x698>
10000b1c:	4656      	mov	r6, sl
10000b1e:	2312      	movs	r3, #18
10000b20:	f04f 0200 	mov.w	r2, #0
10000b24:	ec42 3040 	gpioc_bit_out_put r3, r2
10000b28:	f7ff fbba 	bl	100002a0 <motor.part.0>
10000b2c:	487f      	ldr	r0, [pc, #508]	@ (10000d2c <main+0x8f4>)
10000b2e:	f003 fa65 	bl	10003ffc <__wrap_puts>
10000b32:	2701      	movs	r7, #1
10000b34:	f04f 0a00 	mov.w	sl, #0
10000b38:	f8df b234 	ldr.w	fp, [pc, #564]	@ 10000d70 <main+0x938>
10000b3c:	4633      	mov	r3, r6
10000b3e:	9a1a      	ldr	r2, [sp, #104]	@ 0x68
10000b40:	487b      	ldr	r0, [pc, #492]	@ (10000d30 <main+0x8f8>)
10000b42:	f7ff fbc7 	bl	100002d4 <count_edges.constprop.0>
10000b46:	4604      	mov	r4, r0
10000b48:	463b      	mov	r3, r7
10000b4a:	4a7a      	ldr	r2, [pc, #488]	@ (10000d34 <main+0x8fc>)
10000b4c:	2120      	movs	r1, #32
10000b4e:	a824      	add	r0, sp, #144	@ 0x90
10000b50:	f003 f89c 	bl	10003c8c <__wrap_snprintf>
10000b54:	4620      	mov	r0, r4
10000b56:	f001 fcb9 	bl	100024cc <__wrap___aeabi_ui2d>
10000b5a:	a36b      	add	r3, pc, #428	@ (adr r3, 10000d08 <main+0x8d0>)
10000b5c:	e9d3 2300 	ldrd	r2, r3, [r3]
10000b60:	f001 fc54 	bl	1000240c <__wrap___aeabi_ddiv>
10000b64:	4622      	mov	r2, r4
10000b66:	e9cd 0100 	strd	r0, r1, [sp]
10000b6a:	f44f 737a 	mov.w	r3, #1000	@ 0x3e8
10000b6e:	4872      	ldr	r0, [pc, #456]	@ (10000d38 <main+0x900>)
10000b70:	a924      	add	r1, sp, #144	@ 0x90
10000b72:	f003 fac1 	bl	100040f8 <__wrap_printf>
10000b76:	2300      	movs	r3, #0
10000b78:	461c      	mov	r4, r3
10000b7a:	4d70      	ldr	r5, [pc, #448]	@ (10000d3c <main+0x904>)
10000b7c:	9704      	str	r7, [sp, #16]
10000b7e:	9606      	str	r6, [sp, #24]
10000b80:	f855 7f04 	ldr.w	r7, [r5, #4]!
10000b84:	b1e7      	cbz	r7, 10000bc0 <main+0x788>
10000b86:	4b6e      	ldr	r3, [pc, #440]	@ (10000d40 <main+0x908>)
10000b88:	4638      	mov	r0, r7
10000b8a:	f853 6024 	ldr.w	r6, [r3, r4, lsl #2]
10000b8e:	f001 fc9d 	bl	100024cc <__wrap___aeabi_ui2d>
10000b92:	a35f      	add	r3, pc, #380	@ (adr r3, 10000d10 <main+0x8d8>)
10000b94:	e9d3 2300 	ldrd	r2, r3, [r3]
10000b98:	f001 fc14 	bl	100023c4 <__wrap___aeabi_dmul>
10000b9c:	4652      	mov	r2, sl
10000b9e:	465b      	mov	r3, fp
10000ba0:	f001 fc34 	bl	1000240c <__wrap___aeabi_ddiv>
10000ba4:	2200      	movs	r2, #0
10000ba6:	f04f 537d 	mov.w	r3, #1061158912	@ 0x3f400000
10000baa:	f001 fc0b 	bl	100023c4 <__wrap___aeabi_dmul>
10000bae:	463b      	mov	r3, r7
10000bb0:	e9cd 0100 	strd	r0, r1, [sp]
10000bb4:	4632      	mov	r2, r6
10000bb6:	4621      	mov	r1, r4
10000bb8:	4862      	ldr	r0, [pc, #392]	@ (10000d44 <main+0x90c>)
10000bba:	f003 fa9d 	bl	100040f8 <__wrap_printf>
10000bbe:	4643      	mov	r3, r8
10000bc0:	454d      	cmp	r5, r9
10000bc2:	f104 0401 	add.w	r4, r4, #1
10000bc6:	d1db      	bne.n	10000b80 <main+0x748>
10000bc8:	9f04      	ldr	r7, [sp, #16]
10000bca:	9e06      	ldr	r6, [sp, #24]
10000bcc:	b303      	cbz	r3, 10000c10 <main+0x7d8>
10000bce:	3701      	adds	r7, #1
10000bd0:	2f0b      	cmp	r7, #11
10000bd2:	d1b3      	bne.n	10000b3c <main+0x704>
10000bd4:	485c      	ldr	r0, [pc, #368]	@ (10000d48 <main+0x910>)
10000bd6:	f003 fa11 	bl	10003ffc <__wrap_puts>
10000bda:	f04f 0400 	mov.w	r4, #0
10000bde:	4e5b      	ldr	r6, [pc, #364]	@ (10000d4c <main+0x914>)
10000be0:	4d5b      	ldr	r5, [pc, #364]	@ (10000d50 <main+0x918>)
10000be2:	2312      	movs	r3, #18
10000be4:	ec44 3040 	gpioc_bit_out_put r3, r4
10000be8:	6833      	ldr	r3, [r6, #0]
10000bea:	2105      	movs	r1, #5
10000bec:	f003 0301 	and.w	r3, r3, #1
10000bf0:	602b      	str	r3, [r5, #0]
10000bf2:	2011      	movs	r0, #17
10000bf4:	f000 f936 	bl	10000e64 <gpio_set_function>
10000bf8:	2311      	movs	r3, #17
10000bfa:	f04f 0201 	mov.w	r2, #1
10000bfe:	ec42 3044 	gpioc_bit_oe_put r3, r2
10000c02:	ec44 3040 	gpioc_bit_out_put r3, r4
10000c06:	f44f 707a 	mov.w	r0, #1000	@ 0x3e8
10000c0a:	f000 ffb5 	bl	10001b78 <sleep_ms>
10000c0e:	e7e8      	b.n	10000be2 <main+0x7aa>
10000c10:	4850      	ldr	r0, [pc, #320]	@ (10000d54 <main+0x91c>)
10000c12:	3701      	adds	r7, #1
10000c14:	f003 f9f2 	bl	10003ffc <__wrap_puts>
10000c18:	2f0b      	cmp	r7, #11
10000c1a:	d18f      	bne.n	10000b3c <main+0x704>
10000c1c:	e7da      	b.n	10000bd4 <main+0x79c>
10000c1e:	43fb      	mvns	r3, r7
10000c20:	9a09      	ldr	r2, [sp, #36]	@ 0x24
10000c22:	f003 0301 	and.w	r3, r3, #1
10000c26:	441a      	add	r2, r3
10000c28:	e9cd 8812 	strd	r8, r8, [sp, #72]	@ 0x48
10000c2c:	9209      	str	r2, [sp, #36]	@ 0x24
10000c2e:	e6a8      	b.n	10000982 <main+0x54a>
10000c30:	9a08      	ldr	r2, [sp, #32]
10000c32:	4b49      	ldr	r3, [pc, #292]	@ (10000d58 <main+0x920>)
10000c34:	9e1f      	ldr	r6, [sp, #124]	@ 0x7c
10000c36:	605a      	str	r2, [r3, #4]
10000c38:	9a18      	ldr	r2, [sp, #96]	@ 0x60
10000c3a:	b10a      	cbz	r2, 10000c40 <main+0x808>
10000c3c:	9a15      	ldr	r2, [sp, #84]	@ 0x54
10000c3e:	61da      	str	r2, [r3, #28]
10000c40:	9b13      	ldr	r3, [sp, #76]	@ 0x4c
10000c42:	b113      	cbz	r3, 10000c4a <main+0x812>
10000c44:	4b44      	ldr	r3, [pc, #272]	@ (10000d58 <main+0x920>)
10000c46:	9a09      	ldr	r2, [sp, #36]	@ 0x24
10000c48:	619a      	str	r2, [r3, #24]
10000c4a:	9b17      	ldr	r3, [sp, #92]	@ 0x5c
10000c4c:	b113      	cbz	r3, 10000c54 <main+0x81c>
10000c4e:	4b42      	ldr	r3, [pc, #264]	@ (10000d58 <main+0x920>)
10000c50:	9a14      	ldr	r2, [sp, #80]	@ 0x50
10000c52:	60da      	str	r2, [r3, #12]
10000c54:	9b12      	ldr	r3, [sp, #72]	@ 0x48
10000c56:	b113      	cbz	r3, 10000c5e <main+0x826>
10000c58:	4b3f      	ldr	r3, [pc, #252]	@ (10000d58 <main+0x920>)
10000c5a:	9a0a      	ldr	r2, [sp, #40]	@ 0x28
10000c5c:	609a      	str	r2, [r3, #8]
10000c5e:	9b19      	ldr	r3, [sp, #100]	@ 0x64
10000c60:	b113      	cbz	r3, 10000c68 <main+0x830>
10000c62:	4b3d      	ldr	r3, [pc, #244]	@ (10000d58 <main+0x920>)
10000c64:	9a16      	ldr	r2, [sp, #88]	@ 0x58
10000c66:	62da      	str	r2, [r3, #44]	@ 0x2c
10000c68:	9b1b      	ldr	r3, [sp, #108]	@ 0x6c
10000c6a:	3340      	adds	r3, #64	@ 0x40
10000c6c:	931b      	str	r3, [sp, #108]	@ 0x6c
10000c6e:	2300      	movs	r3, #0
10000c70:	9304      	str	r3, [sp, #16]
10000c72:	e600      	b.n	10000876 <main+0x43e>
10000c74:	2312      	movs	r3, #18
10000c76:	f04f 0200 	mov.w	r2, #0
10000c7a:	ec42 3040 	gpioc_bit_out_put r3, r2
10000c7e:	f7ff fb0f 	bl	100002a0 <motor.part.0>
10000c82:	9c1b      	ldr	r4, [sp, #108]	@ 0x6c
10000c84:	4835      	ldr	r0, [pc, #212]	@ (10000d5c <main+0x924>)
10000c86:	4621      	mov	r1, r4
10000c88:	f003 fa36 	bl	100040f8 <__wrap_printf>
10000c8c:	4620      	mov	r0, r4
10000c8e:	f001 fc1d 	bl	100024cc <__wrap___aeabi_ui2d>
10000c92:	9b0b      	ldr	r3, [sp, #44]	@ 0x2c
10000c94:	e9cd 0104 	strd	r0, r1, [sp, #16]
10000c98:	2b04      	cmp	r3, #4
10000c9a:	f43f aee7 	beq.w	10000a6c <main+0x634>
10000c9e:	2b02      	cmp	r3, #2
10000ca0:	f04f 0400 	mov.w	r4, #0
10000ca4:	f04f 0a00 	mov.w	sl, #0
10000ca8:	4f2d      	ldr	r7, [pc, #180]	@ (10000d60 <main+0x928>)
10000caa:	f8df b06c 	ldr.w	fp, [pc, #108]	@ 10000d18 <main+0x8e0>
10000cae:	d161      	bne.n	10000d74 <main+0x93c>
10000cb0:	f857 0b04 	ldr.w	r0, [r7], #4
10000cb4:	f001 fc0a 	bl	100024cc <__wrap___aeabi_ui2d>
10000cb8:	4652      	mov	r2, sl
10000cba:	465b      	mov	r3, fp
10000cbc:	f001 fb82 	bl	100023c4 <__wrap___aeabi_dmul>
10000cc0:	e9dd 2304 	ldrd	r2, r3, [sp, #16]
10000cc4:	f001 fba2 	bl	1000240c <__wrap___aeabi_ddiv>
10000cc8:	2220      	movs	r2, #32
10000cca:	e9cd 0102 	strd	r0, r1, [sp, #8]
10000cce:	f004 0101 	and.w	r1, r4, #1
10000cd2:	0865      	lsrs	r5, r4, #1
10000cd4:	3130      	adds	r1, #48	@ 0x30
10000cd6:	9100      	str	r1, [sp, #0]
10000cd8:	4810      	ldr	r0, [pc, #64]	@ (10000d1c <main+0x8e4>)
10000cda:	4611      	mov	r1, r2
10000cdc:	f105 0330 	add.w	r3, r5, #48	@ 0x30
10000ce0:	3401      	adds	r4, #1
10000ce2:	f003 fa09 	bl	100040f8 <__wrap_printf>
10000ce6:	2c04      	cmp	r4, #4
10000ce8:	d1e2      	bne.n	10000cb0 <main+0x878>
10000cea:	e6e5      	b.n	10000ab8 <main+0x680>
10000cec:	920b      	str	r2, [sp, #44]	@ 0x2c
10000cee:	9c0b      	ldr	r4, [sp, #44]	@ 0x2c
10000cf0:	481c      	ldr	r0, [pc, #112]	@ (10000d64 <main+0x92c>)
10000cf2:	4621      	mov	r1, r4
10000cf4:	f003 fa00 	bl	100040f8 <__wrap_printf>
10000cf8:	2c00      	cmp	r4, #0
10000cfa:	f47f ad98 	bne.w	1000082e <main+0x3f6>
10000cfe:	481a      	ldr	r0, [pc, #104]	@ (10000d68 <main+0x930>)
10000d00:	f003 f97c 	bl	10003ffc <__wrap_puts>
10000d04:	e70b      	b.n	10000b1e <main+0x6e6>
10000d06:	bf00      	nop
10000d08:	00000000 	.word	0x00000000
10000d0c:	412e8480 	.word	0x412e8480
10000d10:	00000000 	.word	0x00000000
10000d14:	40ed4c00 	.word	0x40ed4c00
10000d18:	40590000 	.word	0x40590000
10000d1c:	100067c4 	.word	0x100067c4
10000d20:	20001990 	.word	0x20001990
10000d24:	100067e0 	.word	0x100067e0
10000d28:	10006824 	.word	0x10006824
10000d2c:	10006878 	.word	0x10006878
10000d30:	2000188c 	.word	0x2000188c
10000d34:	100068b4 	.word	0x100068b4
10000d38:	100066d8 	.word	0x100066d8
10000d3c:	20001888 	.word	0x20001888
10000d40:	10006c6c 	.word	0x10006c6c
10000d44:	10006700 	.word	0x10006700
10000d48:	100068c0 	.word	0x100068c0
10000d4c:	400a8000 	.word	0x400a8000
10000d50:	400a9000 	.word	0x400a9000
10000d54:	10006738 	.word	0x10006738
10000d58:	2000194c 	.word	0x2000194c
10000d5c:	100067a0 	.word	0x100067a0
10000d60:	200019a4 	.word	0x200019a4
10000d64:	1000675c 	.word	0x1000675c
10000d68:	10006788 	.word	0x10006788
10000d6c:	20001950 	.word	0x20001950
10000d70:	408f4000 	.word	0x408f4000
10000d74:	e9cd ab06 	strd	sl, fp, [sp, #24]
10000d78:	f857 0b04 	ldr.w	r0, [r7], #4
10000d7c:	f3c4 0340 	ubfx	r3, r4, #1, #1
10000d80:	f103 0b30 	add.w	fp, r3, #48	@ 0x30
10000d84:	f001 fba2 	bl	100024cc <__wrap___aeabi_ui2d>
10000d88:	e9dd 2306 	ldrd	r2, r3, [sp, #24]
10000d8c:	f001 fb1a 	bl	100023c4 <__wrap___aeabi_dmul>
10000d90:	e9dd 2304 	ldrd	r2, r3, [sp, #16]
10000d94:	f001 fb3a 	bl	1000240c <__wrap___aeabi_ddiv>
10000d98:	e9cd 0102 	strd	r0, r1, [sp, #8]
10000d9c:	f004 0101 	and.w	r1, r4, #1
10000da0:	08a5      	lsrs	r5, r4, #2
10000da2:	3130      	adds	r1, #48	@ 0x30
10000da4:	9100      	str	r1, [sp, #0]
10000da6:	465b      	mov	r3, fp
10000da8:	2120      	movs	r1, #32
10000daa:	4804      	ldr	r0, [pc, #16]	@ (10000dbc <main+0x984>)
10000dac:	f105 0230 	add.w	r2, r5, #48	@ 0x30
10000db0:	3401      	adds	r4, #1
10000db2:	f003 f9a1 	bl	100040f8 <__wrap_printf>
10000db6:	2c08      	cmp	r4, #8
10000db8:	d1de      	bne.n	10000d78 <main+0x940>
10000dba:	e67d      	b.n	10000ab8 <main+0x680>
10000dbc:	100067c4 	.word	0x100067c4

10000dc0 <pwmdiv_solve>:
10000dc0:	2901      	cmp	r1, #1
10000dc2:	bf38      	it	cc
10000dc4:	2101      	movcc	r1, #1
10000dc6:	e92d 41f0 	stmdb	sp!, {r4, r5, r6, r7, r8, lr}
10000dca:	460c      	mov	r4, r1
10000dcc:	4617      	mov	r7, r2
10000dce:	4698      	mov	r8, r3
10000dd0:	f44f 5280 	mov.w	r2, #4096	@ 0x1000
10000dd4:	4603      	mov	r3, r0
10000dd6:	2100      	movs	r1, #0
10000dd8:	fbe4 3102 	umlal	r3, r1, r4, r2
10000ddc:	0109      	lsls	r1, r1, #4
10000dde:	ea41 7113 	orr.w	r1, r1, r3, lsr #28
10000de2:	011b      	lsls	r3, r3, #4
10000de4:	4606      	mov	r6, r0
10000de6:	1e58      	subs	r0, r3, #1
10000de8:	ea4f 4204 	mov.w	r2, r4, lsl #16
10000dec:	ea4f 4314 	mov.w	r3, r4, lsr #16
10000df0:	f161 0100 	sbc.w	r1, r1, #0
10000df4:	f005 fb8c 	bl	10006510 <____aeabi_uldivmod_veneer>
10000df8:	f5b0 5f80 	cmp.w	r0, #4096	@ 0x1000
10000dfc:	f171 0300 	sbcs.w	r3, r1, #0
10000e00:	bf32      	itee	cc
10000e02:	4605      	movcc	r5, r0
10000e04:	f640 75ff 	movwcs	r5, #4095	@ 0xfff
10000e08:	2100      	movcs	r1, #0
10000e0a:	2d10      	cmp	r5, #16
10000e0c:	f171 0100 	sbcs.w	r1, r1, #0
10000e10:	bf38      	it	cc
10000e12:	2510      	movcc	r5, #16
10000e14:	f04f 0c10 	mov.w	ip, #16
10000e18:	fba4 2305 	umull	r2, r3, r4, r5
10000e1c:	0850      	lsrs	r0, r2, #1
10000e1e:	ea40 70c3 	orr.w	r0, r0, r3, lsl #31
10000e22:	0859      	lsrs	r1, r3, #1
10000e24:	fbe6 010c 	umlal	r0, r1, r6, ip
10000e28:	4290      	cmp	r0, r2
10000e2a:	eb71 0403 	sbcs.w	r4, r1, r3
10000e2e:	d30b      	bcc.n	10000e48 <pwmdiv_solve+0x88>
10000e30:	f005 fb6e 	bl	10006510 <____aeabi_uldivmod_veneer>
10000e34:	f1b0 1f01 	cmp.w	r0, #65537	@ 0x10001
10000e38:	f171 0100 	sbcs.w	r1, r1, #0
10000e3c:	d20a      	bcs.n	10000e54 <pwmdiv_solve+0x94>
10000e3e:	603d      	str	r5, [r7, #0]
10000e40:	f8c8 0000 	str.w	r0, [r8]
10000e44:	e8bd 81f0 	ldmia.w	sp!, {r4, r5, r6, r7, r8, pc}
10000e48:	2001      	movs	r0, #1
10000e4a:	603d      	str	r5, [r7, #0]
10000e4c:	f8c8 0000 	str.w	r0, [r8]
10000e50:	e8bd 81f0 	ldmia.w	sp!, {r4, r5, r6, r7, r8, pc}
10000e54:	f44f 3080 	mov.w	r0, #65536	@ 0x10000
10000e58:	603d      	str	r5, [r7, #0]
10000e5a:	f8c8 0000 	str.w	r0, [r8]
10000e5e:	e8bd 81f0 	ldmia.w	sp!, {r4, r5, r6, r7, r8, pc}
10000e62:	bf00      	nop

10000e64 <gpio_set_function>:
10000e64:	f44f 7c80 	mov.w	ip, #256	@ 0x100
10000e68:	4b0c      	ldr	r3, [pc, #48]	@ (10000e9c <gpio_set_function+0x38>)
10000e6a:	b500      	push	{lr}
10000e6c:	f853 2020 	ldr.w	r2, [r3, r0, lsl #2]
10000e70:	eb03 0380 	add.w	r3, r3, r0, lsl #2
10000e74:	00c0      	lsls	r0, r0, #3
10000e76:	f082 0240 	eor.w	r2, r2, #64	@ 0x40
10000e7a:	f100 4080 	add.w	r0, r0, #1073741824	@ 0x40000000
10000e7e:	f503 5e80 	add.w	lr, r3, #4096	@ 0x1000
10000e82:	f002 02c0 	and.w	r2, r2, #192	@ 0xc0
10000e86:	f500 3020 	add.w	r0, r0, #163840	@ 0x28000
10000e8a:	f503 5340 	add.w	r3, r3, #12288	@ 0x3000
10000e8e:	f8ce 2000 	str.w	r2, [lr]
10000e92:	6041      	str	r1, [r0, #4]
10000e94:	f8c3 c000 	str.w	ip, [r3]
10000e98:	bd00      	pop	{pc}
10000e9a:	bf00      	nop
10000e9c:	40038004 	.word	0x40038004

10000ea0 <gpio_init>:
10000ea0:	f04f 0300 	mov.w	r3, #0
10000ea4:	b500      	push	{lr}
10000ea6:	ec43 0044 	gpioc_bit_oe_put r0, r3
10000eaa:	ec43 0040 	gpioc_bit_out_put r0, r3
10000eae:	f04f 0e05 	mov.w	lr, #5
10000eb2:	f44f 7c80 	mov.w	ip, #256	@ 0x100
10000eb6:	4b0c      	ldr	r3, [pc, #48]	@ (10000ee8 <gpio_init+0x48>)
10000eb8:	00c2      	lsls	r2, r0, #3
10000eba:	f853 1020 	ldr.w	r1, [r3, r0, lsl #2]
10000ebe:	eb03 0080 	add.w	r0, r3, r0, lsl #2
10000ec2:	f081 0140 	eor.w	r1, r1, #64	@ 0x40
10000ec6:	f102 4380 	add.w	r3, r2, #1073741824	@ 0x40000000
10000eca:	f503 3320 	add.w	r3, r3, #163840	@ 0x28000
10000ece:	f001 02c0 	and.w	r2, r1, #192	@ 0xc0
10000ed2:	f500 5180 	add.w	r1, r0, #4096	@ 0x1000
10000ed6:	f500 5040 	add.w	r0, r0, #12288	@ 0x3000
10000eda:	600a      	str	r2, [r1, #0]
10000edc:	f8c3 e004 	str.w	lr, [r3, #4]
10000ee0:	f8c0 c000 	str.w	ip, [r0]
10000ee4:	bd00      	pop	{pc}
10000ee6:	bf00      	nop
10000ee8:	40038004 	.word	0x40038004

10000eec <panic>:
10000eec:	b40f      	push	{r0, r1, r2, r3}
10000eee:	b500      	push	{lr}
10000ef0:	4808      	ldr	r0, [pc, #32]	@ (10000f14 <panic+0x28>)
10000ef2:	b083      	sub	sp, #12
10000ef4:	f003 f882 	bl	10003ffc <__wrap_puts>
10000ef8:	9b04      	ldr	r3, [sp, #16]
10000efa:	b13b      	cbz	r3, 10000f0c <panic+0x20>
10000efc:	a905      	add	r1, sp, #20
10000efe:	4618      	mov	r0, r3
10000f00:	9101      	str	r1, [sp, #4]
10000f02:	f002 feed 	bl	10003ce0 <weak_raw_vprintf>
10000f06:	4804      	ldr	r0, [pc, #16]	@ (10000f18 <panic+0x2c>)
10000f08:	f003 f878 	bl	10003ffc <__wrap_puts>
10000f0c:	2001      	movs	r0, #1
10000f0e:	f002 feff 	bl	10003d10 <_exit>
10000f12:	bf00      	nop
10000f14:	10006af0 	.word	0x10006af0
10000f18:	100067dc 	.word	0x100067dc

10000f1c <hw_claim_or_assert>:
10000f1c:	b570      	push	{r4, r5, r6, lr}
10000f1e:	4616      	mov	r6, r2
10000f20:	f3ef 8410 	mrs	r4, PRIMASK
10000f24:	b672      	cpsid	i
10000f26:	f8df e048 	ldr.w	lr, [pc, #72]	@ 10000f70 <hw_claim_or_assert+0x54>
10000f2a:	e8de 2fcf 	ldaexb	r2, [lr]
10000f2e:	2301      	movs	r3, #1
10000f30:	2a00      	cmp	r2, #0
10000f32:	d1fa      	bne.n	10000f2a <hw_claim_or_assert+0xe>
10000f34:	e8ce 3f42 	strexb	r2, r3, [lr]
10000f38:	2a00      	cmp	r2, #0
10000f3a:	d1f6      	bne.n	10000f2a <hw_claim_or_assert+0xe>
10000f3c:	f3bf 8f5f 	dmb	sy
10000f40:	2301      	movs	r3, #1
10000f42:	f001 0c07 	and.w	ip, r1, #7
10000f46:	08ca      	lsrs	r2, r1, #3
10000f48:	fa03 f30c 	lsl.w	r3, r3, ip
10000f4c:	f810 c002 	ldrb.w	ip, [r0, r2]
10000f50:	ea1c 0503 	ands.w	r5, ip, r3
10000f54:	d108      	bne.n	10000f68 <hw_claim_or_assert+0x4c>
10000f56:	ea4c 0c03 	orr.w	ip, ip, r3
10000f5a:	f800 c002 	strb.w	ip, [r0, r2]
10000f5e:	e8ce 5f8f 	stlb	r5, [lr]
10000f62:	f384 8810 	msr	PRIMASK, r4
10000f66:	bd70      	pop	{r4, r5, r6, pc}
10000f68:	4630      	mov	r0, r6
10000f6a:	f7ff ffbf 	bl	10000eec <panic>
10000f6e:	bf00      	nop
10000f70:	200016e7 	.word	0x200016e7

10000f74 <hw_claim_unused_from_range>:
10000f74:	b5f8      	push	{r3, r4, r5, r6, r7, lr}
10000f76:	460f      	mov	r7, r1
10000f78:	4619      	mov	r1, r3
10000f7a:	f3ef 8610 	mrs	r6, PRIMASK
10000f7e:	b672      	cpsid	i
10000f80:	4d1c      	ldr	r5, [pc, #112]	@ (10000ff4 <hw_claim_unused_from_range+0x80>)
10000f82:	e8d5 4fcf 	ldaexb	r4, [r5]
10000f86:	2301      	movs	r3, #1
10000f88:	2c00      	cmp	r4, #0
10000f8a:	d1fa      	bne.n	10000f82 <hw_claim_unused_from_range+0xe>
10000f8c:	e8c5 3f44 	strexb	r4, r3, [r5]
10000f90:	2c00      	cmp	r4, #0
10000f92:	d1f6      	bne.n	10000f82 <hw_claim_unused_from_range+0xe>
10000f94:	f3bf 8f5f 	dmb	sy
10000f98:	428a      	cmp	r2, r1
10000f9a:	d81b      	bhi.n	10000fd4 <hw_claim_unused_from_range+0x60>
10000f9c:	2401      	movs	r4, #1
10000f9e:	e002      	b.n	10000fa6 <hw_claim_unused_from_range+0x32>
10000fa0:	3201      	adds	r2, #1
10000fa2:	4291      	cmp	r1, r2
10000fa4:	d322      	bcc.n	10000fec <hw_claim_unused_from_range+0x78>
10000fa6:	08d3      	lsrs	r3, r2, #3
10000fa8:	f810 e003 	ldrb.w	lr, [r0, r3]
10000fac:	f002 0c07 	and.w	ip, r2, #7
10000fb0:	fa04 fc0c 	lsl.w	ip, r4, ip
10000fb4:	ea1e 0f0c 	tst.w	lr, ip
10000fb8:	d1f2      	bne.n	10000fa0 <hw_claim_unused_from_range+0x2c>
10000fba:	ea4e 0e0c 	orr.w	lr, lr, ip
10000fbe:	f800 e003 	strb.w	lr, [r0, r3]
10000fc2:	4610      	mov	r0, r2
10000fc4:	2300      	movs	r3, #0
10000fc6:	e8c5 3f8f 	stlb	r3, [r5]
10000fca:	f386 8810 	msr	PRIMASK, r6
10000fce:	4298      	cmp	r0, r3
10000fd0:	db07      	blt.n	10000fe2 <hw_claim_unused_from_range+0x6e>
10000fd2:	bdf8      	pop	{r3, r4, r5, r6, r7, pc}
10000fd4:	2300      	movs	r3, #0
10000fd6:	e8c5 3f8f 	stlb	r3, [r5]
10000fda:	f386 8810 	msr	PRIMASK, r6
10000fde:	f04f 30ff 	mov.w	r0, #4294967295	@ 0xffffffff
10000fe2:	2f00      	cmp	r7, #0
10000fe4:	d0f5      	beq.n	10000fd2 <hw_claim_unused_from_range+0x5e>
10000fe6:	9806      	ldr	r0, [sp, #24]
10000fe8:	f7ff ff80 	bl	10000eec <panic>
10000fec:	f04f 30ff 	mov.w	r0, #4294967295	@ 0xffffffff
10000ff0:	e7e8      	b.n	10000fc4 <hw_claim_unused_from_range+0x50>
10000ff2:	bf00      	nop
10000ff4:	200016e7 	.word	0x200016e7

10000ff8 <next_striped_spin_lock_num>:
10000ff8:	4a04      	ldr	r2, [pc, #16]	@ (1000100c <next_striped_spin_lock_num+0x14>)
10000ffa:	7810      	ldrb	r0, [r2, #0]
10000ffc:	1c43      	adds	r3, r0, #1
10000ffe:	b2db      	uxtb	r3, r3
10001000:	2b18      	cmp	r3, #24
10001002:	bf28      	it	cs
10001004:	2310      	movcs	r3, #16
10001006:	7013      	strb	r3, [r2, #0]
10001008:	4770      	bx	lr
1000100a:	bf00      	nop
1000100c:	200012e8 	.word	0x200012e8

10001010 <spin_lock_claim_unused>:
10001010:	b500      	push	{lr}
10001012:	f8df c01c 	ldr.w	ip, [pc, #28]	@ 10001030 <spin_lock_claim_unused+0x20>
10001016:	b083      	sub	sp, #12
10001018:	4601      	mov	r1, r0
1000101a:	231f      	movs	r3, #31
1000101c:	2218      	movs	r2, #24
1000101e:	f8cd c000 	str.w	ip, [sp]
10001022:	4802      	ldr	r0, [pc, #8]	@ (1000102c <spin_lock_claim_unused+0x1c>)
10001024:	f7ff ffa6 	bl	10000f74 <hw_claim_unused_from_range>
10001028:	b003      	add	sp, #12
1000102a:	bd00      	pop	{pc}
1000102c:	2000182c 	.word	0x2000182c
10001030:	10006b00 	.word	0x10006b00

10001034 <spinlock_set_extexclall>:
10001034:	f04f 22e0 	mov.w	r2, #3758153728	@ 0xe000e000
10001038:	6893      	ldr	r3, [r2, #8]
1000103a:	f043 5300 	orr.w	r3, r3, #536870912	@ 0x20000000
1000103e:	6093      	str	r3, [r2, #8]
10001040:	4770      	bx	lr
10001042:	bf00      	nop

10001044 <spin_locks_reset>:
10001044:	2100      	movs	r1, #0
10001046:	4b04      	ldr	r3, [pc, #16]	@ (10001058 <spin_locks_reset+0x14>)
10001048:	f103 0220 	add.w	r2, r3, #32
1000104c:	e8c3 1f8f 	stlb	r1, [r3]
10001050:	3301      	adds	r3, #1
10001052:	4293      	cmp	r3, r2
10001054:	d1fa      	bne.n	1000104c <spin_locks_reset+0x8>
10001056:	4770      	bx	lr
10001058:	200016dc 	.word	0x200016dc

1000105c <runtime_init_per_core_irq_priorities>:
1000105c:	f04f 23e0 	mov.w	r3, #3758153728	@ 0xe000e000
10001060:	f04f 3280 	mov.w	r2, #2155905152	@ 0x80808080
10001064:	f8c3 2400 	str.w	r2, [r3, #1024]	@ 0x400
10001068:	f8c3 2404 	str.w	r2, [r3, #1028]	@ 0x404
1000106c:	f8c3 2408 	str.w	r2, [r3, #1032]	@ 0x408
10001070:	f8c3 240c 	str.w	r2, [r3, #1036]	@ 0x40c
10001074:	f8c3 2410 	str.w	r2, [r3, #1040]	@ 0x410
10001078:	f8c3 2414 	str.w	r2, [r3, #1044]	@ 0x414
1000107c:	f8c3 2418 	str.w	r2, [r3, #1048]	@ 0x418
10001080:	f8c3 241c 	str.w	r2, [r3, #1052]	@ 0x41c
10001084:	f8c3 2420 	str.w	r2, [r3, #1056]	@ 0x420
10001088:	f8c3 2424 	str.w	r2, [r3, #1060]	@ 0x424
1000108c:	f8c3 2428 	str.w	r2, [r3, #1064]	@ 0x428
10001090:	f8c3 242c 	str.w	r2, [r3, #1068]	@ 0x42c
10001094:	f8c3 2430 	str.w	r2, [r3, #1072]	@ 0x430
10001098:	b662      	cpsie	i
1000109a:	4770      	bx	lr

1000109c <irq_set_enabled>:
1000109c:	2301      	movs	r3, #1
1000109e:	f000 021f 	and.w	r2, r0, #31
100010a2:	4093      	lsls	r3, r2
100010a4:	0940      	lsrs	r0, r0, #5
100010a6:	b141      	cbz	r1, 100010ba <irq_set_enabled+0x1e>
100010a8:	0080      	lsls	r0, r0, #2
100010aa:	f100 4060 	add.w	r0, r0, #3758096384	@ 0xe0000000
100010ae:	f500 4061 	add.w	r0, r0, #57600	@ 0xe100
100010b2:	f8c0 3180 	str.w	r3, [r0, #384]	@ 0x180
100010b6:	6003      	str	r3, [r0, #0]
100010b8:	4770      	bx	lr
100010ba:	4a02      	ldr	r2, [pc, #8]	@ (100010c4 <irq_set_enabled+0x28>)
100010bc:	3020      	adds	r0, #32
100010be:	f842 3020 	str.w	r3, [r2, r0, lsl #2]
100010c2:	4770      	bx	lr
100010c4:	e000e100 	.word	0xe000e100

100010c8 <irq_is_enabled>:
100010c8:	2301      	movs	r3, #1
100010ca:	4a06      	ldr	r2, [pc, #24]	@ (100010e4 <irq_is_enabled+0x1c>)
100010cc:	0941      	lsrs	r1, r0, #5
100010ce:	f852 2021 	ldr.w	r2, [r2, r1, lsl #2]
100010d2:	f000 001f 	and.w	r0, r0, #31
100010d6:	4083      	lsls	r3, r0
100010d8:	4213      	tst	r3, r2
100010da:	bf14      	ite	ne
100010dc:	2001      	movne	r0, #1
100010de:	2000      	moveq	r0, #0
100010e0:	4770      	bx	lr
100010e2:	bf00      	nop
100010e4:	e000e100 	.word	0xe000e100

100010e8 <irq_set_pending>:
100010e8:	2201      	movs	r2, #1
100010ea:	0943      	lsrs	r3, r0, #5
100010ec:	4903      	ldr	r1, [pc, #12]	@ (100010fc <irq_set_pending+0x14>)
100010ee:	f000 001f 	and.w	r0, r0, #31
100010f2:	4082      	lsls	r2, r0
100010f4:	3340      	adds	r3, #64	@ 0x40
100010f6:	f841 2023 	str.w	r2, [r1, r3, lsl #2]
100010fa:	4770      	bx	lr
100010fc:	e000e100 	.word	0xe000e100

10001100 <irq_has_shared_handler>:
10001100:	4a05      	ldr	r2, [pc, #20]	@ (10001118 <irq_has_shared_handler+0x18>)
10001102:	3010      	adds	r0, #16
10001104:	6892      	ldr	r2, [r2, #8]
10001106:	4b05      	ldr	r3, [pc, #20]	@ (1000111c <irq_has_shared_handler+0x1c>)
10001108:	f852 0020 	ldr.w	r0, [r2, r0, lsl #2]
1000110c:	1ac0      	subs	r0, r0, r3
1000110e:	2847      	cmp	r0, #71	@ 0x47
10001110:	bf8c      	ite	hi
10001112:	2000      	movhi	r0, #0
10001114:	2001      	movls	r0, #1
10001116:	4770      	bx	lr
10001118:	e000ed00 	.word	0xe000ed00
1000111c:	200012ec 	.word	0x200012ec

10001120 <irq_set_exclusive_handler>:
10001120:	b508      	push	{r3, lr}
10001122:	f3ef 8e10 	mrs	lr, PRIMASK
10001126:	b672      	cpsid	i
10001128:	4b13      	ldr	r3, [pc, #76]	@ (10001178 <irq_set_exclusive_handler+0x58>)
1000112a:	e8d3 cfcf 	ldaexb	ip, [r3]
1000112e:	2201      	movs	r2, #1
10001130:	f1bc 0f00 	cmp.w	ip, #0
10001134:	d1f9      	bne.n	1000112a <irq_set_exclusive_handler+0xa>
10001136:	e8c3 2f4c 	strexb	ip, r2, [r3]
1000113a:	f1bc 0f00 	cmp.w	ip, #0
1000113e:	d1f4      	bne.n	1000112a <irq_set_exclusive_handler+0xa>
10001140:	f3bf 8f5f 	dmb	sy
10001144:	4a0d      	ldr	r2, [pc, #52]	@ (1000117c <irq_set_exclusive_handler+0x5c>)
10001146:	3010      	adds	r0, #16
10001148:	6892      	ldr	r2, [r2, #8]
1000114a:	f8df c034 	ldr.w	ip, [pc, #52]	@ 10001180 <irq_set_exclusive_handler+0x60>
1000114e:	f852 2020 	ldr.w	r2, [r2, r0, lsl #2]
10001152:	4562      	cmp	r2, ip
10001154:	d001      	beq.n	1000115a <irq_set_exclusive_handler+0x3a>
10001156:	4291      	cmp	r1, r2
10001158:	d10b      	bne.n	10001172 <irq_set_exclusive_handler+0x52>
1000115a:	4a08      	ldr	r2, [pc, #32]	@ (1000117c <irq_set_exclusive_handler+0x5c>)
1000115c:	6892      	ldr	r2, [r2, #8]
1000115e:	f842 1020 	str.w	r1, [r2, r0, lsl #2]
10001162:	f3bf 8f5f 	dmb	sy
10001166:	2200      	movs	r2, #0
10001168:	e8c3 2f8f 	stlb	r2, [r3]
1000116c:	f38e 8810 	msr	PRIMASK, lr
10001170:	bd08      	pop	{r3, pc}
10001172:	f000 ffcd 	bl	10002110 <hard_assertion_failure>
10001176:	bf00      	nop
10001178:	200016e5 	.word	0x200016e5
1000117c:	e000ed00 	.word	0xe000ed00
10001180:	10000111 	.word	0x10000111

10001184 <irq_add_shared_handler>:
10001184:	e92d 4ff8 	stmdb	sp!, {r3, r4, r5, r6, r7, r8, r9, sl, fp, lr}
10001188:	468b      	mov	fp, r1
1000118a:	4611      	mov	r1, r2
1000118c:	f3ef 8810 	mrs	r8, PRIMASK
10001190:	b672      	cpsid	i
10001192:	4f66      	ldr	r7, [pc, #408]	@ (1000132c <irq_add_shared_handler+0x1a8>)
10001194:	e8d7 2fcf 	ldaexb	r2, [r7]
10001198:	2301      	movs	r3, #1
1000119a:	2a00      	cmp	r2, #0
1000119c:	d1fa      	bne.n	10001194 <irq_add_shared_handler+0x10>
1000119e:	e8c7 3f42 	strexb	r2, r3, [r7]
100011a2:	2a00      	cmp	r2, #0
100011a4:	d1f6      	bne.n	10001194 <irq_add_shared_handler+0x10>
100011a6:	f3bf 8f5f 	dmb	sy
100011aa:	4b61      	ldr	r3, [pc, #388]	@ (10001330 <irq_add_shared_handler+0x1ac>)
100011ac:	f993 4000 	ldrsb.w	r4, [r3]
100011b0:	2c00      	cmp	r4, #0
100011b2:	f2c0 80b8 	blt.w	10001326 <irq_add_shared_handler+0x1a2>
100011b6:	f100 0510 	add.w	r5, r0, #16
100011ba:	485e      	ldr	r0, [pc, #376]	@ (10001334 <irq_add_shared_handler+0x1b0>)
100011bc:	eb04 0944 	add.w	r9, r4, r4, lsl #1
100011c0:	eb00 0289 	add.w	r2, r0, r9, lsl #2
100011c4:	7996      	ldrb	r6, [r2, #6]
100011c6:	ea4f 0989 	mov.w	r9, r9, lsl #2
100011ca:	701e      	strb	r6, [r3, #0]
100011cc:	4b5a      	ldr	r3, [pc, #360]	@ (10001338 <irq_add_shared_handler+0x1b4>)
100011ce:	689b      	ldr	r3, [r3, #8]
100011d0:	f853 6025 	ldr.w	r6, [r3, r5, lsl #2]
100011d4:	1a33      	subs	r3, r6, r0
100011d6:	2b47      	cmp	r3, #71	@ 0x47
100011d8:	d835      	bhi.n	10001246 <irq_add_shared_handler+0xc2>
100011da:	f026 0e01 	bic.w	lr, r6, #1
100011de:	f89e 3007 	ldrb.w	r3, [lr, #7]
100011e2:	428b      	cmp	r3, r1
100011e4:	d809      	bhi.n	100011fa <irq_add_shared_handler+0x76>
100011e6:	e06f      	b.n	100012c8 <irq_add_shared_handler+0x144>
100011e8:	eb0c 034c 	add.w	r3, ip, ip, lsl #1
100011ec:	eb00 0383 	add.w	r3, r0, r3, lsl #2
100011f0:	f893 a007 	ldrb.w	sl, [r3, #7]
100011f4:	458a      	cmp	sl, r1
100011f6:	d951      	bls.n	1000129c <irq_add_shared_handler+0x118>
100011f8:	469e      	mov	lr, r3
100011fa:	f99e c006 	ldrsb.w	ip, [lr, #6]
100011fe:	f1bc 0f00 	cmp.w	ip, #0
10001202:	daf1      	bge.n	100011e8 <irq_add_shared_handler+0x64>
10001204:	f64b 5901 	movw	r9, #48385	@ 0xbd01
10001208:	f10e 0a04 	add.w	sl, lr, #4
1000120c:	1f13      	subs	r3, r2, #4
1000120e:	eba3 030a 	sub.w	r3, r3, sl
10001212:	f3c3 034a 	ubfx	r3, r3, #1, #11
10001216:	ea6f 43c3 	mvn.w	r3, r3, lsl #19
1000121a:	ea6f 43d3 	mvn.w	r3, r3, lsr #19
1000121e:	f88e 4006 	strb.w	r4, [lr, #6]
10001222:	f8df a120 	ldr.w	sl, [pc, #288]	@ 10001344 <irq_add_shared_handler+0x1c0>
10001226:	eb04 0444 	add.w	r4, r4, r4, lsl #1
1000122a:	eb00 0284 	add.w	r2, r0, r4, lsl #2
1000122e:	f8ae 3004 	strh.w	r3, [lr, #4]
10001232:	f840 a024 	str.w	sl, [r0, r4, lsl #2]
10001236:	f8a2 9004 	strh.w	r9, [r2, #4]
1000123a:	f882 c006 	strb.w	ip, [r2, #6]
1000123e:	71d1      	strb	r1, [r2, #7]
10001240:	f8c2 b008 	str.w	fp, [r2, #8]
10001244:	e01d      	b.n	10001282 <irq_add_shared_handler+0xfe>
10001246:	4b3d      	ldr	r3, [pc, #244]	@ (1000133c <irq_add_shared_handler+0x1b8>)
10001248:	429e      	cmp	r6, r3
1000124a:	d16c      	bne.n	10001326 <irq_add_shared_handler+0x1a2>
1000124c:	4b3c      	ldr	r3, [pc, #240]	@ (10001340 <irq_add_shared_handler+0x1bc>)
1000124e:	71d1      	strb	r1, [r2, #7]
10001250:	f109 0102 	add.w	r1, r9, #2
10001254:	4401      	add	r1, r0
10001256:	3b04      	subs	r3, #4
10001258:	1a5b      	subs	r3, r3, r1
1000125a:	f3c3 034a 	ubfx	r3, r3, #1, #11
1000125e:	ea6f 43c3 	mvn.w	r3, r3, lsl #19
10001262:	f44f 4121 	mov.w	r1, #41216	@ 0xa100
10001266:	ea6f 43d3 	mvn.w	r3, r3, lsr #19
1000126a:	f820 1009 	strh.w	r1, [r0, r9]
1000126e:	8053      	strh	r3, [r2, #2]
10001270:	21ff      	movs	r1, #255	@ 0xff
10001272:	f64b 5301 	movw	r3, #48385	@ 0xbd01
10001276:	f8c2 b008 	str.w	fp, [r2, #8]
1000127a:	7191      	strb	r1, [r2, #6]
1000127c:	8093      	strh	r3, [r2, #4]
1000127e:	f042 0601 	orr.w	r6, r2, #1
10001282:	4b2d      	ldr	r3, [pc, #180]	@ (10001338 <irq_add_shared_handler+0x1b4>)
10001284:	689b      	ldr	r3, [r3, #8]
10001286:	f843 6025 	str.w	r6, [r3, r5, lsl #2]
1000128a:	f3bf 8f5f 	dmb	sy
1000128e:	2300      	movs	r3, #0
10001290:	e8c7 3f8f 	stlb	r3, [r7]
10001294:	f388 8810 	msr	PRIMASK, r8
10001298:	e8bd 8ff8 	ldmia.w	sp!, {r3, r4, r5, r6, r7, r8, r9, sl, fp, pc}
1000129c:	46f2      	mov	sl, lr
1000129e:	f06f 0307 	mvn.w	r3, #7
100012a2:	eba3 0309 	sub.w	r3, r3, r9
100012a6:	f83a 9f04 	ldrh.w	r9, [sl, #4]!
100012aa:	1a1b      	subs	r3, r3, r0
100012ac:	f349 090a 	sbfx	r9, r9, #0, #11
100012b0:	f109 0902 	add.w	r9, r9, #2
100012b4:	eb0a 0949 	add.w	r9, sl, r9, lsl #1
100012b8:	4499      	add	r9, r3
100012ba:	f3c9 094a 	ubfx	r9, r9, #1, #11
100012be:	ea6f 49c9 	mvn.w	r9, r9, lsl #19
100012c2:	ea6f 49d9 	mvn.w	r9, r9, lsr #19
100012c6:	e7a1      	b.n	1000120c <irq_add_shared_handler+0x88>
100012c8:	f06f 0307 	mvn.w	r3, #7
100012cc:	71d1      	strb	r1, [r2, #7]
100012ce:	491c      	ldr	r1, [pc, #112]	@ (10001340 <irq_add_shared_handler+0x1bc>)
100012d0:	f109 0402 	add.w	r4, r9, #2
100012d4:	4404      	add	r4, r0
100012d6:	3904      	subs	r1, #4
100012d8:	1b09      	subs	r1, r1, r4
100012da:	eba3 0309 	sub.w	r3, r3, r9
100012de:	f3c1 014a 	ubfx	r1, r1, #1, #11
100012e2:	1a1b      	subs	r3, r3, r0
100012e4:	ea6f 41c1 	mvn.w	r1, r1, lsl #19
100012e8:	4473      	add	r3, lr
100012ea:	f3c3 034a 	ubfx	r3, r3, #1, #11
100012ee:	ea6f 43c3 	mvn.w	r3, r3, lsl #19
100012f2:	ea6f 41d1 	mvn.w	r1, r1, lsr #19
100012f6:	f44f 4621 	mov.w	r6, #41216	@ 0xa100
100012fa:	ea6f 43d3 	mvn.w	r3, r3, lsr #19
100012fe:	8051      	strh	r1, [r2, #2]
10001300:	4910      	ldr	r1, [pc, #64]	@ (10001344 <irq_add_shared_handler+0x1c0>)
10001302:	f820 6009 	strh.w	r6, [r0, r9]
10001306:	8093      	strh	r3, [r2, #4]
10001308:	f64a 24aa 	movw	r4, #43690	@ 0xaaaa
1000130c:	4673      	mov	r3, lr
1000130e:	1a1b      	subs	r3, r3, r0
10001310:	415b      	adcs	r3, r3
10001312:	435c      	muls	r4, r3
10001314:	0d24      	lsrs	r4, r4, #20
10001316:	f8c2 b008 	str.w	fp, [r2, #8]
1000131a:	7194      	strb	r4, [r2, #6]
1000131c:	f042 0601 	orr.w	r6, r2, #1
10001320:	f8ce 1000 	str.w	r1, [lr]
10001324:	e7ad      	b.n	10001282 <irq_add_shared_handler+0xfe>
10001326:	f000 fef3 	bl	10002110 <hard_assertion_failure>
1000132a:	bf00      	nop
1000132c:	200016e5 	.word	0x200016e5
10001330:	20001fc0 	.word	0x20001fc0
10001334:	200012ec 	.word	0x200012ec
10001338:	e000ed00 	.word	0xe000ed00
1000133c:	10000111 	.word	0x10000111
10001340:	20001334 	.word	0x20001334
10001344:	47804801 	.word	0x47804801

10001348 <irq_add_tail_to_free_list>:
10001348:	e92d 41f0 	stmdb	sp!, {r4, r5, r6, r7, r8, lr}
1000134c:	f3ef 8305 	mrs	r3, IPSR
10001350:	b2db      	uxtb	r3, r3
10001352:	469e      	mov	lr, r3
10001354:	f3ef 8510 	mrs	r5, PRIMASK
10001358:	b672      	cpsid	i
1000135a:	492f      	ldr	r1, [pc, #188]	@ (10001418 <irq_add_tail_to_free_list+0xd0>)
1000135c:	e8d1 2fcf 	ldaexb	r2, [r1]
10001360:	2301      	movs	r3, #1
10001362:	2a00      	cmp	r2, #0
10001364:	d1fa      	bne.n	1000135c <irq_add_tail_to_free_list+0x14>
10001366:	e8c1 3f42 	strexb	r2, r3, [r1]
1000136a:	2a00      	cmp	r2, #0
1000136c:	d1f6      	bne.n	1000135c <irq_add_tail_to_free_list+0x14>
1000136e:	f3bf 8f5f 	dmb	sy
10001372:	f8df 80b4 	ldr.w	r8, [pc, #180]	@ 10001428 <irq_add_tail_to_free_list+0xe0>
10001376:	f040 0601 	orr.w	r6, r0, #1
1000137a:	f8d8 7008 	ldr.w	r7, [r8, #8]
1000137e:	f64a 23aa 	movw	r3, #43690	@ 0xaaaa
10001382:	f857 702e 	ldr.w	r7, [r7, lr, lsl #2]
10001386:	4604      	mov	r4, r0
10001388:	4a24      	ldr	r2, [pc, #144]	@ (1000141c <irq_add_tail_to_free_list+0xd4>)
1000138a:	1aa4      	subs	r4, r4, r2
1000138c:	4164      	adcs	r4, r4
1000138e:	4363      	muls	r3, r4
10001390:	0d1b      	lsrs	r3, r3, #20
10001392:	42b7      	cmp	r7, r6
10001394:	b25b      	sxtb	r3, r3
10001396:	d026      	beq.n	100013e6 <irq_add_tail_to_free_list+0x9e>
10001398:	f992 4006 	ldrsb.w	r4, [r2, #6]
1000139c:	429c      	cmp	r4, r3
1000139e:	d028      	beq.n	100013f2 <irq_add_tail_to_free_list+0xaa>
100013a0:	f992 4012 	ldrsb.w	r4, [r2, #18]
100013a4:	429c      	cmp	r4, r3
100013a6:	d02f      	beq.n	10001408 <irq_add_tail_to_free_list+0xc0>
100013a8:	f992 401e 	ldrsb.w	r4, [r2, #30]
100013ac:	429c      	cmp	r4, r3
100013ae:	d02d      	beq.n	1000140c <irq_add_tail_to_free_list+0xc4>
100013b0:	f992 402a 	ldrsb.w	r4, [r2, #42]	@ 0x2a
100013b4:	429c      	cmp	r4, r3
100013b6:	d02b      	beq.n	10001410 <irq_add_tail_to_free_list+0xc8>
100013b8:	f992 4036 	ldrsb.w	r4, [r2, #54]	@ 0x36
100013bc:	429c      	cmp	r4, r3
100013be:	d029      	beq.n	10001414 <irq_add_tail_to_free_list+0xcc>
100013c0:	f992 4042 	ldrsb.w	r4, [r2, #66]	@ 0x42
100013c4:	429c      	cmp	r4, r3
100013c6:	bf08      	it	eq
100013c8:	2405      	moveq	r4, #5
100013ca:	d013      	beq.n	100013f4 <irq_add_tail_to_free_list+0xac>
100013cc:	4a14      	ldr	r2, [pc, #80]	@ (10001420 <irq_add_tail_to_free_list+0xd8>)
100013ce:	2400      	movs	r4, #0
100013d0:	f892 c000 	ldrb.w	ip, [r2]
100013d4:	7013      	strb	r3, [r2, #0]
100013d6:	f880 c006 	strb.w	ip, [r0, #6]
100013da:	e8c1 4f8f 	stlb	r4, [r1]
100013de:	f385 8810 	msr	PRIMASK, r5
100013e2:	e8bd 81f0 	ldmia.w	sp!, {r4, r5, r6, r7, r8, pc}
100013e6:	f8d8 2008 	ldr.w	r2, [r8, #8]
100013ea:	4c0e      	ldr	r4, [pc, #56]	@ (10001424 <irq_add_tail_to_free_list+0xdc>)
100013ec:	f842 402e 	str.w	r4, [r2, lr, lsl #2]
100013f0:	e7ec      	b.n	100013cc <irq_add_tail_to_free_list+0x84>
100013f2:	2400      	movs	r4, #0
100013f4:	eb04 0444 	add.w	r4, r4, r4, lsl #1
100013f8:	eb02 0284 	add.w	r2, r2, r4, lsl #2
100013fc:	24ff      	movs	r4, #255	@ 0xff
100013fe:	7194      	strb	r4, [r2, #6]
10001400:	f64b 5401 	movw	r4, #48385	@ 0xbd01
10001404:	8094      	strh	r4, [r2, #4]
10001406:	e7e1      	b.n	100013cc <irq_add_tail_to_free_list+0x84>
10001408:	2401      	movs	r4, #1
1000140a:	e7f3      	b.n	100013f4 <irq_add_tail_to_free_list+0xac>
1000140c:	2402      	movs	r4, #2
1000140e:	e7f1      	b.n	100013f4 <irq_add_tail_to_free_list+0xac>
10001410:	2403      	movs	r4, #3
10001412:	e7ef      	b.n	100013f4 <irq_add_tail_to_free_list+0xac>
10001414:	2404      	movs	r4, #4
10001416:	e7ed      	b.n	100013f4 <irq_add_tail_to_free_list+0xac>
10001418:	200016e5 	.word	0x200016e5
1000141c:	200012ec 	.word	0x200012ec
10001420:	20001fc0 	.word	0x20001fc0
10001424:	10000111 	.word	0x10000111
10001428:	e000ed00 	.word	0xe000ed00

1000142c <user_irq_claim_unused>:
1000142c:	b500      	push	{lr}
1000142e:	f8df c024 	ldr.w	ip, [pc, #36]	@ 10001454 <user_irq_claim_unused+0x28>
10001432:	b083      	sub	sp, #12
10001434:	4601      	mov	r1, r0
10001436:	2305      	movs	r3, #5
10001438:	2200      	movs	r2, #0
1000143a:	f8cd c000 	str.w	ip, [sp]
1000143e:	4804      	ldr	r0, [pc, #16]	@ (10001450 <user_irq_claim_unused+0x24>)
10001440:	f7ff fd98 	bl	10000f74 <hw_claim_unused_from_range>
10001444:	2800      	cmp	r0, #0
10001446:	bfa8      	it	ge
10001448:	f1c0 0033 	rsbge	r0, r0, #51	@ 0x33
1000144c:	b003      	add	sp, #12
1000144e:	bd00      	pop	{pc}
10001450:	20001fc5 	.word	0x20001fc5
10001454:	10006b1c 	.word	0x10006b1c

10001458 <lock_init>:
10001458:	4b01      	ldr	r3, [pc, #4]	@ (10001460 <lock_init+0x8>)
1000145a:	440b      	add	r3, r1
1000145c:	6003      	str	r3, [r0, #0]
1000145e:	4770      	bx	lr
10001460:	200016dc 	.word	0x200016dc

10001464 <runtime_init_mutex>:
10001464:	b570      	push	{r4, r5, r6, lr}
10001466:	4c10      	ldr	r4, [pc, #64]	@ (100014a8 <runtime_init_mutex+0x44>)
10001468:	4d10      	ldr	r5, [pc, #64]	@ (100014ac <runtime_init_mutex+0x48>)
1000146a:	42ac      	cmp	r4, r5
1000146c:	d20e      	bcs.n	1000148c <runtime_init_mutex+0x28>
1000146e:	26ff      	movs	r6, #255	@ 0xff
10001470:	6823      	ldr	r3, [r4, #0]
10001472:	b163      	cbz	r3, 1000148e <runtime_init_mutex+0x2a>
10001474:	f7ff fdc0 	bl	10000ff8 <next_striped_spin_lock_num>
10001478:	4601      	mov	r1, r0
1000147a:	4620      	mov	r0, r4
1000147c:	f7ff ffec 	bl	10001458 <lock_init>
10001480:	80a6      	strh	r6, [r4, #4]
10001482:	f3bf 8f5f 	dmb	sy
10001486:	3408      	adds	r4, #8
10001488:	42ac      	cmp	r4, r5
1000148a:	d3f1      	bcc.n	10001470 <runtime_init_mutex+0xc>
1000148c:	bd70      	pop	{r4, r5, r6, pc}
1000148e:	f7ff fdb3 	bl	10000ff8 <next_striped_spin_lock_num>
10001492:	4601      	mov	r1, r0
10001494:	4620      	mov	r0, r4
10001496:	f7ff ffdf 	bl	10001458 <lock_init>
1000149a:	7126      	strb	r6, [r4, #4]
1000149c:	f3bf 8f5f 	dmb	sy
100014a0:	3408      	adds	r4, #8
100014a2:	42ac      	cmp	r4, r5
100014a4:	d3e4      	bcc.n	10001470 <runtime_init_mutex+0xc>
100014a6:	bd70      	pop	{r4, r5, r6, pc}
100014a8:	200013a8 	.word	0x200013a8
100014ac:	200013b0 	.word	0x200013b0

100014b0 <mutex_init>:
100014b0:	b510      	push	{r4, lr}
100014b2:	4604      	mov	r4, r0
100014b4:	f7ff fda0 	bl	10000ff8 <next_striped_spin_lock_num>
100014b8:	4601      	mov	r1, r0
100014ba:	4620      	mov	r0, r4
100014bc:	f7ff ffcc 	bl	10001458 <lock_init>
100014c0:	23ff      	movs	r3, #255	@ 0xff
100014c2:	7123      	strb	r3, [r4, #4]
100014c4:	f3bf 8f5f 	dmb	sy
100014c8:	bd10      	pop	{r4, pc}
100014ca:	bf00      	nop

100014cc <critical_section_init>:
100014cc:	b510      	push	{r4, lr}
100014ce:	4604      	mov	r4, r0
100014d0:	2001      	movs	r0, #1
100014d2:	f7ff fd9d 	bl	10001010 <spin_lock_claim_unused>
100014d6:	4b03      	ldr	r3, [pc, #12]	@ (100014e4 <critical_section_init+0x18>)
100014d8:	4403      	add	r3, r0
100014da:	6023      	str	r3, [r4, #0]
100014dc:	f3bf 8f5f 	dmb	sy
100014e0:	bd10      	pop	{r4, pc}
100014e2:	bf00      	nop
100014e4:	200016dc 	.word	0x200016dc

100014e8 <critical_section_init_with_lock_num>:
100014e8:	4b02      	ldr	r3, [pc, #8]	@ (100014f4 <critical_section_init_with_lock_num+0xc>)
100014ea:	440b      	add	r3, r1
100014ec:	6003      	str	r3, [r0, #0]
100014ee:	f3bf 8f5f 	dmb	sy
100014f2:	4770      	bx	lr
100014f4:	200016dc 	.word	0x200016dc

100014f8 <sleep_until_callback>:
100014f8:	4910      	ldr	r1, [pc, #64]	@ (1000153c <sleep_until_callback+0x44>)
100014fa:	680b      	ldr	r3, [r1, #0]
100014fc:	f3ef 8010 	mrs	r0, PRIMASK
10001500:	b672      	cpsid	i
10001502:	e8d3 cfcf 	ldaexb	ip, [r3]
10001506:	2201      	movs	r2, #1
10001508:	f1bc 0f00 	cmp.w	ip, #0
1000150c:	d1f9      	bne.n	10001502 <sleep_until_callback+0xa>
1000150e:	e8c3 2f4c 	strexb	ip, r2, [r3]
10001512:	f1bc 0f00 	cmp.w	ip, #0
10001516:	d1f4      	bne.n	10001502 <sleep_until_callback+0xa>
10001518:	f3bf 8f5f 	dmb	sy
1000151c:	4a08      	ldr	r2, [pc, #32]	@ (10001540 <sleep_until_callback+0x48>)
1000151e:	f04f 0c00 	mov.w	ip, #0
10001522:	7813      	ldrb	r3, [r2, #0]
10001524:	6809      	ldr	r1, [r1, #0]
10001526:	3301      	adds	r3, #1
10001528:	7013      	strb	r3, [r2, #0]
1000152a:	e8c1 cf8f 	stlb	ip, [r1]
1000152e:	f380 8810 	msr	PRIMASK, r0
10001532:	bf40      	sev
10001534:	2000      	movs	r0, #0
10001536:	2100      	movs	r1, #0
10001538:	4770      	bx	lr
1000153a:	bf00      	nop
1000153c:	20001fa0 	.word	0x20001fa0
10001540:	20001fc2 	.word	0x20001fc2
10001544:	00000000 	.word	0x00000000

10001548 <alarm_pool_irq_handler>:
10001548:	e92d 4ff0 	stmdb	sp!, {r4, r5, r6, r7, r8, r9, sl, fp, lr}
1000154c:	ed2d 8b02 	vpush	{d8}
10001550:	b085      	sub	sp, #20
10001552:	f3ef 8305 	mrs	r3, IPSR
10001556:	b2db      	uxtb	r3, r3
10001558:	3b10      	subs	r3, #16
1000155a:	089a      	lsrs	r2, r3, #2
1000155c:	bf18      	it	ne
1000155e:	2201      	movne	r2, #1
10001560:	f04f 0101 	mov.w	r1, #1
10001564:	f003 0b03 	and.w	fp, r3, #3
10001568:	bf18      	it	ne
1000156a:	4ca9      	ldrne	r4, [pc, #676]	@ (10001810 <alarm_pool_irq_handler+0x2c8>)
1000156c:	4ba9      	ldr	r3, [pc, #676]	@ (10001814 <alarm_pool_irq_handler+0x2cc>)
1000156e:	bf08      	it	eq
10001570:	4ca9      	ldreq	r4, [pc, #676]	@ (10001818 <alarm_pool_irq_handler+0x2d0>)
10001572:	eb0b 0282 	add.w	r2, fp, r2, lsl #2
10001576:	f853 5022 	ldr.w	r5, [r3, r2, lsl #2]
1000157a:	fa01 f20b 	lsl.w	r2, r1, fp
1000157e:	f504 5341 	add.w	r3, r4, #12352	@ 0x3040
10001582:	ed9f 8ba1 	vldr	d8, [pc, #644]	@ 10001808 <alarm_pool_irq_handler+0x2c0>
10001586:	9202      	str	r2, [sp, #8]
10001588:	605a      	str	r2, [r3, #4]
1000158a:	e02f      	b.n	100015ec <alarm_pool_irq_handler+0xa4>
1000158c:	88ab      	ldrh	r3, [r5, #4]
1000158e:	0419      	lsls	r1, r3, #16
10001590:	f140 8094 	bpl.w	100016bc <alarm_pool_irq_handler+0x174>
10001594:	79ab      	ldrb	r3, [r5, #6]
10001596:	2b00      	cmp	r3, #0
10001598:	f040 80de 	bne.w	10001758 <alarm_pool_irq_handler+0x210>
1000159c:	f9b5 6008 	ldrsh.w	r6, [r5, #8]
100015a0:	2e00      	cmp	r6, #0
100015a2:	f2c0 811c 	blt.w	100017de <alarm_pool_irq_handler+0x296>
100015a6:	696b      	ldr	r3, [r5, #20]
100015a8:	eb06 0646 	add.w	r6, r6, r6, lsl #1
100015ac:	eb03 03c6 	add.w	r3, r3, r6, lsl #3
100015b0:	e9d3 6702 	ldrd	r6, r7, [r3, #8]
100015b4:	f1b7 3fff 	cmp.w	r7, #4294967295	@ 0xffffffff
100015b8:	bf08      	it	eq
100015ba:	f1b6 3fff 	cmpeq.w	r6, #4294967295	@ 0xffffffff
100015be:	d00e      	beq.n	100015de <alarm_pool_irq_handler+0x96>
100015c0:	eb04 018b 	add.w	r1, r4, fp, lsl #2
100015c4:	6aa3      	ldr	r3, [r4, #40]	@ 0x28
100015c6:	690a      	ldr	r2, [r1, #16]
100015c8:	1ad2      	subs	r2, r2, r3
100015ca:	1af3      	subs	r3, r6, r3
100015cc:	4293      	cmp	r3, r2
100015ce:	d305      	bcc.n	100015dc <alarm_pool_irq_handler+0x94>
100015d0:	2301      	movs	r3, #1
100015d2:	6a22      	ldr	r2, [r4, #32]
100015d4:	fa03 f30b 	lsl.w	r3, r3, fp
100015d8:	4213      	tst	r3, r2
100015da:	d100      	bne.n	100015de <alarm_pool_irq_handler+0x96>
100015dc:	610e      	str	r6, [r1, #16]
100015de:	4620      	mov	r0, r4
100015e0:	f000 fbee 	bl	10001dc0 <timer_time_us_64>
100015e4:	42b0      	cmp	r0, r6
100015e6:	41b9      	sbcs	r1, r7
100015e8:	f2c0 80f9 	blt.w	100017de <alarm_pool_irq_handler+0x296>
100015ec:	f9b5 6008 	ldrsh.w	r6, [r5, #8]
100015f0:	9b02      	ldr	r3, [sp, #8]
100015f2:	2e00      	cmp	r6, #0
100015f4:	63e3      	str	r3, [r4, #60]	@ 0x3c
100015f6:	dbc9      	blt.n	1000158c <alarm_pool_irq_handler+0x44>
100015f8:	f8d5 9014 	ldr.w	r9, [r5, #20]
100015fc:	eb06 0a46 	add.w	sl, r6, r6, lsl #1
10001600:	eb09 07ca 	add.w	r7, r9, sl, lsl #3
10001604:	68bb      	ldr	r3, [r7, #8]
10001606:	4620      	mov	r0, r4
10001608:	f8d7 800c 	ldr.w	r8, [r7, #12]
1000160c:	9301      	str	r3, [sp, #4]
1000160e:	f000 fbd7 	bl	10001dc0 <timer_time_us_64>
10001612:	9b01      	ldr	r3, [sp, #4]
10001614:	4298      	cmp	r0, r3
10001616:	eb71 0108 	sbcs.w	r1, r1, r8
1000161a:	dbb7      	blt.n	1000158c <alarm_pool_irq_handler+0x44>
1000161c:	f1b8 0f00 	cmp.w	r8, #0
10001620:	f2c0 80c0 	blt.w	100017a4 <alarm_pool_irq_handler+0x25c>
10001624:	e9d7 3104 	ldrd	r3, r1, [r7, #16]
10001628:	4a7c      	ldr	r2, [pc, #496]	@ (1000181c <alarm_pool_irq_handler+0x2d4>)
1000162a:	4293      	cmp	r3, r2
1000162c:	f000 80f8 	beq.w	10001820 <alarm_pool_irq_handler+0x2d8>
10001630:	887a      	ldrh	r2, [r7, #2]
10001632:	f9b5 0008 	ldrsh.w	r0, [r5, #8]
10001636:	b292      	uxth	r2, r2
10001638:	ea42 4000 	orr.w	r0, r2, r0, lsl #16
1000163c:	4798      	blx	r3
1000163e:	4602      	mov	r2, r0
10001640:	460b      	mov	r3, r1
10001642:	ea52 0103 	orrs.w	r1, r2, r3
10001646:	f000 80ad 	beq.w	100017a4 <alarm_pool_irq_handler+0x25c>
1000164a:	2b00      	cmp	r3, #0
1000164c:	f280 80cd 	bge.w	100017ea <alarm_pool_irq_handler+0x2a2>
10001650:	9901      	ldr	r1, [sp, #4]
10001652:	ebb1 0e02 	subs.w	lr, r1, r2
10001656:	eb68 0803 	sbc.w	r8, r8, r3
1000165a:	f939 303a 	ldrsh.w	r3, [r9, sl, lsl #3]
1000165e:	e9c7 e802 	strd	lr, r8, [r7, #8]
10001662:	2b00      	cmp	r3, #0
10001664:	db92      	blt.n	1000158c <alarm_pool_irq_handler+0x44>
10001666:	6968      	ldr	r0, [r5, #20]
10001668:	eb03 0243 	add.w	r2, r3, r3, lsl #1
1000166c:	eb00 02c2 	add.w	r2, r0, r2, lsl #3
10001670:	e9d2 7102 	ldrd	r7, r1, [r2, #8]
10001674:	45be      	cmp	lr, r7
10001676:	eb78 0c01 	sbcs.w	ip, r8, r1
1000167a:	ea4f 0243 	mov.w	r2, r3, lsl #1
1000167e:	db85      	blt.n	1000158c <alarm_pool_irq_handler+0x44>
10001680:	46ac      	mov	ip, r5
10001682:	f82c 3f08 	strh.w	r3, [ip, #8]!
10001686:	e006      	b.n	10001696 <alarm_pool_irq_handler+0x14e>
10001688:	eb03 0143 	add.w	r1, r3, r3, lsl #1
1000168c:	eb00 01c1 	add.w	r1, r0, r1, lsl #3
10001690:	005a      	lsls	r2, r3, #1
10001692:	e9d1 7102 	ldrd	r7, r1, [r1, #8]
10001696:	45be      	cmp	lr, r7
10001698:	eb78 0101 	sbcs.w	r1, r8, r1
1000169c:	441a      	add	r2, r3
1000169e:	db05      	blt.n	100016ac <alarm_pool_irq_handler+0x164>
100016a0:	f930 3032 	ldrsh.w	r3, [r0, r2, lsl #3]
100016a4:	eb00 0cc2 	add.w	ip, r0, r2, lsl #3
100016a8:	2b00      	cmp	r3, #0
100016aa:	daed      	bge.n	10001688 <alarm_pool_irq_handler+0x140>
100016ac:	f829 303a 	strh.w	r3, [r9, sl, lsl #3]
100016b0:	f8ac 6000 	strh.w	r6, [ip]
100016b4:	88ab      	ldrh	r3, [r5, #4]
100016b6:	0419      	lsls	r1, r3, #16
100016b8:	f53f af6c 	bmi.w	10001594 <alarm_pool_irq_handler+0x4c>
100016bc:	692b      	ldr	r3, [r5, #16]
100016be:	f3ef 8210 	mrs	r2, PRIMASK
100016c2:	b672      	cpsid	i
100016c4:	e8d3 0fcf 	ldaexb	r0, [r3]
100016c8:	2101      	movs	r1, #1
100016ca:	2800      	cmp	r0, #0
100016cc:	d1fa      	bne.n	100016c4 <alarm_pool_irq_handler+0x17c>
100016ce:	e8c3 1f40 	strexb	r0, r1, [r3]
100016d2:	2800      	cmp	r0, #0
100016d4:	d1f6      	bne.n	100016c4 <alarm_pool_irq_handler+0x17c>
100016d6:	f3bf 8f5f 	dmb	sy
100016da:	f64f 76ff 	movw	r6, #65535	@ 0xffff
100016de:	88a8      	ldrh	r0, [r5, #4]
100016e0:	2300      	movs	r3, #0
100016e2:	6929      	ldr	r1, [r5, #16]
100016e4:	b200      	sxth	r0, r0
100016e6:	80ae      	strh	r6, [r5, #4]
100016e8:	e8c1 3f8f 	stlb	r3, [r1]
100016ec:	f382 8810 	msr	PRIMASK, r2
100016f0:	4298      	cmp	r0, r3
100016f2:	f6ff af4f 	blt.w	10001594 <alarm_pool_irq_handler+0x4c>
100016f6:	4607      	mov	r7, r0
100016f8:	46a1      	mov	r9, r4
100016fa:	696e      	ldr	r6, [r5, #20]
100016fc:	f105 0808 	add.w	r8, r5, #8
10001700:	f9b5 3008 	ldrsh.w	r3, [r5, #8]
10001704:	eb07 0e47 	add.w	lr, r7, r7, lsl #1
10001708:	2b00      	cmp	r3, #0
1000170a:	46c4      	mov	ip, r8
1000170c:	eb06 02ce 	add.w	r2, r6, lr, lsl #3
10001710:	db15      	blt.n	1000173e <alarm_pool_irq_handler+0x1f6>
10001712:	e9d2 4002 	ldrd	r4, r0, [r2, #8]
10001716:	46aa      	mov	sl, r5
10001718:	9701      	str	r7, [sp, #4]
1000171a:	e004      	b.n	10001726 <alarm_pool_irq_handler+0x1de>
1000171c:	f936 3035 	ldrsh.w	r3, [r6, r5, lsl #3]
10001720:	4694      	mov	ip, r2
10001722:	2b00      	cmp	r3, #0
10001724:	db09      	blt.n	1000173a <alarm_pool_irq_handler+0x1f2>
10001726:	eb03 0543 	add.w	r5, r3, r3, lsl #1
1000172a:	eb06 02c5 	add.w	r2, r6, r5, lsl #3
1000172e:	e9d2 7102 	ldrd	r7, r1, [r2, #8]
10001732:	42bc      	cmp	r4, r7
10001734:	eb70 0101 	sbcs.w	r1, r0, r1
10001738:	daf0      	bge.n	1000171c <alarm_pool_irq_handler+0x1d4>
1000173a:	4655      	mov	r5, sl
1000173c:	9f01      	ldr	r7, [sp, #4]
1000173e:	f8ac 7000 	strh.w	r7, [ip]
10001742:	f936 703e 	ldrsh.w	r7, [r6, lr, lsl #3]
10001746:	f826 303e 	strh.w	r3, [r6, lr, lsl #3]
1000174a:	2f00      	cmp	r7, #0
1000174c:	dad8      	bge.n	10001700 <alarm_pool_irq_handler+0x1b8>
1000174e:	79ab      	ldrb	r3, [r5, #6]
10001750:	464c      	mov	r4, r9
10001752:	2b00      	cmp	r3, #0
10001754:	f43f af22 	beq.w	1000159c <alarm_pool_irq_handler+0x54>
10001758:	2300      	movs	r3, #0
1000175a:	71ab      	strb	r3, [r5, #6]
1000175c:	f9b5 6008 	ldrsh.w	r6, [r5, #8]
10001760:	1c72      	adds	r2, r6, #1
10001762:	4633      	mov	r3, r6
10001764:	d03b      	beq.n	100017de <alarm_pool_irq_handler+0x296>
10001766:	6968      	ldr	r0, [r5, #20]
10001768:	f105 0e08 	add.w	lr, r5, #8
1000176c:	e003      	b.n	10001776 <alarm_pool_irq_handler+0x22e>
1000176e:	468e      	mov	lr, r1
10001770:	1c5a      	adds	r2, r3, #1
10001772:	f43f af15 	beq.w	100015a0 <alarm_pool_irq_handler+0x58>
10001776:	eb03 0243 	add.w	r2, r3, r3, lsl #1
1000177a:	eb00 01c2 	add.w	r1, r0, r2, lsl #3
1000177e:	884f      	ldrh	r7, [r1, #2]
10001780:	469c      	mov	ip, r3
10001782:	043f      	lsls	r7, r7, #16
10001784:	f930 3032 	ldrsh.w	r3, [r0, r2, lsl #3]
10001788:	d5f1      	bpl.n	1000176e <alarm_pool_irq_handler+0x226>
1000178a:	4566      	cmp	r6, ip
1000178c:	ed81 8b02 	vstr	d8, [r1, #8]
10001790:	d0ee      	beq.n	10001770 <alarm_pool_irq_handler+0x228>
10001792:	f8ae 3000 	strh.w	r3, [lr]
10001796:	8929      	ldrh	r1, [r5, #8]
10001798:	4666      	mov	r6, ip
1000179a:	f820 1032 	strh.w	r1, [r0, r2, lsl #3]
1000179e:	f8a5 c008 	strh.w	ip, [r5, #8]
100017a2:	e7e5      	b.n	10001770 <alarm_pool_irq_handler+0x228>
100017a4:	f839 303a 	ldrh.w	r3, [r9, sl, lsl #3]
100017a8:	812b      	strh	r3, [r5, #8]
100017aa:	692b      	ldr	r3, [r5, #16]
100017ac:	f3ef 8210 	mrs	r2, PRIMASK
100017b0:	b672      	cpsid	i
100017b2:	e8d3 0fcf 	ldaexb	r0, [r3]
100017b6:	2101      	movs	r1, #1
100017b8:	2800      	cmp	r0, #0
100017ba:	d1fa      	bne.n	100017b2 <alarm_pool_irq_handler+0x26a>
100017bc:	e8c3 1f40 	strexb	r0, r1, [r3]
100017c0:	2800      	cmp	r0, #0
100017c2:	d1f6      	bne.n	100017b2 <alarm_pool_irq_handler+0x26a>
100017c4:	f3bf 8f5f 	dmb	sy
100017c8:	886b      	ldrh	r3, [r5, #2]
100017ca:	6929      	ldr	r1, [r5, #16]
100017cc:	f829 303a 	strh.w	r3, [r9, sl, lsl #3]
100017d0:	2300      	movs	r3, #0
100017d2:	806e      	strh	r6, [r5, #2]
100017d4:	e8c1 3f8f 	stlb	r3, [r1]
100017d8:	f382 8810 	msr	PRIMASK, r2
100017dc:	e6d6      	b.n	1000158c <alarm_pool_irq_handler+0x44>
100017de:	bf40      	sev
100017e0:	b005      	add	sp, #20
100017e2:	ecbd 8b02 	vpop	{d8}
100017e6:	e8bd 8ff0 	ldmia.w	sp!, {r4, r5, r6, r7, r8, r9, sl, fp, pc}
100017ea:	4620      	mov	r0, r4
100017ec:	9303      	str	r3, [sp, #12]
100017ee:	9201      	str	r2, [sp, #4]
100017f0:	f000 fae6 	bl	10001dc0 <timer_time_us_64>
100017f4:	9a01      	ldr	r2, [sp, #4]
100017f6:	9b03      	ldr	r3, [sp, #12]
100017f8:	eb10 0e02 	adds.w	lr, r0, r2
100017fc:	eb43 0801 	adc.w	r8, r3, r1
10001800:	e72b      	b.n	1000165a <alarm_pool_irq_handler+0x112>
10001802:	bf00      	nop
10001804:	f3af 8000 	nop.w
10001808:	ffffffff 	.word	0xffffffff
1000180c:	ffffffff 	.word	0xffffffff
10001810:	400b8000 	.word	0x400b8000
10001814:	20001f78 	.word	0x20001f78
10001818:	400b0000 	.word	0x400b0000
1000181c:	10001549 	.word	0x10001549
10001820:	4608      	mov	r0, r1
10001822:	690b      	ldr	r3, [r1, #16]
10001824:	9103      	str	r1, [sp, #12]
10001826:	4798      	blx	r3
10001828:	2800      	cmp	r0, #0
1000182a:	d0bb      	beq.n	100017a4 <alarm_pool_irq_handler+0x25c>
1000182c:	9903      	ldr	r1, [sp, #12]
1000182e:	e9d1 2300 	ldrd	r2, r3, [r1]
10001832:	e706      	b.n	10001642 <alarm_pool_irq_handler+0xfa>

10001834 <runtime_init_default_alarm_pool>:
10001834:	b538      	push	{r3, r4, r5, lr}
10001836:	4b38      	ldr	r3, [pc, #224]	@ (10001918 <runtime_init_default_alarm_pool+0xe4>)
10001838:	691c      	ldr	r4, [r3, #16]
1000183a:	b12c      	cbz	r4, 10001848 <runtime_init_default_alarm_pool+0x14>
1000183c:	e8bd 4038 	ldmia.w	sp!, {r3, r4, r5, lr}
10001840:	210a      	movs	r1, #10
10001842:	4836      	ldr	r0, [pc, #216]	@ (1000191c <runtime_init_default_alarm_pool+0xe8>)
10001844:	f7ff be08 	b.w	10001458 <lock_init>
10001848:	2103      	movs	r1, #3
1000184a:	4835      	ldr	r0, [pc, #212]	@ (10001920 <runtime_init_default_alarm_pool+0xec>)
1000184c:	f000 faa6 	bl	10001d9c <timer_hardware_alarm_claim>
10001850:	4d33      	ldr	r5, [pc, #204]	@ (10001920 <runtime_init_default_alarm_pool+0xec>)
10001852:	4b31      	ldr	r3, [pc, #196]	@ (10001918 <runtime_init_default_alarm_pool+0xe4>)
10001854:	60dd      	str	r5, [r3, #12]
10001856:	f7ff fbcf 	bl	10000ff8 <next_striped_spin_lock_num>
1000185a:	4a32      	ldr	r2, [pc, #200]	@ (10001924 <runtime_init_default_alarm_pool+0xf0>)
1000185c:	f04f 4e50 	mov.w	lr, #3489660928	@ 0xd0000000
10001860:	4402      	add	r2, r0
10001862:	2003      	movs	r0, #3
10001864:	4b2c      	ldr	r3, [pc, #176]	@ (10001918 <runtime_init_default_alarm_pool+0xe4>)
10001866:	f04f 0c0f 	mov.w	ip, #15
1000186a:	7018      	strb	r0, [r3, #0]
1000186c:	611a      	str	r2, [r3, #16]
1000186e:	f8de 2000 	ldr.w	r2, [lr]
10001872:	f64f 71ff 	movw	r1, #65535	@ 0xffff
10001876:	705a      	strb	r2, [r3, #1]
10001878:	695a      	ldr	r2, [r3, #20]
1000187a:	f8a3 c002 	strh.w	ip, [r3, #2]
1000187e:	8314      	strh	r4, [r2, #24]
10001880:	f04f 0402 	mov.w	r4, #2
10001884:	f8a2 4048 	strh.w	r4, [r2, #72]	@ 0x48
10001888:	f04f 0404 	mov.w	r4, #4
1000188c:	f8a2 4078 	strh.w	r4, [r2, #120]	@ 0x78
10001890:	f04f 0405 	mov.w	r4, #5
10001894:	f8a2 4090 	strh.w	r4, [r2, #144]	@ 0x90
10001898:	f04f 0406 	mov.w	r4, #6
1000189c:	f8a2 40a8 	strh.w	r4, [r2, #168]	@ 0xa8
100018a0:	f04f 0407 	mov.w	r4, #7
100018a4:	f8a2 40c0 	strh.w	r4, [r2, #192]	@ 0xc0
100018a8:	f04f 0409 	mov.w	r4, #9
100018ac:	f8a2 40f0 	strh.w	r4, [r2, #240]	@ 0xf0
100018b0:	f04f 040a 	mov.w	r4, #10
100018b4:	f8a2 4108 	strh.w	r4, [r2, #264]	@ 0x108
100018b8:	f04f 040b 	mov.w	r4, #11
100018bc:	f8a2 4120 	strh.w	r4, [r2, #288]	@ 0x120
100018c0:	f04f 040c 	mov.w	r4, #12
100018c4:	f8a2 4138 	strh.w	r4, [r2, #312]	@ 0x138
100018c8:	f04f 0401 	mov.w	r4, #1
100018cc:	8614      	strh	r4, [r2, #48]	@ 0x30
100018ce:	f04f 0408 	mov.w	r4, #8
100018d2:	f8a2 40d8 	strh.w	r4, [r2, #216]	@ 0xd8
100018d6:	4c14      	ldr	r4, [pc, #80]	@ (10001928 <runtime_init_default_alarm_pool+0xf4>)
100018d8:	f04f 0e0d 	mov.w	lr, #13
100018dc:	f04f 0c0e 	mov.w	ip, #14
100018e0:	609c      	str	r4, [r3, #8]
100018e2:	2408      	movs	r4, #8
100018e4:	8099      	strh	r1, [r3, #4]
100018e6:	f8a2 e150 	strh.w	lr, [r2, #336]	@ 0x150
100018ea:	f8a2 c168 	strh.w	ip, [r2, #360]	@ 0x168
100018ee:	f8a2 0060 	strh.w	r0, [r2, #96]	@ 0x60
100018f2:	8011      	strh	r1, [r2, #0]
100018f4:	4a0d      	ldr	r2, [pc, #52]	@ (1000192c <runtime_init_default_alarm_pool+0xf8>)
100018f6:	622c      	str	r4, [r5, #32]
100018f8:	490d      	ldr	r1, [pc, #52]	@ (10001930 <runtime_init_default_alarm_pool+0xfc>)
100018fa:	60d3      	str	r3, [r2, #12]
100018fc:	f7ff fc10 	bl	10001120 <irq_set_exclusive_handler>
10001900:	2101      	movs	r1, #1
10001902:	2003      	movs	r0, #3
10001904:	f7ff fbca 	bl	1000109c <irq_set_enabled>
10001908:	4b0a      	ldr	r3, [pc, #40]	@ (10001934 <runtime_init_default_alarm_pool+0x100>)
1000190a:	210a      	movs	r1, #10
1000190c:	641c      	str	r4, [r3, #64]	@ 0x40
1000190e:	4803      	ldr	r0, [pc, #12]	@ (1000191c <runtime_init_default_alarm_pool+0xe8>)
10001910:	e8bd 4038 	ldmia.w	sp!, {r3, r4, r5, lr}
10001914:	f7ff bda0 	b.w	10001458 <lock_init>
10001918:	20001358 	.word	0x20001358
1000191c:	20001fa0 	.word	0x20001fa0
10001920:	400b0000 	.word	0x400b0000
10001924:	200016dc 	.word	0x200016dc
10001928:	0010ffff 	.word	0x0010ffff
1000192c:	20001f78 	.word	0x20001f78
10001930:	10001549 	.word	0x10001549
10001934:	400b2000 	.word	0x400b2000

10001938 <alarm_pool_get_default>:
10001938:	4800      	ldr	r0, [pc, #0]	@ (1000193c <alarm_pool_get_default+0x4>)
1000193a:	4770      	bx	lr
1000193c:	20001358 	.word	0x20001358

10001940 <alarm_pool_add_alarm_at>:
10001940:	b5f0      	push	{r4, r5, r6, r7, lr}
10001942:	b083      	sub	sp, #12
10001944:	f89d 4028 	ldrb.w	r4, [sp, #40]	@ 0x28
10001948:	461d      	mov	r5, r3
1000194a:	4603      	mov	r3, r0
1000194c:	b954      	cbnz	r4, 10001964 <alarm_pool_add_alarm_at+0x24>
1000194e:	e9cd 0200 	strd	r0, r2, [sp]
10001952:	f000 fa3d 	bl	10001dd0 <time_us_64>
10001956:	9a01      	ldr	r2, [sp, #4]
10001958:	9b00      	ldr	r3, [sp, #0]
1000195a:	4282      	cmp	r2, r0
1000195c:	eb65 0101 	sbc.w	r1, r5, r1
10001960:	42a1      	cmp	r1, r4
10001962:	db5b      	blt.n	10001a1c <alarm_pool_add_alarm_at+0xdc>
10001964:	6919      	ldr	r1, [r3, #16]
10001966:	f3ef 8010 	mrs	r0, PRIMASK
1000196a:	b672      	cpsid	i
1000196c:	e8d1 6fcf 	ldaexb	r6, [r1]
10001970:	2401      	movs	r4, #1
10001972:	2e00      	cmp	r6, #0
10001974:	d1fa      	bne.n	1000196c <alarm_pool_add_alarm_at+0x2c>
10001976:	e8c1 4f46 	strexb	r6, r4, [r1]
1000197a:	2e00      	cmp	r6, #0
1000197c:	d1f6      	bne.n	1000196c <alarm_pool_add_alarm_at+0x2c>
1000197e:	f3bf 8f5f 	dmb	sy
10001982:	f9b3 4002 	ldrsh.w	r4, [r3, #2]
10001986:	691f      	ldr	r7, [r3, #16]
10001988:	2c00      	cmp	r4, #0
1000198a:	db3e      	blt.n	10001a0a <alarm_pool_add_alarm_at+0xca>
1000198c:	f8d3 c014 	ldr.w	ip, [r3, #20]
10001990:	eb04 0e44 	add.w	lr, r4, r4, lsl #1
10001994:	f83c 103e 	ldrh.w	r1, [ip, lr, lsl #3]
10001998:	2600      	movs	r6, #0
1000199a:	8059      	strh	r1, [r3, #2]
1000199c:	eb0c 01ce 	add.w	r1, ip, lr, lsl #3
100019a0:	e8c7 6f8f 	stlb	r6, [r7]
100019a4:	f380 8810 	msr	PRIMASK, r0
100019a8:	8848      	ldrh	r0, [r1, #2]
100019aa:	e9c1 2502 	strd	r2, r5, [r1, #8]
100019ae:	3001      	adds	r0, #1
100019b0:	f3c0 000e 	ubfx	r0, r0, #0, #15
100019b4:	2801      	cmp	r0, #1
100019b6:	bf38      	it	cc
100019b8:	2001      	movcc	r0, #1
100019ba:	9a08      	ldr	r2, [sp, #32]
100019bc:	8048      	strh	r0, [r1, #2]
100019be:	610a      	str	r2, [r1, #16]
100019c0:	9a09      	ldr	r2, [sp, #36]	@ 0x24
100019c2:	ea40 4004 	orr.w	r0, r0, r4, lsl #16
100019c6:	614a      	str	r2, [r1, #20]
100019c8:	691a      	ldr	r2, [r3, #16]
100019ca:	f3ef 8110 	mrs	r1, PRIMASK
100019ce:	b672      	cpsid	i
100019d0:	e8d2 7fcf 	ldaexb	r7, [r2]
100019d4:	2501      	movs	r5, #1
100019d6:	2f00      	cmp	r7, #0
100019d8:	d1fa      	bne.n	100019d0 <alarm_pool_add_alarm_at+0x90>
100019da:	e8c2 5f47 	strexb	r7, r5, [r2]
100019de:	2f00      	cmp	r7, #0
100019e0:	d1f6      	bne.n	100019d0 <alarm_pool_add_alarm_at+0x90>
100019e2:	f3bf 8f5f 	dmb	sy
100019e6:	889a      	ldrh	r2, [r3, #4]
100019e8:	f82c 203e 	strh.w	r2, [ip, lr, lsl #3]
100019ec:	691a      	ldr	r2, [r3, #16]
100019ee:	809c      	strh	r4, [r3, #4]
100019f0:	e8c2 6f8f 	stlb	r6, [r2]
100019f4:	f381 8810 	msr	PRIMASK, r1
100019f8:	2101      	movs	r1, #1
100019fa:	781c      	ldrb	r4, [r3, #0]
100019fc:	68da      	ldr	r2, [r3, #12]
100019fe:	40a1      	lsls	r1, r4
10001a00:	f502 5301 	add.w	r3, r2, #8256	@ 0x2040
10001a04:	6059      	str	r1, [r3, #4]
10001a06:	b003      	add	sp, #12
10001a08:	bdf0      	pop	{r4, r5, r6, r7, pc}
10001a0a:	2300      	movs	r3, #0
10001a0c:	e8c7 3f8f 	stlb	r3, [r7]
10001a10:	f380 8810 	msr	PRIMASK, r0
10001a14:	f04f 30ff 	mov.w	r0, #4294967295	@ 0xffffffff
10001a18:	b003      	add	sp, #12
10001a1a:	bdf0      	pop	{r4, r5, r6, r7, pc}
10001a1c:	4620      	mov	r0, r4
10001a1e:	b003      	add	sp, #12
10001a20:	bdf0      	pop	{r4, r5, r6, r7, pc}
10001a22:	bf00      	nop

10001a24 <alarm_pool_add_alarm_at_force_in_context>:
10001a24:	b5f0      	push	{r4, r5, r6, r7, lr}
10001a26:	4616      	mov	r6, r2
10001a28:	461f      	mov	r7, r3
10001a2a:	6902      	ldr	r2, [r0, #16]
10001a2c:	4603      	mov	r3, r0
10001a2e:	f3ef 8010 	mrs	r0, PRIMASK
10001a32:	b672      	cpsid	i
10001a34:	e8d2 4fcf 	ldaexb	r4, [r2]
10001a38:	2101      	movs	r1, #1
10001a3a:	2c00      	cmp	r4, #0
10001a3c:	d1fa      	bne.n	10001a34 <alarm_pool_add_alarm_at_force_in_context+0x10>
10001a3e:	e8c2 1f44 	strexb	r4, r1, [r2]
10001a42:	2c00      	cmp	r4, #0
10001a44:	d1f6      	bne.n	10001a34 <alarm_pool_add_alarm_at_force_in_context+0x10>
10001a46:	f3bf 8f5f 	dmb	sy
10001a4a:	f9b3 1002 	ldrsh.w	r1, [r3, #2]
10001a4e:	691d      	ldr	r5, [r3, #16]
10001a50:	2900      	cmp	r1, #0
10001a52:	db45      	blt.n	10001ae0 <alarm_pool_add_alarm_at_force_in_context+0xbc>
10001a54:	f8d3 e014 	ldr.w	lr, [r3, #20]
10001a58:	eb01 0241 	add.w	r2, r1, r1, lsl #1
10001a5c:	f83e 4032 	ldrh.w	r4, [lr, r2, lsl #3]
10001a60:	eb0e 0cc2 	add.w	ip, lr, r2, lsl #3
10001a64:	805c      	strh	r4, [r3, #2]
10001a66:	2400      	movs	r4, #0
10001a68:	e8c5 4f8f 	stlb	r4, [r5]
10001a6c:	f380 8810 	msr	PRIMASK, r0
10001a70:	9805      	ldr	r0, [sp, #20]
10001a72:	4635      	mov	r5, r6
10001a74:	f8cc 0010 	str.w	r0, [ip, #16]
10001a78:	9806      	ldr	r0, [sp, #24]
10001a7a:	463e      	mov	r6, r7
10001a7c:	f8cc 0014 	str.w	r0, [ip, #20]
10001a80:	f8bc 0002 	ldrh.w	r0, [ip, #2]
10001a84:	e9cc 5602 	strd	r5, r6, [ip, #8]
10001a88:	3001      	adds	r0, #1
10001a8a:	f3c0 000e 	ubfx	r0, r0, #0, #15
10001a8e:	2801      	cmp	r0, #1
10001a90:	bf38      	it	cc
10001a92:	2001      	movcc	r0, #1
10001a94:	f8ac 0002 	strh.w	r0, [ip, #2]
10001a98:	ea40 4001 	orr.w	r0, r0, r1, lsl #16
10001a9c:	f8d3 c010 	ldr.w	ip, [r3, #16]
10001aa0:	f3ef 8510 	mrs	r5, PRIMASK
10001aa4:	b672      	cpsid	i
10001aa6:	e8dc 7fcf 	ldaexb	r7, [ip]
10001aaa:	2601      	movs	r6, #1
10001aac:	2f00      	cmp	r7, #0
10001aae:	d1fa      	bne.n	10001aa6 <alarm_pool_add_alarm_at_force_in_context+0x82>
10001ab0:	e8cc 6f47 	strexb	r7, r6, [ip]
10001ab4:	2f00      	cmp	r7, #0
10001ab6:	d1f6      	bne.n	10001aa6 <alarm_pool_add_alarm_at_force_in_context+0x82>
10001ab8:	f3bf 8f5f 	dmb	sy
10001abc:	f8b3 c004 	ldrh.w	ip, [r3, #4]
10001ac0:	f82e c032 	strh.w	ip, [lr, r2, lsl #3]
10001ac4:	8099      	strh	r1, [r3, #4]
10001ac6:	691a      	ldr	r2, [r3, #16]
10001ac8:	e8c2 4f8f 	stlb	r4, [r2]
10001acc:	f385 8810 	msr	PRIMASK, r5
10001ad0:	2101      	movs	r1, #1
10001ad2:	781c      	ldrb	r4, [r3, #0]
10001ad4:	68da      	ldr	r2, [r3, #12]
10001ad6:	40a1      	lsls	r1, r4
10001ad8:	f502 5301 	add.w	r3, r2, #8256	@ 0x2040
10001adc:	6059      	str	r1, [r3, #4]
10001ade:	bdf0      	pop	{r4, r5, r6, r7, pc}
10001ae0:	2300      	movs	r3, #0
10001ae2:	e8c5 3f8f 	stlb	r3, [r5]
10001ae6:	f380 8810 	msr	PRIMASK, r0
10001aea:	f04f 30ff 	mov.w	r0, #4294967295	@ 0xffffffff
10001aee:	bdf0      	pop	{r4, r5, r6, r7, pc}

10001af0 <alarm_pool_cancel_alarm>:
10001af0:	4603      	mov	r3, r0
10001af2:	8940      	ldrh	r0, [r0, #10]
10001af4:	ebb0 4f21 	cmp.w	r0, r1, asr #16
10001af8:	dd3a      	ble.n	10001b70 <alarm_pool_cancel_alarm+0x80>
10001afa:	6958      	ldr	r0, [r3, #20]
10001afc:	140a      	asrs	r2, r1, #16
10001afe:	eb02 0242 	add.w	r2, r2, r2, lsl #1
10001b02:	b510      	push	{r4, lr}
10001b04:	f8d3 c010 	ldr.w	ip, [r3, #16]
10001b08:	eb00 00c2 	add.w	r0, r0, r2, lsl #3
10001b0c:	f3ef 8e10 	mrs	lr, PRIMASK
10001b10:	b672      	cpsid	i
10001b12:	e8dc 4fcf 	ldaexb	r4, [ip]
10001b16:	2201      	movs	r2, #1
10001b18:	2c00      	cmp	r4, #0
10001b1a:	d1fa      	bne.n	10001b12 <alarm_pool_cancel_alarm+0x22>
10001b1c:	e8cc 2f44 	strexb	r4, r2, [ip]
10001b20:	2c00      	cmp	r4, #0
10001b22:	d1f6      	bne.n	10001b12 <alarm_pool_cancel_alarm+0x22>
10001b24:	f3bf 8f5f 	dmb	sy
10001b28:	8842      	ldrh	r2, [r0, #2]
10001b2a:	b289      	uxth	r1, r1
10001b2c:	b292      	uxth	r2, r2
10001b2e:	428a      	cmp	r2, r1
10001b30:	d007      	beq.n	10001b42 <alarm_pool_cancel_alarm+0x52>
10001b32:	2200      	movs	r2, #0
10001b34:	691b      	ldr	r3, [r3, #16]
10001b36:	e8c3 2f8f 	stlb	r2, [r3]
10001b3a:	f38e 8810 	msr	PRIMASK, lr
10001b3e:	2000      	movs	r0, #0
10001b40:	bd10      	pop	{r4, pc}
10001b42:	ea6f 4242 	mvn.w	r2, r2, lsl #17
10001b46:	ea6f 4252 	mvn.w	r2, r2, lsr #17
10001b4a:	8042      	strh	r2, [r0, #2]
10001b4c:	2101      	movs	r1, #1
10001b4e:	2200      	movs	r2, #0
10001b50:	6918      	ldr	r0, [r3, #16]
10001b52:	7199      	strb	r1, [r3, #6]
10001b54:	e8c0 2f8f 	stlb	r2, [r0]
10001b58:	f38e 8810 	msr	PRIMASK, lr
10001b5c:	f893 c000 	ldrb.w	ip, [r3]
10001b60:	68da      	ldr	r2, [r3, #12]
10001b62:	4608      	mov	r0, r1
10001b64:	f502 5301 	add.w	r3, r2, #8256	@ 0x2040
10001b68:	fa01 f10c 	lsl.w	r1, r1, ip
10001b6c:	6059      	str	r1, [r3, #4]
10001b6e:	bd10      	pop	{r4, pc}
10001b70:	2000      	movs	r0, #0
10001b72:	4770      	bx	lr

10001b74 <alarm_pool_core_num>:
10001b74:	7840      	ldrb	r0, [r0, #1]
10001b76:	4770      	bx	lr

10001b78 <sleep_ms>:
10001b78:	e92d 43f0 	stmdb	sp!, {r4, r5, r6, r7, r8, r9, lr}
10001b7c:	b083      	sub	sp, #12
10001b7e:	4606      	mov	r6, r0
10001b80:	f000 f926 	bl	10001dd0 <time_us_64>
10001b84:	f44f 737a 	mov.w	r3, #1000	@ 0x3e8
10001b88:	4604      	mov	r4, r0
10001b8a:	f04f 30ff 	mov.w	r0, #4294967295	@ 0xffffffff
10001b8e:	f06f 4200 	mvn.w	r2, #2147483648	@ 0x80000000
10001b92:	fbe6 4103 	umlal	r4, r1, r6, r3
10001b96:	42a0      	cmp	r0, r4
10001b98:	eb72 0301 	sbcs.w	r3, r2, r1
10001b9c:	bf3a      	itte	cc
10001b9e:	4604      	movcc	r4, r0
10001ba0:	4615      	movcc	r5, r2
10001ba2:	460d      	movcs	r5, r1
10001ba4:	1fa6      	subs	r6, r4, #6
10001ba6:	f145 37ff 	adc.w	r7, r5, #4294967295	@ 0xffffffff
10001baa:	42b4      	cmp	r4, r6
10001bac:	eb75 0307 	sbcs.w	r3, r5, r7
10001bb0:	bf3c      	itt	cc
10001bb2:	2600      	movcc	r6, #0
10001bb4:	4637      	movcc	r7, r6
10001bb6:	f000 f90b 	bl	10001dd0 <time_us_64>
10001bba:	1a30      	subs	r0, r6, r0
10001bbc:	eb67 0101 	sbc.w	r1, r7, r1
10001bc0:	2801      	cmp	r0, #1
10001bc2:	f171 0100 	sbcs.w	r1, r1, #0
10001bc6:	da06      	bge.n	10001bd6 <sleep_ms+0x5e>
10001bc8:	4620      	mov	r0, r4
10001bca:	4629      	mov	r1, r5
10001bcc:	b003      	add	sp, #12
10001bce:	e8bd 43f0 	ldmia.w	sp!, {r4, r5, r6, r7, r8, r9, lr}
10001bd2:	f000 b907 	b.w	10001de4 <busy_wait_until>
10001bd6:	f000 f8fb 	bl	10001dd0 <time_us_64>
10001bda:	4286      	cmp	r6, r0
10001bdc:	eb67 0101 	sbc.w	r1, r7, r1
10001be0:	2900      	cmp	r1, #0
10001be2:	db0a      	blt.n	10001bfa <sleep_ms+0x82>
10001be4:	2100      	movs	r1, #0
10001be6:	4b1d      	ldr	r3, [pc, #116]	@ (10001c5c <sleep_ms+0xe4>)
10001be8:	4632      	mov	r2, r6
10001bea:	9300      	str	r3, [sp, #0]
10001bec:	481c      	ldr	r0, [pc, #112]	@ (10001c60 <sleep_ms+0xe8>)
10001bee:	463b      	mov	r3, r7
10001bf0:	9101      	str	r1, [sp, #4]
10001bf2:	f7ff ff17 	bl	10001a24 <alarm_pool_add_alarm_at_force_in_context>
10001bf6:	3001      	adds	r0, #1
10001bf8:	d0e6      	beq.n	10001bc8 <sleep_ms+0x50>
10001bfa:	f04f 0e00 	mov.w	lr, #0
10001bfe:	4a19      	ldr	r2, [pc, #100]	@ (10001c64 <sleep_ms+0xec>)
10001c00:	f8df c068 	ldr.w	ip, [pc, #104]	@ 10001c6c <sleep_ms+0xf4>
10001c04:	4918      	ldr	r1, [pc, #96]	@ (10001c68 <sleep_ms+0xf0>)
10001c06:	6a53      	ldr	r3, [r2, #36]	@ 0x24
10001c08:	429f      	cmp	r7, r3
10001c0a:	d804      	bhi.n	10001c16 <sleep_ms+0x9e>
10001c0c:	6a90      	ldr	r0, [r2, #40]	@ 0x28
10001c0e:	42b0      	cmp	r0, r6
10001c10:	d2da      	bcs.n	10001bc8 <sleep_ms+0x50>
10001c12:	429f      	cmp	r7, r3
10001c14:	d1d8      	bne.n	10001bc8 <sleep_ms+0x50>
10001c16:	f8dc 3000 	ldr.w	r3, [ip]
10001c1a:	f3ef 8010 	mrs	r0, PRIMASK
10001c1e:	b672      	cpsid	i
10001c20:	e8d3 9fcf 	ldaexb	r9, [r3]
10001c24:	f05f 0801 	movs.w	r8, #1
10001c28:	f1b9 0f00 	cmp.w	r9, #0
10001c2c:	d1f8      	bne.n	10001c20 <sleep_ms+0xa8>
10001c2e:	e8c3 8f49 	strexb	r9, r8, [r3]
10001c32:	f1b9 0f00 	cmp.w	r9, #0
10001c36:	d1f3      	bne.n	10001c20 <sleep_ms+0xa8>
10001c38:	f3bf 8f5f 	dmb	sy
10001c3c:	780b      	ldrb	r3, [r1, #0]
10001c3e:	fa5f f883 	uxtb.w	r8, r3
10001c42:	f8dc 3000 	ldr.w	r3, [ip]
10001c46:	e8c3 ef8f 	stlb	lr, [r3]
10001c4a:	f380 8810 	msr	PRIMASK, r0
10001c4e:	7808      	ldrb	r0, [r1, #0]
10001c50:	4580      	cmp	r8, r0
10001c52:	d100      	bne.n	10001c56 <sleep_ms+0xde>
10001c54:	bf20      	wfe
10001c56:	bf20      	wfe
10001c58:	e7d5      	b.n	10001c06 <sleep_ms+0x8e>
10001c5a:	bf00      	nop
10001c5c:	100014f9 	.word	0x100014f9
10001c60:	20001358 	.word	0x20001358
10001c64:	400b0000 	.word	0x400b0000
10001c68:	20001fc2 	.word	0x20001fc2
10001c6c:	20001fa0 	.word	0x20001fa0

10001c70 <best_effort_wfe_or_timeout>:
10001c70:	b5f0      	push	{r4, r5, r6, r7, lr}
10001c72:	4602      	mov	r2, r0
10001c74:	b085      	sub	sp, #20
10001c76:	f3ef 8505 	mrs	r5, IPSR
10001c7a:	b2ed      	uxtb	r5, r5
10001c7c:	2d00      	cmp	r5, #0
10001c7e:	d161      	bne.n	10001d44 <best_effort_wfe_or_timeout+0xd4>
10001c80:	460b      	mov	r3, r1
10001c82:	4c42      	ldr	r4, [pc, #264]	@ (10001d8c <best_effort_wfe_or_timeout+0x11c>)
10001c84:	e9d4 0100 	ldrd	r0, r1, [r4]
10001c88:	4299      	cmp	r1, r3
10001c8a:	bf08      	it	eq
10001c8c:	4290      	cmpeq	r0, r2
10001c8e:	d04a      	beq.n	10001d26 <best_effort_wfe_or_timeout+0xb6>
10001c90:	e9cd 2302 	strd	r2, r3, [sp, #8]
10001c94:	4b3e      	ldr	r3, [pc, #248]	@ (10001d90 <best_effort_wfe_or_timeout+0x120>)
10001c96:	68df      	ldr	r7, [r3, #12]
10001c98:	781e      	ldrb	r6, [r3, #0]
10001c9a:	4638      	mov	r0, r7
10001c9c:	f000 f890 	bl	10001dc0 <timer_time_us_64>
10001ca0:	f106 0c04 	add.w	ip, r6, #4
10001ca4:	f857 c02c 	ldr.w	ip, [r7, ip, lsl #2]
10001ca8:	9a02      	ldr	r2, [sp, #8]
10001caa:	9b03      	ldr	r3, [sp, #12]
10001cac:	ebac 0c00 	sub.w	ip, ip, r0
10001cb0:	1a10      	subs	r0, r2, r0
10001cb2:	eb63 0101 	sbc.w	r1, r3, r1
10001cb6:	4560      	cmp	r0, ip
10001cb8:	f171 0100 	sbcs.w	r1, r1, #0
10001cbc:	da33      	bge.n	10001d26 <best_effort_wfe_or_timeout+0xb6>
10001cbe:	e9cd 2302 	strd	r2, r3, [sp, #8]
10001cc2:	f000 f885 	bl	10001dd0 <time_us_64>
10001cc6:	9a02      	ldr	r2, [sp, #8]
10001cc8:	9b03      	ldr	r3, [sp, #12]
10001cca:	4282      	cmp	r2, r0
10001ccc:	eb63 0101 	sbc.w	r1, r3, r1
10001cd0:	2900      	cmp	r1, #0
10001cd2:	db49      	blt.n	10001d68 <best_effort_wfe_or_timeout+0xf8>
10001cd4:	492f      	ldr	r1, [pc, #188]	@ (10001d94 <best_effort_wfe_or_timeout+0x124>)
10001cd6:	482e      	ldr	r0, [pc, #184]	@ (10001d90 <best_effort_wfe_or_timeout+0x120>)
10001cd8:	9100      	str	r1, [sp, #0]
10001cda:	9501      	str	r5, [sp, #4]
10001cdc:	e9cd 3202 	strd	r3, r2, [sp, #8]
10001ce0:	f7ff fea0 	bl	10001a24 <alarm_pool_add_alarm_at_force_in_context>
10001ce4:	e9dd 3202 	ldrd	r3, r2, [sp, #8]
10001ce8:	1e01      	subs	r1, r0, #0
10001cea:	dd3d      	ble.n	10001d68 <best_effort_wfe_or_timeout+0xf8>
10001cec:	482a      	ldr	r0, [pc, #168]	@ (10001d98 <best_effort_wfe_or_timeout+0x128>)
10001cee:	e9c4 2300 	strd	r2, r3, [r4]
10001cf2:	6a44      	ldr	r4, [r0, #36]	@ 0x24
10001cf4:	429c      	cmp	r4, r3
10001cf6:	d346      	bcc.n	10001d86 <best_effort_wfe_or_timeout+0x116>
10001cf8:	6a80      	ldr	r0, [r0, #40]	@ 0x28
10001cfa:	4290      	cmp	r0, r2
10001cfc:	d341      	bcc.n	10001d82 <best_effort_wfe_or_timeout+0x112>
10001cfe:	4824      	ldr	r0, [pc, #144]	@ (10001d90 <best_effort_wfe_or_timeout+0x120>)
10001d00:	e9cd 3202 	strd	r3, r2, [sp, #8]
10001d04:	f7ff fef4 	bl	10001af0 <alarm_pool_cancel_alarm>
10001d08:	4923      	ldr	r1, [pc, #140]	@ (10001d98 <best_effort_wfe_or_timeout+0x128>)
10001d0a:	9b02      	ldr	r3, [sp, #8]
10001d0c:	6a48      	ldr	r0, [r1, #36]	@ 0x24
10001d0e:	4298      	cmp	r0, r3
10001d10:	d31c      	bcc.n	10001d4c <best_effort_wfe_or_timeout+0xdc>
10001d12:	bf14      	ite	ne
10001d14:	2001      	movne	r0, #1
10001d16:	2000      	moveq	r0, #0
10001d18:	6a8b      	ldr	r3, [r1, #40]	@ 0x28
10001d1a:	9a03      	ldr	r2, [sp, #12]
10001d1c:	4293      	cmp	r3, r2
10001d1e:	bf28      	it	cs
10001d20:	f040 0001 	orrcs.w	r0, r0, #1
10001d24:	e00c      	b.n	10001d40 <best_effort_wfe_or_timeout+0xd0>
10001d26:	bf20      	wfe
10001d28:	491b      	ldr	r1, [pc, #108]	@ (10001d98 <best_effort_wfe_or_timeout+0x128>)
10001d2a:	6a48      	ldr	r0, [r1, #36]	@ 0x24
10001d2c:	4298      	cmp	r0, r3
10001d2e:	d30d      	bcc.n	10001d4c <best_effort_wfe_or_timeout+0xdc>
10001d30:	bf14      	ite	ne
10001d32:	2001      	movne	r0, #1
10001d34:	2000      	moveq	r0, #0
10001d36:	6a8b      	ldr	r3, [r1, #40]	@ 0x28
10001d38:	4293      	cmp	r3, r2
10001d3a:	bf28      	it	cs
10001d3c:	f040 0001 	orrcs.w	r0, r0, #1
10001d40:	b005      	add	sp, #20
10001d42:	bdf0      	pop	{r4, r5, r6, r7, pc}
10001d44:	4814      	ldr	r0, [pc, #80]	@ (10001d98 <best_effort_wfe_or_timeout+0x128>)
10001d46:	6a43      	ldr	r3, [r0, #36]	@ 0x24
10001d48:	428b      	cmp	r3, r1
10001d4a:	d202      	bcs.n	10001d52 <best_effort_wfe_or_timeout+0xe2>
10001d4c:	2000      	movs	r0, #0
10001d4e:	b005      	add	sp, #20
10001d50:	bdf0      	pop	{r4, r5, r6, r7, pc}
10001d52:	bf14      	ite	ne
10001d54:	2301      	movne	r3, #1
10001d56:	2300      	moveq	r3, #0
10001d58:	6a81      	ldr	r1, [r0, #40]	@ 0x28
10001d5a:	4291      	cmp	r1, r2
10001d5c:	bf34      	ite	cc
10001d5e:	4618      	movcc	r0, r3
10001d60:	f043 0001 	orrcs.w	r0, r3, #1
10001d64:	b005      	add	sp, #20
10001d66:	bdf0      	pop	{r4, r5, r6, r7, pc}
10001d68:	490b      	ldr	r1, [pc, #44]	@ (10001d98 <best_effort_wfe_or_timeout+0x128>)
10001d6a:	6a48      	ldr	r0, [r1, #36]	@ 0x24
10001d6c:	4298      	cmp	r0, r3
10001d6e:	d3ed      	bcc.n	10001d4c <best_effort_wfe_or_timeout+0xdc>
10001d70:	1ac0      	subs	r0, r0, r3
10001d72:	bf18      	it	ne
10001d74:	2001      	movne	r0, #1
10001d76:	6a8b      	ldr	r3, [r1, #40]	@ 0x28
10001d78:	4293      	cmp	r3, r2
10001d7a:	bf28      	it	cs
10001d7c:	f040 0001 	orrcs.w	r0, r0, #1
10001d80:	e7de      	b.n	10001d40 <best_effort_wfe_or_timeout+0xd0>
10001d82:	429c      	cmp	r4, r3
10001d84:	d1bb      	bne.n	10001cfe <best_effort_wfe_or_timeout+0x8e>
10001d86:	bf20      	wfe
10001d88:	e7b9      	b.n	10001cfe <best_effort_wfe_or_timeout+0x8e>
10001d8a:	bf00      	nop
10001d8c:	20001350 	.word	0x20001350
10001d90:	20001358 	.word	0x20001358
10001d94:	100014f9 	.word	0x100014f9
10001d98:	400b0000 	.word	0x400b0000

10001d9c <timer_hardware_alarm_claim>:
10001d9c:	b410      	push	{r4}
10001d9e:	4b05      	ldr	r3, [pc, #20]	@ (10001db4 <timer_hardware_alarm_claim+0x18>)
10001da0:	4c05      	ldr	r4, [pc, #20]	@ (10001db8 <timer_hardware_alarm_claim+0x1c>)
10001da2:	4a06      	ldr	r2, [pc, #24]	@ (10001dbc <timer_hardware_alarm_claim+0x20>)
10001da4:	42a0      	cmp	r0, r4
10001da6:	bf14      	ite	ne
10001da8:	4618      	movne	r0, r3
10001daa:	1c58      	addeq	r0, r3, #1
10001dac:	bc10      	pop	{r4}
10001dae:	f7ff b8b5 	b.w	10000f1c <hw_claim_or_assert>
10001db2:	bf00      	nop
10001db4:	20001830 	.word	0x20001830
10001db8:	400b8000 	.word	0x400b8000
10001dbc:	10006b38 	.word	0x10006b38

10001dc0 <timer_time_us_64>:
10001dc0:	4603      	mov	r3, r0
10001dc2:	6a41      	ldr	r1, [r0, #36]	@ 0x24
10001dc4:	460a      	mov	r2, r1
10001dc6:	6a98      	ldr	r0, [r3, #40]	@ 0x28
10001dc8:	6a59      	ldr	r1, [r3, #36]	@ 0x24
10001dca:	428a      	cmp	r2, r1
10001dcc:	d1fa      	bne.n	10001dc4 <timer_time_us_64+0x4>
10001dce:	4770      	bx	lr

10001dd0 <time_us_64>:
10001dd0:	4b03      	ldr	r3, [pc, #12]	@ (10001de0 <time_us_64+0x10>)
10001dd2:	6a59      	ldr	r1, [r3, #36]	@ 0x24
10001dd4:	460a      	mov	r2, r1
10001dd6:	6a98      	ldr	r0, [r3, #40]	@ 0x28
10001dd8:	6a59      	ldr	r1, [r3, #36]	@ 0x24
10001dda:	4291      	cmp	r1, r2
10001ddc:	d1fa      	bne.n	10001dd4 <time_us_64+0x4>
10001dde:	4770      	bx	lr
10001de0:	400b0000 	.word	0x400b0000

10001de4 <busy_wait_until>:
10001de4:	4a07      	ldr	r2, [pc, #28]	@ (10001e04 <busy_wait_until+0x20>)
10001de6:	6a53      	ldr	r3, [r2, #36]	@ 0x24
10001de8:	4299      	cmp	r1, r3
10001dea:	d8fc      	bhi.n	10001de6 <busy_wait_until+0x2>
10001dec:	4299      	cmp	r1, r3
10001dee:	d107      	bne.n	10001e00 <busy_wait_until+0x1c>
10001df0:	4b04      	ldr	r3, [pc, #16]	@ (10001e04 <busy_wait_until+0x20>)
10001df2:	e002      	b.n	10001dfa <busy_wait_until+0x16>
10001df4:	6a5a      	ldr	r2, [r3, #36]	@ 0x24
10001df6:	4291      	cmp	r1, r2
10001df8:	d102      	bne.n	10001e00 <busy_wait_until+0x1c>
10001dfa:	6a9a      	ldr	r2, [r3, #40]	@ 0x28
10001dfc:	4290      	cmp	r0, r2
10001dfe:	d8f9      	bhi.n	10001df4 <busy_wait_until+0x10>
10001e00:	4770      	bx	lr
10001e02:	bf00      	nop
10001e04:	400b0000 	.word	0x400b0000

10001e08 <clock_configure_undivided>:
10001e08:	eb00 0c40 	add.w	ip, r0, r0, lsl #1
10001e0c:	ea4f 0c8c 	mov.w	ip, ip, lsl #2
10001e10:	f10c 4c80 	add.w	ip, ip, #1073741824	@ 0x40000000
10001e14:	f50c 3c80 	add.w	ip, ip, #65536	@ 0x10000
10001e18:	b570      	push	{r4, r5, r6, lr}
10001e1a:	461e      	mov	r6, r3
10001e1c:	f8dc 3004 	ldr.w	r3, [ip, #4]
10001e20:	1f04      	subs	r4, r0, #4
10001e22:	f5b3 3f80 	cmp.w	r3, #65536	@ 0x10000
10001e26:	bf38      	it	cc
10001e28:	f44f 3380 	movcc.w	r3, #65536	@ 0x10000
10001e2c:	b2e4      	uxtb	r4, r4
10001e2e:	bf38      	it	cc
10001e30:	f8cc 3004 	strcc.w	r3, [ip, #4]
10001e34:	2c01      	cmp	r4, #1
10001e36:	d92e      	bls.n	10001e96 <clock_configure_undivided+0x8e>
10001e38:	f44f 6500 	mov.w	r5, #2048	@ 0x800
10001e3c:	4b28      	ldr	r3, [pc, #160]	@ (10001ee0 <clock_configure_undivided+0xd8>)
10001e3e:	f50c 5e40 	add.w	lr, ip, #12288	@ 0x3000
10001e42:	f8ce 5000 	str.w	r5, [lr]
10001e46:	f853 e020 	ldr.w	lr, [r3, r0, lsl #2]
10001e4a:	f1be 0f00 	cmp.w	lr, #0
10001e4e:	d117      	bne.n	10001e80 <clock_configure_undivided+0x78>
10001e50:	f8dc e000 	ldr.w	lr, [ip]
10001e54:	2c01      	cmp	r4, #1
10001e56:	ea8e 1242 	eor.w	r2, lr, r2, lsl #5
10001e5a:	f002 02e0 	and.w	r2, r2, #224	@ 0xe0
10001e5e:	f50c 5e80 	add.w	lr, ip, #4096	@ 0x1000
10001e62:	f8ce 2000 	str.w	r2, [lr]
10001e66:	d92b      	bls.n	10001ec0 <clock_configure_undivided+0xb8>
10001e68:	f44f 6100 	mov.w	r1, #2048	@ 0x800
10001e6c:	f843 6020 	str.w	r6, [r3, r0, lsl #2]
10001e70:	f44f 3380 	mov.w	r3, #65536	@ 0x10000
10001e74:	f50c 5200 	add.w	r2, ip, #8192	@ 0x2000
10001e78:	6011      	str	r1, [r2, #0]
10001e7a:	f8cc 3004 	str.w	r3, [ip, #4]
10001e7e:	bd70      	pop	{r4, r5, r6, pc}
10001e80:	695d      	ldr	r5, [r3, #20]
10001e82:	fbb5 fefe 	udiv	lr, r5, lr
10001e86:	f10e 0e01 	add.w	lr, lr, #1
10001e8a:	eb0e 0e4e 	add.w	lr, lr, lr, lsl #1
10001e8e:	f1be 0e03 	subs.w	lr, lr, #3
10001e92:	d2fc      	bcs.n	10001e8e <clock_configure_undivided+0x86>
10001e94:	e7dc      	b.n	10001e50 <clock_configure_undivided+0x48>
10001e96:	2901      	cmp	r1, #1
10001e98:	d1ce      	bne.n	10001e38 <clock_configure_undivided+0x30>
10001e9a:	2403      	movs	r4, #3
10001e9c:	f50c 5340 	add.w	r3, ip, #12288	@ 0x3000
10001ea0:	601c      	str	r4, [r3, #0]
10001ea2:	f8dc 3008 	ldr.w	r3, [ip, #8]
10001ea6:	07db      	lsls	r3, r3, #31
10001ea8:	d5fb      	bpl.n	10001ea2 <clock_configure_undivided+0x9a>
10001eaa:	f8dc 3000 	ldr.w	r3, [ip]
10001eae:	f50c 5e80 	add.w	lr, ip, #4096	@ 0x1000
10001eb2:	ea83 1342 	eor.w	r3, r3, r2, lsl #5
10001eb6:	f003 03e0 	and.w	r3, r3, #224	@ 0xe0
10001eba:	f8ce 3000 	str.w	r3, [lr]
10001ebe:	4b08      	ldr	r3, [pc, #32]	@ (10001ee0 <clock_configure_undivided+0xd8>)
10001ec0:	2201      	movs	r2, #1
10001ec2:	f8dc 4000 	ldr.w	r4, [ip]
10001ec6:	404c      	eors	r4, r1
10001ec8:	f004 0403 	and.w	r4, r4, #3
10001ecc:	f8ce 4000 	str.w	r4, [lr]
10001ed0:	fa02 f101 	lsl.w	r1, r2, r1
10001ed4:	f8dc 2008 	ldr.w	r2, [ip, #8]
10001ed8:	420a      	tst	r2, r1
10001eda:	d0fb      	beq.n	10001ed4 <clock_configure_undivided+0xcc>
10001edc:	e7c4      	b.n	10001e68 <clock_configure_undivided+0x60>
10001ede:	bf00      	nop
10001ee0:	20001834 	.word	0x20001834

10001ee4 <clock_get_hz>:
10001ee4:	4b01      	ldr	r3, [pc, #4]	@ (10001eec <clock_get_hz+0x8>)
10001ee6:	f853 0020 	ldr.w	r0, [r3, r0, lsl #2]
10001eea:	4770      	bx	lr
10001eec:	20001834 	.word	0x20001834

10001ef0 <pll_init>:
10001ef0:	b510      	push	{r4, lr}
10001ef2:	9c02      	ldr	r4, [sp, #8]
10001ef4:	468e      	mov	lr, r1
10001ef6:	ea4f 3c04 	mov.w	ip, r4, lsl #12
10001efa:	ea4c 4c03 	orr.w	ip, ip, r3, lsl #16
10001efe:	4b1c      	ldr	r3, [pc, #112]	@ (10001f70 <pll_init+0x80>)
10001f00:	fbb3 f3f1 	udiv	r3, r3, r1
10001f04:	6801      	ldr	r1, [r0, #0]
10001f06:	fbb2 f4f3 	udiv	r4, r2, r3
10001f0a:	2900      	cmp	r1, #0
10001f0c:	db20      	blt.n	10001f50 <pll_init+0x60>
10001f0e:	4a19      	ldr	r2, [pc, #100]	@ (10001f74 <pll_init+0x84>)
10001f10:	4b19      	ldr	r3, [pc, #100]	@ (10001f78 <pll_init+0x88>)
10001f12:	4290      	cmp	r0, r2
10001f14:	bf14      	ite	ne
10001f16:	f44f 4280 	movne.w	r2, #16384	@ 0x4000
10001f1a:	f44f 4200 	moveq.w	r2, #32768	@ 0x8000
10001f1e:	4917      	ldr	r1, [pc, #92]	@ (10001f7c <pll_init+0x8c>)
10001f20:	601a      	str	r2, [r3, #0]
10001f22:	f503 5380 	add.w	r3, r3, #4096	@ 0x1000
10001f26:	601a      	str	r2, [r3, #0]
10001f28:	688b      	ldr	r3, [r1, #8]
10001f2a:	ea32 0303 	bics.w	r3, r2, r3
10001f2e:	d1fb      	bne.n	10001f28 <pll_init+0x38>
10001f30:	2221      	movs	r2, #33	@ 0x21
10001f32:	f500 5340 	add.w	r3, r0, #12288	@ 0x3000
10001f36:	3304      	adds	r3, #4
10001f38:	f8c0 e000 	str.w	lr, [r0]
10001f3c:	6084      	str	r4, [r0, #8]
10001f3e:	601a      	str	r2, [r3, #0]
10001f40:	6802      	ldr	r2, [r0, #0]
10001f42:	2a00      	cmp	r2, #0
10001f44:	dafc      	bge.n	10001f40 <pll_init+0x50>
10001f46:	2208      	movs	r2, #8
10001f48:	f8c0 c00c 	str.w	ip, [r0, #12]
10001f4c:	601a      	str	r2, [r3, #0]
10001f4e:	bd10      	pop	{r4, pc}
10001f50:	6803      	ldr	r3, [r0, #0]
10001f52:	f003 033f 	and.w	r3, r3, #63	@ 0x3f
10001f56:	4573      	cmp	r3, lr
10001f58:	d1d9      	bne.n	10001f0e <pll_init+0x1e>
10001f5a:	6883      	ldr	r3, [r0, #8]
10001f5c:	f3c3 030b 	ubfx	r3, r3, #0, #12
10001f60:	42a3      	cmp	r3, r4
10001f62:	d1d4      	bne.n	10001f0e <pll_init+0x1e>
10001f64:	68c3      	ldr	r3, [r0, #12]
10001f66:	f403 23ee 	and.w	r3, r3, #487424	@ 0x77000
10001f6a:	4563      	cmp	r3, ip
10001f6c:	d1cf      	bne.n	10001f0e <pll_init+0x1e>
10001f6e:	bd10      	pop	{r4, pc}
10001f70:	00b71b00 	.word	0x00b71b00
10001f74:	40058000 	.word	0x40058000
10001f78:	40022000 	.word	0x40022000
10001f7c:	40020000 	.word	0x40020000

10001f80 <watchdog_reboot>:
10001f80:	f04f 4c80 	mov.w	ip, #1073741824	@ 0x40000000
10001f84:	4b21      	ldr	r3, [pc, #132]	@ (1000200c <watchdog_reboot+0x8c>)
10001f86:	b500      	push	{lr}
10001f88:	f8c3 c000 	str.w	ip, [r3]
10001f8c:	2800      	cmp	r0, #0
10001f8e:	d039      	beq.n	10002004 <watchdog_reboot+0x84>
10001f90:	f8df c088 	ldr.w	ip, [pc, #136]	@ 1000201c <watchdog_reboot+0x9c>
10001f94:	f5a3 5340 	sub.w	r3, r3, #12288	@ 0x3000
10001f98:	f8c3 c01c 	str.w	ip, [r3, #28]
10001f9c:	f8df c080 	ldr.w	ip, [pc, #128]	@ 10002020 <watchdog_reboot+0xa0>
10001fa0:	f040 0001 	orr.w	r0, r0, #1
10001fa4:	ea80 0c0c 	eor.w	ip, r0, ip
10001fa8:	f8c3 c020 	str.w	ip, [r3, #32]
10001fac:	6259      	str	r1, [r3, #36]	@ 0x24
10001fae:	6298      	str	r0, [r3, #40]	@ 0x28
10001fb0:	f04f 4e80 	mov.w	lr, #1073741824	@ 0x40000000
10001fb4:	f04f 61e0 	mov.w	r1, #117440512	@ 0x7000000
10001fb8:	4b14      	ldr	r3, [pc, #80]	@ (1000200c <watchdog_reboot+0x8c>)
10001fba:	4815      	ldr	r0, [pc, #84]	@ (10002010 <watchdog_reboot+0x90>)
10001fbc:	f8df c064 	ldr.w	ip, [pc, #100]	@ 10002024 <watchdog_reboot+0xa4>
10001fc0:	f8c3 e000 	str.w	lr, [r3]
10001fc4:	f8c0 c008 	str.w	ip, [r0, #8]
10001fc8:	6019      	str	r1, [r3, #0]
10001fca:	b92a      	cbnz	r2, 10001fd8 <watchdog_reboot+0x58>
10001fcc:	f04f 4200 	mov.w	r2, #2147483648	@ 0x80000000
10001fd0:	f5a3 5380 	sub.w	r3, r3, #4096	@ 0x1000
10001fd4:	601a      	str	r2, [r3, #0]
10001fd6:	bd00      	pop	{pc}
10001fd8:	f44f 737a 	mov.w	r3, #1000	@ 0x3e8
10001fdc:	fb03 f202 	mul.w	r2, r3, r2
10001fe0:	f1b2 7f80 	cmp.w	r2, #16777216	@ 0x1000000
10001fe4:	bf2a      	itet	cs
10001fe6:	f06f 437f 	mvncs.w	r3, #4278190080	@ 0xff000000
10001fea:	4613      	movcc	r3, r2
10001fec:	461a      	movcs	r2, r3
10001fee:	f04f 4180 	mov.w	r1, #1073741824	@ 0x40000000
10001ff2:	f8df c034 	ldr.w	ip, [pc, #52]	@ 10002028 <watchdog_reboot+0xa8>
10001ff6:	4807      	ldr	r0, [pc, #28]	@ (10002014 <watchdog_reboot+0x94>)
10001ff8:	f8cc 3000 	str.w	r3, [ip]
10001ffc:	4b06      	ldr	r3, [pc, #24]	@ (10002018 <watchdog_reboot+0x98>)
10001ffe:	6042      	str	r2, [r0, #4]
10002000:	6019      	str	r1, [r3, #0]
10002002:	bd00      	pop	{pc}
10002004:	4b03      	ldr	r3, [pc, #12]	@ (10002014 <watchdog_reboot+0x94>)
10002006:	61d8      	str	r0, [r3, #28]
10002008:	e7d2      	b.n	10001fb0 <watchdog_reboot+0x30>
1000200a:	bf00      	nop
1000200c:	400db000 	.word	0x400db000
10002010:	4001a000 	.word	0x4001a000
10002014:	400d8000 	.word	0x400d8000
10002018:	400da000 	.word	0x400da000
1000201c:	b007c0d3 	.word	0xb007c0d3
10002020:	4ff83f2d 	.word	0x4ff83f2d
10002024:	01fffff3 	.word	0x01fffff3
10002028:	20001de8 	.word	0x20001de8

1000202c <tick_start>:
1000202c:	2301      	movs	r3, #1
1000202e:	eb00 0040 	add.w	r0, r0, r0, lsl #1
10002032:	0080      	lsls	r0, r0, #2
10002034:	f100 4080 	add.w	r0, r0, #1073741824	@ 0x40000000
10002038:	f500 1084 	add.w	r0, r0, #1081344	@ 0x108000
1000203c:	6041      	str	r1, [r0, #4]
1000203e:	6003      	str	r3, [r0, #0]
10002040:	4770      	bx	lr
10002042:	bf00      	nop

10002044 <rom_reboot.constprop.0.isra.0>:
10002044:	b510      	push	{r4, lr}
10002046:	2400      	movs	r4, #0
10002048:	b082      	sub	sp, #8
1000204a:	460b      	mov	r3, r1
1000204c:	8ae4      	ldrh	r4, [r4, #22]
1000204e:	2100      	movs	r1, #0
10002050:	e841 f100 	tt	r1, r1
10002054:	e9cd 0300 	strd	r0, r3, [sp]
10002058:	024b      	lsls	r3, r1, #9
1000205a:	bf54      	ite	pl
1000205c:	2110      	movpl	r1, #16
1000205e:	2104      	movmi	r1, #4
10002060:	f244 2052 	movw	r0, #16978	@ 0x4252
10002064:	47a0      	blx	r4
10002066:	e9dd 2300 	ldrd	r2, r3, [sp]
1000206a:	4686      	mov	lr, r0
1000206c:	210a      	movs	r1, #10
1000206e:	f44f 7081 	mov.w	r0, #258	@ 0x102
10002072:	46f4      	mov	ip, lr
10002074:	b002      	add	sp, #8
10002076:	e8bd 4010 	ldmia.w	sp!, {r4, lr}
1000207a:	4760      	bx	ip

1000207c <rom_func_lookup>:
1000207c:	2300      	movs	r3, #0
1000207e:	8adb      	ldrh	r3, [r3, #22]
10002080:	2200      	movs	r2, #0
10002082:	e842 f200 	tt	r2, r2
10002086:	0252      	lsls	r2, r2, #9
10002088:	d401      	bmi.n	1000208e <rom_func_lookup+0x12>
1000208a:	2110      	movs	r1, #16
1000208c:	4718      	bx	r3
1000208e:	2104      	movs	r1, #4
10002090:	4718      	bx	r3
10002092:	bf00      	nop

10002094 <rom_reset_usb_boot_extra>:
10002094:	b508      	push	{r3, lr}
10002096:	4603      	mov	r3, r0
10002098:	4608      	mov	r0, r1
1000209a:	1e19      	subs	r1, r3, #0
1000209c:	db02      	blt.n	100020a4 <rom_reset_usb_boot_extra+0x10>
1000209e:	b11a      	cbz	r2, 100020a8 <rom_reset_usb_boot_extra+0x14>
100020a0:	f040 0030 	orr.w	r0, r0, #48	@ 0x30
100020a4:	f7ff ffce 	bl	10002044 <rom_reboot.constprop.0.isra.0>
100020a8:	f040 0020 	orr.w	r0, r0, #32
100020ac:	e7fa      	b.n	100020a4 <rom_reset_usb_boot_extra+0x10>
100020ae:	bf00      	nop

100020b0 <runtime_init_bootrom_locking_enable>:
100020b0:	4a03      	ldr	r2, [pc, #12]	@ (100020c0 <runtime_init_bootrom_locking_enable+0x10>)
100020b2:	f8d2 3828 	ldr.w	r3, [r2, #2088]	@ 0x828
100020b6:	2b00      	cmp	r3, #0
100020b8:	d0fb      	beq.n	100020b2 <runtime_init_bootrom_locking_enable+0x2>
100020ba:	f3bf 8f5f 	dmb	sy
100020be:	4770      	bx	lr
100020c0:	400e0000 	.word	0x400e0000

100020c4 <runtime_init_boot_locks_reset>:
100020c4:	2100      	movs	r1, #0
100020c6:	4b04      	ldr	r3, [pc, #16]	@ (100020d8 <runtime_init_boot_locks_reset+0x14>)
100020c8:	4a04      	ldr	r2, [pc, #16]	@ (100020dc <runtime_init_boot_locks_reset+0x18>)
100020ca:	f3bf 8f5f 	dmb	sy
100020ce:	f843 1b04 	str.w	r1, [r3], #4
100020d2:	4293      	cmp	r3, r2
100020d4:	d1f9      	bne.n	100020ca <runtime_init_boot_locks_reset+0x6>
100020d6:	4770      	bx	lr
100020d8:	400e080c 	.word	0x400e080c
100020dc:	400e082c 	.word	0x400e082c

100020e0 <xosc_init>:
100020e0:	f44f 6c2a 	mov.w	ip, #2720	@ 0xaa0
100020e4:	f44f 708d 	mov.w	r0, #282	@ 0x11a
100020e8:	4a05      	ldr	r2, [pc, #20]	@ (10002100 <xosc_init+0x20>)
100020ea:	4b06      	ldr	r3, [pc, #24]	@ (10002104 <xosc_init+0x24>)
100020ec:	4906      	ldr	r1, [pc, #24]	@ (10002108 <xosc_init+0x28>)
100020ee:	f8c2 c000 	str.w	ip, [r2]
100020f2:	60d0      	str	r0, [r2, #12]
100020f4:	6019      	str	r1, [r3, #0]
100020f6:	6853      	ldr	r3, [r2, #4]
100020f8:	2b00      	cmp	r3, #0
100020fa:	dafc      	bge.n	100020f6 <xosc_init+0x16>
100020fc:	4770      	bx	lr
100020fe:	bf00      	nop
10002100:	40048000 	.word	0x40048000
10002104:	4004a000 	.word	0x4004a000
10002108:	00fab000 	.word	0x00fab000

1000210c <first_per_core_initializer>:
1000210c:	4770      	bx	lr
1000210e:	bf00      	nop

10002110 <hard_assertion_failure>:
10002110:	b508      	push	{r3, lr}
10002112:	4801      	ldr	r0, [pc, #4]	@ (10002118 <hard_assertion_failure+0x8>)
10002114:	f7fe feea 	bl	10000eec <panic>
10002118:	10006b5c 	.word	0x10006b5c

1000211c <runtime_run_initializers>:
1000211c:	b538      	push	{r3, r4, r5, lr}
1000211e:	4c05      	ldr	r4, [pc, #20]	@ (10002134 <runtime_run_initializers+0x18>)
10002120:	4d05      	ldr	r5, [pc, #20]	@ (10002138 <runtime_run_initializers+0x1c>)
10002122:	42ac      	cmp	r4, r5
10002124:	d204      	bcs.n	10002130 <runtime_run_initializers+0x14>
10002126:	f854 3b04 	ldr.w	r3, [r4], #4
1000212a:	4798      	blx	r3
1000212c:	42ac      	cmp	r4, r5
1000212e:	d3fa      	bcc.n	10002126 <runtime_run_initializers+0xa>
10002130:	bd38      	pop	{r3, r4, r5, pc}
10002132:	bf00      	nop
10002134:	10006560 	.word	0x10006560
10002138:	100065a0 	.word	0x100065a0

1000213c <runtime_init_early_resets>:
1000213c:	4806      	ldr	r0, [pc, #24]	@ (10002158 <runtime_init_early_resets+0x1c>)
1000213e:	f8df c028 	ldr.w	ip, [pc, #40]	@ 10002168 <runtime_init_early_resets+0x2c>
10002142:	4b06      	ldr	r3, [pc, #24]	@ (1000215c <runtime_init_early_resets+0x20>)
10002144:	4a06      	ldr	r2, [pc, #24]	@ (10002160 <runtime_init_early_resets+0x24>)
10002146:	4907      	ldr	r1, [pc, #28]	@ (10002164 <runtime_init_early_resets+0x28>)
10002148:	f8c0 c000 	str.w	ip, [r0]
1000214c:	601a      	str	r2, [r3, #0]
1000214e:	688b      	ldr	r3, [r1, #8]
10002150:	ea32 0303 	bics.w	r3, r2, r3
10002154:	d1fb      	bne.n	1000214e <runtime_init_early_resets+0x12>
10002156:	4770      	bx	lr
10002158:	40022000 	.word	0x40022000
1000215c:	40023000 	.word	0x40023000
10002160:	03f3fff6 	.word	0x03f3fff6
10002164:	40020000 	.word	0x40020000
10002168:	efef3b7f 	.word	0xefef3b7f

1000216c <runtime_init_usb_power_down>:
1000216c:	4b04      	ldr	r3, [pc, #16]	@ (10002180 <runtime_init_usb_power_down+0x14>)
1000216e:	6cdb      	ldr	r3, [r3, #76]	@ 0x4c
10002170:	f5b3 4f00 	cmp.w	r3, #32768	@ 0x8000
10002174:	d103      	bne.n	1000217e <runtime_init_usb_power_down+0x12>
10002176:	f44f 2280 	mov.w	r2, #262144	@ 0x40000
1000217a:	4b02      	ldr	r3, [pc, #8]	@ (10002184 <runtime_init_usb_power_down+0x18>)
1000217c:	64da      	str	r2, [r3, #76]	@ 0x4c
1000217e:	4770      	bx	lr
10002180:	50110000 	.word	0x50110000
10002184:	50112000 	.word	0x50112000

10002188 <runtime_init_per_core_enable_coprocessors>:
10002188:	f04f 22e0 	mov.w	r2, #3758153728	@ 0xe000e000
1000218c:	4b04      	ldr	r3, [pc, #16]	@ (100021a0 <runtime_init_per_core_enable_coprocessors+0x18>)
1000218e:	f8d2 1d88 	ldr.w	r1, [r2, #3464]	@ 0xd88
10002192:	430b      	orrs	r3, r1
10002194:	f8c2 3d88 	str.w	r3, [r2, #3464]	@ 0xd88
10002198:	ee10 0430 			dcp_rcmp r0
1000219c:	4770      	bx	lr
1000219e:	bf00      	nop
100021a0:	00300303 	.word	0x00300303

100021a4 <runtime_init_post_clock_resets>:
100021a4:	f06f 4160 	mvn.w	r1, #3758096384	@ 0xe0000000
100021a8:	4b04      	ldr	r3, [pc, #16]	@ (100021bc <runtime_init_post_clock_resets+0x18>)
100021aa:	4a05      	ldr	r2, [pc, #20]	@ (100021c0 <runtime_init_post_clock_resets+0x1c>)
100021ac:	6019      	str	r1, [r3, #0]
100021ae:	6893      	ldr	r3, [r2, #8]
100021b0:	43db      	mvns	r3, r3
100021b2:	f033 4360 	bics.w	r3, r3, #3758096384	@ 0xe0000000
100021b6:	d1fa      	bne.n	100021ae <runtime_init_post_clock_resets+0xa>
100021b8:	4770      	bx	lr
100021ba:	bf00      	nop
100021bc:	40023000 	.word	0x40023000
100021c0:	40020000 	.word	0x40020000

100021c4 <runtime_init_bootrom_reset>:
100021c4:	b510      	push	{r4, lr}
100021c6:	f245 2053 	movw	r0, #21075	@ 0x5253
100021ca:	f7ff ff57 	bl	1000207c <rom_func_lookup>
100021ce:	e8bd 4010 	ldmia.w	sp!, {r4, lr}
100021d2:	4603      	mov	r3, r0
100021d4:	2004      	movs	r0, #4
100021d6:	4718      	bx	r3

100021d8 <runtime_init_per_core_bootrom_reset>:
100021d8:	b510      	push	{r4, lr}
100021da:	f245 2053 	movw	r0, #21075	@ 0x5253
100021de:	f7ff ff4d 	bl	1000207c <rom_func_lookup>
100021e2:	e8bd 4010 	ldmia.w	sp!, {r4, lr}
100021e6:	4603      	mov	r3, r0
100021e8:	2001      	movs	r0, #1
100021ea:	4718      	bx	r3

100021ec <runtime_init_spin_locks_reset>:
100021ec:	f7fe bf2a 	b.w	10001044 <spin_locks_reset>

100021f0 <runtime_init_install_ram_vector_table>:
100021f0:	4913      	ldr	r1, [pc, #76]	@ (10002240 <runtime_init_install_ram_vector_table+0x50>)
100021f2:	4b14      	ldr	r3, [pc, #80]	@ (10002244 <runtime_init_install_ram_vector_table+0x54>)
100021f4:	b570      	push	{r4, r5, r6, lr}
100021f6:	1a5c      	subs	r4, r3, r1
100021f8:	08a5      	lsrs	r5, r4, #2
100021fa:	2d44      	cmp	r5, #68	@ 0x44
100021fc:	462a      	mov	r2, r5
100021fe:	bf28      	it	cs
10002200:	2244      	movcs	r2, #68	@ 0x44
10002202:	4e11      	ldr	r6, [pc, #68]	@ (10002248 <runtime_init_install_ram_vector_table+0x58>)
10002204:	0092      	lsls	r2, r2, #2
10002206:	4630      	mov	r0, r6
10002208:	f004 f98a 	bl	10006520 <__memcpy_veneer>
1000220c:	2d43      	cmp	r5, #67	@ 0x43
1000220e:	d813      	bhi.n	10002238 <runtime_init_install_ram_vector_table+0x48>
10002210:	4a0e      	ldr	r2, [pc, #56]	@ (1000224c <runtime_init_install_ram_vector_table+0x5c>)
10002212:	d00f      	beq.n	10002234 <runtime_init_install_ram_vector_table+0x44>
10002214:	f1c5 0044 	rsb	r0, r5, #68	@ 0x44
10002218:	1933      	adds	r3, r6, r4
1000221a:	0841      	lsrs	r1, r0, #1
1000221c:	eb03 01c1 	add.w	r1, r3, r1, lsl #3
10002220:	e9c3 2200 	strd	r2, r2, [r3]
10002224:	3308      	adds	r3, #8
10002226:	428b      	cmp	r3, r1
10002228:	d1fa      	bne.n	10002220 <runtime_init_install_ram_vector_table+0x30>
1000222a:	07c3      	lsls	r3, r0, #31
1000222c:	d504      	bpl.n	10002238 <runtime_init_install_ram_vector_table+0x48>
1000222e:	f020 0001 	bic.w	r0, r0, #1
10002232:	4405      	add	r5, r0
10002234:	f846 2025 	str.w	r2, [r6, r5, lsl #2]
10002238:	4b05      	ldr	r3, [pc, #20]	@ (10002250 <runtime_init_install_ram_vector_table+0x60>)
1000223a:	609e      	str	r6, [r3, #8]
1000223c:	bd70      	pop	{r4, r5, r6, pc}
1000223e:	bf00      	nop
10002240:	10000000 	.word	0x10000000
10002244:	10000110 	.word	0x10000110
10002248:	20000000 	.word	0x20000000
1000224c:	10000111 	.word	0x10000111
10002250:	e000ed00 	.word	0xe000ed00

10002254 <runtime_init_clocks>:
10002254:	2300      	movs	r3, #0
10002256:	b570      	push	{r4, r5, r6, lr}
10002258:	4c2b      	ldr	r4, [pc, #172]	@ (10002308 <runtime_init_clocks+0xb4>)
1000225a:	b082      	sub	sp, #8
1000225c:	f8c4 3084 	str.w	r3, [r4, #132]	@ 0x84
10002260:	f7ff ff3e 	bl	100020e0 <xosc_init>
10002264:	2201      	movs	r2, #1
10002266:	4b29      	ldr	r3, [pc, #164]	@ (1000230c <runtime_init_clocks+0xb8>)
10002268:	63da      	str	r2, [r3, #60]	@ 0x3c
1000226a:	6c63      	ldr	r3, [r4, #68]	@ 0x44
1000226c:	2b01      	cmp	r3, #1
1000226e:	d1fc      	bne.n	1000226a <runtime_init_clocks+0x16>
10002270:	2103      	movs	r1, #3
10002272:	4a26      	ldr	r2, [pc, #152]	@ (1000230c <runtime_init_clocks+0xb8>)
10002274:	4b24      	ldr	r3, [pc, #144]	@ (10002308 <runtime_init_clocks+0xb4>)
10002276:	6311      	str	r1, [r2, #48]	@ 0x30
10002278:	6b9c      	ldr	r4, [r3, #56]	@ 0x38
1000227a:	2c01      	cmp	r4, #1
1000227c:	d1fc      	bne.n	10002278 <runtime_init_clocks+0x24>
1000227e:	2602      	movs	r6, #2
10002280:	2505      	movs	r5, #5
10002282:	4621      	mov	r1, r4
10002284:	2305      	movs	r3, #5
10002286:	4a22      	ldr	r2, [pc, #136]	@ (10002310 <runtime_init_clocks+0xbc>)
10002288:	4822      	ldr	r0, [pc, #136]	@ (10002314 <runtime_init_clocks+0xc0>)
1000228a:	9600      	str	r6, [sp, #0]
1000228c:	f7ff fe30 	bl	10001ef0 <pll_init>
10002290:	4621      	mov	r1, r4
10002292:	462b      	mov	r3, r5
10002294:	4a20      	ldr	r2, [pc, #128]	@ (10002318 <runtime_init_clocks+0xc4>)
10002296:	4821      	ldr	r0, [pc, #132]	@ (1000231c <runtime_init_clocks+0xc8>)
10002298:	9500      	str	r5, [sp, #0]
1000229a:	f7ff fe29 	bl	10001ef0 <pll_init>
1000229e:	2200      	movs	r2, #0
100022a0:	2004      	movs	r0, #4
100022a2:	4631      	mov	r1, r6
100022a4:	4b1e      	ldr	r3, [pc, #120]	@ (10002320 <runtime_init_clocks+0xcc>)
100022a6:	f7ff fdaf 	bl	10001e08 <clock_configure_undivided>
100022aa:	4621      	mov	r1, r4
100022ac:	4628      	mov	r0, r5
100022ae:	2200      	movs	r2, #0
100022b0:	4b1c      	ldr	r3, [pc, #112]	@ (10002324 <runtime_init_clocks+0xd0>)
100022b2:	f7ff fda9 	bl	10001e08 <clock_configure_undivided>
100022b6:	2200      	movs	r2, #0
100022b8:	2008      	movs	r0, #8
100022ba:	4611      	mov	r1, r2
100022bc:	4b1a      	ldr	r3, [pc, #104]	@ (10002328 <runtime_init_clocks+0xd4>)
100022be:	f7ff fda3 	bl	10001e08 <clock_configure_undivided>
100022c2:	2200      	movs	r2, #0
100022c4:	2009      	movs	r0, #9
100022c6:	4611      	mov	r1, r2
100022c8:	4b17      	ldr	r3, [pc, #92]	@ (10002328 <runtime_init_clocks+0xd4>)
100022ca:	f7ff fd9d 	bl	10001e08 <clock_configure_undivided>
100022ce:	2200      	movs	r2, #0
100022d0:	2006      	movs	r0, #6
100022d2:	4611      	mov	r1, r2
100022d4:	4b13      	ldr	r3, [pc, #76]	@ (10002324 <runtime_init_clocks+0xd0>)
100022d6:	f7ff fd97 	bl	10001e08 <clock_configure_undivided>
100022da:	2200      	movs	r2, #0
100022dc:	4b11      	ldr	r3, [pc, #68]	@ (10002324 <runtime_init_clocks+0xd0>)
100022de:	2007      	movs	r0, #7
100022e0:	4611      	mov	r1, r2
100022e2:	f7ff fd91 	bl	10001e08 <clock_configure_undivided>
100022e6:	2004      	movs	r0, #4
100022e8:	f7ff fdfc 	bl	10001ee4 <clock_get_hz>
100022ec:	2400      	movs	r4, #0
100022ee:	4b0f      	ldr	r3, [pc, #60]	@ (1000232c <runtime_init_clocks+0xd8>)
100022f0:	fba3 3500 	umull	r3, r5, r3, r0
100022f4:	0cad      	lsrs	r5, r5, #18
100022f6:	b2e0      	uxtb	r0, r4
100022f8:	4629      	mov	r1, r5
100022fa:	3401      	adds	r4, #1
100022fc:	f7ff fe96 	bl	1000202c <tick_start>
10002300:	2c06      	cmp	r4, #6
10002302:	d1f8      	bne.n	100022f6 <runtime_init_clocks+0xa2>
10002304:	b002      	add	sp, #8
10002306:	bd70      	pop	{r4, r5, r6, pc}
10002308:	40010000 	.word	0x40010000
1000230c:	40013000 	.word	0x40013000
10002310:	59682f00 	.word	0x59682f00
10002314:	40050000 	.word	0x40050000
10002318:	47868c00 	.word	0x47868c00
1000231c:	40058000 	.word	0x40058000
10002320:	00b71b00 	.word	0x00b71b00
10002324:	08f0d180 	.word	0x08f0d180
10002328:	02dc6c00 	.word	0x02dc6c00
1000232c:	431bde83 	.word	0x431bde83

10002330 <generic_save_state>:
10002330:	b086      	sub	sp, #24
10002332:	b403      	push	{r0, r1}
10002334:	fc51 0408 	dcp_pxmd r0, r1
10002338:	e9cd 0102 	strd	r0, r1, [sp, #8]
1000233c:	fc51 0409 	dcp_pymd r0, r1
10002340:	e9cd 0104 	strd	r0, r1, [sp, #16]
10002344:	ec51 040a 	dcp_refd r0, r1
10002348:	e9cd 0106 	strd	r0, r1, [sp, #24]
1000234c:	bc03      	pop	{r0, r1}
1000234e:	47f0      	blx	lr

10002350 <generic_restore_state>:
10002350:	e8bd 5000 	ldmia.w	sp!, {ip, lr}
10002354:	ec4e c400 	dcp_wxmd ip, lr
10002358:	e8bd 5000 	ldmia.w	sp!, {ip, lr}
1000235c:	ec4e c401 	dcp_wymd ip, lr
10002360:	e8bd 5000 	ldmia.w	sp!, {ip, lr}
10002364:	ec4e c402 	dcp_wefd ip, lr
10002368:	bd00      	pop	{pc}
1000236a:	0000      	movs	r0, r0
1000236c:	b500      	push	{lr}
1000236e:	f7ff ffdf 	bl	10002330 <generic_save_state>
10002372:	e002      	b.n	1000237a <__wrap___aeabi_dadd+0x6>

10002374 <__wrap___aeabi_dadd>:
10002374:	fe10 f430 	dcp_pcmp APSR_nzcv
10002378:	d4f8      	bmi.n	1000236c <generic_restore_state+0x1c>
1000237a:	ec41 0410 	dcp_wxup r0, r1
1000237e:	ec43 2411 	dcp_wyup r2, r3
10002382:	ee00 0401 			dcp_add0
10002386:	ee10 0401 			dcp_add1
1000238a:	ee80 0420 			dcp_nrdd
1000238e:	ec51 0410 	dcp_rdda r0, r1
10002392:	4770      	bx	lr
10002394:	b500      	push	{lr}
10002396:	f7ff ffcb 	bl	10002330 <generic_save_state>
1000239a:	e002      	b.n	100023a2 <__wrap___aeabi_dsub+0x6>

1000239c <__wrap___aeabi_dsub>:
1000239c:	fe10 f430 	dcp_pcmp APSR_nzcv
100023a0:	d4f8      	bmi.n	10002394 <__wrap___aeabi_dadd+0x20>
100023a2:	ec41 0410 	dcp_wxup r0, r1
100023a6:	ec43 2411 	dcp_wyup r2, r3
100023aa:	ee00 0401 			dcp_add0
100023ae:	ee10 0421 			dcp_sub1
100023b2:	ee80 0420 			dcp_nrdd
100023b6:	ec51 0430 	dcp_rdds r0, r1
100023ba:	4770      	bx	lr
100023bc:	b500      	push	{lr}
100023be:	f7ff ffb7 	bl	10002330 <generic_save_state>
100023c2:	e002      	b.n	100023ca <__wrap___aeabi_dmul+0x6>

100023c4 <__wrap___aeabi_dmul>:
100023c4:	fe10 f430 	dcp_pcmp APSR_nzcv
100023c8:	d4f8      	bmi.n	100023bc <__wrap___aeabi_dsub+0x20>
100023ca:	b510      	push	{r4, lr}
100023cc:	ec41 0410 	dcp_wxup r0, r1
100023d0:	ec43 2411 	dcp_wyup r2, r3
100023d4:	ec51 0404 	dcp_rxms r0, r1, #0x0
100023d8:	ec53 2405 	dcp_ryms r2, r3, #0x0
100023dc:	fba0 4c02 	umull	r4, ip, r0, r2
100023e0:	f05f 0e00 	movs.w	lr, #0
100023e4:	fbe0 ce03 	umlal	ip, lr, r0, r3
100023e8:	fbe1 ce02 	umlal	ip, lr, r1, r2
100023ec:	ec4c 4420 	dcp_wxms r4, ip
100023f0:	2400      	movs	r4, #0
100023f2:	fbe1 e403 	umlal	lr, r4, r1, r3
100023f6:	ec44 e430 	dcp_wxmo lr, r4
100023fa:	ee80 0420 			dcp_nrdd
100023fe:	ec51 0450 	dcp_rddm r0, r1
10002402:	bd10      	pop	{r4, pc}
10002404:	b500      	push	{lr}
10002406:	f7ff ff93 	bl	10002330 <generic_save_state>
1000240a:	e002      	b.n	10002412 <__wrap___aeabi_ddiv+0x6>

1000240c <__wrap___aeabi_ddiv>:
1000240c:	fe10 f430 	dcp_pcmp APSR_nzcv
10002410:	d4f8      	bmi.n	10002404 <__wrap___aeabi_dmul+0x40>
10002412:	ec41 0410 	dcp_wxup r0, r1
10002416:	ec43 2411 	dcp_wyup r2, r3
1000241a:	ec51 0421 	dcp_rymr r0, r1
1000241e:	fba0 1201 	umull	r1, r2, r0, r1
10002422:	ea6f 0282 	mvn.w	r2, r2, lsl #2
10002426:	fb52 0010 	smmlar	r0, r2, r0, r0
1000242a:	fb52 f212 	smmulr	r2, r2, r2
1000242e:	fb52 0010 	smmlar	r0, r2, r0, r0
10002432:	eba0 7cd0 	sub.w	ip, r0, r0, lsr #31
10002436:	ec53 2404 	dcp_rxms r2, r3, #0x0
1000243a:	fb5c f113 	smmulr	r1, ip, r3
1000243e:	ec53 2415 	dcp_ryms r2, r3, #0x1
10002442:	fba1 2002 	umull	r2, r0, r1, r2
10002446:	fb01 0003 	mla	r0, r1, r3, r0
1000244a:	ec53 2444 	dcp_rxms r2, r3, #0x4
1000244e:	eba2 0000 	sub.w	r0, r2, r0
10002452:	fb50 f21c 	smmulr	r2, r0, ip
10002456:	ea4f 1311 	mov.w	r3, r1, lsr #4
1000245a:	eb12 7001 	adds.w	r0, r2, r1, lsl #28
1000245e:	eb43 71e2 	adc.w	r1, r3, r2, asr #31
10002462:	ea40 5051 	orr.w	r0, r0, r1, lsr #21
10002466:	ea20 5091 	bic.w	r0, r0, r1, lsr #22
1000246a:	f020 0007 	bic.w	r0, r0, #7
1000246e:	ec53 2475 	dcp_ryms r2, r3, #0x7
10002472:	fba0 3c02 	umull	r3, ip, r0, r2
10002476:	ec53 2475 	dcp_ryms r2, r3, #0x7
1000247a:	fb00 cc03 	mla	ip, r0, r3, ip
1000247e:	fb01 cc02 	mla	ip, r1, r2, ip
10002482:	ec53 2404 	dcp_rxms r2, r3, #0x0
10002486:	ebac 4c82 	sub.w	ip, ip, r2, lsl #18
1000248a:	ea40 705c 	orr.w	r0, r0, ip, lsr #29
1000248e:	f1a0 0001 	sub.w	r0, r0, #1
10002492:	ec41 0440 	dcp_wxdd r0, r1
10002496:	ee80 0420 			dcp_nrdd
1000249a:	ec51 0470 	dcp_rddd r0, r1
1000249e:	4770      	bx	lr
100024a0:	b500      	push	{lr}
100024a2:	f7ff ff45 	bl	10002330 <generic_save_state>
100024a6:	e002      	b.n	100024ae <__wrap___aeabi_i2d+0x6>

100024a8 <__wrap___aeabi_i2d>:
100024a8:	fe10 f430 	dcp_pcmp APSR_nzcv
100024ac:	d4f8      	bmi.n	100024a0 <__wrap___aeabi_ddiv+0x94>
100024ae:	ec40 0470 	dcp_wxic r0, r0
100024b2:	ee00 0401 			dcp_add0
100024b6:	ee10 0421 			dcp_sub1
100024ba:	ee80 0420 			dcp_nrdd
100024be:	ec51 0430 	dcp_rdds r0, r1
100024c2:	4770      	bx	lr
100024c4:	b500      	push	{lr}
100024c6:	f7ff ff33 	bl	10002330 <generic_save_state>
100024ca:	e002      	b.n	100024d2 <__wrap___aeabi_ui2d+0x6>

100024cc <__wrap___aeabi_ui2d>:
100024cc:	fe10 f430 	dcp_pcmp APSR_nzcv
100024d0:	d4f8      	bmi.n	100024c4 <__wrap___aeabi_i2d+0x1c>
100024d2:	ec40 0460 	dcp_wxuc r0, r0
100024d6:	ee00 0401 			dcp_add0
100024da:	ee10 0421 			dcp_sub1
100024de:	ee80 0420 			dcp_nrdd
100024e2:	ec51 0430 	dcp_rdds r0, r1
100024e6:	4770      	bx	lr
100024e8:	b500      	push	{lr}
100024ea:	f7ff ff21 	bl	10002330 <generic_save_state>
100024ee:	e002      	b.n	100024f6 <double2int_z_entry>

100024f0 <__wrap___aeabi_d2iz>:
100024f0:	fe10 f430 	dcp_pcmp APSR_nzcv
100024f4:	d4f8      	bmi.n	100024e8 <__wrap___aeabi_ui2d+0x1c>

100024f6 <double2int_z_entry>:
100024f6:	ec41 0480 	dcp_wxdc r0, r1
100024fa:	ee00 0401 			dcp_add0
100024fe:	ee10 0401 			dcp_add1
10002502:	ee80 0440 			dcp_ntdc
10002506:	ee10 0413 			dcp_rdic r0
1000250a:	4770      	bx	lr
1000250c:	b500      	push	{lr}
1000250e:	f7ff ff0f 	bl	10002330 <generic_save_state>
10002512:	e002      	b.n	1000251a <double2uint_z_entry>

10002514 <__wrap___aeabi_d2uiz>:
10002514:	fe10 f430 	dcp_pcmp APSR_nzcv
10002518:	d4f8      	bmi.n	1000250c <double2int_z_entry+0x16>

1000251a <double2uint_z_entry>:
1000251a:	ec41 0480 	dcp_wxdc r0, r1
1000251e:	ee00 0401 			dcp_add0
10002522:	ee10 0401 			dcp_add1
10002526:	ee80 0440 			dcp_ntdc
1000252a:	ee10 0433 			dcp_rduc r0
1000252e:	4770      	bx	lr
10002530:	b500      	push	{lr}
10002532:	f7ff fefd 	bl	10002330 <generic_save_state>
10002536:	e002      	b.n	1000253e <__wrap___aeabi_dcmpun+0x6>

10002538 <__wrap___aeabi_dcmpun>:
10002538:	fe10 f430 	dcp_pcmp APSR_nzcv
1000253c:	d4f8      	bmi.n	10002530 <double2uint_z_entry+0x16>
1000253e:	ec41 0410 	dcp_wxup r0, r1
10002542:	ec43 2411 	dcp_wyup r2, r3
10002546:	ee00 0401 			dcp_add0
1000254a:	ee10 0430 			dcp_rcmp r0
1000254e:	f3c0 7000 	ubfx	r0, r0, #28, #1
10002552:	4770      	bx	lr
10002554:	b500      	push	{lr}
10002556:	f7ff feeb 	bl	10002330 <generic_save_state>
1000255a:	e002      	b.n	10002562 <__wrap___aeabi_dcmplt+0x6>

1000255c <__wrap___aeabi_dcmplt>:
1000255c:	fe10 f430 	dcp_pcmp APSR_nzcv
10002560:	d4f8      	bmi.n	10002554 <__wrap___aeabi_dcmpun+0x1c>
10002562:	ec43 2410 	dcp_wxup r2, r3
10002566:	ec41 0411 	dcp_wyup r0, r1
1000256a:	ee00 0401 			dcp_add0
1000256e:	ee10 f430 			dcp_rcmp APSR_nzcv
10002572:	bf8c      	ite	hi
10002574:	2001      	movhi	r0, #1
10002576:	2000      	movls	r0, #0
10002578:	4770      	bx	lr
1000257a:	bf00      	nop
1000257c:	b500      	push	{lr}
1000257e:	f7ff fed7 	bl	10002330 <generic_save_state>
10002582:	e002      	b.n	1000258a <__wrap___aeabi_dcmple+0x6>

10002584 <__wrap___aeabi_dcmple>:
10002584:	fe10 f430 	dcp_pcmp APSR_nzcv
10002588:	d4f8      	bmi.n	1000257c <__wrap___aeabi_dcmplt+0x20>
1000258a:	ec43 2410 	dcp_wxup r2, r3
1000258e:	ec41 0411 	dcp_wyup r0, r1
10002592:	ee00 0401 			dcp_add0
10002596:	ee10 f430 			dcp_rcmp APSR_nzcv
1000259a:	bf2c      	ite	cs
1000259c:	2001      	movcs	r0, #1
1000259e:	2000      	movcc	r0, #0
100025a0:	4770      	bx	lr
100025a2:	bf00      	nop
100025a4:	b500      	push	{lr}
100025a6:	f7ff fec3 	bl	10002330 <generic_save_state>
100025aa:	e002      	b.n	100025b2 <__wrap___aeabi_dcmpge+0x6>

100025ac <__wrap___aeabi_dcmpge>:
100025ac:	fe10 f430 	dcp_pcmp APSR_nzcv
100025b0:	d4f8      	bmi.n	100025a4 <__wrap___aeabi_dcmple+0x20>
100025b2:	ec41 0410 	dcp_wxup r0, r1
100025b6:	ec43 2411 	dcp_wyup r2, r3
100025ba:	ee00 0401 			dcp_add0
100025be:	ee10 f430 			dcp_rcmp APSR_nzcv
100025c2:	bf2c      	ite	cs
100025c4:	2001      	movcs	r0, #1
100025c6:	2000      	movcc	r0, #0
100025c8:	4770      	bx	lr
100025ca:	bf00      	nop
100025cc:	b500      	push	{lr}
100025ce:	f7ff feaf 	bl	10002330 <generic_save_state>
100025d2:	e002      	b.n	100025da <__wrap___aeabi_dcmpgt+0x6>

100025d4 <__wrap___aeabi_dcmpgt>:
100025d4:	fe10 f430 	dcp_pcmp APSR_nzcv
100025d8:	d4f8      	bmi.n	100025cc <__wrap___aeabi_dcmpge+0x20>
100025da:	ec41 0410 	dcp_wxup r0, r1
100025de:	ec43 2411 	dcp_wyup r2, r3
100025e2:	ee00 0401 			dcp_add0
100025e6:	ee10 f430 			dcp_rcmp APSR_nzcv
100025ea:	bf8c      	ite	hi
100025ec:	2001      	movhi	r0, #1
100025ee:	2000      	movls	r0, #0
100025f0:	4770      	bx	lr
100025f2:	bf00      	nop

100025f4 <_out_buffer>:
100025f4:	429a      	cmp	r2, r3
100025f6:	bf38      	it	cc
100025f8:	5488      	strbcc	r0, [r1, r2]
100025fa:	4770      	bx	lr

100025fc <_out_null>:
100025fc:	4770      	bx	lr
100025fe:	bf00      	nop

10002600 <_out_rev>:
10002600:	e92d 4ff0 	stmdb	sp!, {r4, r5, r6, r7, r8, r9, sl, fp, lr}
10002604:	b083      	sub	sp, #12
10002606:	460f      	mov	r7, r1
10002608:	4611      	mov	r1, r2
1000260a:	e9dd b20e 	ldrd	fp, r2, [sp, #56]	@ 0x38
1000260e:	0792      	lsls	r2, r2, #30
10002610:	4698      	mov	r8, r3
10002612:	e9dd 930c 	ldrd	r9, r3, [sp, #48]	@ 0x30
10002616:	4606      	mov	r6, r0
10002618:	d029      	beq.n	1000266e <_out_rev+0x6e>
1000261a:	460d      	mov	r5, r1
1000261c:	b19b      	cbz	r3, 10002646 <_out_rev+0x46>
1000261e:	eb09 0403 	add.w	r4, r9, r3
10002622:	eb05 0a04 	add.w	sl, r5, r4
10002626:	9501      	str	r5, [sp, #4]
10002628:	460d      	mov	r5, r1
1000262a:	930d      	str	r3, [sp, #52]	@ 0x34
1000262c:	ebaa 0204 	sub.w	r2, sl, r4
10002630:	f814 0d01 	ldrb.w	r0, [r4, #-1]!
10002634:	4643      	mov	r3, r8
10002636:	4639      	mov	r1, r7
10002638:	47b0      	blx	r6
1000263a:	45a1      	cmp	r9, r4
1000263c:	d1f6      	bne.n	1000262c <_out_rev+0x2c>
1000263e:	4629      	mov	r1, r5
10002640:	9b0d      	ldr	r3, [sp, #52]	@ 0x34
10002642:	9d01      	ldr	r5, [sp, #4]
10002644:	441d      	add	r5, r3
10002646:	9b0f      	ldr	r3, [sp, #60]	@ 0x3c
10002648:	079b      	lsls	r3, r3, #30
1000264a:	d50c      	bpl.n	10002666 <_out_rev+0x66>
1000264c:	1a6c      	subs	r4, r5, r1
1000264e:	45a3      	cmp	fp, r4
10002650:	d909      	bls.n	10002666 <_out_rev+0x66>
10002652:	462a      	mov	r2, r5
10002654:	4643      	mov	r3, r8
10002656:	4639      	mov	r1, r7
10002658:	2020      	movs	r0, #32
1000265a:	3401      	adds	r4, #1
1000265c:	47b0      	blx	r6
1000265e:	455c      	cmp	r4, fp
10002660:	f105 0501 	add.w	r5, r5, #1
10002664:	d3f5      	bcc.n	10002652 <_out_rev+0x52>
10002666:	4628      	mov	r0, r5
10002668:	b003      	add	sp, #12
1000266a:	e8bd 8ff0 	ldmia.w	sp!, {r4, r5, r6, r7, r8, r9, sl, fp, pc}
1000266e:	455b      	cmp	r3, fp
10002670:	d215      	bcs.n	1000269e <_out_rev+0x9e>
10002672:	468a      	mov	sl, r1
10002674:	461c      	mov	r4, r3
10002676:	4689      	mov	r9, r1
10002678:	ebab 0503 	sub.w	r5, fp, r3
1000267c:	440d      	add	r5, r1
1000267e:	4652      	mov	r2, sl
10002680:	4643      	mov	r3, r8
10002682:	4639      	mov	r1, r7
10002684:	2020      	movs	r0, #32
10002686:	f10a 0a01 	add.w	sl, sl, #1
1000268a:	47b0      	blx	r6
1000268c:	45aa      	cmp	sl, r5
1000268e:	d1f6      	bne.n	1000267e <_out_rev+0x7e>
10002690:	4649      	mov	r1, r9
10002692:	4623      	mov	r3, r4
10002694:	f8dd 9030 	ldr.w	r9, [sp, #48]	@ 0x30
10002698:	2c00      	cmp	r4, #0
1000269a:	d1c0      	bne.n	1000261e <_out_rev+0x1e>
1000269c:	e7e3      	b.n	10002666 <_out_rev+0x66>
1000269e:	460d      	mov	r5, r1
100026a0:	2b00      	cmp	r3, #0
100026a2:	d1bc      	bne.n	1000261e <_out_rev+0x1e>
100026a4:	e7df      	b.n	10002666 <_out_rev+0x66>
100026a6:	bf00      	nop

100026a8 <_ntoa_format>:
100026a8:	e92d 4ff0 	stmdb	sp!, {r4, r5, r6, r7, r8, r9, sl, fp, lr}
100026ac:	460f      	mov	r7, r1
100026ae:	990f      	ldr	r1, [sp, #60]	@ 0x3c
100026b0:	4606      	mov	r6, r0
100026b2:	f89d 002c 	ldrb.w	r0, [sp, #44]	@ 0x2c
100026b6:	078d      	lsls	r5, r1, #30
100026b8:	4690      	mov	r8, r2
100026ba:	e9dd a20c 	ldrd	sl, r2, [sp, #48]	@ 0x30
100026be:	4699      	mov	r9, r3
100026c0:	4683      	mov	fp, r0
100026c2:	9c09      	ldr	r4, [sp, #36]	@ 0x24
100026c4:	f8dd c028 	ldr.w	ip, [sp, #40]	@ 0x28
100026c8:	9b0e      	ldr	r3, [sp, #56]	@ 0x38
100026ca:	d449      	bmi.n	10002760 <_ntoa_format+0xb8>
100026cc:	2b00      	cmp	r3, #0
100026ce:	d142      	bne.n	10002756 <_ntoa_format+0xae>
100026d0:	4594      	cmp	ip, r2
100026d2:	d245      	bcs.n	10002760 <_ntoa_format+0xb8>
100026d4:	f001 0501 	and.w	r5, r1, #1
100026d8:	f104 3eff 	add.w	lr, r4, #4294967295	@ 0xffffffff
100026dc:	2030      	movs	r0, #48	@ 0x30
100026de:	44e6      	add	lr, ip
100026e0:	e005      	b.n	100026ee <_ntoa_format+0x46>
100026e2:	f10c 0c01 	add.w	ip, ip, #1
100026e6:	4562      	cmp	r2, ip
100026e8:	f80e 0f01 	strb.w	r0, [lr, #1]!
100026ec:	d902      	bls.n	100026f4 <_ntoa_format+0x4c>
100026ee:	f1bc 0f20 	cmp.w	ip, #32
100026f2:	d1f6      	bne.n	100026e2 <_ntoa_format+0x3a>
100026f4:	2d00      	cmp	r5, #0
100026f6:	f000 8087 	beq.w	10002808 <_ntoa_format+0x160>
100026fa:	4563      	cmp	r3, ip
100026fc:	d930      	bls.n	10002760 <_ntoa_format+0xb8>
100026fe:	1e60      	subs	r0, r4, #1
10002700:	f04f 0e30 	mov.w	lr, #48	@ 0x30
10002704:	4460      	add	r0, ip
10002706:	e005      	b.n	10002714 <_ntoa_format+0x6c>
10002708:	f10c 0c01 	add.w	ip, ip, #1
1000270c:	459c      	cmp	ip, r3
1000270e:	f800 ef01 	strb.w	lr, [r0, #1]!
10002712:	d025      	beq.n	10002760 <_ntoa_format+0xb8>
10002714:	f1bc 0f20 	cmp.w	ip, #32
10002718:	d1f6      	bne.n	10002708 <_ntoa_format+0x60>
1000271a:	06cd      	lsls	r5, r1, #27
1000271c:	d50e      	bpl.n	1000273c <_ntoa_format+0x94>
1000271e:	0548      	lsls	r0, r1, #21
10002720:	d451      	bmi.n	100027c6 <_ntoa_format+0x11e>
10002722:	4562      	cmp	r2, ip
10002724:	d064      	beq.n	100027f0 <_ntoa_format+0x148>
10002726:	4563      	cmp	r3, ip
10002728:	d062      	beq.n	100027f0 <_ntoa_format+0x148>
1000272a:	f1ba 0f10 	cmp.w	sl, #16
1000272e:	d04d      	beq.n	100027cc <_ntoa_format+0x124>
10002730:	f1ba 0f02 	cmp.w	sl, #2
10002734:	d055      	beq.n	100027e2 <_ntoa_format+0x13a>
10002736:	f1bc 0f20 	cmp.w	ip, #32
1000273a:	d12d      	bne.n	10002798 <_ntoa_format+0xf0>
1000273c:	2220      	movs	r2, #32
1000273e:	e9cd 310b 	strd	r3, r1, [sp, #44]	@ 0x2c
10002742:	920a      	str	r2, [sp, #40]	@ 0x28
10002744:	464b      	mov	r3, r9
10002746:	4642      	mov	r2, r8
10002748:	4639      	mov	r1, r7
1000274a:	4630      	mov	r0, r6
1000274c:	9409      	str	r4, [sp, #36]	@ 0x24
1000274e:	e8bd 4ff0 	ldmia.w	sp!, {r4, r5, r6, r7, r8, r9, sl, fp, lr}
10002752:	f7ff bf55 	b.w	10002600 <_out_rev>
10002756:	f011 0501 	ands.w	r5, r1, #1
1000275a:	d12e      	bne.n	100027ba <_ntoa_format+0x112>
1000275c:	4594      	cmp	ip, r2
1000275e:	d3bb      	bcc.n	100026d8 <_ntoa_format+0x30>
10002760:	06cd      	lsls	r5, r1, #27
10002762:	d51e      	bpl.n	100027a2 <_ntoa_format+0xfa>
10002764:	0548      	lsls	r0, r1, #21
10002766:	d4e0      	bmi.n	1000272a <_ntoa_format+0x82>
10002768:	f1bc 0f00 	cmp.w	ip, #0
1000276c:	d1d9      	bne.n	10002722 <_ntoa_format+0x7a>
1000276e:	f1ba 0f10 	cmp.w	sl, #16
10002772:	d05f      	beq.n	10002834 <_ntoa_format+0x18c>
10002774:	f1ba 0f02 	cmp.w	sl, #2
10002778:	d074      	beq.n	10002864 <_ntoa_format+0x1bc>
1000277a:	2230      	movs	r2, #48	@ 0x30
1000277c:	f04f 0c01 	mov.w	ip, #1
10002780:	7022      	strb	r2, [r4, #0]
10002782:	f1bb 0f00 	cmp.w	fp, #0
10002786:	d112      	bne.n	100027ae <_ntoa_format+0x106>
10002788:	0748      	lsls	r0, r1, #29
1000278a:	d542      	bpl.n	10002812 <_ntoa_format+0x16a>
1000278c:	222b      	movs	r2, #43	@ 0x2b
1000278e:	f804 200c 	strb.w	r2, [r4, ip]
10002792:	f10c 0201 	add.w	r2, ip, #1
10002796:	e7d2      	b.n	1000273e <_ntoa_format+0x96>
10002798:	4662      	mov	r2, ip
1000279a:	f10c 0c01 	add.w	ip, ip, #1
1000279e:	2030      	movs	r0, #48	@ 0x30
100027a0:	54a0      	strb	r0, [r4, r2]
100027a2:	f1bc 0f20 	cmp.w	ip, #32
100027a6:	d0c9      	beq.n	1000273c <_ntoa_format+0x94>
100027a8:	f1bb 0f00 	cmp.w	fp, #0
100027ac:	d0ec      	beq.n	10002788 <_ntoa_format+0xe0>
100027ae:	222d      	movs	r2, #45	@ 0x2d
100027b0:	f804 200c 	strb.w	r2, [r4, ip]
100027b4:	f10c 0201 	add.w	r2, ip, #1
100027b8:	e7c1      	b.n	1000273e <_ntoa_format+0x96>
100027ba:	b398      	cbz	r0, 10002824 <_ntoa_format+0x17c>
100027bc:	4594      	cmp	ip, r2
100027be:	f103 33ff 	add.w	r3, r3, #4294967295	@ 0xffffffff
100027c2:	d389      	bcc.n	100026d8 <_ntoa_format+0x30>
100027c4:	e799      	b.n	100026fa <_ntoa_format+0x52>
100027c6:	f1ba 0f10 	cmp.w	sl, #16
100027ca:	d1b7      	bne.n	1000273c <_ntoa_format+0x94>
100027cc:	068d      	lsls	r5, r1, #26
100027ce:	d53d      	bpl.n	1000284c <_ntoa_format+0x1a4>
100027d0:	f1bc 0f20 	cmp.w	ip, #32
100027d4:	d0b2      	beq.n	1000273c <_ntoa_format+0x94>
100027d6:	2258      	movs	r2, #88	@ 0x58
100027d8:	f804 200c 	strb.w	r2, [r4, ip]
100027dc:	f10c 0c01 	add.w	ip, ip, #1
100027e0:	e7a9      	b.n	10002736 <_ntoa_format+0x8e>
100027e2:	f1bc 0f20 	cmp.w	ip, #32
100027e6:	d0a9      	beq.n	1000273c <_ntoa_format+0x94>
100027e8:	4662      	mov	r2, ip
100027ea:	f10c 0c01 	add.w	ip, ip, #1
100027ee:	e008      	b.n	10002802 <_ntoa_format+0x15a>
100027f0:	f1bc 0201 	subs.w	r2, ip, #1
100027f4:	d0bb      	beq.n	1000276e <_ntoa_format+0xc6>
100027f6:	f1ba 0f10 	cmp.w	sl, #16
100027fa:	d035      	beq.n	10002868 <_ntoa_format+0x1c0>
100027fc:	f1ba 0f02 	cmp.w	sl, #2
10002800:	d1cd      	bne.n	1000279e <_ntoa_format+0xf6>
10002802:	2062      	movs	r0, #98	@ 0x62
10002804:	54a0      	strb	r0, [r4, r2]
10002806:	e796      	b.n	10002736 <_ntoa_format+0x8e>
10002808:	06cd      	lsls	r5, r1, #27
1000280a:	d5ca      	bpl.n	100027a2 <_ntoa_format+0xfa>
1000280c:	0548      	lsls	r0, r1, #21
1000280e:	d588      	bpl.n	10002722 <_ntoa_format+0x7a>
10002810:	e78b      	b.n	1000272a <_ntoa_format+0x82>
10002812:	070a      	lsls	r2, r1, #28
10002814:	bf49      	itett	mi
10002816:	2220      	movmi	r2, #32
10002818:	4662      	movpl	r2, ip
1000281a:	f804 200c 	strbmi.w	r2, [r4, ip]
1000281e:	f10c 0201 	addmi.w	r2, ip, #1
10002822:	e78c      	b.n	1000273e <_ntoa_format+0x96>
10002824:	f011 0f0c 	tst.w	r1, #12
10002828:	d000      	beq.n	1000282c <_ntoa_format+0x184>
1000282a:	3b01      	subs	r3, #1
1000282c:	4594      	cmp	ip, r2
1000282e:	f4ff af53 	bcc.w	100026d8 <_ntoa_format+0x30>
10002832:	e762      	b.n	100026fa <_ntoa_format+0x52>
10002834:	068a      	lsls	r2, r1, #26
10002836:	d413      	bmi.n	10002860 <_ntoa_format+0x1b8>
10002838:	2278      	movs	r2, #120	@ 0x78
1000283a:	7022      	strb	r2, [r4, #0]
1000283c:	2230      	movs	r2, #48	@ 0x30
1000283e:	f04f 0c02 	mov.w	ip, #2
10002842:	7062      	strb	r2, [r4, #1]
10002844:	f1bb 0f00 	cmp.w	fp, #0
10002848:	d09e      	beq.n	10002788 <_ntoa_format+0xe0>
1000284a:	e7b0      	b.n	100027ae <_ntoa_format+0x106>
1000284c:	f1bc 0f20 	cmp.w	ip, #32
10002850:	f43f af74 	beq.w	1000273c <_ntoa_format+0x94>
10002854:	2278      	movs	r2, #120	@ 0x78
10002856:	f804 200c 	strb.w	r2, [r4, ip]
1000285a:	f10c 0c01 	add.w	ip, ip, #1
1000285e:	e76a      	b.n	10002736 <_ntoa_format+0x8e>
10002860:	2258      	movs	r2, #88	@ 0x58
10002862:	e7ea      	b.n	1000283a <_ntoa_format+0x192>
10002864:	2262      	movs	r2, #98	@ 0x62
10002866:	e7e8      	b.n	1000283a <_ntoa_format+0x192>
10002868:	068d      	lsls	r5, r1, #26
1000286a:	f1ac 0002 	sub.w	r0, ip, #2
1000286e:	d504      	bpl.n	1000287a <_ntoa_format+0x1d2>
10002870:	f04f 0e58 	mov.w	lr, #88	@ 0x58
10002874:	f804 e000 	strb.w	lr, [r4, r0]
10002878:	e791      	b.n	1000279e <_ntoa_format+0xf6>
1000287a:	f04f 0e78 	mov.w	lr, #120	@ 0x78
1000287e:	f804 e000 	strb.w	lr, [r4, r0]
10002882:	e78c      	b.n	1000279e <_ntoa_format+0xf6>

10002884 <_out_char>:
10002884:	b900      	cbnz	r0, 10002888 <_out_char+0x4>
10002886:	4770      	bx	lr
10002888:	f001 bb76 	b.w	10003f78 <__wrap_putchar>

1000288c <_out_fct>:
1000288c:	b110      	cbz	r0, 10002894 <_out_fct+0x8>
1000288e:	e9d1 3100 	ldrd	r3, r1, [r1]
10002892:	4718      	bx	r3
10002894:	4770      	bx	lr
10002896:	bf00      	nop

10002898 <_ftoa>:
10002898:	e92d 4ff0 	stmdb	sp!, {r4, r5, r6, r7, r8, r9, sl, fp, lr}
1000289c:	b097      	sub	sp, #92	@ 0x5c
1000289e:	ed9d 7b20 	vldr	d7, [sp, #128]	@ 0x80
100028a2:	e9dd 5b22 	ldrd	r5, fp, [sp, #136]	@ 0x88
100028a6:	4680      	mov	r8, r0
100028a8:	4689      	mov	r9, r1
100028aa:	ec51 0b17 	vmov	r0, r1, d7
100028ae:	469a      	mov	sl, r3
100028b0:	9b24      	ldr	r3, [sp, #144]	@ 0x90
100028b2:	920c      	str	r2, [sp, #48]	@ 0x30
100028b4:	9307      	str	r3, [sp, #28]
100028b6:	4602      	mov	r2, r0
100028b8:	460b      	mov	r3, r1
100028ba:	ed8d 7b04 	vstr	d7, [sp, #16]
100028be:	f7ff fe3b 	bl	10002538 <__wrap___aeabi_dcmpun>
100028c2:	2800      	cmp	r0, #0
100028c4:	f040 81e3 	bne.w	10002c8e <_ftoa+0x3f6>
100028c8:	e9dd 0104 	ldrd	r0, r1, [sp, #16]
100028cc:	f04f 32ff 	mov.w	r2, #4294967295	@ 0xffffffff
100028d0:	f46f 1380 	mvn.w	r3, #1048576	@ 0x100000
100028d4:	f7ff fe42 	bl	1000255c <__wrap___aeabi_dcmplt>
100028d8:	2800      	cmp	r0, #0
100028da:	f040 80cb 	bne.w	10002a74 <_ftoa+0x1dc>
100028de:	e9dd 0104 	ldrd	r0, r1, [sp, #16]
100028e2:	f04f 32ff 	mov.w	r2, #4294967295	@ 0xffffffff
100028e6:	4bb2      	ldr	r3, [pc, #712]	@ (10002bb0 <_ftoa+0x318>)
100028e8:	f7ff fe74 	bl	100025d4 <__wrap___aeabi_dcmpgt>
100028ec:	2800      	cmp	r0, #0
100028ee:	f040 809f 	bne.w	10002a30 <_ftoa+0x198>
100028f2:	e9dd 6704 	ldrd	r6, r7, [sp, #16]
100028f6:	a3aa      	add	r3, pc, #680	@ (adr r3, 10002ba0 <_ftoa+0x308>)
100028f8:	e9d3 2300 	ldrd	r2, r3, [r3]
100028fc:	4630      	mov	r0, r6
100028fe:	4639      	mov	r1, r7
10002900:	f7ff fe68 	bl	100025d4 <__wrap___aeabi_dcmpgt>
10002904:	2800      	cmp	r0, #0
10002906:	f040 8082 	bne.w	10002a0e <_ftoa+0x176>
1000290a:	a3a7      	add	r3, pc, #668	@ (adr r3, 10002ba8 <_ftoa+0x310>)
1000290c:	e9d3 2300 	ldrd	r2, r3, [r3]
10002910:	4630      	mov	r0, r6
10002912:	4639      	mov	r1, r7
10002914:	f7ff fe22 	bl	1000255c <__wrap___aeabi_dcmplt>
10002918:	2800      	cmp	r0, #0
1000291a:	d178      	bne.n	10002a0e <_ftoa+0x176>
1000291c:	4630      	mov	r0, r6
1000291e:	4639      	mov	r1, r7
10002920:	2200      	movs	r2, #0
10002922:	2300      	movs	r3, #0
10002924:	f7ff fe1a 	bl	1000255c <__wrap___aeabi_dcmplt>
10002928:	2800      	cmp	r0, #0
1000292a:	f040 8098 	bne.w	10002a5e <_ftoa+0x1c6>
1000292e:	900d      	str	r0, [sp, #52]	@ 0x34
10002930:	9b07      	ldr	r3, [sp, #28]
10002932:	2130      	movs	r1, #48	@ 0x30
10002934:	f413 6f80 	tst.w	r3, #1024	@ 0x400
10002938:	bf08      	it	eq
1000293a:	2506      	moveq	r5, #6
1000293c:	aa0e      	add	r2, sp, #56	@ 0x38
1000293e:	462b      	mov	r3, r5
10002940:	f1a5 0620 	sub.w	r6, r5, #32
10002944:	e005      	b.n	10002952 <_ftoa+0xba>
10002946:	3b01      	subs	r3, #1
10002948:	42b3      	cmp	r3, r6
1000294a:	f802 1b01 	strb.w	r1, [r2], #1
1000294e:	f000 8165 	beq.w	10002c1c <_ftoa+0x384>
10002952:	2b09      	cmp	r3, #9
10002954:	d8f7      	bhi.n	10002946 <_ftoa+0xae>
10002956:	461e      	mov	r6, r3
10002958:	1aed      	subs	r5, r5, r3
1000295a:	e9dd 0104 	ldrd	r0, r1, [sp, #16]
1000295e:	f7ff fdc7 	bl	100024f0 <__wrap___aeabi_d2iz>
10002962:	4b94      	ldr	r3, [pc, #592]	@ (10002bb4 <_ftoa+0x31c>)
10002964:	4604      	mov	r4, r0
10002966:	eb03 03c6 	add.w	r3, r3, r6, lsl #3
1000296a:	ed93 7b00 	vldr	d7, [r3]
1000296e:	ed8d 7b08 	vstr	d7, [sp, #32]
10002972:	f7ff fd99 	bl	100024a8 <__wrap___aeabi_i2d>
10002976:	4602      	mov	r2, r0
10002978:	460b      	mov	r3, r1
1000297a:	e9dd 0104 	ldrd	r0, r1, [sp, #16]
1000297e:	f7ff fd0d 	bl	1000239c <__wrap___aeabi_dsub>
10002982:	e9dd 2308 	ldrd	r2, r3, [sp, #32]
10002986:	f7ff fd1d 	bl	100023c4 <__wrap___aeabi_dmul>
1000298a:	e9cd 010a 	strd	r0, r1, [sp, #40]	@ 0x28
1000298e:	f7ff fdc1 	bl	10002514 <__wrap___aeabi_d2uiz>
10002992:	4607      	mov	r7, r0
10002994:	f7ff fd9a 	bl	100024cc <__wrap___aeabi_ui2d>
10002998:	4602      	mov	r2, r0
1000299a:	460b      	mov	r3, r1
1000299c:	e9dd 010a 	ldrd	r0, r1, [sp, #40]	@ 0x28
100029a0:	f7ff fcfc 	bl	1000239c <__wrap___aeabi_dsub>
100029a4:	2200      	movs	r2, #0
100029a6:	4b84      	ldr	r3, [pc, #528]	@ (10002bb8 <_ftoa+0x320>)
100029a8:	e9cd 010a 	strd	r0, r1, [sp, #40]	@ 0x28
100029ac:	f7ff fe12 	bl	100025d4 <__wrap___aeabi_dcmpgt>
100029b0:	2800      	cmp	r0, #0
100029b2:	f000 8088 	beq.w	10002ac6 <_ftoa+0x22e>
100029b6:	3701      	adds	r7, #1
100029b8:	4638      	mov	r0, r7
100029ba:	f7ff fd87 	bl	100024cc <__wrap___aeabi_ui2d>
100029be:	4602      	mov	r2, r0
100029c0:	460b      	mov	r3, r1
100029c2:	e9dd 0108 	ldrd	r0, r1, [sp, #32]
100029c6:	f7ff fddd 	bl	10002584 <__wrap___aeabi_dcmple>
100029ca:	b108      	cbz	r0, 100029d0 <_ftoa+0x138>
100029cc:	2700      	movs	r7, #0
100029ce:	3401      	adds	r4, #1
100029d0:	2e00      	cmp	r6, #0
100029d2:	f000 8088 	beq.w	10002ae6 <_ftoa+0x24e>
100029d6:	f10d 0337 	add.w	r3, sp, #55	@ 0x37
100029da:	f8df c1f0 	ldr.w	ip, [pc, #496]	@ 10002bcc <_ftoa+0x334>
100029de:	1958      	adds	r0, r3, r5
100029e0:	e00d      	b.n	100029fe <_ftoa+0x166>
100029e2:	fbac 2107 	umull	r2, r1, ip, r7
100029e6:	08c9      	lsrs	r1, r1, #3
100029e8:	eb01 0281 	add.w	r2, r1, r1, lsl #2
100029ec:	eba7 0242 	sub.w	r2, r7, r2, lsl #1
100029f0:	3230      	adds	r2, #48	@ 0x30
100029f2:	2f09      	cmp	r7, #9
100029f4:	f800 2f01 	strb.w	r2, [r0, #1]!
100029f8:	f240 80fb 	bls.w	10002bf2 <_ftoa+0x35a>
100029fc:	460f      	mov	r7, r1
100029fe:	2d20      	cmp	r5, #32
10002a00:	f106 36ff 	add.w	r6, r6, #4294967295	@ 0xffffffff
10002a04:	f105 0501 	add.w	r5, r5, #1
10002a08:	d1eb      	bne.n	100029e2 <_ftoa+0x14a>
10002a0a:	2520      	movs	r5, #32
10002a0c:	e086      	b.n	10002b1c <_ftoa+0x284>
10002a0e:	9b07      	ldr	r3, [sp, #28]
10002a10:	ed9d 7b04 	vldr	d7, [sp, #16]
10002a14:	e9cd b323 	strd	fp, r3, [sp, #140]	@ 0x8c
10002a18:	4649      	mov	r1, r9
10002a1a:	4653      	mov	r3, sl
10002a1c:	4640      	mov	r0, r8
10002a1e:	9a0c      	ldr	r2, [sp, #48]	@ 0x30
10002a20:	ed8d 7b20 	vstr	d7, [sp, #128]	@ 0x80
10002a24:	9522      	str	r5, [sp, #136]	@ 0x88
10002a26:	b017      	add	sp, #92	@ 0x5c
10002a28:	e8bd 4ff0 	ldmia.w	sp!, {r4, r5, r6, r7, r8, r9, sl, fp, lr}
10002a2c:	f000 b980 	b.w	10002d30 <_etoa>
10002a30:	9b07      	ldr	r3, [sp, #28]
10002a32:	4649      	mov	r1, r9
10002a34:	0758      	lsls	r0, r3, #29
10002a36:	bf4c      	ite	mi
10002a38:	2304      	movmi	r3, #4
10002a3a:	2303      	movpl	r3, #3
10002a3c:	4640      	mov	r0, r8
10002a3e:	9321      	str	r3, [sp, #132]	@ 0x84
10002a40:	4653      	mov	r3, sl
10002a42:	9a07      	ldr	r2, [sp, #28]
10002a44:	bf48      	it	mi
10002a46:	4c5d      	ldrmi	r4, [pc, #372]	@ (10002bbc <_ftoa+0x324>)
10002a48:	e9cd b222 	strd	fp, r2, [sp, #136]	@ 0x88
10002a4c:	bf58      	it	pl
10002a4e:	4c5c      	ldrpl	r4, [pc, #368]	@ (10002bc0 <_ftoa+0x328>)
10002a50:	9a0c      	ldr	r2, [sp, #48]	@ 0x30
10002a52:	9420      	str	r4, [sp, #128]	@ 0x80
10002a54:	b017      	add	sp, #92	@ 0x5c
10002a56:	e8bd 4ff0 	ldmia.w	sp!, {r4, r5, r6, r7, r8, r9, sl, fp, lr}
10002a5a:	f7ff bdd1 	b.w	10002600 <_out_rev>
10002a5e:	463b      	mov	r3, r7
10002a60:	4632      	mov	r2, r6
10002a62:	2000      	movs	r0, #0
10002a64:	2100      	movs	r1, #0
10002a66:	f7ff fc99 	bl	1000239c <__wrap___aeabi_dsub>
10002a6a:	2301      	movs	r3, #1
10002a6c:	e9cd 0104 	strd	r0, r1, [sp, #16]
10002a70:	930d      	str	r3, [sp, #52]	@ 0x34
10002a72:	e75d      	b.n	10002930 <_ftoa+0x98>
10002a74:	9b07      	ldr	r3, [sp, #28]
10002a76:	f003 0202 	and.w	r2, r3, #2
10002a7a:	079c      	lsls	r4, r3, #30
10002a7c:	9204      	str	r2, [sp, #16]
10002a7e:	f000 80f4 	beq.w	10002c6a <_ftoa+0x3d2>
10002a82:	9f0c      	ldr	r7, [sp, #48]	@ 0x30
10002a84:	463d      	mov	r5, r7
10002a86:	4e4f      	ldr	r6, [pc, #316]	@ (10002bc4 <_ftoa+0x32c>)
10002a88:	1d34      	adds	r4, r6, #4
10002a8a:	f814 0d01 	ldrb.w	r0, [r4, #-1]!
10002a8e:	462a      	mov	r2, r5
10002a90:	4653      	mov	r3, sl
10002a92:	4649      	mov	r1, r9
10002a94:	47c0      	blx	r8
10002a96:	42a6      	cmp	r6, r4
10002a98:	f105 0501 	add.w	r5, r5, #1
10002a9c:	d1f5      	bne.n	10002a8a <_ftoa+0x1f2>
10002a9e:	9b04      	ldr	r3, [sp, #16]
10002aa0:	1d3c      	adds	r4, r7, #4
10002aa2:	b163      	cbz	r3, 10002abe <_ftoa+0x226>
10002aa4:	9d0c      	ldr	r5, [sp, #48]	@ 0x30
10002aa6:	1b63      	subs	r3, r4, r5
10002aa8:	459b      	cmp	fp, r3
10002aaa:	d908      	bls.n	10002abe <_ftoa+0x226>
10002aac:	4622      	mov	r2, r4
10002aae:	4653      	mov	r3, sl
10002ab0:	4649      	mov	r1, r9
10002ab2:	2020      	movs	r0, #32
10002ab4:	3401      	adds	r4, #1
10002ab6:	47c0      	blx	r8
10002ab8:	1b63      	subs	r3, r4, r5
10002aba:	459b      	cmp	fp, r3
10002abc:	d8f6      	bhi.n	10002aac <_ftoa+0x214>
10002abe:	4620      	mov	r0, r4
10002ac0:	b017      	add	sp, #92	@ 0x5c
10002ac2:	e8bd 8ff0 	ldmia.w	sp!, {r4, r5, r6, r7, r8, r9, sl, fp, pc}
10002ac6:	2200      	movs	r2, #0
10002ac8:	e9dd 010a 	ldrd	r0, r1, [sp, #40]	@ 0x28
10002acc:	4b3a      	ldr	r3, [pc, #232]	@ (10002bb8 <_ftoa+0x320>)
10002ace:	f7ff fd45 	bl	1000255c <__wrap___aeabi_dcmplt>
10002ad2:	2800      	cmp	r0, #0
10002ad4:	f47f af7c 	bne.w	100029d0 <_ftoa+0x138>
10002ad8:	2f00      	cmp	r7, #0
10002ada:	f040 80c2 	bne.w	10002c62 <_ftoa+0x3ca>
10002ade:	3701      	adds	r7, #1
10002ae0:	2e00      	cmp	r6, #0
10002ae2:	f47f af78 	bne.w	100029d6 <_ftoa+0x13e>
10002ae6:	4620      	mov	r0, r4
10002ae8:	f7ff fcde 	bl	100024a8 <__wrap___aeabi_i2d>
10002aec:	4602      	mov	r2, r0
10002aee:	460b      	mov	r3, r1
10002af0:	e9dd 0104 	ldrd	r0, r1, [sp, #16]
10002af4:	f7ff fc52 	bl	1000239c <__wrap___aeabi_dsub>
10002af8:	2200      	movs	r2, #0
10002afa:	4b2f      	ldr	r3, [pc, #188]	@ (10002bb8 <_ftoa+0x320>)
10002afc:	4606      	mov	r6, r0
10002afe:	460f      	mov	r7, r1
10002b00:	f7ff fd2c 	bl	1000255c <__wrap___aeabi_dcmplt>
10002b04:	b940      	cbnz	r0, 10002b18 <_ftoa+0x280>
10002b06:	4630      	mov	r0, r6
10002b08:	4639      	mov	r1, r7
10002b0a:	2200      	movs	r2, #0
10002b0c:	4b2a      	ldr	r3, [pc, #168]	@ (10002bb8 <_ftoa+0x320>)
10002b0e:	f7ff fd61 	bl	100025d4 <__wrap___aeabi_dcmpgt>
10002b12:	2800      	cmp	r0, #0
10002b14:	f000 80a1 	beq.w	10002c5a <_ftoa+0x3c2>
10002b18:	f10d 0337 	add.w	r3, sp, #55	@ 0x37
10002b1c:	482a      	ldr	r0, [pc, #168]	@ (10002bc8 <_ftoa+0x330>)
10002b1e:	1959      	adds	r1, r3, r5
10002b20:	e00e      	b.n	10002b40 <_ftoa+0x2a8>
10002b22:	fb80 7604 	smull	r7, r6, r0, r4
10002b26:	ebc2 02a6 	rsb	r2, r2, r6, asr #2
10002b2a:	eb02 0682 	add.w	r6, r2, r2, lsl #2
10002b2e:	eba4 0646 	sub.w	r6, r4, r6, lsl #1
10002b32:	3630      	adds	r6, #48	@ 0x30
10002b34:	4614      	mov	r4, r2
10002b36:	3501      	adds	r5, #1
10002b38:	f801 6f01 	strb.w	r6, [r1, #1]!
10002b3c:	2a00      	cmp	r2, #0
10002b3e:	d047      	beq.n	10002bd0 <_ftoa+0x338>
10002b40:	2d20      	cmp	r5, #32
10002b42:	ea4f 72e4 	mov.w	r2, r4, asr #31
10002b46:	d1ec      	bne.n	10002b22 <_ftoa+0x28a>
10002b48:	9a07      	ldr	r2, [sp, #28]
10002b4a:	f002 0203 	and.w	r2, r2, #3
10002b4e:	2a01      	cmp	r2, #1
10002b50:	d114      	bne.n	10002b7c <_ftoa+0x2e4>
10002b52:	f1bb 0f00 	cmp.w	fp, #0
10002b56:	d011      	beq.n	10002b7c <_ftoa+0x2e4>
10002b58:	9a0d      	ldr	r2, [sp, #52]	@ 0x34
10002b5a:	2a00      	cmp	r2, #0
10002b5c:	d060      	beq.n	10002c20 <_ftoa+0x388>
10002b5e:	f10b 3bff 	add.w	fp, fp, #4294967295	@ 0xffffffff
10002b62:	f1bb 0f20 	cmp.w	fp, #32
10002b66:	d909      	bls.n	10002b7c <_ftoa+0x2e4>
10002b68:	2230      	movs	r2, #48	@ 0x30
10002b6a:	442b      	add	r3, r5
10002b6c:	e004      	b.n	10002b78 <_ftoa+0x2e0>
10002b6e:	3501      	adds	r5, #1
10002b70:	455d      	cmp	r5, fp
10002b72:	f803 2f01 	strb.w	r2, [r3, #1]!
10002b76:	d231      	bcs.n	10002bdc <_ftoa+0x344>
10002b78:	2d20      	cmp	r5, #32
10002b7a:	d1f8      	bne.n	10002b6e <_ftoa+0x2d6>
10002b7c:	9b07      	ldr	r3, [sp, #28]
10002b7e:	ac0e      	add	r4, sp, #56	@ 0x38
10002b80:	e9cd b302 	strd	fp, r3, [sp, #8]
10002b84:	9400      	str	r4, [sp, #0]
10002b86:	4653      	mov	r3, sl
10002b88:	4649      	mov	r1, r9
10002b8a:	4640      	mov	r0, r8
10002b8c:	9a0c      	ldr	r2, [sp, #48]	@ 0x30
10002b8e:	9501      	str	r5, [sp, #4]
10002b90:	f7ff fd36 	bl	10002600 <_out_rev>
10002b94:	4604      	mov	r4, r0
10002b96:	4620      	mov	r0, r4
10002b98:	b017      	add	sp, #92	@ 0x5c
10002b9a:	e8bd 8ff0 	ldmia.w	sp!, {r4, r5, r6, r7, r8, r9, sl, fp, pc}
10002b9e:	bf00      	nop
10002ba0:	00000000 	.word	0x00000000
10002ba4:	41cdcd65 	.word	0x41cdcd65
10002ba8:	00000000 	.word	0x00000000
10002bac:	c1cdcd65 	.word	0xc1cdcd65
10002bb0:	7fefffff 	.word	0x7fefffff
10002bb4:	10006d90 	.word	0x10006d90
10002bb8:	3fe00000 	.word	0x3fe00000
10002bbc:	10006bb8 	.word	0x10006bb8
10002bc0:	10006bc0 	.word	0x10006bc0
10002bc4:	10006bc8 	.word	0x10006bc8
10002bc8:	66666667 	.word	0x66666667
10002bcc:	cccccccd 	.word	0xcccccccd
10002bd0:	9a07      	ldr	r2, [sp, #28]
10002bd2:	f002 0203 	and.w	r2, r2, #3
10002bd6:	2a01      	cmp	r2, #1
10002bd8:	f000 8096 	beq.w	10002d08 <_ftoa+0x470>
10002bdc:	2d20      	cmp	r5, #32
10002bde:	d0cd      	beq.n	10002b7c <_ftoa+0x2e4>
10002be0:	9b0d      	ldr	r3, [sp, #52]	@ 0x34
10002be2:	b33b      	cbz	r3, 10002c34 <_ftoa+0x39c>
10002be4:	222d      	movs	r2, #45	@ 0x2d
10002be6:	eb0d 0305 	add.w	r3, sp, r5
10002bea:	f883 2038 	strb.w	r2, [r3, #56]	@ 0x38
10002bee:	3501      	adds	r5, #1
10002bf0:	e7c4      	b.n	10002b7c <_ftoa+0x2e4>
10002bf2:	2d20      	cmp	r5, #32
10002bf4:	f43f af09 	beq.w	10002a0a <_ftoa+0x172>
10002bf8:	2130      	movs	r1, #48	@ 0x30
10002bfa:	442e      	add	r6, r5
10002bfc:	195a      	adds	r2, r3, r5
10002bfe:	e005      	b.n	10002c0c <_ftoa+0x374>
10002c00:	3501      	adds	r5, #1
10002c02:	2d20      	cmp	r5, #32
10002c04:	f802 1f01 	strb.w	r1, [r2, #1]!
10002c08:	f43f aeff 	beq.w	10002a0a <_ftoa+0x172>
10002c0c:	42ae      	cmp	r6, r5
10002c0e:	d1f7      	bne.n	10002c00 <_ftoa+0x368>
10002c10:	222e      	movs	r2, #46	@ 0x2e
10002c12:	446e      	add	r6, sp
10002c14:	3501      	adds	r5, #1
10002c16:	f886 2038 	strb.w	r2, [r6, #56]	@ 0x38
10002c1a:	e77f      	b.n	10002b1c <_ftoa+0x284>
10002c1c:	2520      	movs	r5, #32
10002c1e:	e69c      	b.n	1000295a <_ftoa+0xc2>
10002c20:	9a07      	ldr	r2, [sp, #28]
10002c22:	f012 0f0c 	tst.w	r2, #12
10002c26:	d05a      	beq.n	10002cde <_ftoa+0x446>
10002c28:	f10b 3bff 	add.w	fp, fp, #4294967295	@ 0xffffffff
10002c2c:	45ab      	cmp	fp, r5
10002c2e:	d89b      	bhi.n	10002b68 <_ftoa+0x2d0>
10002c30:	2d20      	cmp	r5, #32
10002c32:	d0a3      	beq.n	10002b7c <_ftoa+0x2e4>
10002c34:	9b07      	ldr	r3, [sp, #28]
10002c36:	075a      	lsls	r2, r3, #29
10002c38:	d506      	bpl.n	10002c48 <_ftoa+0x3b0>
10002c3a:	222b      	movs	r2, #43	@ 0x2b
10002c3c:	eb0d 0305 	add.w	r3, sp, r5
10002c40:	f883 2038 	strb.w	r2, [r3, #56]	@ 0x38
10002c44:	3501      	adds	r5, #1
10002c46:	e799      	b.n	10002b7c <_ftoa+0x2e4>
10002c48:	071b      	lsls	r3, r3, #28
10002c4a:	d597      	bpl.n	10002b7c <_ftoa+0x2e4>
10002c4c:	2220      	movs	r2, #32
10002c4e:	eb0d 0305 	add.w	r3, sp, r5
10002c52:	f883 2038 	strb.w	r2, [r3, #56]	@ 0x38
10002c56:	3501      	adds	r5, #1
10002c58:	e790      	b.n	10002b7c <_ftoa+0x2e4>
10002c5a:	3401      	adds	r4, #1
10002c5c:	f024 0401 	bic.w	r4, r4, #1
10002c60:	e75a      	b.n	10002b18 <_ftoa+0x280>
10002c62:	07f9      	lsls	r1, r7, #31
10002c64:	f57f aeb4 	bpl.w	100029d0 <_ftoa+0x138>
10002c68:	e739      	b.n	10002ade <_ftoa+0x246>
10002c6a:	f1bb 0f04 	cmp.w	fp, #4
10002c6e:	f67f af08 	bls.w	10002a82 <_ftoa+0x1ea>
10002c72:	9b0c      	ldr	r3, [sp, #48]	@ 0x30
10002c74:	461d      	mov	r5, r3
10002c76:	3b04      	subs	r3, #4
10002c78:	eb03 070b 	add.w	r7, r3, fp
10002c7c:	462a      	mov	r2, r5
10002c7e:	4653      	mov	r3, sl
10002c80:	4649      	mov	r1, r9
10002c82:	2020      	movs	r0, #32
10002c84:	3501      	adds	r5, #1
10002c86:	47c0      	blx	r8
10002c88:	42af      	cmp	r7, r5
10002c8a:	d1f7      	bne.n	10002c7c <_ftoa+0x3e4>
10002c8c:	e6fa      	b.n	10002a84 <_ftoa+0x1ec>
10002c8e:	9b07      	ldr	r3, [sp, #28]
10002c90:	f003 0202 	and.w	r2, r3, #2
10002c94:	079d      	lsls	r5, r3, #30
10002c96:	9204      	str	r2, [sp, #16]
10002c98:	d025      	beq.n	10002ce6 <_ftoa+0x44e>
10002c9a:	9f0c      	ldr	r7, [sp, #48]	@ 0x30
10002c9c:	463d      	mov	r5, r7
10002c9e:	4e22      	ldr	r6, [pc, #136]	@ (10002d28 <_ftoa+0x490>)
10002ca0:	1cf4      	adds	r4, r6, #3
10002ca2:	f814 0d01 	ldrb.w	r0, [r4, #-1]!
10002ca6:	462a      	mov	r2, r5
10002ca8:	4653      	mov	r3, sl
10002caa:	4649      	mov	r1, r9
10002cac:	47c0      	blx	r8
10002cae:	42a6      	cmp	r6, r4
10002cb0:	f105 0501 	add.w	r5, r5, #1
10002cb4:	d1f5      	bne.n	10002ca2 <_ftoa+0x40a>
10002cb6:	9b04      	ldr	r3, [sp, #16]
10002cb8:	1cfc      	adds	r4, r7, #3
10002cba:	2b00      	cmp	r3, #0
10002cbc:	f43f aeff 	beq.w	10002abe <_ftoa+0x226>
10002cc0:	9d0c      	ldr	r5, [sp, #48]	@ 0x30
10002cc2:	1b63      	subs	r3, r4, r5
10002cc4:	459b      	cmp	fp, r3
10002cc6:	f67f aefa 	bls.w	10002abe <_ftoa+0x226>
10002cca:	4622      	mov	r2, r4
10002ccc:	4653      	mov	r3, sl
10002cce:	4649      	mov	r1, r9
10002cd0:	2020      	movs	r0, #32
10002cd2:	3401      	adds	r4, #1
10002cd4:	47c0      	blx	r8
10002cd6:	1b63      	subs	r3, r4, r5
10002cd8:	459b      	cmp	fp, r3
10002cda:	d8f6      	bhi.n	10002cca <_ftoa+0x432>
10002cdc:	e6ef      	b.n	10002abe <_ftoa+0x226>
10002cde:	45ab      	cmp	fp, r5
10002ce0:	f63f af42 	bhi.w	10002b68 <_ftoa+0x2d0>
10002ce4:	e74a      	b.n	10002b7c <_ftoa+0x2e4>
10002ce6:	f1bb 0f03 	cmp.w	fp, #3
10002cea:	d9d6      	bls.n	10002c9a <_ftoa+0x402>
10002cec:	9b0c      	ldr	r3, [sp, #48]	@ 0x30
10002cee:	461d      	mov	r5, r3
10002cf0:	3b03      	subs	r3, #3
10002cf2:	eb03 070b 	add.w	r7, r3, fp
10002cf6:	462a      	mov	r2, r5
10002cf8:	4653      	mov	r3, sl
10002cfa:	4649      	mov	r1, r9
10002cfc:	2020      	movs	r0, #32
10002cfe:	3501      	adds	r5, #1
10002d00:	47c0      	blx	r8
10002d02:	42bd      	cmp	r5, r7
10002d04:	d1f7      	bne.n	10002cf6 <_ftoa+0x45e>
10002d06:	e7c9      	b.n	10002c9c <_ftoa+0x404>
10002d08:	f1bb 0f00 	cmp.w	fp, #0
10002d0c:	f43f af66 	beq.w	10002bdc <_ftoa+0x344>
10002d10:	9a0d      	ldr	r2, [sp, #52]	@ 0x34
10002d12:	2a00      	cmp	r2, #0
10002d14:	d084      	beq.n	10002c20 <_ftoa+0x388>
10002d16:	f10b 3bff 	add.w	fp, fp, #4294967295	@ 0xffffffff
10002d1a:	455d      	cmp	r5, fp
10002d1c:	f4ff af24 	bcc.w	10002b68 <_ftoa+0x2d0>
10002d20:	2d20      	cmp	r5, #32
10002d22:	f47f af5f 	bne.w	10002be4 <_ftoa+0x34c>
10002d26:	e729      	b.n	10002b7c <_ftoa+0x2e4>
10002d28:	10006bc4 	.word	0x10006bc4
10002d2c:	00000000 	.word	0x00000000

10002d30 <_etoa>:
10002d30:	e92d 4ff0 	stmdb	sp!, {r4, r5, r6, r7, r8, r9, sl, fp, lr}
10002d34:	b09f      	sub	sp, #124	@ 0x7c
10002d36:	461e      	mov	r6, r3
10002d38:	e9dd ab28 	ldrd	sl, fp, [sp, #160]	@ 0xa0
10002d3c:	e9dd 982b 	ldrd	r9, r8, [sp, #172]	@ 0xac
10002d40:	9b2a      	ldr	r3, [sp, #168]	@ 0xa8
10002d42:	4604      	mov	r4, r0
10002d44:	460d      	mov	r5, r1
10002d46:	920b      	str	r2, [sp, #44]	@ 0x2c
10002d48:	930a      	str	r3, [sp, #40]	@ 0x28
10002d4a:	4652      	mov	r2, sl
10002d4c:	465b      	mov	r3, fp
10002d4e:	4650      	mov	r0, sl
10002d50:	4659      	mov	r1, fp
10002d52:	f7ff fbf1 	bl	10002538 <__wrap___aeabi_dcmpun>
10002d56:	2800      	cmp	r0, #0
10002d58:	f040 80c6 	bne.w	10002ee8 <_etoa+0x1b8>
10002d5c:	4650      	mov	r0, sl
10002d5e:	4659      	mov	r1, fp
10002d60:	f04f 32ff 	mov.w	r2, #4294967295	@ 0xffffffff
10002d64:	4b7b      	ldr	r3, [pc, #492]	@ (10002f54 <_etoa+0x224>)
10002d66:	f7ff fc35 	bl	100025d4 <__wrap___aeabi_dcmpgt>
10002d6a:	2800      	cmp	r0, #0
10002d6c:	f040 80bc 	bne.w	10002ee8 <_etoa+0x1b8>
10002d70:	4650      	mov	r0, sl
10002d72:	4659      	mov	r1, fp
10002d74:	f04f 32ff 	mov.w	r2, #4294967295	@ 0xffffffff
10002d78:	f46f 1380 	mvn.w	r3, #1048576	@ 0x100000
10002d7c:	f7ff fbee 	bl	1000255c <__wrap___aeabi_dcmplt>
10002d80:	2800      	cmp	r0, #0
10002d82:	f040 80b1 	bne.w	10002ee8 <_etoa+0x1b8>
10002d86:	4650      	mov	r0, sl
10002d88:	4659      	mov	r1, fp
10002d8a:	2200      	movs	r2, #0
10002d8c:	2300      	movs	r3, #0
10002d8e:	f7ff fbe5 	bl	1000255c <__wrap___aeabi_dcmplt>
10002d92:	2800      	cmp	r0, #0
10002d94:	f040 81dd 	bne.w	10003152 <_etoa+0x422>
10002d98:	e9cd ab08 	strd	sl, fp, [sp, #32]
10002d9c:	e9dd 1208 	ldrd	r1, r2, [sp, #32]
10002da0:	f418 6080 	ands.w	r0, r8, #1024	@ 0x400
10002da4:	460b      	mov	r3, r1
10002da6:	460f      	mov	r7, r1
10002da8:	f408 6100 	and.w	r1, r8, #2048	@ 0x800
10002dac:	920c      	str	r2, [sp, #48]	@ 0x30
10002dae:	9114      	str	r1, [sp, #80]	@ 0x50
10002db0:	9015      	str	r0, [sp, #84]	@ 0x54
10002db2:	f040 80a8 	bne.w	10002f06 <_etoa+0x1d6>
10002db6:	4313      	orrs	r3, r2
10002db8:	f040 80d0 	bne.w	10002f5c <_etoa+0x22c>
10002dbc:	2900      	cmp	r1, #0
10002dbe:	f040 81ec 	bne.w	1000319a <_etoa+0x46a>
10002dc2:	2306      	movs	r3, #6
10002dc4:	930a      	str	r3, [sp, #40]	@ 0x28
10002dc6:	f018 0202 	ands.w	r2, r8, #2
10002dca:	9210      	str	r2, [sp, #64]	@ 0x40
10002dcc:	f040 81dd 	bne.w	1000318a <_etoa+0x45a>
10002dd0:	464b      	mov	r3, r9
10002dd2:	2b04      	cmp	r3, #4
10002dd4:	bf38      	it	cc
10002dd6:	2304      	movcc	r3, #4
10002dd8:	920e      	str	r2, [sp, #56]	@ 0x38
10002dda:	2204      	movs	r2, #4
10002ddc:	3b04      	subs	r3, #4
10002dde:	9212      	str	r2, [sp, #72]	@ 0x48
10002de0:	9314      	str	r3, [sp, #80]	@ 0x50
10002de2:	4650      	mov	r0, sl
10002de4:	4659      	mov	r1, fp
10002de6:	2200      	movs	r2, #0
10002de8:	2300      	movs	r3, #0
10002dea:	f7ff fbb7 	bl	1000255c <__wrap___aeabi_dcmplt>
10002dee:	2800      	cmp	r0, #0
10002df0:	f040 822a 	bne.w	10003248 <_etoa+0x518>
10002df4:	ed9d 7b08 	vldr	d7, [sp, #32]
10002df8:	9b14      	ldr	r3, [sp, #80]	@ 0x50
10002dfa:	9a0b      	ldr	r2, [sp, #44]	@ 0x2c
10002dfc:	9303      	str	r3, [sp, #12]
10002dfe:	9b0a      	ldr	r3, [sp, #40]	@ 0x28
10002e00:	ed8d 7b00 	vstr	d7, [sp]
10002e04:	9302      	str	r3, [sp, #8]
10002e06:	f428 6300 	bic.w	r3, r8, #2048	@ 0x800
10002e0a:	9304      	str	r3, [sp, #16]
10002e0c:	4629      	mov	r1, r5
10002e0e:	4633      	mov	r3, r6
10002e10:	4620      	mov	r0, r4
10002e12:	f7ff fd41 	bl	10002898 <_ftoa>
10002e16:	4602      	mov	r2, r0
10002e18:	f018 0f20 	tst.w	r8, #32
10002e1c:	4633      	mov	r3, r6
10002e1e:	4629      	mov	r1, r5
10002e20:	bf0c      	ite	eq
10002e22:	2065      	moveq	r0, #101	@ 0x65
10002e24:	2045      	movne	r0, #69	@ 0x45
10002e26:	f102 0801 	add.w	r8, r2, #1
10002e2a:	47a0      	blx	r4
10002e2c:	9b12      	ldr	r3, [sp, #72]	@ 0x48
10002e2e:	f10d 0a58 	add.w	sl, sp, #88	@ 0x58
10002e32:	f103 3bff 	add.w	fp, r3, #4294967295	@ 0xffffffff
10002e36:	9b0e      	ldr	r3, [sp, #56]	@ 0x38
10002e38:	2200      	movs	r2, #0
10002e3a:	ea83 7ce3 	eor.w	ip, r3, r3, asr #31
10002e3e:	4650      	mov	r0, sl
10002e40:	f8df e114 	ldr.w	lr, [pc, #276]	@ 10002f58 <_etoa+0x228>
10002e44:	9f0b      	ldr	r7, [sp, #44]	@ 0x2c
10002e46:	ebac 7ce3 	sub.w	ip, ip, r3, asr #31
10002e4a:	0fd9      	lsrs	r1, r3, #31
10002e4c:	f8cd 8020 	str.w	r8, [sp, #32]
10002e50:	e002      	b.n	10002e58 <_etoa+0x128>
10002e52:	2a20      	cmp	r2, #32
10002e54:	46c4      	mov	ip, r8
10002e56:	d010      	beq.n	10002e7a <_etoa+0x14a>
10002e58:	fbae 380c 	umull	r3, r8, lr, ip
10002e5c:	ea4f 08d8 	mov.w	r8, r8, lsr #3
10002e60:	eb08 0388 	add.w	r3, r8, r8, lsl #2
10002e64:	ebac 0343 	sub.w	r3, ip, r3, lsl #1
10002e68:	3001      	adds	r0, #1
10002e6a:	3330      	adds	r3, #48	@ 0x30
10002e6c:	f1bc 0f09 	cmp.w	ip, #9
10002e70:	f102 0201 	add.w	r2, r2, #1
10002e74:	f800 3c01 	strb.w	r3, [r0, #-1]
10002e78:	d8eb      	bhi.n	10002e52 <_etoa+0x122>
10002e7a:	2305      	movs	r3, #5
10002e7c:	f04f 0c00 	mov.w	ip, #0
10002e80:	9306      	str	r3, [sp, #24]
10002e82:	230a      	movs	r3, #10
10002e84:	f8dd 8020 	ldr.w	r8, [sp, #32]
10002e88:	e9cd 2101 	strd	r2, r1, [sp, #4]
10002e8c:	e9cd 3c03 	strd	r3, ip, [sp, #12]
10002e90:	f8cd a000 	str.w	sl, [sp]
10002e94:	4633      	mov	r3, r6
10002e96:	4642      	mov	r2, r8
10002e98:	4629      	mov	r1, r5
10002e9a:	4620      	mov	r0, r4
10002e9c:	f8cd b014 	str.w	fp, [sp, #20]
10002ea0:	f7ff fc02 	bl	100026a8 <_ntoa_format>
10002ea4:	9b10      	ldr	r3, [sp, #64]	@ 0x40
10002ea6:	4682      	mov	sl, r0
10002ea8:	b1d3      	cbz	r3, 10002ee0 <_etoa+0x1b0>
10002eaa:	eba0 0807 	sub.w	r8, r0, r7
10002eae:	45c1      	cmp	r9, r8
10002eb0:	d916      	bls.n	10002ee0 <_etoa+0x1b0>
10002eb2:	eb07 0208 	add.w	r2, r7, r8
10002eb6:	4633      	mov	r3, r6
10002eb8:	4629      	mov	r1, r5
10002eba:	2020      	movs	r0, #32
10002ebc:	f108 0801 	add.w	r8, r8, #1
10002ec0:	47a0      	blx	r4
10002ec2:	45c1      	cmp	r9, r8
10002ec4:	d8f5      	bhi.n	10002eb2 <_etoa+0x182>
10002ec6:	1e7b      	subs	r3, r7, #1
10002ec8:	444b      	add	r3, r9
10002eca:	f1c7 0201 	rsb	r2, r7, #1
10002ece:	eba3 030a 	sub.w	r3, r3, sl
10002ed2:	4452      	add	r2, sl
10002ed4:	4591      	cmp	r9, r2
10002ed6:	bf38      	it	cc
10002ed8:	2300      	movcc	r3, #0
10002eda:	f10a 0a01 	add.w	sl, sl, #1
10002ede:	449a      	add	sl, r3
10002ee0:	4650      	mov	r0, sl
10002ee2:	b01f      	add	sp, #124	@ 0x7c
10002ee4:	e8bd 8ff0 	ldmia.w	sp!, {r4, r5, r6, r7, r8, r9, sl, fp, pc}
10002ee8:	4633      	mov	r3, r6
10002eea:	4629      	mov	r1, r5
10002eec:	4620      	mov	r0, r4
10002eee:	e9cd ab28 	strd	sl, fp, [sp, #160]	@ 0xa0
10002ef2:	9c0a      	ldr	r4, [sp, #40]	@ 0x28
10002ef4:	e9cd 982b 	strd	r9, r8, [sp, #172]	@ 0xac
10002ef8:	9a0b      	ldr	r2, [sp, #44]	@ 0x2c
10002efa:	942a      	str	r4, [sp, #168]	@ 0xa8
10002efc:	b01f      	add	sp, #124	@ 0x7c
10002efe:	e8bd 4ff0 	ldmia.w	sp!, {r4, r5, r6, r7, r8, r9, sl, fp, lr}
10002f02:	f7ff bcc9 	b.w	10002898 <_ftoa>
10002f06:	ea57 0302 	orrs.w	r3, r7, r2
10002f0a:	d129      	bne.n	10002f60 <_etoa+0x230>
10002f0c:	2900      	cmp	r1, #0
10002f0e:	f43f af5a 	beq.w	10002dc6 <_etoa+0x96>
10002f12:	2300      	movs	r3, #0
10002f14:	930e      	str	r3, [sp, #56]	@ 0x38
10002f16:	9b0a      	ldr	r3, [sp, #40]	@ 0x28
10002f18:	9a0e      	ldr	r2, [sp, #56]	@ 0x38
10002f1a:	4293      	cmp	r3, r2
10002f1c:	f300 81ba 	bgt.w	10003294 <_etoa+0x564>
10002f20:	2700      	movs	r7, #0
10002f22:	4650      	mov	r0, sl
10002f24:	4659      	mov	r1, fp
10002f26:	2200      	movs	r2, #0
10002f28:	2300      	movs	r3, #0
10002f2a:	f7ff fb17 	bl	1000255c <__wrap___aeabi_dcmplt>
10002f2e:	2800      	cmp	r0, #0
10002f30:	f040 8115 	bne.w	1000315e <_etoa+0x42e>
10002f34:	ed9d 7b08 	vldr	d7, [sp, #32]
10002f38:	f428 6300 	bic.w	r3, r8, #2048	@ 0x800
10002f3c:	f443 6380 	orr.w	r3, r3, #1024	@ 0x400
10002f40:	932c      	str	r3, [sp, #176]	@ 0xb0
10002f42:	ed8d 7b28 	vstr	d7, [sp, #160]	@ 0xa0
10002f46:	4633      	mov	r3, r6
10002f48:	4629      	mov	r1, r5
10002f4a:	4620      	mov	r0, r4
10002f4c:	e9cd 792a 	strd	r7, r9, [sp, #168]	@ 0xa8
10002f50:	9a0b      	ldr	r2, [sp, #44]	@ 0x2c
10002f52:	e7d3      	b.n	10002efc <_etoa+0x1cc>
10002f54:	7fefffff 	.word	0x7fefffff
10002f58:	cccccccd 	.word	0xcccccccd
10002f5c:	2306      	movs	r3, #6
10002f5e:	930a      	str	r3, [sp, #40]	@ 0x28
10002f60:	9b0c      	ldr	r3, [sp, #48]	@ 0x30
10002f62:	f3c3 500a 	ubfx	r0, r3, #20, #11
10002f66:	f2a0 30ff 	subw	r0, r0, #1023	@ 0x3ff
10002f6a:	f7ff fa9d 	bl	100024a8 <__wrap___aeabi_i2d>
10002f6e:	a3b2      	add	r3, pc, #712	@ (adr r3, 10003238 <_etoa+0x508>)
10002f70:	e9d3 2300 	ldrd	r2, r3, [r3]
10002f74:	f7ff fa26 	bl	100023c4 <__wrap___aeabi_dmul>
10002f78:	a3b1      	add	r3, pc, #708	@ (adr r3, 10003240 <_etoa+0x510>)
10002f7a:	e9d3 2300 	ldrd	r2, r3, [r3]
10002f7e:	f7ff f9f9 	bl	10002374 <__wrap___aeabi_dadd>
10002f82:	9b0c      	ldr	r3, [sp, #48]	@ 0x30
10002f84:	e9cd 010e 	strd	r0, r1, [sp, #56]	@ 0x38
10002f88:	f3c3 0313 	ubfx	r3, r3, #0, #20
10002f8c:	f043 517f 	orr.w	r1, r3, #1069547520	@ 0x3fc00000
10002f90:	4638      	mov	r0, r7
10002f92:	2200      	movs	r2, #0
10002f94:	4ba2      	ldr	r3, [pc, #648]	@ (10003220 <_etoa+0x4f0>)
10002f96:	f441 1140 	orr.w	r1, r1, #3145728	@ 0x300000
10002f9a:	f7ff f9ff 	bl	1000239c <__wrap___aeabi_dsub>
10002f9e:	a394      	add	r3, pc, #592	@ (adr r3, 100031f0 <_etoa+0x4c0>)
10002fa0:	e9d3 2300 	ldrd	r2, r3, [r3]
10002fa4:	f7ff fa0e 	bl	100023c4 <__wrap___aeabi_dmul>
10002fa8:	4602      	mov	r2, r0
10002faa:	460b      	mov	r3, r1
10002fac:	e9dd 010e 	ldrd	r0, r1, [sp, #56]	@ 0x38
10002fb0:	f7ff f9e0 	bl	10002374 <__wrap___aeabi_dadd>
10002fb4:	f7ff fa9c 	bl	100024f0 <__wrap___aeabi_d2iz>
10002fb8:	900e      	str	r0, [sp, #56]	@ 0x38
10002fba:	f7ff fa75 	bl	100024a8 <__wrap___aeabi_i2d>
10002fbe:	a38e      	add	r3, pc, #568	@ (adr r3, 100031f8 <_etoa+0x4c8>)
10002fc0:	e9d3 2300 	ldrd	r2, r3, [r3]
10002fc4:	e9cd 010c 	strd	r0, r1, [sp, #48]	@ 0x30
10002fc8:	f7ff f9fc 	bl	100023c4 <__wrap___aeabi_dmul>
10002fcc:	2200      	movs	r2, #0
10002fce:	4b95      	ldr	r3, [pc, #596]	@ (10003224 <_etoa+0x4f4>)
10002fd0:	f7ff f9d0 	bl	10002374 <__wrap___aeabi_dadd>
10002fd4:	f7ff fa8c 	bl	100024f0 <__wrap___aeabi_d2iz>
10002fd8:	a389      	add	r3, pc, #548	@ (adr r3, 10003200 <_etoa+0x4d0>)
10002fda:	e9d3 2300 	ldrd	r2, r3, [r3]
10002fde:	4607      	mov	r7, r0
10002fe0:	e9dd 010c 	ldrd	r0, r1, [sp, #48]	@ 0x30
10002fe4:	f7ff f9ee 	bl	100023c4 <__wrap___aeabi_dmul>
10002fe8:	e9cd 010c 	strd	r0, r1, [sp, #48]	@ 0x30
10002fec:	4638      	mov	r0, r7
10002fee:	f7ff fa5b 	bl	100024a8 <__wrap___aeabi_i2d>
10002ff2:	a385      	add	r3, pc, #532	@ (adr r3, 10003208 <_etoa+0x4d8>)
10002ff4:	e9d3 2300 	ldrd	r2, r3, [r3]
10002ff8:	f7ff f9e4 	bl	100023c4 <__wrap___aeabi_dmul>
10002ffc:	4602      	mov	r2, r0
10002ffe:	460b      	mov	r3, r1
10003000:	e9dd 010c 	ldrd	r0, r1, [sp, #48]	@ 0x30
10003004:	f7ff f9ca 	bl	1000239c <__wrap___aeabi_dsub>
10003008:	4602      	mov	r2, r0
1000300a:	460b      	mov	r3, r1
1000300c:	e9cd 230c 	strd	r2, r3, [sp, #48]	@ 0x30
10003010:	f7ff f9d8 	bl	100023c4 <__wrap___aeabi_dmul>
10003014:	e9cd 0110 	strd	r0, r1, [sp, #64]	@ 0x40
10003018:	e9dd 010c 	ldrd	r0, r1, [sp, #48]	@ 0x30
1000301c:	4602      	mov	r2, r0
1000301e:	460b      	mov	r3, r1
10003020:	f7ff f9a8 	bl	10002374 <__wrap___aeabi_dadd>
10003024:	2200      	movs	r2, #0
10003026:	e9cd 0112 	strd	r0, r1, [sp, #72]	@ 0x48
1000302a:	e9dd 0110 	ldrd	r0, r1, [sp, #64]	@ 0x40
1000302e:	4b7e      	ldr	r3, [pc, #504]	@ (10003228 <_etoa+0x4f8>)
10003030:	f7ff f9ec 	bl	1000240c <__wrap___aeabi_ddiv>
10003034:	2200      	movs	r2, #0
10003036:	4b7d      	ldr	r3, [pc, #500]	@ (1000322c <_etoa+0x4fc>)
10003038:	f7ff f99c 	bl	10002374 <__wrap___aeabi_dadd>
1000303c:	4602      	mov	r2, r0
1000303e:	460b      	mov	r3, r1
10003040:	e9dd 0110 	ldrd	r0, r1, [sp, #64]	@ 0x40
10003044:	f7ff f9e2 	bl	1000240c <__wrap___aeabi_ddiv>
10003048:	2200      	movs	r2, #0
1000304a:	4b79      	ldr	r3, [pc, #484]	@ (10003230 <_etoa+0x500>)
1000304c:	f7ff f992 	bl	10002374 <__wrap___aeabi_dadd>
10003050:	4602      	mov	r2, r0
10003052:	460b      	mov	r3, r1
10003054:	e9dd 0110 	ldrd	r0, r1, [sp, #64]	@ 0x40
10003058:	f7ff f9d8 	bl	1000240c <__wrap___aeabi_ddiv>
1000305c:	e9cd 0110 	strd	r0, r1, [sp, #64]	@ 0x40
10003060:	e9dd 230c 	ldrd	r2, r3, [sp, #48]	@ 0x30
10003064:	2000      	movs	r0, #0
10003066:	f04f 4180 	mov.w	r1, #1073741824	@ 0x40000000
1000306a:	f7ff f997 	bl	1000239c <__wrap___aeabi_dsub>
1000306e:	4602      	mov	r2, r0
10003070:	460b      	mov	r3, r1
10003072:	e9dd 0110 	ldrd	r0, r1, [sp, #64]	@ 0x40
10003076:	f7ff f97d 	bl	10002374 <__wrap___aeabi_dadd>
1000307a:	4602      	mov	r2, r0
1000307c:	460b      	mov	r3, r1
1000307e:	e9dd 0112 	ldrd	r0, r1, [sp, #72]	@ 0x48
10003082:	f7ff f9c3 	bl	1000240c <__wrap___aeabi_ddiv>
10003086:	2200      	movs	r2, #0
10003088:	4b6a      	ldr	r3, [pc, #424]	@ (10003234 <_etoa+0x504>)
1000308a:	f7ff f973 	bl	10002374 <__wrap___aeabi_dadd>
1000308e:	f207 3cff 	addw	ip, r7, #1023	@ 0x3ff
10003092:	2200      	movs	r2, #0
10003094:	ea4f 530c 	mov.w	r3, ip, lsl #20
10003098:	f7ff f994 	bl	100023c4 <__wrap___aeabi_dmul>
1000309c:	4602      	mov	r2, r0
1000309e:	460b      	mov	r3, r1
100030a0:	e9dd 0108 	ldrd	r0, r1, [sp, #32]
100030a4:	e9cd 230c 	strd	r2, r3, [sp, #48]	@ 0x30
100030a8:	f7ff fa58 	bl	1000255c <__wrap___aeabi_dcmplt>
100030ac:	b150      	cbz	r0, 100030c4 <_etoa+0x394>
100030ae:	e9dd 010c 	ldrd	r0, r1, [sp, #48]	@ 0x30
100030b2:	9b0e      	ldr	r3, [sp, #56]	@ 0x38
100030b4:	2200      	movs	r2, #0
100030b6:	3b01      	subs	r3, #1
100030b8:	930e      	str	r3, [sp, #56]	@ 0x38
100030ba:	4b5c      	ldr	r3, [pc, #368]	@ (1000322c <_etoa+0x4fc>)
100030bc:	f7ff f9a6 	bl	1000240c <__wrap___aeabi_ddiv>
100030c0:	e9cd 010c 	strd	r0, r1, [sp, #48]	@ 0x30
100030c4:	e9dd 010c 	ldrd	r0, r1, [sp, #48]	@ 0x30
100030c8:	9b0e      	ldr	r3, [sp, #56]	@ 0x38
100030ca:	4602      	mov	r2, r0
100030cc:	3363      	adds	r3, #99	@ 0x63
100030ce:	2bc6      	cmp	r3, #198	@ 0xc6
100030d0:	f008 0302 	and.w	r3, r8, #2
100030d4:	9310      	str	r3, [sp, #64]	@ 0x40
100030d6:	9b14      	ldr	r3, [sp, #80]	@ 0x50
100030d8:	d82d      	bhi.n	10003136 <_etoa+0x406>
100030da:	2b00      	cmp	r3, #0
100030dc:	d05f      	beq.n	1000319e <_etoa+0x46e>
100030de:	2304      	movs	r3, #4
100030e0:	9312      	str	r3, [sp, #72]	@ 0x48
100030e2:	430a      	orrs	r2, r1
100030e4:	f43f af17 	beq.w	10002f16 <_etoa+0x1e6>
100030e8:	e9dd 0108 	ldrd	r0, r1, [sp, #32]
100030ec:	a348      	add	r3, pc, #288	@ (adr r3, 10003210 <_etoa+0x4e0>)
100030ee:	e9d3 2300 	ldrd	r2, r3, [r3]
100030f2:	f7ff fa5b 	bl	100025ac <__wrap___aeabi_dcmpge>
100030f6:	b148      	cbz	r0, 1000310c <_etoa+0x3dc>
100030f8:	e9dd 0108 	ldrd	r0, r1, [sp, #32]
100030fc:	a346      	add	r3, pc, #280	@ (adr r3, 10003218 <_etoa+0x4e8>)
100030fe:	e9d3 2300 	ldrd	r2, r3, [r3]
10003102:	f7ff fa2b 	bl	1000255c <__wrap___aeabi_dcmplt>
10003106:	2800      	cmp	r0, #0
10003108:	f47f af05 	bne.w	10002f16 <_etoa+0x1e6>
1000310c:	9b0a      	ldr	r3, [sp, #40]	@ 0x28
1000310e:	2b00      	cmp	r3, #0
10003110:	d051      	beq.n	100031b6 <_etoa+0x486>
10003112:	9a15      	ldr	r2, [sp, #84]	@ 0x54
10003114:	2a00      	cmp	r2, #0
10003116:	f000 80ac 	beq.w	10003272 <_etoa+0x542>
1000311a:	3b01      	subs	r3, #1
1000311c:	930a      	str	r3, [sp, #40]	@ 0x28
1000311e:	9b12      	ldr	r3, [sp, #72]	@ 0x48
10003120:	4599      	cmp	r9, r3
10003122:	d905      	bls.n	10003130 <_etoa+0x400>
10003124:	9b10      	ldr	r3, [sp, #64]	@ 0x40
10003126:	2b00      	cmp	r3, #0
10003128:	f000 80af 	beq.w	1000328a <_etoa+0x55a>
1000312c:	2302      	movs	r3, #2
1000312e:	9310      	str	r3, [sp, #64]	@ 0x40
10003130:	2300      	movs	r3, #0
10003132:	9314      	str	r3, [sp, #80]	@ 0x50
10003134:	e044      	b.n	100031c0 <_etoa+0x490>
10003136:	bb2b      	cbnz	r3, 10003184 <_etoa+0x454>
10003138:	f1b9 0f05 	cmp.w	r9, #5
1000313c:	d94f      	bls.n	100031de <_etoa+0x4ae>
1000313e:	f008 0302 	and.w	r3, r8, #2
10003142:	2b00      	cmp	r3, #0
10003144:	d149      	bne.n	100031da <_etoa+0x4aa>
10003146:	2305      	movs	r3, #5
10003148:	9312      	str	r3, [sp, #72]	@ 0x48
1000314a:	f1a9 0305 	sub.w	r3, r9, #5
1000314e:	9314      	str	r3, [sp, #80]	@ 0x50
10003150:	e03a      	b.n	100031c8 <_etoa+0x498>
10003152:	f10b 4300 	add.w	r3, fp, #2147483648	@ 0x80000000
10003156:	f8cd a020 	str.w	sl, [sp, #32]
1000315a:	9309      	str	r3, [sp, #36]	@ 0x24
1000315c:	e61e      	b.n	10002d9c <_etoa+0x6c>
1000315e:	f428 6300 	bic.w	r3, r8, #2048	@ 0x800
10003162:	f443 6380 	orr.w	r3, r3, #1024	@ 0x400
10003166:	4620      	mov	r0, r4
10003168:	e9cd 792a 	strd	r7, r9, [sp, #168]	@ 0xa8
1000316c:	932c      	str	r3, [sp, #176]	@ 0xb0
1000316e:	4633      	mov	r3, r6
10003170:	e9dd 6708 	ldrd	r6, r7, [sp, #32]
10003174:	4634      	mov	r4, r6
10003176:	4629      	mov	r1, r5
10003178:	f107 4500 	add.w	r5, r7, #2147483648	@ 0x80000000
1000317c:	e9cd 4528 	strd	r4, r5, [sp, #160]	@ 0xa0
10003180:	9a0b      	ldr	r2, [sp, #44]	@ 0x2c
10003182:	e6bb      	b.n	10002efc <_etoa+0x1cc>
10003184:	2305      	movs	r3, #5
10003186:	9312      	str	r3, [sp, #72]	@ 0x48
10003188:	e7ab      	b.n	100030e2 <_etoa+0x3b2>
1000318a:	2202      	movs	r2, #2
1000318c:	2300      	movs	r3, #0
1000318e:	9210      	str	r2, [sp, #64]	@ 0x40
10003190:	2204      	movs	r2, #4
10003192:	9314      	str	r3, [sp, #80]	@ 0x50
10003194:	9212      	str	r2, [sp, #72]	@ 0x48
10003196:	930e      	str	r3, [sp, #56]	@ 0x38
10003198:	e623      	b.n	10002de2 <_etoa+0xb2>
1000319a:	2705      	movs	r7, #5
1000319c:	e6c1      	b.n	10002f22 <_etoa+0x1f2>
1000319e:	f1b9 0f04 	cmp.w	r9, #4
100031a2:	d91f      	bls.n	100031e4 <_etoa+0x4b4>
100031a4:	9b10      	ldr	r3, [sp, #64]	@ 0x40
100031a6:	2b00      	cmp	r3, #0
100031a8:	d177      	bne.n	1000329a <_etoa+0x56a>
100031aa:	2304      	movs	r3, #4
100031ac:	9312      	str	r3, [sp, #72]	@ 0x48
100031ae:	f1a9 0304 	sub.w	r3, r9, #4
100031b2:	9314      	str	r3, [sp, #80]	@ 0x50
100031b4:	e004      	b.n	100031c0 <_etoa+0x490>
100031b6:	9b12      	ldr	r3, [sp, #72]	@ 0x48
100031b8:	4599      	cmp	r9, r3
100031ba:	d85f      	bhi.n	1000327c <_etoa+0x54c>
100031bc:	9b0a      	ldr	r3, [sp, #40]	@ 0x28
100031be:	9314      	str	r3, [sp, #80]	@ 0x50
100031c0:	9b0e      	ldr	r3, [sp, #56]	@ 0x38
100031c2:	2b00      	cmp	r3, #0
100031c4:	f43f ae0d 	beq.w	10002de2 <_etoa+0xb2>
100031c8:	e9dd 0108 	ldrd	r0, r1, [sp, #32]
100031cc:	e9dd 230c 	ldrd	r2, r3, [sp, #48]	@ 0x30
100031d0:	f7ff f91c 	bl	1000240c <__wrap___aeabi_ddiv>
100031d4:	e9cd 0108 	strd	r0, r1, [sp, #32]
100031d8:	e603      	b.n	10002de2 <_etoa+0xb2>
100031da:	2302      	movs	r3, #2
100031dc:	9310      	str	r3, [sp, #64]	@ 0x40
100031de:	2305      	movs	r3, #5
100031e0:	9312      	str	r3, [sp, #72]	@ 0x48
100031e2:	e7f1      	b.n	100031c8 <_etoa+0x498>
100031e4:	2304      	movs	r3, #4
100031e6:	9312      	str	r3, [sp, #72]	@ 0x48
100031e8:	e7ea      	b.n	100031c0 <_etoa+0x490>
100031ea:	bf00      	nop
100031ec:	f3af 8000 	nop.w
100031f0:	636f4361 	.word	0x636f4361
100031f4:	3fd287a7 	.word	0x3fd287a7
100031f8:	0979a371 	.word	0x0979a371
100031fc:	400a934f 	.word	0x400a934f
10003200:	bbb55516 	.word	0xbbb55516
10003204:	40026bb1 	.word	0x40026bb1
10003208:	fefa39ef 	.word	0xfefa39ef
1000320c:	3fe62e42 	.word	0x3fe62e42
10003210:	eb1c432d 	.word	0xeb1c432d
10003214:	3f1a36e2 	.word	0x3f1a36e2
10003218:	00000000 	.word	0x00000000
1000321c:	412e8480 	.word	0x412e8480
10003220:	3ff80000 	.word	0x3ff80000
10003224:	3fe00000 	.word	0x3fe00000
10003228:	402c0000 	.word	0x402c0000
1000322c:	40240000 	.word	0x40240000
10003230:	40180000 	.word	0x40180000
10003234:	3ff00000 	.word	0x3ff00000
10003238:	509f79fb 	.word	0x509f79fb
1000323c:	3fd34413 	.word	0x3fd34413
10003240:	8b60c8b3 	.word	0x8b60c8b3
10003244:	3fc68a28 	.word	0x3fc68a28
10003248:	9b14      	ldr	r3, [sp, #80]	@ 0x50
1000324a:	e9dd a708 	ldrd	sl, r7, [sp, #32]
1000324e:	9303      	str	r3, [sp, #12]
10003250:	9b0a      	ldr	r3, [sp, #40]	@ 0x28
10003252:	f107 4b00 	add.w	fp, r7, #2147483648	@ 0x80000000
10003256:	9302      	str	r3, [sp, #8]
10003258:	f428 6300 	bic.w	r3, r8, #2048	@ 0x800
1000325c:	9a0b      	ldr	r2, [sp, #44]	@ 0x2c
1000325e:	9304      	str	r3, [sp, #16]
10003260:	4629      	mov	r1, r5
10003262:	4633      	mov	r3, r6
10003264:	4620      	mov	r0, r4
10003266:	e9cd ab00 	strd	sl, fp, [sp]
1000326a:	f7ff fb15 	bl	10002898 <_ftoa>
1000326e:	4602      	mov	r2, r0
10003270:	e5d2      	b.n	10002e18 <_etoa+0xe8>
10003272:	9b12      	ldr	r3, [sp, #72]	@ 0x48
10003274:	4599      	cmp	r9, r3
10003276:	d815      	bhi.n	100032a4 <_etoa+0x574>
10003278:	9214      	str	r2, [sp, #80]	@ 0x50
1000327a:	e7a1      	b.n	100031c0 <_etoa+0x490>
1000327c:	9b10      	ldr	r3, [sp, #64]	@ 0x40
1000327e:	b123      	cbz	r3, 1000328a <_etoa+0x55a>
10003280:	9b0a      	ldr	r3, [sp, #40]	@ 0x28
10003282:	9314      	str	r3, [sp, #80]	@ 0x50
10003284:	2302      	movs	r3, #2
10003286:	9310      	str	r3, [sp, #64]	@ 0x40
10003288:	e79a      	b.n	100031c0 <_etoa+0x490>
1000328a:	9b12      	ldr	r3, [sp, #72]	@ 0x48
1000328c:	eba9 0303 	sub.w	r3, r9, r3
10003290:	9314      	str	r3, [sp, #80]	@ 0x50
10003292:	e795      	b.n	100031c0 <_etoa+0x490>
10003294:	1a9b      	subs	r3, r3, r2
10003296:	1e5f      	subs	r7, r3, #1
10003298:	e643      	b.n	10002f22 <_etoa+0x1f2>
1000329a:	2304      	movs	r3, #4
1000329c:	9312      	str	r3, [sp, #72]	@ 0x48
1000329e:	2302      	movs	r3, #2
100032a0:	9310      	str	r3, [sp, #64]	@ 0x40
100032a2:	e78d      	b.n	100031c0 <_etoa+0x490>
100032a4:	9b10      	ldr	r3, [sp, #64]	@ 0x40
100032a6:	2b00      	cmp	r3, #0
100032a8:	d0ef      	beq.n	1000328a <_etoa+0x55a>
100032aa:	2302      	movs	r3, #2
100032ac:	9214      	str	r2, [sp, #80]	@ 0x50
100032ae:	9310      	str	r3, [sp, #64]	@ 0x40
100032b0:	e786      	b.n	100031c0 <_etoa+0x490>
100032b2:	bf00      	nop

100032b4 <_vsnprintf>:
100032b4:	e92d 4ff0 	stmdb	sp!, {r4, r5, r6, r7, r8, r9, sl, fp, lr}
100032b8:	4691      	mov	r9, r2
100032ba:	4c9a      	ldr	r4, [pc, #616]	@ (10003524 <_vsnprintf+0x270>)
100032bc:	4a9a      	ldr	r2, [pc, #616]	@ (10003528 <_vsnprintf+0x274>)
100032be:	f1b1 0a00 	subs.w	sl, r1, #0
100032c2:	b09b      	sub	sp, #108	@ 0x6c
100032c4:	bf18      	it	ne
100032c6:	4683      	movne	fp, r0
100032c8:	6014      	str	r4, [r2, #0]
100032ca:	7818      	ldrb	r0, [r3, #0]
100032cc:	4a97      	ldr	r2, [pc, #604]	@ (1000352c <_vsnprintf+0x278>)
100032ce:	f8dd 8090 	ldr.w	r8, [sp, #144]	@ 0x90
100032d2:	bf08      	it	eq
100032d4:	4693      	moveq	fp, r2
100032d6:	2800      	cmp	r0, #0
100032d8:	f000 828a 	beq.w	100037f0 <_vsnprintf+0x53c>
100032dc:	461d      	mov	r5, r3
100032de:	2600      	movs	r6, #0
100032e0:	f8cd 9020 	str.w	r9, [sp, #32]
100032e4:	e008      	b.n	100032f8 <_vsnprintf+0x44>
100032e6:	4632      	mov	r2, r6
100032e8:	4651      	mov	r1, sl
100032ea:	9b08      	ldr	r3, [sp, #32]
100032ec:	47d8      	blx	fp
100032ee:	3601      	adds	r6, #1
100032f0:	7828      	ldrb	r0, [r5, #0]
100032f2:	2800      	cmp	r0, #0
100032f4:	f000 80c7 	beq.w	10003486 <_vsnprintf+0x1d2>
100032f8:	2825      	cmp	r0, #37	@ 0x25
100032fa:	f105 0501 	add.w	r5, r5, #1
100032fe:	d1f2      	bne.n	100032e6 <_vsnprintf+0x32>
10003300:	2200      	movs	r2, #0
10003302:	462b      	mov	r3, r5
10003304:	f813 1b01 	ldrb.w	r1, [r3], #1
10003308:	f1a1 0020 	sub.w	r0, r1, #32
1000330c:	2810      	cmp	r0, #16
1000330e:	d80a      	bhi.n	10003326 <_vsnprintf+0x72>
10003310:	e8df f000 	tbb	[pc, r0]
10003314:	3b09093f 	.word	0x3b09093f
10003318:	09090909 	.word	0x09090909
1000331c:	37090909 	.word	0x37090909
10003320:	09093309 	.word	0x09093309
10003324:	2f          	.byte	0x2f
10003325:	00          	.byte	0x00
10003326:	f1a1 0030 	sub.w	r0, r1, #48	@ 0x30
1000332a:	2809      	cmp	r0, #9
1000332c:	f240 8089 	bls.w	10003442 <_vsnprintf+0x18e>
10003330:	292a      	cmp	r1, #42	@ 0x2a
10003332:	f000 80e9 	beq.w	10003508 <_vsnprintf+0x254>
10003336:	2400      	movs	r4, #0
10003338:	292e      	cmp	r1, #46	@ 0x2e
1000333a:	f000 8094 	beq.w	10003466 <_vsnprintf+0x1b2>
1000333e:	2700      	movs	r7, #0
10003340:	f1a1 0068 	sub.w	r0, r1, #104	@ 0x68
10003344:	2812      	cmp	r0, #18
10003346:	d82c      	bhi.n	100033a2 <_vsnprintf+0xee>
10003348:	e8df f010 	tbh	[pc, r0, lsl #1]
1000334c:	002b014e 	.word	0x002b014e
10003350:	002b0149 	.word	0x002b0149
10003354:	002b0140 	.word	0x002b0140
10003358:	002b002b 	.word	0x002b002b
1000335c:	002b002b 	.word	0x002b002b
10003360:	002b002b 	.word	0x002b002b
10003364:	002b0027 	.word	0x002b0027
10003368:	002b002b 	.word	0x002b002b
1000336c:	002b002b 	.word	0x002b002b
10003370:	0027      	.short	0x0027
10003372:	461d      	mov	r5, r3
10003374:	f042 0201 	orr.w	r2, r2, #1
10003378:	e7c3      	b.n	10003302 <_vsnprintf+0x4e>
1000337a:	461d      	mov	r5, r3
1000337c:	f042 0202 	orr.w	r2, r2, #2
10003380:	e7bf      	b.n	10003302 <_vsnprintf+0x4e>
10003382:	461d      	mov	r5, r3
10003384:	f042 0204 	orr.w	r2, r2, #4
10003388:	e7bb      	b.n	10003302 <_vsnprintf+0x4e>
1000338a:	461d      	mov	r5, r3
1000338c:	f042 0210 	orr.w	r2, r2, #16
10003390:	e7b7      	b.n	10003302 <_vsnprintf+0x4e>
10003392:	461d      	mov	r5, r3
10003394:	f042 0208 	orr.w	r2, r2, #8
10003398:	e7b3      	b.n	10003302 <_vsnprintf+0x4e>
1000339a:	7869      	ldrb	r1, [r5, #1]
1000339c:	f442 7280 	orr.w	r2, r2, #256	@ 0x100
100033a0:	3301      	adds	r3, #1
100033a2:	2967      	cmp	r1, #103	@ 0x67
100033a4:	461d      	mov	r5, r3
100033a6:	d87e      	bhi.n	100034a6 <_vsnprintf+0x1f2>
100033a8:	2924      	cmp	r1, #36	@ 0x24
100033aa:	f240 80b8 	bls.w	1000351e <_vsnprintf+0x26a>
100033ae:	f1a1 0325 	sub.w	r3, r1, #37	@ 0x25
100033b2:	2b42      	cmp	r3, #66	@ 0x42
100033b4:	f200 80b3 	bhi.w	1000351e <_vsnprintf+0x26a>
100033b8:	e8df f013 	tbh	[pc, r3, lsl #1]
100033bc:	00b10151 	.word	0x00b10151
100033c0:	00b100b1 	.word	0x00b100b1
100033c4:	00b100b1 	.word	0x00b100b1
100033c8:	00b100b1 	.word	0x00b100b1
100033cc:	00b100b1 	.word	0x00b100b1
100033d0:	00b100b1 	.word	0x00b100b1
100033d4:	00b100b1 	.word	0x00b100b1
100033d8:	00b100b1 	.word	0x00b100b1
100033dc:	00b100b1 	.word	0x00b100b1
100033e0:	00b100b1 	.word	0x00b100b1
100033e4:	00b100b1 	.word	0x00b100b1
100033e8:	00b100b1 	.word	0x00b100b1
100033ec:	00b100b1 	.word	0x00b100b1
100033f0:	00b100b1 	.word	0x00b100b1
100033f4:	00b100b1 	.word	0x00b100b1
100033f8:	00b100b1 	.word	0x00b100b1
100033fc:	013a011e 	.word	0x013a011e
10003400:	00b1011e 	.word	0x00b1011e
10003404:	00b100b1 	.word	0x00b100b1
10003408:	00b100b1 	.word	0x00b100b1
1000340c:	00b100b1 	.word	0x00b100b1
10003410:	00b100b1 	.word	0x00b100b1
10003414:	00b100b1 	.word	0x00b100b1
10003418:	00b100b1 	.word	0x00b100b1
1000341c:	00b100b1 	.word	0x00b100b1
10003420:	01b400b1 	.word	0x01b400b1
10003424:	00b100b1 	.word	0x00b100b1
10003428:	00b100b1 	.word	0x00b100b1
1000342c:	00b100b1 	.word	0x00b100b1
10003430:	00b100b1 	.word	0x00b100b1
10003434:	01b400b1 	.word	0x01b400b1
10003438:	01b40158 	.word	0x01b40158
1000343c:	013a011e 	.word	0x013a011e
10003440:	011e      	.short	0x011e
10003442:	2400      	movs	r4, #0
10003444:	eb04 0484 	add.w	r4, r4, r4, lsl #2
10003448:	eb01 0444 	add.w	r4, r1, r4, lsl #1
1000344c:	7819      	ldrb	r1, [r3, #0]
1000344e:	461d      	mov	r5, r3
10003450:	f1a1 0030 	sub.w	r0, r1, #48	@ 0x30
10003454:	2809      	cmp	r0, #9
10003456:	f1a4 0430 	sub.w	r4, r4, #48	@ 0x30
1000345a:	f103 0301 	add.w	r3, r3, #1
1000345e:	d9f1      	bls.n	10003444 <_vsnprintf+0x190>
10003460:	292e      	cmp	r1, #46	@ 0x2e
10003462:	f47f af6c 	bne.w	1000333e <_vsnprintf+0x8a>
10003466:	7869      	ldrb	r1, [r5, #1]
10003468:	4618      	mov	r0, r3
1000346a:	f1a1 0730 	sub.w	r7, r1, #48	@ 0x30
1000346e:	2f09      	cmp	r7, #9
10003470:	f442 6280 	orr.w	r2, r2, #1024	@ 0x400
10003474:	f240 8125 	bls.w	100036c2 <_vsnprintf+0x40e>
10003478:	292a      	cmp	r1, #42	@ 0x2a
1000347a:	f000 8132 	beq.w	100036e2 <_vsnprintf+0x42e>
1000347e:	461d      	mov	r5, r3
10003480:	2700      	movs	r7, #0
10003482:	3301      	adds	r3, #1
10003484:	e75c      	b.n	10003340 <_vsnprintf+0x8c>
10003486:	4634      	mov	r4, r6
10003488:	f8dd 9020 	ldr.w	r9, [sp, #32]
1000348c:	45b1      	cmp	r9, r6
1000348e:	d801      	bhi.n	10003494 <_vsnprintf+0x1e0>
10003490:	f109 36ff 	add.w	r6, r9, #4294967295	@ 0xffffffff
10003494:	464b      	mov	r3, r9
10003496:	4632      	mov	r2, r6
10003498:	4651      	mov	r1, sl
1000349a:	2000      	movs	r0, #0
1000349c:	47d8      	blx	fp
1000349e:	4620      	mov	r0, r4
100034a0:	b01b      	add	sp, #108	@ 0x6c
100034a2:	e8bd 8ff0 	ldmia.w	sp!, {r4, r5, r6, r7, r8, r9, sl, fp, pc}
100034a6:	f1a1 0369 	sub.w	r3, r1, #105	@ 0x69
100034aa:	b2db      	uxtb	r3, r3
100034ac:	2b0f      	cmp	r3, #15
100034ae:	d836      	bhi.n	1000351e <_vsnprintf+0x26a>
100034b0:	2001      	movs	r0, #1
100034b2:	f249 0c41 	movw	ip, #36929	@ 0x9041
100034b6:	4098      	lsls	r0, r3
100034b8:	ea10 000c 	ands.w	r0, r0, ip
100034bc:	f040 80f4 	bne.w	100036a8 <_vsnprintf+0x3f4>
100034c0:	2b0a      	cmp	r3, #10
100034c2:	d035      	beq.n	10003530 <_vsnprintf+0x27c>
100034c4:	2b07      	cmp	r3, #7
100034c6:	d12a      	bne.n	1000351e <_vsnprintf+0x26a>
100034c8:	f858 1b04 	ldr.w	r1, [r8], #4
100034cc:	2900      	cmp	r1, #0
100034ce:	f040 8110 	bne.w	100036f2 <_vsnprintf+0x43e>
100034d2:	f022 0410 	bic.w	r4, r2, #16
100034d6:	f412 6180 	ands.w	r1, r2, #1024	@ 0x400
100034da:	f044 0421 	orr.w	r4, r4, #33	@ 0x21
100034de:	f000 810a 	beq.w	100036f6 <_vsnprintf+0x442>
100034e2:	aa12      	add	r2, sp, #72	@ 0x48
100034e4:	2308      	movs	r3, #8
100034e6:	9305      	str	r3, [sp, #20]
100034e8:	2310      	movs	r3, #16
100034ea:	e9cd 2000 	strd	r2, r0, [sp]
100034ee:	4632      	mov	r2, r6
100034f0:	9406      	str	r4, [sp, #24]
100034f2:	9704      	str	r7, [sp, #16]
100034f4:	9303      	str	r3, [sp, #12]
100034f6:	2300      	movs	r3, #0
100034f8:	9302      	str	r3, [sp, #8]
100034fa:	4651      	mov	r1, sl
100034fc:	4658      	mov	r0, fp
100034fe:	9b08      	ldr	r3, [sp, #32]
10003500:	f7ff f8d2 	bl	100026a8 <_ntoa_format>
10003504:	4606      	mov	r6, r0
10003506:	e6f3      	b.n	100032f0 <_vsnprintf+0x3c>
10003508:	f858 4b04 	ldr.w	r4, [r8], #4
1000350c:	7869      	ldrb	r1, [r5, #1]
1000350e:	2c00      	cmp	r4, #0
10003510:	461d      	mov	r5, r3
10003512:	bfbc      	itt	lt
10003514:	f042 0202 	orrlt.w	r2, r2, #2
10003518:	4264      	neglt	r4, r4
1000351a:	3301      	adds	r3, #1
1000351c:	e70c      	b.n	10003338 <_vsnprintf+0x84>
1000351e:	4608      	mov	r0, r1
10003520:	e6e1      	b.n	100032e6 <_vsnprintf+0x32>
10003522:	bf00      	nop
10003524:	100032b5 	.word	0x100032b5
10003528:	20001de4 	.word	0x20001de4
1000352c:	100025fd 	.word	0x100025fd
10003530:	f858 9b04 	ldr.w	r9, [r8], #4
10003534:	2f00      	cmp	r7, #0
10003536:	f899 0000 	ldrb.w	r0, [r9]
1000353a:	bf14      	ite	ne
1000353c:	463b      	movne	r3, r7
1000353e:	f04f 33ff 	moveq.w	r3, #4294967295	@ 0xffffffff
10003542:	2800      	cmp	r0, #0
10003544:	f000 8382 	beq.w	10003c4c <_vsnprintf+0x998>
10003548:	4649      	mov	r1, r9
1000354a:	eb03 0c09 	add.w	ip, r3, r9
1000354e:	e004      	b.n	1000355a <_vsnprintf+0x2a6>
10003550:	f811 3f01 	ldrb.w	r3, [r1, #1]!
10003554:	2b00      	cmp	r3, #0
10003556:	f000 8143 	beq.w	100037e0 <_vsnprintf+0x52c>
1000355a:	458c      	cmp	ip, r1
1000355c:	d1f8      	bne.n	10003550 <_vsnprintf+0x29c>
1000355e:	ebac 0109 	sub.w	r1, ip, r9
10003562:	0553      	lsls	r3, r2, #21
10003564:	f140 8120 	bpl.w	100037a8 <_vsnprintf+0x4f4>
10003568:	42b9      	cmp	r1, r7
1000356a:	bf28      	it	cs
1000356c:	4639      	movcs	r1, r7
1000356e:	f012 0302 	ands.w	r3, r2, #2
10003572:	f000 8283 	beq.w	10003a7c <_vsnprintf+0x7c8>
10003576:	2302      	movs	r3, #2
10003578:	e9cd 4809 	strd	r4, r8, [sp, #36]	@ 0x24
1000357c:	4632      	mov	r2, r6
1000357e:	4688      	mov	r8, r1
10003580:	9c08      	ldr	r4, [sp, #32]
10003582:	4437      	add	r7, r6
10003584:	930b      	str	r3, [sp, #44]	@ 0x2c
10003586:	e007      	b.n	10003598 <_vsnprintf+0x2e4>
10003588:	4623      	mov	r3, r4
1000358a:	4651      	mov	r1, sl
1000358c:	47d8      	blx	fp
1000358e:	f819 0f01 	ldrb.w	r0, [r9, #1]!
10003592:	3601      	adds	r6, #1
10003594:	b110      	cbz	r0, 1000359c <_vsnprintf+0x2e8>
10003596:	4632      	mov	r2, r6
10003598:	42b7      	cmp	r7, r6
1000359a:	d1f5      	bne.n	10003588 <_vsnprintf+0x2d4>
1000359c:	9b0b      	ldr	r3, [sp, #44]	@ 0x2c
1000359e:	4641      	mov	r1, r8
100035a0:	9c09      	ldr	r4, [sp, #36]	@ 0x24
100035a2:	f8dd 8028 	ldr.w	r8, [sp, #40]	@ 0x28
100035a6:	2b00      	cmp	r3, #0
100035a8:	f43f aea2 	beq.w	100032f0 <_vsnprintf+0x3c>
100035ac:	4637      	mov	r7, r6
100035ae:	428c      	cmp	r4, r1
100035b0:	f67f ae9e 	bls.w	100032f0 <_vsnprintf+0x3c>
100035b4:	4426      	add	r6, r4
100035b6:	9c08      	ldr	r4, [sp, #32]
100035b8:	1a76      	subs	r6, r6, r1
100035ba:	463a      	mov	r2, r7
100035bc:	4623      	mov	r3, r4
100035be:	4651      	mov	r1, sl
100035c0:	2020      	movs	r0, #32
100035c2:	3701      	adds	r7, #1
100035c4:	47d8      	blx	fp
100035c6:	42b7      	cmp	r7, r6
100035c8:	d1f7      	bne.n	100035ba <_vsnprintf+0x306>
100035ca:	e691      	b.n	100032f0 <_vsnprintf+0x3c>
100035cc:	7869      	ldrb	r1, [r5, #1]
100035ce:	296c      	cmp	r1, #108	@ 0x6c
100035d0:	f47f aee4 	bne.w	1000339c <_vsnprintf+0xe8>
100035d4:	78a9      	ldrb	r1, [r5, #2]
100035d6:	f442 7240 	orr.w	r2, r2, #768	@ 0x300
100035da:	1ceb      	adds	r3, r5, #3
100035dc:	e6e1      	b.n	100033a2 <_vsnprintf+0xee>
100035de:	7869      	ldrb	r1, [r5, #1]
100035e0:	f442 7200 	orr.w	r2, r2, #512	@ 0x200
100035e4:	3301      	adds	r3, #1
100035e6:	e6dc      	b.n	100033a2 <_vsnprintf+0xee>
100035e8:	7869      	ldrb	r1, [r5, #1]
100035ea:	2968      	cmp	r1, #104	@ 0x68
100035ec:	f000 80fb 	beq.w	100037e6 <_vsnprintf+0x532>
100035f0:	f042 0280 	orr.w	r2, r2, #128	@ 0x80
100035f4:	3301      	adds	r3, #1
100035f6:	e6d4      	b.n	100033a2 <_vsnprintf+0xee>
100035f8:	2967      	cmp	r1, #103	@ 0x67
100035fa:	f000 80c9 	beq.w	10003790 <_vsnprintf+0x4dc>
100035fe:	2947      	cmp	r1, #71	@ 0x47
10003600:	f000 80cd 	beq.w	1000379e <_vsnprintf+0x4ea>
10003604:	2945      	cmp	r1, #69	@ 0x45
10003606:	f000 80cc 	beq.w	100037a2 <_vsnprintf+0x4ee>
1000360a:	e9cd 4203 	strd	r4, r2, [sp, #12]
1000360e:	f108 0807 	add.w	r8, r8, #7
10003612:	9702      	str	r7, [sp, #8]
10003614:	f028 0807 	bic.w	r8, r8, #7
10003618:	4632      	mov	r2, r6
1000361a:	e8f8 6702 	ldrd	r6, r7, [r8], #8
1000361e:	4651      	mov	r1, sl
10003620:	e9cd 6700 	strd	r6, r7, [sp]
10003624:	4658      	mov	r0, fp
10003626:	9b08      	ldr	r3, [sp, #32]
10003628:	f7ff fb82 	bl	10002d30 <_etoa>
1000362c:	4606      	mov	r6, r0
1000362e:	e65f      	b.n	100032f0 <_vsnprintf+0x3c>
10003630:	2946      	cmp	r1, #70	@ 0x46
10003632:	bf08      	it	eq
10003634:	f042 0220 	orreq.w	r2, r2, #32
10003638:	e9cd 4203 	strd	r4, r2, [sp, #12]
1000363c:	f108 0807 	add.w	r8, r8, #7
10003640:	9702      	str	r7, [sp, #8]
10003642:	f028 0807 	bic.w	r8, r8, #7
10003646:	4632      	mov	r2, r6
10003648:	e8f8 6702 	ldrd	r6, r7, [r8], #8
1000364c:	4651      	mov	r1, sl
1000364e:	e9cd 6700 	strd	r6, r7, [sp]
10003652:	4658      	mov	r0, fp
10003654:	9b08      	ldr	r3, [sp, #32]
10003656:	f7ff f91f 	bl	10002898 <_ftoa>
1000365a:	4606      	mov	r6, r0
1000365c:	e648      	b.n	100032f0 <_vsnprintf+0x3c>
1000365e:	4632      	mov	r2, r6
10003660:	4651      	mov	r1, sl
10003662:	2025      	movs	r0, #37	@ 0x25
10003664:	9b08      	ldr	r3, [sp, #32]
10003666:	47d8      	blx	fp
10003668:	3601      	adds	r6, #1
1000366a:	e641      	b.n	100032f0 <_vsnprintf+0x3c>
1000366c:	f108 0304 	add.w	r3, r8, #4
10003670:	0792      	lsls	r2, r2, #30
10003672:	9309      	str	r3, [sp, #36]	@ 0x24
10003674:	f106 0701 	add.w	r7, r6, #1
10003678:	f140 80c3 	bpl.w	10003802 <_vsnprintf+0x54e>
1000367c:	4632      	mov	r2, r6
1000367e:	4651      	mov	r1, sl
10003680:	f898 0000 	ldrb.w	r0, [r8]
10003684:	9b08      	ldr	r3, [sp, #32]
10003686:	47d8      	blx	fp
10003688:	2c01      	cmp	r4, #1
1000368a:	f240 81b4 	bls.w	100039f6 <_vsnprintf+0x742>
1000368e:	4426      	add	r6, r4
10003690:	9c08      	ldr	r4, [sp, #32]
10003692:	463a      	mov	r2, r7
10003694:	4623      	mov	r3, r4
10003696:	4651      	mov	r1, sl
10003698:	2020      	movs	r0, #32
1000369a:	3701      	adds	r7, #1
1000369c:	47d8      	blx	fp
1000369e:	42b7      	cmp	r7, r6
100036a0:	d1f7      	bne.n	10003692 <_vsnprintf+0x3de>
100036a2:	f8dd 8024 	ldr.w	r8, [sp, #36]	@ 0x24
100036a6:	e623      	b.n	100032f0 <_vsnprintf+0x3c>
100036a8:	296f      	cmp	r1, #111	@ 0x6f
100036aa:	d074      	beq.n	10003796 <_vsnprintf+0x4e2>
100036ac:	f240 8241 	bls.w	10003b32 <_vsnprintf+0x87e>
100036b0:	2978      	cmp	r1, #120	@ 0x78
100036b2:	f000 8186 	beq.w	100039c2 <_vsnprintf+0x70e>
100036b6:	f04f 090a 	mov.w	r9, #10
100036ba:	f022 0210 	bic.w	r2, r2, #16
100036be:	464b      	mov	r3, r9
100036c0:	e038      	b.n	10003734 <_vsnprintf+0x480>
100036c2:	2700      	movs	r7, #0
100036c4:	eb07 0787 	add.w	r7, r7, r7, lsl #2
100036c8:	eb01 0147 	add.w	r1, r1, r7, lsl #1
100036cc:	f1a1 0730 	sub.w	r7, r1, #48	@ 0x30
100036d0:	f810 1f01 	ldrb.w	r1, [r0, #1]!
100036d4:	f1a1 0330 	sub.w	r3, r1, #48	@ 0x30
100036d8:	2b09      	cmp	r3, #9
100036da:	d9f3      	bls.n	100036c4 <_vsnprintf+0x410>
100036dc:	4605      	mov	r5, r0
100036de:	1c43      	adds	r3, r0, #1
100036e0:	e62e      	b.n	10003340 <_vsnprintf+0x8c>
100036e2:	f858 7b04 	ldr.w	r7, [r8], #4
100036e6:	78a9      	ldrb	r1, [r5, #2]
100036e8:	3502      	adds	r5, #2
100036ea:	1c6b      	adds	r3, r5, #1
100036ec:	ea27 77e7 	bic.w	r7, r7, r7, asr #31
100036f0:	e626      	b.n	10003340 <_vsnprintf+0x8c>
100036f2:	f042 0421 	orr.w	r4, r2, #33	@ 0x21
100036f6:	aa12      	add	r2, sp, #72	@ 0x48
100036f8:	4694      	mov	ip, r2
100036fa:	e002      	b.n	10003702 <_vsnprintf+0x44e>
100036fc:	2820      	cmp	r0, #32
100036fe:	f43f aef1 	beq.w	100034e4 <_vsnprintf+0x230>
10003702:	f001 030f 	and.w	r3, r1, #15
10003706:	2b09      	cmp	r3, #9
10003708:	bf94      	ite	ls
1000370a:	3330      	addls	r3, #48	@ 0x30
1000370c:	3337      	addhi	r3, #55	@ 0x37
1000370e:	290f      	cmp	r1, #15
10003710:	f88c 3000 	strb.w	r3, [ip]
10003714:	f100 0001 	add.w	r0, r0, #1
10003718:	f10c 0c01 	add.w	ip, ip, #1
1000371c:	ea4f 1111 	mov.w	r1, r1, lsr #4
10003720:	d8ec      	bhi.n	100036fc <_vsnprintf+0x448>
10003722:	e6df      	b.n	100034e4 <_vsnprintf+0x230>
10003724:	2958      	cmp	r1, #88	@ 0x58
10003726:	d066      	beq.n	100037f6 <_vsnprintf+0x542>
10003728:	2962      	cmp	r1, #98	@ 0x62
1000372a:	f040 8089 	bne.w	10003840 <_vsnprintf+0x58c>
1000372e:	f04f 0902 	mov.w	r9, #2
10003732:	464b      	mov	r3, r9
10003734:	f412 6c80 	ands.w	ip, r2, #1024	@ 0x400
10003738:	f000 80d4 	beq.w	100038e4 <_vsnprintf+0x630>
1000373c:	f022 020d 	bic.w	r2, r2, #13
10003740:	9209      	str	r2, [sp, #36]	@ 0x24
10003742:	f412 7100 	ands.w	r1, r2, #512	@ 0x200
10003746:	f040 817b 	bne.w	10003a40 <_vsnprintf+0x78c>
1000374a:	f412 7080 	ands.w	r0, r2, #256	@ 0x100
1000374e:	f108 0904 	add.w	r9, r8, #4
10003752:	f040 8238 	bne.w	10003bc6 <_vsnprintf+0x912>
10003756:	0651      	lsls	r1, r2, #25
10003758:	f140 813a 	bpl.w	100039d0 <_vsnprintf+0x71c>
1000375c:	f898 1000 	ldrb.w	r1, [r8]
10003760:	2900      	cmp	r1, #0
10003762:	f040 814a 	bne.w	100039fa <_vsnprintf+0x746>
10003766:	9a09      	ldr	r2, [sp, #36]	@ 0x24
10003768:	f022 0210 	bic.w	r2, r2, #16
1000376c:	9209      	str	r2, [sp, #36]	@ 0x24
1000376e:	f1bc 0f00 	cmp.w	ip, #0
10003772:	f000 8142 	beq.w	100039fa <_vsnprintf+0x746>
10003776:	4608      	mov	r0, r1
10003778:	aa12      	add	r2, sp, #72	@ 0x48
1000377a:	9909      	ldr	r1, [sp, #36]	@ 0x24
1000377c:	e9cd 3703 	strd	r3, r7, [sp, #12]
10003780:	e9cd 4105 	strd	r4, r1, [sp, #20]
10003784:	9001      	str	r0, [sp, #4]
10003786:	2300      	movs	r3, #0
10003788:	9200      	str	r2, [sp, #0]
1000378a:	9302      	str	r3, [sp, #8]
1000378c:	4632      	mov	r2, r6
1000378e:	e0a1      	b.n	100038d4 <_vsnprintf+0x620>
10003790:	f442 6200 	orr.w	r2, r2, #2048	@ 0x800
10003794:	e739      	b.n	1000360a <_vsnprintf+0x356>
10003796:	f04f 0908 	mov.w	r9, #8
1000379a:	464b      	mov	r3, r9
1000379c:	e7ca      	b.n	10003734 <_vsnprintf+0x480>
1000379e:	f442 6200 	orr.w	r2, r2, #2048	@ 0x800
100037a2:	f042 0220 	orr.w	r2, r2, #32
100037a6:	e730      	b.n	1000360a <_vsnprintf+0x356>
100037a8:	f012 0302 	ands.w	r3, r2, #2
100037ac:	f000 818c 	beq.w	10003ac8 <_vsnprintf+0x814>
100037b0:	2302      	movs	r3, #2
100037b2:	e9cd 4809 	strd	r4, r8, [sp, #36]	@ 0x24
100037b6:	461f      	mov	r7, r3
100037b8:	4688      	mov	r8, r1
100037ba:	9c08      	ldr	r4, [sp, #32]
100037bc:	4632      	mov	r2, r6
100037be:	4623      	mov	r3, r4
100037c0:	4651      	mov	r1, sl
100037c2:	47d8      	blx	fp
100037c4:	f819 0f01 	ldrb.w	r0, [r9, #1]!
100037c8:	3601      	adds	r6, #1
100037ca:	2800      	cmp	r0, #0
100037cc:	d1f6      	bne.n	100037bc <_vsnprintf+0x508>
100037ce:	463b      	mov	r3, r7
100037d0:	4641      	mov	r1, r8
100037d2:	9c09      	ldr	r4, [sp, #36]	@ 0x24
100037d4:	f8dd 8028 	ldr.w	r8, [sp, #40]	@ 0x28
100037d8:	2b00      	cmp	r3, #0
100037da:	f43f ad89 	beq.w	100032f0 <_vsnprintf+0x3c>
100037de:	e6e5      	b.n	100035ac <_vsnprintf+0x2f8>
100037e0:	eba1 0109 	sub.w	r1, r1, r9
100037e4:	e6bd      	b.n	10003562 <_vsnprintf+0x2ae>
100037e6:	78a9      	ldrb	r1, [r5, #2]
100037e8:	f042 02c0 	orr.w	r2, r2, #192	@ 0xc0
100037ec:	1ceb      	adds	r3, r5, #3
100037ee:	e5d8      	b.n	100033a2 <_vsnprintf+0xee>
100037f0:	4604      	mov	r4, r0
100037f2:	4606      	mov	r6, r0
100037f4:	e64a      	b.n	1000348c <_vsnprintf+0x1d8>
100037f6:	f04f 0910 	mov.w	r9, #16
100037fa:	f042 0220 	orr.w	r2, r2, #32
100037fe:	464b      	mov	r3, r9
10003800:	e798      	b.n	10003734 <_vsnprintf+0x480>
10003802:	2c01      	cmp	r4, #1
10003804:	f240 80f1 	bls.w	100039ea <_vsnprintf+0x736>
10003808:	4637      	mov	r7, r6
1000380a:	f106 39ff 	add.w	r9, r6, #4294967295	@ 0xffffffff
1000380e:	f8cd 8028 	str.w	r8, [sp, #40]	@ 0x28
10003812:	f8dd 8020 	ldr.w	r8, [sp, #32]
10003816:	44a1      	add	r9, r4
10003818:	463a      	mov	r2, r7
1000381a:	4643      	mov	r3, r8
1000381c:	4651      	mov	r1, sl
1000381e:	2020      	movs	r0, #32
10003820:	3701      	adds	r7, #1
10003822:	47d8      	blx	fp
10003824:	454f      	cmp	r7, r9
10003826:	d1f7      	bne.n	10003818 <_vsnprintf+0x564>
10003828:	f8dd 8028 	ldr.w	r8, [sp, #40]	@ 0x28
1000382c:	463a      	mov	r2, r7
1000382e:	f898 0000 	ldrb.w	r0, [r8]
10003832:	4651      	mov	r1, sl
10003834:	9b08      	ldr	r3, [sp, #32]
10003836:	47d8      	blx	fp
10003838:	4426      	add	r6, r4
1000383a:	f8dd 8024 	ldr.w	r8, [sp, #36]	@ 0x24
1000383e:	e557      	b.n	100032f0 <_vsnprintf+0x3c>
10003840:	f412 6380 	ands.w	r3, r2, #1024	@ 0x400
10003844:	f000 80c1 	beq.w	100039ca <_vsnprintf+0x716>
10003848:	f44f 6380 	mov.w	r3, #1024	@ 0x400
1000384c:	f022 0011 	bic.w	r0, r2, #17
10003850:	f410 7e00 	ands.w	lr, r0, #512	@ 0x200
10003854:	d14a      	bne.n	100038ec <_vsnprintf+0x638>
10003856:	f410 7c80 	ands.w	ip, r0, #256	@ 0x100
1000385a:	f108 0904 	add.w	r9, r8, #4
1000385e:	f040 8137 	bne.w	10003ad0 <_vsnprintf+0x81c>
10003862:	0641      	lsls	r1, r0, #25
10003864:	f100 80a9 	bmi.w	100039ba <_vsnprintf+0x706>
10003868:	0602      	lsls	r2, r0, #24
1000386a:	f140 81e3 	bpl.w	10003c34 <_vsnprintf+0x980>
1000386e:	f9b8 2000 	ldrsh.w	r2, [r8]
10003872:	ea82 71e2 	eor.w	r1, r2, r2, asr #31
10003876:	eba1 71e2 	sub.w	r1, r1, r2, asr #31
1000387a:	fa1f fe81 	uxth.w	lr, r1
1000387e:	0fd1      	lsrs	r1, r2, #31
10003880:	9109      	str	r1, [sp, #36]	@ 0x24
10003882:	2a00      	cmp	r2, #0
10003884:	f000 815f 	beq.w	10003b46 <_vsnprintf+0x892>
10003888:	4673      	mov	r3, lr
1000388a:	aa12      	add	r2, sp, #72	@ 0x48
1000388c:	4696      	mov	lr, r2
1000388e:	f8df 83a0 	ldr.w	r8, [pc, #928]	@ 10003c30 <_vsnprintf+0x97c>
10003892:	940a      	str	r4, [sp, #40]	@ 0x28
10003894:	e003      	b.n	1000389e <_vsnprintf+0x5ea>
10003896:	f1bc 0f20 	cmp.w	ip, #32
1000389a:	4623      	mov	r3, r4
1000389c:	d00f      	beq.n	100038be <_vsnprintf+0x60a>
1000389e:	fba8 1403 	umull	r1, r4, r8, r3
100038a2:	08e4      	lsrs	r4, r4, #3
100038a4:	eb04 0184 	add.w	r1, r4, r4, lsl #2
100038a8:	eba3 0141 	sub.w	r1, r3, r1, lsl #1
100038ac:	f10e 0e01 	add.w	lr, lr, #1
100038b0:	3130      	adds	r1, #48	@ 0x30
100038b2:	2b09      	cmp	r3, #9
100038b4:	f10c 0c01 	add.w	ip, ip, #1
100038b8:	f80e 1c01 	strb.w	r1, [lr, #-1]
100038bc:	d8eb      	bhi.n	10003896 <_vsnprintf+0x5e2>
100038be:	9c0a      	ldr	r4, [sp, #40]	@ 0x28
100038c0:	9b09      	ldr	r3, [sp, #36]	@ 0x24
100038c2:	9200      	str	r2, [sp, #0]
100038c4:	e9cd c301 	strd	ip, r3, [sp, #4]
100038c8:	230a      	movs	r3, #10
100038ca:	4632      	mov	r2, r6
100038cc:	e9cd 4005 	strd	r4, r0, [sp, #20]
100038d0:	9704      	str	r7, [sp, #16]
100038d2:	9303      	str	r3, [sp, #12]
100038d4:	4651      	mov	r1, sl
100038d6:	4658      	mov	r0, fp
100038d8:	9b08      	ldr	r3, [sp, #32]
100038da:	f7fe fee5 	bl	100026a8 <_ntoa_format>
100038de:	46c8      	mov	r8, r9
100038e0:	4606      	mov	r6, r0
100038e2:	e505      	b.n	100032f0 <_vsnprintf+0x3c>
100038e4:	f022 020c 	bic.w	r2, r2, #12
100038e8:	9209      	str	r2, [sp, #36]	@ 0x24
100038ea:	e72a      	b.n	10003742 <_vsnprintf+0x48e>
100038ec:	f108 0807 	add.w	r8, r8, #7
100038f0:	f028 0807 	bic.w	r8, r8, #7
100038f4:	f8d8 2004 	ldr.w	r2, [r8, #4]
100038f8:	f858 cb08 	ldr.w	ip, [r8], #8
100038fc:	0fd1      	lsrs	r1, r2, #31
100038fe:	ea5c 0e02 	orrs.w	lr, ip, r2
10003902:	d06c      	beq.n	100039de <_vsnprintf+0x72a>
10003904:	2a00      	cmp	r2, #0
10003906:	4663      	mov	r3, ip
10003908:	da02      	bge.n	10003910 <_vsnprintf+0x65c>
1000390a:	425b      	negs	r3, r3
1000390c:	eb62 0242 	sbc.w	r2, r2, r2, lsl #1
10003910:	4691      	mov	r9, r2
10003912:	9309      	str	r3, [sp, #36]	@ 0x24
10003914:	aa12      	add	r2, sp, #72	@ 0x48
10003916:	4694      	mov	ip, r2
10003918:	f04f 0e00 	mov.w	lr, #0
1000391c:	e9cd 180a 	strd	r1, r8, [sp, #40]	@ 0x28
10003920:	e9cd 470c 	strd	r4, r7, [sp, #48]	@ 0x30
10003924:	960e      	str	r6, [sp, #56]	@ 0x38
10003926:	920f      	str	r2, [sp, #60]	@ 0x3c
10003928:	e003      	b.n	10003932 <_vsnprintf+0x67e>
1000392a:	f1be 0f20 	cmp.w	lr, #32
1000392e:	463b      	mov	r3, r7
10003930:	d030      	beq.n	10003994 <_vsnprintf+0x6e0>
10003932:	f04f 32cc 	mov.w	r2, #3435973836	@ 0xcccccccc
10003936:	eb13 0109 	adds.w	r1, r3, r9
1000393a:	4fbd      	ldr	r7, [pc, #756]	@ (10003c30 <_vsnprintf+0x97c>)
1000393c:	f141 0100 	adc.w	r1, r1, #0
10003940:	fba7 4601 	umull	r4, r6, r7, r1
10003944:	f026 0403 	bic.w	r4, r6, #3
10003948:	eb04 0496 	add.w	r4, r4, r6, lsr #2
1000394c:	1b09      	subs	r1, r1, r4
1000394e:	1a5c      	subs	r4, r3, r1
10003950:	fb02 f604 	mul.w	r6, r2, r4
10003954:	463a      	mov	r2, r7
10003956:	f169 0800 	sbc.w	r8, r9, #0
1000395a:	fb02 6608 	mla	r6, r2, r8, r6
1000395e:	2205      	movs	r2, #5
10003960:	fba4 7407 	umull	r7, r4, r4, r7
10003964:	f007 0801 	and.w	r8, r7, #1
10003968:	4426      	add	r6, r4
1000396a:	fba8 4802 	umull	r4, r8, r8, r2
1000396e:	1864      	adds	r4, r4, r1
10003970:	2b0a      	cmp	r3, #10
10003972:	f10c 0c01 	add.w	ip, ip, #1
10003976:	ea4f 0757 	mov.w	r7, r7, lsr #1
1000397a:	f104 0430 	add.w	r4, r4, #48	@ 0x30
1000397e:	f179 0900 	sbcs.w	r9, r9, #0
10003982:	f10e 0e01 	add.w	lr, lr, #1
10003986:	f80c 4c01 	strb.w	r4, [ip, #-1]
1000398a:	ea47 77c6 	orr.w	r7, r7, r6, lsl #31
1000398e:	ea4f 0956 	mov.w	r9, r6, lsr #1
10003992:	d2ca      	bcs.n	1000392a <_vsnprintf+0x676>
10003994:	4673      	mov	r3, lr
10003996:	e9dd 180a 	ldrd	r1, r8, [sp, #40]	@ 0x28
1000399a:	e9dd 470c 	ldrd	r4, r7, [sp, #48]	@ 0x30
1000399e:	9e0e      	ldr	r6, [sp, #56]	@ 0x38
100039a0:	9a0f      	ldr	r2, [sp, #60]	@ 0x3c
100039a2:	f8cd e024 	str.w	lr, [sp, #36]	@ 0x24
100039a6:	e9cd 3101 	strd	r3, r1, [sp, #4]
100039aa:	230a      	movs	r3, #10
100039ac:	9200      	str	r2, [sp, #0]
100039ae:	e9cd 4005 	strd	r4, r0, [sp, #20]
100039b2:	4632      	mov	r2, r6
100039b4:	9704      	str	r7, [sp, #16]
100039b6:	9303      	str	r3, [sp, #12]
100039b8:	e59f      	b.n	100034fa <_vsnprintf+0x246>
100039ba:	f898 2000 	ldrb.w	r2, [r8]
100039be:	4696      	mov	lr, r2
100039c0:	e75d      	b.n	1000387e <_vsnprintf+0x5ca>
100039c2:	f04f 0910 	mov.w	r9, #16
100039c6:	464b      	mov	r3, r9
100039c8:	e6b4      	b.n	10003734 <_vsnprintf+0x480>
100039ca:	f022 0010 	bic.w	r0, r2, #16
100039ce:	e73f      	b.n	10003850 <_vsnprintf+0x59c>
100039d0:	0611      	lsls	r1, r2, #24
100039d2:	bf4c      	ite	mi
100039d4:	f8b8 1000 	ldrhmi.w	r1, [r8]
100039d8:	f8d8 1000 	ldrpl.w	r1, [r8]
100039dc:	e6c0      	b.n	10003760 <_vsnprintf+0x4ac>
100039de:	2b00      	cmp	r3, #0
100039e0:	f040 8142 	bne.w	10003c68 <_vsnprintf+0x9b4>
100039e4:	4699      	mov	r9, r3
100039e6:	9309      	str	r3, [sp, #36]	@ 0x24
100039e8:	e794      	b.n	10003914 <_vsnprintf+0x660>
100039ea:	4632      	mov	r2, r6
100039ec:	4651      	mov	r1, sl
100039ee:	f898 0000 	ldrb.w	r0, [r8]
100039f2:	9b08      	ldr	r3, [sp, #32]
100039f4:	47d8      	blx	fp
100039f6:	463e      	mov	r6, r7
100039f8:	e653      	b.n	100036a2 <_vsnprintf+0x3ee>
100039fa:	9a09      	ldr	r2, [sp, #36]	@ 0x24
100039fc:	940a      	str	r4, [sp, #40]	@ 0x28
100039fe:	f012 0f20 	tst.w	r2, #32
10003a02:	bf14      	ite	ne
10003a04:	f04f 0841 	movne.w	r8, #65	@ 0x41
10003a08:	f04f 0861 	moveq.w	r8, #97	@ 0x61
10003a0c:	aa12      	add	r2, sp, #72	@ 0x48
10003a0e:	4694      	mov	ip, r2
10003a10:	f1a8 080a 	sub.w	r8, r8, #10
10003a14:	e002      	b.n	10003a1c <_vsnprintf+0x768>
10003a16:	2820      	cmp	r0, #32
10003a18:	4671      	mov	r1, lr
10003a1a:	d00f      	beq.n	10003a3c <_vsnprintf+0x788>
10003a1c:	fbb1 fef3 	udiv	lr, r1, r3
10003a20:	fb03 141e 	mls	r4, r3, lr, r1
10003a24:	2c09      	cmp	r4, #9
10003a26:	bf94      	ite	ls
10003a28:	3430      	addls	r4, #48	@ 0x30
10003a2a:	4444      	addhi	r4, r8
10003a2c:	4299      	cmp	r1, r3
10003a2e:	f88c 4000 	strb.w	r4, [ip]
10003a32:	f100 0001 	add.w	r0, r0, #1
10003a36:	f10c 0c01 	add.w	ip, ip, #1
10003a3a:	d2ec      	bcs.n	10003a16 <_vsnprintf+0x762>
10003a3c:	9c0a      	ldr	r4, [sp, #40]	@ 0x28
10003a3e:	e69c      	b.n	1000377a <_vsnprintf+0x4c6>
10003a40:	f108 0807 	add.w	r8, r8, #7
10003a44:	f028 0807 	bic.w	r8, r8, #7
10003a48:	f8d8 2004 	ldr.w	r2, [r8, #4]
10003a4c:	f858 1b08 	ldr.w	r1, [r8], #8
10003a50:	920a      	str	r2, [sp, #40]	@ 0x28
10003a52:	430a      	orrs	r2, r1
10003a54:	468e      	mov	lr, r1
10003a56:	d17b      	bne.n	10003b50 <_vsnprintf+0x89c>
10003a58:	9a09      	ldr	r2, [sp, #36]	@ 0x24
10003a5a:	f022 0210 	bic.w	r2, r2, #16
10003a5e:	9209      	str	r2, [sp, #36]	@ 0x24
10003a60:	f1bc 0f00 	cmp.w	ip, #0
10003a64:	d074      	beq.n	10003b50 <_vsnprintf+0x89c>
10003a66:	2000      	movs	r0, #0
10003a68:	aa12      	add	r2, sp, #72	@ 0x48
10003a6a:	9909      	ldr	r1, [sp, #36]	@ 0x24
10003a6c:	e9cd 2000 	strd	r2, r0, [sp]
10003a70:	e9cd 4105 	strd	r4, r1, [sp, #20]
10003a74:	4632      	mov	r2, r6
10003a76:	e9cd 3703 	strd	r3, r7, [sp, #12]
10003a7a:	e53c      	b.n	100034f6 <_vsnprintf+0x242>
10003a7c:	428c      	cmp	r4, r1
10003a7e:	bf98      	it	ls
10003a80:	3101      	addls	r1, #1
10003a82:	f67f ad79 	bls.w	10003578 <_vsnprintf+0x2c4>
10003a86:	f44f 6380 	mov.w	r3, #1024	@ 0x400
10003a8a:	e9cd 9409 	strd	r9, r4, [sp, #36]	@ 0x24
10003a8e:	4699      	mov	r9, r3
10003a90:	19a2      	adds	r2, r4, r6
10003a92:	970b      	str	r7, [sp, #44]	@ 0x2c
10003a94:	9f08      	ldr	r7, [sp, #32]
10003a96:	1a54      	subs	r4, r2, r1
10003a98:	4632      	mov	r2, r6
10003a9a:	463b      	mov	r3, r7
10003a9c:	4651      	mov	r1, sl
10003a9e:	2020      	movs	r0, #32
10003aa0:	3601      	adds	r6, #1
10003aa2:	47d8      	blx	fp
10003aa4:	42a6      	cmp	r6, r4
10003aa6:	d1f7      	bne.n	10003a98 <_vsnprintf+0x7e4>
10003aa8:	e9dd 470a 	ldrd	r4, r7, [sp, #40]	@ 0x28
10003aac:	464b      	mov	r3, r9
10003aae:	f8dd 9024 	ldr.w	r9, [sp, #36]	@ 0x24
10003ab2:	f899 0000 	ldrb.w	r0, [r9]
10003ab6:	2800      	cmp	r0, #0
10003ab8:	f43f ac1a 	beq.w	100032f0 <_vsnprintf+0x3c>
10003abc:	1c61      	adds	r1, r4, #1
10003abe:	2b00      	cmp	r3, #0
10003ac0:	f43f ae77 	beq.w	100037b2 <_vsnprintf+0x4fe>
10003ac4:	2300      	movs	r3, #0
10003ac6:	e557      	b.n	10003578 <_vsnprintf+0x2c4>
10003ac8:	428c      	cmp	r4, r1
10003aca:	d8de      	bhi.n	10003a8a <_vsnprintf+0x7d6>
10003acc:	3101      	adds	r1, #1
10003ace:	e670      	b.n	100037b2 <_vsnprintf+0x4fe>
10003ad0:	f8d8 2000 	ldr.w	r2, [r8]
10003ad4:	0fd1      	lsrs	r1, r2, #31
10003ad6:	2a00      	cmp	r2, #0
10003ad8:	f000 80b3 	beq.w	10003c42 <_vsnprintf+0x98e>
10003adc:	ea82 73e2 	eor.w	r3, r2, r2, asr #31
10003ae0:	eba3 73e2 	sub.w	r3, r3, r2, asr #31
10003ae4:	aa12      	add	r2, sp, #72	@ 0x48
10003ae6:	4694      	mov	ip, r2
10003ae8:	e9cd 1409 	strd	r1, r4, [sp, #36]	@ 0x24
10003aec:	f8df 8140 	ldr.w	r8, [pc, #320]	@ 10003c30 <_vsnprintf+0x97c>
10003af0:	e003      	b.n	10003afa <_vsnprintf+0x846>
10003af2:	f1be 0f20 	cmp.w	lr, #32
10003af6:	4623      	mov	r3, r4
10003af8:	d00f      	beq.n	10003b1a <_vsnprintf+0x866>
10003afa:	fba8 1403 	umull	r1, r4, r8, r3
10003afe:	08e4      	lsrs	r4, r4, #3
10003b00:	eb04 0184 	add.w	r1, r4, r4, lsl #2
10003b04:	eba3 0141 	sub.w	r1, r3, r1, lsl #1
10003b08:	f10c 0c01 	add.w	ip, ip, #1
10003b0c:	3130      	adds	r1, #48	@ 0x30
10003b0e:	2b09      	cmp	r3, #9
10003b10:	f10e 0e01 	add.w	lr, lr, #1
10003b14:	f80c 1c01 	strb.w	r1, [ip, #-1]
10003b18:	d8eb      	bhi.n	10003af2 <_vsnprintf+0x83e>
10003b1a:	e9dd 1409 	ldrd	r1, r4, [sp, #36]	@ 0x24
10003b1e:	230a      	movs	r3, #10
10003b20:	9200      	str	r2, [sp, #0]
10003b22:	e9cd 4005 	strd	r4, r0, [sp, #20]
10003b26:	4632      	mov	r2, r6
10003b28:	e9cd e101 	strd	lr, r1, [sp, #4]
10003b2c:	9704      	str	r7, [sp, #16]
10003b2e:	9303      	str	r3, [sp, #12]
10003b30:	e6d0      	b.n	100038d4 <_vsnprintf+0x620>
10003b32:	2969      	cmp	r1, #105	@ 0x69
10003b34:	f022 0010 	bic.w	r0, r2, #16
10003b38:	f040 8091 	bne.w	10003c5e <_vsnprintf+0x9aa>
10003b3c:	f412 6380 	ands.w	r3, r2, #1024	@ 0x400
10003b40:	f43f ae86 	beq.w	10003850 <_vsnprintf+0x59c>
10003b44:	e680      	b.n	10003848 <_vsnprintf+0x594>
10003b46:	2b00      	cmp	r3, #0
10003b48:	f43f ae9f 	beq.w	1000388a <_vsnprintf+0x5d6>
10003b4c:	aa12      	add	r2, sp, #72	@ 0x48
10003b4e:	e6b7      	b.n	100038c0 <_vsnprintf+0x60c>
10003b50:	9a09      	ldr	r2, [sp, #36]	@ 0x24
10003b52:	e9cd 840b 	strd	r8, r4, [sp, #44]	@ 0x2c
10003b56:	f012 0f20 	tst.w	r2, #32
10003b5a:	bf14      	ite	ne
10003b5c:	2141      	movne	r1, #65	@ 0x41
10003b5e:	2161      	moveq	r1, #97	@ 0x61
10003b60:	e9cd 760d 	strd	r7, r6, [sp, #52]	@ 0x34
10003b64:	e9cd 3b0f 	strd	r3, fp, [sp, #60]	@ 0x3c
10003b68:	f8cd a044 	str.w	sl, [sp, #68]	@ 0x44
10003b6c:	2700      	movs	r7, #0
10003b6e:	46f0      	mov	r8, lr
10003b70:	9c0a      	ldr	r4, [sp, #40]	@ 0x28
10003b72:	ae12      	add	r6, sp, #72	@ 0x48
10003b74:	f10d 0b48 	add.w	fp, sp, #72	@ 0x48
10003b78:	f1a1 0a0a 	sub.w	sl, r1, #10
10003b7c:	e003      	b.n	10003b86 <_vsnprintf+0x8d2>
10003b7e:	2f20      	cmp	r7, #32
10003b80:	4680      	mov	r8, r0
10003b82:	460c      	mov	r4, r1
10003b84:	d013      	beq.n	10003bae <_vsnprintf+0x8fa>
10003b86:	4621      	mov	r1, r4
10003b88:	464a      	mov	r2, r9
10003b8a:	2300      	movs	r3, #0
10003b8c:	4640      	mov	r0, r8
10003b8e:	f002 fcbf 	bl	10006510 <____aeabi_uldivmod_veneer>
10003b92:	b2d2      	uxtb	r2, r2
10003b94:	2a09      	cmp	r2, #9
10003b96:	bf94      	ite	ls
10003b98:	3230      	addls	r2, #48	@ 0x30
10003b9a:	4452      	addhi	r2, sl
10003b9c:	45c8      	cmp	r8, r9
10003b9e:	f174 0400 	sbcs.w	r4, r4, #0
10003ba2:	7032      	strb	r2, [r6, #0]
10003ba4:	f107 0701 	add.w	r7, r7, #1
10003ba8:	f106 0601 	add.w	r6, r6, #1
10003bac:	d2e7      	bcs.n	10003b7e <_vsnprintf+0x8ca>
10003bae:	4638      	mov	r0, r7
10003bb0:	e9dd 840b 	ldrd	r8, r4, [sp, #44]	@ 0x2c
10003bb4:	465a      	mov	r2, fp
10003bb6:	9e0e      	ldr	r6, [sp, #56]	@ 0x38
10003bb8:	9f0d      	ldr	r7, [sp, #52]	@ 0x34
10003bba:	9b0f      	ldr	r3, [sp, #60]	@ 0x3c
10003bbc:	f8dd a044 	ldr.w	sl, [sp, #68]	@ 0x44
10003bc0:	f8dd b040 	ldr.w	fp, [sp, #64]	@ 0x40
10003bc4:	e751      	b.n	10003a6a <_vsnprintf+0x7b6>
10003bc6:	f8d8 e000 	ldr.w	lr, [r8]
10003bca:	f1be 0f00 	cmp.w	lr, #0
10003bce:	d10d      	bne.n	10003bec <_vsnprintf+0x938>
10003bd0:	f022 0210 	bic.w	r2, r2, #16
10003bd4:	9209      	str	r2, [sp, #36]	@ 0x24
10003bd6:	f1bc 0f00 	cmp.w	ip, #0
10003bda:	d007      	beq.n	10003bec <_vsnprintf+0x938>
10003bdc:	aa12      	add	r2, sp, #72	@ 0x48
10003bde:	9809      	ldr	r0, [sp, #36]	@ 0x24
10003be0:	e9cd 3703 	strd	r3, r7, [sp, #12]
10003be4:	e9cd 4005 	strd	r4, r0, [sp, #20]
10003be8:	9101      	str	r1, [sp, #4]
10003bea:	e5cc      	b.n	10003786 <_vsnprintf+0x4d2>
10003bec:	9a09      	ldr	r2, [sp, #36]	@ 0x24
10003bee:	f012 0f20 	tst.w	r2, #32
10003bf2:	bf14      	ite	ne
10003bf4:	2041      	movne	r0, #65	@ 0x41
10003bf6:	2061      	moveq	r0, #97	@ 0x61
10003bf8:	aa12      	add	r2, sp, #72	@ 0x48
10003bfa:	4694      	mov	ip, r2
10003bfc:	920a      	str	r2, [sp, #40]	@ 0x28
10003bfe:	f1a0 020a 	sub.w	r2, r0, #10
10003c02:	e002      	b.n	10003c0a <_vsnprintf+0x956>
10003c04:	2920      	cmp	r1, #32
10003c06:	46c6      	mov	lr, r8
10003c08:	d00f      	beq.n	10003c2a <_vsnprintf+0x976>
10003c0a:	fbbe f8f3 	udiv	r8, lr, r3
10003c0e:	fb03 e018 	mls	r0, r3, r8, lr
10003c12:	2809      	cmp	r0, #9
10003c14:	bf94      	ite	ls
10003c16:	3030      	addls	r0, #48	@ 0x30
10003c18:	1880      	addhi	r0, r0, r2
10003c1a:	459e      	cmp	lr, r3
10003c1c:	f88c 0000 	strb.w	r0, [ip]
10003c20:	f101 0101 	add.w	r1, r1, #1
10003c24:	f10c 0c01 	add.w	ip, ip, #1
10003c28:	d2ec      	bcs.n	10003c04 <_vsnprintf+0x950>
10003c2a:	9a0a      	ldr	r2, [sp, #40]	@ 0x28
10003c2c:	e7d7      	b.n	10003bde <_vsnprintf+0x92a>
10003c2e:	bf00      	nop
10003c30:	cccccccd 	.word	0xcccccccd
10003c34:	f8d8 2000 	ldr.w	r2, [r8]
10003c38:	ea82 7ee2 	eor.w	lr, r2, r2, asr #31
10003c3c:	ebae 7ee2 	sub.w	lr, lr, r2, asr #31
10003c40:	e61d      	b.n	1000387e <_vsnprintf+0x5ca>
10003c42:	2b00      	cmp	r3, #0
10003c44:	f43f af4e 	beq.w	10003ae4 <_vsnprintf+0x830>
10003c48:	aa12      	add	r2, sp, #72	@ 0x48
10003c4a:	e768      	b.n	10003b1e <_vsnprintf+0x86a>
10003c4c:	f412 6180 	ands.w	r1, r2, #1024	@ 0x400
10003c50:	d00e      	beq.n	10003c70 <_vsnprintf+0x9bc>
10003c52:	f012 0102 	ands.w	r1, r2, #2
10003c56:	d014      	beq.n	10003c82 <_vsnprintf+0x9ce>
10003c58:	4601      	mov	r1, r0
10003c5a:	4637      	mov	r7, r6
10003c5c:	e4a7      	b.n	100035ae <_vsnprintf+0x2fa>
10003c5e:	f04f 090a 	mov.w	r9, #10
10003c62:	4602      	mov	r2, r0
10003c64:	464b      	mov	r3, r9
10003c66:	e565      	b.n	10003734 <_vsnprintf+0x480>
10003c68:	2300      	movs	r3, #0
10003c6a:	aa12      	add	r2, sp, #72	@ 0x48
10003c6c:	9309      	str	r3, [sp, #36]	@ 0x24
10003c6e:	e69a      	b.n	100039a6 <_vsnprintf+0x6f2>
10003c70:	f012 0302 	ands.w	r3, r2, #2
10003c74:	f47f ac9a 	bne.w	100035ac <_vsnprintf+0x2f8>
10003c78:	2c00      	cmp	r4, #0
10003c7a:	f47f af06 	bne.w	10003a8a <_vsnprintf+0x7d6>
10003c7e:	f7ff bb37 	b.w	100032f0 <_vsnprintf+0x3c>
10003c82:	2c00      	cmp	r4, #0
10003c84:	f47f aeff 	bne.w	10003a86 <_vsnprintf+0x7d2>
10003c88:	f7ff bb32 	b.w	100032f0 <_vsnprintf+0x3c>

10003c8c <__wrap_snprintf>:
10003c8c:	b40c      	push	{r2, r3}
10003c8e:	b500      	push	{lr}
10003c90:	b085      	sub	sp, #20
10003c92:	f10d 0c18 	add.w	ip, sp, #24
10003c96:	f85c 3b04 	ldr.w	r3, [ip], #4
10003c9a:	460a      	mov	r2, r1
10003c9c:	f8cd c000 	str.w	ip, [sp]
10003ca0:	4601      	mov	r1, r0
10003ca2:	4805      	ldr	r0, [pc, #20]	@ (10003cb8 <__wrap_snprintf+0x2c>)
10003ca4:	f8cd c00c 	str.w	ip, [sp, #12]
10003ca8:	f7ff fb04 	bl	100032b4 <_vsnprintf>
10003cac:	b005      	add	sp, #20
10003cae:	f85d eb04 	ldr.w	lr, [sp], #4
10003cb2:	b002      	add	sp, #8
10003cb4:	4770      	bx	lr
10003cb6:	bf00      	nop
10003cb8:	100025f5 	.word	0x100025f5

10003cbc <vfctprintf>:
10003cbc:	468c      	mov	ip, r1
10003cbe:	b510      	push	{r4, lr}
10003cc0:	b084      	sub	sp, #16
10003cc2:	9300      	str	r3, [sp, #0]
10003cc4:	9002      	str	r0, [sp, #8]
10003cc6:	4613      	mov	r3, r2
10003cc8:	a902      	add	r1, sp, #8
10003cca:	f04f 32ff 	mov.w	r2, #4294967295	@ 0xffffffff
10003cce:	4803      	ldr	r0, [pc, #12]	@ (10003cdc <vfctprintf+0x20>)
10003cd0:	f8cd c00c 	str.w	ip, [sp, #12]
10003cd4:	f7ff faee 	bl	100032b4 <_vsnprintf>
10003cd8:	b004      	add	sp, #16
10003cda:	bd10      	pop	{r4, pc}
10003cdc:	1000288d 	.word	0x1000288d

10003ce0 <weak_raw_vprintf>:
10003ce0:	b510      	push	{r4, lr}
10003ce2:	4a09      	ldr	r2, [pc, #36]	@ (10003d08 <weak_raw_vprintf+0x28>)
10003ce4:	b084      	sub	sp, #16
10003ce6:	6814      	ldr	r4, [r2, #0]
10003ce8:	b14c      	cbz	r4, 10003cfe <weak_raw_vprintf+0x1e>
10003cea:	4603      	mov	r3, r0
10003cec:	9100      	str	r1, [sp, #0]
10003cee:	f04f 32ff 	mov.w	r2, #4294967295	@ 0xffffffff
10003cf2:	a903      	add	r1, sp, #12
10003cf4:	4805      	ldr	r0, [pc, #20]	@ (10003d0c <weak_raw_vprintf+0x2c>)
10003cf6:	47a0      	blx	r4
10003cf8:	2001      	movs	r0, #1
10003cfa:	b004      	add	sp, #16
10003cfc:	bd10      	pop	{r4, pc}
10003cfe:	f000 f97d 	bl	10003ffc <__wrap_puts>
10003d02:	4620      	mov	r0, r4
10003d04:	b004      	add	sp, #16
10003d06:	bd10      	pop	{r4, pc}
10003d08:	20001de4 	.word	0x20001de4
10003d0c:	10002885 	.word	0x10002885

10003d10 <_exit>:
10003d10:	be00      	bkpt	0x0000
10003d12:	e7fd      	b.n	10003d10 <_exit>

10003d14 <_fini>:
10003d14:	4770      	bx	lr
10003d16:	bf00      	nop

10003d18 <exit>:
10003d18:	b508      	push	{r3, lr}
10003d1a:	f7ff fff9 	bl	10003d10 <_exit>
10003d1e:	bf00      	nop

10003d20 <runtime_init>:
10003d20:	b538      	push	{r3, r4, r5, lr}
10003d22:	4c06      	ldr	r4, [pc, #24]	@ (10003d3c <runtime_init+0x1c>)
10003d24:	4d06      	ldr	r5, [pc, #24]	@ (10003d40 <runtime_init+0x20>)
10003d26:	f7fe f9f9 	bl	1000211c <runtime_run_initializers>
10003d2a:	42ac      	cmp	r4, r5
10003d2c:	d204      	bcs.n	10003d38 <runtime_init+0x18>
10003d2e:	f854 3b04 	ldr.w	r3, [r4], #4
10003d32:	4798      	blx	r3
10003d34:	42ac      	cmp	r4, r5
10003d36:	d3fa      	bcc.n	10003d2e <runtime_init+0xe>
10003d38:	bd38      	pop	{r3, r4, r5, pc}
10003d3a:	bf00      	nop
10003d3c:	100065a0 	.word	0x100065a0
10003d40:	100065a4 	.word	0x100065a4

10003d44 <stdio_out_chars_no_crlf>:
10003d44:	6803      	ldr	r3, [r0, #0]
10003d46:	4608      	mov	r0, r1
10003d48:	4611      	mov	r1, r2
10003d4a:	4718      	bx	r3

10003d4c <stdio_out_chars_crlf>:
10003d4c:	b570      	push	{r4, r5, r6, lr}
10003d4e:	4605      	mov	r5, r0
10003d50:	4608      	mov	r0, r1
10003d52:	7d69      	ldrb	r1, [r5, #21]
10003d54:	b082      	sub	sp, #8
10003d56:	2900      	cmp	r1, #0
10003d58:	d04f      	beq.n	10003dfa <stdio_out_chars_crlf+0xae>
10003d5a:	2a00      	cmp	r2, #0
10003d5c:	dd25      	ble.n	10003daa <stdio_out_chars_crlf+0x5e>
10003d5e:	7803      	ldrb	r3, [r0, #0]
10003d60:	4614      	mov	r4, r2
10003d62:	2b0a      	cmp	r3, #10
10003d64:	4606      	mov	r6, r0
10003d66:	d022      	beq.n	10003dae <stdio_out_chars_crlf+0x62>
10003d68:	2c01      	cmp	r4, #1
10003d6a:	f04f 0e00 	mov.w	lr, #0
10003d6e:	d00d      	beq.n	10003d8c <stdio_out_chars_crlf+0x40>
10003d70:	4632      	mov	r2, r6
10003d72:	2301      	movs	r3, #1
10003d74:	f812 cf01 	ldrb.w	ip, [r2, #1]!
10003d78:	4619      	mov	r1, r3
10003d7a:	f1bc 0f0a 	cmp.w	ip, #10
10003d7e:	f103 0301 	add.w	r3, r3, #1
10003d82:	d020      	beq.n	10003dc6 <stdio_out_chars_crlf+0x7a>
10003d84:	429c      	cmp	r4, r3
10003d86:	d1f5      	bne.n	10003d74 <stdio_out_chars_crlf+0x28>
10003d88:	4574      	cmp	r4, lr
10003d8a:	dd05      	ble.n	10003d98 <stdio_out_chars_crlf+0x4c>
10003d8c:	682b      	ldr	r3, [r5, #0]
10003d8e:	eba4 010e 	sub.w	r1, r4, lr
10003d92:	eb06 000e 	add.w	r0, r6, lr
10003d96:	4798      	blx	r3
10003d98:	1931      	adds	r1, r6, r4
10003d9a:	f811 3c01 	ldrb.w	r3, [r1, #-1]
10003d9e:	f1a3 030d 	sub.w	r3, r3, #13
10003da2:	fab3 f383 	clz	r3, r3
10003da6:	095b      	lsrs	r3, r3, #5
10003da8:	752b      	strb	r3, [r5, #20]
10003daa:	b002      	add	sp, #8
10003dac:	bd70      	pop	{r4, r5, r6, pc}
10003dae:	7d2b      	ldrb	r3, [r5, #20]
10003db0:	2b00      	cmp	r3, #0
10003db2:	d1d9      	bne.n	10003d68 <stdio_out_chars_crlf+0x1c>
10003db4:	2102      	movs	r1, #2
10003db6:	682b      	ldr	r3, [r5, #0]
10003db8:	4813      	ldr	r0, [pc, #76]	@ (10003e08 <stdio_out_chars_crlf+0xbc>)
10003dba:	4798      	blx	r3
10003dbc:	2c01      	cmp	r4, #1
10003dbe:	d0eb      	beq.n	10003d98 <stdio_out_chars_crlf+0x4c>
10003dc0:	f04f 0e01 	mov.w	lr, #1
10003dc4:	e7d4      	b.n	10003d70 <stdio_out_chars_crlf+0x24>
10003dc6:	f812 0c01 	ldrb.w	r0, [r2, #-1]
10003dca:	280d      	cmp	r0, #13
10003dcc:	d0da      	beq.n	10003d84 <stdio_out_chars_crlf+0x38>
10003dce:	458e      	cmp	lr, r1
10003dd0:	eb06 000e 	add.w	r0, r6, lr
10003dd4:	eba1 010e 	sub.w	r1, r1, lr
10003dd8:	da05      	bge.n	10003de6 <stdio_out_chars_crlf+0x9a>
10003dda:	e9cd 3200 	strd	r3, r2, [sp]
10003dde:	682b      	ldr	r3, [r5, #0]
10003de0:	4798      	blx	r3
10003de2:	e9dd 3200 	ldrd	r3, r2, [sp]
10003de6:	e9cd 3200 	strd	r3, r2, [sp]
10003dea:	2102      	movs	r1, #2
10003dec:	682b      	ldr	r3, [r5, #0]
10003dee:	4806      	ldr	r0, [pc, #24]	@ (10003e08 <stdio_out_chars_crlf+0xbc>)
10003df0:	4798      	blx	r3
10003df2:	9b00      	ldr	r3, [sp, #0]
10003df4:	9a01      	ldr	r2, [sp, #4]
10003df6:	469e      	mov	lr, r3
10003df8:	e7c4      	b.n	10003d84 <stdio_out_chars_crlf+0x38>
10003dfa:	4611      	mov	r1, r2
10003dfc:	682b      	ldr	r3, [r5, #0]
10003dfe:	b002      	add	sp, #8
10003e00:	e8bd 4070 	ldmia.w	sp!, {r4, r5, r6, lr}
10003e04:	4718      	bx	r3
10003e06:	bf00      	nop
10003e08:	10006de0 	.word	0x10006de0

10003e0c <stdio_buffered_printer>:
10003e0c:	680b      	ldr	r3, [r1, #0]
10003e0e:	1c5a      	adds	r2, r3, #1
10003e10:	2a80      	cmp	r2, #128	@ 0x80
10003e12:	440b      	add	r3, r1
10003e14:	600a      	str	r2, [r1, #0]
10003e16:	7118      	strb	r0, [r3, #4]
10003e18:	d000      	beq.n	10003e1c <stdio_buffered_printer+0x10>
10003e1a:	4770      	bx	lr
10003e1c:	b530      	push	{r4, r5, lr}
10003e1e:	4b0e      	ldr	r3, [pc, #56]	@ (10003e58 <stdio_buffered_printer+0x4c>)
10003e20:	460c      	mov	r4, r1
10003e22:	6818      	ldr	r0, [r3, #0]
10003e24:	b083      	sub	sp, #12
10003e26:	b1a0      	cbz	r0, 10003e52 <stdio_buffered_printer+0x46>
10003e28:	1d0d      	adds	r5, r1, #4
10003e2a:	e001      	b.n	10003e30 <stdio_buffered_printer+0x24>
10003e2c:	6900      	ldr	r0, [r0, #16]
10003e2e:	b180      	cbz	r0, 10003e52 <stdio_buffered_printer+0x46>
10003e30:	6803      	ldr	r3, [r0, #0]
10003e32:	2b00      	cmp	r3, #0
10003e34:	d0fa      	beq.n	10003e2c <stdio_buffered_printer+0x20>
10003e36:	4b09      	ldr	r3, [pc, #36]	@ (10003e5c <stdio_buffered_printer+0x50>)
10003e38:	681b      	ldr	r3, [r3, #0]
10003e3a:	b10b      	cbz	r3, 10003e40 <stdio_buffered_printer+0x34>
10003e3c:	4283      	cmp	r3, r0
10003e3e:	d1f5      	bne.n	10003e2c <stdio_buffered_printer+0x20>
10003e40:	4629      	mov	r1, r5
10003e42:	6822      	ldr	r2, [r4, #0]
10003e44:	9001      	str	r0, [sp, #4]
10003e46:	f7ff ff81 	bl	10003d4c <stdio_out_chars_crlf>
10003e4a:	9801      	ldr	r0, [sp, #4]
10003e4c:	6900      	ldr	r0, [r0, #16]
10003e4e:	2800      	cmp	r0, #0
10003e50:	d1ee      	bne.n	10003e30 <stdio_buffered_printer+0x24>
10003e52:	6020      	str	r0, [r4, #0]
10003e54:	b003      	add	sp, #12
10003e56:	bd30      	pop	{r4, r5, pc}
10003e58:	20001884 	.word	0x20001884
10003e5c:	2000198c 	.word	0x2000198c

10003e60 <stdio_put_string>:
10003e60:	e92d 47f0 	stmdb	sp!, {r4, r5, r6, r7, r8, r9, sl, lr}
10003e64:	b082      	sub	sp, #8
10003e66:	4690      	mov	r8, r2
10003e68:	461c      	mov	r4, r3
10003e6a:	460d      	mov	r5, r1
10003e6c:	4607      	mov	r7, r0
10003e6e:	f7fd ffaf 	bl	10001dd0 <time_us_64>
10003e72:	f04f 3cff 	mov.w	ip, #4294967295	@ 0xffffffff
10003e76:	f06f 4600 	mvn.w	r6, #2147483648	@ 0x80000000
10003e7a:	4a2e      	ldr	r2, [pc, #184]	@ (10003f34 <stdio_put_string+0xd4>)
10003e7c:	1882      	adds	r2, r0, r2
10003e7e:	f141 0300 	adc.w	r3, r1, #0
10003e82:	4594      	cmp	ip, r2
10003e84:	eb76 0103 	sbcs.w	r1, r6, r3
10003e88:	bf3c      	itt	cc
10003e8a:	4662      	movcc	r2, ip
10003e8c:	4633      	movcc	r3, r6
10003e8e:	482a      	ldr	r0, [pc, #168]	@ (10003f38 <stdio_put_string+0xd8>)
10003e90:	f002 fb5e 	bl	10006550 <__mutex_try_enter_block_until_veneer>
10003e94:	1c6b      	adds	r3, r5, #1
10003e96:	4682      	mov	sl, r0
10003e98:	d040      	beq.n	10003f1c <stdio_put_string+0xbc>
10003e9a:	b30c      	cbz	r4, 10003ee0 <stdio_put_string+0x80>
10003e9c:	4e27      	ldr	r6, [pc, #156]	@ (10003f3c <stdio_put_string+0xdc>)
10003e9e:	4b28      	ldr	r3, [pc, #160]	@ (10003f40 <stdio_put_string+0xe0>)
10003ea0:	681c      	ldr	r4, [r3, #0]
10003ea2:	b1b4      	cbz	r4, 10003ed2 <stdio_put_string+0x72>
10003ea4:	f1b8 0f00 	cmp.w	r8, #0
10003ea8:	d11c      	bne.n	10003ee4 <stdio_put_string+0x84>
10003eaa:	f8df 809c 	ldr.w	r8, [pc, #156]	@ 10003f48 <stdio_put_string+0xe8>
10003eae:	e001      	b.n	10003eb4 <stdio_put_string+0x54>
10003eb0:	6924      	ldr	r4, [r4, #16]
10003eb2:	b174      	cbz	r4, 10003ed2 <stdio_put_string+0x72>
10003eb4:	6823      	ldr	r3, [r4, #0]
10003eb6:	2b00      	cmp	r3, #0
10003eb8:	d0fa      	beq.n	10003eb0 <stdio_put_string+0x50>
10003eba:	f8d8 3000 	ldr.w	r3, [r8]
10003ebe:	b10b      	cbz	r3, 10003ec4 <stdio_put_string+0x64>
10003ec0:	429c      	cmp	r4, r3
10003ec2:	d1f5      	bne.n	10003eb0 <stdio_put_string+0x50>
10003ec4:	4620      	mov	r0, r4
10003ec6:	462a      	mov	r2, r5
10003ec8:	4639      	mov	r1, r7
10003eca:	47b0      	blx	r6
10003ecc:	6924      	ldr	r4, [r4, #16]
10003ece:	2c00      	cmp	r4, #0
10003ed0:	d1f0      	bne.n	10003eb4 <stdio_put_string+0x54>
10003ed2:	f1ba 0f00 	cmp.w	sl, #0
10003ed6:	d126      	bne.n	10003f26 <stdio_put_string+0xc6>
10003ed8:	4628      	mov	r0, r5
10003eda:	b002      	add	sp, #8
10003edc:	e8bd 87f0 	ldmia.w	sp!, {r4, r5, r6, r7, r8, r9, sl, pc}
10003ee0:	4e18      	ldr	r6, [pc, #96]	@ (10003f44 <stdio_put_string+0xe4>)
10003ee2:	e7dc      	b.n	10003e9e <stdio_put_string+0x3e>
10003ee4:	f04f 090a 	mov.w	r9, #10
10003ee8:	f8df 805c 	ldr.w	r8, [pc, #92]	@ 10003f48 <stdio_put_string+0xe8>
10003eec:	e002      	b.n	10003ef4 <stdio_put_string+0x94>
10003eee:	6924      	ldr	r4, [r4, #16]
10003ef0:	2c00      	cmp	r4, #0
10003ef2:	d0ee      	beq.n	10003ed2 <stdio_put_string+0x72>
10003ef4:	6823      	ldr	r3, [r4, #0]
10003ef6:	2b00      	cmp	r3, #0
10003ef8:	d0f9      	beq.n	10003eee <stdio_put_string+0x8e>
10003efa:	f8d8 3000 	ldr.w	r3, [r8]
10003efe:	b10b      	cbz	r3, 10003f04 <stdio_put_string+0xa4>
10003f00:	42a3      	cmp	r3, r4
10003f02:	d1f4      	bne.n	10003eee <stdio_put_string+0x8e>
10003f04:	462a      	mov	r2, r5
10003f06:	4639      	mov	r1, r7
10003f08:	4620      	mov	r0, r4
10003f0a:	47b0      	blx	r6
10003f0c:	2201      	movs	r2, #1
10003f0e:	4620      	mov	r0, r4
10003f10:	f10d 0107 	add.w	r1, sp, #7
10003f14:	f88d 9007 	strb.w	r9, [sp, #7]
10003f18:	47b0      	blx	r6
10003f1a:	e7e8      	b.n	10003eee <stdio_put_string+0x8e>
10003f1c:	4638      	mov	r0, r7
10003f1e:	f002 fabb 	bl	10006498 <strlen>
10003f22:	4605      	mov	r5, r0
10003f24:	e7b9      	b.n	10003e9a <stdio_put_string+0x3a>
10003f26:	4804      	ldr	r0, [pc, #16]	@ (10003f38 <stdio_put_string+0xd8>)
10003f28:	f002 faea 	bl	10006500 <__mutex_exit_veneer>
10003f2c:	4628      	mov	r0, r5
10003f2e:	b002      	add	sp, #8
10003f30:	e8bd 87f0 	ldmia.w	sp!, {r4, r5, r6, r7, r8, r9, sl, pc}
10003f34:	000f4240 	.word	0x000f4240
10003f38:	200013a8 	.word	0x200013a8
10003f3c:	10003d4d 	.word	0x10003d4d
10003f40:	20001884 	.word	0x20001884
10003f44:	10003d45 	.word	0x10003d45
10003f48:	2000198c 	.word	0x2000198c

10003f4c <stdio_set_driver_enabled>:
10003f4c:	4a08      	ldr	r2, [pc, #32]	@ (10003f70 <stdio_set_driver_enabled+0x24>)
10003f4e:	6813      	ldr	r3, [r2, #0]
10003f50:	b923      	cbnz	r3, 10003f5c <stdio_set_driver_enabled+0x10>
10003f52:	e00a      	b.n	10003f6a <stdio_set_driver_enabled+0x1e>
10003f54:	f103 0210 	add.w	r2, r3, #16
10003f58:	691b      	ldr	r3, [r3, #16]
10003f5a:	b133      	cbz	r3, 10003f6a <stdio_set_driver_enabled+0x1e>
10003f5c:	4283      	cmp	r3, r0
10003f5e:	d1f9      	bne.n	10003f54 <stdio_set_driver_enabled+0x8>
10003f60:	b929      	cbnz	r1, 10003f6e <stdio_set_driver_enabled+0x22>
10003f62:	6918      	ldr	r0, [r3, #16]
10003f64:	6010      	str	r0, [r2, #0]
10003f66:	6119      	str	r1, [r3, #16]
10003f68:	4770      	bx	lr
10003f6a:	b101      	cbz	r1, 10003f6e <stdio_set_driver_enabled+0x22>
10003f6c:	6010      	str	r0, [r2, #0]
10003f6e:	4770      	bx	lr
10003f70:	20001884 	.word	0x20001884

10003f74 <stdio_init_all>:
10003f74:	f000 ba70 	b.w	10004458 <stdio_usb_init>

10003f78 <__wrap_putchar>:
10003f78:	b5f0      	push	{r4, r5, r6, r7, lr}
10003f7a:	b083      	sub	sp, #12
10003f7c:	4606      	mov	r6, r0
10003f7e:	f88d 0007 	strb.w	r0, [sp, #7]
10003f82:	f7fd ff25 	bl	10001dd0 <time_us_64>
10003f86:	f04f 35ff 	mov.w	r5, #4294967295	@ 0xffffffff
10003f8a:	f06f 4400 	mvn.w	r4, #2147483648	@ 0x80000000
10003f8e:	4a17      	ldr	r2, [pc, #92]	@ (10003fec <__wrap_putchar+0x74>)
10003f90:	1882      	adds	r2, r0, r2
10003f92:	f141 0300 	adc.w	r3, r1, #0
10003f96:	4295      	cmp	r5, r2
10003f98:	eb74 0103 	sbcs.w	r1, r4, r3
10003f9c:	bf3c      	itt	cc
10003f9e:	4623      	movcc	r3, r4
10003fa0:	462a      	movcc	r2, r5
10003fa2:	4813      	ldr	r0, [pc, #76]	@ (10003ff0 <__wrap_putchar+0x78>)
10003fa4:	f002 fad4 	bl	10006550 <__mutex_try_enter_block_until_veneer>
10003fa8:	4b12      	ldr	r3, [pc, #72]	@ (10003ff4 <__wrap_putchar+0x7c>)
10003faa:	4607      	mov	r7, r0
10003fac:	681c      	ldr	r4, [r3, #0]
10003fae:	b19c      	cbz	r4, 10003fd8 <__wrap_putchar+0x60>
10003fb0:	4d11      	ldr	r5, [pc, #68]	@ (10003ff8 <__wrap_putchar+0x80>)
10003fb2:	e001      	b.n	10003fb8 <__wrap_putchar+0x40>
10003fb4:	6924      	ldr	r4, [r4, #16]
10003fb6:	b17c      	cbz	r4, 10003fd8 <__wrap_putchar+0x60>
10003fb8:	6823      	ldr	r3, [r4, #0]
10003fba:	2b00      	cmp	r3, #0
10003fbc:	d0fa      	beq.n	10003fb4 <__wrap_putchar+0x3c>
10003fbe:	682b      	ldr	r3, [r5, #0]
10003fc0:	b10b      	cbz	r3, 10003fc6 <__wrap_putchar+0x4e>
10003fc2:	429c      	cmp	r4, r3
10003fc4:	d1f6      	bne.n	10003fb4 <__wrap_putchar+0x3c>
10003fc6:	4620      	mov	r0, r4
10003fc8:	2201      	movs	r2, #1
10003fca:	f10d 0107 	add.w	r1, sp, #7
10003fce:	f7ff febd 	bl	10003d4c <stdio_out_chars_crlf>
10003fd2:	6924      	ldr	r4, [r4, #16]
10003fd4:	2c00      	cmp	r4, #0
10003fd6:	d1ef      	bne.n	10003fb8 <__wrap_putchar+0x40>
10003fd8:	b917      	cbnz	r7, 10003fe0 <__wrap_putchar+0x68>
10003fda:	4630      	mov	r0, r6
10003fdc:	b003      	add	sp, #12
10003fde:	bdf0      	pop	{r4, r5, r6, r7, pc}
10003fe0:	4803      	ldr	r0, [pc, #12]	@ (10003ff0 <__wrap_putchar+0x78>)
10003fe2:	f002 fa8d 	bl	10006500 <__mutex_exit_veneer>
10003fe6:	4630      	mov	r0, r6
10003fe8:	b003      	add	sp, #12
10003fea:	bdf0      	pop	{r4, r5, r6, r7, pc}
10003fec:	000f4240 	.word	0x000f4240
10003ff0:	200013a8 	.word	0x200013a8
10003ff4:	20001884 	.word	0x20001884
10003ff8:	2000198c 	.word	0x2000198c

10003ffc <__wrap_puts>:
10003ffc:	b538      	push	{r3, r4, r5, lr}
10003ffe:	4604      	mov	r4, r0
10004000:	f002 fa4a 	bl	10006498 <strlen>
10004004:	2301      	movs	r3, #1
10004006:	4605      	mov	r5, r0
10004008:	461a      	mov	r2, r3
1000400a:	4620      	mov	r0, r4
1000400c:	4629      	mov	r1, r5
1000400e:	f7ff ff27 	bl	10003e60 <stdio_put_string>
10004012:	4b08      	ldr	r3, [pc, #32]	@ (10004034 <__wrap_puts+0x38>)
10004014:	681c      	ldr	r4, [r3, #0]
10004016:	b12c      	cbz	r4, 10004024 <__wrap_puts+0x28>
10004018:	6863      	ldr	r3, [r4, #4]
1000401a:	b12b      	cbz	r3, 10004028 <__wrap_puts+0x2c>
1000401c:	4798      	blx	r3
1000401e:	6924      	ldr	r4, [r4, #16]
10004020:	2c00      	cmp	r4, #0
10004022:	d1f9      	bne.n	10004018 <__wrap_puts+0x1c>
10004024:	4628      	mov	r0, r5
10004026:	bd38      	pop	{r3, r4, r5, pc}
10004028:	6924      	ldr	r4, [r4, #16]
1000402a:	2c00      	cmp	r4, #0
1000402c:	d1f4      	bne.n	10004018 <__wrap_puts+0x1c>
1000402e:	4628      	mov	r0, r5
10004030:	bd38      	pop	{r3, r4, r5, pc}
10004032:	bf00      	nop
10004034:	20001884 	.word	0x20001884

10004038 <__wrap_vprintf>:
10004038:	e92d 41f0 	stmdb	sp!, {r4, r5, r6, r7, r8, lr}
1000403c:	b0a2      	sub	sp, #136	@ 0x88
1000403e:	460e      	mov	r6, r1
10004040:	4605      	mov	r5, r0
10004042:	f7fd fec5 	bl	10001dd0 <time_us_64>
10004046:	f04f 3cff 	mov.w	ip, #4294967295	@ 0xffffffff
1000404a:	f06f 4400 	mvn.w	r4, #2147483648	@ 0x80000000
1000404e:	4a25      	ldr	r2, [pc, #148]	@ (100040e4 <__wrap_vprintf+0xac>)
10004050:	1882      	adds	r2, r0, r2
10004052:	f141 0300 	adc.w	r3, r1, #0
10004056:	4594      	cmp	ip, r2
10004058:	eb74 0103 	sbcs.w	r1, r4, r3
1000405c:	bf3c      	itt	cc
1000405e:	4623      	movcc	r3, r4
10004060:	4662      	movcc	r2, ip
10004062:	4821      	ldr	r0, [pc, #132]	@ (100040e8 <__wrap_vprintf+0xb0>)
10004064:	f002 fa74 	bl	10006550 <__mutex_try_enter_block_until_veneer>
10004068:	2400      	movs	r4, #0
1000406a:	4633      	mov	r3, r6
1000406c:	4607      	mov	r7, r0
1000406e:	462a      	mov	r2, r5
10004070:	481e      	ldr	r0, [pc, #120]	@ (100040ec <__wrap_vprintf+0xb4>)
10004072:	a901      	add	r1, sp, #4
10004074:	9401      	str	r4, [sp, #4]
10004076:	f7ff fe21 	bl	10003cbc <vfctprintf>
1000407a:	4e1d      	ldr	r6, [pc, #116]	@ (100040f0 <__wrap_vprintf+0xb8>)
1000407c:	9b01      	ldr	r3, [sp, #4]
1000407e:	4680      	mov	r8, r0
10004080:	6834      	ldr	r4, [r6, #0]
10004082:	b1bb      	cbz	r3, 100040b4 <__wrap_vprintf+0x7c>
10004084:	2c00      	cmp	r4, #0
10004086:	d02a      	beq.n	100040de <__wrap_vprintf+0xa6>
10004088:	4d1a      	ldr	r5, [pc, #104]	@ (100040f4 <__wrap_vprintf+0xbc>)
1000408a:	e001      	b.n	10004090 <__wrap_vprintf+0x58>
1000408c:	6924      	ldr	r4, [r4, #16]
1000408e:	b174      	cbz	r4, 100040ae <__wrap_vprintf+0x76>
10004090:	6823      	ldr	r3, [r4, #0]
10004092:	2b00      	cmp	r3, #0
10004094:	d0fa      	beq.n	1000408c <__wrap_vprintf+0x54>
10004096:	682b      	ldr	r3, [r5, #0]
10004098:	b10b      	cbz	r3, 1000409e <__wrap_vprintf+0x66>
1000409a:	42a3      	cmp	r3, r4
1000409c:	d1f6      	bne.n	1000408c <__wrap_vprintf+0x54>
1000409e:	4620      	mov	r0, r4
100040a0:	9a01      	ldr	r2, [sp, #4]
100040a2:	a902      	add	r1, sp, #8
100040a4:	f7ff fe52 	bl	10003d4c <stdio_out_chars_crlf>
100040a8:	6924      	ldr	r4, [r4, #16]
100040aa:	2c00      	cmp	r4, #0
100040ac:	d1f0      	bne.n	10004090 <__wrap_vprintf+0x58>
100040ae:	4623      	mov	r3, r4
100040b0:	6834      	ldr	r4, [r6, #0]
100040b2:	9301      	str	r3, [sp, #4]
100040b4:	b12c      	cbz	r4, 100040c2 <__wrap_vprintf+0x8a>
100040b6:	6863      	ldr	r3, [r4, #4]
100040b8:	b143      	cbz	r3, 100040cc <__wrap_vprintf+0x94>
100040ba:	4798      	blx	r3
100040bc:	6924      	ldr	r4, [r4, #16]
100040be:	2c00      	cmp	r4, #0
100040c0:	d1f9      	bne.n	100040b6 <__wrap_vprintf+0x7e>
100040c2:	b92f      	cbnz	r7, 100040d0 <__wrap_vprintf+0x98>
100040c4:	4640      	mov	r0, r8
100040c6:	b022      	add	sp, #136	@ 0x88
100040c8:	e8bd 81f0 	ldmia.w	sp!, {r4, r5, r6, r7, r8, pc}
100040cc:	6924      	ldr	r4, [r4, #16]
100040ce:	e7f1      	b.n	100040b4 <__wrap_vprintf+0x7c>
100040d0:	4805      	ldr	r0, [pc, #20]	@ (100040e8 <__wrap_vprintf+0xb0>)
100040d2:	f002 fa15 	bl	10006500 <__mutex_exit_veneer>
100040d6:	4640      	mov	r0, r8
100040d8:	b022      	add	sp, #136	@ 0x88
100040da:	e8bd 81f0 	ldmia.w	sp!, {r4, r5, r6, r7, r8, pc}
100040de:	9401      	str	r4, [sp, #4]
100040e0:	e7ef      	b.n	100040c2 <__wrap_vprintf+0x8a>
100040e2:	bf00      	nop
100040e4:	000f4240 	.word	0x000f4240
100040e8:	200013a8 	.word	0x200013a8
100040ec:	10003e0d 	.word	0x10003e0d
100040f0:	20001884 	.word	0x20001884
100040f4:	2000198c 	.word	0x2000198c

100040f8 <__wrap_printf>:
100040f8:	b40f      	push	{r0, r1, r2, r3}
100040fa:	b500      	push	{lr}
100040fc:	b083      	sub	sp, #12
100040fe:	a904      	add	r1, sp, #16
10004100:	f851 0b04 	ldr.w	r0, [r1], #4
10004104:	9101      	str	r1, [sp, #4]
10004106:	f7ff ff97 	bl	10004038 <__wrap_vprintf>
1000410a:	b003      	add	sp, #12
1000410c:	f85d eb04 	ldr.w	lr, [sp], #4
10004110:	b004      	add	sp, #16
10004112:	4770      	bx	lr

10004114 <stdio_usb_set_chars_available_callback>:
10004114:	4a02      	ldr	r2, [pc, #8]	@ (10004120 <stdio_usb_set_chars_available_callback+0xc>)
10004116:	4b03      	ldr	r3, [pc, #12]	@ (10004124 <stdio_usb_set_chars_available_callback+0x10>)
10004118:	6010      	str	r0, [r2, #0]
1000411a:	6019      	str	r1, [r3, #0]
1000411c:	4770      	bx	lr
1000411e:	bf00      	nop
10004120:	20001824 	.word	0x20001824
10004124:	20001828 	.word	0x20001828

10004128 <timer_task>:
10004128:	4b18      	ldr	r3, [pc, #96]	@ (1000418c <timer_task+0x64>)
1000412a:	b570      	push	{r4, r5, r6, lr}
1000412c:	681a      	ldr	r2, [r3, #0]
1000412e:	2a00      	cmp	r2, #0
10004130:	d028      	beq.n	10004184 <timer_task+0x5c>
10004132:	f3ef 8110 	mrs	r1, PRIMASK
10004136:	b672      	cpsid	i
10004138:	e8d2 4fcf 	ldaexb	r4, [r2]
1000413c:	2001      	movs	r0, #1
1000413e:	2c00      	cmp	r4, #0
10004140:	d1fa      	bne.n	10004138 <timer_task+0x10>
10004142:	e8c2 0f44 	strexb	r4, r0, [r2]
10004146:	2c00      	cmp	r4, #0
10004148:	d1f6      	bne.n	10004138 <timer_task+0x10>
1000414a:	f3bf 8f5f 	dmb	sy
1000414e:	2200      	movs	r2, #0
10004150:	4c0f      	ldr	r4, [pc, #60]	@ (10004190 <timer_task+0x68>)
10004152:	6818      	ldr	r0, [r3, #0]
10004154:	6059      	str	r1, [r3, #4]
10004156:	7022      	strb	r2, [r4, #0]
10004158:	e8c0 2f8f 	stlb	r2, [r0]
1000415c:	f381 8810 	msr	PRIMASK, r1
10004160:	2400      	movs	r4, #0
10004162:	2500      	movs	r5, #0
10004164:	4e0b      	ldr	r6, [pc, #44]	@ (10004194 <timer_task+0x6c>)
10004166:	7830      	ldrb	r0, [r6, #0]
10004168:	f7fc ffae 	bl	100010c8 <irq_is_enabled>
1000416c:	b920      	cbnz	r0, 10004178 <timer_task+0x50>
1000416e:	2400      	movs	r4, #0
10004170:	2500      	movs	r5, #0
10004172:	4620      	mov	r0, r4
10004174:	4629      	mov	r1, r5
10004176:	bd70      	pop	{r4, r5, r6, pc}
10004178:	7830      	ldrb	r0, [r6, #0]
1000417a:	f7fc ffb5 	bl	100010e8 <irq_set_pending>
1000417e:	4620      	mov	r0, r4
10004180:	4629      	mov	r1, r5
10004182:	bd70      	pop	{r4, r5, r6, pc}
10004184:	f44f 747a 	mov.w	r4, #1000	@ 0x3e8
10004188:	2500      	movs	r5, #0
1000418a:	e7eb      	b.n	10004164 <timer_task+0x3c>
1000418c:	20001f70 	.word	0x20001f70
10004190:	20001fc4 	.word	0x20001fc4
10004194:	20001fc3 	.word	0x20001fc3

10004198 <usb_irq>:
10004198:	4b01      	ldr	r3, [pc, #4]	@ (100041a0 <usb_irq+0x8>)
1000419a:	7818      	ldrb	r0, [r3, #0]
1000419c:	f7fc bfa4 	b.w	100010e8 <irq_set_pending>
100041a0:	20001fc3 	.word	0x20001fc3

100041a4 <stdio_usb_in_chars>:
100041a4:	b538      	push	{r3, r4, r5, lr}
100041a6:	4604      	mov	r4, r0
100041a8:	2000      	movs	r0, #0
100041aa:	460d      	mov	r5, r1
100041ac:	f001 fbaa 	bl	10005904 <tud_cdc_n_connected>
100041b0:	b3a8      	cbz	r0, 1000421e <stdio_usb_in_chars+0x7a>
100041b2:	2000      	movs	r0, #0
100041b4:	f001 fbbc 	bl	10005930 <tud_cdc_n_available>
100041b8:	b388      	cbz	r0, 1000421e <stdio_usb_in_chars+0x7a>
100041ba:	f7fd fe09 	bl	10001dd0 <time_us_64>
100041be:	f04f 3eff 	mov.w	lr, #4294967295	@ 0xffffffff
100041c2:	f06f 4c00 	mvn.w	ip, #2147483648	@ 0x80000000
100041c6:	4a17      	ldr	r2, [pc, #92]	@ (10004224 <stdio_usb_in_chars+0x80>)
100041c8:	1882      	adds	r2, r0, r2
100041ca:	f141 0300 	adc.w	r3, r1, #0
100041ce:	4596      	cmp	lr, r2
100041d0:	eb7c 0103 	sbcs.w	r1, ip, r3
100041d4:	bf3c      	itt	cc
100041d6:	4672      	movcc	r2, lr
100041d8:	4663      	movcc	r3, ip
100041da:	4813      	ldr	r0, [pc, #76]	@ (10004228 <stdio_usb_in_chars+0x84>)
100041dc:	f002 f9b8 	bl	10006550 <__mutex_try_enter_block_until_veneer>
100041e0:	b1e8      	cbz	r0, 1000421e <stdio_usb_in_chars+0x7a>
100041e2:	2000      	movs	r0, #0
100041e4:	f001 fb8e 	bl	10005904 <tud_cdc_n_connected>
100041e8:	b958      	cbnz	r0, 10004202 <stdio_usb_in_chars+0x5e>
100041ea:	4601      	mov	r1, r0
100041ec:	f04f 30ff 	mov.w	r0, #4294967295	@ 0xffffffff
100041f0:	f000 fd92 	bl	10004d18 <tud_task_ext>
100041f4:	f06f 0402 	mvn.w	r4, #2
100041f8:	480b      	ldr	r0, [pc, #44]	@ (10004228 <stdio_usb_in_chars+0x84>)
100041fa:	f002 f981 	bl	10006500 <__mutex_exit_veneer>
100041fe:	4620      	mov	r0, r4
10004200:	bd38      	pop	{r3, r4, r5, pc}
10004202:	2000      	movs	r0, #0
10004204:	f001 fb94 	bl	10005930 <tud_cdc_n_available>
10004208:	2800      	cmp	r0, #0
1000420a:	d0ee      	beq.n	100041ea <stdio_usb_in_chars+0x46>
1000420c:	4621      	mov	r1, r4
1000420e:	462a      	mov	r2, r5
10004210:	2000      	movs	r0, #0
10004212:	f001 fb97 	bl	10005944 <tud_cdc_n_read>
10004216:	4604      	mov	r4, r0
10004218:	2800      	cmp	r0, #0
1000421a:	d1ed      	bne.n	100041f8 <stdio_usb_in_chars+0x54>
1000421c:	e7ea      	b.n	100041f4 <stdio_usb_in_chars+0x50>
1000421e:	f06f 0402 	mvn.w	r4, #2
10004222:	e7ec      	b.n	100041fe <stdio_usb_in_chars+0x5a>
10004224:	000f4240 	.word	0x000f4240
10004228:	20001fa4 	.word	0x20001fa4

1000422c <stdio_usb_out_flush>:
1000422c:	b508      	push	{r3, lr}
1000422e:	f7fd fdcf 	bl	10001dd0 <time_us_64>
10004232:	f04f 3eff 	mov.w	lr, #4294967295	@ 0xffffffff
10004236:	f06f 4c00 	mvn.w	ip, #2147483648	@ 0x80000000
1000423a:	4a0f      	ldr	r2, [pc, #60]	@ (10004278 <stdio_usb_out_flush+0x4c>)
1000423c:	1882      	adds	r2, r0, r2
1000423e:	f141 0300 	adc.w	r3, r1, #0
10004242:	4596      	cmp	lr, r2
10004244:	eb7c 0103 	sbcs.w	r1, ip, r3
10004248:	bf3c      	itt	cc
1000424a:	4672      	movcc	r2, lr
1000424c:	4663      	movcc	r3, ip
1000424e:	480b      	ldr	r0, [pc, #44]	@ (1000427c <stdio_usb_out_flush+0x50>)
10004250:	f002 f97e 	bl	10006550 <__mutex_try_enter_block_until_veneer>
10004254:	b170      	cbz	r0, 10004274 <stdio_usb_out_flush+0x48>
10004256:	f04f 30ff 	mov.w	r0, #4294967295	@ 0xffffffff
1000425a:	2100      	movs	r1, #0
1000425c:	f000 fd5c 	bl	10004d18 <tud_task_ext>
10004260:	2000      	movs	r0, #0
10004262:	f001 fbb5 	bl	100059d0 <tud_cdc_n_write_flush>
10004266:	2800      	cmp	r0, #0
10004268:	d1f5      	bne.n	10004256 <stdio_usb_out_flush+0x2a>
1000426a:	e8bd 4008 	ldmia.w	sp!, {r3, lr}
1000426e:	4803      	ldr	r0, [pc, #12]	@ (1000427c <stdio_usb_out_flush+0x50>)
10004270:	f002 b946 	b.w	10006500 <__mutex_exit_veneer>
10004274:	bd08      	pop	{r3, pc}
10004276:	bf00      	nop
10004278:	000f4240 	.word	0x000f4240
1000427c:	20001fa4 	.word	0x20001fa4

10004280 <stdio_usb_out_chars>:
10004280:	e92d 41f0 	stmdb	sp!, {r4, r5, r6, r7, r8, lr}
10004284:	4607      	mov	r7, r0
10004286:	460e      	mov	r6, r1
10004288:	f7fd fda2 	bl	10001dd0 <time_us_64>
1000428c:	f04f 35ff 	mov.w	r5, #4294967295	@ 0xffffffff
10004290:	f06f 4400 	mvn.w	r4, #2147483648	@ 0x80000000
10004294:	4a32      	ldr	r2, [pc, #200]	@ (10004360 <stdio_usb_out_chars+0xe0>)
10004296:	1882      	adds	r2, r0, r2
10004298:	f141 0300 	adc.w	r3, r1, #0
1000429c:	4295      	cmp	r5, r2
1000429e:	eb74 0103 	sbcs.w	r1, r4, r3
100042a2:	bf3c      	itt	cc
100042a4:	462a      	movcc	r2, r5
100042a6:	4623      	movcc	r3, r4
100042a8:	482e      	ldr	r0, [pc, #184]	@ (10004364 <stdio_usb_out_chars+0xe4>)
100042aa:	f002 f951 	bl	10006550 <__mutex_try_enter_block_until_veneer>
100042ae:	b908      	cbnz	r0, 100042b4 <stdio_usb_out_chars+0x34>
100042b0:	e8bd 81f0 	ldmia.w	sp!, {r4, r5, r6, r7, r8, pc}
100042b4:	2000      	movs	r0, #0
100042b6:	f001 fb25 	bl	10005904 <tud_cdc_n_connected>
100042ba:	2800      	cmp	r0, #0
100042bc:	d045      	beq.n	1000434a <stdio_usb_out_chars+0xca>
100042be:	2e00      	cmp	r6, #0
100042c0:	dd3e      	ble.n	10004340 <stdio_usb_out_chars+0xc0>
100042c2:	2500      	movs	r5, #0
100042c4:	f8df 80a4 	ldr.w	r8, [pc, #164]	@ 1000436c <stdio_usb_out_chars+0xec>
100042c8:	e012      	b.n	100042f0 <stdio_usb_out_chars+0x70>
100042ca:	4622      	mov	r2, r4
100042cc:	2000      	movs	r0, #0
100042ce:	f001 fbc9 	bl	10005a64 <tud_cdc_n_write>
100042d2:	2100      	movs	r1, #0
100042d4:	4405      	add	r5, r0
100042d6:	f04f 30ff 	mov.w	r0, #4294967295	@ 0xffffffff
100042da:	f000 fd1d 	bl	10004d18 <tud_task_ext>
100042de:	2000      	movs	r0, #0
100042e0:	f001 fb76 	bl	100059d0 <tud_cdc_n_write_flush>
100042e4:	f7fd fd74 	bl	10001dd0 <time_us_64>
100042e8:	e9c8 0100 	strd	r0, r1, [r8]
100042ec:	42ae      	cmp	r6, r5
100042ee:	dd27      	ble.n	10004340 <stdio_usb_out_chars+0xc0>
100042f0:	2000      	movs	r0, #0
100042f2:	f001 fbd5 	bl	10005aa0 <tud_cdc_n_write_available>
100042f6:	1b74      	subs	r4, r6, r5
100042f8:	4284      	cmp	r4, r0
100042fa:	bfa8      	it	ge
100042fc:	4604      	movge	r4, r0
100042fe:	1979      	adds	r1, r7, r5
10004300:	2c00      	cmp	r4, #0
10004302:	d1e2      	bne.n	100042ca <stdio_usb_out_chars+0x4a>
10004304:	4621      	mov	r1, r4
10004306:	f04f 30ff 	mov.w	r0, #4294967295	@ 0xffffffff
1000430a:	f000 fd05 	bl	10004d18 <tud_task_ext>
1000430e:	4620      	mov	r0, r4
10004310:	f001 fb5e 	bl	100059d0 <tud_cdc_n_write_flush>
10004314:	4620      	mov	r0, r4
10004316:	f001 faf5 	bl	10005904 <tud_cdc_n_connected>
1000431a:	b188      	cbz	r0, 10004340 <stdio_usb_out_chars+0xc0>
1000431c:	4620      	mov	r0, r4
1000431e:	f001 fbbf 	bl	10005aa0 <tud_cdc_n_write_available>
10004322:	2800      	cmp	r0, #0
10004324:	d1e2      	bne.n	100042ec <stdio_usb_out_chars+0x6c>
10004326:	f7fd fd53 	bl	10001dd0 <time_us_64>
1000432a:	4a0f      	ldr	r2, [pc, #60]	@ (10004368 <stdio_usb_out_chars+0xe8>)
1000432c:	f8d8 3000 	ldr.w	r3, [r8]
10004330:	189b      	adds	r3, r3, r2
10004332:	f8d8 2004 	ldr.w	r2, [r8, #4]
10004336:	f142 0200 	adc.w	r2, r2, #0
1000433a:	4283      	cmp	r3, r0
1000433c:	418a      	sbcs	r2, r1
1000433e:	d2d5      	bcs.n	100042ec <stdio_usb_out_chars+0x6c>
10004340:	4808      	ldr	r0, [pc, #32]	@ (10004364 <stdio_usb_out_chars+0xe4>)
10004342:	e8bd 41f0 	ldmia.w	sp!, {r4, r5, r6, r7, r8, lr}
10004346:	f002 b8db 	b.w	10006500 <__mutex_exit_veneer>
1000434a:	2000      	movs	r0, #0
1000434c:	e8bd 41f0 	ldmia.w	sp!, {r4, r5, r6, r7, r8, lr}
10004350:	2100      	movs	r1, #0
10004352:	4b06      	ldr	r3, [pc, #24]	@ (1000436c <stdio_usb_out_chars+0xec>)
10004354:	e9c3 0100 	strd	r0, r1, [r3]
10004358:	4802      	ldr	r0, [pc, #8]	@ (10004364 <stdio_usb_out_chars+0xe4>)
1000435a:	f002 b8d1 	b.w	10006500 <__mutex_exit_veneer>
1000435e:	bf00      	nop
10004360:	000f4240 	.word	0x000f4240
10004364:	20001fa4 	.word	0x20001fa4
10004368:	0007a120 	.word	0x0007a120
1000436c:	200015f8 	.word	0x200015f8

10004370 <low_priority_worker_irq>:
10004370:	b510      	push	{r4, lr}
10004372:	2100      	movs	r1, #0
10004374:	b084      	sub	sp, #16
10004376:	4832      	ldr	r0, [pc, #200]	@ (10004440 <low_priority_worker_irq+0xd0>)
10004378:	f002 f8da 	bl	10006530 <__mutex_try_enter_veneer>
1000437c:	bb28      	cbnz	r0, 100043ca <low_priority_worker_irq+0x5a>
1000437e:	4b31      	ldr	r3, [pc, #196]	@ (10004444 <low_priority_worker_irq+0xd4>)
10004380:	681a      	ldr	r2, [r3, #0]
10004382:	b302      	cbz	r2, 100043c6 <low_priority_worker_irq+0x56>
10004384:	f3ef 8110 	mrs	r1, PRIMASK
10004388:	b672      	cpsid	i
1000438a:	e8d2 efcf 	ldaexb	lr, [r2]
1000438e:	f05f 0c01 	movs.w	ip, #1
10004392:	f1be 0f00 	cmp.w	lr, #0
10004396:	d1f8      	bne.n	1000438a <low_priority_worker_irq+0x1a>
10004398:	e8c2 cf4e 	strexb	lr, ip, [r2]
1000439c:	f1be 0f00 	cmp.w	lr, #0
100043a0:	d1f3      	bne.n	1000438a <low_priority_worker_irq+0x1a>
100043a2:	f3bf 8f5f 	dmb	sy
100043a6:	f8df c0a8 	ldr.w	ip, [pc, #168]	@ 10004450 <low_priority_worker_irq+0xe0>
100043aa:	f8d3 e000 	ldr.w	lr, [r3]
100043ae:	f89c 2000 	ldrb.w	r2, [ip]
100043b2:	6059      	str	r1, [r3, #4]
100043b4:	b2d3      	uxtb	r3, r2
100043b6:	2201      	movs	r2, #1
100043b8:	f88c 2000 	strb.w	r2, [ip]
100043bc:	e8ce 0f8f 	stlb	r0, [lr]
100043c0:	f381 8810 	msr	PRIMASK, r1
100043c4:	b1cb      	cbz	r3, 100043fa <low_priority_worker_irq+0x8a>
100043c6:	b004      	add	sp, #16
100043c8:	bd10      	pop	{r4, pc}
100043ca:	2100      	movs	r1, #0
100043cc:	f04f 30ff 	mov.w	r0, #4294967295	@ 0xffffffff
100043d0:	f000 fca2 	bl	10004d18 <tud_task_ext>
100043d4:	2000      	movs	r0, #0
100043d6:	f001 faab 	bl	10005930 <tud_cdc_n_available>
100043da:	4604      	mov	r4, r0
100043dc:	4818      	ldr	r0, [pc, #96]	@ (10004440 <low_priority_worker_irq+0xd0>)
100043de:	f002 f88f 	bl	10006500 <__mutex_exit_veneer>
100043e2:	2c00      	cmp	r4, #0
100043e4:	d0ef      	beq.n	100043c6 <low_priority_worker_irq+0x56>
100043e6:	4b18      	ldr	r3, [pc, #96]	@ (10004448 <low_priority_worker_irq+0xd8>)
100043e8:	681b      	ldr	r3, [r3, #0]
100043ea:	2b00      	cmp	r3, #0
100043ec:	d0eb      	beq.n	100043c6 <low_priority_worker_irq+0x56>
100043ee:	4a17      	ldr	r2, [pc, #92]	@ (1000444c <low_priority_worker_irq+0xdc>)
100043f0:	6810      	ldr	r0, [r2, #0]
100043f2:	b004      	add	sp, #16
100043f4:	e8bd 4010 	ldmia.w	sp!, {r4, lr}
100043f8:	4718      	bx	r3
100043fa:	f7fd fa9d 	bl	10001938 <alarm_pool_get_default>
100043fe:	4604      	mov	r4, r0
10004400:	f7fd fce6 	bl	10001dd0 <time_us_64>
10004404:	f04f 3eff 	mov.w	lr, #4294967295	@ 0xffffffff
10004408:	f06f 4c00 	mvn.w	ip, #2147483648	@ 0x80000000
1000440c:	f510 727a 	adds.w	r2, r0, #1000	@ 0x3e8
10004410:	f141 0300 	adc.w	r3, r1, #0
10004414:	4596      	cmp	lr, r2
10004416:	eb7c 0103 	sbcs.w	r1, ip, r3
1000441a:	bf38      	it	cc
1000441c:	4663      	movcc	r3, ip
1000441e:	f04f 0100 	mov.w	r1, #0
10004422:	f04f 0c01 	mov.w	ip, #1
10004426:	bf38      	it	cc
10004428:	4672      	movcc	r2, lr
1000442a:	f8df e028 	ldr.w	lr, [pc, #40]	@ 10004454 <low_priority_worker_irq+0xe4>
1000442e:	4620      	mov	r0, r4
10004430:	e9cd 1c01 	strd	r1, ip, [sp, #4]
10004434:	f8cd e000 	str.w	lr, [sp]
10004438:	f7fd fa82 	bl	10001940 <alarm_pool_add_alarm_at>
1000443c:	b004      	add	sp, #16
1000443e:	bd10      	pop	{r4, pc}
10004440:	20001fa4 	.word	0x20001fa4
10004444:	20001f70 	.word	0x20001f70
10004448:	20001824 	.word	0x20001824
1000444c:	20001828 	.word	0x20001828
10004450:	20001fc4 	.word	0x20001fc4
10004454:	10004129 	.word	0x10004129

10004458 <stdio_usb_init>:
10004458:	f04f 4350 	mov.w	r3, #3489660928	@ 0xd0000000
1000445c:	b530      	push	{r4, r5, lr}
1000445e:	b085      	sub	sp, #20
10004460:	681c      	ldr	r4, [r3, #0]
10004462:	f7fd fa69 	bl	10001938 <alarm_pool_get_default>
10004466:	f7fd fb85 	bl	10001b74 <alarm_pool_core_num>
1000446a:	42a0      	cmp	r0, r4
1000446c:	d002      	beq.n	10004474 <stdio_usb_init+0x1c>
1000446e:	2000      	movs	r0, #0
10004470:	b005      	add	sp, #20
10004472:	bd30      	pop	{r4, r5, pc}
10004474:	2100      	movs	r1, #0
10004476:	4b2c      	ldr	r3, [pc, #176]	@ (10004528 <stdio_usb_init+0xd0>)
10004478:	4608      	mov	r0, r1
1000447a:	781b      	ldrb	r3, [r3, #0]
1000447c:	f001 fce0 	bl	10005e40 <tusb_rhport_init>
10004480:	482a      	ldr	r0, [pc, #168]	@ (1000452c <stdio_usb_init+0xd4>)
10004482:	6803      	ldr	r3, [r0, #0]
10004484:	2b00      	cmp	r3, #0
10004486:	d04b      	beq.n	10004520 <stdio_usb_init+0xc8>
10004488:	2001      	movs	r0, #1
1000448a:	f7fc ffcf 	bl	1000142c <user_irq_claim_unused>
1000448e:	4603      	mov	r3, r0
10004490:	4c27      	ldr	r4, [pc, #156]	@ (10004530 <stdio_usb_init+0xd8>)
10004492:	4928      	ldr	r1, [pc, #160]	@ (10004534 <stdio_usb_init+0xdc>)
10004494:	b2c0      	uxtb	r0, r0
10004496:	7023      	strb	r3, [r4, #0]
10004498:	f7fc fe42 	bl	10001120 <irq_set_exclusive_handler>
1000449c:	7820      	ldrb	r0, [r4, #0]
1000449e:	2101      	movs	r1, #1
100044a0:	f7fc fdfc 	bl	1000109c <irq_set_enabled>
100044a4:	200e      	movs	r0, #14
100044a6:	f7fc fe2b 	bl	10001100 <irq_has_shared_handler>
100044aa:	bb60      	cbnz	r0, 10004506 <stdio_usb_init+0xae>
100044ac:	4b22      	ldr	r3, [pc, #136]	@ (10004538 <stdio_usb_init+0xe0>)
100044ae:	f06f 4400 	mvn.w	r4, #2147483648	@ 0x80000000
100044b2:	e9c3 0000 	strd	r0, r0, [r3]
100044b6:	f7fd fa3f 	bl	10001938 <alarm_pool_get_default>
100044ba:	4605      	mov	r5, r0
100044bc:	f7fd fc88 	bl	10001dd0 <time_us_64>
100044c0:	f04f 3cff 	mov.w	ip, #4294967295	@ 0xffffffff
100044c4:	f510 727a 	adds.w	r2, r0, #1000	@ 0x3e8
100044c8:	f141 0300 	adc.w	r3, r1, #0
100044cc:	4594      	cmp	ip, r2
100044ce:	eb74 0103 	sbcs.w	r1, r4, r3
100044d2:	bf38      	it	cc
100044d4:	4623      	movcc	r3, r4
100044d6:	f04f 0100 	mov.w	r1, #0
100044da:	f04f 0401 	mov.w	r4, #1
100044de:	bf38      	it	cc
100044e0:	4662      	movcc	r2, ip
100044e2:	f8df c060 	ldr.w	ip, [pc, #96]	@ 10004544 <stdio_usb_init+0xec>
100044e6:	4628      	mov	r0, r5
100044e8:	e9cd 1401 	strd	r1, r4, [sp, #4]
100044ec:	f8cd c000 	str.w	ip, [sp]
100044f0:	f7fd fa26 	bl	10001940 <alarm_pool_add_alarm_at>
100044f4:	2800      	cmp	r0, #0
100044f6:	dbba      	blt.n	1000446e <stdio_usb_init+0x16>
100044f8:	2101      	movs	r1, #1
100044fa:	4810      	ldr	r0, [pc, #64]	@ (1000453c <stdio_usb_init+0xe4>)
100044fc:	f7ff fd26 	bl	10003f4c <stdio_set_driver_enabled>
10004500:	2001      	movs	r0, #1
10004502:	b005      	add	sp, #20
10004504:	bd30      	pop	{r4, r5, pc}
10004506:	2001      	movs	r0, #1
10004508:	f7fc fd82 	bl	10001010 <spin_lock_claim_unused>
1000450c:	4601      	mov	r1, r0
1000450e:	480a      	ldr	r0, [pc, #40]	@ (10004538 <stdio_usb_init+0xe0>)
10004510:	f7fc ffea 	bl	100014e8 <critical_section_init_with_lock_num>
10004514:	2200      	movs	r2, #0
10004516:	200e      	movs	r0, #14
10004518:	4909      	ldr	r1, [pc, #36]	@ (10004540 <stdio_usb_init+0xe8>)
1000451a:	f7fc fe33 	bl	10001184 <irq_add_shared_handler>
1000451e:	e7eb      	b.n	100044f8 <stdio_usb_init+0xa0>
10004520:	f7fc ffc6 	bl	100014b0 <mutex_init>
10004524:	e7b0      	b.n	10004488 <stdio_usb_init+0x30>
10004526:	bf00      	nop
10004528:	10006fa0 	.word	0x10006fa0
1000452c:	20001fa4 	.word	0x20001fa4
10004530:	20001fc3 	.word	0x20001fc3
10004534:	10004371 	.word	0x10004371
10004538:	20001f70 	.word	0x20001f70
1000453c:	20001370 	.word	0x20001370
10004540:	10004199 	.word	0x10004199
10004544:	10004129 	.word	0x10004129

10004548 <stdio_usb_connected>:
10004548:	2000      	movs	r0, #0
1000454a:	f001 b9db 	b.w	10005904 <tud_cdc_n_connected>
1000454e:	bf00      	nop

10004550 <tud_descriptor_device_cb>:
10004550:	4800      	ldr	r0, [pc, #0]	@ (10004554 <tud_descriptor_device_cb+0x4>)
10004552:	4770      	bx	lr
10004554:	10006e5c 	.word	0x10006e5c

10004558 <tud_descriptor_configuration_cb>:
10004558:	4800      	ldr	r0, [pc, #0]	@ (1000455c <tud_descriptor_configuration_cb+0x4>)
1000455a:	4770      	bx	lr
1000455c:	10006e08 	.word	0x10006e08

10004560 <tud_descriptor_string_cb>:
10004560:	b500      	push	{lr}
10004562:	4a1c      	ldr	r2, [pc, #112]	@ (100045d4 <tud_descriptor_string_cb+0x74>)
10004564:	4603      	mov	r3, r0
10004566:	7811      	ldrb	r1, [r2, #0]
10004568:	b083      	sub	sp, #12
1000456a:	b331      	cbz	r1, 100045ba <tud_descriptor_string_cb+0x5a>
1000456c:	b963      	cbnz	r3, 10004588 <tud_descriptor_string_cb+0x28>
1000456e:	f240 4209 	movw	r2, #1033	@ 0x409
10004572:	f44f 7341 	mov.w	r3, #772	@ 0x304
10004576:	f8df c060 	ldr.w	ip, [pc, #96]	@ 100045d8 <tud_descriptor_string_cb+0x78>
1000457a:	f8ac 2002 	strh.w	r2, [ip, #2]
1000457e:	4816      	ldr	r0, [pc, #88]	@ (100045d8 <tud_descriptor_string_cb+0x78>)
10004580:	f8ac 3000 	strh.w	r3, [ip]
10004584:	b003      	add	sp, #12
10004586:	bd00      	pop	{pc}
10004588:	2b05      	cmp	r3, #5
1000458a:	d820      	bhi.n	100045ce <tud_descriptor_string_cb+0x6e>
1000458c:	4a13      	ldr	r2, [pc, #76]	@ (100045dc <tud_descriptor_string_cb+0x7c>)
1000458e:	f8df c048 	ldr.w	ip, [pc, #72]	@ 100045d8 <tud_descriptor_string_cb+0x78>
10004592:	f852 1023 	ldr.w	r1, [r2, r3, lsl #2]
10004596:	4660      	mov	r0, ip
10004598:	2300      	movs	r3, #0
1000459a:	3901      	subs	r1, #1
1000459c:	e003      	b.n	100045a6 <tud_descriptor_string_cb+0x46>
1000459e:	2b13      	cmp	r3, #19
100045a0:	f820 2f02 	strh.w	r2, [r0, #2]!
100045a4:	d010      	beq.n	100045c8 <tud_descriptor_string_cb+0x68>
100045a6:	f811 2f01 	ldrb.w	r2, [r1, #1]!
100045aa:	3301      	adds	r3, #1
100045ac:	b2db      	uxtb	r3, r3
100045ae:	2a00      	cmp	r2, #0
100045b0:	d1f5      	bne.n	1000459e <tud_descriptor_string_cb+0x3e>
100045b2:	005b      	lsls	r3, r3, #1
100045b4:	f443 7340 	orr.w	r3, r3, #768	@ 0x300
100045b8:	e7e1      	b.n	1000457e <tud_descriptor_string_cb+0x1e>
100045ba:	9001      	str	r0, [sp, #4]
100045bc:	2111      	movs	r1, #17
100045be:	4610      	mov	r0, r2
100045c0:	f000 f824 	bl	1000460c <pico_get_unique_board_id_string>
100045c4:	9b01      	ldr	r3, [sp, #4]
100045c6:	e7d1      	b.n	1000456c <tud_descriptor_string_cb+0xc>
100045c8:	f44f 734a 	mov.w	r3, #808	@ 0x328
100045cc:	e7d7      	b.n	1000457e <tud_descriptor_string_cb+0x1e>
100045ce:	2000      	movs	r0, #0
100045d0:	e7d8      	b.n	10004584 <tud_descriptor_string_cb+0x24>
100045d2:	bf00      	nop
100045d4:	20001fac 	.word	0x20001fac
100045d8:	2000185c 	.word	0x2000185c
100045dc:	10006df0 	.word	0x10006df0

100045e0 <_retrieve_unique_id_on_boot>:
100045e0:	b500      	push	{lr}
100045e2:	f245 3047 	movw	r0, #21319	@ 0x5347
100045e6:	b08b      	sub	sp, #44	@ 0x2c
100045e8:	f7fd fd48 	bl	1000207c <rom_func_lookup>
100045ec:	2201      	movs	r2, #1
100045ee:	4603      	mov	r3, r0
100045f0:	2109      	movs	r1, #9
100045f2:	a801      	add	r0, sp, #4
100045f4:	4798      	blx	r3
100045f6:	e9dd 3203 	ldrd	r3, r2, [sp, #12]
100045fa:	4903      	ldr	r1, [pc, #12]	@ (10004608 <_retrieve_unique_id_on_boot+0x28>)
100045fc:	ba12      	rev	r2, r2
100045fe:	ba1b      	rev	r3, r3
10004600:	e9c1 2300 	strd	r2, r3, [r1]
10004604:	b00b      	add	sp, #44	@ 0x2c
10004606:	bd00      	pop	{pc}
10004608:	20001f98 	.word	0x20001f98

1000460c <pico_get_unique_board_id_string>:
1000460c:	2901      	cmp	r1, #1
1000460e:	f000 80bb 	beq.w	10004788 <pico_get_unique_board_id_string+0x17c>
10004612:	4a61      	ldr	r2, [pc, #388]	@ (10004798 <pico_get_unique_board_id_string+0x18c>)
10004614:	3901      	subs	r1, #1
10004616:	7813      	ldrb	r3, [r2, #0]
10004618:	ea4f 1c23 	mov.w	ip, r3, asr #4
1000461c:	f1bc 0f09 	cmp.w	ip, #9
10004620:	bfcc      	ite	gt
10004622:	f10c 0c37 	addgt.w	ip, ip, #55	@ 0x37
10004626:	f10c 0c30 	addle.w	ip, ip, #48	@ 0x30
1000462a:	2901      	cmp	r1, #1
1000462c:	f880 c000 	strb.w	ip, [r0]
10004630:	f000 80ad 	beq.w	1000478e <pico_get_unique_board_id_string+0x182>
10004634:	f003 030f 	and.w	r3, r3, #15
10004638:	2b09      	cmp	r3, #9
1000463a:	bf8c      	ite	hi
1000463c:	3337      	addhi	r3, #55	@ 0x37
1000463e:	3330      	addls	r3, #48	@ 0x30
10004640:	2902      	cmp	r1, #2
10004642:	7043      	strb	r3, [r0, #1]
10004644:	f000 80a3 	beq.w	1000478e <pico_get_unique_board_id_string+0x182>
10004648:	7853      	ldrb	r3, [r2, #1]
1000464a:	ea4f 1c23 	mov.w	ip, r3, asr #4
1000464e:	f1bc 0f09 	cmp.w	ip, #9
10004652:	bfcc      	ite	gt
10004654:	f10c 0c37 	addgt.w	ip, ip, #55	@ 0x37
10004658:	f10c 0c30 	addle.w	ip, ip, #48	@ 0x30
1000465c:	2903      	cmp	r1, #3
1000465e:	f880 c002 	strb.w	ip, [r0, #2]
10004662:	f000 8094 	beq.w	1000478e <pico_get_unique_board_id_string+0x182>
10004666:	f003 030f 	and.w	r3, r3, #15
1000466a:	2b09      	cmp	r3, #9
1000466c:	bf8c      	ite	hi
1000466e:	3337      	addhi	r3, #55	@ 0x37
10004670:	3330      	addls	r3, #48	@ 0x30
10004672:	2904      	cmp	r1, #4
10004674:	70c3      	strb	r3, [r0, #3]
10004676:	f000 808a 	beq.w	1000478e <pico_get_unique_board_id_string+0x182>
1000467a:	7893      	ldrb	r3, [r2, #2]
1000467c:	ea4f 1c23 	mov.w	ip, r3, asr #4
10004680:	f1bc 0f09 	cmp.w	ip, #9
10004684:	bfcc      	ite	gt
10004686:	f10c 0c37 	addgt.w	ip, ip, #55	@ 0x37
1000468a:	f10c 0c30 	addle.w	ip, ip, #48	@ 0x30
1000468e:	2905      	cmp	r1, #5
10004690:	f880 c004 	strb.w	ip, [r0, #4]
10004694:	d07b      	beq.n	1000478e <pico_get_unique_board_id_string+0x182>
10004696:	f003 030f 	and.w	r3, r3, #15
1000469a:	2b09      	cmp	r3, #9
1000469c:	bf8c      	ite	hi
1000469e:	3337      	addhi	r3, #55	@ 0x37
100046a0:	3330      	addls	r3, #48	@ 0x30
100046a2:	2906      	cmp	r1, #6
100046a4:	7143      	strb	r3, [r0, #5]
100046a6:	d072      	beq.n	1000478e <pico_get_unique_board_id_string+0x182>
100046a8:	78d3      	ldrb	r3, [r2, #3]
100046aa:	ea4f 1c23 	mov.w	ip, r3, asr #4
100046ae:	f1bc 0f09 	cmp.w	ip, #9
100046b2:	bfcc      	ite	gt
100046b4:	f10c 0c37 	addgt.w	ip, ip, #55	@ 0x37
100046b8:	f10c 0c30 	addle.w	ip, ip, #48	@ 0x30
100046bc:	2907      	cmp	r1, #7
100046be:	f880 c006 	strb.w	ip, [r0, #6]
100046c2:	d064      	beq.n	1000478e <pico_get_unique_board_id_string+0x182>
100046c4:	f003 030f 	and.w	r3, r3, #15
100046c8:	2b09      	cmp	r3, #9
100046ca:	bf8c      	ite	hi
100046cc:	3337      	addhi	r3, #55	@ 0x37
100046ce:	3330      	addls	r3, #48	@ 0x30
100046d0:	2908      	cmp	r1, #8
100046d2:	71c3      	strb	r3, [r0, #7]
100046d4:	d05b      	beq.n	1000478e <pico_get_unique_board_id_string+0x182>
100046d6:	7913      	ldrb	r3, [r2, #4]
100046d8:	ea4f 1c23 	mov.w	ip, r3, asr #4
100046dc:	f1bc 0f09 	cmp.w	ip, #9
100046e0:	bfcc      	ite	gt
100046e2:	f10c 0c37 	addgt.w	ip, ip, #55	@ 0x37
100046e6:	f10c 0c30 	addle.w	ip, ip, #48	@ 0x30
100046ea:	2909      	cmp	r1, #9
100046ec:	f880 c008 	strb.w	ip, [r0, #8]
100046f0:	d04d      	beq.n	1000478e <pico_get_unique_board_id_string+0x182>
100046f2:	f003 030f 	and.w	r3, r3, #15
100046f6:	2b09      	cmp	r3, #9
100046f8:	bf8c      	ite	hi
100046fa:	3337      	addhi	r3, #55	@ 0x37
100046fc:	3330      	addls	r3, #48	@ 0x30
100046fe:	290a      	cmp	r1, #10
10004700:	7243      	strb	r3, [r0, #9]
10004702:	d044      	beq.n	1000478e <pico_get_unique_board_id_string+0x182>
10004704:	7953      	ldrb	r3, [r2, #5]
10004706:	ea4f 1c23 	mov.w	ip, r3, asr #4
1000470a:	f1bc 0f09 	cmp.w	ip, #9
1000470e:	bfcc      	ite	gt
10004710:	f10c 0c37 	addgt.w	ip, ip, #55	@ 0x37
10004714:	f10c 0c30 	addle.w	ip, ip, #48	@ 0x30
10004718:	290b      	cmp	r1, #11
1000471a:	f880 c00a 	strb.w	ip, [r0, #10]
1000471e:	d036      	beq.n	1000478e <pico_get_unique_board_id_string+0x182>
10004720:	f003 030f 	and.w	r3, r3, #15
10004724:	2b09      	cmp	r3, #9
10004726:	bf8c      	ite	hi
10004728:	3337      	addhi	r3, #55	@ 0x37
1000472a:	3330      	addls	r3, #48	@ 0x30
1000472c:	290c      	cmp	r1, #12
1000472e:	72c3      	strb	r3, [r0, #11]
10004730:	d02d      	beq.n	1000478e <pico_get_unique_board_id_string+0x182>
10004732:	7993      	ldrb	r3, [r2, #6]
10004734:	ea4f 1c23 	mov.w	ip, r3, asr #4
10004738:	f1bc 0f09 	cmp.w	ip, #9
1000473c:	bfcc      	ite	gt
1000473e:	f10c 0c37 	addgt.w	ip, ip, #55	@ 0x37
10004742:	f10c 0c30 	addle.w	ip, ip, #48	@ 0x30
10004746:	290d      	cmp	r1, #13
10004748:	f880 c00c 	strb.w	ip, [r0, #12]
1000474c:	d01f      	beq.n	1000478e <pico_get_unique_board_id_string+0x182>
1000474e:	f003 030f 	and.w	r3, r3, #15
10004752:	2b09      	cmp	r3, #9
10004754:	bf8c      	ite	hi
10004756:	3337      	addhi	r3, #55	@ 0x37
10004758:	3330      	addls	r3, #48	@ 0x30
1000475a:	290e      	cmp	r1, #14
1000475c:	7343      	strb	r3, [r0, #13]
1000475e:	d016      	beq.n	1000478e <pico_get_unique_board_id_string+0x182>
10004760:	79d3      	ldrb	r3, [r2, #7]
10004762:	111a      	asrs	r2, r3, #4
10004764:	2a09      	cmp	r2, #9
10004766:	bfcc      	ite	gt
10004768:	3237      	addgt	r2, #55	@ 0x37
1000476a:	3230      	addle	r2, #48	@ 0x30
1000476c:	290f      	cmp	r1, #15
1000476e:	7382      	strb	r2, [r0, #14]
10004770:	d00d      	beq.n	1000478e <pico_get_unique_board_id_string+0x182>
10004772:	f003 030f 	and.w	r3, r3, #15
10004776:	2b09      	cmp	r3, #9
10004778:	bf94      	ite	ls
1000477a:	3330      	addls	r3, #48	@ 0x30
1000477c:	3337      	addhi	r3, #55	@ 0x37
1000477e:	2910      	cmp	r1, #16
10004780:	73c3      	strb	r3, [r0, #15]
10004782:	bf18      	it	ne
10004784:	3010      	addne	r0, #16
10004786:	d002      	beq.n	1000478e <pico_get_unique_board_id_string+0x182>
10004788:	2300      	movs	r3, #0
1000478a:	7003      	strb	r3, [r0, #0]
1000478c:	4770      	bx	lr
1000478e:	2300      	movs	r3, #0
10004790:	4408      	add	r0, r1
10004792:	7003      	strb	r3, [r0, #0]
10004794:	4770      	bx	lr
10004796:	bf00      	nop
10004798:	20001f98 	.word	0x20001f98

1000479c <usb_reset_interface_init>:
1000479c:	4770      	bx	lr
1000479e:	bf00      	nop

100047a0 <usb_reset_interface_reset>:
100047a0:	2200      	movs	r2, #0
100047a2:	4b01      	ldr	r3, [pc, #4]	@ (100047a8 <usb_reset_interface_reset+0x8>)
100047a4:	701a      	strb	r2, [r3, #0]
100047a6:	4770      	bx	lr
100047a8:	20001fc1 	.word	0x20001fc1

100047ac <usb_reset_interface_open>:
100047ac:	794b      	ldrb	r3, [r1, #5]
100047ae:	2bff      	cmp	r3, #255	@ 0xff
100047b0:	d10b      	bne.n	100047ca <usb_reset_interface_open+0x1e>
100047b2:	7988      	ldrb	r0, [r1, #6]
100047b4:	b948      	cbnz	r0, 100047ca <usb_reset_interface_open+0x1e>
100047b6:	79cb      	ldrb	r3, [r1, #7]
100047b8:	2b01      	cmp	r3, #1
100047ba:	d107      	bne.n	100047cc <usb_reset_interface_open+0x20>
100047bc:	2a08      	cmp	r2, #8
100047be:	d905      	bls.n	100047cc <usb_reset_interface_open+0x20>
100047c0:	4b03      	ldr	r3, [pc, #12]	@ (100047d0 <usb_reset_interface_open+0x24>)
100047c2:	788a      	ldrb	r2, [r1, #2]
100047c4:	2009      	movs	r0, #9
100047c6:	701a      	strb	r2, [r3, #0]
100047c8:	4770      	bx	lr
100047ca:	2000      	movs	r0, #0
100047cc:	4770      	bx	lr
100047ce:	bf00      	nop
100047d0:	20001fc1 	.word	0x20001fc1

100047d4 <usb_reset_interface_xfer_cb>:
100047d4:	2001      	movs	r0, #1
100047d6:	4770      	bx	lr

100047d8 <usb_reset_interface_control_xfer_cb>:
100047d8:	2901      	cmp	r1, #1
100047da:	d001      	beq.n	100047e0 <usb_reset_interface_control_xfer_cb+0x8>
100047dc:	2001      	movs	r0, #1
100047de:	4770      	bx	lr
100047e0:	b508      	push	{r3, lr}
100047e2:	4b10      	ldr	r3, [pc, #64]	@ (10004824 <usb_reset_interface_control_xfer_cb+0x4c>)
100047e4:	8891      	ldrh	r1, [r2, #4]
100047e6:	781b      	ldrb	r3, [r3, #0]
100047e8:	4299      	cmp	r1, r3
100047ea:	d001      	beq.n	100047f0 <usb_reset_interface_control_xfer_cb+0x18>
100047ec:	2000      	movs	r0, #0
100047ee:	bd08      	pop	{r3, pc}
100047f0:	7853      	ldrb	r3, [r2, #1]
100047f2:	2b01      	cmp	r3, #1
100047f4:	d008      	beq.n	10004808 <usb_reset_interface_control_xfer_cb+0x30>
100047f6:	2b02      	cmp	r3, #2
100047f8:	d1f8      	bne.n	100047ec <usb_reset_interface_control_xfer_cb+0x14>
100047fa:	2100      	movs	r1, #0
100047fc:	2264      	movs	r2, #100	@ 0x64
100047fe:	4608      	mov	r0, r1
10004800:	f7fd fbbe 	bl	10001f80 <watchdog_reboot>
10004804:	2001      	movs	r0, #1
10004806:	bd08      	pop	{r3, pc}
10004808:	8851      	ldrh	r1, [r2, #2]
1000480a:	f411 7280 	ands.w	r2, r1, #256	@ 0x100
1000480e:	bf1a      	itte	ne
10004810:	f3c1 12c0 	ubfxne	r2, r1, #7, #1
10004814:	0a48      	lsrne	r0, r1, #9
10004816:	f04f 30ff 	moveq.w	r0, #4294967295	@ 0xffffffff
1000481a:	f001 0103 	and.w	r1, r1, #3
1000481e:	f7fd fc39 	bl	10002094 <rom_reset_usb_boot_extra>
10004822:	bf00      	nop
10004824:	20001fc1 	.word	0x20001fc1

10004828 <tud_descriptor_bos_cb>:
10004828:	4800      	ldr	r0, [pc, #0]	@ (1000482c <tud_descriptor_bos_cb+0x4>)
1000482a:	4770      	bx	lr
1000482c:	10006f18 	.word	0x10006f18

10004830 <tud_vendor_control_xfer_cb>:
10004830:	2901      	cmp	r1, #1
10004832:	d107      	bne.n	10004844 <tud_vendor_control_xfer_cb+0x14>
10004834:	7853      	ldrb	r3, [r2, #1]
10004836:	2b01      	cmp	r3, #1
10004838:	d102      	bne.n	10004840 <tud_vendor_control_xfer_cb+0x10>
1000483a:	8893      	ldrh	r3, [r2, #4]
1000483c:	2b07      	cmp	r3, #7
1000483e:	d003      	beq.n	10004848 <tud_vendor_control_xfer_cb+0x18>
10004840:	2000      	movs	r0, #0
10004842:	4770      	bx	lr
10004844:	2001      	movs	r0, #1
10004846:	4770      	bx	lr
10004848:	4611      	mov	r1, r2
1000484a:	23a6      	movs	r3, #166	@ 0xa6
1000484c:	4a01      	ldr	r2, [pc, #4]	@ (10004854 <tud_vendor_control_xfer_cb+0x24>)
1000484e:	f000 bf1f 	b.w	10005690 <tud_control_xfer>
10004852:	bf00      	nop
10004854:	10006e70 	.word	0x10006e70

10004858 <usbd_app_driver_get_cb>:
10004858:	4603      	mov	r3, r0
1000485a:	2201      	movs	r2, #1
1000485c:	4801      	ldr	r0, [pc, #4]	@ (10004864 <usbd_app_driver_get_cb+0xc>)
1000485e:	701a      	strb	r2, [r3, #0]
10004860:	4770      	bx	lr
10004862:	bf00      	nop
10004864:	10006f3c 	.word	0x10006f3c

10004868 <tud_cdc_line_coding_cb>:
10004868:	b508      	push	{r3, lr}
1000486a:	680b      	ldr	r3, [r1, #0]
1000486c:	f5b3 6f96 	cmp.w	r3, #1200	@ 0x4b0
10004870:	d000      	beq.n	10004874 <tud_cdc_line_coding_cb+0xc>
10004872:	bd08      	pop	{r3, pc}
10004874:	2200      	movs	r2, #0
10004876:	f04f 30ff 	mov.w	r0, #4294967295	@ 0xffffffff
1000487a:	4611      	mov	r1, r2
1000487c:	f7fd fc0a 	bl	10002094 <rom_reset_usb_boot_extra>

10004880 <dcd_init>:
10004880:	b510      	push	{r4, lr}
10004882:	f000 f92d 	bl	10004ae0 <rp2040_usb_init>
10004886:	230c      	movs	r3, #12
10004888:	4c1c      	ldr	r4, [pc, #112]	@ (100048fc <dcd_init+0x7c>)
1000488a:	22ff      	movs	r2, #255	@ 0xff
1000488c:	67a3      	str	r3, [r4, #120]	@ 0x78
1000488e:	200e      	movs	r0, #14
10004890:	491b      	ldr	r1, [pc, #108]	@ (10004900 <dcd_init+0x80>)
10004892:	f7fc fc77 	bl	10001184 <irq_add_shared_handler>
10004896:	2240      	movs	r2, #64	@ 0x40
10004898:	2100      	movs	r1, #0
1000489a:	481a      	ldr	r0, [pc, #104]	@ (10004904 <dcd_init+0x84>)
1000489c:	f001 fe2c 	bl	100064f8 <__memset_veneer>
100048a0:	f04f 0c80 	mov.w	ip, #128	@ 0x80
100048a4:	2001      	movs	r0, #1
100048a6:	4a17      	ldr	r2, [pc, #92]	@ (10004904 <dcd_init+0x84>)
100048a8:	2300      	movs	r3, #0
100048aa:	f8a2 c022 	strh.w	ip, [r2, #34]	@ 0x22
100048ae:	7050      	strb	r0, [r2, #1]
100048b0:	4610      	mov	r0, r2
100048b2:	2240      	movs	r2, #64	@ 0x40
100048b4:	4914      	ldr	r1, [pc, #80]	@ (10004908 <dcd_init+0x88>)
100048b6:	8302      	strh	r2, [r0, #24]
100048b8:	8702      	strh	r2, [r0, #56]	@ 0x38
100048ba:	4a14      	ldr	r2, [pc, #80]	@ (1000490c <dcd_init+0x8c>)
100048bc:	6081      	str	r1, [r0, #8]
100048be:	6043      	str	r3, [r0, #4]
100048c0:	f8c2 3084 	str.w	r3, [r2, #132]	@ 0x84
100048c4:	f8c2 3080 	str.w	r3, [r2, #128]	@ 0x80
100048c8:	f880 3021 	strb.w	r3, [r0, #33]	@ 0x21
100048cc:	f880 303b 	strb.w	r3, [r0, #59]	@ 0x3b
100048d0:	6243      	str	r3, [r0, #36]	@ 0x24
100048d2:	4b0f      	ldr	r3, [pc, #60]	@ (10004910 <dcd_init+0x90>)
100048d4:	60c3      	str	r3, [r0, #12]
100048d6:	62c3      	str	r3, [r0, #44]	@ 0x2c
100048d8:	3b80      	subs	r3, #128	@ 0x80
100048da:	6283      	str	r3, [r0, #40]	@ 0x28
100048dc:	f001 fe34 	bl	10006548 <__reset_non_control_endpoints_veneer>
100048e0:	f04f 5c00 	mov.w	ip, #536870912	@ 0x20000000
100048e4:	f44f 3280 	mov.w	r2, #65536	@ 0x10000
100048e8:	2001      	movs	r0, #1
100048ea:	490a      	ldr	r1, [pc, #40]	@ (10004914 <dcd_init+0x94>)
100048ec:	4b0a      	ldr	r3, [pc, #40]	@ (10004918 <dcd_init+0x98>)
100048ee:	6420      	str	r0, [r4, #64]	@ 0x40
100048f0:	f8c4 c04c 	str.w	ip, [r4, #76]	@ 0x4c
100048f4:	f8c4 1090 	str.w	r1, [r4, #144]	@ 0x90
100048f8:	64da      	str	r2, [r3, #76]	@ 0x4c
100048fa:	bd10      	pop	{r4, pc}
100048fc:	50110000 	.word	0x50110000
10004900:	20000399 	.word	0x20000399
10004904:	200019e4 	.word	0x200019e4
10004908:	50100084 	.word	0x50100084
1000490c:	50100000 	.word	0x50100000
10004910:	50100100 	.word	0x50100100
10004914:	0001d010 	.word	0x0001d010
10004918:	50112000 	.word	0x50112000

1000491c <dcd_int_enable>:
1000491c:	2101      	movs	r1, #1
1000491e:	200e      	movs	r0, #14
10004920:	f7fc bbbc 	b.w	1000109c <irq_set_enabled>

10004924 <dcd_set_address>:
10004924:	2200      	movs	r2, #0
10004926:	4802      	ldr	r0, [pc, #8]	@ (10004930 <dcd_set_address+0xc>)
10004928:	4611      	mov	r1, r2
1000492a:	f000 b8f9 	b.w	10004b20 <hw_endpoint_xfer_start>
1000492e:	bf00      	nop
10004930:	20001a04 	.word	0x20001a04

10004934 <dcd_sof_enable>:
10004934:	4b04      	ldr	r3, [pc, #16]	@ (10004948 <dcd_sof_enable+0x14>)
10004936:	7019      	strb	r1, [r3, #0]
10004938:	b121      	cbz	r1, 10004944 <dcd_sof_enable+0x10>
1000493a:	f44f 3200 	mov.w	r2, #131072	@ 0x20000
1000493e:	4b03      	ldr	r3, [pc, #12]	@ (1000494c <dcd_sof_enable+0x18>)
10004940:	f8c3 2090 	str.w	r2, [r3, #144]	@ 0x90
10004944:	4770      	bx	lr
10004946:	bf00      	nop
10004948:	20001fbe 	.word	0x20001fbe
1000494c:	50112000 	.word	0x50112000

10004950 <dcd_edpt0_status_complete>:
10004950:	780b      	ldrb	r3, [r1, #0]
10004952:	065b      	lsls	r3, r3, #25
10004954:	d000      	beq.n	10004958 <dcd_edpt0_status_complete+0x8>
10004956:	4770      	bx	lr
10004958:	784b      	ldrb	r3, [r1, #1]
1000495a:	2b05      	cmp	r3, #5
1000495c:	d1fb      	bne.n	10004956 <dcd_edpt0_status_complete+0x6>
1000495e:	884b      	ldrh	r3, [r1, #2]
10004960:	4a01      	ldr	r2, [pc, #4]	@ (10004968 <dcd_edpt0_status_complete+0x18>)
10004962:	b2db      	uxtb	r3, r3
10004964:	6013      	str	r3, [r2, #0]
10004966:	e7f6      	b.n	10004956 <dcd_edpt0_status_complete+0x6>
10004968:	50110000 	.word	0x50110000

1000496c <dcd_edpt_open>:
1000496c:	78cb      	ldrb	r3, [r1, #3]
1000496e:	e92d 41f0 	stmdb	sp!, {r4, r5, r6, r7, r8, lr}
10004972:	f003 0e03 	and.w	lr, r3, #3
10004976:	f1be 0f01 	cmp.w	lr, #1
1000497a:	f3c3 0001 	ubfx	r0, r3, #0, #2
1000497e:	d057      	beq.n	10004a30 <dcd_edpt_open+0xc4>
10004980:	2600      	movs	r6, #0
10004982:	788c      	ldrb	r4, [r1, #2]
10004984:	f8df c0d4 	ldr.w	ip, [pc, #212]	@ 10004a5c <dcd_edpt_open+0xf0>
10004988:	f004 027f 	and.w	r2, r4, #127	@ 0x7f
1000498c:	0053      	lsls	r3, r2, #1
1000498e:	8889      	ldrh	r1, [r1, #4]
10004990:	4698      	mov	r8, r3
10004992:	eb03 13d4 	add.w	r3, r3, r4, lsr #7
10004996:	eb0c 1343 	add.w	r3, ip, r3, lsl #5
1000499a:	09e5      	lsrs	r5, r4, #7
1000499c:	76d8      	strb	r0, [r3, #27]
1000499e:	f3c1 010a 	ubfx	r1, r1, #0, #11
100049a2:	f085 0001 	eor.w	r0, r5, #1
100049a6:	709c      	strb	r4, [r3, #2]
100049a8:	8319      	strh	r1, [r3, #24]
100049aa:	7058      	strb	r0, [r3, #1]
100049ac:	70de      	strb	r6, [r3, #3]
100049ae:	00d3      	lsls	r3, r2, #3
100049b0:	bb6d      	cbnz	r5, 10004a0e <dcd_edpt_open+0xa2>
100049b2:	4825      	ldr	r0, [pc, #148]	@ (10004a48 <dcd_edpt_open+0xdc>)
100049b4:	3304      	adds	r3, #4
100049b6:	eb0c 1482 	add.w	r4, ip, r2, lsl #6
100049ba:	181f      	adds	r7, r3, r0
100049bc:	60a7      	str	r7, [r4, #8]
100049be:	501e      	str	r6, [r3, r0]
100049c0:	b36a      	cbz	r2, 10004a1e <dcd_edpt_open+0xb2>
100049c2:	4b22      	ldr	r3, [pc, #136]	@ (10004a4c <dcd_edpt_open+0xe0>)
100049c4:	eb03 03c2 	add.w	r3, r3, r2, lsl #3
100049c8:	6063      	str	r3, [r4, #4]
100049ca:	313f      	adds	r1, #63	@ 0x3f
100049cc:	0989      	lsrs	r1, r1, #6
100049ce:	f1be 0f02 	cmp.w	lr, #2
100049d2:	bf14      	ite	ne
100049d4:	018b      	lslne	r3, r1, #6
100049d6:	01cb      	lsleq	r3, r1, #7
100049d8:	491d      	ldr	r1, [pc, #116]	@ (10004a50 <dcd_edpt_open+0xe4>)
100049da:	eb08 0205 	add.w	r2, r8, r5
100049de:	eb0c 1c42 	add.w	ip, ip, r2, lsl #5
100049e2:	680a      	ldr	r2, [r1, #0]
100049e4:	481b      	ldr	r0, [pc, #108]	@ (10004a54 <dcd_edpt_open+0xe8>)
100049e6:	4413      	add	r3, r2
100049e8:	4283      	cmp	r3, r0
100049ea:	600b      	str	r3, [r1, #0]
100049ec:	f8cc 200c 	str.w	r2, [ip, #12]
100049f0:	d828      	bhi.n	10004a44 <dcd_edpt_open+0xd8>
100049f2:	f082 43a0 	eor.w	r3, r2, #1342177280	@ 0x50000000
100049f6:	f483 1380 	eor.w	r3, r3, #1048576	@ 0x100000
100049fa:	f8dc 2004 	ldr.w	r2, [ip, #4]
100049fe:	ea43 638e 	orr.w	r3, r3, lr, lsl #26
10004a02:	f043 4300 	orr.w	r3, r3, #2147483648	@ 0x80000000
10004a06:	6013      	str	r3, [r2, #0]
10004a08:	2001      	movs	r0, #1
10004a0a:	e8bd 81f0 	ldmia.w	sp!, {r4, r5, r6, r7, r8, pc}
10004a0e:	480e      	ldr	r0, [pc, #56]	@ (10004a48 <dcd_edpt_open+0xdc>)
10004a10:	eb0c 1482 	add.w	r4, ip, r2, lsl #6
10004a14:	4403      	add	r3, r0
10004a16:	62a3      	str	r3, [r4, #40]	@ 0x28
10004a18:	f840 6032 	str.w	r6, [r0, r2, lsl #3]
10004a1c:	b95a      	cbnz	r2, 10004a36 <dcd_edpt_open+0xca>
10004a1e:	4613      	mov	r3, r2
10004a20:	4a0d      	ldr	r2, [pc, #52]	@ (10004a58 <dcd_edpt_open+0xec>)
10004a22:	eb0c 1c45 	add.w	ip, ip, r5, lsl #5
10004a26:	f8cc 200c 	str.w	r2, [ip, #12]
10004a2a:	f8cc 3004 	str.w	r3, [ip, #4]
10004a2e:	e7eb      	b.n	10004a08 <dcd_edpt_open+0x9c>
10004a30:	2000      	movs	r0, #0
10004a32:	e8bd 81f0 	ldmia.w	sp!, {r4, r5, r6, r7, r8, pc}
10004a36:	00d2      	lsls	r2, r2, #3
10004a38:	f102 42a0 	add.w	r2, r2, #1342177280	@ 0x50000000
10004a3c:	f502 1280 	add.w	r2, r2, #1048576	@ 0x100000
10004a40:	6262      	str	r2, [r4, #36]	@ 0x24
10004a42:	e7c2      	b.n	100049ca <dcd_edpt_open+0x5e>
10004a44:	f7fd fb64 	bl	10002110 <hard_assertion_failure>
10004a48:	50100080 	.word	0x50100080
10004a4c:	50100004 	.word	0x50100004
10004a50:	20001dec 	.word	0x20001dec
10004a54:	50100fff 	.word	0x50100fff
10004a58:	50100100 	.word	0x50100100
10004a5c:	200019e4 	.word	0x200019e4

10004a60 <dcd_edpt_close_all>:
10004a60:	f001 bd72 	b.w	10006548 <__reset_non_control_endpoints_veneer>

10004a64 <dcd_edpt_xfer>:
10004a64:	b508      	push	{r3, lr}
10004a66:	4696      	mov	lr, r2
10004a68:	f8df c01c 	ldr.w	ip, [pc, #28]	@ 10004a88 <dcd_edpt_xfer+0x24>
10004a6c:	f001 027f 	and.w	r2, r1, #127	@ 0x7f
10004a70:	09c8      	lsrs	r0, r1, #7
10004a72:	eb00 0042 	add.w	r0, r0, r2, lsl #1
10004a76:	eb0c 1040 	add.w	r0, ip, r0, lsl #5
10004a7a:	461a      	mov	r2, r3
10004a7c:	4671      	mov	r1, lr
10004a7e:	f000 f84f 	bl	10004b20 <hw_endpoint_xfer_start>
10004a82:	2001      	movs	r0, #1
10004a84:	bd08      	pop	{r3, pc}
10004a86:	bf00      	nop
10004a88:	200019e4 	.word	0x200019e4

10004a8c <dcd_edpt_stall>:
10004a8c:	f011 027f 	ands.w	r2, r1, #127	@ 0x7f
10004a90:	d105      	bne.n	10004a9e <dcd_edpt_stall+0x12>
10004a92:	2900      	cmp	r1, #0
10004a94:	bf0c      	ite	eq
10004a96:	2002      	moveq	r0, #2
10004a98:	2001      	movne	r0, #1
10004a9a:	4b06      	ldr	r3, [pc, #24]	@ (10004ab4 <dcd_edpt_stall+0x28>)
10004a9c:	6698      	str	r0, [r3, #104]	@ 0x68
10004a9e:	09c9      	lsrs	r1, r1, #7
10004aa0:	4b05      	ldr	r3, [pc, #20]	@ (10004ab8 <dcd_edpt_stall+0x2c>)
10004aa2:	eb01 0042 	add.w	r0, r1, r2, lsl #1
10004aa6:	eb03 1040 	add.w	r0, r3, r0, lsl #5
10004aaa:	f44f 6200 	mov.w	r2, #2048	@ 0x800
10004aae:	2100      	movs	r1, #0
10004ab0:	f001 bd32 	b.w	10006518 <___hw_endpoint_buffer_control_update32_veneer>
10004ab4:	50112000 	.word	0x50112000
10004ab8:	200019e4 	.word	0x200019e4

10004abc <dcd_edpt_clear_stall>:
10004abc:	f011 037f 	ands.w	r3, r1, #127	@ 0x7f
10004ac0:	d100      	bne.n	10004ac4 <dcd_edpt_clear_stall+0x8>
10004ac2:	4770      	bx	lr
10004ac4:	2200      	movs	r2, #0
10004ac6:	4805      	ldr	r0, [pc, #20]	@ (10004adc <dcd_edpt_clear_stall+0x20>)
10004ac8:	005b      	lsls	r3, r3, #1
10004aca:	eb03 13d1 	add.w	r3, r3, r1, lsr #7
10004ace:	eb00 1043 	add.w	r0, r0, r3, lsl #5
10004ad2:	f46f 6100 	mvn.w	r1, #2048	@ 0x800
10004ad6:	70c2      	strb	r2, [r0, #3]
10004ad8:	f001 bd1e 	b.w	10006518 <___hw_endpoint_buffer_control_update32_veneer>
10004adc:	200019e4 	.word	0x200019e4

10004ae0 <rp2040_usb_init>:
10004ae0:	f04f 5280 	mov.w	r2, #268435456	@ 0x10000000
10004ae4:	4809      	ldr	r0, [pc, #36]	@ (10004b0c <rp2040_usb_init+0x2c>)
10004ae6:	490a      	ldr	r1, [pc, #40]	@ (10004b10 <rp2040_usb_init+0x30>)
10004ae8:	b508      	push	{r3, lr}
10004aea:	4b0a      	ldr	r3, [pc, #40]	@ (10004b14 <rp2040_usb_init+0x34>)
10004aec:	6002      	str	r2, [r0, #0]
10004aee:	600a      	str	r2, [r1, #0]
10004af0:	6899      	ldr	r1, [r3, #8]
10004af2:	43c9      	mvns	r1, r1
10004af4:	f011 5180 	ands.w	r1, r1, #268435456	@ 0x10000000
10004af8:	d1fa      	bne.n	10004af0 <rp2040_usb_init+0x10>
10004afa:	f44f 5280 	mov.w	r2, #4096	@ 0x1000
10004afe:	4806      	ldr	r0, [pc, #24]	@ (10004b18 <rp2040_usb_init+0x38>)
10004b00:	f001 fcfa 	bl	100064f8 <__memset_veneer>
10004b04:	2209      	movs	r2, #9
10004b06:	4b05      	ldr	r3, [pc, #20]	@ (10004b1c <rp2040_usb_init+0x3c>)
10004b08:	675a      	str	r2, [r3, #116]	@ 0x74
10004b0a:	bd08      	pop	{r3, pc}
10004b0c:	40022000 	.word	0x40022000
10004b10:	40023000 	.word	0x40023000
10004b14:	40020000 	.word	0x40020000
10004b18:	50100000 	.word	0x50100000
10004b1c:	50110000 	.word	0x50110000

10004b20 <hw_endpoint_xfer_start>:
10004b20:	2300      	movs	r3, #0
10004b22:	f04f 0c01 	mov.w	ip, #1
10004b26:	b510      	push	{r4, lr}
10004b28:	6101      	str	r1, [r0, #16]
10004b2a:	f880 c01a 	strb.w	ip, [r0, #26]
10004b2e:	8282      	strh	r2, [r0, #20]
10004b30:	82c3      	strh	r3, [r0, #22]
10004b32:	4604      	mov	r4, r0
10004b34:	f001 fcf8 	bl	10006528 <__e15_is_bulkin_ep_veneer>
10004b38:	b120      	cbz	r0, 10004b44 <hw_endpoint_xfer_start+0x24>
10004b3a:	f44f 3200 	mov.w	r2, #131072	@ 0x20000
10004b3e:	4b07      	ldr	r3, [pc, #28]	@ (10004b5c <hw_endpoint_xfer_start+0x3c>)
10004b40:	f8c3 2090 	str.w	r2, [r3, #144]	@ 0x90
10004b44:	4620      	mov	r0, r4
10004b46:	f001 fcdf 	bl	10006508 <__e15_is_critical_frame_period_veneer>
10004b4a:	b110      	cbz	r0, 10004b52 <hw_endpoint_xfer_start+0x32>
10004b4c:	2301      	movs	r3, #1
10004b4e:	7723      	strb	r3, [r4, #28]
10004b50:	bd10      	pop	{r4, pc}
10004b52:	4620      	mov	r0, r4
10004b54:	e8bd 4010 	ldmia.w	sp!, {r4, lr}
10004b58:	f001 bcee 	b.w	10006538 <__hw_endpoint_start_next_buffer_veneer>
10004b5c:	50112000 	.word	0x50112000

10004b60 <configuration_reset>:
10004b60:	e92d 41f0 	stmdb	sp!, {r4, r5, r6, r7, r8, lr}
10004b64:	f04f 0800 	mov.w	r8, #0
10004b68:	4c1b      	ldr	r4, [pc, #108]	@ (10004bd8 <configuration_reset+0x78>)
10004b6a:	4605      	mov	r5, r0
10004b6c:	4642      	mov	r2, r8
10004b6e:	7823      	ldrb	r3, [r4, #0]
10004b70:	4f1a      	ldr	r7, [pc, #104]	@ (10004bdc <configuration_reset+0x7c>)
10004b72:	4e1b      	ldr	r6, [pc, #108]	@ (10004be0 <configuration_reset+0x80>)
10004b74:	e00d      	b.n	10004b92 <configuration_reset+0x32>
10004b76:	6833      	ldr	r3, [r6, #0]
10004b78:	eb13 1342 	adds.w	r3, r3, r2, lsl #5
10004b7c:	d023      	beq.n	10004bc6 <configuration_reset+0x66>
10004b7e:	68db      	ldr	r3, [r3, #12]
10004b80:	4628      	mov	r0, r5
10004b82:	4798      	blx	r3
10004b84:	f108 0801 	add.w	r8, r8, #1
10004b88:	7823      	ldrb	r3, [r4, #0]
10004b8a:	fa5f f288 	uxtb.w	r2, r8
10004b8e:	4293      	cmp	r3, r2
10004b90:	d306      	bcc.n	10004ba0 <configuration_reset+0x40>
10004b92:	4293      	cmp	r3, r2
10004b94:	eba2 0303 	sub.w	r3, r2, r3
10004b98:	d8ed      	bhi.n	10004b76 <configuration_reset+0x16>
10004b9a:	eb07 1343 	add.w	r3, r7, r3, lsl #5
10004b9e:	e7ee      	b.n	10004b7e <configuration_reset+0x1e>
10004ba0:	2254      	movs	r2, #84	@ 0x54
10004ba2:	2100      	movs	r1, #0
10004ba4:	480f      	ldr	r0, [pc, #60]	@ (10004be4 <configuration_reset+0x84>)
10004ba6:	f001 fca7 	bl	100064f8 <__memset_veneer>
10004baa:	f04f 33ff 	mov.w	r3, #4294967295	@ 0xffffffff
10004bae:	4c0d      	ldr	r4, [pc, #52]	@ (10004be4 <configuration_reset+0x84>)
10004bb0:	2220      	movs	r2, #32
10004bb2:	e9c4 3301 	strd	r3, r3, [r4, #4]
10004bb6:	e9c4 3303 	strd	r3, r3, [r4, #12]
10004bba:	21ff      	movs	r1, #255	@ 0xff
10004bbc:	e8bd 41f0 	ldmia.w	sp!, {r4, r5, r6, r7, r8, lr}
10004bc0:	4809      	ldr	r0, [pc, #36]	@ (10004be8 <configuration_reset+0x88>)
10004bc2:	f001 bc99 	b.w	100064f8 <__memset_veneer>
10004bc6:	f04f 23e0 	mov.w	r3, #3758153728	@ 0xe000e000
10004bca:	f8d3 3df0 	ldr.w	r3, [r3, #3568]	@ 0xdf0
10004bce:	07db      	lsls	r3, r3, #31
10004bd0:	d500      	bpl.n	10004bd4 <configuration_reset+0x74>
10004bd2:	be00      	bkpt	0x0000
10004bd4:	e8bd 81f0 	ldmia.w	sp!, {r4, r5, r6, r7, r8, pc}
10004bd8:	20001fbd 	.word	0x20001fbd
10004bdc:	10006f5c 	.word	0x10006f5c
10004be0:	20001600 	.word	0x20001600
10004be4:	20001708 	.word	0x20001708
10004be8:	2000171c 	.word	0x2000171c

10004bec <tud_event_hook_cb>:
10004bec:	4770      	bx	lr
10004bee:	bf00      	nop

10004bf0 <tud_sof_cb>:
10004bf0:	4770      	bx	lr
10004bf2:	bf00      	nop

10004bf4 <tud_descriptor_device_qualifier_cb>:
10004bf4:	2000      	movs	r0, #0
10004bf6:	4770      	bx	lr

10004bf8 <tud_descriptor_other_speed_configuration_cb>:
10004bf8:	2000      	movs	r0, #0
10004bfa:	4770      	bx	lr

10004bfc <tud_mount_cb>:
10004bfc:	4770      	bx	lr
10004bfe:	bf00      	nop

10004c00 <tud_umount_cb>:
10004c00:	4770      	bx	lr
10004c02:	bf00      	nop

10004c04 <tud_suspend_cb>:
10004c04:	4770      	bx	lr
10004c06:	bf00      	nop

10004c08 <tud_resume_cb>:
10004c08:	4770      	bx	lr
10004c0a:	bf00      	nop

10004c0c <tud_mounted>:
10004c0c:	4b02      	ldr	r3, [pc, #8]	@ (10004c18 <tud_mounted+0xc>)
10004c0e:	7858      	ldrb	r0, [r3, #1]
10004c10:	3800      	subs	r0, #0
10004c12:	bf18      	it	ne
10004c14:	2001      	movne	r0, #1
10004c16:	4770      	bx	lr
10004c18:	20001708 	.word	0x20001708

10004c1c <tud_suspended>:
10004c1c:	4b02      	ldr	r3, [pc, #8]	@ (10004c28 <tud_suspended+0xc>)
10004c1e:	7818      	ldrb	r0, [r3, #0]
10004c20:	f3c0 0080 	ubfx	r0, r0, #2, #1
10004c24:	4770      	bx	lr
10004c26:	bf00      	nop
10004c28:	20001708 	.word	0x20001708

10004c2c <tud_rhport_init>:
10004c2c:	e92d 47f0 	stmdb	sp!, {r4, r5, r6, r7, r8, r9, sl, lr}
10004c30:	4f2d      	ldr	r7, [pc, #180]	@ (10004ce8 <tud_rhport_init+0xbc>)
10004c32:	783b      	ldrb	r3, [r7, #0]
10004c34:	2bff      	cmp	r3, #255	@ 0xff
10004c36:	d154      	bne.n	10004ce2 <tud_rhport_init+0xb6>
10004c38:	2900      	cmp	r1, #0
10004c3a:	d03d      	beq.n	10004cb8 <tud_rhport_init+0x8c>
10004c3c:	2254      	movs	r2, #84	@ 0x54
10004c3e:	468a      	mov	sl, r1
10004c40:	4681      	mov	r9, r0
10004c42:	2100      	movs	r1, #0
10004c44:	4829      	ldr	r0, [pc, #164]	@ (10004cec <tud_rhport_init+0xc0>)
10004c46:	f001 fc57 	bl	100064f8 <__memset_veneer>
10004c4a:	2200      	movs	r2, #0
10004c4c:	4c28      	ldr	r4, [pc, #160]	@ (10004cf0 <tud_rhport_init+0xc4>)
10004c4e:	4b29      	ldr	r3, [pc, #164]	@ (10004cf4 <tud_rhport_init+0xc8>)
10004c50:	4620      	mov	r0, r4
10004c52:	701a      	strb	r2, [r3, #0]
10004c54:	f7fc fc2c 	bl	100014b0 <mutex_init>
10004c58:	4b27      	ldr	r3, [pc, #156]	@ (10004cf8 <tud_rhport_init+0xcc>)
10004c5a:	4828      	ldr	r0, [pc, #160]	@ (10004cfc <tud_rhport_init+0xd0>)
10004c5c:	601c      	str	r4, [r3, #0]
10004c5e:	4c28      	ldr	r4, [pc, #160]	@ (10004d00 <tud_rhport_init+0xd4>)
10004c60:	f7fc fc34 	bl	100014cc <critical_section_init>
10004c64:	4620      	mov	r0, r4
10004c66:	f001 fbdd 	bl	10006424 <tu_fifo_clear>
10004c6a:	4a26      	ldr	r2, [pc, #152]	@ (10004d04 <tud_rhport_init+0xd8>)
10004c6c:	4b26      	ldr	r3, [pc, #152]	@ (10004d08 <tud_rhport_init+0xdc>)
10004c6e:	6014      	str	r4, [r2, #0]
10004c70:	b123      	cbz	r3, 10004c7c <tud_rhport_init+0x50>
10004c72:	4826      	ldr	r0, [pc, #152]	@ (10004d0c <tud_rhport_init+0xe0>)
10004c74:	f7ff fdf0 	bl	10004858 <usbd_app_driver_get_cb>
10004c78:	4b25      	ldr	r3, [pc, #148]	@ (10004d10 <tud_rhport_init+0xe4>)
10004c7a:	6018      	str	r0, [r3, #0]
10004c7c:	f04f 0800 	mov.w	r8, #0
10004c80:	4c22      	ldr	r4, [pc, #136]	@ (10004d0c <tud_rhport_init+0xe0>)
10004c82:	4643      	mov	r3, r8
10004c84:	7822      	ldrb	r2, [r4, #0]
10004c86:	4e23      	ldr	r6, [pc, #140]	@ (10004d14 <tud_rhport_init+0xe8>)
10004c88:	4d21      	ldr	r5, [pc, #132]	@ (10004d10 <tud_rhport_init+0xe4>)
10004c8a:	e00d      	b.n	10004ca8 <tud_rhport_init+0x7c>
10004c8c:	682a      	ldr	r2, [r5, #0]
10004c8e:	eb12 1343 	adds.w	r3, r2, r3, lsl #5
10004c92:	d011      	beq.n	10004cb8 <tud_rhport_init+0x8c>
10004c94:	685b      	ldr	r3, [r3, #4]
10004c96:	b17b      	cbz	r3, 10004cb8 <tud_rhport_init+0x8c>
10004c98:	4798      	blx	r3
10004c9a:	f108 0801 	add.w	r8, r8, #1
10004c9e:	7822      	ldrb	r2, [r4, #0]
10004ca0:	fa5f f388 	uxtb.w	r3, r8
10004ca4:	4293      	cmp	r3, r2
10004ca6:	d811      	bhi.n	10004ccc <tud_rhport_init+0xa0>
10004ca8:	4293      	cmp	r3, r2
10004caa:	d3ef      	bcc.n	10004c8c <tud_rhport_init+0x60>
10004cac:	1a9b      	subs	r3, r3, r2
10004cae:	eb06 1343 	add.w	r3, r6, r3, lsl #5
10004cb2:	685b      	ldr	r3, [r3, #4]
10004cb4:	2b00      	cmp	r3, #0
10004cb6:	d1ef      	bne.n	10004c98 <tud_rhport_init+0x6c>
10004cb8:	f04f 23e0 	mov.w	r3, #3758153728	@ 0xe000e000
10004cbc:	f8d3 3df0 	ldr.w	r3, [r3, #3568]	@ 0xdf0
10004cc0:	07db      	lsls	r3, r3, #31
10004cc2:	d500      	bpl.n	10004cc6 <tud_rhport_init+0x9a>
10004cc4:	be00      	bkpt	0x0000
10004cc6:	2000      	movs	r0, #0
10004cc8:	e8bd 87f0 	ldmia.w	sp!, {r4, r5, r6, r7, r8, r9, sl, pc}
10004ccc:	4651      	mov	r1, sl
10004cce:	4648      	mov	r0, r9
10004cd0:	f887 9000 	strb.w	r9, [r7]
10004cd4:	f7ff fdd4 	bl	10004880 <dcd_init>
10004cd8:	2800      	cmp	r0, #0
10004cda:	d0ed      	beq.n	10004cb8 <tud_rhport_init+0x8c>
10004cdc:	4648      	mov	r0, r9
10004cde:	f7ff fe1d 	bl	1000491c <dcd_int_enable>
10004ce2:	2001      	movs	r0, #1
10004ce4:	e8bd 87f0 	ldmia.w	sp!, {r4, r5, r6, r7, r8, r9, sl, pc}
10004ce8:	200013a4 	.word	0x200013a4
10004cec:	20001708 	.word	0x20001708
10004cf0:	20001700 	.word	0x20001700
10004cf4:	20001fbf 	.word	0x20001fbf
10004cf8:	2000175c 	.word	0x2000175c
10004cfc:	2000139c 	.word	0x2000139c
10004d00:	20001388 	.word	0x20001388
10004d04:	20001760 	.word	0x20001760
10004d08:	10004859 	.word	0x10004859
10004d0c:	20001fbd 	.word	0x20001fbd
10004d10:	20001600 	.word	0x20001600
10004d14:	10006f5c 	.word	0x10006f5c

10004d18 <tud_task_ext>:
10004d18:	4ba4      	ldr	r3, [pc, #656]	@ (10004fac <tud_task_ext+0x294>)
10004d1a:	781b      	ldrb	r3, [r3, #0]
10004d1c:	2bff      	cmp	r3, #255	@ 0xff
10004d1e:	f000 8112 	beq.w	10004f46 <tud_task_ext+0x22e>
10004d22:	e92d 4ff0 	stmdb	sp!, {r4, r5, r6, r7, r8, r9, sl, fp, lr}
10004d26:	4ca2      	ldr	r4, [pc, #648]	@ (10004fb0 <tud_task_ext+0x298>)
10004d28:	4da2      	ldr	r5, [pc, #648]	@ (10004fb4 <tud_task_ext+0x29c>)
10004d2a:	f8df 829c 	ldr.w	r8, [pc, #668]	@ 10004fc8 <tud_task_ext+0x2b0>
10004d2e:	4ea2      	ldr	r6, [pc, #648]	@ (10004fb8 <tud_task_ext+0x2a0>)
10004d30:	b08b      	sub	sp, #44	@ 0x2c
10004d32:	6827      	ldr	r7, [r4, #0]
10004d34:	697b      	ldr	r3, [r7, #20]
10004d36:	f3ef 8210 	mrs	r2, PRIMASK
10004d3a:	b672      	cpsid	i
10004d3c:	e8d3 0fcf 	ldaexb	r0, [r3]
10004d40:	2101      	movs	r1, #1
10004d42:	2800      	cmp	r0, #0
10004d44:	d1fa      	bne.n	10004d3c <tud_task_ext+0x24>
10004d46:	e8c3 1f40 	strexb	r0, r1, [r3]
10004d4a:	2800      	cmp	r0, #0
10004d4c:	d1f6      	bne.n	10004d3c <tud_task_ext+0x24>
10004d4e:	f3bf 8f5f 	dmb	sy
10004d52:	61ba      	str	r2, [r7, #24]
10004d54:	4638      	mov	r0, r7
10004d56:	a907      	add	r1, sp, #28
10004d58:	f001 f9aa 	bl	100060b0 <tu_fifo_read>
10004d5c:	2300      	movs	r3, #0
10004d5e:	697a      	ldr	r2, [r7, #20]
10004d60:	e8c2 3f8f 	stlb	r3, [r2]
10004d64:	69bb      	ldr	r3, [r7, #24]
10004d66:	f383 8810 	msr	PRIMASK, r3
10004d6a:	2800      	cmp	r0, #0
10004d6c:	f000 80c6 	beq.w	10004efc <tud_task_ext+0x1e4>
10004d70:	f89d 301d 	ldrb.w	r3, [sp, #29]
10004d74:	3b01      	subs	r3, #1
10004d76:	2b07      	cmp	r3, #7
10004d78:	f200 8383 	bhi.w	10005482 <tud_task_ext+0x76a>
10004d7c:	e8df f003 	tbb	[pc, r3]
10004d80:	9991ada3 	.word	0x9991ada3
10004d84:	040a358a 	.word	0x040a358a
10004d88:	9b08      	ldr	r3, [sp, #32]
10004d8a:	2b00      	cmp	r3, #0
10004d8c:	d0d1      	beq.n	10004d32 <tud_task_ext+0x1a>
10004d8e:	9809      	ldr	r0, [sp, #36]	@ 0x24
10004d90:	4798      	blx	r3
10004d92:	e7ce      	b.n	10004d32 <tud_task_ext+0x1a>
10004d94:	f89d 1020 	ldrb.w	r1, [sp, #32]
10004d98:	f001 077f 	and.w	r7, r1, #127	@ 0x7f
10004d9c:	eb05 0047 	add.w	r0, r5, r7, lsl #1
10004da0:	eb00 10d1 	add.w	r0, r0, r1, lsr #7
10004da4:	f890 3034 	ldrb.w	r3, [r0, #52]	@ 0x34
10004da8:	f023 0301 	bic.w	r3, r3, #1
10004dac:	f880 3034 	strb.w	r3, [r0, #52]	@ 0x34
10004db0:	f890 3034 	ldrb.w	r3, [r0, #52]	@ 0x34
10004db4:	f023 0304 	bic.w	r3, r3, #4
10004db8:	f880 3034 	strb.w	r3, [r0, #52]	@ 0x34
10004dbc:	2f00      	cmp	r7, #0
10004dbe:	f000 80a0 	beq.w	10004f02 <tud_task_ext+0x1ea>
10004dc2:	7d02      	ldrb	r2, [r0, #20]
10004dc4:	f898 3000 	ldrb.w	r3, [r8]
10004dc8:	429a      	cmp	r2, r3
10004dca:	f080 808f 	bcs.w	10004eec <tud_task_ext+0x1d4>
10004dce:	4b7b      	ldr	r3, [pc, #492]	@ (10004fbc <tud_task_ext+0x2a4>)
10004dd0:	681b      	ldr	r3, [r3, #0]
10004dd2:	eb13 1342 	adds.w	r3, r3, r2, lsl #5
10004dd6:	f000 808a 	beq.w	10004eee <tud_task_ext+0x1d6>
10004dda:	699f      	ldr	r7, [r3, #24]
10004ddc:	f89d 2021 	ldrb.w	r2, [sp, #33]	@ 0x21
10004de0:	9b09      	ldr	r3, [sp, #36]	@ 0x24
10004de2:	f89d 001c 	ldrb.w	r0, [sp, #28]
10004de6:	47b8      	blx	r7
10004de8:	e7a3      	b.n	10004d32 <tud_task_ext+0x1a>
10004dea:	7833      	ldrb	r3, [r6, #0]
10004dec:	2b00      	cmp	r3, #0
10004dee:	d07e      	beq.n	10004eee <tud_task_ext+0x1d6>
10004df0:	7833      	ldrb	r3, [r6, #0]
10004df2:	3b01      	subs	r3, #1
10004df4:	7033      	strb	r3, [r6, #0]
10004df6:	7833      	ldrb	r3, [r6, #0]
10004df8:	f003 00ff 	and.w	r0, r3, #255	@ 0xff
10004dfc:	2b00      	cmp	r3, #0
10004dfe:	d198      	bne.n	10004d32 <tud_task_ext+0x1a>
10004e00:	f8df a1b0 	ldr.w	sl, [pc, #432]	@ 10004fb4 <tud_task_ext+0x29c>
10004e04:	f89d b01c 	ldrb.w	fp, [sp, #28]
10004e08:	f89a 3000 	ldrb.w	r3, [sl]
10004e0c:	f043 0301 	orr.w	r3, r3, #1
10004e10:	f88a 3000 	strb.w	r3, [sl]
10004e14:	f89a 3034 	ldrb.w	r3, [sl, #52]	@ 0x34
10004e18:	f360 0300 	bfi	r3, r0, #0, #1
10004e1c:	f88a 3034 	strb.w	r3, [sl, #52]	@ 0x34
10004e20:	f89a 3034 	ldrb.w	r3, [sl, #52]	@ 0x34
10004e24:	f360 0382 	bfi	r3, r0, #2, #1
10004e28:	f88a 3034 	strb.w	r3, [sl, #52]	@ 0x34
10004e2c:	f89a 3035 	ldrb.w	r3, [sl, #53]	@ 0x35
10004e30:	f360 0300 	bfi	r3, r0, #0, #1
10004e34:	f88a 3035 	strb.w	r3, [sl, #53]	@ 0x35
10004e38:	f89a 3035 	ldrb.w	r3, [sl, #53]	@ 0x35
10004e3c:	f360 0382 	bfi	r3, r0, #2, #1
10004e40:	f88a 3035 	strb.w	r3, [sl, #53]	@ 0x35
10004e44:	f000 fc88 	bl	10005758 <usbd_control_set_complete_callback>
10004e48:	f89d 3020 	ldrb.w	r3, [sp, #32]
10004e4c:	f003 0260 	and.w	r2, r3, #96	@ 0x60
10004e50:	2a60      	cmp	r2, #96	@ 0x60
10004e52:	d066      	beq.n	10004f22 <tud_task_ext+0x20a>
10004e54:	2a40      	cmp	r2, #64	@ 0x40
10004e56:	d077      	beq.n	10004f48 <tud_task_ext+0x230>
10004e58:	f003 031f 	and.w	r3, r3, #31
10004e5c:	2b01      	cmp	r3, #1
10004e5e:	f000 80b5 	beq.w	10004fcc <tud_task_ext+0x2b4>
10004e62:	2b02      	cmp	r3, #2
10004e64:	d07c      	beq.n	10004f60 <tud_task_ext+0x248>
10004e66:	2b00      	cmp	r3, #0
10004e68:	d15b      	bne.n	10004f22 <tud_task_ext+0x20a>
10004e6a:	2a20      	cmp	r2, #32
10004e6c:	f000 81e7 	beq.w	1000523e <tud_task_ext+0x526>
10004e70:	2a00      	cmp	r2, #0
10004e72:	d156      	bne.n	10004f22 <tud_task_ext+0x20a>
10004e74:	f89d 3021 	ldrb.w	r3, [sp, #33]	@ 0x21
10004e78:	2b09      	cmp	r3, #9
10004e7a:	d852      	bhi.n	10004f22 <tud_task_ext+0x20a>
10004e7c:	e8df f013 	tbh	[pc, r3, lsl #1]
10004e80:	019b01ab 	.word	0x019b01ab
10004e84:	01bd0051 	.word	0x01bd0051
10004e88:	018c0051 	.word	0x018c0051
10004e8c:	00510162 	.word	0x00510162
10004e90:	00e70156 	.word	0x00e70156
10004e94:	782b      	ldrb	r3, [r5, #0]
10004e96:	07d9      	lsls	r1, r3, #31
10004e98:	f57f af4b 	bpl.w	10004d32 <tud_task_ext+0x1a>
10004e9c:	f7ff feb4 	bl	10004c08 <tud_resume_cb>
10004ea0:	e747      	b.n	10004d32 <tud_task_ext+0x1a>
10004ea2:	78eb      	ldrb	r3, [r5, #3]
10004ea4:	07da      	lsls	r2, r3, #31
10004ea6:	f57f af44 	bpl.w	10004d32 <tud_task_ext+0x1a>
10004eaa:	9808      	ldr	r0, [sp, #32]
10004eac:	f7ff fea0 	bl	10004bf0 <tud_sof_cb>
10004eb0:	e73f      	b.n	10004d32 <tud_task_ext+0x1a>
10004eb2:	782b      	ldrb	r3, [r5, #0]
10004eb4:	07d8      	lsls	r0, r3, #31
10004eb6:	f57f af3c 	bpl.w	10004d32 <tud_task_ext+0x1a>
10004eba:	7828      	ldrb	r0, [r5, #0]
10004ebc:	f3c0 00c0 	ubfx	r0, r0, #3, #1
10004ec0:	f7ff fea0 	bl	10004c04 <tud_suspend_cb>
10004ec4:	e735      	b.n	10004d32 <tud_task_ext+0x1a>
10004ec6:	f89d 001c 	ldrb.w	r0, [sp, #28]
10004eca:	f7ff fe49 	bl	10004b60 <configuration_reset>
10004ece:	f000 fc39 	bl	10005744 <usbd_control_reset>
10004ed2:	f89d 3020 	ldrb.w	r3, [sp, #32]
10004ed6:	70ab      	strb	r3, [r5, #2]
10004ed8:	e72b      	b.n	10004d32 <tud_task_ext+0x1a>
10004eda:	f89d 001c 	ldrb.w	r0, [sp, #28]
10004ede:	f7ff fe3f 	bl	10004b60 <configuration_reset>
10004ee2:	f000 fc2f 	bl	10005744 <usbd_control_reset>
10004ee6:	f7ff fe8b 	bl	10004c00 <tud_umount_cb>
10004eea:	e722      	b.n	10004d32 <tud_task_ext+0x1a>
10004eec:	d011      	beq.n	10004f12 <tud_task_ext+0x1fa>
10004eee:	f04f 23e0 	mov.w	r3, #3758153728	@ 0xe000e000
10004ef2:	f8d3 3df0 	ldr.w	r3, [r3, #3568]	@ 0xdf0
10004ef6:	07dc      	lsls	r4, r3, #31
10004ef8:	d500      	bpl.n	10004efc <tud_task_ext+0x1e4>
10004efa:	be00      	bkpt	0x0000
10004efc:	b00b      	add	sp, #44	@ 0x2c
10004efe:	e8bd 8ff0 	ldmia.w	sp!, {r4, r5, r6, r7, r8, r9, sl, fp, pc}
10004f02:	9b09      	ldr	r3, [sp, #36]	@ 0x24
10004f04:	f89d 2021 	ldrb.w	r2, [sp, #33]	@ 0x21
10004f08:	f89d 001c 	ldrb.w	r0, [sp, #28]
10004f0c:	f000 fc38 	bl	10005780 <usbd_control_xfer_cb>
10004f10:	e70f      	b.n	10004d32 <tud_task_ext+0x1a>
10004f12:	4b2b      	ldr	r3, [pc, #172]	@ (10004fc0 <tud_task_ext+0x2a8>)
10004f14:	e761      	b.n	10004dda <tud_task_ext+0xc2>
10004f16:	f7ff fb1f 	bl	10004558 <tud_descriptor_configuration_cb>
10004f1a:	4602      	mov	r2, r0
10004f1c:	2800      	cmp	r0, #0
10004f1e:	f040 8185 	bne.w	1000522c <tud_task_ext+0x514>
10004f22:	f04f 23e0 	mov.w	r3, #3758153728	@ 0xe000e000
10004f26:	f8d3 3df0 	ldr.w	r3, [r3, #3568]	@ 0xdf0
10004f2a:	07df      	lsls	r7, r3, #31
10004f2c:	d500      	bpl.n	10004f30 <tud_task_ext+0x218>
10004f2e:	be00      	bkpt	0x0000
10004f30:	f89d 001c 	ldrb.w	r0, [sp, #28]
10004f34:	2100      	movs	r1, #0
10004f36:	f7ff fda9 	bl	10004a8c <dcd_edpt_stall>
10004f3a:	2180      	movs	r1, #128	@ 0x80
10004f3c:	f89d 001c 	ldrb.w	r0, [sp, #28]
10004f40:	f7ff fda4 	bl	10004a8c <dcd_edpt_stall>
10004f44:	e6f5      	b.n	10004d32 <tud_task_ext+0x1a>
10004f46:	4770      	bx	lr
10004f48:	481e      	ldr	r0, [pc, #120]	@ (10004fc4 <tud_task_ext+0x2ac>)
10004f4a:	f000 fc05 	bl	10005758 <usbd_control_set_complete_callback>
10004f4e:	2101      	movs	r1, #1
10004f50:	4658      	mov	r0, fp
10004f52:	aa08      	add	r2, sp, #32
10004f54:	f7ff fc6c 	bl	10004830 <tud_vendor_control_xfer_cb>
10004f58:	2800      	cmp	r0, #0
10004f5a:	f47f aeea 	bne.w	10004d32 <tud_task_ext+0x1a>
10004f5e:	e7e7      	b.n	10004f30 <tud_task_ext+0x218>
10004f60:	f89d 1024 	ldrb.w	r1, [sp, #36]	@ 0x24
10004f64:	f011 0f70 	tst.w	r1, #112	@ 0x70
10004f68:	d1db      	bne.n	10004f22 <tud_task_ext+0x20a>
10004f6a:	4817      	ldr	r0, [pc, #92]	@ (10004fc8 <tud_task_ext+0x2b0>)
10004f6c:	f001 037f 	and.w	r3, r1, #127	@ 0x7f
10004f70:	f890 c000 	ldrb.w	ip, [r0]
10004f74:	eb0a 0043 	add.w	r0, sl, r3, lsl #1
10004f78:	eb00 10d1 	add.w	r0, r0, r1, lsr #7
10004f7c:	7d00      	ldrb	r0, [r0, #20]
10004f7e:	4560      	cmp	r0, ip
10004f80:	d351      	bcc.n	10005026 <tud_task_ext+0x30e>
10004f82:	f040 816e 	bne.w	10005262 <tud_task_ext+0x54a>
10004f86:	480e      	ldr	r0, [pc, #56]	@ (10004fc0 <tud_task_ext+0x2a8>)
10004f88:	9000      	str	r0, [sp, #0]
10004f8a:	2a00      	cmp	r2, #0
10004f8c:	f000 816d 	beq.w	1000526a <tud_task_ext+0x552>
10004f90:	9f00      	ldr	r7, [sp, #0]
10004f92:	6978      	ldr	r0, [r7, #20]
10004f94:	f000 fbe0 	bl	10005758 <usbd_control_set_complete_callback>
10004f98:	2101      	movs	r1, #1
10004f9a:	4658      	mov	r0, fp
10004f9c:	697b      	ldr	r3, [r7, #20]
10004f9e:	aa08      	add	r2, sp, #32
10004fa0:	4798      	blx	r3
10004fa2:	2800      	cmp	r0, #0
10004fa4:	f47f aec5 	bne.w	10004d32 <tud_task_ext+0x1a>
10004fa8:	e7c2      	b.n	10004f30 <tud_task_ext+0x218>
10004faa:	bf00      	nop
10004fac:	200013a4 	.word	0x200013a4
10004fb0:	20001760 	.word	0x20001760
10004fb4:	20001708 	.word	0x20001708
10004fb8:	20001fbf 	.word	0x20001fbf
10004fbc:	20001600 	.word	0x20001600
10004fc0:	10006f5c 	.word	0x10006f5c
10004fc4:	10004831 	.word	0x10004831
10004fc8:	20001fbd 	.word	0x20001fbd
10004fcc:	f89d 3024 	ldrb.w	r3, [sp, #36]	@ 0x24
10004fd0:	2b0f      	cmp	r3, #15
10004fd2:	d8ad      	bhi.n	10004f30 <tud_task_ext+0x218>
10004fd4:	4ab1      	ldr	r2, [pc, #708]	@ (1000529c <tud_task_ext+0x584>)
10004fd6:	4453      	add	r3, sl
10004fd8:	791b      	ldrb	r3, [r3, #4]
10004fda:	7812      	ldrb	r2, [r2, #0]
10004fdc:	4293      	cmp	r3, r2
10004fde:	d330      	bcc.n	10005042 <tud_task_ext+0x32a>
10004fe0:	d1a6      	bne.n	10004f30 <tud_task_ext+0x218>
10004fe2:	4faf      	ldr	r7, [pc, #700]	@ (100052a0 <tud_task_ext+0x588>)
10004fe4:	6978      	ldr	r0, [r7, #20]
10004fe6:	f000 fbb7 	bl	10005758 <usbd_control_set_complete_callback>
10004fea:	2101      	movs	r1, #1
10004fec:	4658      	mov	r0, fp
10004fee:	697b      	ldr	r3, [r7, #20]
10004ff0:	aa08      	add	r2, sp, #32
10004ff2:	4798      	blx	r3
10004ff4:	2800      	cmp	r0, #0
10004ff6:	f47f ae9c 	bne.w	10004d32 <tud_task_ext+0x1a>
10004ffa:	f89d 3020 	ldrb.w	r3, [sp, #32]
10004ffe:	f013 0760 	ands.w	r7, r3, #96	@ 0x60
10005002:	d195      	bne.n	10004f30 <tud_task_ext+0x218>
10005004:	f89d 3021 	ldrb.w	r3, [sp, #33]	@ 0x21
10005008:	3b0a      	subs	r3, #10
1000500a:	2b01      	cmp	r3, #1
1000500c:	d890      	bhi.n	10004f30 <tud_task_ext+0x218>
1000500e:	f000 fba3 	bl	10005758 <usbd_control_set_complete_callback>
10005012:	f89d 3021 	ldrb.w	r3, [sp, #33]	@ 0x21
10005016:	2b0a      	cmp	r3, #10
10005018:	f000 820d 	beq.w	10005436 <tud_task_ext+0x71e>
1000501c:	4658      	mov	r0, fp
1000501e:	a908      	add	r1, sp, #32
10005020:	f000 fb1a 	bl	10005658 <tud_control_status>
10005024:	e685      	b.n	10004d32 <tud_task_ext+0x1a>
10005026:	f8df c27c 	ldr.w	ip, [pc, #636]	@ 100052a4 <tud_task_ext+0x58c>
1000502a:	f8dc c000 	ldr.w	ip, [ip]
1000502e:	eb0c 1040 	add.w	r0, ip, r0, lsl #5
10005032:	9000      	str	r0, [sp, #0]
10005034:	2a00      	cmp	r2, #0
10005036:	f000 8118 	beq.w	1000526a <tud_task_ext+0x552>
1000503a:	2800      	cmp	r0, #0
1000503c:	f43f af78 	beq.w	10004f30 <tud_task_ext+0x218>
10005040:	e7a6      	b.n	10004f90 <tud_task_ext+0x278>
10005042:	4a98      	ldr	r2, [pc, #608]	@ (100052a4 <tud_task_ext+0x58c>)
10005044:	6817      	ldr	r7, [r2, #0]
10005046:	eb17 1743 	adds.w	r7, r7, r3, lsl #5
1000504a:	d1cb      	bne.n	10004fe4 <tud_task_ext+0x2cc>
1000504c:	e770      	b.n	10004f30 <tud_task_ext+0x218>
1000504e:	f89a 2001 	ldrb.w	r2, [sl, #1]
10005052:	f89d 3022 	ldrb.w	r3, [sp, #34]	@ 0x22
10005056:	4293      	cmp	r3, r2
10005058:	f000 815d 	beq.w	10005316 <tud_task_ext+0x5fe>
1000505c:	f89a 2001 	ldrb.w	r2, [sl, #1]
10005060:	2a00      	cmp	r2, #0
10005062:	f040 81d2 	bne.w	1000540a <tud_task_ext+0x6f2>
10005066:	f88a 3001 	strb.w	r3, [sl, #1]
1000506a:	2b00      	cmp	r3, #0
1000506c:	f000 8151 	beq.w	10005312 <tud_task_ext+0x5fa>
10005070:	3b01      	subs	r3, #1
10005072:	b2d8      	uxtb	r0, r3
10005074:	f7ff fa70 	bl	10004558 <tud_descriptor_configuration_cb>
10005078:	2800      	cmp	r0, #0
1000507a:	f000 816e 	beq.w	1000535a <tud_task_ext+0x642>
1000507e:	7843      	ldrb	r3, [r0, #1]
10005080:	2b02      	cmp	r3, #2
10005082:	f040 816a 	bne.w	1000535a <tud_task_ext+0x642>
10005086:	79c2      	ldrb	r2, [r0, #7]
10005088:	f89a 1000 	ldrb.w	r1, [sl]
1000508c:	f3c2 1340 	ubfx	r3, r2, #5, #1
10005090:	011b      	lsls	r3, r3, #4
10005092:	f3c2 1280 	ubfx	r2, r2, #6, #1
10005096:	f021 0130 	bic.w	r1, r1, #48	@ 0x30
1000509a:	ea43 1342 	orr.w	r3, r3, r2, lsl #5
1000509e:	430b      	orrs	r3, r1
100050a0:	f88a 3000 	strb.w	r3, [sl]
100050a4:	8843      	ldrh	r3, [r0, #2]
100050a6:	f100 0109 	add.w	r1, r0, #9
100050aa:	18c3      	adds	r3, r0, r3
100050ac:	9302      	str	r3, [sp, #8]
100050ae:	9b02      	ldr	r3, [sp, #8]
100050b0:	428b      	cmp	r3, r1
100050b2:	f240 81bd 	bls.w	10005430 <tud_task_ext+0x718>
100050b6:	784b      	ldrb	r3, [r1, #1]
100050b8:	2b0b      	cmp	r3, #11
100050ba:	f000 81c6 	beq.w	1000544a <tud_task_ext+0x732>
100050be:	2001      	movs	r0, #1
100050c0:	2b04      	cmp	r3, #4
100050c2:	f040 814a 	bne.w	1000535a <tud_task_ext+0x642>
100050c6:	2200      	movs	r2, #0
100050c8:	9b02      	ldr	r3, [sp, #8]
100050ca:	9201      	str	r2, [sp, #4]
100050cc:	1a5b      	subs	r3, r3, r1
100050ce:	fa1f f983 	uxth.w	r9, r3
100050d2:	4b72      	ldr	r3, [pc, #456]	@ (1000529c <tud_task_ext+0x584>)
100050d4:	9200      	str	r2, [sp, #0]
100050d6:	781b      	ldrb	r3, [r3, #0]
100050d8:	9003      	str	r0, [sp, #12]
100050da:	e01e      	b.n	1000511a <tud_task_ext+0x402>
100050dc:	4b71      	ldr	r3, [pc, #452]	@ (100052a4 <tud_task_ext+0x58c>)
100050de:	681b      	ldr	r3, [r3, #0]
100050e0:	eb13 1342 	adds.w	r3, r3, r2, lsl #5
100050e4:	f000 8139 	beq.w	1000535a <tud_task_ext+0x642>
100050e8:	691f      	ldr	r7, [r3, #16]
100050ea:	464a      	mov	r2, r9
100050ec:	4658      	mov	r0, fp
100050ee:	9105      	str	r1, [sp, #20]
100050f0:	9304      	str	r3, [sp, #16]
100050f2:	47b8      	blx	r7
100050f4:	9b01      	ldr	r3, [sp, #4]
100050f6:	2808      	cmp	r0, #8
100050f8:	f103 0301 	add.w	r3, r3, #1
100050fc:	9905      	ldr	r1, [sp, #20]
100050fe:	9301      	str	r3, [sp, #4]
10005100:	d903      	bls.n	1000510a <tud_task_ext+0x3f2>
10005102:	4581      	cmp	r9, r0
10005104:	9b04      	ldr	r3, [sp, #16]
10005106:	f080 810b 	bcs.w	10005320 <tud_task_ext+0x608>
1000510a:	4b64      	ldr	r3, [pc, #400]	@ (1000529c <tud_task_ext+0x584>)
1000510c:	f89d 2004 	ldrb.w	r2, [sp, #4]
10005110:	781b      	ldrb	r3, [r3, #0]
10005112:	9200      	str	r2, [sp, #0]
10005114:	4293      	cmp	r3, r2
10005116:	f0c0 8120 	bcc.w	1000535a <tud_task_ext+0x642>
1000511a:	9a00      	ldr	r2, [sp, #0]
1000511c:	4293      	cmp	r3, r2
1000511e:	eba2 0303 	sub.w	r3, r2, r3
10005122:	d8db      	bhi.n	100050dc <tud_task_ext+0x3c4>
10005124:	4a5e      	ldr	r2, [pc, #376]	@ (100052a0 <tud_task_ext+0x588>)
10005126:	eb02 1343 	add.w	r3, r2, r3, lsl #5
1000512a:	e7dd      	b.n	100050e8 <tud_task_ext+0x3d0>
1000512c:	f89a 3001 	ldrb.w	r3, [sl, #1]
10005130:	4658      	mov	r0, fp
10005132:	f88d 301a 	strb.w	r3, [sp, #26]
10005136:	f10d 021a 	add.w	r2, sp, #26
1000513a:	2301      	movs	r3, #1
1000513c:	a908      	add	r1, sp, #32
1000513e:	f000 faa7 	bl	10005690 <tud_control_xfer>
10005142:	e5f6      	b.n	10004d32 <tud_task_ext+0x1a>
10005144:	f8bd 0022 	ldrh.w	r0, [sp, #34]	@ 0x22
10005148:	0a03      	lsrs	r3, r0, #8
1000514a:	1e5a      	subs	r2, r3, #1
1000514c:	b2c0      	uxtb	r0, r0
1000514e:	2a0e      	cmp	r2, #14
10005150:	f63f aeee 	bhi.w	10004f30 <tud_task_ext+0x218>
10005154:	a101      	add	r1, pc, #4	@ (adr r1, 1000515c <tud_task_ext+0x444>)
10005156:	f851 f022 	ldr.w	pc, [r1, r2, lsl #2]
1000515a:	bf00      	nop
1000515c:	1000538d 	.word	0x1000538d
10005160:	1000521b 	.word	0x1000521b
10005164:	100053c9 	.word	0x100053c9
10005168:	10004f31 	.word	0x10004f31
1000516c:	10004f31 	.word	0x10004f31
10005170:	100053ab 	.word	0x100053ab
10005174:	1000521b 	.word	0x1000521b
10005178:	10004f31 	.word	0x10004f31
1000517c:	10004f31 	.word	0x10004f31
10005180:	10004f31 	.word	0x10004f31
10005184:	10004f31 	.word	0x10004f31
10005188:	10004f31 	.word	0x10004f31
1000518c:	10004f31 	.word	0x10004f31
10005190:	10004f31 	.word	0x10004f31
10005194:	1000537f 	.word	0x1000537f
10005198:	a808      	add	r0, sp, #32
1000519a:	f000 fae3 	bl	10005764 <usbd_control_set_request>
1000519e:	4658      	mov	r0, fp
100051a0:	f89d 1022 	ldrb.w	r1, [sp, #34]	@ 0x22
100051a4:	f7ff fbbe 	bl	10004924 <dcd_set_address>
100051a8:	f89a 3000 	ldrb.w	r3, [sl]
100051ac:	f043 0302 	orr.w	r3, r3, #2
100051b0:	f88a 3000 	strb.w	r3, [sl]
100051b4:	e5bd      	b.n	10004d32 <tud_task_ext+0x1a>
100051b6:	f8bd 3022 	ldrh.w	r3, [sp, #34]	@ 0x22
100051ba:	2b01      	cmp	r3, #1
100051bc:	f47f aeb8 	bne.w	10004f30 <tud_task_ext+0x218>
100051c0:	f89a 3000 	ldrb.w	r3, [sl]
100051c4:	4658      	mov	r0, fp
100051c6:	f023 0308 	bic.w	r3, r3, #8
100051ca:	a908      	add	r1, sp, #32
100051cc:	f88a 3000 	strb.w	r3, [sl]
100051d0:	f000 fa42 	bl	10005658 <tud_control_status>
100051d4:	e5ad      	b.n	10004d32 <tud_task_ext+0x1a>
100051d6:	4658      	mov	r0, fp
100051d8:	f89a 3000 	ldrb.w	r3, [sl]
100051dc:	089a      	lsrs	r2, r3, #2
100051de:	f002 0202 	and.w	r2, r2, #2
100051e2:	f3c3 1340 	ubfx	r3, r3, #5, #1
100051e6:	4313      	orrs	r3, r2
100051e8:	f8ad 301a 	strh.w	r3, [sp, #26]
100051ec:	f10d 021a 	add.w	r2, sp, #26
100051f0:	2302      	movs	r3, #2
100051f2:	a908      	add	r1, sp, #32
100051f4:	f000 fa4c 	bl	10005690 <tud_control_xfer>
100051f8:	e59b      	b.n	10004d32 <tud_task_ext+0x1a>
100051fa:	f8bd 3022 	ldrh.w	r3, [sp, #34]	@ 0x22
100051fe:	2b01      	cmp	r3, #1
10005200:	f47f ae96 	bne.w	10004f30 <tud_task_ext+0x218>
10005204:	f89a 3000 	ldrb.w	r3, [sl]
10005208:	4658      	mov	r0, fp
1000520a:	f043 0308 	orr.w	r3, r3, #8
1000520e:	a908      	add	r1, sp, #32
10005210:	f88a 3000 	strb.w	r3, [sl]
10005214:	f000 fa20 	bl	10005658 <tud_control_status>
10005218:	e58b      	b.n	10004d32 <tud_task_ext+0x1a>
1000521a:	2b02      	cmp	r3, #2
1000521c:	f43f ae7b 	beq.w	10004f16 <tud_task_ext+0x1fe>
10005220:	f7ff fcea 	bl	10004bf8 <tud_descriptor_other_speed_configuration_cb>
10005224:	4602      	mov	r2, r0
10005226:	2800      	cmp	r0, #0
10005228:	f43f ae82 	beq.w	10004f30 <tud_task_ext+0x218>
1000522c:	4658      	mov	r0, fp
1000522e:	8853      	ldrh	r3, [r2, #2]
10005230:	a908      	add	r1, sp, #32
10005232:	f000 fa2d 	bl	10005690 <tud_control_xfer>
10005236:	2800      	cmp	r0, #0
10005238:	f47f ad7b 	bne.w	10004d32 <tud_task_ext+0x1a>
1000523c:	e678      	b.n	10004f30 <tud_task_ext+0x218>
1000523e:	f89d 3024 	ldrb.w	r3, [sp, #36]	@ 0x24
10005242:	2b0f      	cmp	r3, #15
10005244:	f63f ae74 	bhi.w	10004f30 <tud_task_ext+0x218>
10005248:	4a14      	ldr	r2, [pc, #80]	@ (1000529c <tud_task_ext+0x584>)
1000524a:	4453      	add	r3, sl
1000524c:	791b      	ldrb	r3, [r3, #4]
1000524e:	7812      	ldrb	r2, [r2, #0]
10005250:	4293      	cmp	r3, r2
10005252:	d21e      	bcs.n	10005292 <tud_task_ext+0x57a>
10005254:	4a13      	ldr	r2, [pc, #76]	@ (100052a4 <tud_task_ext+0x58c>)
10005256:	6817      	ldr	r7, [r2, #0]
10005258:	eb17 1743 	adds.w	r7, r7, r3, lsl #5
1000525c:	f47f ae99 	bne.w	10004f92 <tud_task_ext+0x27a>
10005260:	e666      	b.n	10004f30 <tud_task_ext+0x218>
10005262:	2a00      	cmp	r2, #0
10005264:	f47f ae64 	bne.w	10004f30 <tud_task_ext+0x218>
10005268:	9200      	str	r2, [sp, #0]
1000526a:	f89d c021 	ldrb.w	ip, [sp, #33]	@ 0x21
1000526e:	f00c 02fd 	and.w	r2, ip, #253	@ 0xfd
10005272:	2a01      	cmp	r2, #1
10005274:	d018      	beq.n	100052a8 <tud_task_ext+0x590>
10005276:	f1bc 0f00 	cmp.w	ip, #0
1000527a:	f47f ae52 	bne.w	10004f22 <tud_task_ext+0x20a>
1000527e:	eb0a 0343 	add.w	r3, sl, r3, lsl #1
10005282:	eb03 13d1 	add.w	r3, r3, r1, lsr #7
10005286:	f893 3034 	ldrb.w	r3, [r3, #52]	@ 0x34
1000528a:	4658      	mov	r0, fp
1000528c:	f3c3 0340 	ubfx	r3, r3, #1, #1
10005290:	e7aa      	b.n	100051e8 <tud_task_ext+0x4d0>
10005292:	f47f ae4d 	bne.w	10004f30 <tud_task_ext+0x218>
10005296:	4f02      	ldr	r7, [pc, #8]	@ (100052a0 <tud_task_ext+0x588>)
10005298:	e67b      	b.n	10004f92 <tud_task_ext+0x27a>
1000529a:	bf00      	nop
1000529c:	20001fbd 	.word	0x20001fbd
100052a0:	10006f5c 	.word	0x10006f5c
100052a4:	20001600 	.word	0x20001600
100052a8:	f8bd 2022 	ldrh.w	r2, [sp, #34]	@ 0x22
100052ac:	b9da      	cbnz	r2, 100052e6 <tud_task_ext+0x5ce>
100052ae:	4879      	ldr	r0, [pc, #484]	@ (10005494 <tud_task_ext+0x77c>)
100052b0:	f1bc 0f01 	cmp.w	ip, #1
100052b4:	7800      	ldrb	r0, [r0, #0]
100052b6:	f000 808f 	beq.w	100053d8 <tud_task_ext+0x6c0>
100052ba:	e9cd 1301 	strd	r1, r3, [sp, #4]
100052be:	f7ff fbe5 	bl	10004a8c <dcd_edpt_stall>
100052c2:	9b02      	ldr	r3, [sp, #8]
100052c4:	9901      	ldr	r1, [sp, #4]
100052c6:	eb0a 0343 	add.w	r3, sl, r3, lsl #1
100052ca:	eb03 13d1 	add.w	r3, r3, r1, lsr #7
100052ce:	f893 2034 	ldrb.w	r2, [r3, #52]	@ 0x34
100052d2:	f042 0202 	orr.w	r2, r2, #2
100052d6:	f883 2034 	strb.w	r2, [r3, #52]	@ 0x34
100052da:	f893 2034 	ldrb.w	r2, [r3, #52]	@ 0x34
100052de:	f042 0201 	orr.w	r2, r2, #1
100052e2:	f883 2034 	strb.w	r2, [r3, #52]	@ 0x34
100052e6:	9b00      	ldr	r3, [sp, #0]
100052e8:	2b00      	cmp	r3, #0
100052ea:	f43f ad22 	beq.w	10004d32 <tud_task_ext+0x1a>
100052ee:	461f      	mov	r7, r3
100052f0:	6958      	ldr	r0, [r3, #20]
100052f2:	f000 fa31 	bl	10005758 <usbd_control_set_complete_callback>
100052f6:	697b      	ldr	r3, [r7, #20]
100052f8:	2101      	movs	r1, #1
100052fa:	aa08      	add	r2, sp, #32
100052fc:	4658      	mov	r0, fp
100052fe:	4798      	blx	r3
10005300:	2000      	movs	r0, #0
10005302:	f000 fa29 	bl	10005758 <usbd_control_set_complete_callback>
10005306:	f89a 3035 	ldrb.w	r3, [sl, #53]	@ 0x35
1000530a:	07db      	lsls	r3, r3, #31
1000530c:	f53f ad11 	bmi.w	10004d32 <tud_task_ext+0x1a>
10005310:	e684      	b.n	1000501c <tud_task_ext+0x304>
10005312:	f7ff fc75 	bl	10004c00 <tud_umount_cb>
10005316:	4658      	mov	r0, fp
10005318:	a908      	add	r1, sp, #32
1000531a:	f000 f99d 	bl	10005658 <tud_control_status>
1000531e:	e508      	b.n	10004d32 <tud_task_ext+0x1a>
10005320:	4602      	mov	r2, r0
10005322:	9803      	ldr	r0, [sp, #12]
10005324:	2801      	cmp	r0, #1
10005326:	f000 80a5 	beq.w	10005474 <tud_task_ext+0x75c>
1000532a:	2800      	cmp	r0, #0
1000532c:	f000 8092 	beq.w	10005454 <tud_task_ext+0x73c>
10005330:	2300      	movs	r3, #0
10005332:	f891 e002 	ldrb.w	lr, [r1, #2]
10005336:	e007      	b.n	10005348 <tud_task_ext+0x630>
10005338:	9f00      	ldr	r7, [sp, #0]
1000533a:	f88c 7004 	strb.w	r7, [ip, #4]
1000533e:	fa5f fc83 	uxtb.w	ip, r3
10005342:	4560      	cmp	r0, ip
10005344:	f240 8086 	bls.w	10005454 <tud_task_ext+0x73c>
10005348:	eb0e 0c03 	add.w	ip, lr, r3
1000534c:	fa5a fc8c 	uxtab	ip, sl, ip
10005350:	f89c 7004 	ldrb.w	r7, [ip, #4]
10005354:	3301      	adds	r3, #1
10005356:	2fff      	cmp	r7, #255	@ 0xff
10005358:	d0ee      	beq.n	10005338 <tud_task_ext+0x620>
1000535a:	f04f 23e0 	mov.w	r3, #3758153728	@ 0xe000e000
1000535e:	f8d3 3df0 	ldr.w	r3, [r3, #3568]	@ 0xdf0
10005362:	07d9      	lsls	r1, r3, #31
10005364:	d500      	bpl.n	10005368 <tud_task_ext+0x650>
10005366:	be00      	bkpt	0x0000
10005368:	f04f 23e0 	mov.w	r3, #3758153728	@ 0xe000e000
1000536c:	f8d3 3df0 	ldr.w	r3, [r3, #3568]	@ 0xdf0
10005370:	07da      	lsls	r2, r3, #31
10005372:	d500      	bpl.n	10005376 <tud_task_ext+0x65e>
10005374:	be00      	bkpt	0x0000
10005376:	2300      	movs	r3, #0
10005378:	f88a 3001 	strb.w	r3, [sl, #1]
1000537c:	e5d8      	b.n	10004f30 <tud_task_ext+0x218>
1000537e:	f7ff fa53 	bl	10004828 <tud_descriptor_bos_cb>
10005382:	4602      	mov	r2, r0
10005384:	2800      	cmp	r0, #0
10005386:	f47f af51 	bne.w	1000522c <tud_task_ext+0x514>
1000538a:	e5d1      	b.n	10004f30 <tud_task_ext+0x218>
1000538c:	f7ff f8e0 	bl	10004550 <tud_descriptor_device_cb>
10005390:	4602      	mov	r2, r0
10005392:	2800      	cmp	r0, #0
10005394:	f43f adc5 	beq.w	10004f22 <tud_task_ext+0x20a>
10005398:	4658      	mov	r0, fp
1000539a:	2312      	movs	r3, #18
1000539c:	a908      	add	r1, sp, #32
1000539e:	f000 f977 	bl	10005690 <tud_control_xfer>
100053a2:	2800      	cmp	r0, #0
100053a4:	f47f acc5 	bne.w	10004d32 <tud_task_ext+0x1a>
100053a8:	e5c2      	b.n	10004f30 <tud_task_ext+0x218>
100053aa:	f7ff fc23 	bl	10004bf4 <tud_descriptor_device_qualifier_cb>
100053ae:	4602      	mov	r2, r0
100053b0:	2800      	cmp	r0, #0
100053b2:	f43f adbd 	beq.w	10004f30 <tud_task_ext+0x218>
100053b6:	4658      	mov	r0, fp
100053b8:	7813      	ldrb	r3, [r2, #0]
100053ba:	a908      	add	r1, sp, #32
100053bc:	f000 f968 	bl	10005690 <tud_control_xfer>
100053c0:	2800      	cmp	r0, #0
100053c2:	f47f acb6 	bne.w	10004d32 <tud_task_ext+0x1a>
100053c6:	e5b3      	b.n	10004f30 <tud_task_ext+0x218>
100053c8:	f8bd 1024 	ldrh.w	r1, [sp, #36]	@ 0x24
100053cc:	f7ff f8c8 	bl	10004560 <tud_descriptor_string_cb>
100053d0:	4602      	mov	r2, r0
100053d2:	2800      	cmp	r0, #0
100053d4:	d1ef      	bne.n	100053b6 <tud_task_ext+0x69e>
100053d6:	e5ab      	b.n	10004f30 <tud_task_ext+0x218>
100053d8:	e9cd 3202 	strd	r3, r2, [sp, #8]
100053dc:	9101      	str	r1, [sp, #4]
100053de:	f7ff fb6d 	bl	10004abc <dcd_edpt_clear_stall>
100053e2:	9b02      	ldr	r3, [sp, #8]
100053e4:	9901      	ldr	r1, [sp, #4]
100053e6:	eb0a 0343 	add.w	r3, sl, r3, lsl #1
100053ea:	eb03 13d1 	add.w	r3, r3, r1, lsr #7
100053ee:	f893 1034 	ldrb.w	r1, [r3, #52]	@ 0x34
100053f2:	9a03      	ldr	r2, [sp, #12]
100053f4:	f362 0141 	bfi	r1, r2, #1, #1
100053f8:	f883 1034 	strb.w	r1, [r3, #52]	@ 0x34
100053fc:	f893 1034 	ldrb.w	r1, [r3, #52]	@ 0x34
10005400:	f362 0100 	bfi	r1, r2, #0, #1
10005404:	f883 1034 	strb.w	r1, [r3, #52]	@ 0x34
10005408:	e76d      	b.n	100052e6 <tud_task_ext+0x5ce>
1000540a:	2100      	movs	r1, #0
1000540c:	4658      	mov	r0, fp
1000540e:	9301      	str	r3, [sp, #4]
10005410:	f7ff fa90 	bl	10004934 <dcd_sof_enable>
10005414:	4658      	mov	r0, fp
10005416:	f7ff fb23 	bl	10004a60 <dcd_edpt_close_all>
1000541a:	f89a 2002 	ldrb.w	r2, [sl, #2]
1000541e:	4658      	mov	r0, fp
10005420:	9200      	str	r2, [sp, #0]
10005422:	f7ff fb9d 	bl	10004b60 <configuration_reset>
10005426:	9a00      	ldr	r2, [sp, #0]
10005428:	9b01      	ldr	r3, [sp, #4]
1000542a:	f88a 2002 	strb.w	r2, [sl, #2]
1000542e:	e61a      	b.n	10005066 <tud_task_ext+0x34e>
10005430:	f7ff fbe4 	bl	10004bfc <tud_mount_cb>
10005434:	e76f      	b.n	10005316 <tud_task_ext+0x5fe>
10005436:	4658      	mov	r0, fp
10005438:	2301      	movs	r3, #1
1000543a:	a908      	add	r1, sp, #32
1000543c:	f10d 021a 	add.w	r2, sp, #26
10005440:	f88d 701a 	strb.w	r7, [sp, #26]
10005444:	f000 f924 	bl	10005690 <tud_control_xfer>
10005448:	e473      	b.n	10004d32 <tud_task_ext+0x1a>
1000544a:	780b      	ldrb	r3, [r1, #0]
1000544c:	78c8      	ldrb	r0, [r1, #3]
1000544e:	4419      	add	r1, r3
10005450:	784b      	ldrb	r3, [r1, #1]
10005452:	e635      	b.n	100050c0 <tud_task_ext+0x3a8>
10005454:	9f00      	ldr	r7, [sp, #0]
10005456:	4810      	ldr	r0, [pc, #64]	@ (10005498 <tud_task_ext+0x780>)
10005458:	463b      	mov	r3, r7
1000545a:	e9cd 1200 	strd	r1, r2, [sp]
1000545e:	f000 fda1 	bl	10005fa4 <tu_edpt_bind_driver>
10005462:	e9dd 1200 	ldrd	r1, r2, [sp]
10005466:	4411      	add	r1, r2
10005468:	4a0c      	ldr	r2, [pc, #48]	@ (1000549c <tud_task_ext+0x784>)
1000546a:	7813      	ldrb	r3, [r2, #0]
1000546c:	42bb      	cmp	r3, r7
1000546e:	f4bf ae1e 	bcs.w	100050ae <tud_task_ext+0x396>
10005472:	e772      	b.n	1000535a <tud_task_ext+0x642>
10005474:	f8d3 c010 	ldr.w	ip, [r3, #16]
10005478:	4b09      	ldr	r3, [pc, #36]	@ (100054a0 <tud_task_ext+0x788>)
1000547a:	459c      	cmp	ip, r3
1000547c:	bf08      	it	eq
1000547e:	2002      	moveq	r0, #2
10005480:	e756      	b.n	10005330 <tud_task_ext+0x618>
10005482:	f04f 23e0 	mov.w	r3, #3758153728	@ 0xe000e000
10005486:	f8d3 3df0 	ldr.w	r3, [r3, #3568]	@ 0xdf0
1000548a:	07db      	lsls	r3, r3, #31
1000548c:	f57f ac51 	bpl.w	10004d32 <tud_task_ext+0x1a>
10005490:	be00      	bkpt	0x0000
10005492:	e44e      	b.n	10004d32 <tud_task_ext+0x1a>
10005494:	200013a4 	.word	0x200013a4
10005498:	2000171c 	.word	0x2000171c
1000549c:	20001fbd 	.word	0x20001fbd
100054a0:	10005ba9 	.word	0x10005ba9

100054a4 <usbd_open_edpt_pair>:
100054a4:	e92d 4ff8 	stmdb	sp!, {r3, r4, r5, r6, r7, r8, r9, sl, fp, lr}
100054a8:	9f0a      	ldr	r7, [sp, #40]	@ 0x28
100054aa:	2a00      	cmp	r2, #0
100054ac:	d040      	beq.n	10005530 <usbd_open_edpt_pair+0x8c>
100054ae:	460c      	mov	r4, r1
100054b0:	461e      	mov	r6, r3
100054b2:	4615      	mov	r5, r2
100054b4:	f04f 0b00 	mov.w	fp, #0
100054b8:	f8df 9080 	ldr.w	r9, [pc, #128]	@ 1000553c <usbd_open_edpt_pair+0x98>
100054bc:	f8df 8080 	ldr.w	r8, [pc, #128]	@ 10005540 <usbd_open_edpt_pair+0x9c>
100054c0:	e016      	b.n	100054f0 <usbd_open_edpt_pair+0x4c>
100054c2:	4620      	mov	r0, r4
100054c4:	f898 1002 	ldrb.w	r1, [r8, #2]
100054c8:	f899 a000 	ldrb.w	sl, [r9]
100054cc:	f000 fd3a 	bl	10005f44 <tu_edpt_validate>
100054d0:	b1d0      	cbz	r0, 10005508 <usbd_open_edpt_pair+0x64>
100054d2:	4621      	mov	r1, r4
100054d4:	4650      	mov	r0, sl
100054d6:	f7ff fa49 	bl	1000496c <dcd_edpt_open>
100054da:	b1e0      	cbz	r0, 10005516 <usbd_open_edpt_pair+0x72>
100054dc:	78a3      	ldrb	r3, [r4, #2]
100054de:	f10b 0b01 	add.w	fp, fp, #1
100054e2:	09da      	lsrs	r2, r3, #7
100054e4:	d120      	bne.n	10005528 <usbd_open_edpt_pair+0x84>
100054e6:	45ab      	cmp	fp, r5
100054e8:	703b      	strb	r3, [r7, #0]
100054ea:	d021      	beq.n	10005530 <usbd_open_edpt_pair+0x8c>
100054ec:	7823      	ldrb	r3, [r4, #0]
100054ee:	441c      	add	r4, r3
100054f0:	7863      	ldrb	r3, [r4, #1]
100054f2:	2b05      	cmp	r3, #5
100054f4:	d10f      	bne.n	10005516 <usbd_open_edpt_pair+0x72>
100054f6:	78e1      	ldrb	r1, [r4, #3]
100054f8:	f001 0103 	and.w	r1, r1, #3
100054fc:	42b1      	cmp	r1, r6
100054fe:	d10a      	bne.n	10005516 <usbd_open_edpt_pair+0x72>
10005500:	78a3      	ldrb	r3, [r4, #2]
10005502:	f013 0f70 	tst.w	r3, #112	@ 0x70
10005506:	d0dc      	beq.n	100054c2 <usbd_open_edpt_pair+0x1e>
10005508:	f04f 23e0 	mov.w	r3, #3758153728	@ 0xe000e000
1000550c:	f8d3 3df0 	ldr.w	r3, [r3, #3568]	@ 0xdf0
10005510:	07da      	lsls	r2, r3, #31
10005512:	d500      	bpl.n	10005516 <usbd_open_edpt_pair+0x72>
10005514:	be00      	bkpt	0x0000
10005516:	f04f 23e0 	mov.w	r3, #3758153728	@ 0xe000e000
1000551a:	f8d3 3df0 	ldr.w	r3, [r3, #3568]	@ 0xdf0
1000551e:	07db      	lsls	r3, r3, #31
10005520:	d409      	bmi.n	10005536 <usbd_open_edpt_pair+0x92>
10005522:	2000      	movs	r0, #0
10005524:	e8bd 8ff8 	ldmia.w	sp!, {r3, r4, r5, r6, r7, r8, r9, sl, fp, pc}
10005528:	9a0b      	ldr	r2, [sp, #44]	@ 0x2c
1000552a:	45ab      	cmp	fp, r5
1000552c:	7013      	strb	r3, [r2, #0]
1000552e:	d1dd      	bne.n	100054ec <usbd_open_edpt_pair+0x48>
10005530:	2001      	movs	r0, #1
10005532:	e8bd 8ff8 	ldmia.w	sp!, {r3, r4, r5, r6, r7, r8, r9, sl, fp, pc}
10005536:	be00      	bkpt	0x0000
10005538:	e7f3      	b.n	10005522 <usbd_open_edpt_pair+0x7e>
1000553a:	bf00      	nop
1000553c:	200013a4 	.word	0x200013a4
10005540:	20001708 	.word	0x20001708

10005544 <usbd_edpt_open>:
10005544:	788b      	ldrb	r3, [r1, #2]
10005546:	f013 0f70 	tst.w	r3, #112	@ 0x70
1000554a:	d008      	beq.n	1000555e <usbd_edpt_open+0x1a>
1000554c:	f04f 23e0 	mov.w	r3, #3758153728	@ 0xe000e000
10005550:	f8d3 3df0 	ldr.w	r3, [r3, #3568]	@ 0xdf0
10005554:	07da      	lsls	r2, r3, #31
10005556:	d500      	bpl.n	1000555a <usbd_edpt_open+0x16>
10005558:	be00      	bkpt	0x0000
1000555a:	2000      	movs	r0, #0
1000555c:	4770      	bx	lr
1000555e:	b510      	push	{r4, lr}
10005560:	b082      	sub	sp, #8
10005562:	4608      	mov	r0, r1
10005564:	9101      	str	r1, [sp, #4]
10005566:	490c      	ldr	r1, [pc, #48]	@ (10005598 <usbd_edpt_open+0x54>)
10005568:	4a0c      	ldr	r2, [pc, #48]	@ (1000559c <usbd_edpt_open+0x58>)
1000556a:	7889      	ldrb	r1, [r1, #2]
1000556c:	7814      	ldrb	r4, [r2, #0]
1000556e:	f000 fce9 	bl	10005f44 <tu_edpt_validate>
10005572:	b948      	cbnz	r0, 10005588 <usbd_edpt_open+0x44>
10005574:	f04f 23e0 	mov.w	r3, #3758153728	@ 0xe000e000
10005578:	f8d3 3df0 	ldr.w	r3, [r3, #3568]	@ 0xdf0
1000557c:	07db      	lsls	r3, r3, #31
1000557e:	d500      	bpl.n	10005582 <usbd_edpt_open+0x3e>
10005580:	be00      	bkpt	0x0000
10005582:	2000      	movs	r0, #0
10005584:	b002      	add	sp, #8
10005586:	bd10      	pop	{r4, pc}
10005588:	4620      	mov	r0, r4
1000558a:	9901      	ldr	r1, [sp, #4]
1000558c:	b002      	add	sp, #8
1000558e:	e8bd 4010 	ldmia.w	sp!, {r4, lr}
10005592:	f7ff b9eb 	b.w	1000496c <dcd_edpt_open>
10005596:	bf00      	nop
10005598:	20001708 	.word	0x20001708
1000559c:	200013a4 	.word	0x200013a4

100055a0 <usbd_edpt_claim>:
100055a0:	460a      	mov	r2, r1
100055a2:	4b06      	ldr	r3, [pc, #24]	@ (100055bc <usbd_edpt_claim+0x1c>)
100055a4:	4806      	ldr	r0, [pc, #24]	@ (100055c0 <usbd_edpt_claim+0x20>)
100055a6:	6819      	ldr	r1, [r3, #0]
100055a8:	09d3      	lsrs	r3, r2, #7
100055aa:	3334      	adds	r3, #52	@ 0x34
100055ac:	f002 027f 	and.w	r2, r2, #127	@ 0x7f
100055b0:	eb03 0342 	add.w	r3, r3, r2, lsl #1
100055b4:	4418      	add	r0, r3
100055b6:	f000 bc79 	b.w	10005eac <tu_edpt_claim>
100055ba:	bf00      	nop
100055bc:	2000175c 	.word	0x2000175c
100055c0:	20001708 	.word	0x20001708

100055c4 <usbd_edpt_release>:
100055c4:	460a      	mov	r2, r1
100055c6:	4b06      	ldr	r3, [pc, #24]	@ (100055e0 <usbd_edpt_release+0x1c>)
100055c8:	4806      	ldr	r0, [pc, #24]	@ (100055e4 <usbd_edpt_release+0x20>)
100055ca:	6819      	ldr	r1, [r3, #0]
100055cc:	09d3      	lsrs	r3, r2, #7
100055ce:	3334      	adds	r3, #52	@ 0x34
100055d0:	f002 027f 	and.w	r2, r2, #127	@ 0x7f
100055d4:	eb03 0342 	add.w	r3, r3, r2, lsl #1
100055d8:	4418      	add	r0, r3
100055da:	f000 bc97 	b.w	10005f0c <tu_edpt_release>
100055de:	bf00      	nop
100055e0:	2000175c 	.word	0x2000175c
100055e4:	20001708 	.word	0x20001708

100055e8 <usbd_edpt_xfer>:
100055e8:	b510      	push	{r4, lr}
100055ea:	4819      	ldr	r0, [pc, #100]	@ (10005650 <usbd_edpt_xfer+0x68>)
100055ec:	f001 047f 	and.w	r4, r1, #127	@ 0x7f
100055f0:	eb00 0044 	add.w	r0, r0, r4, lsl #1
100055f4:	eb00 10d1 	add.w	r0, r0, r1, lsr #7
100055f8:	f890 c034 	ldrb.w	ip, [r0, #52]	@ 0x34
100055fc:	f01c 0f01 	tst.w	ip, #1
10005600:	d008      	beq.n	10005614 <usbd_edpt_xfer+0x2c>
10005602:	f04f 23e0 	mov.w	r3, #3758153728	@ 0xe000e000
10005606:	f8d3 3df0 	ldr.w	r3, [r3, #3568]	@ 0xdf0
1000560a:	07da      	lsls	r2, r3, #31
1000560c:	d500      	bpl.n	10005610 <usbd_edpt_xfer+0x28>
1000560e:	be00      	bkpt	0x0000
10005610:	2000      	movs	r0, #0
10005612:	bd10      	pop	{r4, pc}
10005614:	f100 0430 	add.w	r4, r0, #48	@ 0x30
10005618:	f894 c004 	ldrb.w	ip, [r4, #4]
1000561c:	480d      	ldr	r0, [pc, #52]	@ (10005654 <usbd_edpt_xfer+0x6c>)
1000561e:	f04c 0c01 	orr.w	ip, ip, #1
10005622:	7800      	ldrb	r0, [r0, #0]
10005624:	f884 c004 	strb.w	ip, [r4, #4]
10005628:	f7ff fa1c 	bl	10004a64 <dcd_edpt_xfer>
1000562c:	2800      	cmp	r0, #0
1000562e:	d1f0      	bne.n	10005612 <usbd_edpt_xfer+0x2a>
10005630:	f04f 21e0 	mov.w	r1, #3758153728	@ 0xe000e000
10005634:	7922      	ldrb	r2, [r4, #4]
10005636:	f360 0200 	bfi	r2, r0, #0, #1
1000563a:	7122      	strb	r2, [r4, #4]
1000563c:	7922      	ldrb	r2, [r4, #4]
1000563e:	f360 0282 	bfi	r2, r0, #2, #1
10005642:	7122      	strb	r2, [r4, #4]
10005644:	f8d1 3df0 	ldr.w	r3, [r1, #3568]	@ 0xdf0
10005648:	07db      	lsls	r3, r3, #31
1000564a:	d5e1      	bpl.n	10005610 <usbd_edpt_xfer+0x28>
1000564c:	be00      	bkpt	0x0000
1000564e:	e7df      	b.n	10005610 <usbd_edpt_xfer+0x28>
10005650:	20001708 	.word	0x20001708
10005654:	200013a4 	.word	0x200013a4

10005658 <tud_control_status>:
10005658:	f8df c030 	ldr.w	ip, [pc, #48]	@ 1000568c <tud_control_status+0x34>
1000565c:	2300      	movs	r3, #0
1000565e:	4662      	mov	r2, ip
10005660:	b510      	push	{r4, lr}
10005662:	468e      	mov	lr, r1
10005664:	4604      	mov	r4, r0
10005666:	6808      	ldr	r0, [r1, #0]
10005668:	6849      	ldr	r1, [r1, #4]
1000566a:	f8cc 300c 	str.w	r3, [ip, #12]
1000566e:	c203      	stmia	r2!, {r0, r1}
10005670:	f89e 1000 	ldrb.w	r1, [lr]
10005674:	4620      	mov	r0, r4
10005676:	e8bd 4010 	ldmia.w	sp!, {r4, lr}
1000567a:	f081 01ff 	eor.w	r1, r1, #255	@ 0xff
1000567e:	461a      	mov	r2, r3
10005680:	f001 0180 	and.w	r1, r1, #128	@ 0x80
10005684:	f8cc 3008 	str.w	r3, [ip, #8]
10005688:	f7ff bfae 	b.w	100055e8 <usbd_edpt_xfer>
1000568c:	200016c8 	.word	0x200016c8

10005690 <tud_control_xfer>:
10005690:	f8df c0ac 	ldr.w	ip, [pc, #172]	@ 10005740 <tud_control_xfer+0xb0>
10005694:	b570      	push	{r4, r5, r6, lr}
10005696:	4615      	mov	r5, r2
10005698:	4662      	mov	r2, ip
1000569a:	2400      	movs	r4, #0
1000569c:	468e      	mov	lr, r1
1000569e:	4606      	mov	r6, r0
100056a0:	6808      	ldr	r0, [r1, #0]
100056a2:	6849      	ldr	r1, [r1, #4]
100056a4:	b082      	sub	sp, #8
100056a6:	c203      	stmia	r2!, {r0, r1}
100056a8:	f8cc 5008 	str.w	r5, [ip, #8]
100056ac:	f8ac 400e 	strh.w	r4, [ip, #14]
100056b0:	f8be 2006 	ldrh.w	r2, [lr, #6]
100056b4:	4293      	cmp	r3, r2
100056b6:	bf28      	it	cs
100056b8:	4613      	movcs	r3, r2
100056ba:	f8ac 300c 	strh.w	r3, [ip, #12]
100056be:	b18a      	cbz	r2, 100056e4 <tud_control_xfer+0x54>
100056c0:	b333      	cbz	r3, 10005710 <tud_control_xfer+0x80>
100056c2:	b1dd      	cbz	r5, 100056fc <tud_control_xfer+0x6c>
100056c4:	f99c 2000 	ldrsb.w	r2, [ip]
100056c8:	2b40      	cmp	r3, #64	@ 0x40
100056ca:	bf28      	it	cs
100056cc:	2340      	movcs	r3, #64	@ 0x40
100056ce:	2a00      	cmp	r2, #0
100056d0:	db29      	blt.n	10005726 <tud_control_xfer+0x96>
100056d2:	4621      	mov	r1, r4
100056d4:	4630      	mov	r0, r6
100056d6:	4a19      	ldr	r2, [pc, #100]	@ (1000573c <tud_control_xfer+0xac>)
100056d8:	f7ff ff86 	bl	100055e8 <usbd_edpt_xfer>
100056dc:	b170      	cbz	r0, 100056fc <tud_control_xfer+0x6c>
100056de:	2001      	movs	r0, #1
100056e0:	b002      	add	sp, #8
100056e2:	bd70      	pop	{r4, r5, r6, pc}
100056e4:	f89e 1000 	ldrb.w	r1, [lr]
100056e8:	4613      	mov	r3, r2
100056ea:	f081 01ff 	eor.w	r1, r1, #255	@ 0xff
100056ee:	4630      	mov	r0, r6
100056f0:	f001 0180 	and.w	r1, r1, #128	@ 0x80
100056f4:	f7ff ff78 	bl	100055e8 <usbd_edpt_xfer>
100056f8:	2800      	cmp	r0, #0
100056fa:	d1f0      	bne.n	100056de <tud_control_xfer+0x4e>
100056fc:	f04f 23e0 	mov.w	r3, #3758153728	@ 0xe000e000
10005700:	f8d3 3df0 	ldr.w	r3, [r3, #3568]	@ 0xdf0
10005704:	07db      	lsls	r3, r3, #31
10005706:	d500      	bpl.n	1000570a <tud_control_xfer+0x7a>
10005708:	be00      	bkpt	0x0000
1000570a:	2000      	movs	r0, #0
1000570c:	b002      	add	sp, #8
1000570e:	bd70      	pop	{r4, r5, r6, pc}
10005710:	461a      	mov	r2, r3
10005712:	f89c 1000 	ldrb.w	r1, [ip]
10005716:	f001 0180 	and.w	r1, r1, #128	@ 0x80
1000571a:	4630      	mov	r0, r6
1000571c:	f7ff ff64 	bl	100055e8 <usbd_edpt_xfer>
10005720:	2800      	cmp	r0, #0
10005722:	d1dc      	bne.n	100056de <tud_control_xfer+0x4e>
10005724:	e7ea      	b.n	100056fc <tud_control_xfer+0x6c>
10005726:	461a      	mov	r2, r3
10005728:	4629      	mov	r1, r5
1000572a:	4804      	ldr	r0, [pc, #16]	@ (1000573c <tud_control_xfer+0xac>)
1000572c:	9301      	str	r3, [sp, #4]
1000572e:	f000 fef7 	bl	10006520 <__memcpy_veneer>
10005732:	2180      	movs	r1, #128	@ 0x80
10005734:	4a01      	ldr	r2, [pc, #4]	@ (1000573c <tud_control_xfer+0xac>)
10005736:	9b01      	ldr	r3, [sp, #4]
10005738:	e7ef      	b.n	1000571a <tud_control_xfer+0x8a>
1000573a:	bf00      	nop
1000573c:	20001688 	.word	0x20001688
10005740:	200016c8 	.word	0x200016c8

10005744 <usbd_control_reset>:
10005744:	2200      	movs	r2, #0
10005746:	4b03      	ldr	r3, [pc, #12]	@ (10005754 <usbd_control_reset+0x10>)
10005748:	e9c3 2200 	strd	r2, r2, [r3]
1000574c:	e9c3 2202 	strd	r2, r2, [r3, #8]
10005750:	611a      	str	r2, [r3, #16]
10005752:	4770      	bx	lr
10005754:	200016c8 	.word	0x200016c8

10005758 <usbd_control_set_complete_callback>:
10005758:	4b01      	ldr	r3, [pc, #4]	@ (10005760 <usbd_control_set_complete_callback+0x8>)
1000575a:	6118      	str	r0, [r3, #16]
1000575c:	4770      	bx	lr
1000575e:	bf00      	nop
10005760:	200016c8 	.word	0x200016c8

10005764 <usbd_control_set_request>:
10005764:	4601      	mov	r1, r0
10005766:	4a05      	ldr	r2, [pc, #20]	@ (1000577c <usbd_control_set_request+0x18>)
10005768:	f04f 0c00 	mov.w	ip, #0
1000576c:	4613      	mov	r3, r2
1000576e:	6800      	ldr	r0, [r0, #0]
10005770:	6849      	ldr	r1, [r1, #4]
10005772:	e9c2 cc02 	strd	ip, ip, [r2, #8]
10005776:	c303      	stmia	r3!, {r0, r1}
10005778:	4770      	bx	lr
1000577a:	bf00      	nop
1000577c:	200016c8 	.word	0x200016c8

10005780 <usbd_control_xfer_cb>:
10005780:	b530      	push	{r4, r5, lr}
10005782:	4c3e      	ldr	r4, [pc, #248]	@ (1000587c <usbd_control_xfer_cb+0xfc>)
10005784:	09c9      	lsrs	r1, r1, #7
10005786:	7822      	ldrb	r2, [r4, #0]
10005788:	4605      	mov	r5, r0
1000578a:	ebb1 1fd2 	cmp.w	r1, r2, lsr #7
1000578e:	b083      	sub	sp, #12
10005790:	d017      	beq.n	100057c2 <usbd_control_xfer_cb+0x42>
10005792:	b153      	cbz	r3, 100057aa <usbd_control_xfer_cb+0x2a>
10005794:	f04f 23e0 	mov.w	r3, #3758153728	@ 0xe000e000
10005798:	f8d3 3df0 	ldr.w	r3, [r3, #3568]	@ 0xdf0
1000579c:	07db      	lsls	r3, r3, #31
1000579e:	d402      	bmi.n	100057a6 <usbd_control_xfer_cb+0x26>
100057a0:	2000      	movs	r0, #0
100057a2:	b003      	add	sp, #12
100057a4:	bd30      	pop	{r4, r5, pc}
100057a6:	be00      	bkpt	0x0000
100057a8:	e7fa      	b.n	100057a0 <usbd_control_xfer_cb+0x20>
100057aa:	4621      	mov	r1, r4
100057ac:	f7ff f8d0 	bl	10004950 <dcd_edpt0_status_complete>
100057b0:	6923      	ldr	r3, [r4, #16]
100057b2:	b11b      	cbz	r3, 100057bc <usbd_control_xfer_cb+0x3c>
100057b4:	4622      	mov	r2, r4
100057b6:	2103      	movs	r1, #3
100057b8:	4628      	mov	r0, r5
100057ba:	4798      	blx	r3
100057bc:	2001      	movs	r0, #1
100057be:	b003      	add	sp, #12
100057c0:	bd30      	pop	{r4, r5, pc}
100057c2:	f994 2000 	ldrsb.w	r2, [r4]
100057c6:	2a00      	cmp	r2, #0
100057c8:	db08      	blt.n	100057dc <usbd_control_xfer_cb+0x5c>
100057ca:	68a0      	ldr	r0, [r4, #8]
100057cc:	2800      	cmp	r0, #0
100057ce:	d0e7      	beq.n	100057a0 <usbd_control_xfer_cb+0x20>
100057d0:	461a      	mov	r2, r3
100057d2:	492b      	ldr	r1, [pc, #172]	@ (10005880 <usbd_control_xfer_cb+0x100>)
100057d4:	9301      	str	r3, [sp, #4]
100057d6:	f000 fea3 	bl	10006520 <__memcpy_veneer>
100057da:	9b01      	ldr	r3, [sp, #4]
100057dc:	89e0      	ldrh	r0, [r4, #14]
100057de:	68a1      	ldr	r1, [r4, #8]
100057e0:	88e2      	ldrh	r2, [r4, #6]
100057e2:	4418      	add	r0, r3
100057e4:	b280      	uxth	r0, r0
100057e6:	4419      	add	r1, r3
100057e8:	4282      	cmp	r2, r0
100057ea:	81e0      	strh	r0, [r4, #14]
100057ec:	60a1      	str	r1, [r4, #8]
100057ee:	d016      	beq.n	1000581e <usbd_control_xfer_cb+0x9e>
100057f0:	2b3f      	cmp	r3, #63	@ 0x3f
100057f2:	d914      	bls.n	1000581e <usbd_control_xfer_cb+0x9e>
100057f4:	89a2      	ldrh	r2, [r4, #12]
100057f6:	f994 4000 	ldrsb.w	r4, [r4]
100057fa:	1a13      	subs	r3, r2, r0
100057fc:	b29b      	uxth	r3, r3
100057fe:	2b40      	cmp	r3, #64	@ 0x40
10005800:	bf28      	it	cs
10005802:	2340      	movcs	r3, #64	@ 0x40
10005804:	2c00      	cmp	r4, #0
10005806:	db28      	blt.n	1000585a <usbd_control_xfer_cb+0xda>
10005808:	4290      	cmp	r0, r2
1000580a:	f04f 0100 	mov.w	r1, #0
1000580e:	d032      	beq.n	10005876 <usbd_control_xfer_cb+0xf6>
10005810:	4a1b      	ldr	r2, [pc, #108]	@ (10005880 <usbd_control_xfer_cb+0x100>)
10005812:	4628      	mov	r0, r5
10005814:	f7ff fee8 	bl	100055e8 <usbd_edpt_xfer>
10005818:	2800      	cmp	r0, #0
1000581a:	d1cf      	bne.n	100057bc <usbd_control_xfer_cb+0x3c>
1000581c:	e7ba      	b.n	10005794 <usbd_control_xfer_cb+0x14>
1000581e:	6923      	ldr	r3, [r4, #16]
10005820:	b123      	cbz	r3, 1000582c <usbd_control_xfer_cb+0xac>
10005822:	2102      	movs	r1, #2
10005824:	4628      	mov	r0, r5
10005826:	4a15      	ldr	r2, [pc, #84]	@ (1000587c <usbd_control_xfer_cb+0xfc>)
10005828:	4798      	blx	r3
1000582a:	b168      	cbz	r0, 10005848 <usbd_control_xfer_cb+0xc8>
1000582c:	2300      	movs	r3, #0
1000582e:	7821      	ldrb	r1, [r4, #0]
10005830:	4628      	mov	r0, r5
10005832:	f081 01ff 	eor.w	r1, r1, #255	@ 0xff
10005836:	461a      	mov	r2, r3
10005838:	f001 0180 	and.w	r1, r1, #128	@ 0x80
1000583c:	f7ff fed4 	bl	100055e8 <usbd_edpt_xfer>
10005840:	2800      	cmp	r0, #0
10005842:	d0a7      	beq.n	10005794 <usbd_control_xfer_cb+0x14>
10005844:	2001      	movs	r0, #1
10005846:	e7ba      	b.n	100057be <usbd_control_xfer_cb+0x3e>
10005848:	4601      	mov	r1, r0
1000584a:	4628      	mov	r0, r5
1000584c:	f7ff f91e 	bl	10004a8c <dcd_edpt_stall>
10005850:	2180      	movs	r1, #128	@ 0x80
10005852:	4628      	mov	r0, r5
10005854:	f7ff f91a 	bl	10004a8c <dcd_edpt_stall>
10005858:	e7b0      	b.n	100057bc <usbd_control_xfer_cb+0x3c>
1000585a:	4290      	cmp	r0, r2
1000585c:	d008      	beq.n	10005870 <usbd_control_xfer_cb+0xf0>
1000585e:	461a      	mov	r2, r3
10005860:	4807      	ldr	r0, [pc, #28]	@ (10005880 <usbd_control_xfer_cb+0x100>)
10005862:	9301      	str	r3, [sp, #4]
10005864:	f000 fe5c 	bl	10006520 <__memcpy_veneer>
10005868:	2180      	movs	r1, #128	@ 0x80
1000586a:	4a05      	ldr	r2, [pc, #20]	@ (10005880 <usbd_control_xfer_cb+0x100>)
1000586c:	9b01      	ldr	r3, [sp, #4]
1000586e:	e7d0      	b.n	10005812 <usbd_control_xfer_cb+0x92>
10005870:	2180      	movs	r1, #128	@ 0x80
10005872:	2200      	movs	r2, #0
10005874:	e7cd      	b.n	10005812 <usbd_control_xfer_cb+0x92>
10005876:	460a      	mov	r2, r1
10005878:	e7cb      	b.n	10005812 <usbd_control_xfer_cb+0x92>
1000587a:	bf00      	nop
1000587c:	200016c8 	.word	0x200016c8
10005880:	20001688 	.word	0x20001688

10005884 <_prep_out_transaction.isra.0>:
10005884:	b570      	push	{r4, r5, r6, lr}
10005886:	b082      	sub	sp, #8
10005888:	4604      	mov	r4, r0
1000588a:	f7ff f9bf 	bl	10004c0c <tud_mounted>
1000588e:	b908      	cbnz	r0, 10005894 <_prep_out_transaction.isra.0+0x10>
10005890:	b002      	add	sp, #8
10005892:	bd70      	pop	{r4, r5, r6, pc}
10005894:	f7ff f9c2 	bl	10004c1c <tud_suspended>
10005898:	4602      	mov	r2, r0
1000589a:	2800      	cmp	r0, #0
1000589c:	d1f8      	bne.n	10005890 <_prep_out_transaction.isra.0+0xc>
1000589e:	23c8      	movs	r3, #200	@ 0xc8
100058a0:	fb04 f303 	mul.w	r3, r4, r3
100058a4:	4915      	ldr	r1, [pc, #84]	@ (100058fc <_prep_out_transaction.isra.0+0x78>)
100058a6:	4625      	mov	r5, r4
100058a8:	18cc      	adds	r4, r1, r3
100058aa:	78e0      	ldrb	r0, [r4, #3]
100058ac:	2800      	cmp	r0, #0
100058ae:	d0ef      	beq.n	10005890 <_prep_out_transaction.isra.0+0xc>
100058b0:	3310      	adds	r3, #16
100058b2:	185e      	adds	r6, r3, r1
100058b4:	4630      	mov	r0, r6
100058b6:	9201      	str	r2, [sp, #4]
100058b8:	f000 fbe8 	bl	1000608c <tu_fifo_remaining>
100058bc:	283f      	cmp	r0, #63	@ 0x3f
100058be:	d9e7      	bls.n	10005890 <_prep_out_transaction.isra.0+0xc>
100058c0:	78e1      	ldrb	r1, [r4, #3]
100058c2:	9801      	ldr	r0, [sp, #4]
100058c4:	f7ff fe6c 	bl	100055a0 <usbd_edpt_claim>
100058c8:	2800      	cmp	r0, #0
100058ca:	d0e1      	beq.n	10005890 <_prep_out_transaction.isra.0+0xc>
100058cc:	4630      	mov	r0, r6
100058ce:	f000 fbdd 	bl	1000608c <tu_fifo_remaining>
100058d2:	283f      	cmp	r0, #63	@ 0x3f
100058d4:	78e1      	ldrb	r1, [r4, #3]
100058d6:	d90a      	bls.n	100058ee <_prep_out_transaction.isra.0+0x6a>
100058d8:	2340      	movs	r3, #64	@ 0x40
100058da:	f8df c024 	ldr.w	ip, [pc, #36]	@ 10005900 <_prep_out_transaction.isra.0+0x7c>
100058de:	9801      	ldr	r0, [sp, #4]
100058e0:	eb0c 12c5 	add.w	r2, ip, r5, lsl #7
100058e4:	b002      	add	sp, #8
100058e6:	e8bd 4070 	ldmia.w	sp!, {r4, r5, r6, lr}
100058ea:	f7ff be7d 	b.w	100055e8 <usbd_edpt_xfer>
100058ee:	9801      	ldr	r0, [sp, #4]
100058f0:	b002      	add	sp, #8
100058f2:	e8bd 4070 	ldmia.w	sp!, {r4, r5, r6, lr}
100058f6:	f7ff be65 	b.w	100055c4 <usbd_edpt_release>
100058fa:	bf00      	nop
100058fc:	200013b0 	.word	0x200013b0
10005900:	20001604 	.word	0x20001604

10005904 <tud_cdc_n_connected>:
10005904:	b510      	push	{r4, lr}
10005906:	4604      	mov	r4, r0
10005908:	f7ff f980 	bl	10004c0c <tud_mounted>
1000590c:	b908      	cbnz	r0, 10005912 <tud_cdc_n_connected+0xe>
1000590e:	2000      	movs	r0, #0
10005910:	bd10      	pop	{r4, pc}
10005912:	f7ff f983 	bl	10004c1c <tud_suspended>
10005916:	2800      	cmp	r0, #0
10005918:	d1f9      	bne.n	1000590e <tud_cdc_n_connected+0xa>
1000591a:	22c8      	movs	r2, #200	@ 0xc8
1000591c:	4b03      	ldr	r3, [pc, #12]	@ (1000592c <tud_cdc_n_connected+0x28>)
1000591e:	fb02 3304 	mla	r3, r2, r4, r3
10005922:	7918      	ldrb	r0, [r3, #4]
10005924:	f000 0001 	and.w	r0, r0, #1
10005928:	bd10      	pop	{r4, pc}
1000592a:	bf00      	nop
1000592c:	200013b0 	.word	0x200013b0

10005930 <tud_cdc_n_available>:
10005930:	22c8      	movs	r2, #200	@ 0xc8
10005932:	b508      	push	{r3, lr}
10005934:	4b02      	ldr	r3, [pc, #8]	@ (10005940 <tud_cdc_n_available+0x10>)
10005936:	fb02 3000 	mla	r0, r2, r0, r3
1000593a:	f000 fb8d 	bl	10006058 <tu_fifo_count>
1000593e:	bd08      	pop	{r3, pc}
10005940:	200013c0 	.word	0x200013c0

10005944 <tud_cdc_n_read>:
10005944:	f64f 73ff 	movw	r3, #65535	@ 0xffff
10005948:	e92d 41f0 	stmdb	sp!, {r4, r5, r6, r7, r8, lr}
1000594c:	24c8      	movs	r4, #200	@ 0xc8
1000594e:	429a      	cmp	r2, r3
10005950:	bf28      	it	cs
10005952:	461a      	movcs	r2, r3
10005954:	fb00 f404 	mul.w	r4, r0, r4
10005958:	4d1b      	ldr	r5, [pc, #108]	@ (100059c8 <tud_cdc_n_read+0x84>)
1000595a:	f104 0310 	add.w	r3, r4, #16
1000595e:	b082      	sub	sp, #8
10005960:	4680      	mov	r8, r0
10005962:	b292      	uxth	r2, r2
10005964:	1958      	adds	r0, r3, r5
10005966:	195f      	adds	r7, r3, r5
10005968:	f000 fbf0 	bl	1000614c <tu_fifo_read_n>
1000596c:	4606      	mov	r6, r0
1000596e:	f7ff f94d 	bl	10004c0c <tud_mounted>
10005972:	b918      	cbnz	r0, 1000597c <tud_cdc_n_read+0x38>
10005974:	4630      	mov	r0, r6
10005976:	b002      	add	sp, #8
10005978:	e8bd 81f0 	ldmia.w	sp!, {r4, r5, r6, r7, r8, pc}
1000597c:	f7ff f94e 	bl	10004c1c <tud_suspended>
10005980:	2800      	cmp	r0, #0
10005982:	d1f7      	bne.n	10005974 <tud_cdc_n_read+0x30>
10005984:	4425      	add	r5, r4
10005986:	78ea      	ldrb	r2, [r5, #3]
10005988:	2a00      	cmp	r2, #0
1000598a:	d0f3      	beq.n	10005974 <tud_cdc_n_read+0x30>
1000598c:	9001      	str	r0, [sp, #4]
1000598e:	4638      	mov	r0, r7
10005990:	f000 fb7c 	bl	1000608c <tu_fifo_remaining>
10005994:	283f      	cmp	r0, #63	@ 0x3f
10005996:	d9ed      	bls.n	10005974 <tud_cdc_n_read+0x30>
10005998:	9801      	ldr	r0, [sp, #4]
1000599a:	78e9      	ldrb	r1, [r5, #3]
1000599c:	f7ff fe00 	bl	100055a0 <usbd_edpt_claim>
100059a0:	2800      	cmp	r0, #0
100059a2:	d0e7      	beq.n	10005974 <tud_cdc_n_read+0x30>
100059a4:	4638      	mov	r0, r7
100059a6:	f000 fb71 	bl	1000608c <tu_fifo_remaining>
100059aa:	283f      	cmp	r0, #63	@ 0x3f
100059ac:	78e9      	ldrb	r1, [r5, #3]
100059ae:	d907      	bls.n	100059c0 <tud_cdc_n_read+0x7c>
100059b0:	4a06      	ldr	r2, [pc, #24]	@ (100059cc <tud_cdc_n_read+0x88>)
100059b2:	2340      	movs	r3, #64	@ 0x40
100059b4:	9801      	ldr	r0, [sp, #4]
100059b6:	eb02 12c8 	add.w	r2, r2, r8, lsl #7
100059ba:	f7ff fe15 	bl	100055e8 <usbd_edpt_xfer>
100059be:	e7d9      	b.n	10005974 <tud_cdc_n_read+0x30>
100059c0:	9801      	ldr	r0, [sp, #4]
100059c2:	f7ff fdff 	bl	100055c4 <usbd_edpt_release>
100059c6:	e7d5      	b.n	10005974 <tud_cdc_n_read+0x30>
100059c8:	200013b0 	.word	0x200013b0
100059cc:	20001604 	.word	0x20001604

100059d0 <tud_cdc_n_write_flush>:
100059d0:	b5f0      	push	{r4, r5, r6, r7, lr}
100059d2:	b083      	sub	sp, #12
100059d4:	4605      	mov	r5, r0
100059d6:	f7ff f919 	bl	10004c0c <tud_mounted>
100059da:	b910      	cbnz	r0, 100059e2 <tud_cdc_n_write_flush+0x12>
100059dc:	2000      	movs	r0, #0
100059de:	b003      	add	sp, #12
100059e0:	bdf0      	pop	{r4, r5, r6, r7, pc}
100059e2:	f7ff f91b 	bl	10004c1c <tud_suspended>
100059e6:	4604      	mov	r4, r0
100059e8:	2800      	cmp	r0, #0
100059ea:	d1f7      	bne.n	100059dc <tud_cdc_n_write_flush+0xc>
100059ec:	23c8      	movs	r3, #200	@ 0xc8
100059ee:	fb05 f303 	mul.w	r3, r5, r3
100059f2:	4a1a      	ldr	r2, [pc, #104]	@ (10005a5c <tud_cdc_n_write_flush+0x8c>)
100059f4:	f103 0124 	add.w	r1, r3, #36	@ 0x24
100059f8:	188f      	adds	r7, r1, r2
100059fa:	4638      	mov	r0, r7
100059fc:	9300      	str	r3, [sp, #0]
100059fe:	f000 fb2b 	bl	10006058 <tu_fifo_count>
10005a02:	2800      	cmp	r0, #0
10005a04:	d0ea      	beq.n	100059dc <tud_cdc_n_write_flush+0xc>
10005a06:	4a15      	ldr	r2, [pc, #84]	@ (10005a5c <tud_cdc_n_write_flush+0x8c>)
10005a08:	9b00      	ldr	r3, [sp, #0]
10005a0a:	4620      	mov	r0, r4
10005a0c:	18d6      	adds	r6, r2, r3
10005a0e:	78b1      	ldrb	r1, [r6, #2]
10005a10:	f7ff fdc6 	bl	100055a0 <usbd_edpt_claim>
10005a14:	2800      	cmp	r0, #0
10005a16:	d0e1      	beq.n	100059dc <tud_cdc_n_write_flush+0xc>
10005a18:	4911      	ldr	r1, [pc, #68]	@ (10005a60 <tud_cdc_n_write_flush+0x90>)
10005a1a:	4638      	mov	r0, r7
10005a1c:	eb01 11c5 	add.w	r1, r1, r5, lsl #7
10005a20:	2240      	movs	r2, #64	@ 0x40
10005a22:	9100      	str	r1, [sp, #0]
10005a24:	f000 fb92 	bl	1000614c <tu_fifo_read_n>
10005a28:	f896 c002 	ldrb.w	ip, [r6, #2]
10005a2c:	4603      	mov	r3, r0
10005a2e:	b170      	cbz	r0, 10005a4e <tud_cdc_n_write_flush+0x7e>
10005a30:	9001      	str	r0, [sp, #4]
10005a32:	4661      	mov	r1, ip
10005a34:	4620      	mov	r0, r4
10005a36:	9a00      	ldr	r2, [sp, #0]
10005a38:	f7ff fdd6 	bl	100055e8 <usbd_edpt_xfer>
10005a3c:	b958      	cbnz	r0, 10005a56 <tud_cdc_n_write_flush+0x86>
10005a3e:	f04f 23e0 	mov.w	r3, #3758153728	@ 0xe000e000
10005a42:	f8d3 3df0 	ldr.w	r3, [r3, #3568]	@ 0xdf0
10005a46:	07db      	lsls	r3, r3, #31
10005a48:	d5c8      	bpl.n	100059dc <tud_cdc_n_write_flush+0xc>
10005a4a:	be00      	bkpt	0x0000
10005a4c:	e7c6      	b.n	100059dc <tud_cdc_n_write_flush+0xc>
10005a4e:	4661      	mov	r1, ip
10005a50:	f7ff fdb8 	bl	100055c4 <usbd_edpt_release>
10005a54:	e7c2      	b.n	100059dc <tud_cdc_n_write_flush+0xc>
10005a56:	9801      	ldr	r0, [sp, #4]
10005a58:	e7c1      	b.n	100059de <tud_cdc_n_write_flush+0xe>
10005a5a:	bf00      	nop
10005a5c:	200013b0 	.word	0x200013b0
10005a60:	20001644 	.word	0x20001644

10005a64 <tud_cdc_n_write>:
10005a64:	b570      	push	{r4, r5, r6, lr}
10005a66:	4605      	mov	r5, r0
10005a68:	f64f 70ff 	movw	r0, #65535	@ 0xffff
10005a6c:	23c8      	movs	r3, #200	@ 0xc8
10005a6e:	4282      	cmp	r2, r0
10005a70:	bf28      	it	cs
10005a72:	4602      	movcs	r2, r0
10005a74:	4c09      	ldr	r4, [pc, #36]	@ (10005a9c <tud_cdc_n_write+0x38>)
10005a76:	b292      	uxth	r2, r2
10005a78:	fb03 4405 	mla	r4, r3, r5, r4
10005a7c:	4620      	mov	r0, r4
10005a7e:	f000 fc29 	bl	100062d4 <tu_fifo_write_n>
10005a82:	4606      	mov	r6, r0
10005a84:	4620      	mov	r0, r4
10005a86:	f000 fae7 	bl	10006058 <tu_fifo_count>
10005a8a:	283f      	cmp	r0, #63	@ 0x3f
10005a8c:	d801      	bhi.n	10005a92 <tud_cdc_n_write+0x2e>
10005a8e:	4630      	mov	r0, r6
10005a90:	bd70      	pop	{r4, r5, r6, pc}
10005a92:	4628      	mov	r0, r5
10005a94:	f7ff ff9c 	bl	100059d0 <tud_cdc_n_write_flush>
10005a98:	4630      	mov	r0, r6
10005a9a:	bd70      	pop	{r4, r5, r6, pc}
10005a9c:	200013d4 	.word	0x200013d4

10005aa0 <tud_cdc_n_write_available>:
10005aa0:	22c8      	movs	r2, #200	@ 0xc8
10005aa2:	b508      	push	{r3, lr}
10005aa4:	4b02      	ldr	r3, [pc, #8]	@ (10005ab0 <tud_cdc_n_write_available+0x10>)
10005aa6:	fb02 3000 	mla	r0, r2, r0, r3
10005aaa:	f000 faef 	bl	1000608c <tu_fifo_remaining>
10005aae:	bd08      	pop	{r3, pc}
10005ab0:	200013d4 	.word	0x200013d4

10005ab4 <cdcd_init>:
10005ab4:	b570      	push	{r4, r5, r6, lr}
10005ab6:	2400      	movs	r4, #0
10005ab8:	b082      	sub	sp, #8
10005aba:	22c8      	movs	r2, #200	@ 0xc8
10005abc:	2100      	movs	r1, #0
10005abe:	4818      	ldr	r0, [pc, #96]	@ (10005b20 <cdcd_init+0x6c>)
10005ac0:	f000 fd1a 	bl	100064f8 <__memset_veneer>
10005ac4:	23ff      	movs	r3, #255	@ 0xff
10005ac6:	f44f 31e1 	mov.w	r1, #115200	@ 0x1c200
10005aca:	2208      	movs	r2, #8
10005acc:	4815      	ldr	r0, [pc, #84]	@ (10005b24 <cdcd_init+0x70>)
10005ace:	7004      	strb	r4, [r0, #0]
10005ad0:	4813      	ldr	r0, [pc, #76]	@ (10005b20 <cdcd_init+0x6c>)
10005ad2:	9400      	str	r4, [sp, #0]
10005ad4:	4606      	mov	r6, r0
10005ad6:	7143      	strb	r3, [r0, #5]
10005ad8:	6081      	str	r1, [r0, #8]
10005ada:	7382      	strb	r2, [r0, #14]
10005adc:	f100 0138 	add.w	r1, r0, #56	@ 0x38
10005ae0:	2301      	movs	r3, #1
10005ae2:	2240      	movs	r2, #64	@ 0x40
10005ae4:	3010      	adds	r0, #16
10005ae6:	f000 fa87 	bl	10005ff8 <tu_fifo_config>
10005aea:	2301      	movs	r3, #1
10005aec:	2240      	movs	r2, #64	@ 0x40
10005aee:	f106 0178 	add.w	r1, r6, #120	@ 0x78
10005af2:	9300      	str	r3, [sp, #0]
10005af4:	f106 05b8 	add.w	r5, r6, #184	@ 0xb8
10005af8:	f106 0024 	add.w	r0, r6, #36	@ 0x24
10005afc:	f000 fa7c 	bl	10005ff8 <tu_fifo_config>
10005b00:	4628      	mov	r0, r5
10005b02:	f7fb fcd5 	bl	100014b0 <mutex_init>
10005b06:	f106 00c0 	add.w	r0, r6, #192	@ 0xc0
10005b0a:	f7fb fcd1 	bl	100014b0 <mutex_init>
10005b0e:	f106 00c0 	add.w	r0, r6, #192	@ 0xc0
10005b12:	e9c6 4507 	strd	r4, r5, [r6, #28]
10005b16:	e9c6 040c 	strd	r0, r4, [r6, #48]	@ 0x30
10005b1a:	b002      	add	sp, #8
10005b1c:	bd70      	pop	{r4, r5, r6, pc}
10005b1e:	bf00      	nop
10005b20:	200013b0 	.word	0x200013b0
10005b24:	20001684 	.word	0x20001684

10005b28 <cdcd_deinit>:
10005b28:	4b0a      	ldr	r3, [pc, #40]	@ (10005b54 <cdcd_deinit+0x2c>)
10005b2a:	6b19      	ldr	r1, [r3, #48]	@ 0x30
10005b2c:	6a1a      	ldr	r2, [r3, #32]
10005b2e:	b161      	cbz	r1, 10005b4a <cdcd_deinit+0x22>
10005b30:	b13a      	cbz	r2, 10005b42 <cdcd_deinit+0x1a>
10005b32:	2200      	movs	r2, #0
10005b34:	e9c3 220c 	strd	r2, r2, [r3, #48]	@ 0x30
10005b38:	61da      	str	r2, [r3, #28]
10005b3a:	2200      	movs	r2, #0
10005b3c:	621a      	str	r2, [r3, #32]
10005b3e:	2001      	movs	r0, #1
10005b40:	4770      	bx	lr
10005b42:	2001      	movs	r0, #1
10005b44:	e9c3 220c 	strd	r2, r2, [r3, #48]	@ 0x30
10005b48:	4770      	bx	lr
10005b4a:	2a00      	cmp	r2, #0
10005b4c:	d0f7      	beq.n	10005b3e <cdcd_deinit+0x16>
10005b4e:	61d9      	str	r1, [r3, #28]
10005b50:	e7f3      	b.n	10005b3a <cdcd_deinit+0x12>
10005b52:	bf00      	nop
10005b54:	200013b0 	.word	0x200013b0

10005b58 <cdcd_reset>:
10005b58:	2200      	movs	r2, #0
10005b5a:	4910      	ldr	r1, [pc, #64]	@ (10005b9c <cdcd_reset+0x44>)
10005b5c:	b508      	push	{r3, lr}
10005b5e:	4810      	ldr	r0, [pc, #64]	@ (10005ba0 <cdcd_reset+0x48>)
10005b60:	780b      	ldrb	r3, [r1, #0]
10005b62:	6002      	str	r2, [r0, #0]
10005b64:	7102      	strb	r2, [r0, #4]
10005b66:	07da      	lsls	r2, r3, #31
10005b68:	d507      	bpl.n	10005b7a <cdcd_reset+0x22>
10005b6a:	079b      	lsls	r3, r3, #30
10005b6c:	d50c      	bpl.n	10005b88 <cdcd_reset+0x30>
10005b6e:	e8bd 4008 	ldmia.w	sp!, {r3, lr}
10005b72:	2101      	movs	r1, #1
10005b74:	480b      	ldr	r0, [pc, #44]	@ (10005ba4 <cdcd_reset+0x4c>)
10005b76:	f000 bc71 	b.w	1000645c <tu_fifo_set_overwritable>
10005b7a:	3010      	adds	r0, #16
10005b7c:	f000 fc52 	bl	10006424 <tu_fifo_clear>
10005b80:	4906      	ldr	r1, [pc, #24]	@ (10005b9c <cdcd_reset+0x44>)
10005b82:	780b      	ldrb	r3, [r1, #0]
10005b84:	079b      	lsls	r3, r3, #30
10005b86:	d4f2      	bmi.n	10005b6e <cdcd_reset+0x16>
10005b88:	4806      	ldr	r0, [pc, #24]	@ (10005ba4 <cdcd_reset+0x4c>)
10005b8a:	f000 fc4b 	bl	10006424 <tu_fifo_clear>
10005b8e:	e8bd 4008 	ldmia.w	sp!, {r3, lr}
10005b92:	2101      	movs	r1, #1
10005b94:	4803      	ldr	r0, [pc, #12]	@ (10005ba4 <cdcd_reset+0x4c>)
10005b96:	f000 bc61 	b.w	1000645c <tu_fifo_set_overwritable>
10005b9a:	bf00      	nop
10005b9c:	20001684 	.word	0x20001684
10005ba0:	200013b0 	.word	0x200013b0
10005ba4:	200013d4 	.word	0x200013d4

10005ba8 <cdcd_open>:
10005ba8:	b570      	push	{r4, r5, r6, lr}
10005baa:	794b      	ldrb	r3, [r1, #5]
10005bac:	b084      	sub	sp, #16
10005bae:	2b02      	cmp	r3, #2
10005bb0:	d102      	bne.n	10005bb8 <cdcd_open+0x10>
10005bb2:	798b      	ldrb	r3, [r1, #6]
10005bb4:	2b02      	cmp	r3, #2
10005bb6:	d003      	beq.n	10005bc0 <cdcd_open+0x18>
10005bb8:	2400      	movs	r4, #0
10005bba:	4620      	mov	r0, r4
10005bbc:	b004      	add	sp, #16
10005bbe:	bd70      	pop	{r4, r5, r6, pc}
10005bc0:	4b2b      	ldr	r3, [pc, #172]	@ (10005c70 <cdcd_open+0xc8>)
10005bc2:	789b      	ldrb	r3, [r3, #2]
10005bc4:	b13b      	cbz	r3, 10005bd6 <cdcd_open+0x2e>
10005bc6:	f04f 23e0 	mov.w	r3, #3758153728	@ 0xe000e000
10005bca:	f8d3 3df0 	ldr.w	r3, [r3, #3568]	@ 0xdf0
10005bce:	07db      	lsls	r3, r3, #31
10005bd0:	d5f2      	bpl.n	10005bb8 <cdcd_open+0x10>
10005bd2:	be00      	bkpt	0x0000
10005bd4:	e7f0      	b.n	10005bb8 <cdcd_open+0x10>
10005bd6:	788b      	ldrb	r3, [r1, #2]
10005bd8:	4605      	mov	r5, r0
10005bda:	4825      	ldr	r0, [pc, #148]	@ (10005c70 <cdcd_open+0xc8>)
10005bdc:	7003      	strb	r3, [r0, #0]
10005bde:	780b      	ldrb	r3, [r1, #0]
10005be0:	4419      	add	r1, r3
10005be2:	f891 c001 	ldrb.w	ip, [r1, #1]
10005be6:	f1bc 0f24 	cmp.w	ip, #36	@ 0x24
10005bea:	bf08      	it	eq
10005bec:	2409      	moveq	r4, #9
10005bee:	d009      	beq.n	10005c04 <cdcd_open+0x5c>
10005bf0:	e03b      	b.n	10005c6a <cdcd_open+0xc2>
10005bf2:	780b      	ldrb	r3, [r1, #0]
10005bf4:	4419      	add	r1, r3
10005bf6:	f891 c001 	ldrb.w	ip, [r1, #1]
10005bfa:	4423      	add	r3, r4
10005bfc:	f1bc 0f24 	cmp.w	ip, #36	@ 0x24
10005c00:	b29c      	uxth	r4, r3
10005c02:	d107      	bne.n	10005c14 <cdcd_open+0x6c>
10005c04:	4294      	cmp	r4, r2
10005c06:	d9f4      	bls.n	10005bf2 <cdcd_open+0x4a>
10005c08:	2000      	movs	r0, #0
10005c0a:	f7ff fe3b 	bl	10005884 <_prep_out_transaction.isra.0>
10005c0e:	4620      	mov	r0, r4
10005c10:	b004      	add	sp, #16
10005c12:	bd70      	pop	{r4, r5, r6, pc}
10005c14:	4663      	mov	r3, ip
10005c16:	f1bc 0f05 	cmp.w	ip, #5
10005c1a:	d016      	beq.n	10005c4a <cdcd_open+0xa2>
10005c1c:	2b04      	cmp	r3, #4
10005c1e:	d1f3      	bne.n	10005c08 <cdcd_open+0x60>
10005c20:	794b      	ldrb	r3, [r1, #5]
10005c22:	2b0a      	cmp	r3, #10
10005c24:	d1f0      	bne.n	10005c08 <cdcd_open+0x60>
10005c26:	4b13      	ldr	r3, [pc, #76]	@ (10005c74 <cdcd_open+0xcc>)
10005c28:	780a      	ldrb	r2, [r1, #0]
10005c2a:	9301      	str	r3, [sp, #4]
10005c2c:	3301      	adds	r3, #1
10005c2e:	9300      	str	r3, [sp, #0]
10005c30:	2302      	movs	r3, #2
10005c32:	4616      	mov	r6, r2
10005c34:	4411      	add	r1, r2
10005c36:	4628      	mov	r0, r5
10005c38:	461a      	mov	r2, r3
10005c3a:	f7ff fc33 	bl	100054a4 <usbd_open_edpt_pair>
10005c3e:	2800      	cmp	r0, #0
10005c40:	d0c1      	beq.n	10005bc6 <cdcd_open+0x1e>
10005c42:	340e      	adds	r4, #14
10005c44:	1933      	adds	r3, r6, r4
10005c46:	b29c      	uxth	r4, r3
10005c48:	e7de      	b.n	10005c08 <cdcd_open+0x60>
10005c4a:	4628      	mov	r0, r5
10005c4c:	9103      	str	r1, [sp, #12]
10005c4e:	f7ff fc79 	bl	10005544 <usbd_edpt_open>
10005c52:	9903      	ldr	r1, [sp, #12]
10005c54:	2800      	cmp	r0, #0
10005c56:	d0b6      	beq.n	10005bc6 <cdcd_open+0x1e>
10005c58:	788b      	ldrb	r3, [r1, #2]
10005c5a:	4a05      	ldr	r2, [pc, #20]	@ (10005c70 <cdcd_open+0xc8>)
10005c5c:	7053      	strb	r3, [r2, #1]
10005c5e:	780b      	ldrb	r3, [r1, #0]
10005c60:	191a      	adds	r2, r3, r4
10005c62:	4419      	add	r1, r3
10005c64:	784b      	ldrb	r3, [r1, #1]
10005c66:	b294      	uxth	r4, r2
10005c68:	e7d8      	b.n	10005c1c <cdcd_open+0x74>
10005c6a:	4663      	mov	r3, ip
10005c6c:	2409      	movs	r4, #9
10005c6e:	e7d2      	b.n	10005c16 <cdcd_open+0x6e>
10005c70:	200013b0 	.word	0x200013b0
10005c74:	200013b2 	.word	0x200013b2

10005c78 <cdcd_control_xfer_cb>:
10005c78:	7813      	ldrb	r3, [r2, #0]
10005c7a:	f003 0360 	and.w	r3, r3, #96	@ 0x60
10005c7e:	2b20      	cmp	r3, #32
10005c80:	d10b      	bne.n	10005c9a <cdcd_control_xfer_cb+0x22>
10005c82:	b500      	push	{lr}
10005c84:	f8df c0bc 	ldr.w	ip, [pc, #188]	@ 10005d44 <cdcd_control_xfer_cb+0xcc>
10005c88:	8893      	ldrh	r3, [r2, #4]
10005c8a:	f89c e000 	ldrb.w	lr, [ip]
10005c8e:	b083      	sub	sp, #12
10005c90:	459e      	cmp	lr, r3
10005c92:	d004      	beq.n	10005c9e <cdcd_control_xfer_cb+0x26>
10005c94:	2000      	movs	r0, #0
10005c96:	b003      	add	sp, #12
10005c98:	bd00      	pop	{pc}
10005c9a:	2000      	movs	r0, #0
10005c9c:	4770      	bx	lr
10005c9e:	7853      	ldrb	r3, [r2, #1]
10005ca0:	3b20      	subs	r3, #32
10005ca2:	2b03      	cmp	r3, #3
10005ca4:	d8f6      	bhi.n	10005c94 <cdcd_control_xfer_cb+0x1c>
10005ca6:	e8df f003 	tbb	[pc, r3]
10005caa:	272c      	.short	0x272c
10005cac:	020d      	.short	0x020d
10005cae:	2901      	cmp	r1, #1
10005cb0:	d033      	beq.n	10005d1a <cdcd_control_xfer_cb+0xa2>
10005cb2:	2903      	cmp	r1, #3
10005cb4:	d122      	bne.n	10005cfc <cdcd_control_xfer_cb+0x84>
10005cb6:	4b1e      	ldr	r3, [pc, #120]	@ (10005d30 <cdcd_control_xfer_cb+0xb8>)
10005cb8:	b303      	cbz	r3, 10005cfc <cdcd_control_xfer_cb+0x84>
10005cba:	2000      	movs	r0, #0
10005cbc:	8851      	ldrh	r1, [r2, #2]
10005cbe:	f3af 8000 	nop.w
10005cc2:	e01b      	b.n	10005cfc <cdcd_control_xfer_cb+0x84>
10005cc4:	2901      	cmp	r1, #1
10005cc6:	d028      	beq.n	10005d1a <cdcd_control_xfer_cb+0xa2>
10005cc8:	2903      	cmp	r1, #3
10005cca:	d117      	bne.n	10005cfc <cdcd_control_xfer_cb+0x84>
10005ccc:	8852      	ldrh	r2, [r2, #2]
10005cce:	4819      	ldr	r0, [pc, #100]	@ (10005d34 <cdcd_control_xfer_cb+0xbc>)
10005cd0:	f002 0301 	and.w	r3, r2, #1
10005cd4:	f083 0101 	eor.w	r1, r3, #1
10005cd8:	9301      	str	r3, [sp, #4]
10005cda:	f88c 2004 	strb.w	r2, [ip, #4]
10005cde:	9200      	str	r2, [sp, #0]
10005ce0:	f000 fbbc 	bl	1000645c <tu_fifo_set_overwritable>
10005ce4:	4914      	ldr	r1, [pc, #80]	@ (10005d38 <cdcd_control_xfer_cb+0xc0>)
10005ce6:	b149      	cbz	r1, 10005cfc <cdcd_control_xfer_cb+0x84>
10005ce8:	9a00      	ldr	r2, [sp, #0]
10005cea:	2000      	movs	r0, #0
10005cec:	9901      	ldr	r1, [sp, #4]
10005cee:	f3c2 0240 	ubfx	r2, r2, #1, #1
10005cf2:	f3af 8000 	nop.w
10005cf6:	e001      	b.n	10005cfc <cdcd_control_xfer_cb+0x84>
10005cf8:	2901      	cmp	r1, #1
10005cfa:	d012      	beq.n	10005d22 <cdcd_control_xfer_cb+0xaa>
10005cfc:	2001      	movs	r0, #1
10005cfe:	b003      	add	sp, #12
10005d00:	bd00      	pop	{pc}
10005d02:	2901      	cmp	r1, #1
10005d04:	d00d      	beq.n	10005d22 <cdcd_control_xfer_cb+0xaa>
10005d06:	2903      	cmp	r1, #3
10005d08:	d1f8      	bne.n	10005cfc <cdcd_control_xfer_cb+0x84>
10005d0a:	4b0c      	ldr	r3, [pc, #48]	@ (10005d3c <cdcd_control_xfer_cb+0xc4>)
10005d0c:	2b00      	cmp	r3, #0
10005d0e:	d0f5      	beq.n	10005cfc <cdcd_control_xfer_cb+0x84>
10005d10:	2000      	movs	r0, #0
10005d12:	490b      	ldr	r1, [pc, #44]	@ (10005d40 <cdcd_control_xfer_cb+0xc8>)
10005d14:	f7fe fda8 	bl	10004868 <tud_cdc_line_coding_cb>
10005d18:	e7f0      	b.n	10005cfc <cdcd_control_xfer_cb+0x84>
10005d1a:	4611      	mov	r1, r2
10005d1c:	f7ff fc9c 	bl	10005658 <tud_control_status>
10005d20:	e7ec      	b.n	10005cfc <cdcd_control_xfer_cb+0x84>
10005d22:	4611      	mov	r1, r2
10005d24:	2307      	movs	r3, #7
10005d26:	4a06      	ldr	r2, [pc, #24]	@ (10005d40 <cdcd_control_xfer_cb+0xc8>)
10005d28:	f7ff fcb2 	bl	10005690 <tud_control_xfer>
10005d2c:	e7e6      	b.n	10005cfc <cdcd_control_xfer_cb+0x84>
10005d2e:	bf00      	nop
10005d30:	00000000 	.word	0x00000000
10005d34:	200013d4 	.word	0x200013d4
10005d38:	00000000 	.word	0x00000000
10005d3c:	10004869 	.word	0x10004869
10005d40:	200013b8 	.word	0x200013b8
10005d44:	200013b0 	.word	0x200013b0

10005d48 <cdcd_xfer_cb>:
10005d48:	e92d 41f0 	stmdb	sp!, {r4, r5, r6, r7, r8, lr}
10005d4c:	4c35      	ldr	r4, [pc, #212]	@ (10005e24 <cdcd_xfer_cb+0xdc>)
10005d4e:	460d      	mov	r5, r1
10005d50:	78e2      	ldrb	r2, [r4, #3]
10005d52:	4607      	mov	r7, r0
10005d54:	428a      	cmp	r2, r1
10005d56:	461e      	mov	r6, r3
10005d58:	b082      	sub	sp, #8
10005d5a:	d02f      	beq.n	10005dbc <cdcd_xfer_cb+0x74>
10005d5c:	78a3      	ldrb	r3, [r4, #2]
10005d5e:	428b      	cmp	r3, r1
10005d60:	d009      	beq.n	10005d76 <cdcd_xfer_cb+0x2e>
10005d62:	f04f 23e0 	mov.w	r3, #3758153728	@ 0xe000e000
10005d66:	f8d3 3df0 	ldr.w	r3, [r3, #3568]	@ 0xdf0
10005d6a:	07db      	lsls	r3, r3, #31
10005d6c:	d424      	bmi.n	10005db8 <cdcd_xfer_cb+0x70>
10005d6e:	2000      	movs	r0, #0
10005d70:	b002      	add	sp, #8
10005d72:	e8bd 81f0 	ldmia.w	sp!, {r4, r5, r6, r7, r8, pc}
10005d76:	4b2c      	ldr	r3, [pc, #176]	@ (10005e28 <cdcd_xfer_cb+0xe0>)
10005d78:	b113      	cbz	r3, 10005d80 <cdcd_xfer_cb+0x38>
10005d7a:	2000      	movs	r0, #0
10005d7c:	f3af 8000 	nop.w
10005d80:	2000      	movs	r0, #0
10005d82:	f7ff fe25 	bl	100059d0 <tud_cdc_n_write_flush>
10005d86:	2800      	cmp	r0, #0
10005d88:	d147      	bne.n	10005e1a <cdcd_xfer_cb+0xd2>
10005d8a:	4828      	ldr	r0, [pc, #160]	@ (10005e2c <cdcd_xfer_cb+0xe4>)
10005d8c:	f000 f964 	bl	10006058 <tu_fifo_count>
10005d90:	2800      	cmp	r0, #0
10005d92:	d142      	bne.n	10005e1a <cdcd_xfer_cb+0xd2>
10005d94:	2e00      	cmp	r6, #0
10005d96:	d040      	beq.n	10005e1a <cdcd_xfer_cb+0xd2>
10005d98:	f016 053f 	ands.w	r5, r6, #63	@ 0x3f
10005d9c:	d13d      	bne.n	10005e1a <cdcd_xfer_cb+0xd2>
10005d9e:	4638      	mov	r0, r7
10005da0:	78a1      	ldrb	r1, [r4, #2]
10005da2:	f7ff fbfd 	bl	100055a0 <usbd_edpt_claim>
10005da6:	2800      	cmp	r0, #0
10005da8:	d037      	beq.n	10005e1a <cdcd_xfer_cb+0xd2>
10005daa:	462b      	mov	r3, r5
10005dac:	462a      	mov	r2, r5
10005dae:	4638      	mov	r0, r7
10005db0:	78a1      	ldrb	r1, [r4, #2]
10005db2:	f7ff fc19 	bl	100055e8 <usbd_edpt_xfer>
10005db6:	e030      	b.n	10005e1a <cdcd_xfer_cb+0xd2>
10005db8:	be00      	bkpt	0x0000
10005dba:	e7d8      	b.n	10005d6e <cdcd_xfer_cb+0x26>
10005dbc:	b29a      	uxth	r2, r3
10005dbe:	491c      	ldr	r1, [pc, #112]	@ (10005e30 <cdcd_xfer_cb+0xe8>)
10005dc0:	f104 0010 	add.w	r0, r4, #16
10005dc4:	f000 fa86 	bl	100062d4 <tu_fifo_write_n>
10005dc8:	4b1a      	ldr	r3, [pc, #104]	@ (10005e34 <cdcd_xfer_cb+0xec>)
10005dca:	b1d3      	cbz	r3, 10005e02 <cdcd_xfer_cb+0xba>
10005dcc:	7962      	ldrb	r2, [r4, #5]
10005dce:	2aff      	cmp	r2, #255	@ 0xff
10005dd0:	d017      	beq.n	10005e02 <cdcd_xfer_cb+0xba>
10005dd2:	b1b6      	cbz	r6, 10005e02 <cdcd_xfer_cb+0xba>
10005dd4:	4b16      	ldr	r3, [pc, #88]	@ (10005e30 <cdcd_xfer_cb+0xe8>)
10005dd6:	eb03 0806 	add.w	r8, r3, r6
10005dda:	e002      	b.n	10005de2 <cdcd_xfer_cb+0x9a>
10005ddc:	4543      	cmp	r3, r8
10005dde:	d010      	beq.n	10005e02 <cdcd_xfer_cb+0xba>
10005de0:	7962      	ldrb	r2, [r4, #5]
10005de2:	f813 1b01 	ldrb.w	r1, [r3], #1
10005de6:	4291      	cmp	r1, r2
10005de8:	d1f8      	bne.n	10005ddc <cdcd_xfer_cb+0x94>
10005dea:	4813      	ldr	r0, [pc, #76]	@ (10005e38 <cdcd_xfer_cb+0xf0>)
10005dec:	9301      	str	r3, [sp, #4]
10005dee:	f000 f943 	bl	10006078 <tu_fifo_empty>
10005df2:	9b01      	ldr	r3, [sp, #4]
10005df4:	2800      	cmp	r0, #0
10005df6:	d1f1      	bne.n	10005ddc <cdcd_xfer_cb+0x94>
10005df8:	7961      	ldrb	r1, [r4, #5]
10005dfa:	f3af 8000 	nop.w
10005dfe:	9b01      	ldr	r3, [sp, #4]
10005e00:	e7ec      	b.n	10005ddc <cdcd_xfer_cb+0x94>
10005e02:	4b0e      	ldr	r3, [pc, #56]	@ (10005e3c <cdcd_xfer_cb+0xf4>)
10005e04:	b11b      	cbz	r3, 10005e0e <cdcd_xfer_cb+0xc6>
10005e06:	480c      	ldr	r0, [pc, #48]	@ (10005e38 <cdcd_xfer_cb+0xf0>)
10005e08:	f000 f936 	bl	10006078 <tu_fifo_empty>
10005e0c:	b138      	cbz	r0, 10005e1e <cdcd_xfer_cb+0xd6>
10005e0e:	2000      	movs	r0, #0
10005e10:	f7ff fd38 	bl	10005884 <_prep_out_transaction.isra.0>
10005e14:	78a3      	ldrb	r3, [r4, #2]
10005e16:	42ab      	cmp	r3, r5
10005e18:	d0ad      	beq.n	10005d76 <cdcd_xfer_cb+0x2e>
10005e1a:	2001      	movs	r0, #1
10005e1c:	e7a8      	b.n	10005d70 <cdcd_xfer_cb+0x28>
10005e1e:	f3af 8000 	nop.w
10005e22:	e7f4      	b.n	10005e0e <cdcd_xfer_cb+0xc6>
10005e24:	200013b0 	.word	0x200013b0
10005e28:	00000000 	.word	0x00000000
10005e2c:	200013d4 	.word	0x200013d4
10005e30:	20001604 	.word	0x20001604
10005e34:	00000000 	.word	0x00000000
10005e38:	200013c0 	.word	0x200013c0
10005e3c:	00000000 	.word	0x00000000

10005e40 <tusb_rhport_init>:
10005e40:	b500      	push	{lr}
10005e42:	b083      	sub	sp, #12
10005e44:	b1d9      	cbz	r1, 10005e7e <tusb_rhport_init+0x3e>
10005e46:	2801      	cmp	r0, #1
10005e48:	d80e      	bhi.n	10005e68 <tusb_rhport_init+0x28>
10005e4a:	780b      	ldrb	r3, [r1, #0]
10005e4c:	b163      	cbz	r3, 10005e68 <tusb_rhport_init+0x28>
10005e4e:	f8df c058 	ldr.w	ip, [pc, #88]	@ 10005ea8 <tusb_rhport_init+0x68>
10005e52:	2b01      	cmp	r3, #1
10005e54:	f80c 3000 	strb.w	r3, [ip, r0]
10005e58:	d002      	beq.n	10005e60 <tusb_rhport_init+0x20>
10005e5a:	2001      	movs	r0, #1
10005e5c:	b003      	add	sp, #12
10005e5e:	bd00      	pop	{pc}
10005e60:	f7fe fee4 	bl	10004c2c <tud_rhport_init>
10005e64:	2800      	cmp	r0, #0
10005e66:	d1f8      	bne.n	10005e5a <tusb_rhport_init+0x1a>
10005e68:	f04f 23e0 	mov.w	r3, #3758153728	@ 0xe000e000
10005e6c:	f8d3 3df0 	ldr.w	r3, [r3, #3568]	@ 0xdf0
10005e70:	07db      	lsls	r3, r3, #31
10005e72:	d402      	bmi.n	10005e7a <tusb_rhport_init+0x3a>
10005e74:	2000      	movs	r0, #0
10005e76:	b003      	add	sp, #12
10005e78:	bd00      	pop	{pc}
10005e7a:	be00      	bkpt	0x0000
10005e7c:	e7fa      	b.n	10005e74 <tusb_rhport_init+0x34>
10005e7e:	2201      	movs	r2, #1
10005e80:	4608      	mov	r0, r1
10005e82:	a901      	add	r1, sp, #4
10005e84:	f8ad 2004 	strh.w	r2, [sp, #4]
10005e88:	f7fe fed0 	bl	10004c2c <tud_rhport_init>
10005e8c:	2201      	movs	r2, #1
10005e8e:	b938      	cbnz	r0, 10005ea0 <tusb_rhport_init+0x60>
10005e90:	f04f 23e0 	mov.w	r3, #3758153728	@ 0xe000e000
10005e94:	f8d3 3df0 	ldr.w	r3, [r3, #3568]	@ 0xdf0
10005e98:	07da      	lsls	r2, r3, #31
10005e9a:	d5ec      	bpl.n	10005e76 <tusb_rhport_init+0x36>
10005e9c:	be00      	bkpt	0x0000
10005e9e:	e7ea      	b.n	10005e76 <tusb_rhport_init+0x36>
10005ea0:	4b01      	ldr	r3, [pc, #4]	@ (10005ea8 <tusb_rhport_init+0x68>)
10005ea2:	701a      	strb	r2, [r3, #0]
10005ea4:	e7e7      	b.n	10005e76 <tusb_rhport_init+0x36>
10005ea6:	bf00      	nop
10005ea8:	200016fc 	.word	0x200016fc

10005eac <tu_edpt_claim>:
10005eac:	7803      	ldrb	r3, [r0, #0]
10005eae:	f013 0301 	ands.w	r3, r3, #1
10005eb2:	d11e      	bne.n	10005ef2 <tu_edpt_claim+0x46>
10005eb4:	b530      	push	{r4, r5, lr}
10005eb6:	4602      	mov	r2, r0
10005eb8:	7800      	ldrb	r0, [r0, #0]
10005eba:	b083      	sub	sp, #12
10005ebc:	4604      	mov	r4, r0
10005ebe:	0740      	lsls	r0, r0, #29
10005ec0:	d502      	bpl.n	10005ec8 <tu_edpt_claim+0x1c>
10005ec2:	4618      	mov	r0, r3
10005ec4:	b003      	add	sp, #12
10005ec6:	bd30      	pop	{r4, r5, pc}
10005ec8:	4608      	mov	r0, r1
10005eca:	460d      	mov	r5, r1
10005ecc:	f04f 31ff 	mov.w	r1, #4294967295	@ 0xffffffff
10005ed0:	9201      	str	r2, [sp, #4]
10005ed2:	f000 fb41 	bl	10006558 <__mutex_enter_timeout_ms_veneer>
10005ed6:	9a01      	ldr	r2, [sp, #4]
10005ed8:	7813      	ldrb	r3, [r2, #0]
10005eda:	f013 0301 	ands.w	r3, r3, #1
10005ede:	d10b      	bne.n	10005ef8 <tu_edpt_claim+0x4c>
10005ee0:	7811      	ldrb	r1, [r2, #0]
10005ee2:	0749      	lsls	r1, r1, #29
10005ee4:	d40a      	bmi.n	10005efc <tu_edpt_claim+0x50>
10005ee6:	7811      	ldrb	r1, [r2, #0]
10005ee8:	2301      	movs	r3, #1
10005eea:	f041 0104 	orr.w	r1, r1, #4
10005eee:	7011      	strb	r1, [r2, #0]
10005ef0:	e004      	b.n	10005efc <tu_edpt_claim+0x50>
10005ef2:	2300      	movs	r3, #0
10005ef4:	4618      	mov	r0, r3
10005ef6:	4770      	bx	lr
10005ef8:	f3c4 0380 	ubfx	r3, r4, #2, #1
10005efc:	4628      	mov	r0, r5
10005efe:	9301      	str	r3, [sp, #4]
10005f00:	f000 fafe 	bl	10006500 <__mutex_exit_veneer>
10005f04:	9b01      	ldr	r3, [sp, #4]
10005f06:	4618      	mov	r0, r3
10005f08:	b003      	add	sp, #12
10005f0a:	bd30      	pop	{r4, r5, pc}

10005f0c <tu_edpt_release>:
10005f0c:	b570      	push	{r4, r5, r6, lr}
10005f0e:	460d      	mov	r5, r1
10005f10:	4604      	mov	r4, r0
10005f12:	f04f 31ff 	mov.w	r1, #4294967295	@ 0xffffffff
10005f16:	4628      	mov	r0, r5
10005f18:	f000 fb1e 	bl	10006558 <__mutex_enter_timeout_ms_veneer>
10005f1c:	7823      	ldrb	r3, [r4, #0]
10005f1e:	f3c3 0680 	ubfx	r6, r3, #2, #1
10005f22:	075b      	lsls	r3, r3, #29
10005f24:	d508      	bpl.n	10005f38 <tu_edpt_release+0x2c>
10005f26:	7823      	ldrb	r3, [r4, #0]
10005f28:	f013 0301 	ands.w	r3, r3, #1
10005f2c:	bf11      	iteee	ne
10005f2e:	2600      	movne	r6, #0
10005f30:	7822      	ldrbeq	r2, [r4, #0]
10005f32:	f363 0282 	bfieq	r2, r3, #2, #1
10005f36:	7022      	strbeq	r2, [r4, #0]
10005f38:	4628      	mov	r0, r5
10005f3a:	f000 fae1 	bl	10006500 <__mutex_exit_veneer>
10005f3e:	4630      	mov	r0, r6
10005f40:	bd70      	pop	{r4, r5, r6, pc}
10005f42:	bf00      	nop

10005f44 <tu_edpt_validate>:
10005f44:	78c3      	ldrb	r3, [r0, #3]
10005f46:	8882      	ldrh	r2, [r0, #4]
10005f48:	f003 0003 	and.w	r0, r3, #3
10005f4c:	2802      	cmp	r0, #2
10005f4e:	f3c2 020a 	ubfx	r2, r2, #0, #11
10005f52:	d015      	beq.n	10005f80 <tu_edpt_validate+0x3c>
10005f54:	2803      	cmp	r0, #3
10005f56:	d00a      	beq.n	10005f6e <tu_edpt_validate+0x2a>
10005f58:	2801      	cmp	r0, #1
10005f5a:	d11c      	bne.n	10005f96 <tu_edpt_validate+0x52>
10005f5c:	2902      	cmp	r1, #2
10005f5e:	f240 33ff 	movw	r3, #1023	@ 0x3ff
10005f62:	bf08      	it	eq
10005f64:	f44f 6380 	moveq.w	r3, #1024	@ 0x400
10005f68:	4293      	cmp	r3, r2
10005f6a:	d30d      	bcc.n	10005f88 <tu_edpt_validate+0x44>
10005f6c:	4770      	bx	lr
10005f6e:	2902      	cmp	r1, #2
10005f70:	bf14      	ite	ne
10005f72:	2340      	movne	r3, #64	@ 0x40
10005f74:	f44f 6380 	moveq.w	r3, #1024	@ 0x400
10005f78:	4293      	cmp	r3, r2
10005f7a:	d305      	bcc.n	10005f88 <tu_edpt_validate+0x44>
10005f7c:	2001      	movs	r0, #1
10005f7e:	4770      	bx	lr
10005f80:	2902      	cmp	r1, #2
10005f82:	d00a      	beq.n	10005f9a <tu_edpt_validate+0x56>
10005f84:	2a40      	cmp	r2, #64	@ 0x40
10005f86:	d9f9      	bls.n	10005f7c <tu_edpt_validate+0x38>
10005f88:	f04f 23e0 	mov.w	r3, #3758153728	@ 0xe000e000
10005f8c:	f8d3 3df0 	ldr.w	r3, [r3, #3568]	@ 0xdf0
10005f90:	07db      	lsls	r3, r3, #31
10005f92:	d500      	bpl.n	10005f96 <tu_edpt_validate+0x52>
10005f94:	be00      	bkpt	0x0000
10005f96:	2000      	movs	r0, #0
10005f98:	4770      	bx	lr
10005f9a:	f5b2 7f00 	cmp.w	r2, #512	@ 0x200
10005f9e:	d0ed      	beq.n	10005f7c <tu_edpt_validate+0x38>
10005fa0:	e7f2      	b.n	10005f88 <tu_edpt_validate+0x44>
10005fa2:	bf00      	nop

10005fa4 <tu_edpt_bind_driver>:
10005fa4:	440a      	add	r2, r1
10005fa6:	4291      	cmp	r1, r2
10005fa8:	d225      	bcs.n	10005ff6 <tu_edpt_bind_driver+0x52>
10005faa:	f891 c001 	ldrb.w	ip, [r1, #1]
10005fae:	f1bc 0f05 	cmp.w	ip, #5
10005fb2:	d005      	beq.n	10005fc0 <tu_edpt_bind_driver+0x1c>
10005fb4:	f891 c000 	ldrb.w	ip, [r1]
10005fb8:	4461      	add	r1, ip
10005fba:	428a      	cmp	r2, r1
10005fbc:	d8f5      	bhi.n	10005faa <tu_edpt_bind_driver+0x6>
10005fbe:	4770      	bx	lr
10005fc0:	b500      	push	{lr}
10005fc2:	f891 c002 	ldrb.w	ip, [r1, #2]
10005fc6:	f00c 0e7f 	and.w	lr, ip, #127	@ 0x7f
10005fca:	eb00 0e4e 	add.w	lr, r0, lr, lsl #1
10005fce:	ea4f 1cdc 	mov.w	ip, ip, lsr #7
10005fd2:	f80e 300c 	strb.w	r3, [lr, ip]
10005fd6:	f891 c000 	ldrb.w	ip, [r1]
10005fda:	4461      	add	r1, ip
10005fdc:	428a      	cmp	r2, r1
10005fde:	d909      	bls.n	10005ff4 <tu_edpt_bind_driver+0x50>
10005fe0:	f891 c001 	ldrb.w	ip, [r1, #1]
10005fe4:	f1bc 0f05 	cmp.w	ip, #5
10005fe8:	d0eb      	beq.n	10005fc2 <tu_edpt_bind_driver+0x1e>
10005fea:	f891 c000 	ldrb.w	ip, [r1]
10005fee:	4461      	add	r1, ip
10005ff0:	428a      	cmp	r2, r1
10005ff2:	d8f5      	bhi.n	10005fe0 <tu_edpt_bind_driver+0x3c>
10005ff4:	bd00      	pop	{pc}
10005ff6:	4770      	bx	lr

10005ff8 <tu_fifo_config>:
10005ff8:	e92d 41f0 	stmdb	sp!, {r4, r5, r6, r7, r8, lr}
10005ffc:	f5b2 4f00 	cmp.w	r2, #32768	@ 0x8000
10006000:	f89d 5018 	ldrb.w	r5, [sp, #24]
10006004:	d824      	bhi.n	10006050 <tu_fifo_config+0x58>
10006006:	4604      	mov	r4, r0
10006008:	68c0      	ldr	r0, [r0, #12]
1000600a:	4698      	mov	r8, r3
1000600c:	460f      	mov	r7, r1
1000600e:	4616      	mov	r6, r2
10006010:	b118      	cbz	r0, 1000601a <tu_fifo_config+0x22>
10006012:	f04f 31ff 	mov.w	r1, #4294967295	@ 0xffffffff
10006016:	f000 fa9f 	bl	10006558 <__mutex_enter_timeout_ms_veneer>
1000601a:	6920      	ldr	r0, [r4, #16]
1000601c:	b118      	cbz	r0, 10006026 <tu_fifo_config+0x2e>
1000601e:	f04f 31ff 	mov.w	r1, #4294967295	@ 0xffffffff
10006022:	f000 fa99 	bl	10006558 <__mutex_enter_timeout_ms_veneer>
10006026:	2200      	movs	r2, #0
10006028:	f3c8 030e 	ubfx	r3, r8, #0, #15
1000602c:	68e0      	ldr	r0, [r4, #12]
1000602e:	ea43 33c5 	orr.w	r3, r3, r5, lsl #15
10006032:	8162      	strh	r2, [r4, #10]
10006034:	6027      	str	r7, [r4, #0]
10006036:	80a6      	strh	r6, [r4, #4]
10006038:	80e3      	strh	r3, [r4, #6]
1000603a:	8122      	strh	r2, [r4, #8]
1000603c:	b108      	cbz	r0, 10006042 <tu_fifo_config+0x4a>
1000603e:	f000 fa5f 	bl	10006500 <__mutex_exit_veneer>
10006042:	6920      	ldr	r0, [r4, #16]
10006044:	b108      	cbz	r0, 1000604a <tu_fifo_config+0x52>
10006046:	f000 fa5b 	bl	10006500 <__mutex_exit_veneer>
1000604a:	2001      	movs	r0, #1
1000604c:	e8bd 81f0 	ldmia.w	sp!, {r4, r5, r6, r7, r8, pc}
10006050:	2000      	movs	r0, #0
10006052:	e8bd 81f0 	ldmia.w	sp!, {r4, r5, r6, r7, r8, pc}
10006056:	bf00      	nop

10006058 <tu_fifo_count>:
10006058:	8903      	ldrh	r3, [r0, #8]
1000605a:	8942      	ldrh	r2, [r0, #10]
1000605c:	b29b      	uxth	r3, r3
1000605e:	b292      	uxth	r2, r2
10006060:	8880      	ldrh	r0, [r0, #4]
10006062:	4293      	cmp	r3, r2
10006064:	bf36      	itet	cc
10006066:	ebc2 0240 	rsbcc	r2, r2, r0, lsl #1
1000606a:	1a9b      	subcs	r3, r3, r2
1000606c:	189b      	addcc	r3, r3, r2
1000606e:	b29b      	uxth	r3, r3
10006070:	4298      	cmp	r0, r3
10006072:	bf28      	it	cs
10006074:	4618      	movcs	r0, r3
10006076:	4770      	bx	lr

10006078 <tu_fifo_empty>:
10006078:	8902      	ldrh	r2, [r0, #8]
1000607a:	8943      	ldrh	r3, [r0, #10]
1000607c:	b290      	uxth	r0, r2
1000607e:	b29b      	uxth	r3, r3
10006080:	1ac0      	subs	r0, r0, r3
10006082:	fab0 f080 	clz	r0, r0
10006086:	0940      	lsrs	r0, r0, #5
10006088:	4770      	bx	lr
1000608a:	bf00      	nop

1000608c <tu_fifo_remaining>:
1000608c:	8903      	ldrh	r3, [r0, #8]
1000608e:	8942      	ldrh	r2, [r0, #10]
10006090:	b29b      	uxth	r3, r3
10006092:	8880      	ldrh	r0, [r0, #4]
10006094:	b292      	uxth	r2, r2
10006096:	4293      	cmp	r3, r2
10006098:	bf36      	itet	cc
1000609a:	ebc2 0240 	rsbcc	r2, r2, r0, lsl #1
1000609e:	1a9b      	subcs	r3, r3, r2
100060a0:	189b      	addcc	r3, r3, r2
100060a2:	b29b      	uxth	r3, r3
100060a4:	4298      	cmp	r0, r3
100060a6:	bf86      	itte	hi
100060a8:	1ac0      	subhi	r0, r0, r3
100060aa:	b280      	uxthhi	r0, r0
100060ac:	2000      	movls	r0, #0
100060ae:	4770      	bx	lr

100060b0 <tu_fifo_read>:
100060b0:	b530      	push	{r4, r5, lr}
100060b2:	4604      	mov	r4, r0
100060b4:	6900      	ldr	r0, [r0, #16]
100060b6:	460d      	mov	r5, r1
100060b8:	b083      	sub	sp, #12
100060ba:	b118      	cbz	r0, 100060c4 <tu_fifo_read+0x14>
100060bc:	f04f 31ff 	mov.w	r1, #4294967295	@ 0xffffffff
100060c0:	f000 fa4a 	bl	10006558 <__mutex_enter_timeout_ms_veneer>
100060c4:	8922      	ldrh	r2, [r4, #8]
100060c6:	8961      	ldrh	r1, [r4, #10]
100060c8:	b292      	uxth	r2, r2
100060ca:	b289      	uxth	r1, r1
100060cc:	88a3      	ldrh	r3, [r4, #4]
100060ce:	428a      	cmp	r2, r1
100060d0:	bf36      	itet	cc
100060d2:	ebc1 0043 	rsbcc	r0, r1, r3, lsl #1
100060d6:	1a50      	subcs	r0, r2, r1
100060d8:	1880      	addcc	r0, r0, r2
100060da:	b280      	uxth	r0, r0
100060dc:	b368      	cbz	r0, 1000613a <tu_fifo_read+0x8a>
100060de:	4283      	cmp	r3, r0
100060e0:	d209      	bcs.n	100060f6 <tu_fifo_read+0x46>
100060e2:	429a      	cmp	r2, r3
100060e4:	bf2c      	ite	cs
100060e6:	1ad2      	subcs	r2, r2, r3
100060e8:	18d2      	addcc	r2, r2, r3
100060ea:	b291      	uxth	r1, r2
100060ec:	428b      	cmp	r3, r1
100060ee:	8161      	strh	r1, [r4, #10]
100060f0:	d803      	bhi.n	100060fa <tu_fifo_read+0x4a>
100060f2:	1ac9      	subs	r1, r1, r3
100060f4:	b289      	uxth	r1, r1
100060f6:	428b      	cmp	r3, r1
100060f8:	d9fb      	bls.n	100060f2 <tu_fifo_read+0x42>
100060fa:	88e2      	ldrh	r2, [r4, #6]
100060fc:	6823      	ldr	r3, [r4, #0]
100060fe:	f3c2 020e 	ubfx	r2, r2, #0, #15
10006102:	fb02 3101 	mla	r1, r2, r1, r3
10006106:	4628      	mov	r0, r5
10006108:	f000 fa0a 	bl	10006520 <__memcpy_veneer>
1000610c:	8962      	ldrh	r2, [r4, #10]
1000610e:	88a3      	ldrh	r3, [r4, #4]
10006110:	b292      	uxth	r2, r2
10006112:	1c51      	adds	r1, r2, #1
10006114:	b289      	uxth	r1, r1
10006116:	428a      	cmp	r2, r1
10006118:	f04f 0201 	mov.w	r2, #1
1000611c:	d910      	bls.n	10006140 <tu_fifo_read+0x90>
1000611e:	2100      	movs	r1, #0
10006120:	fa03 f002 	lsl.w	r0, r3, r2
10006124:	1a09      	subs	r1, r1, r0
10006126:	6920      	ldr	r0, [r4, #16]
10006128:	8161      	strh	r1, [r4, #10]
1000612a:	b118      	cbz	r0, 10006134 <tu_fifo_read+0x84>
1000612c:	9201      	str	r2, [sp, #4]
1000612e:	f000 f9e7 	bl	10006500 <__mutex_exit_veneer>
10006132:	9a01      	ldr	r2, [sp, #4]
10006134:	4610      	mov	r0, r2
10006136:	b003      	add	sp, #12
10006138:	bd30      	pop	{r4, r5, pc}
1000613a:	4602      	mov	r2, r0
1000613c:	8961      	ldrh	r1, [r4, #10]
1000613e:	b289      	uxth	r1, r1
10006140:	ebb1 0f43 	cmp.w	r1, r3, lsl #1
10006144:	ea4f 0043 	mov.w	r0, r3, lsl #1
10006148:	dbed      	blt.n	10006126 <tu_fifo_read+0x76>
1000614a:	e7eb      	b.n	10006124 <tu_fifo_read+0x74>

1000614c <tu_fifo_read_n>:
1000614c:	e92d 41f0 	stmdb	sp!, {r4, r5, r6, r7, r8, lr}
10006150:	4605      	mov	r5, r0
10006152:	6900      	ldr	r0, [r0, #16]
10006154:	4688      	mov	r8, r1
10006156:	b082      	sub	sp, #8
10006158:	b128      	cbz	r0, 10006166 <tu_fifo_read_n+0x1a>
1000615a:	f04f 31ff 	mov.w	r1, #4294967295	@ 0xffffffff
1000615e:	9200      	str	r2, [sp, #0]
10006160:	f000 f9fa 	bl	10006558 <__mutex_enter_timeout_ms_veneer>
10006164:	9a00      	ldr	r2, [sp, #0]
10006166:	8929      	ldrh	r1, [r5, #8]
10006168:	896b      	ldrh	r3, [r5, #10]
1000616a:	b289      	uxth	r1, r1
1000616c:	b29b      	uxth	r3, r3
1000616e:	88ac      	ldrh	r4, [r5, #4]
10006170:	4299      	cmp	r1, r3
10006172:	bf36      	itet	cc
10006174:	ebc3 0644 	rsbcc	r6, r3, r4, lsl #1
10006178:	1ace      	subcs	r6, r1, r3
1000617a:	1876      	addcc	r6, r6, r1
1000617c:	b2b6      	uxth	r6, r6
1000617e:	2e00      	cmp	r6, #0
10006180:	d04b      	beq.n	1000621a <tu_fifo_read_n+0xce>
10006182:	42b4      	cmp	r4, r6
10006184:	d341      	bcc.n	1000620a <tu_fifo_read_n+0xbe>
10006186:	42b2      	cmp	r2, r6
10006188:	bf28      	it	cs
1000618a:	4632      	movcs	r2, r6
1000618c:	429c      	cmp	r4, r3
1000618e:	b296      	uxth	r6, r2
10006190:	d803      	bhi.n	1000619a <tu_fifo_read_n+0x4e>
10006192:	1b1b      	subs	r3, r3, r4
10006194:	b29b      	uxth	r3, r3
10006196:	429c      	cmp	r4, r3
10006198:	d9fb      	bls.n	10006192 <tu_fifo_read_n+0x46>
1000619a:	f8b5 c006 	ldrh.w	ip, [r5, #6]
1000619e:	1ae0      	subs	r0, r4, r3
100061a0:	6829      	ldr	r1, [r5, #0]
100061a2:	b280      	uxth	r0, r0
100061a4:	f3cc 020e 	ubfx	r2, ip, #0, #15
100061a8:	4286      	cmp	r6, r0
100061aa:	4617      	mov	r7, r2
100061ac:	fb02 1103 	mla	r1, r2, r3, r1
100061b0:	d925      	bls.n	100061fe <tu_fifo_read_n+0xb2>
100061b2:	fb10 f202 	smulbb	r2, r0, r2
100061b6:	4640      	mov	r0, r8
100061b8:	b292      	uxth	r2, r2
100061ba:	9301      	str	r3, [sp, #4]
100061bc:	9200      	str	r2, [sp, #0]
100061be:	f000 f9af 	bl	10006520 <__memcpy_veneer>
100061c2:	9b01      	ldr	r3, [sp, #4]
100061c4:	9a00      	ldr	r2, [sp, #0]
100061c6:	1b34      	subs	r4, r6, r4
100061c8:	4423      	add	r3, r4
100061ca:	eb08 0002 	add.w	r0, r8, r2
100061ce:	fb13 f207 	smulbb	r2, r3, r7
100061d2:	6829      	ldr	r1, [r5, #0]
100061d4:	b292      	uxth	r2, r2
100061d6:	f000 f9a3 	bl	10006520 <__memcpy_veneer>
100061da:	896a      	ldrh	r2, [r5, #10]
100061dc:	88ac      	ldrh	r4, [r5, #4]
100061de:	b292      	uxth	r2, r2
100061e0:	1993      	adds	r3, r2, r6
100061e2:	b29b      	uxth	r3, r3
100061e4:	429a      	cmp	r2, r3
100061e6:	d91a      	bls.n	1000621e <tu_fifo_read_n+0xd2>
100061e8:	0062      	lsls	r2, r4, #1
100061ea:	1a9b      	subs	r3, r3, r2
100061ec:	6928      	ldr	r0, [r5, #16]
100061ee:	816b      	strh	r3, [r5, #10]
100061f0:	b108      	cbz	r0, 100061f6 <tu_fifo_read_n+0xaa>
100061f2:	f000 f985 	bl	10006500 <__mutex_exit_veneer>
100061f6:	4630      	mov	r0, r6
100061f8:	b002      	add	sp, #8
100061fa:	e8bd 81f0 	ldmia.w	sp!, {r4, r5, r6, r7, r8, pc}
100061fe:	4640      	mov	r0, r8
10006200:	fb06 f202 	mul.w	r2, r6, r2
10006204:	f000 f98c 	bl	10006520 <__memcpy_veneer>
10006208:	e7e7      	b.n	100061da <tu_fifo_read_n+0x8e>
1000620a:	42a1      	cmp	r1, r4
1000620c:	bf2c      	ite	cs
1000620e:	1b09      	subcs	r1, r1, r4
10006210:	1909      	addcc	r1, r1, r4
10006212:	b28b      	uxth	r3, r1
10006214:	4626      	mov	r6, r4
10006216:	816b      	strh	r3, [r5, #10]
10006218:	e7b5      	b.n	10006186 <tu_fifo_read_n+0x3a>
1000621a:	896b      	ldrh	r3, [r5, #10]
1000621c:	b29b      	uxth	r3, r3
1000621e:	ebb3 0f44 	cmp.w	r3, r4, lsl #1
10006222:	ea4f 0244 	mov.w	r2, r4, lsl #1
10006226:	dbe1      	blt.n	100061ec <tu_fifo_read_n+0xa0>
10006228:	e7df      	b.n	100061ea <tu_fifo_read_n+0x9e>
1000622a:	bf00      	nop

1000622c <tu_fifo_write>:
1000622c:	b570      	push	{r4, r5, r6, lr}
1000622e:	4604      	mov	r4, r0
10006230:	68c0      	ldr	r0, [r0, #12]
10006232:	460e      	mov	r6, r1
10006234:	b082      	sub	sp, #8
10006236:	b118      	cbz	r0, 10006240 <tu_fifo_write+0x14>
10006238:	f04f 31ff 	mov.w	r1, #4294967295	@ 0xffffffff
1000623c:	f000 f98c 	bl	10006558 <__mutex_enter_timeout_ms_veneer>
10006240:	8925      	ldrh	r5, [r4, #8]
10006242:	8923      	ldrh	r3, [r4, #8]
10006244:	8961      	ldrh	r1, [r4, #10]
10006246:	b29b      	uxth	r3, r3
10006248:	b289      	uxth	r1, r1
1000624a:	88a2      	ldrh	r2, [r4, #4]
1000624c:	428b      	cmp	r3, r1
1000624e:	bf36      	itet	cc
10006250:	ebc1 0142 	rsbcc	r1, r1, r2, lsl #1
10006254:	1a5b      	subcs	r3, r3, r1
10006256:	185b      	addcc	r3, r3, r1
10006258:	b29b      	uxth	r3, r3
1000625a:	429a      	cmp	r2, r3
1000625c:	b2ad      	uxth	r5, r5
1000625e:	d80b      	bhi.n	10006278 <tu_fifo_write+0x4c>
10006260:	79e1      	ldrb	r1, [r4, #7]
10006262:	09c9      	lsrs	r1, r1, #7
10006264:	d108      	bne.n	10006278 <tu_fifo_write+0x4c>
10006266:	68e0      	ldr	r0, [r4, #12]
10006268:	b118      	cbz	r0, 10006272 <tu_fifo_write+0x46>
1000626a:	9101      	str	r1, [sp, #4]
1000626c:	f000 f948 	bl	10006500 <__mutex_exit_veneer>
10006270:	9901      	ldr	r1, [sp, #4]
10006272:	4608      	mov	r0, r1
10006274:	b002      	add	sp, #8
10006276:	bd70      	pop	{r4, r5, r6, pc}
10006278:	4295      	cmp	r5, r2
1000627a:	bf28      	it	cs
1000627c:	462b      	movcs	r3, r5
1000627e:	d317      	bcc.n	100062b0 <tu_fifo_write+0x84>
10006280:	1a9b      	subs	r3, r3, r2
10006282:	b29b      	uxth	r3, r3
10006284:	4293      	cmp	r3, r2
10006286:	d2fb      	bcs.n	10006280 <tu_fifo_write+0x54>
10006288:	88e2      	ldrh	r2, [r4, #6]
1000628a:	6820      	ldr	r0, [r4, #0]
1000628c:	f3c2 020e 	ubfx	r2, r2, #0, #15
10006290:	fb02 0003 	mla	r0, r2, r3, r0
10006294:	4631      	mov	r1, r6
10006296:	f000 f943 	bl	10006520 <__memcpy_veneer>
1000629a:	1c6b      	adds	r3, r5, #1
1000629c:	b29b      	uxth	r3, r3
1000629e:	429d      	cmp	r5, r3
100062a0:	88a2      	ldrh	r2, [r4, #4]
100062a2:	d911      	bls.n	100062c8 <tu_fifo_write+0x9c>
100062a4:	2300      	movs	r3, #0
100062a6:	0051      	lsls	r1, r2, #1
100062a8:	1a5b      	subs	r3, r3, r1
100062aa:	2101      	movs	r1, #1
100062ac:	8123      	strh	r3, [r4, #8]
100062ae:	e7da      	b.n	10006266 <tu_fifo_write+0x3a>
100062b0:	88e2      	ldrh	r2, [r4, #6]
100062b2:	6820      	ldr	r0, [r4, #0]
100062b4:	f3c2 020e 	ubfx	r2, r2, #0, #15
100062b8:	fb05 0002 	mla	r0, r5, r2, r0
100062bc:	4631      	mov	r1, r6
100062be:	f000 f92f 	bl	10006520 <__memcpy_veneer>
100062c2:	3501      	adds	r5, #1
100062c4:	88a2      	ldrh	r2, [r4, #4]
100062c6:	b2ab      	uxth	r3, r5
100062c8:	ebb3 0f42 	cmp.w	r3, r2, lsl #1
100062cc:	ea4f 0142 	mov.w	r1, r2, lsl #1
100062d0:	dbeb      	blt.n	100062aa <tu_fifo_write+0x7e>
100062d2:	e7e9      	b.n	100062a8 <tu_fifo_write+0x7c>

100062d4 <tu_fifo_write_n>:
100062d4:	e92d 47f0 	stmdb	sp!, {r4, r5, r6, r7, r8, r9, sl, lr}
100062d8:	4615      	mov	r5, r2
100062da:	b082      	sub	sp, #8
100062dc:	2a00      	cmp	r2, #0
100062de:	d04a      	beq.n	10006376 <tu_fifo_write_n+0xa2>
100062e0:	4604      	mov	r4, r0
100062e2:	68c0      	ldr	r0, [r0, #12]
100062e4:	4688      	mov	r8, r1
100062e6:	b118      	cbz	r0, 100062f0 <tu_fifo_write_n+0x1c>
100062e8:	f04f 31ff 	mov.w	r1, #4294967295	@ 0xffffffff
100062ec:	f000 f934 	bl	10006558 <__mutex_enter_timeout_ms_veneer>
100062f0:	79e1      	ldrb	r1, [r4, #7]
100062f2:	8926      	ldrh	r6, [r4, #8]
100062f4:	8963      	ldrh	r3, [r4, #10]
100062f6:	09c9      	lsrs	r1, r1, #7
100062f8:	88a2      	ldrh	r2, [r4, #4]
100062fa:	b2b6      	uxth	r6, r6
100062fc:	b29b      	uxth	r3, r3
100062fe:	d13e      	bne.n	1000637e <tu_fifo_write_n+0xaa>
10006300:	429e      	cmp	r6, r3
10006302:	bf36      	itet	cc
10006304:	ebc3 0342 	rsbcc	r3, r3, r2, lsl #1
10006308:	1af3      	subcs	r3, r6, r3
1000630a:	199b      	addcc	r3, r3, r6
1000630c:	b29b      	uxth	r3, r3
1000630e:	4293      	cmp	r3, r2
10006310:	d253      	bcs.n	100063ba <tu_fifo_write_n+0xe6>
10006312:	1ad3      	subs	r3, r2, r3
10006314:	b29b      	uxth	r3, r3
10006316:	42ab      	cmp	r3, r5
10006318:	bf28      	it	cs
1000631a:	462b      	movcs	r3, r5
1000631c:	b29d      	uxth	r5, r3
1000631e:	1973      	adds	r3, r6, r5
10006320:	f8b4 c006 	ldrh.w	ip, [r4, #6]
10006324:	fa1f f983 	uxth.w	r9, r3
10006328:	eba5 0a02 	sub.w	sl, r5, r2
1000632c:	4296      	cmp	r6, r2
1000632e:	4633      	mov	r3, r6
10006330:	d303      	bcc.n	1000633a <tu_fifo_write_n+0x66>
10006332:	1a9b      	subs	r3, r3, r2
10006334:	b29b      	uxth	r3, r3
10006336:	4293      	cmp	r3, r2
10006338:	d2fb      	bcs.n	10006332 <tu_fifo_write_n+0x5e>
1000633a:	1ad2      	subs	r2, r2, r3
1000633c:	b291      	uxth	r1, r2
1000633e:	6820      	ldr	r0, [r4, #0]
10006340:	f3cc 020e 	ubfx	r2, ip, #0, #15
10006344:	42a9      	cmp	r1, r5
10006346:	4617      	mov	r7, r2
10006348:	fb02 0003 	mla	r0, r2, r3, r0
1000634c:	d352      	bcc.n	100063f4 <tu_fifo_write_n+0x120>
1000634e:	4641      	mov	r1, r8
10006350:	fb05 f202 	mul.w	r2, r5, r2
10006354:	f000 f8e4 	bl	10006520 <__memcpy_veneer>
10006358:	88a3      	ldrh	r3, [r4, #4]
1000635a:	454e      	cmp	r6, r9
1000635c:	ea4f 0243 	mov.w	r2, r3, lsl #1
10006360:	d802      	bhi.n	10006368 <tu_fifo_write_n+0x94>
10006362:	ebb9 0f43 	cmp.w	r9, r3, lsl #1
10006366:	db01      	blt.n	1000636c <tu_fifo_write_n+0x98>
10006368:	eba9 0902 	sub.w	r9, r9, r2
1000636c:	68e0      	ldr	r0, [r4, #12]
1000636e:	462a      	mov	r2, r5
10006370:	f8a4 9008 	strh.w	r9, [r4, #8]
10006374:	bb28      	cbnz	r0, 100063c2 <tu_fifo_write_n+0xee>
10006376:	4610      	mov	r0, r2
10006378:	b002      	add	sp, #8
1000637a:	e8bd 87f0 	ldmia.w	sp!, {r4, r5, r6, r7, r8, r9, sl, pc}
1000637e:	4295      	cmp	r5, r2
10006380:	d227      	bcs.n	100063d2 <tu_fifo_write_n+0xfe>
10006382:	429e      	cmp	r6, r3
10006384:	bf36      	itet	cc
10006386:	ebc3 0142 	rsbcc	r1, r3, r2, lsl #1
1000638a:	1af1      	subcs	r1, r6, r3
1000638c:	1989      	addcc	r1, r1, r6
1000638e:	b289      	uxth	r1, r1
10006390:	0050      	lsls	r0, r2, #1
10006392:	4429      	add	r1, r5
10006394:	1aaf      	subs	r7, r5, r2
10006396:	4281      	cmp	r1, r0
10006398:	46ba      	mov	sl, r7
1000639a:	db08      	blt.n	100063ae <tu_fifo_write_n+0xda>
1000639c:	1899      	adds	r1, r3, r2
1000639e:	b289      	uxth	r1, r1
100063a0:	1b4e      	subs	r6, r1, r5
100063a2:	b2b6      	uxth	r6, r6
100063a4:	42b3      	cmp	r3, r6
100063a6:	4689      	mov	r9, r1
100063a8:	d938      	bls.n	1000641c <tu_fifo_write_n+0x148>
100063aa:	1a30      	subs	r0, r6, r0
100063ac:	b286      	uxth	r6, r0
100063ae:	19ab      	adds	r3, r5, r6
100063b0:	fa1f f983 	uxth.w	r9, r3
100063b4:	f8b4 c006 	ldrh.w	ip, [r4, #6]
100063b8:	e7b8      	b.n	1000632c <tu_fifo_write_n+0x58>
100063ba:	2200      	movs	r2, #0
100063bc:	68e0      	ldr	r0, [r4, #12]
100063be:	2800      	cmp	r0, #0
100063c0:	d0d9      	beq.n	10006376 <tu_fifo_write_n+0xa2>
100063c2:	9200      	str	r2, [sp, #0]
100063c4:	f000 f89c 	bl	10006500 <__mutex_exit_veneer>
100063c8:	9a00      	ldr	r2, [sp, #0]
100063ca:	4610      	mov	r0, r2
100063cc:	b002      	add	sp, #8
100063ce:	e8bd 87f0 	ldmia.w	sp!, {r4, r5, r6, r7, r8, r9, sl, pc}
100063d2:	2a00      	cmp	r2, #0
100063d4:	d0f2      	beq.n	100063bc <tu_fifo_write_n+0xe8>
100063d6:	f8b4 c006 	ldrh.w	ip, [r4, #6]
100063da:	1aad      	subs	r5, r5, r2
100063dc:	1899      	adds	r1, r3, r2
100063de:	461e      	mov	r6, r3
100063e0:	f3cc 030e 	ubfx	r3, ip, #0, #15
100063e4:	fb03 8805 	mla	r8, r3, r5, r8
100063e8:	f04f 0a00 	mov.w	sl, #0
100063ec:	4615      	mov	r5, r2
100063ee:	fa1f f981 	uxth.w	r9, r1
100063f2:	e79b      	b.n	1000632c <tu_fifo_write_n+0x58>
100063f4:	fb11 f202 	smulbb	r2, r1, r2
100063f8:	4641      	mov	r1, r8
100063fa:	b292      	uxth	r2, r2
100063fc:	9301      	str	r3, [sp, #4]
100063fe:	9200      	str	r2, [sp, #0]
10006400:	f000 f88e 	bl	10006520 <__memcpy_veneer>
10006404:	9b01      	ldr	r3, [sp, #4]
10006406:	9a00      	ldr	r2, [sp, #0]
10006408:	4453      	add	r3, sl
1000640a:	fb13 f307 	smulbb	r3, r3, r7
1000640e:	eb08 0102 	add.w	r1, r8, r2
10006412:	6820      	ldr	r0, [r4, #0]
10006414:	b29a      	uxth	r2, r3
10006416:	f000 f883 	bl	10006520 <__memcpy_veneer>
1000641a:	e79d      	b.n	10006358 <tu_fifo_write_n+0x84>
1000641c:	42b0      	cmp	r0, r6
1000641e:	ddc4      	ble.n	100063aa <tu_fifo_write_n+0xd6>
10006420:	e7c8      	b.n	100063b4 <tu_fifo_write_n+0xe0>
10006422:	bf00      	nop

10006424 <tu_fifo_clear>:
10006424:	b510      	push	{r4, lr}
10006426:	4604      	mov	r4, r0
10006428:	68c0      	ldr	r0, [r0, #12]
1000642a:	b118      	cbz	r0, 10006434 <tu_fifo_clear+0x10>
1000642c:	f04f 31ff 	mov.w	r1, #4294967295	@ 0xffffffff
10006430:	f000 f892 	bl	10006558 <__mutex_enter_timeout_ms_veneer>
10006434:	6920      	ldr	r0, [r4, #16]
10006436:	b118      	cbz	r0, 10006440 <tu_fifo_clear+0x1c>
10006438:	f04f 31ff 	mov.w	r1, #4294967295	@ 0xffffffff
1000643c:	f000 f88c 	bl	10006558 <__mutex_enter_timeout_ms_veneer>
10006440:	2300      	movs	r3, #0
10006442:	68e0      	ldr	r0, [r4, #12]
10006444:	8163      	strh	r3, [r4, #10]
10006446:	8123      	strh	r3, [r4, #8]
10006448:	b108      	cbz	r0, 1000644e <tu_fifo_clear+0x2a>
1000644a:	f000 f859 	bl	10006500 <__mutex_exit_veneer>
1000644e:	6920      	ldr	r0, [r4, #16]
10006450:	b108      	cbz	r0, 10006456 <tu_fifo_clear+0x32>
10006452:	f000 f855 	bl	10006500 <__mutex_exit_veneer>
10006456:	2001      	movs	r0, #1
10006458:	bd10      	pop	{r4, pc}
1000645a:	bf00      	nop

1000645c <tu_fifo_set_overwritable>:
1000645c:	b538      	push	{r3, r4, r5, lr}
1000645e:	4604      	mov	r4, r0
10006460:	68c0      	ldr	r0, [r0, #12]
10006462:	460d      	mov	r5, r1
10006464:	b118      	cbz	r0, 1000646e <tu_fifo_set_overwritable+0x12>
10006466:	f04f 31ff 	mov.w	r1, #4294967295	@ 0xffffffff
1000646a:	f000 f875 	bl	10006558 <__mutex_enter_timeout_ms_veneer>
1000646e:	6920      	ldr	r0, [r4, #16]
10006470:	b118      	cbz	r0, 1000647a <tu_fifo_set_overwritable+0x1e>
10006472:	f04f 31ff 	mov.w	r1, #4294967295	@ 0xffffffff
10006476:	f000 f86f 	bl	10006558 <__mutex_enter_timeout_ms_veneer>
1000647a:	79e3      	ldrb	r3, [r4, #7]
1000647c:	68e0      	ldr	r0, [r4, #12]
1000647e:	f365 13c7 	bfi	r3, r5, #7, #1
10006482:	71e3      	strb	r3, [r4, #7]
10006484:	b108      	cbz	r0, 1000648a <tu_fifo_set_overwritable+0x2e>
10006486:	f000 f83b 	bl	10006500 <__mutex_exit_veneer>
1000648a:	6920      	ldr	r0, [r4, #16]
1000648c:	b108      	cbz	r0, 10006492 <tu_fifo_set_overwritable+0x36>
1000648e:	f000 f837 	bl	10006500 <__mutex_exit_veneer>
10006492:	2001      	movs	r0, #1
10006494:	bd38      	pop	{r3, r4, r5, pc}
10006496:	bf00      	nop

10006498 <strlen>:
10006498:	f020 0103 	bic.w	r1, r0, #3
1000649c:	f010 0003 	ands.w	r0, r0, #3
100064a0:	f1c0 0000 	rsb	r0, r0, #0
100064a4:	f851 3b04 	ldr.w	r3, [r1], #4
100064a8:	f100 0c04 	add.w	ip, r0, #4
100064ac:	ea4f 0ccc 	mov.w	ip, ip, lsl #3
100064b0:	f06f 0200 	mvn.w	r2, #0
100064b4:	bf1c      	itt	ne
100064b6:	fa22 f20c 	lsrne.w	r2, r2, ip
100064ba:	4313      	orrne	r3, r2
100064bc:	f04f 0c01 	mov.w	ip, #1
100064c0:	ea4c 2c0c 	orr.w	ip, ip, ip, lsl #8
100064c4:	ea4c 4c0c 	orr.w	ip, ip, ip, lsl #16
100064c8:	eba3 020c 	sub.w	r2, r3, ip
100064cc:	ea22 0203 	bic.w	r2, r2, r3
100064d0:	ea12 12cc 	ands.w	r2, r2, ip, lsl #7
100064d4:	bf04      	itt	eq
100064d6:	f851 3b04 	ldreq.w	r3, [r1], #4
100064da:	3004      	addeq	r0, #4
100064dc:	d0f4      	beq.n	100064c8 <strlen+0x30>
100064de:	f1c2 0100 	rsb	r1, r2, #0
100064e2:	ea02 0201 	and.w	r2, r2, r1
100064e6:	fab2 f282 	clz	r2, r2
100064ea:	f1c2 021f 	rsb	r2, r2, #31
100064ee:	eb00 00d2 	add.w	r0, r0, r2, lsr #3
100064f2:	4770      	bx	lr
100064f4:	0000      	movs	r0, r0
	...

100064f8 <__memset_veneer>:
100064f8:	f85f f000 	ldr.w	pc, [pc]	@ 100064fc <__memset_veneer+0x4>
100064fc:	20001149 	.word	0x20001149

10006500 <__mutex_exit_veneer>:
10006500:	f85f f000 	ldr.w	pc, [pc]	@ 10006504 <__mutex_exit_veneer+0x4>
10006504:	20000261 	.word	0x20000261

10006508 <__e15_is_critical_frame_period_veneer>:
10006508:	f85f f000 	ldr.w	pc, [pc]	@ 1000650c <__e15_is_critical_frame_period_veneer+0x4>
1000650c:	20000a7d 	.word	0x20000a7d

10006510 <____aeabi_uldivmod_veneer>:
10006510:	f85f f000 	ldr.w	pc, [pc]	@ 10006514 <____aeabi_uldivmod_veneer+0x4>
10006514:	20000dad 	.word	0x20000dad

10006518 <___hw_endpoint_buffer_control_update32_veneer>:
10006518:	f85f f000 	ldr.w	pc, [pc]	@ 1000651c <___hw_endpoint_buffer_control_update32_veneer+0x4>
1000651c:	20000ab1 	.word	0x20000ab1

10006520 <__memcpy_veneer>:
10006520:	f85f f000 	ldr.w	pc, [pc]	@ 10006524 <__memcpy_veneer+0x4>
10006524:	200011d1 	.word	0x200011d1

10006528 <__e15_is_bulkin_ep_veneer>:
10006528:	f85f f000 	ldr.w	pc, [pc]	@ 1000652c <__e15_is_bulkin_ep_veneer+0x4>
1000652c:	20000a55 	.word	0x20000a55

10006530 <__mutex_try_enter_veneer>:
10006530:	f85f f000 	ldr.w	pc, [pc]	@ 10006534 <__mutex_try_enter_veneer+0x4>
10006534:	20000111 	.word	0x20000111

10006538 <__hw_endpoint_start_next_buffer_veneer>:
10006538:	f85f f000 	ldr.w	pc, [pc]	@ 1000653c <__hw_endpoint_start_next_buffer_veneer+0x4>
1000653c:	20000af9 	.word	0x20000af9

10006540 <____popcountsi2_veneer>:
10006540:	f85f f000 	ldr.w	pc, [pc]	@ 10006544 <____popcountsi2_veneer+0x4>
10006544:	20000ddd 	.word	0x20000ddd

10006548 <__reset_non_control_endpoints_veneer>:
10006548:	f85f f000 	ldr.w	pc, [pc]	@ 1000654c <__reset_non_control_endpoints_veneer+0x4>
1000654c:	200002a9 	.word	0x200002a9

10006550 <__mutex_try_enter_block_until_veneer>:
10006550:	f85f f000 	ldr.w	pc, [pc]	@ 10006554 <__mutex_try_enter_block_until_veneer+0x4>
10006554:	200001f1 	.word	0x200001f1

10006558 <__mutex_enter_timeout_ms_veneer>:
10006558:	f85f f000 	ldr.w	pc, [pc]	@ 1000655c <__mutex_enter_timeout_ms_veneer+0x4>
1000655c:	20000229 	.word	0x20000229

10006560 <__pre_init_runtime_init_bootrom_reset>:
10006560:	100021c5                                .!..

10006564 <__pre_init_runtime_init_early_resets>:
10006564:	1000213d                                =!..

10006568 <__pre_init_runtime_init_usb_power_down>:
10006568:	1000216d                                m!..

1000656c <__pre_init_runtime_init_clocks>:
1000656c:	10002255                                U"..

10006570 <__pre_init_runtime_init_post_clock_resets>:
10006570:	100021a5                                .!..

10006574 <__pre_init_runtime_init_boot_locks_reset>:
10006574:	100020c5                                . ..

10006578 <__pre_init_runtime_init_spin_locks_reset>:
10006578:	100021ed                                .!..

1000657c <__pre_init_runtime_init_bootrom_locking_enable>:
1000657c:	100020b1                                . ..

10006580 <__pre_init_runtime_init_mutex>:
10006580:	10001465                                e...

10006584 <__pre_init_runtime_init_install_ram_vector_table>:
10006584:	100021f1                                .!..

10006588 <__pre_init_runtime_init_default_alarm_pool>:
10006588:	10001835                                5...

1000658c <__pre_init_first_per_core_initializer>:
1000658c:	1000210d                                .!..

10006590 <__pre_init_runtime_init_per_core_bootrom_reset>:
10006590:	100021d9                                .!..

10006594 <__pre_init_runtime_init_per_core_enable_coprocessors>:
10006594:	10002189                                .!..

10006598 <__pre_init_spinlock_set_extexclall>:
10006598:	10001035                                5...

1000659c <__pre_init_runtime_init_per_core_irq_priorities>:
1000659c:	1000105d                                ]...

100065a0 <__init_array_start>:
100065a0:	100045e1 	.word	0x100045e1

Disassembly of section .data:

20000110 <mutex_try_enter>:
20000110:	4603      	mov	r3, r0
20000112:	b500      	push	{lr}
20000114:	6802      	ldr	r2, [r0, #0]
20000116:	f3ef 8c10 	mrs	ip, PRIMASK
2000011a:	b672      	cpsid	i
2000011c:	e8d2 efcf 	ldaexb	lr, [r2]
20000120:	2001      	movs	r0, #1
20000122:	f1be 0f00 	cmp.w	lr, #0
20000126:	d1f9      	bne.n	2000011c <mutex_try_enter+0xc>
20000128:	e8c2 0f4e 	strexb	lr, r0, [r2]
2000012c:	f1be 0f00 	cmp.w	lr, #0
20000130:	d1f4      	bne.n	2000011c <mutex_try_enter+0xc>
20000132:	f3bf 8f5f 	dmb	sy
20000136:	f993 2004 	ldrsb.w	r2, [r3, #4]
2000013a:	2a00      	cmp	r2, #0
2000013c:	db09      	blt.n	20000152 <mutex_try_enter+0x42>
2000013e:	b101      	cbz	r1, 20000142 <mutex_try_enter+0x32>
20000140:	600a      	str	r2, [r1, #0]
20000142:	2000      	movs	r0, #0
20000144:	2200      	movs	r2, #0
20000146:	681b      	ldr	r3, [r3, #0]
20000148:	e8c3 2f8f 	stlb	r2, [r3]
2000014c:	f38c 8810 	msr	PRIMASK, ip
20000150:	bd00      	pop	{pc}
20000152:	f04f 4250 	mov.w	r2, #3489660928	@ 0xd0000000
20000156:	6812      	ldr	r2, [r2, #0]
20000158:	2001      	movs	r0, #1
2000015a:	711a      	strb	r2, [r3, #4]
2000015c:	e7f2      	b.n	20000144 <mutex_try_enter+0x34>
2000015e:	bf00      	nop

20000160 <mutex_enter_block_until>:
20000160:	f04f 4150 	mov.w	r1, #3489660928	@ 0xd0000000
20000164:	e92d 43f8 	stmdb	sp!, {r3, r4, r5, r6, r7, r8, r9, lr}
20000168:	461f      	mov	r7, r3
2000016a:	680b      	ldr	r3, [r1, #0]
2000016c:	4604      	mov	r4, r0
2000016e:	4616      	mov	r6, r2
20000170:	2500      	movs	r5, #0
20000172:	4699      	mov	r9, r3
20000174:	f8df 8074 	ldr.w	r8, [pc, #116]	@ 200001ec <mutex_enter_block_until+0x8c>
20000178:	6823      	ldr	r3, [r4, #0]
2000017a:	f3ef 8210 	mrs	r2, PRIMASK
2000017e:	b672      	cpsid	i
20000180:	e8d3 0fcf 	ldaexb	r0, [r3]
20000184:	2101      	movs	r1, #1
20000186:	2800      	cmp	r0, #0
20000188:	d1fa      	bne.n	20000180 <mutex_enter_block_until+0x20>
2000018a:	e8c3 1f40 	strexb	r0, r1, [r3]
2000018e:	2800      	cmp	r0, #0
20000190:	d1f6      	bne.n	20000180 <mutex_enter_block_until+0x20>
20000192:	f3bf 8f5f 	dmb	sy
20000196:	f994 3004 	ldrsb.w	r3, [r4, #4]
2000019a:	6821      	ldr	r1, [r4, #0]
2000019c:	2b00      	cmp	r3, #0
2000019e:	db1b      	blt.n	200001d8 <mutex_enter_block_until+0x78>
200001a0:	f898 3000 	ldrb.w	r3, [r8]
200001a4:	b2db      	uxtb	r3, r3
200001a6:	e8c1 5f8f 	stlb	r5, [r1]
200001aa:	f382 8810 	msr	PRIMASK, r2
200001ae:	f898 2000 	ldrb.w	r2, [r8]
200001b2:	429a      	cmp	r2, r3
200001b4:	d008      	beq.n	200001c8 <mutex_enter_block_until+0x68>
200001b6:	4630      	mov	r0, r6
200001b8:	4639      	mov	r1, r7
200001ba:	f001 f891 	bl	200012e0 <__best_effort_wfe_or_timeout_veneer>
200001be:	2800      	cmp	r0, #0
200001c0:	d0da      	beq.n	20000178 <mutex_enter_block_until+0x18>
200001c2:	2000      	movs	r0, #0
200001c4:	e8bd 83f8 	ldmia.w	sp!, {r3, r4, r5, r6, r7, r8, r9, pc}
200001c8:	bf20      	wfe
200001ca:	4630      	mov	r0, r6
200001cc:	4639      	mov	r1, r7
200001ce:	f001 f887 	bl	200012e0 <__best_effort_wfe_or_timeout_veneer>
200001d2:	2800      	cmp	r0, #0
200001d4:	d0d0      	beq.n	20000178 <mutex_enter_block_until+0x18>
200001d6:	e7f4      	b.n	200001c2 <mutex_enter_block_until+0x62>
200001d8:	2300      	movs	r3, #0
200001da:	f884 9004 	strb.w	r9, [r4, #4]
200001de:	e8c1 3f8f 	stlb	r3, [r1]
200001e2:	f382 8810 	msr	PRIMASK, r2
200001e6:	2001      	movs	r0, #1
200001e8:	e8bd 83f8 	ldmia.w	sp!, {r3, r4, r5, r6, r7, r8, r9, pc}
200001ec:	20001fc2 	.word	0x20001fc2

200001f0 <mutex_try_enter_block_until>:
200001f0:	b570      	push	{r4, r5, r6, lr}
200001f2:	b082      	sub	sp, #8
200001f4:	a901      	add	r1, sp, #4
200001f6:	4606      	mov	r6, r0
200001f8:	4614      	mov	r4, r2
200001fa:	461d      	mov	r5, r3
200001fc:	f7ff ff88 	bl	20000110 <mutex_try_enter>
20000200:	b938      	cbnz	r0, 20000212 <mutex_try_enter_block_until+0x22>
20000202:	f04f 4350 	mov.w	r3, #3489660928	@ 0xd0000000
20000206:	f99d 2004 	ldrsb.w	r2, [sp, #4]
2000020a:	f993 3000 	ldrsb.w	r3, [r3]
2000020e:	429a      	cmp	r2, r3
20000210:	d101      	bne.n	20000216 <mutex_try_enter_block_until+0x26>
20000212:	b002      	add	sp, #8
20000214:	bd70      	pop	{r4, r5, r6, pc}
20000216:	4622      	mov	r2, r4
20000218:	462b      	mov	r3, r5
2000021a:	4630      	mov	r0, r6
2000021c:	b002      	add	sp, #8
2000021e:	e8bd 4070 	ldmia.w	sp!, {r4, r5, r6, lr}
20000222:	f7ff bf9d 	b.w	20000160 <mutex_enter_block_until>
20000226:	bf00      	nop

20000228 <mutex_enter_timeout_ms>:
20000228:	b570      	push	{r4, r5, r6, lr}
2000022a:	4605      	mov	r5, r0
2000022c:	460c      	mov	r4, r1
2000022e:	f001 f847 	bl	200012c0 <__time_us_64_veneer>
20000232:	4602      	mov	r2, r0
20000234:	460b      	mov	r3, r1
20000236:	f44f 707a 	mov.w	r0, #1000	@ 0x3e8
2000023a:	f04f 3eff 	mov.w	lr, #4294967295	@ 0xffffffff
2000023e:	f06f 4c00 	mvn.w	ip, #2147483648	@ 0x80000000
20000242:	fbe4 2300 	umlal	r2, r3, r4, r0
20000246:	4596      	cmp	lr, r2
20000248:	eb7c 0103 	sbcs.w	r1, ip, r3
2000024c:	bf38      	it	cc
2000024e:	4672      	movcc	r2, lr
20000250:	4628      	mov	r0, r5
20000252:	e8bd 4070 	ldmia.w	sp!, {r4, r5, r6, lr}
20000256:	bf38      	it	cc
20000258:	4663      	movcc	r3, ip
2000025a:	f7ff bf81 	b.w	20000160 <mutex_enter_block_until>
2000025e:	bf00      	nop

20000260 <mutex_exit>:
20000260:	6803      	ldr	r3, [r0, #0]
20000262:	f3ef 8110 	mrs	r1, PRIMASK
20000266:	b672      	cpsid	i
20000268:	e8d3 cfcf 	ldaexb	ip, [r3]
2000026c:	2201      	movs	r2, #1
2000026e:	f1bc 0f00 	cmp.w	ip, #0
20000272:	d1f9      	bne.n	20000268 <mutex_exit+0x8>
20000274:	e8c3 2f4c 	strexb	ip, r2, [r3]
20000278:	f1bc 0f00 	cmp.w	ip, #0
2000027c:	d1f4      	bne.n	20000268 <mutex_exit+0x8>
2000027e:	f3bf 8f5f 	dmb	sy
20000282:	f04f 0cff 	mov.w	ip, #255	@ 0xff
20000286:	4a07      	ldr	r2, [pc, #28]	@ (200002a4 <mutex_exit+0x44>)
20000288:	f880 c004 	strb.w	ip, [r0, #4]
2000028c:	7813      	ldrb	r3, [r2, #0]
2000028e:	3301      	adds	r3, #1
20000290:	7013      	strb	r3, [r2, #0]
20000292:	2300      	movs	r3, #0
20000294:	6802      	ldr	r2, [r0, #0]
20000296:	e8c2 3f8f 	stlb	r3, [r2]
2000029a:	f381 8810 	msr	PRIMASK, r1
2000029e:	bf40      	sev
200002a0:	4770      	bx	lr
200002a2:	bf00      	nop
200002a4:	20001fc2 	.word	0x20001fc2

200002a8 <reset_non_control_endpoints>:
200002a8:	2100      	movs	r1, #0
200002aa:	b508      	push	{r3, lr}
200002ac:	4b13      	ldr	r3, [pc, #76]	@ (200002fc <reset_non_control_endpoints+0x54>)
200002ae:	f44f 7270 	mov.w	r2, #960	@ 0x3c0
200002b2:	6099      	str	r1, [r3, #8]
200002b4:	4812      	ldr	r0, [pc, #72]	@ (20000300 <reset_non_control_endpoints+0x58>)
200002b6:	60d9      	str	r1, [r3, #12]
200002b8:	6119      	str	r1, [r3, #16]
200002ba:	6159      	str	r1, [r3, #20]
200002bc:	6199      	str	r1, [r3, #24]
200002be:	61d9      	str	r1, [r3, #28]
200002c0:	6219      	str	r1, [r3, #32]
200002c2:	6259      	str	r1, [r3, #36]	@ 0x24
200002c4:	6299      	str	r1, [r3, #40]	@ 0x28
200002c6:	62d9      	str	r1, [r3, #44]	@ 0x2c
200002c8:	6319      	str	r1, [r3, #48]	@ 0x30
200002ca:	6359      	str	r1, [r3, #52]	@ 0x34
200002cc:	6399      	str	r1, [r3, #56]	@ 0x38
200002ce:	63d9      	str	r1, [r3, #60]	@ 0x3c
200002d0:	6419      	str	r1, [r3, #64]	@ 0x40
200002d2:	6459      	str	r1, [r3, #68]	@ 0x44
200002d4:	6499      	str	r1, [r3, #72]	@ 0x48
200002d6:	64d9      	str	r1, [r3, #76]	@ 0x4c
200002d8:	6519      	str	r1, [r3, #80]	@ 0x50
200002da:	6559      	str	r1, [r3, #84]	@ 0x54
200002dc:	6599      	str	r1, [r3, #88]	@ 0x58
200002de:	65d9      	str	r1, [r3, #92]	@ 0x5c
200002e0:	6619      	str	r1, [r3, #96]	@ 0x60
200002e2:	6659      	str	r1, [r3, #100]	@ 0x64
200002e4:	6699      	str	r1, [r3, #104]	@ 0x68
200002e6:	66d9      	str	r1, [r3, #108]	@ 0x6c
200002e8:	6719      	str	r1, [r3, #112]	@ 0x70
200002ea:	6759      	str	r1, [r3, #116]	@ 0x74
200002ec:	6799      	str	r1, [r3, #120]	@ 0x78
200002ee:	67d9      	str	r1, [r3, #124]	@ 0x7c
200002f0:	f000 ff2a 	bl	20001148 <memset>
200002f4:	4b03      	ldr	r3, [pc, #12]	@ (20000304 <reset_non_control_endpoints+0x5c>)
200002f6:	4a04      	ldr	r2, [pc, #16]	@ (20000308 <reset_non_control_endpoints+0x60>)
200002f8:	601a      	str	r2, [r3, #0]
200002fa:	bd08      	pop	{r3, pc}
200002fc:	50100000 	.word	0x50100000
20000300:	20001a24 	.word	0x20001a24
20000304:	20001dec 	.word	0x20001dec
20000308:	50100180 	.word	0x50100180

2000030c <hw_handle_buff_status>:
2000030c:	e92d 47f0 	stmdb	sp!, {r4, r5, r6, r7, r8, r9, sl, lr}
20000310:	4b1e      	ldr	r3, [pc, #120]	@ (2000038c <hw_handle_buff_status+0x80>)
20000312:	b084      	sub	sp, #16
20000314:	f8d3 a058 	ldr.w	sl, [r3, #88]	@ 0x58
20000318:	f1ba 0f00 	cmp.w	sl, #0
2000031c:	d021      	beq.n	20000362 <hw_handle_buff_status+0x56>
2000031e:	2400      	movs	r4, #0
20000320:	2501      	movs	r5, #1
20000322:	f44f 69e0 	mov.w	r9, #1792	@ 0x700
20000326:	f8df 806c 	ldr.w	r8, [pc, #108]	@ 20000394 <hw_handle_buff_status+0x88>
2000032a:	4f19      	ldr	r7, [pc, #100]	@ (20000390 <hw_handle_buff_status+0x84>)
2000032c:	e005      	b.n	2000033a <hw_handle_buff_status+0x2e>
2000032e:	3401      	adds	r4, #1
20000330:	b2e4      	uxtb	r4, r4
20000332:	2c20      	cmp	r4, #32
20000334:	ea4f 0545 	mov.w	r5, r5, lsl #1
20000338:	d013      	beq.n	20000362 <hw_handle_buff_status+0x56>
2000033a:	ea1a 0f05 	tst.w	sl, r5
2000033e:	d0f6      	beq.n	2000032e <hw_handle_buff_status+0x22>
20000340:	43e3      	mvns	r3, r4
20000342:	f004 06fe 	and.w	r6, r4, #254	@ 0xfe
20000346:	f003 0301 	and.w	r3, r3, #1
2000034a:	441e      	add	r6, r3
2000034c:	eb07 1646 	add.w	r6, r7, r6, lsl #5
20000350:	4630      	mov	r0, r6
20000352:	f8c8 5058 	str.w	r5, [r8, #88]	@ 0x58
20000356:	f000 fc01 	bl	20000b5c <hw_endpoint_xfer_continue>
2000035a:	b928      	cbnz	r0, 20000368 <hw_handle_buff_status+0x5c>
2000035c:	ea3a 0a05 	bics.w	sl, sl, r5
20000360:	d1e5      	bne.n	2000032e <hw_handle_buff_status+0x22>
20000362:	b004      	add	sp, #16
20000364:	e8bd 87f0 	ldmia.w	sp!, {r4, r5, r6, r7, r8, r9, sl, pc}
20000368:	78b3      	ldrb	r3, [r6, #2]
2000036a:	8af2      	ldrh	r2, [r6, #22]
2000036c:	f88d 3008 	strb.w	r3, [sp, #8]
20000370:	2300      	movs	r3, #0
20000372:	a801      	add	r0, sp, #4
20000374:	2101      	movs	r1, #1
20000376:	f8ad 9004 	strh.w	r9, [sp, #4]
2000037a:	9203      	str	r2, [sp, #12]
2000037c:	f88d 3009 	strb.w	r3, [sp, #9]
20000380:	f000 fc0a 	bl	20000b98 <dcd_event_handler>
20000384:	4630      	mov	r0, r6
20000386:	f000 fb8d 	bl	20000aa4 <hw_endpoint_reset_transfer>
2000038a:	e7e7      	b.n	2000035c <hw_handle_buff_status+0x50>
2000038c:	50110000 	.word	0x50110000
20000390:	200019e4 	.word	0x200019e4
20000394:	50113000 	.word	0x50113000

20000398 <dcd_rp2040_irq>:
20000398:	b570      	push	{r4, r5, r6, lr}
2000039a:	4bb2      	ldr	r3, [pc, #712]	@ (20000664 <dcd_rp2040_irq+0x2cc>)
2000039c:	b086      	sub	sp, #24
2000039e:	f8d3 4098 	ldr.w	r4, [r3, #152]	@ 0x98
200003a2:	f414 3500 	ands.w	r5, r4, #131072	@ 0x20000
200003a6:	d074      	beq.n	20000492 <dcd_rp2040_irq+0xfa>
200003a8:	4aaf      	ldr	r2, [pc, #700]	@ (20000668 <dcd_rp2040_irq+0x2d0>)
200003aa:	4bb0      	ldr	r3, [pc, #704]	@ (2000066c <dcd_rp2040_irq+0x2d4>)
200003ac:	6a90      	ldr	r0, [r2, #40]	@ 0x28
200003ae:	f893 203b 	ldrb.w	r2, [r3, #59]	@ 0x3b
200003b2:	49af      	ldr	r1, [pc, #700]	@ (20000670 <dcd_rp2040_irq+0x2d8>)
200003b4:	2a02      	cmp	r2, #2
200003b6:	6008      	str	r0, [r1, #0]
200003b8:	f000 80e6 	beq.w	20000588 <dcd_rp2040_irq+0x1f0>
200003bc:	2500      	movs	r5, #0
200003be:	f893 207b 	ldrb.w	r2, [r3, #123]	@ 0x7b
200003c2:	2a02      	cmp	r2, #2
200003c4:	f000 81b2 	beq.w	2000072c <dcd_rp2040_irq+0x394>
200003c8:	f893 20bb 	ldrb.w	r2, [r3, #187]	@ 0xbb
200003cc:	2a02      	cmp	r2, #2
200003ce:	f000 81a2 	beq.w	20000716 <dcd_rp2040_irq+0x37e>
200003d2:	f893 20fb 	ldrb.w	r2, [r3, #251]	@ 0xfb
200003d6:	2a02      	cmp	r2, #2
200003d8:	f000 8192 	beq.w	20000700 <dcd_rp2040_irq+0x368>
200003dc:	f893 213b 	ldrb.w	r2, [r3, #315]	@ 0x13b
200003e0:	2a02      	cmp	r2, #2
200003e2:	f000 8181 	beq.w	200006e8 <dcd_rp2040_irq+0x350>
200003e6:	f893 217b 	ldrb.w	r2, [r3, #379]	@ 0x17b
200003ea:	2a02      	cmp	r2, #2
200003ec:	f000 8171 	beq.w	200006d2 <dcd_rp2040_irq+0x33a>
200003f0:	f893 21bb 	ldrb.w	r2, [r3, #443]	@ 0x1bb
200003f4:	2a02      	cmp	r2, #2
200003f6:	f000 8161 	beq.w	200006bc <dcd_rp2040_irq+0x324>
200003fa:	f893 21fb 	ldrb.w	r2, [r3, #507]	@ 0x1fb
200003fe:	2a02      	cmp	r2, #2
20000400:	f000 8150 	beq.w	200006a4 <dcd_rp2040_irq+0x30c>
20000404:	f893 223b 	ldrb.w	r2, [r3, #571]	@ 0x23b
20000408:	2a02      	cmp	r2, #2
2000040a:	f000 813f 	beq.w	2000068c <dcd_rp2040_irq+0x2f4>
2000040e:	f893 227b 	ldrb.w	r2, [r3, #635]	@ 0x27b
20000412:	2a02      	cmp	r2, #2
20000414:	f000 811a 	beq.w	2000064c <dcd_rp2040_irq+0x2b4>
20000418:	f893 22bb 	ldrb.w	r2, [r3, #699]	@ 0x2bb
2000041c:	2a02      	cmp	r2, #2
2000041e:	f000 8109 	beq.w	20000634 <dcd_rp2040_irq+0x29c>
20000422:	f893 22fb 	ldrb.w	r2, [r3, #763]	@ 0x2fb
20000426:	2a02      	cmp	r2, #2
20000428:	f000 80f8 	beq.w	2000061c <dcd_rp2040_irq+0x284>
2000042c:	f893 233b 	ldrb.w	r2, [r3, #827]	@ 0x33b
20000430:	2a02      	cmp	r2, #2
20000432:	f000 80e7 	beq.w	20000604 <dcd_rp2040_irq+0x26c>
20000436:	f893 237b 	ldrb.w	r2, [r3, #891]	@ 0x37b
2000043a:	2a02      	cmp	r2, #2
2000043c:	f000 80b7 	beq.w	200005ae <dcd_rp2040_irq+0x216>
20000440:	f893 23bb 	ldrb.w	r2, [r3, #955]	@ 0x3bb
20000444:	2a02      	cmp	r2, #2
20000446:	f000 817c 	beq.w	20000742 <dcd_rp2040_irq+0x3aa>
2000044a:	f893 23fb 	ldrb.w	r2, [r3, #1019]	@ 0x3fb
2000044e:	2a02      	cmp	r2, #2
20000450:	f000 80c7 	beq.w	200005e2 <dcd_rp2040_irq+0x24a>
20000454:	b93d      	cbnz	r5, 20000466 <dcd_rp2040_irq+0xce>
20000456:	4b87      	ldr	r3, [pc, #540]	@ (20000674 <dcd_rp2040_irq+0x2dc>)
20000458:	781b      	ldrb	r3, [r3, #0]
2000045a:	b923      	cbnz	r3, 20000466 <dcd_rp2040_irq+0xce>
2000045c:	f44f 3200 	mov.w	r2, #131072	@ 0x20000
20000460:	4b85      	ldr	r3, [pc, #532]	@ (20000678 <dcd_rp2040_irq+0x2e0>)
20000462:	f8c3 2090 	str.w	r2, [r3, #144]	@ 0x90
20000466:	f44f 7240 	mov.w	r2, #768	@ 0x300
2000046a:	4b7e      	ldr	r3, [pc, #504]	@ (20000664 <dcd_rp2040_irq+0x2cc>)
2000046c:	2101      	movs	r1, #1
2000046e:	6c9b      	ldr	r3, [r3, #72]	@ 0x48
20000470:	a803      	add	r0, sp, #12
20000472:	f3c3 030a 	ubfx	r3, r3, #0, #11
20000476:	9304      	str	r3, [sp, #16]
20000478:	f8ad 200c 	strh.w	r2, [sp, #12]
2000047c:	f000 fb8c 	bl	20000b98 <dcd_event_handler>
20000480:	06e3      	lsls	r3, r4, #27
20000482:	f44f 3500 	mov.w	r5, #131072	@ 0x20000
20000486:	4e7d      	ldr	r6, [pc, #500]	@ (2000067c <dcd_rp2040_irq+0x2e4>)
20000488:	d507      	bpl.n	2000049a <dcd_rp2040_irq+0x102>
2000048a:	f7ff ff3f 	bl	2000030c <hw_handle_buff_status>
2000048e:	4635      	mov	r5, r6
20000490:	e003      	b.n	2000049a <dcd_rp2040_irq+0x102>
20000492:	06e3      	lsls	r3, r4, #27
20000494:	f04f 0610 	mov.w	r6, #16
20000498:	d4f7      	bmi.n	2000048a <dcd_rp2040_irq+0xf2>
2000049a:	03e0      	lsls	r0, r4, #15
2000049c:	d51d      	bpl.n	200004da <dcd_rp2040_irq+0x142>
2000049e:	4873      	ldr	r0, [pc, #460]	@ (2000066c <dcd_rp2040_irq+0x2d4>)
200004a0:	2602      	movs	r6, #2
200004a2:	7e83      	ldrb	r3, [r0, #26]
200004a4:	f445 3580 	orr.w	r5, r5, #65536	@ 0x10000
200004a8:	bb33      	cbnz	r3, 200004f8 <dcd_rp2040_irq+0x160>
200004aa:	f04f 0301 	mov.w	r3, #1
200004ae:	2e01      	cmp	r6, #1
200004b0:	70c3      	strb	r3, [r0, #3]
200004b2:	f100 0020 	add.w	r0, r0, #32
200004b6:	d11b      	bne.n	200004f0 <dcd_rp2040_irq+0x158>
200004b8:	f44f 62c0 	mov.w	r2, #1536	@ 0x600
200004bc:	4b70      	ldr	r3, [pc, #448]	@ (20000680 <dcd_rp2040_irq+0x2e8>)
200004be:	f8ad 200c 	strh.w	r2, [sp, #12]
200004c2:	e893 0003 	ldmia.w	r3, {r0, r1}
200004c6:	e9cd 0104 	strd	r0, r1, [sp, #16]
200004ca:	4631      	mov	r1, r6
200004cc:	a803      	add	r0, sp, #12
200004ce:	f000 fb63 	bl	20000b98 <dcd_event_handler>
200004d2:	f44f 3200 	mov.w	r2, #131072	@ 0x20000
200004d6:	4b68      	ldr	r3, [pc, #416]	@ (20000678 <dcd_rp2040_irq+0x2e0>)
200004d8:	651a      	str	r2, [r3, #80]	@ 0x50
200004da:	04e1      	lsls	r1, r4, #19
200004dc:	d43e      	bmi.n	2000055c <dcd_rp2040_irq+0x1c4>
200004de:	0462      	lsls	r2, r4, #17
200004e0:	d42e      	bmi.n	20000540 <dcd_rp2040_irq+0x1a8>
200004e2:	0423      	lsls	r3, r4, #16
200004e4:	d41d      	bmi.n	20000522 <dcd_rp2040_irq+0x18a>
200004e6:	42a5      	cmp	r5, r4
200004e8:	f040 81bb 	bne.w	20000862 <dcd_rp2040_irq+0x4ca>
200004ec:	b006      	add	sp, #24
200004ee:	bd70      	pop	{r4, r5, r6, pc}
200004f0:	7e83      	ldrb	r3, [r0, #26]
200004f2:	2601      	movs	r6, #1
200004f4:	2b00      	cmp	r3, #0
200004f6:	d0d8      	beq.n	200004aa <dcd_rp2040_irq+0x112>
200004f8:	4b62      	ldr	r3, [pc, #392]	@ (20000684 <dcd_rp2040_irq+0x2ec>)
200004fa:	4a5a      	ldr	r2, [pc, #360]	@ (20000664 <dcd_rp2040_irq+0x2cc>)
200004fc:	661e      	str	r6, [r3, #96]	@ 0x60
200004fe:	6e53      	ldr	r3, [r2, #100]	@ 0x64
20000500:	ea36 0303 	bics.w	r3, r6, r3
20000504:	d1fb      	bne.n	200004fe <dcd_rp2040_irq+0x166>
20000506:	f44f 5240 	mov.w	r2, #12288	@ 0x3000
2000050a:	2100      	movs	r1, #0
2000050c:	9001      	str	r0, [sp, #4]
2000050e:	f000 facf 	bl	20000ab0 <_hw_endpoint_buffer_control_update32>
20000512:	9801      	ldr	r0, [sp, #4]
20000514:	f000 fac6 	bl	20000aa4 <hw_endpoint_reset_transfer>
20000518:	4b57      	ldr	r3, [pc, #348]	@ (20000678 <dcd_rp2040_irq+0x2e0>)
2000051a:	9801      	ldr	r0, [sp, #4]
2000051c:	665e      	str	r6, [r3, #100]	@ 0x64
2000051e:	661e      	str	r6, [r3, #96]	@ 0x60
20000520:	e7c3      	b.n	200004aa <dcd_rp2040_irq+0x112>
20000522:	f44f 63a0 	mov.w	r3, #1280	@ 0x500
20000526:	2101      	movs	r1, #1
20000528:	a803      	add	r0, sp, #12
2000052a:	f8ad 300c 	strh.w	r3, [sp, #12]
2000052e:	f000 fb33 	bl	20000b98 <dcd_event_handler>
20000532:	f44f 6200 	mov.w	r2, #2048	@ 0x800
20000536:	4b50      	ldr	r3, [pc, #320]	@ (20000678 <dcd_rp2040_irq+0x2e0>)
20000538:	f445 4500 	orr.w	r5, r5, #32768	@ 0x8000
2000053c:	651a      	str	r2, [r3, #80]	@ 0x50
2000053e:	e7d2      	b.n	200004e6 <dcd_rp2040_irq+0x14e>
20000540:	f44f 6380 	mov.w	r3, #1024	@ 0x400
20000544:	2101      	movs	r1, #1
20000546:	a803      	add	r0, sp, #12
20000548:	f8ad 300c 	strh.w	r3, [sp, #12]
2000054c:	f000 fb24 	bl	20000b98 <dcd_event_handler>
20000550:	2210      	movs	r2, #16
20000552:	4b49      	ldr	r3, [pc, #292]	@ (20000678 <dcd_rp2040_irq+0x2e0>)
20000554:	f445 4580 	orr.w	r5, r5, #16384	@ 0x4000
20000558:	651a      	str	r2, [r3, #80]	@ 0x50
2000055a:	e7c2      	b.n	200004e2 <dcd_rp2040_irq+0x14a>
2000055c:	2600      	movs	r6, #0
2000055e:	4b41      	ldr	r3, [pc, #260]	@ (20000664 <dcd_rp2040_irq+0x2cc>)
20000560:	f445 5580 	orr.w	r5, r5, #4096	@ 0x1000
20000564:	601e      	str	r6, [r3, #0]
20000566:	f7ff fe9f 	bl	200002a8 <reset_non_control_endpoints>
2000056a:	f44f 7380 	mov.w	r3, #256	@ 0x100
2000056e:	2101      	movs	r1, #1
20000570:	a803      	add	r0, sp, #12
20000572:	f8ad 300c 	strh.w	r3, [sp, #12]
20000576:	f88d 6010 	strb.w	r6, [sp, #16]
2000057a:	f000 fb0d 	bl	20000b98 <dcd_event_handler>
2000057e:	f44f 2200 	mov.w	r2, #524288	@ 0x80000
20000582:	4b3d      	ldr	r3, [pc, #244]	@ (20000678 <dcd_rp2040_irq+0x2e0>)
20000584:	651a      	str	r2, [r3, #80]	@ 0x50
20000586:	e7aa      	b.n	200004de <dcd_rp2040_irq+0x146>
20000588:	f893 503a 	ldrb.w	r5, [r3, #58]	@ 0x3a
2000058c:	2d00      	cmp	r5, #0
2000058e:	f43f af16 	beq.w	200003be <dcd_rp2040_irq+0x26>
20000592:	f893 203c 	ldrb.w	r2, [r3, #60]	@ 0x3c
20000596:	2a00      	cmp	r2, #0
20000598:	f43f af11 	beq.w	200003be <dcd_rp2040_irq+0x26>
2000059c:	2200      	movs	r2, #0
2000059e:	f103 0020 	add.w	r0, r3, #32
200005a2:	f883 203c 	strb.w	r2, [r3, #60]	@ 0x3c
200005a6:	f000 faa7 	bl	20000af8 <hw_endpoint_start_next_buffer>
200005aa:	4b30      	ldr	r3, [pc, #192]	@ (2000066c <dcd_rp2040_irq+0x2d4>)
200005ac:	e707      	b.n	200003be <dcd_rp2040_irq+0x26>
200005ae:	f893 637a 	ldrb.w	r6, [r3, #890]	@ 0x37a
200005b2:	2e00      	cmp	r6, #0
200005b4:	f43f af44 	beq.w	20000440 <dcd_rp2040_irq+0xa8>
200005b8:	f893 237c 	ldrb.w	r2, [r3, #892]	@ 0x37c
200005bc:	2a00      	cmp	r2, #0
200005be:	f040 8140 	bne.w	20000842 <dcd_rp2040_irq+0x4aa>
200005c2:	f893 23bb 	ldrb.w	r2, [r3, #955]	@ 0x3bb
200005c6:	2a02      	cmp	r2, #2
200005c8:	f040 80c4 	bne.w	20000754 <dcd_rp2040_irq+0x3bc>
200005cc:	f893 23ba 	ldrb.w	r2, [r3, #954]	@ 0x3ba
200005d0:	2a00      	cmp	r2, #0
200005d2:	f040 80bb 	bne.w	2000074c <dcd_rp2040_irq+0x3b4>
200005d6:	f893 23fb 	ldrb.w	r2, [r3, #1019]	@ 0x3fb
200005da:	2a02      	cmp	r2, #2
200005dc:	f47f af43 	bne.w	20000466 <dcd_rp2040_irq+0xce>
200005e0:	4635      	mov	r5, r6
200005e2:	f893 23fa 	ldrb.w	r2, [r3, #1018]	@ 0x3fa
200005e6:	2a00      	cmp	r2, #0
200005e8:	f43f af34 	beq.w	20000454 <dcd_rp2040_irq+0xbc>
200005ec:	f893 23fc 	ldrb.w	r2, [r3, #1020]	@ 0x3fc
200005f0:	2a00      	cmp	r2, #0
200005f2:	f43f af38 	beq.w	20000466 <dcd_rp2040_irq+0xce>
200005f6:	2200      	movs	r2, #0
200005f8:	4823      	ldr	r0, [pc, #140]	@ (20000688 <dcd_rp2040_irq+0x2f0>)
200005fa:	f883 23fc 	strb.w	r2, [r3, #1020]	@ 0x3fc
200005fe:	f000 fa7b 	bl	20000af8 <hw_endpoint_start_next_buffer>
20000602:	e730      	b.n	20000466 <dcd_rp2040_irq+0xce>
20000604:	f893 633a 	ldrb.w	r6, [r3, #826]	@ 0x33a
20000608:	2e00      	cmp	r6, #0
2000060a:	f43f af14 	beq.w	20000436 <dcd_rp2040_irq+0x9e>
2000060e:	f893 233c 	ldrb.w	r2, [r3, #828]	@ 0x33c
20000612:	2a00      	cmp	r2, #0
20000614:	f040 80a9 	bne.w	2000076a <dcd_rp2040_irq+0x3d2>
20000618:	4635      	mov	r5, r6
2000061a:	e70c      	b.n	20000436 <dcd_rp2040_irq+0x9e>
2000061c:	f893 62fa 	ldrb.w	r6, [r3, #762]	@ 0x2fa
20000620:	2e00      	cmp	r6, #0
20000622:	f43f af03 	beq.w	2000042c <dcd_rp2040_irq+0x94>
20000626:	f893 22fc 	ldrb.w	r2, [r3, #764]	@ 0x2fc
2000062a:	2a00      	cmp	r2, #0
2000062c:	f040 80af 	bne.w	2000078e <dcd_rp2040_irq+0x3f6>
20000630:	4635      	mov	r5, r6
20000632:	e6fb      	b.n	2000042c <dcd_rp2040_irq+0x94>
20000634:	f893 62ba 	ldrb.w	r6, [r3, #698]	@ 0x2ba
20000638:	2e00      	cmp	r6, #0
2000063a:	f43f aef2 	beq.w	20000422 <dcd_rp2040_irq+0x8a>
2000063e:	f893 22bc 	ldrb.w	r2, [r3, #700]	@ 0x2bc
20000642:	2a00      	cmp	r2, #0
20000644:	f040 809a 	bne.w	2000077c <dcd_rp2040_irq+0x3e4>
20000648:	4635      	mov	r5, r6
2000064a:	e6ea      	b.n	20000422 <dcd_rp2040_irq+0x8a>
2000064c:	f893 627a 	ldrb.w	r6, [r3, #634]	@ 0x27a
20000650:	2e00      	cmp	r6, #0
20000652:	f43f aee1 	beq.w	20000418 <dcd_rp2040_irq+0x80>
20000656:	f893 227c 	ldrb.w	r2, [r3, #636]	@ 0x27c
2000065a:	2a00      	cmp	r2, #0
2000065c:	f040 80cd 	bne.w	200007fa <dcd_rp2040_irq+0x462>
20000660:	4635      	mov	r5, r6
20000662:	e6d9      	b.n	20000418 <dcd_rp2040_irq+0x80>
20000664:	50110000 	.word	0x50110000
20000668:	400b0000 	.word	0x400b0000
2000066c:	200019e4 	.word	0x200019e4
20000670:	20001888 	.word	0x20001888
20000674:	20001fbe 	.word	0x20001fbe
20000678:	50113000 	.word	0x50113000
2000067c:	00020010 	.word	0x00020010
20000680:	50100000 	.word	0x50100000
20000684:	50112000 	.word	0x50112000
20000688:	20001dc4 	.word	0x20001dc4
2000068c:	f893 623a 	ldrb.w	r6, [r3, #570]	@ 0x23a
20000690:	2e00      	cmp	r6, #0
20000692:	f43f aebc 	beq.w	2000040e <dcd_rp2040_irq+0x76>
20000696:	f893 223c 	ldrb.w	r2, [r3, #572]	@ 0x23c
2000069a:	2a00      	cmp	r2, #0
2000069c:	f040 80a4 	bne.w	200007e8 <dcd_rp2040_irq+0x450>
200006a0:	4635      	mov	r5, r6
200006a2:	e6b4      	b.n	2000040e <dcd_rp2040_irq+0x76>
200006a4:	f893 61fa 	ldrb.w	r6, [r3, #506]	@ 0x1fa
200006a8:	2e00      	cmp	r6, #0
200006aa:	f43f aeab 	beq.w	20000404 <dcd_rp2040_irq+0x6c>
200006ae:	f893 21fc 	ldrb.w	r2, [r3, #508]	@ 0x1fc
200006b2:	2a00      	cmp	r2, #0
200006b4:	f040 808f 	bne.w	200007d6 <dcd_rp2040_irq+0x43e>
200006b8:	4635      	mov	r5, r6
200006ba:	e6a3      	b.n	20000404 <dcd_rp2040_irq+0x6c>
200006bc:	f893 61ba 	ldrb.w	r6, [r3, #442]	@ 0x1ba
200006c0:	2e00      	cmp	r6, #0
200006c2:	f43f ae9a 	beq.w	200003fa <dcd_rp2040_irq+0x62>
200006c6:	f893 21bc 	ldrb.w	r2, [r3, #444]	@ 0x1bc
200006ca:	2a00      	cmp	r2, #0
200006cc:	d17a      	bne.n	200007c4 <dcd_rp2040_irq+0x42c>
200006ce:	4635      	mov	r5, r6
200006d0:	e693      	b.n	200003fa <dcd_rp2040_irq+0x62>
200006d2:	f893 617a 	ldrb.w	r6, [r3, #378]	@ 0x17a
200006d6:	2e00      	cmp	r6, #0
200006d8:	f43f ae8a 	beq.w	200003f0 <dcd_rp2040_irq+0x58>
200006dc:	f893 217c 	ldrb.w	r2, [r3, #380]	@ 0x17c
200006e0:	2a00      	cmp	r2, #0
200006e2:	d166      	bne.n	200007b2 <dcd_rp2040_irq+0x41a>
200006e4:	4635      	mov	r5, r6
200006e6:	e683      	b.n	200003f0 <dcd_rp2040_irq+0x58>
200006e8:	f893 613a 	ldrb.w	r6, [r3, #314]	@ 0x13a
200006ec:	2e00      	cmp	r6, #0
200006ee:	f43f ae7a 	beq.w	200003e6 <dcd_rp2040_irq+0x4e>
200006f2:	f893 213c 	ldrb.w	r2, [r3, #316]	@ 0x13c
200006f6:	2a00      	cmp	r2, #0
200006f8:	f040 8091 	bne.w	2000081e <dcd_rp2040_irq+0x486>
200006fc:	4635      	mov	r5, r6
200006fe:	e672      	b.n	200003e6 <dcd_rp2040_irq+0x4e>
20000700:	f893 60fa 	ldrb.w	r6, [r3, #250]	@ 0xfa
20000704:	2e00      	cmp	r6, #0
20000706:	f43f ae69 	beq.w	200003dc <dcd_rp2040_irq+0x44>
2000070a:	f893 20fc 	ldrb.w	r2, [r3, #252]	@ 0xfc
2000070e:	2a00      	cmp	r2, #0
20000710:	d17c      	bne.n	2000080c <dcd_rp2040_irq+0x474>
20000712:	4635      	mov	r5, r6
20000714:	e662      	b.n	200003dc <dcd_rp2040_irq+0x44>
20000716:	f893 60ba 	ldrb.w	r6, [r3, #186]	@ 0xba
2000071a:	2e00      	cmp	r6, #0
2000071c:	f43f ae59 	beq.w	200003d2 <dcd_rp2040_irq+0x3a>
20000720:	f893 20bc 	ldrb.w	r2, [r3, #188]	@ 0xbc
20000724:	2a00      	cmp	r2, #0
20000726:	d13b      	bne.n	200007a0 <dcd_rp2040_irq+0x408>
20000728:	4635      	mov	r5, r6
2000072a:	e652      	b.n	200003d2 <dcd_rp2040_irq+0x3a>
2000072c:	f893 607a 	ldrb.w	r6, [r3, #122]	@ 0x7a
20000730:	2e00      	cmp	r6, #0
20000732:	f43f ae49 	beq.w	200003c8 <dcd_rp2040_irq+0x30>
20000736:	f893 207c 	ldrb.w	r2, [r3, #124]	@ 0x7c
2000073a:	2a00      	cmp	r2, #0
2000073c:	d178      	bne.n	20000830 <dcd_rp2040_irq+0x498>
2000073e:	4635      	mov	r5, r6
20000740:	e642      	b.n	200003c8 <dcd_rp2040_irq+0x30>
20000742:	f893 23ba 	ldrb.w	r2, [r3, #954]	@ 0x3ba
20000746:	2a00      	cmp	r2, #0
20000748:	f43f ae7f 	beq.w	2000044a <dcd_rp2040_irq+0xb2>
2000074c:	f893 23bc 	ldrb.w	r2, [r3, #956]	@ 0x3bc
20000750:	2a00      	cmp	r2, #0
20000752:	d17e      	bne.n	20000852 <dcd_rp2040_irq+0x4ba>
20000754:	f893 23fb 	ldrb.w	r2, [r3, #1019]	@ 0x3fb
20000758:	2a02      	cmp	r2, #2
2000075a:	f47f ae84 	bne.w	20000466 <dcd_rp2040_irq+0xce>
2000075e:	f893 23fa 	ldrb.w	r2, [r3, #1018]	@ 0x3fa
20000762:	2a00      	cmp	r2, #0
20000764:	f43f ae7f 	beq.w	20000466 <dcd_rp2040_irq+0xce>
20000768:	e740      	b.n	200005ec <dcd_rp2040_irq+0x254>
2000076a:	2200      	movs	r2, #0
2000076c:	483f      	ldr	r0, [pc, #252]	@ (2000086c <dcd_rp2040_irq+0x4d4>)
2000076e:	f883 233c 	strb.w	r2, [r3, #828]	@ 0x33c
20000772:	4635      	mov	r5, r6
20000774:	f000 f9c0 	bl	20000af8 <hw_endpoint_start_next_buffer>
20000778:	4b3d      	ldr	r3, [pc, #244]	@ (20000870 <dcd_rp2040_irq+0x4d8>)
2000077a:	e65c      	b.n	20000436 <dcd_rp2040_irq+0x9e>
2000077c:	2200      	movs	r2, #0
2000077e:	483d      	ldr	r0, [pc, #244]	@ (20000874 <dcd_rp2040_irq+0x4dc>)
20000780:	f883 22bc 	strb.w	r2, [r3, #700]	@ 0x2bc
20000784:	4635      	mov	r5, r6
20000786:	f000 f9b7 	bl	20000af8 <hw_endpoint_start_next_buffer>
2000078a:	4b39      	ldr	r3, [pc, #228]	@ (20000870 <dcd_rp2040_irq+0x4d8>)
2000078c:	e649      	b.n	20000422 <dcd_rp2040_irq+0x8a>
2000078e:	2200      	movs	r2, #0
20000790:	4839      	ldr	r0, [pc, #228]	@ (20000878 <dcd_rp2040_irq+0x4e0>)
20000792:	f883 22fc 	strb.w	r2, [r3, #764]	@ 0x2fc
20000796:	4635      	mov	r5, r6
20000798:	f000 f9ae 	bl	20000af8 <hw_endpoint_start_next_buffer>
2000079c:	4b34      	ldr	r3, [pc, #208]	@ (20000870 <dcd_rp2040_irq+0x4d8>)
2000079e:	e645      	b.n	2000042c <dcd_rp2040_irq+0x94>
200007a0:	2200      	movs	r2, #0
200007a2:	4836      	ldr	r0, [pc, #216]	@ (2000087c <dcd_rp2040_irq+0x4e4>)
200007a4:	f883 20bc 	strb.w	r2, [r3, #188]	@ 0xbc
200007a8:	4635      	mov	r5, r6
200007aa:	f000 f9a5 	bl	20000af8 <hw_endpoint_start_next_buffer>
200007ae:	4b30      	ldr	r3, [pc, #192]	@ (20000870 <dcd_rp2040_irq+0x4d8>)
200007b0:	e60f      	b.n	200003d2 <dcd_rp2040_irq+0x3a>
200007b2:	2200      	movs	r2, #0
200007b4:	4832      	ldr	r0, [pc, #200]	@ (20000880 <dcd_rp2040_irq+0x4e8>)
200007b6:	f883 217c 	strb.w	r2, [r3, #380]	@ 0x17c
200007ba:	4635      	mov	r5, r6
200007bc:	f000 f99c 	bl	20000af8 <hw_endpoint_start_next_buffer>
200007c0:	4b2b      	ldr	r3, [pc, #172]	@ (20000870 <dcd_rp2040_irq+0x4d8>)
200007c2:	e615      	b.n	200003f0 <dcd_rp2040_irq+0x58>
200007c4:	2200      	movs	r2, #0
200007c6:	482f      	ldr	r0, [pc, #188]	@ (20000884 <dcd_rp2040_irq+0x4ec>)
200007c8:	f883 21bc 	strb.w	r2, [r3, #444]	@ 0x1bc
200007cc:	4635      	mov	r5, r6
200007ce:	f000 f993 	bl	20000af8 <hw_endpoint_start_next_buffer>
200007d2:	4b27      	ldr	r3, [pc, #156]	@ (20000870 <dcd_rp2040_irq+0x4d8>)
200007d4:	e611      	b.n	200003fa <dcd_rp2040_irq+0x62>
200007d6:	2200      	movs	r2, #0
200007d8:	482b      	ldr	r0, [pc, #172]	@ (20000888 <dcd_rp2040_irq+0x4f0>)
200007da:	f883 21fc 	strb.w	r2, [r3, #508]	@ 0x1fc
200007de:	4635      	mov	r5, r6
200007e0:	f000 f98a 	bl	20000af8 <hw_endpoint_start_next_buffer>
200007e4:	4b22      	ldr	r3, [pc, #136]	@ (20000870 <dcd_rp2040_irq+0x4d8>)
200007e6:	e60d      	b.n	20000404 <dcd_rp2040_irq+0x6c>
200007e8:	2200      	movs	r2, #0
200007ea:	4828      	ldr	r0, [pc, #160]	@ (2000088c <dcd_rp2040_irq+0x4f4>)
200007ec:	f883 223c 	strb.w	r2, [r3, #572]	@ 0x23c
200007f0:	4635      	mov	r5, r6
200007f2:	f000 f981 	bl	20000af8 <hw_endpoint_start_next_buffer>
200007f6:	4b1e      	ldr	r3, [pc, #120]	@ (20000870 <dcd_rp2040_irq+0x4d8>)
200007f8:	e609      	b.n	2000040e <dcd_rp2040_irq+0x76>
200007fa:	2200      	movs	r2, #0
200007fc:	4824      	ldr	r0, [pc, #144]	@ (20000890 <dcd_rp2040_irq+0x4f8>)
200007fe:	f883 227c 	strb.w	r2, [r3, #636]	@ 0x27c
20000802:	4635      	mov	r5, r6
20000804:	f000 f978 	bl	20000af8 <hw_endpoint_start_next_buffer>
20000808:	4b19      	ldr	r3, [pc, #100]	@ (20000870 <dcd_rp2040_irq+0x4d8>)
2000080a:	e605      	b.n	20000418 <dcd_rp2040_irq+0x80>
2000080c:	2200      	movs	r2, #0
2000080e:	4821      	ldr	r0, [pc, #132]	@ (20000894 <dcd_rp2040_irq+0x4fc>)
20000810:	f883 20fc 	strb.w	r2, [r3, #252]	@ 0xfc
20000814:	4635      	mov	r5, r6
20000816:	f000 f96f 	bl	20000af8 <hw_endpoint_start_next_buffer>
2000081a:	4b15      	ldr	r3, [pc, #84]	@ (20000870 <dcd_rp2040_irq+0x4d8>)
2000081c:	e5de      	b.n	200003dc <dcd_rp2040_irq+0x44>
2000081e:	2200      	movs	r2, #0
20000820:	481d      	ldr	r0, [pc, #116]	@ (20000898 <dcd_rp2040_irq+0x500>)
20000822:	f883 213c 	strb.w	r2, [r3, #316]	@ 0x13c
20000826:	4635      	mov	r5, r6
20000828:	f000 f966 	bl	20000af8 <hw_endpoint_start_next_buffer>
2000082c:	4b10      	ldr	r3, [pc, #64]	@ (20000870 <dcd_rp2040_irq+0x4d8>)
2000082e:	e5da      	b.n	200003e6 <dcd_rp2040_irq+0x4e>
20000830:	2200      	movs	r2, #0
20000832:	481a      	ldr	r0, [pc, #104]	@ (2000089c <dcd_rp2040_irq+0x504>)
20000834:	f883 207c 	strb.w	r2, [r3, #124]	@ 0x7c
20000838:	4635      	mov	r5, r6
2000083a:	f000 f95d 	bl	20000af8 <hw_endpoint_start_next_buffer>
2000083e:	4b0c      	ldr	r3, [pc, #48]	@ (20000870 <dcd_rp2040_irq+0x4d8>)
20000840:	e5c2      	b.n	200003c8 <dcd_rp2040_irq+0x30>
20000842:	2200      	movs	r2, #0
20000844:	4816      	ldr	r0, [pc, #88]	@ (200008a0 <dcd_rp2040_irq+0x508>)
20000846:	f883 237c 	strb.w	r2, [r3, #892]	@ 0x37c
2000084a:	f000 f955 	bl	20000af8 <hw_endpoint_start_next_buffer>
2000084e:	4b08      	ldr	r3, [pc, #32]	@ (20000870 <dcd_rp2040_irq+0x4d8>)
20000850:	e6b7      	b.n	200005c2 <dcd_rp2040_irq+0x22a>
20000852:	2200      	movs	r2, #0
20000854:	4813      	ldr	r0, [pc, #76]	@ (200008a4 <dcd_rp2040_irq+0x50c>)
20000856:	f883 23bc 	strb.w	r2, [r3, #956]	@ 0x3bc
2000085a:	f000 f94d 	bl	20000af8 <hw_endpoint_start_next_buffer>
2000085e:	4b04      	ldr	r3, [pc, #16]	@ (20000870 <dcd_rp2040_irq+0x4d8>)
20000860:	e778      	b.n	20000754 <dcd_rp2040_irq+0x3bc>
20000862:	4811      	ldr	r0, [pc, #68]	@ (200008a8 <dcd_rp2040_irq+0x510>)
20000864:	ea85 0104 	eor.w	r1, r5, r4
20000868:	f000 fd36 	bl	200012d8 <__panic_veneer>
2000086c:	20001d04 	.word	0x20001d04
20000870:	200019e4 	.word	0x200019e4
20000874:	20001c84 	.word	0x20001c84
20000878:	20001cc4 	.word	0x20001cc4
2000087c:	20001a84 	.word	0x20001a84
20000880:	20001b44 	.word	0x20001b44
20000884:	20001b84 	.word	0x20001b84
20000888:	20001bc4 	.word	0x20001bc4
2000088c:	20001c04 	.word	0x20001c04
20000890:	20001c44 	.word	0x20001c44
20000894:	20001ac4 	.word	0x20001ac4
20000898:	20001b04 	.word	0x20001b04
2000089c:	20001a44 	.word	0x20001a44
200008a0:	20001d44 	.word	0x20001d44
200008a4:	20001d84 	.word	0x20001d84
200008a8:	10006c10 	.word	0x10006c10

200008ac <prepare_ep_buffer>:
200008ac:	e92d 43f0 	stmdb	sp!, {r4, r5, r6, r7, r8, r9, lr}
200008b0:	8a82      	ldrh	r2, [r0, #20]
200008b2:	f8b0 e018 	ldrh.w	lr, [r0, #24]
200008b6:	4603      	mov	r3, r0
200008b8:	4596      	cmp	lr, r2
200008ba:	78c0      	ldrb	r0, [r0, #3]
200008bc:	bf28      	it	cs
200008be:	4696      	movcs	lr, r2
200008c0:	1e04      	subs	r4, r0, #0
200008c2:	bf18      	it	ne
200008c4:	2401      	movne	r4, #1
200008c6:	f080 0001 	eor.w	r0, r0, #1
200008ca:	460d      	mov	r5, r1
200008cc:	eba2 020e 	sub.w	r2, r2, lr
200008d0:	7859      	ldrb	r1, [r3, #1]
200008d2:	70d8      	strb	r0, [r3, #3]
200008d4:	b292      	uxth	r2, r2
200008d6:	f44e 6080 	orr.w	r0, lr, #1024	@ 0x400
200008da:	829a      	strh	r2, [r3, #20]
200008dc:	ea40 3044 	orr.w	r0, r0, r4, lsl #13
200008e0:	bba1      	cbnz	r1, 2000094c <prepare_ep_buffer+0xa0>
200008e2:	6919      	ldr	r1, [r3, #16]
200008e4:	f1be 0f00 	cmp.w	lr, #0
200008e8:	d02c      	beq.n	20000944 <prepare_ep_buffer+0x98>
200008ea:	f10e 34ff 	add.w	r4, lr, #4294967295	@ 0xffffffff
200008ee:	68da      	ldr	r2, [r3, #12]
200008f0:	2c05      	cmp	r4, #5
200008f2:	46a1      	mov	r9, r4
200008f4:	eb02 1885 	add.w	r8, r2, r5, lsl #6
200008f8:	d92f      	bls.n	2000095a <prepare_ep_buffer+0xae>
200008fa:	eba8 0401 	sub.w	r4, r8, r1
200008fe:	3c01      	subs	r4, #1
20000900:	2c02      	cmp	r4, #2
20000902:	46c4      	mov	ip, r8
20000904:	460a      	mov	r2, r1
20000906:	d928      	bls.n	2000095a <prepare_ep_buffer+0xae>
20000908:	ea4f 079e 	mov.w	r7, lr, lsr #2
2000090c:	eb01 0687 	add.w	r6, r1, r7, lsl #2
20000910:	f852 4b04 	ldr.w	r4, [r2], #4
20000914:	4296      	cmp	r6, r2
20000916:	f84c 4b04 	str.w	r4, [ip], #4
2000091a:	d1f9      	bne.n	20000910 <prepare_ep_buffer+0x64>
2000091c:	ebbe 0f87 	cmp.w	lr, r7, lsl #2
20000920:	d00e      	beq.n	20000940 <prepare_ep_buffer+0x94>
20000922:	f811 2027 	ldrb.w	r2, [r1, r7, lsl #2]
20000926:	ebb9 0187 	subs.w	r1, r9, r7, lsl #2
2000092a:	f808 2027 	strb.w	r2, [r8, r7, lsl #2]
2000092e:	eb08 0287 	add.w	r2, r8, r7, lsl #2
20000932:	d005      	beq.n	20000940 <prepare_ep_buffer+0x94>
20000934:	7874      	ldrb	r4, [r6, #1]
20000936:	2901      	cmp	r1, #1
20000938:	7054      	strb	r4, [r2, #1]
2000093a:	d001      	beq.n	20000940 <prepare_ep_buffer+0x94>
2000093c:	78b1      	ldrb	r1, [r6, #2]
2000093e:	7091      	strb	r1, [r2, #2]
20000940:	6919      	ldr	r1, [r3, #16]
20000942:	8a9a      	ldrh	r2, [r3, #20]
20000944:	4471      	add	r1, lr
20000946:	6119      	str	r1, [r3, #16]
20000948:	f440 4000 	orr.w	r0, r0, #32768	@ 0x8000
2000094c:	b90a      	cbnz	r2, 20000952 <prepare_ep_buffer+0xa6>
2000094e:	f440 4080 	orr.w	r0, r0, #16384	@ 0x4000
20000952:	b105      	cbz	r5, 20000956 <prepare_ep_buffer+0xaa>
20000954:	0400      	lsls	r0, r0, #16
20000956:	e8bd 83f0 	ldmia.w	sp!, {r4, r5, r6, r7, r8, r9, pc}
2000095a:	f108 32ff 	add.w	r2, r8, #4294967295	@ 0xffffffff
2000095e:	eb01 060e 	add.w	r6, r1, lr
20000962:	f811 4b01 	ldrb.w	r4, [r1], #1
20000966:	42b1      	cmp	r1, r6
20000968:	f802 4f01 	strb.w	r4, [r2, #1]!
2000096c:	d1f9      	bne.n	20000962 <prepare_ep_buffer+0xb6>
2000096e:	e7e7      	b.n	20000940 <prepare_ep_buffer+0x94>

20000970 <sync_ep_buffer>:
20000970:	6883      	ldr	r3, [r0, #8]
20000972:	e92d 41f0 	stmdb	sp!, {r4, r5, r6, r7, r8, lr}
20000976:	4605      	mov	r5, r0
20000978:	6818      	ldr	r0, [r3, #0]
2000097a:	b101      	cbz	r1, 2000097e <sync_ep_buffer+0xe>
2000097c:	0c00      	lsrs	r0, r0, #16
2000097e:	786a      	ldrb	r2, [r5, #1]
20000980:	f3c0 0009 	ubfx	r0, r0, #0, #10
20000984:	b94a      	cbnz	r2, 2000099a <sync_ep_buffer+0x2a>
20000986:	8aeb      	ldrh	r3, [r5, #22]
20000988:	4403      	add	r3, r0
2000098a:	82eb      	strh	r3, [r5, #22]
2000098c:	8b2b      	ldrh	r3, [r5, #24]
2000098e:	4283      	cmp	r3, r0
20000990:	bf84      	itt	hi
20000992:	2300      	movhi	r3, #0
20000994:	82ab      	strhhi	r3, [r5, #20]
20000996:	e8bd 81f0 	ldmia.w	sp!, {r4, r5, r6, r7, r8, pc}
2000099a:	f8d5 c010 	ldr.w	ip, [r5, #16]
2000099e:	b388      	cbz	r0, 20000a04 <sync_ep_buffer+0x94>
200009a0:	1e42      	subs	r2, r0, #1
200009a2:	68eb      	ldr	r3, [r5, #12]
200009a4:	2a05      	cmp	r2, #5
200009a6:	4616      	mov	r6, r2
200009a8:	eb03 1e81 	add.w	lr, r3, r1, lsl #6
200009ac:	d931      	bls.n	20000a12 <sync_ep_buffer+0xa2>
200009ae:	0189      	lsls	r1, r1, #6
200009b0:	1c4c      	adds	r4, r1, #1
200009b2:	441c      	add	r4, r3
200009b4:	ebac 0404 	sub.w	r4, ip, r4
200009b8:	2c02      	cmp	r4, #2
200009ba:	4662      	mov	r2, ip
200009bc:	d929      	bls.n	20000a12 <sync_ep_buffer+0xa2>
200009be:	f400 717f 	and.w	r1, r0, #1020	@ 0x3fc
200009c2:	4673      	mov	r3, lr
200009c4:	460f      	mov	r7, r1
200009c6:	ea4f 0890 	mov.w	r8, r0, lsr #2
200009ca:	185c      	adds	r4, r3, r1
200009cc:	f853 1b04 	ldr.w	r1, [r3], #4
200009d0:	42a3      	cmp	r3, r4
200009d2:	f842 1b04 	str.w	r1, [r2], #4
200009d6:	d1f9      	bne.n	200009cc <sync_ep_buffer+0x5c>
200009d8:	42b8      	cmp	r0, r7
200009da:	d011      	beq.n	20000a00 <sync_ep_buffer+0x90>
200009dc:	f81e 3028 	ldrb.w	r3, [lr, r8, lsl #2]
200009e0:	44be      	add	lr, r7
200009e2:	f80c 3028 	strb.w	r3, [ip, r8, lsl #2]
200009e6:	1bf3      	subs	r3, r6, r7
200009e8:	44bc      	add	ip, r7
200009ea:	d009      	beq.n	20000a00 <sync_ep_buffer+0x90>
200009ec:	f89e 2001 	ldrb.w	r2, [lr, #1]
200009f0:	2b01      	cmp	r3, #1
200009f2:	f88c 2001 	strb.w	r2, [ip, #1]
200009f6:	d003      	beq.n	20000a00 <sync_ep_buffer+0x90>
200009f8:	f89e 3002 	ldrb.w	r3, [lr, #2]
200009fc:	f88c 3002 	strb.w	r3, [ip, #2]
20000a00:	f8d5 c010 	ldr.w	ip, [r5, #16]
20000a04:	8aea      	ldrh	r2, [r5, #22]
20000a06:	eb0c 0300 	add.w	r3, ip, r0
20000a0a:	4402      	add	r2, r0
20000a0c:	82ea      	strh	r2, [r5, #22]
20000a0e:	612b      	str	r3, [r5, #16]
20000a10:	e7bc      	b.n	2000098c <sync_ep_buffer+0x1c>
20000a12:	f10c 3cff 	add.w	ip, ip, #4294967295	@ 0xffffffff
20000a16:	eb0e 0200 	add.w	r2, lr, r0
20000a1a:	f81e 3b01 	ldrb.w	r3, [lr], #1
20000a1e:	4572      	cmp	r2, lr
20000a20:	f80c 3f01 	strb.w	r3, [ip, #1]!
20000a24:	d1f9      	bne.n	20000a1a <sync_ep_buffer+0xaa>
20000a26:	e7eb      	b.n	20000a00 <sync_ep_buffer+0x90>

20000a28 <_hw_endpoint_xfer_sync>:
20000a28:	b510      	push	{r4, lr}
20000a2a:	4604      	mov	r4, r0
20000a2c:	6883      	ldr	r3, [r0, #8]
20000a2e:	2100      	movs	r1, #0
20000a30:	681b      	ldr	r3, [r3, #0]
20000a32:	f7ff ff9d 	bl	20000970 <sync_ep_buffer>
20000a36:	6863      	ldr	r3, [r4, #4]
20000a38:	681b      	ldr	r3, [r3, #0]
20000a3a:	005b      	lsls	r3, r3, #1
20000a3c:	d502      	bpl.n	20000a44 <_hw_endpoint_xfer_sync+0x1c>
20000a3e:	8b23      	ldrh	r3, [r4, #24]
20000a40:	4283      	cmp	r3, r0
20000a42:	d000      	beq.n	20000a46 <_hw_endpoint_xfer_sync+0x1e>
20000a44:	bd10      	pop	{r4, pc}
20000a46:	4620      	mov	r0, r4
20000a48:	e8bd 4010 	ldmia.w	sp!, {r4, lr}
20000a4c:	2101      	movs	r1, #1
20000a4e:	f7ff bf8f 	b.w	20000970 <sync_ep_buffer>
20000a52:	bf00      	nop

20000a54 <e15_is_bulkin_ep>:
20000a54:	4b08      	ldr	r3, [pc, #32]	@ (20000a78 <e15_is_bulkin_ep+0x24>)
20000a56:	6c1b      	ldr	r3, [r3, #64]	@ 0x40
20000a58:	f013 0302 	ands.w	r3, r3, #2
20000a5c:	d102      	bne.n	20000a64 <e15_is_bulkin_ep+0x10>
20000a5e:	7882      	ldrb	r2, [r0, #2]
20000a60:	09d2      	lsrs	r2, r2, #7
20000a62:	d101      	bne.n	20000a68 <e15_is_bulkin_ep+0x14>
20000a64:	2000      	movs	r0, #0
20000a66:	4770      	bx	lr
20000a68:	7ec0      	ldrb	r0, [r0, #27]
20000a6a:	f1a0 0002 	sub.w	r0, r0, #2
20000a6e:	fab0 f080 	clz	r0, r0
20000a72:	0940      	lsrs	r0, r0, #5
20000a74:	4770      	bx	lr
20000a76:	bf00      	nop
20000a78:	50110000 	.word	0x50110000

20000a7c <e15_is_critical_frame_period>:
20000a7c:	b508      	push	{r3, lr}
20000a7e:	f7ff ffe9 	bl	20000a54 <e15_is_bulkin_ep>
20000a82:	b150      	cbz	r0, 20000a9a <e15_is_critical_frame_period+0x1e>
20000a84:	4a05      	ldr	r2, [pc, #20]	@ (20000a9c <e15_is_critical_frame_period+0x20>)
20000a86:	4b06      	ldr	r3, [pc, #24]	@ (20000aa0 <e15_is_critical_frame_period+0x24>)
20000a88:	6a90      	ldr	r0, [r2, #40]	@ 0x28
20000a8a:	681b      	ldr	r3, [r3, #0]
20000a8c:	f5a0 7048 	sub.w	r0, r0, #800	@ 0x320
20000a90:	1ac0      	subs	r0, r0, r3
20000a92:	28c6      	cmp	r0, #198	@ 0xc6
20000a94:	bf8c      	ite	hi
20000a96:	2000      	movhi	r0, #0
20000a98:	2001      	movls	r0, #1
20000a9a:	bd08      	pop	{r3, pc}
20000a9c:	400b0000 	.word	0x400b0000
20000aa0:	20001888 	.word	0x20001888

20000aa4 <hw_endpoint_reset_transfer>:
20000aa4:	2300      	movs	r3, #0
20000aa6:	e9c0 3304 	strd	r3, r3, [r0, #16]
20000aaa:	7683      	strb	r3, [r0, #26]
20000aac:	4770      	bx	lr
20000aae:	bf00      	nop

20000ab0 <_hw_endpoint_buffer_control_update32>:
20000ab0:	b508      	push	{r3, lr}
20000ab2:	6883      	ldr	r3, [r0, #8]
20000ab4:	b119      	cbz	r1, 20000abe <_hw_endpoint_buffer_control_update32+0xe>
20000ab6:	f8d3 c000 	ldr.w	ip, [r3]
20000aba:	ea01 010c 	and.w	r1, r1, ip
20000abe:	b18a      	cbz	r2, 20000ae4 <_hw_endpoint_buffer_control_update32+0x34>
20000ac0:	4311      	orrs	r1, r2
20000ac2:	0552      	lsls	r2, r2, #21
20000ac4:	d50e      	bpl.n	20000ae4 <_hw_endpoint_buffer_control_update32+0x34>
20000ac6:	681a      	ldr	r2, [r3, #0]
20000ac8:	0552      	lsls	r2, r2, #21
20000aca:	d40d      	bmi.n	20000ae8 <_hw_endpoint_buffer_control_update32+0x38>
20000acc:	4a08      	ldr	r2, [pc, #32]	@ (20000af0 <_hw_endpoint_buffer_control_update32+0x40>)
20000ace:	f421 6c80 	bic.w	ip, r1, #1024	@ 0x400
20000ad2:	f8c3 c000 	str.w	ip, [r3]
20000ad6:	6c12      	ldr	r2, [r2, #64]	@ 0x40
20000ad8:	0792      	lsls	r2, r2, #30
20000ada:	d403      	bmi.n	20000ae4 <_hw_endpoint_buffer_control_update32+0x34>
20000adc:	230c      	movs	r3, #12
20000ade:	3b03      	subs	r3, #3
20000ae0:	d2fd      	bcs.n	20000ade <_hw_endpoint_buffer_control_update32+0x2e>
20000ae2:	6883      	ldr	r3, [r0, #8]
20000ae4:	6019      	str	r1, [r3, #0]
20000ae6:	bd08      	pop	{r3, pc}
20000ae8:	7881      	ldrb	r1, [r0, #2]
20000aea:	4802      	ldr	r0, [pc, #8]	@ (20000af4 <_hw_endpoint_buffer_control_update32+0x44>)
20000aec:	f000 fbf4 	bl	200012d8 <__panic_veneer>
20000af0:	50110000 	.word	0x50110000
20000af4:	10006c24 	.word	0x10006c24

20000af8 <hw_endpoint_start_next_buffer>:
20000af8:	b530      	push	{r4, r5, lr}
20000afa:	6843      	ldr	r3, [r0, #4]
20000afc:	2100      	movs	r1, #0
20000afe:	b083      	sub	sp, #12
20000b00:	4605      	mov	r5, r0
20000b02:	681c      	ldr	r4, [r3, #0]
20000b04:	f7ff fed2 	bl	200008ac <prepare_ep_buffer>
20000b08:	4b13      	ldr	r3, [pc, #76]	@ (20000b58 <hw_endpoint_start_next_buffer+0x60>)
20000b0a:	f440 5280 	orr.w	r2, r0, #4096	@ 0x1000
20000b0e:	6c19      	ldr	r1, [r3, #64]	@ 0x40
20000b10:	78ab      	ldrb	r3, [r5, #2]
20000b12:	0789      	lsls	r1, r1, #30
20000b14:	d50e      	bpl.n	20000b34 <hw_endpoint_start_next_buffer+0x3c>
20000b16:	065b      	lsls	r3, r3, #25
20000b18:	d00e      	beq.n	20000b38 <hw_endpoint_start_next_buffer+0x40>
20000b1a:	f024 44a0 	bic.w	r4, r4, #1342177280	@ 0x50000000
20000b1e:	f044 5400 	orr.w	r4, r4, #536870912	@ 0x20000000
20000b22:	2100      	movs	r1, #0
20000b24:	4628      	mov	r0, r5
20000b26:	686b      	ldr	r3, [r5, #4]
20000b28:	601c      	str	r4, [r3, #0]
20000b2a:	b003      	add	sp, #12
20000b2c:	e8bd 4030 	ldmia.w	sp!, {r4, r5, lr}
20000b30:	f7ff bfbe 	b.w	20000ab0 <_hw_endpoint_buffer_control_update32>
20000b34:	09db      	lsrs	r3, r3, #7
20000b36:	d0f0      	beq.n	20000b1a <hw_endpoint_start_next_buffer+0x22>
20000b38:	8aab      	ldrh	r3, [r5, #20]
20000b3a:	2b00      	cmp	r3, #0
20000b3c:	d0ed      	beq.n	20000b1a <hw_endpoint_start_next_buffer+0x22>
20000b3e:	2101      	movs	r1, #1
20000b40:	4628      	mov	r0, r5
20000b42:	9201      	str	r2, [sp, #4]
20000b44:	f7ff feb2 	bl	200008ac <prepare_ep_buffer>
20000b48:	9a01      	ldr	r2, [sp, #4]
20000b4a:	f024 5400 	bic.w	r4, r4, #536870912	@ 0x20000000
20000b4e:	4302      	orrs	r2, r0
20000b50:	f044 44a0 	orr.w	r4, r4, #1342177280	@ 0x50000000
20000b54:	e7e5      	b.n	20000b22 <hw_endpoint_start_next_buffer+0x2a>
20000b56:	bf00      	nop
20000b58:	50110000 	.word	0x50110000

20000b5c <hw_endpoint_xfer_continue>:
20000b5c:	b538      	push	{r3, r4, r5, lr}
20000b5e:	7e85      	ldrb	r5, [r0, #26]
20000b60:	4604      	mov	r4, r0
20000b62:	b195      	cbz	r5, 20000b8a <hw_endpoint_xfer_continue+0x2e>
20000b64:	f7ff ff60 	bl	20000a28 <_hw_endpoint_xfer_sync>
20000b68:	8aa3      	ldrh	r3, [r4, #20]
20000b6a:	b90b      	cbnz	r3, 20000b70 <hw_endpoint_xfer_continue+0x14>
20000b6c:	4628      	mov	r0, r5
20000b6e:	bd38      	pop	{r3, r4, r5, pc}
20000b70:	4620      	mov	r0, r4
20000b72:	f7ff ff83 	bl	20000a7c <e15_is_critical_frame_period>
20000b76:	b120      	cbz	r0, 20000b82 <hw_endpoint_xfer_continue+0x26>
20000b78:	2301      	movs	r3, #1
20000b7a:	7723      	strb	r3, [r4, #28]
20000b7c:	2500      	movs	r5, #0
20000b7e:	4628      	mov	r0, r5
20000b80:	bd38      	pop	{r3, r4, r5, pc}
20000b82:	4620      	mov	r0, r4
20000b84:	f7ff ffb8 	bl	20000af8 <hw_endpoint_start_next_buffer>
20000b88:	e7f8      	b.n	20000b7c <hw_endpoint_xfer_continue+0x20>
20000b8a:	7881      	ldrb	r1, [r0, #2]
20000b8c:	4801      	ldr	r0, [pc, #4]	@ (20000b94 <hw_endpoint_xfer_continue+0x38>)
20000b8e:	f000 fba3 	bl	200012d8 <__panic_veneer>
20000b92:	bf00      	nop
20000b94:	10006c44 	.word	0x10006c44

20000b98 <dcd_event_handler>:
20000b98:	b570      	push	{r4, r5, r6, lr}
20000b9a:	7843      	ldrb	r3, [r0, #1]
20000b9c:	4604      	mov	r4, r0
20000b9e:	3b02      	subs	r3, #2
20000ba0:	460e      	mov	r6, r1
20000ba2:	b086      	sub	sp, #24
20000ba4:	2b04      	cmp	r3, #4
20000ba6:	d813      	bhi.n	20000bd0 <dcd_event_handler+0x38>
20000ba8:	e8df f003 	tbb	[pc, r3]
20000bac:	70674903 	.word	0x70674903
20000bb0:	44          	.byte	0x44
20000bb1:	00          	.byte	0x00
20000bb2:	2100      	movs	r1, #0
20000bb4:	4b77      	ldr	r3, [pc, #476]	@ (20000d94 <dcd_event_handler+0x1fc>)
20000bb6:	781a      	ldrb	r2, [r3, #0]
20000bb8:	f022 0201 	bic.w	r2, r2, #1
20000bbc:	701a      	strb	r2, [r3, #0]
20000bbe:	781a      	ldrb	r2, [r3, #0]
20000bc0:	f022 0202 	bic.w	r2, r2, #2
20000bc4:	701a      	strb	r2, [r3, #0]
20000bc6:	7059      	strb	r1, [r3, #1]
20000bc8:	781a      	ldrb	r2, [r3, #0]
20000bca:	f361 0282 	bfi	r2, r1, #2, #1
20000bce:	701a      	strb	r2, [r3, #0]
20000bd0:	4b71      	ldr	r3, [pc, #452]	@ (20000d98 <dcd_event_handler+0x200>)
20000bd2:	681b      	ldr	r3, [r3, #0]
20000bd4:	695a      	ldr	r2, [r3, #20]
20000bd6:	f3ef 8010 	mrs	r0, PRIMASK
20000bda:	b672      	cpsid	i
20000bdc:	e8d2 cfcf 	ldaexb	ip, [r2]
20000be0:	2101      	movs	r1, #1
20000be2:	f1bc 0f00 	cmp.w	ip, #0
20000be6:	d1f9      	bne.n	20000bdc <dcd_event_handler+0x44>
20000be8:	e8c2 1f4c 	strexb	ip, r1, [r2]
20000bec:	f1bc 0f00 	cmp.w	ip, #0
20000bf0:	d1f4      	bne.n	20000bdc <dcd_event_handler+0x44>
20000bf2:	f3bf 8f5f 	dmb	sy
20000bf6:	4621      	mov	r1, r4
20000bf8:	6198      	str	r0, [r3, #24]
20000bfa:	4618      	mov	r0, r3
20000bfc:	9301      	str	r3, [sp, #4]
20000bfe:	f000 fb63 	bl	200012c8 <__tu_fifo_write_veneer>
20000c02:	9b01      	ldr	r3, [sp, #4]
20000c04:	2200      	movs	r2, #0
20000c06:	6959      	ldr	r1, [r3, #20]
20000c08:	e8c1 2f8f 	stlb	r2, [r1]
20000c0c:	699b      	ldr	r3, [r3, #24]
20000c0e:	f383 8810 	msr	PRIMASK, r3
20000c12:	b940      	cbnz	r0, 20000c26 <dcd_event_handler+0x8e>
20000c14:	f04f 23e0 	mov.w	r3, #3758153728	@ 0xe000e000
20000c18:	f8d3 3df0 	ldr.w	r3, [r3, #3568]	@ 0xdf0
20000c1c:	07db      	lsls	r3, r3, #31
20000c1e:	d507      	bpl.n	20000c30 <dcd_event_handler+0x98>
20000c20:	be00      	bkpt	0x0000
20000c22:	b006      	add	sp, #24
20000c24:	bd70      	pop	{r4, r5, r6, pc}
20000c26:	4632      	mov	r2, r6
20000c28:	7861      	ldrb	r1, [r4, #1]
20000c2a:	7820      	ldrb	r0, [r4, #0]
20000c2c:	f000 fb50 	bl	200012d0 <__tud_event_hook_cb_veneer>
20000c30:	b006      	add	sp, #24
20000c32:	bd70      	pop	{r4, r5, r6, pc}
20000c34:	4a59      	ldr	r2, [pc, #356]	@ (20000d9c <dcd_event_handler+0x204>)
20000c36:	7813      	ldrb	r3, [r2, #0]
20000c38:	3301      	adds	r3, #1
20000c3a:	7013      	strb	r3, [r2, #0]
20000c3c:	e7c8      	b.n	20000bd0 <dcd_event_handler+0x38>
20000c3e:	2200      	movs	r2, #0
20000c40:	4b57      	ldr	r3, [pc, #348]	@ (20000da0 <dcd_event_handler+0x208>)
20000c42:	7818      	ldrb	r0, [r3, #0]
20000c44:	4613      	mov	r3, r2
20000c46:	e011      	b.n	20000c6c <dcd_event_handler+0xd4>
20000c48:	4956      	ldr	r1, [pc, #344]	@ (20000da4 <dcd_event_handler+0x20c>)
20000c4a:	6809      	ldr	r1, [r1, #0]
20000c4c:	eb11 1343 	adds.w	r3, r1, r3, lsl #5
20000c50:	d008      	beq.n	20000c64 <dcd_event_handler+0xcc>
20000c52:	69db      	ldr	r3, [r3, #28]
20000c54:	b133      	cbz	r3, 20000c64 <dcd_event_handler+0xcc>
20000c56:	7820      	ldrb	r0, [r4, #0]
20000c58:	6861      	ldr	r1, [r4, #4]
20000c5a:	9201      	str	r2, [sp, #4]
20000c5c:	4798      	blx	r3
20000c5e:	4b50      	ldr	r3, [pc, #320]	@ (20000da0 <dcd_event_handler+0x208>)
20000c60:	9a01      	ldr	r2, [sp, #4]
20000c62:	7818      	ldrb	r0, [r3, #0]
20000c64:	3201      	adds	r2, #1
20000c66:	b2d3      	uxtb	r3, r2
20000c68:	4283      	cmp	r3, r0
20000c6a:	d818      	bhi.n	20000c9e <dcd_event_handler+0x106>
20000c6c:	4298      	cmp	r0, r3
20000c6e:	d8eb      	bhi.n	20000c48 <dcd_event_handler+0xb0>
20000c70:	494d      	ldr	r1, [pc, #308]	@ (20000da8 <dcd_event_handler+0x210>)
20000c72:	1a1b      	subs	r3, r3, r0
20000c74:	eb01 1343 	add.w	r3, r1, r3, lsl #5
20000c78:	e7eb      	b.n	20000c52 <dcd_event_handler+0xba>
20000c7a:	4b46      	ldr	r3, [pc, #280]	@ (20000d94 <dcd_event_handler+0x1fc>)
20000c7c:	781a      	ldrb	r2, [r3, #0]
20000c7e:	07d2      	lsls	r2, r2, #31
20000c80:	d5d6      	bpl.n	20000c30 <dcd_event_handler+0x98>
20000c82:	781a      	ldrb	r2, [r3, #0]
20000c84:	f042 0204 	orr.w	r2, r2, #4
20000c88:	701a      	strb	r2, [r3, #0]
20000c8a:	e7a1      	b.n	20000bd0 <dcd_event_handler+0x38>
20000c8c:	4b41      	ldr	r3, [pc, #260]	@ (20000d94 <dcd_event_handler+0x1fc>)
20000c8e:	781a      	ldrb	r2, [r3, #0]
20000c90:	07d5      	lsls	r5, r2, #31
20000c92:	d5cd      	bpl.n	20000c30 <dcd_event_handler+0x98>
20000c94:	781a      	ldrb	r2, [r3, #0]
20000c96:	f022 0204 	bic.w	r2, r2, #4
20000c9a:	701a      	strb	r2, [r3, #0]
20000c9c:	e798      	b.n	20000bd0 <dcd_event_handler+0x38>
20000c9e:	4b3d      	ldr	r3, [pc, #244]	@ (20000d94 <dcd_event_handler+0x1fc>)
20000ca0:	781a      	ldrb	r2, [r3, #0]
20000ca2:	0750      	lsls	r0, r2, #29
20000ca4:	d433      	bmi.n	20000d0e <dcd_event_handler+0x176>
20000ca6:	78db      	ldrb	r3, [r3, #3]
20000ca8:	07da      	lsls	r2, r3, #31
20000caa:	d5c1      	bpl.n	20000c30 <dcd_event_handler+0x98>
20000cac:	2203      	movs	r2, #3
20000cae:	4b3a      	ldr	r3, [pc, #232]	@ (20000d98 <dcd_event_handler+0x200>)
20000cb0:	7820      	ldrb	r0, [r4, #0]
20000cb2:	6861      	ldr	r1, [r4, #4]
20000cb4:	681b      	ldr	r3, [r3, #0]
20000cb6:	f88d 000c 	strb.w	r0, [sp, #12]
20000cba:	f88d 200d 	strb.w	r2, [sp, #13]
20000cbe:	695a      	ldr	r2, [r3, #20]
20000cc0:	9104      	str	r1, [sp, #16]
20000cc2:	f3ef 8110 	mrs	r1, PRIMASK
20000cc6:	b672      	cpsid	i
20000cc8:	e8d2 4fcf 	ldaexb	r4, [r2]
20000ccc:	2001      	movs	r0, #1
20000cce:	2c00      	cmp	r4, #0
20000cd0:	d1fa      	bne.n	20000cc8 <dcd_event_handler+0x130>
20000cd2:	e8c2 0f44 	strexb	r4, r0, [r2]
20000cd6:	2c00      	cmp	r4, #0
20000cd8:	d1f6      	bne.n	20000cc8 <dcd_event_handler+0x130>
20000cda:	f3bf 8f5f 	dmb	sy
20000cde:	6199      	str	r1, [r3, #24]
20000ce0:	4618      	mov	r0, r3
20000ce2:	a903      	add	r1, sp, #12
20000ce4:	9301      	str	r3, [sp, #4]
20000ce6:	f000 faef 	bl	200012c8 <__tu_fifo_write_veneer>
20000cea:	9b01      	ldr	r3, [sp, #4]
20000cec:	2200      	movs	r2, #0
20000cee:	6959      	ldr	r1, [r3, #20]
20000cf0:	e8c1 2f8f 	stlb	r2, [r1]
20000cf4:	699b      	ldr	r3, [r3, #24]
20000cf6:	f383 8810 	msr	PRIMASK, r3
20000cfa:	2800      	cmp	r0, #0
20000cfc:	d08a      	beq.n	20000c14 <dcd_event_handler+0x7c>
20000cfe:	4632      	mov	r2, r6
20000d00:	f89d 100d 	ldrb.w	r1, [sp, #13]
20000d04:	f89d 000c 	ldrb.w	r0, [sp, #12]
20000d08:	f000 fae2 	bl	200012d0 <__tud_event_hook_cb_veneer>
20000d0c:	e790      	b.n	20000c30 <dcd_event_handler+0x98>
20000d0e:	2500      	movs	r5, #0
20000d10:	2005      	movs	r0, #5
20000d12:	7819      	ldrb	r1, [r3, #0]
20000d14:	e9cd 5504 	strd	r5, r5, [sp, #16]
20000d18:	f021 0104 	bic.w	r1, r1, #4
20000d1c:	9503      	str	r5, [sp, #12]
20000d1e:	7019      	strb	r1, [r3, #0]
20000d20:	f88d 000d 	strb.w	r0, [sp, #13]
20000d24:	4a1c      	ldr	r2, [pc, #112]	@ (20000d98 <dcd_event_handler+0x200>)
20000d26:	7821      	ldrb	r1, [r4, #0]
20000d28:	6812      	ldr	r2, [r2, #0]
20000d2a:	f88d 100c 	strb.w	r1, [sp, #12]
20000d2e:	6951      	ldr	r1, [r2, #20]
20000d30:	f3ef 8010 	mrs	r0, PRIMASK
20000d34:	b672      	cpsid	i
20000d36:	e8d1 efcf 	ldaexb	lr, [r1]
20000d3a:	f05f 0c01 	movs.w	ip, #1
20000d3e:	f1be 0f00 	cmp.w	lr, #0
20000d42:	d1f8      	bne.n	20000d36 <dcd_event_handler+0x19e>
20000d44:	e8c1 cf4e 	strexb	lr, ip, [r1]
20000d48:	f1be 0f00 	cmp.w	lr, #0
20000d4c:	d1f3      	bne.n	20000d36 <dcd_event_handler+0x19e>
20000d4e:	f3bf 8f5f 	dmb	sy
20000d52:	6190      	str	r0, [r2, #24]
20000d54:	a903      	add	r1, sp, #12
20000d56:	4610      	mov	r0, r2
20000d58:	9201      	str	r2, [sp, #4]
20000d5a:	f000 fab5 	bl	200012c8 <__tu_fifo_write_veneer>
20000d5e:	9a01      	ldr	r2, [sp, #4]
20000d60:	6951      	ldr	r1, [r2, #20]
20000d62:	e8c1 5f8f 	stlb	r5, [r1]
20000d66:	6992      	ldr	r2, [r2, #24]
20000d68:	f382 8810 	msr	PRIMASK, r2
20000d6c:	4b09      	ldr	r3, [pc, #36]	@ (20000d94 <dcd_event_handler+0x1fc>)
20000d6e:	b938      	cbnz	r0, 20000d80 <dcd_event_handler+0x1e8>
20000d70:	f04f 22e0 	mov.w	r2, #3758153728	@ 0xe000e000
20000d74:	f8d2 2df0 	ldr.w	r2, [r2, #3568]	@ 0xdf0
20000d78:	07d1      	lsls	r1, r2, #31
20000d7a:	d594      	bpl.n	20000ca6 <dcd_event_handler+0x10e>
20000d7c:	be00      	bkpt	0x0000
20000d7e:	e792      	b.n	20000ca6 <dcd_event_handler+0x10e>
20000d80:	4632      	mov	r2, r6
20000d82:	f89d 100d 	ldrb.w	r1, [sp, #13]
20000d86:	f89d 000c 	ldrb.w	r0, [sp, #12]
20000d8a:	f000 faa1 	bl	200012d0 <__tud_event_hook_cb_veneer>
20000d8e:	4b01      	ldr	r3, [pc, #4]	@ (20000d94 <dcd_event_handler+0x1fc>)
20000d90:	e789      	b.n	20000ca6 <dcd_event_handler+0x10e>
20000d92:	bf00      	nop
20000d94:	20001708 	.word	0x20001708
20000d98:	20001760 	.word	0x20001760
20000d9c:	20001fbf 	.word	0x20001fbf
20000da0:	20001fbd 	.word	0x20001fbd
20000da4:	20001600 	.word	0x20001600
20000da8:	10006f5c 	.word	0x10006f5c

20000dac <__aeabi_uldivmod>:
20000dac:	b953      	cbnz	r3, 20000dc4 <__aeabi_uldivmod+0x18>
20000dae:	b94a      	cbnz	r2, 20000dc4 <__aeabi_uldivmod+0x18>
20000db0:	2900      	cmp	r1, #0
20000db2:	bf08      	it	eq
20000db4:	2800      	cmpeq	r0, #0
20000db6:	bf1c      	itt	ne
20000db8:	f04f 31ff 	movne.w	r1, #4294967295	@ 0xffffffff
20000dbc:	f04f 30ff 	movne.w	r0, #4294967295	@ 0xffffffff
20000dc0:	f000 b9c0 	b.w	20001144 <__aeabi_idiv0>
20000dc4:	f1ad 0c08 	sub.w	ip, sp, #8
20000dc8:	e96d ce04 	strd	ip, lr, [sp, #-16]!
20000dcc:	f000 f81a 	bl	20000e04 <__udivmoddi4>
20000dd0:	f8dd e004 	ldr.w	lr, [sp, #4]
20000dd4:	e9dd 2302 	ldrd	r2, r3, [sp, #8]
20000dd8:	b004      	add	sp, #16
20000dda:	4770      	bx	lr

20000ddc <__popcountsi2>:
20000ddc:	0843      	lsrs	r3, r0, #1
20000dde:	f003 3355 	and.w	r3, r3, #1431655765	@ 0x55555555
20000de2:	1ac0      	subs	r0, r0, r3
20000de4:	0883      	lsrs	r3, r0, #2
20000de6:	f000 3033 	and.w	r0, r0, #858993459	@ 0x33333333
20000dea:	f003 3333 	and.w	r3, r3, #858993459	@ 0x33333333
20000dee:	4418      	add	r0, r3
20000df0:	eb00 1010 	add.w	r0, r0, r0, lsr #4
20000df4:	f000 300f 	and.w	r0, r0, #252645135	@ 0xf0f0f0f
20000df8:	eb00 2000 	add.w	r0, r0, r0, lsl #8
20000dfc:	eb00 4000 	add.w	r0, r0, r0, lsl #16
20000e00:	0e00      	lsrs	r0, r0, #24
20000e02:	4770      	bx	lr

20000e04 <__udivmoddi4>:
20000e04:	e92d 47f0 	stmdb	sp!, {r4, r5, r6, r7, r8, r9, sl, lr}
20000e08:	4606      	mov	r6, r0
20000e0a:	b082      	sub	sp, #8
20000e0c:	4617      	mov	r7, r2
20000e0e:	4608      	mov	r0, r1
20000e10:	9a0a      	ldr	r2, [sp, #40]	@ 0x28
20000e12:	46b4      	mov	ip, r6
20000e14:	460d      	mov	r5, r1
20000e16:	2b00      	cmp	r3, #0
20000e18:	d14d      	bne.n	20000eb6 <__udivmoddi4+0xb2>
20000e1a:	428f      	cmp	r7, r1
20000e1c:	46be      	mov	lr, r7
20000e1e:	d965      	bls.n	20000eec <__udivmoddi4+0xe8>
20000e20:	fab7 f187 	clz	r1, r7
20000e24:	b149      	cbz	r1, 20000e3a <__udivmoddi4+0x36>
20000e26:	f1c1 0320 	rsb	r3, r1, #32
20000e2a:	408d      	lsls	r5, r1
20000e2c:	fa07 fe01 	lsl.w	lr, r7, r1
20000e30:	fa06 fc01 	lsl.w	ip, r6, r1
20000e34:	fa26 f303 	lsr.w	r3, r6, r3
20000e38:	431d      	orrs	r5, r3
20000e3a:	ea4f 461e 	mov.w	r6, lr, lsr #16
20000e3e:	fa1f f08e 	uxth.w	r0, lr
20000e42:	ea4f 431c 	mov.w	r3, ip, lsr #16
20000e46:	fbb5 f4f6 	udiv	r4, r5, r6
20000e4a:	fb06 5514 	mls	r5, r6, r4, r5
20000e4e:	ea43 4305 	orr.w	r3, r3, r5, lsl #16
20000e52:	fb04 f500 	mul.w	r5, r4, r0
20000e56:	429d      	cmp	r5, r3
20000e58:	d906      	bls.n	20000e68 <__udivmoddi4+0x64>
20000e5a:	eb1e 0303 	adds.w	r3, lr, r3
20000e5e:	d202      	bcs.n	20000e66 <__udivmoddi4+0x62>
20000e60:	429d      	cmp	r5, r3
20000e62:	f200 814c 	bhi.w	200010fe <__udivmoddi4+0x2fa>
20000e66:	3c01      	subs	r4, #1
20000e68:	1b5b      	subs	r3, r3, r5
20000e6a:	fa1f fc8c 	uxth.w	ip, ip
20000e6e:	fbb3 f5f6 	udiv	r5, r3, r6
20000e72:	fb06 3315 	mls	r3, r6, r5, r3
20000e76:	fb05 f000 	mul.w	r0, r5, r0
20000e7a:	ea4c 4c03 	orr.w	ip, ip, r3, lsl #16
20000e7e:	4560      	cmp	r0, ip
20000e80:	d90a      	bls.n	20000e98 <__udivmoddi4+0x94>
20000e82:	eb1e 0c0c 	adds.w	ip, lr, ip
20000e86:	bf2c      	ite	cs
20000e88:	2301      	movcs	r3, #1
20000e8a:	2300      	movcc	r3, #0
20000e8c:	4560      	cmp	r0, ip
20000e8e:	d902      	bls.n	20000e96 <__udivmoddi4+0x92>
20000e90:	2b00      	cmp	r3, #0
20000e92:	f000 8137 	beq.w	20001104 <__udivmoddi4+0x300>
20000e96:	3d01      	subs	r5, #1
20000e98:	ebac 0c00 	sub.w	ip, ip, r0
20000e9c:	ea45 4004 	orr.w	r0, r5, r4, lsl #16
20000ea0:	2400      	movs	r4, #0
20000ea2:	b122      	cbz	r2, 20000eae <__udivmoddi4+0xaa>
20000ea4:	fa2c f301 	lsr.w	r3, ip, r1
20000ea8:	2100      	movs	r1, #0
20000eaa:	e9c2 3100 	strd	r3, r1, [r2]
20000eae:	4621      	mov	r1, r4
20000eb0:	b002      	add	sp, #8
20000eb2:	e8bd 87f0 	ldmia.w	sp!, {r4, r5, r6, r7, r8, r9, sl, pc}
20000eb6:	428b      	cmp	r3, r1
20000eb8:	d908      	bls.n	20000ecc <__udivmoddi4+0xc8>
20000eba:	b10a      	cbz	r2, 20000ec0 <__udivmoddi4+0xbc>
20000ebc:	e9c2 6100 	strd	r6, r1, [r2]
20000ec0:	2400      	movs	r4, #0
20000ec2:	4620      	mov	r0, r4
20000ec4:	4621      	mov	r1, r4
20000ec6:	b002      	add	sp, #8
20000ec8:	e8bd 87f0 	ldmia.w	sp!, {r4, r5, r6, r7, r8, r9, sl, pc}
20000ecc:	fab3 f483 	clz	r4, r3
20000ed0:	2c00      	cmp	r4, #0
20000ed2:	d14d      	bne.n	20000f70 <__udivmoddi4+0x16c>
20000ed4:	428b      	cmp	r3, r1
20000ed6:	f0c0 8105 	bcc.w	200010e4 <__udivmoddi4+0x2e0>
20000eda:	42b7      	cmp	r7, r6
20000edc:	f240 8102 	bls.w	200010e4 <__udivmoddi4+0x2e0>
20000ee0:	4620      	mov	r0, r4
20000ee2:	2a00      	cmp	r2, #0
20000ee4:	d0e3      	beq.n	20000eae <__udivmoddi4+0xaa>
20000ee6:	e9c2 c500 	strd	ip, r5, [r2]
20000eea:	e7e0      	b.n	20000eae <__udivmoddi4+0xaa>
20000eec:	2f00      	cmp	r7, #0
20000eee:	f000 80a2 	beq.w	20001036 <__udivmoddi4+0x232>
20000ef2:	4619      	mov	r1, r3
20000ef4:	fab7 f387 	clz	r3, r7
20000ef8:	2b00      	cmp	r3, #0
20000efa:	f040 80b4 	bne.w	20001066 <__udivmoddi4+0x262>
20000efe:	1bc3      	subs	r3, r0, r7
20000f00:	fa1f f88e 	uxth.w	r8, lr
20000f04:	0c3f      	lsrs	r7, r7, #16
20000f06:	2401      	movs	r4, #1
20000f08:	ea4f 401c 	mov.w	r0, ip, lsr #16
20000f0c:	fbb3 f5f7 	udiv	r5, r3, r7
20000f10:	fb07 3315 	mls	r3, r7, r5, r3
20000f14:	ea40 4303 	orr.w	r3, r0, r3, lsl #16
20000f18:	fb08 f005 	mul.w	r0, r8, r5
20000f1c:	4298      	cmp	r0, r3
20000f1e:	d90a      	bls.n	20000f36 <__udivmoddi4+0x132>
20000f20:	eb1e 0303 	adds.w	r3, lr, r3
20000f24:	bf2c      	ite	cs
20000f26:	2601      	movcs	r6, #1
20000f28:	2600      	movcc	r6, #0
20000f2a:	4298      	cmp	r0, r3
20000f2c:	d902      	bls.n	20000f34 <__udivmoddi4+0x130>
20000f2e:	2e00      	cmp	r6, #0
20000f30:	f000 80e2 	beq.w	200010f8 <__udivmoddi4+0x2f4>
20000f34:	3d01      	subs	r5, #1
20000f36:	1a1b      	subs	r3, r3, r0
20000f38:	fa1f fc8c 	uxth.w	ip, ip
20000f3c:	fbb3 f0f7 	udiv	r0, r3, r7
20000f40:	fb07 3310 	mls	r3, r7, r0, r3
20000f44:	ea4c 4c03 	orr.w	ip, ip, r3, lsl #16
20000f48:	fb08 f300 	mul.w	r3, r8, r0
20000f4c:	4563      	cmp	r3, ip
20000f4e:	d90a      	bls.n	20000f66 <__udivmoddi4+0x162>
20000f50:	eb1e 0c0c 	adds.w	ip, lr, ip
20000f54:	bf2c      	ite	cs
20000f56:	2601      	movcs	r6, #1
20000f58:	2600      	movcc	r6, #0
20000f5a:	4563      	cmp	r3, ip
20000f5c:	d902      	bls.n	20000f64 <__udivmoddi4+0x160>
20000f5e:	2e00      	cmp	r6, #0
20000f60:	f000 80c7 	beq.w	200010f2 <__udivmoddi4+0x2ee>
20000f64:	3801      	subs	r0, #1
20000f66:	ebac 0c03 	sub.w	ip, ip, r3
20000f6a:	ea40 4005 	orr.w	r0, r0, r5, lsl #16
20000f6e:	e798      	b.n	20000ea2 <__udivmoddi4+0x9e>
20000f70:	f1c4 0820 	rsb	r8, r4, #32
20000f74:	40a3      	lsls	r3, r4
20000f76:	fa06 fa04 	lsl.w	sl, r6, r4
20000f7a:	40a1      	lsls	r1, r4
20000f7c:	fa27 fc08 	lsr.w	ip, r7, r8
20000f80:	fa20 f008 	lsr.w	r0, r0, r8
20000f84:	fa07 f904 	lsl.w	r9, r7, r4
20000f88:	ea4c 0c03 	orr.w	ip, ip, r3
20000f8c:	fa26 f308 	lsr.w	r3, r6, r8
20000f90:	ea4f 461c 	mov.w	r6, ip, lsr #16
20000f94:	430b      	orrs	r3, r1
20000f96:	fa1f fe8c 	uxth.w	lr, ip
20000f9a:	0c19      	lsrs	r1, r3, #16
20000f9c:	fbb0 f7f6 	udiv	r7, r0, r6
20000fa0:	fb06 0017 	mls	r0, r6, r7, r0
20000fa4:	ea41 4100 	orr.w	r1, r1, r0, lsl #16
20000fa8:	fb07 f00e 	mul.w	r0, r7, lr
20000fac:	4288      	cmp	r0, r1
20000fae:	d90a      	bls.n	20000fc6 <__udivmoddi4+0x1c2>
20000fb0:	eb1c 0101 	adds.w	r1, ip, r1
20000fb4:	bf2c      	ite	cs
20000fb6:	2501      	movcs	r5, #1
20000fb8:	2500      	movcc	r5, #0
20000fba:	4288      	cmp	r0, r1
20000fbc:	d902      	bls.n	20000fc4 <__udivmoddi4+0x1c0>
20000fbe:	2d00      	cmp	r5, #0
20000fc0:	f000 80b2 	beq.w	20001128 <__udivmoddi4+0x324>
20000fc4:	3f01      	subs	r7, #1
20000fc6:	1a09      	subs	r1, r1, r0
20000fc8:	b29b      	uxth	r3, r3
20000fca:	fbb1 f0f6 	udiv	r0, r1, r6
20000fce:	fb06 1110 	mls	r1, r6, r0, r1
20000fd2:	fb00 fe0e 	mul.w	lr, r0, lr
20000fd6:	ea43 4301 	orr.w	r3, r3, r1, lsl #16
20000fda:	459e      	cmp	lr, r3
20000fdc:	d90a      	bls.n	20000ff4 <__udivmoddi4+0x1f0>
20000fde:	eb1c 0303 	adds.w	r3, ip, r3
20000fe2:	bf2c      	ite	cs
20000fe4:	2101      	movcs	r1, #1
20000fe6:	2100      	movcc	r1, #0
20000fe8:	459e      	cmp	lr, r3
20000fea:	d902      	bls.n	20000ff2 <__udivmoddi4+0x1ee>
20000fec:	2900      	cmp	r1, #0
20000fee:	f000 809e 	beq.w	2000112e <__udivmoddi4+0x32a>
20000ff2:	3801      	subs	r0, #1
20000ff4:	ea40 4007 	orr.w	r0, r0, r7, lsl #16
20000ff8:	eba3 030e 	sub.w	r3, r3, lr
20000ffc:	fba0 e109 	umull	lr, r1, r0, r9
20001000:	428b      	cmp	r3, r1
20001002:	4676      	mov	r6, lr
20001004:	460f      	mov	r7, r1
20001006:	d302      	bcc.n	2000100e <__udivmoddi4+0x20a>
20001008:	d107      	bne.n	2000101a <__udivmoddi4+0x216>
2000100a:	45f2      	cmp	sl, lr
2000100c:	d205      	bcs.n	2000101a <__udivmoddi4+0x216>
2000100e:	ebbe 0609 	subs.w	r6, lr, r9
20001012:	eb61 010c 	sbc.w	r1, r1, ip
20001016:	3801      	subs	r0, #1
20001018:	460f      	mov	r7, r1
2000101a:	b152      	cbz	r2, 20001032 <__udivmoddi4+0x22e>
2000101c:	ebba 0106 	subs.w	r1, sl, r6
20001020:	eb63 0307 	sbc.w	r3, r3, r7
20001024:	fa03 f508 	lsl.w	r5, r3, r8
20001028:	40e1      	lsrs	r1, r4
2000102a:	40e3      	lsrs	r3, r4
2000102c:	430d      	orrs	r5, r1
2000102e:	e9c2 5300 	strd	r5, r3, [r2]
20001032:	2400      	movs	r4, #0
20001034:	e73b      	b.n	20000eae <__udivmoddi4+0xaa>
20001036:	0873      	lsrs	r3, r6, #1
20001038:	46b8      	mov	r8, r7
2000103a:	0849      	lsrs	r1, r1, #1
2000103c:	9701      	str	r7, [sp, #4]
2000103e:	ea43 73c0 	orr.w	r3, r3, r0, lsl #31
20001042:	ea4f 7cc6 	mov.w	ip, r6, lsl #31
20001046:	0c1c      	lsrs	r4, r3, #16
20001048:	b29b      	uxth	r3, r3
2000104a:	ea44 4401 	orr.w	r4, r4, r1, lsl #16
2000104e:	ea43 4304 	orr.w	r3, r3, r4, lsl #16
20001052:	fbb4 f4f7 	udiv	r4, r4, r7
20001056:	fbb1 f5f7 	udiv	r5, r1, r7
2000105a:	211f      	movs	r1, #31
2000105c:	9801      	ldr	r0, [sp, #4]
2000105e:	ea44 4405 	orr.w	r4, r4, r5, lsl #16
20001062:	1a1b      	subs	r3, r3, r0
20001064:	e750      	b.n	20000f08 <__udivmoddi4+0x104>
20001066:	4619      	mov	r1, r3
20001068:	fa07 fe03 	lsl.w	lr, r7, r3
2000106c:	f1c3 0320 	rsb	r3, r3, #32
20001070:	fa00 f401 	lsl.w	r4, r0, r1
20001074:	ea4f 471e 	mov.w	r7, lr, lsr #16
20001078:	40d8      	lsrs	r0, r3
2000107a:	fa26 f303 	lsr.w	r3, r6, r3
2000107e:	fa1f f88e 	uxth.w	r8, lr
20001082:	fa06 fc01 	lsl.w	ip, r6, r1
20001086:	4323      	orrs	r3, r4
20001088:	fbb0 f5f7 	udiv	r5, r0, r7
2000108c:	0c1c      	lsrs	r4, r3, #16
2000108e:	fb07 0015 	mls	r0, r7, r5, r0
20001092:	ea44 4000 	orr.w	r0, r4, r0, lsl #16
20001096:	fb05 f408 	mul.w	r4, r5, r8
2000109a:	4284      	cmp	r4, r0
2000109c:	d94a      	bls.n	20001134 <__udivmoddi4+0x330>
2000109e:	eb1e 0000 	adds.w	r0, lr, r0
200010a2:	bf2c      	ite	cs
200010a4:	2601      	movcs	r6, #1
200010a6:	2600      	movcc	r6, #0
200010a8:	4284      	cmp	r4, r0
200010aa:	d900      	bls.n	200010ae <__udivmoddi4+0x2aa>
200010ac:	b38e      	cbz	r6, 20001112 <__udivmoddi4+0x30e>
200010ae:	1b00      	subs	r0, r0, r4
200010b0:	3d01      	subs	r5, #1
200010b2:	fbb0 f4f7 	udiv	r4, r0, r7
200010b6:	fb04 f608 	mul.w	r6, r4, r8
200010ba:	46a1      	mov	r9, r4
200010bc:	9601      	str	r6, [sp, #4]
200010be:	fb07 0019 	mls	r0, r7, r9, r0
200010c2:	b29b      	uxth	r3, r3
200010c4:	9e01      	ldr	r6, [sp, #4]
200010c6:	ea43 4300 	orr.w	r3, r3, r0, lsl #16
200010ca:	42b3      	cmp	r3, r6
200010cc:	d2c6      	bcs.n	2000105c <__udivmoddi4+0x258>
200010ce:	eb1e 0303 	adds.w	r3, lr, r3
200010d2:	bf2c      	ite	cs
200010d4:	2001      	movcs	r0, #1
200010d6:	2000      	movcc	r0, #0
200010d8:	42b3      	cmp	r3, r6
200010da:	d200      	bcs.n	200010de <__udivmoddi4+0x2da>
200010dc:	b1a8      	cbz	r0, 2000110a <__udivmoddi4+0x306>
200010de:	f109 34ff 	add.w	r4, r9, #4294967295	@ 0xffffffff
200010e2:	e7bb      	b.n	2000105c <__udivmoddi4+0x258>
200010e4:	ebb6 0c07 	subs.w	ip, r6, r7
200010e8:	eb60 0303 	sbc.w	r3, r0, r3
200010ec:	2001      	movs	r0, #1
200010ee:	461d      	mov	r5, r3
200010f0:	e6f7      	b.n	20000ee2 <__udivmoddi4+0xde>
200010f2:	44f4      	add	ip, lr
200010f4:	3802      	subs	r0, #2
200010f6:	e736      	b.n	20000f66 <__udivmoddi4+0x162>
200010f8:	3d02      	subs	r5, #2
200010fa:	4473      	add	r3, lr
200010fc:	e71b      	b.n	20000f36 <__udivmoddi4+0x132>
200010fe:	3c02      	subs	r4, #2
20001100:	4473      	add	r3, lr
20001102:	e6b1      	b.n	20000e68 <__udivmoddi4+0x64>
20001104:	44f4      	add	ip, lr
20001106:	3d02      	subs	r5, #2
20001108:	e6c6      	b.n	20000e98 <__udivmoddi4+0x94>
2000110a:	f1a9 0402 	sub.w	r4, r9, #2
2000110e:	4473      	add	r3, lr
20001110:	e7a4      	b.n	2000105c <__udivmoddi4+0x258>
20001112:	ebae 0404 	sub.w	r4, lr, r4
20001116:	3d02      	subs	r5, #2
20001118:	4420      	add	r0, r4
2000111a:	fbb0 f4f7 	udiv	r4, r0, r7
2000111e:	fb04 f608 	mul.w	r6, r4, r8
20001122:	46a1      	mov	r9, r4
20001124:	9601      	str	r6, [sp, #4]
20001126:	e7ca      	b.n	200010be <__udivmoddi4+0x2ba>
20001128:	3f02      	subs	r7, #2
2000112a:	4461      	add	r1, ip
2000112c:	e74b      	b.n	20000fc6 <__udivmoddi4+0x1c2>
2000112e:	3802      	subs	r0, #2
20001130:	4463      	add	r3, ip
20001132:	e75f      	b.n	20000ff4 <__udivmoddi4+0x1f0>
20001134:	1b00      	subs	r0, r0, r4
20001136:	fbb0 f4f7 	udiv	r4, r0, r7
2000113a:	fb04 f608 	mul.w	r6, r4, r8
2000113e:	46a1      	mov	r9, r4
20001140:	9601      	str	r6, [sp, #4]
20001142:	e7bc      	b.n	200010be <__udivmoddi4+0x2ba>

20001144 <__aeabi_idiv0>:
20001144:	4770      	bx	lr
20001146:	bf00      	nop

20001148 <memset>:
20001148:	b530      	push	{r4, r5, lr}
2000114a:	0784      	lsls	r4, r0, #30
2000114c:	4686      	mov	lr, r0
2000114e:	4603      	mov	r3, r0
20001150:	d006      	beq.n	20001160 <memset+0x18>
20001152:	b3a2      	cbz	r2, 200011be <memset+0x76>
20001154:	f803 1b01 	strb.w	r1, [r3], #1
20001158:	0798      	lsls	r0, r3, #30
2000115a:	f102 32ff 	add.w	r2, r2, #4294967295	@ 0xffffffff
2000115e:	d1f8      	bne.n	20001152 <memset+0xa>
20001160:	2a03      	cmp	r2, #3
20001162:	d926      	bls.n	200011b2 <memset+0x6a>
20001164:	fa5f fc81 	uxtb.w	ip, r1
20001168:	2a0f      	cmp	r2, #15
2000116a:	eb0c 2c0c 	add.w	ip, ip, ip, lsl #8
2000116e:	eb0c 400c 	add.w	r0, ip, ip, lsl #16
20001172:	d92a      	bls.n	200011ca <memset+0x82>
20001174:	f022 0c0f 	bic.w	ip, r2, #15
20001178:	449c      	add	ip, r3
2000117a:	e9c3 0000 	strd	r0, r0, [r3]
2000117e:	e9c3 0002 	strd	r0, r0, [r3, #8]
20001182:	3310      	adds	r3, #16
20001184:	4563      	cmp	r3, ip
20001186:	d1f8      	bne.n	2000117a <memset+0x32>
20001188:	f012 0f0c 	tst.w	r2, #12
2000118c:	f002 050f 	and.w	r5, r2, #15
20001190:	d017      	beq.n	200011c2 <memset+0x7a>
20001192:	ea4f 0c95 	mov.w	ip, r5, lsr #2
20001196:	461a      	mov	r2, r3
20001198:	f10c 34ff 	add.w	r4, ip, #4294967295	@ 0xffffffff
2000119c:	eb03 0c8c 	add.w	ip, r3, ip, lsl #2
200011a0:	f842 0b04 	str.w	r0, [r2], #4
200011a4:	4562      	cmp	r2, ip
200011a6:	d1fb      	bne.n	200011a0 <memset+0x58>
200011a8:	3304      	adds	r3, #4
200011aa:	f005 0203 	and.w	r2, r5, #3
200011ae:	eb03 0384 	add.w	r3, r3, r4, lsl #2
200011b2:	b122      	cbz	r2, 200011be <memset+0x76>
200011b4:	441a      	add	r2, r3
200011b6:	f803 1b01 	strb.w	r1, [r3], #1
200011ba:	429a      	cmp	r2, r3
200011bc:	d1fb      	bne.n	200011b6 <memset+0x6e>
200011be:	4670      	mov	r0, lr
200011c0:	bd30      	pop	{r4, r5, pc}
200011c2:	462a      	mov	r2, r5
200011c4:	2a00      	cmp	r2, #0
200011c6:	d1f5      	bne.n	200011b4 <memset+0x6c>
200011c8:	e7f9      	b.n	200011be <memset+0x76>
200011ca:	4615      	mov	r5, r2
200011cc:	e7e1      	b.n	20001192 <memset+0x4a>
200011ce:	bf00      	nop

200011d0 <memcpy>:
200011d0:	4684      	mov	ip, r0
200011d2:	ea41 0300 	orr.w	r3, r1, r0
200011d6:	f013 0303 	ands.w	r3, r3, #3
200011da:	d149      	bne.n	20001270 <memcpy+0xa0>
200011dc:	3a40      	subs	r2, #64	@ 0x40
200011de:	d323      	bcc.n	20001228 <memcpy+0x58>
200011e0:	680b      	ldr	r3, [r1, #0]
200011e2:	6003      	str	r3, [r0, #0]
200011e4:	684b      	ldr	r3, [r1, #4]
200011e6:	6043      	str	r3, [r0, #4]
200011e8:	688b      	ldr	r3, [r1, #8]
200011ea:	6083      	str	r3, [r0, #8]
200011ec:	68cb      	ldr	r3, [r1, #12]
200011ee:	60c3      	str	r3, [r0, #12]
200011f0:	690b      	ldr	r3, [r1, #16]
200011f2:	6103      	str	r3, [r0, #16]
200011f4:	694b      	ldr	r3, [r1, #20]
200011f6:	6143      	str	r3, [r0, #20]
200011f8:	698b      	ldr	r3, [r1, #24]
200011fa:	6183      	str	r3, [r0, #24]
200011fc:	69cb      	ldr	r3, [r1, #28]
200011fe:	61c3      	str	r3, [r0, #28]
20001200:	6a0b      	ldr	r3, [r1, #32]
20001202:	6203      	str	r3, [r0, #32]
20001204:	6a4b      	ldr	r3, [r1, #36]	@ 0x24
20001206:	6243      	str	r3, [r0, #36]	@ 0x24
20001208:	6a8b      	ldr	r3, [r1, #40]	@ 0x28
2000120a:	6283      	str	r3, [r0, #40]	@ 0x28
2000120c:	6acb      	ldr	r3, [r1, #44]	@ 0x2c
2000120e:	62c3      	str	r3, [r0, #44]	@ 0x2c
20001210:	6b0b      	ldr	r3, [r1, #48]	@ 0x30
20001212:	6303      	str	r3, [r0, #48]	@ 0x30
20001214:	6b4b      	ldr	r3, [r1, #52]	@ 0x34
20001216:	6343      	str	r3, [r0, #52]	@ 0x34
20001218:	6b8b      	ldr	r3, [r1, #56]	@ 0x38
2000121a:	6383      	str	r3, [r0, #56]	@ 0x38
2000121c:	6bcb      	ldr	r3, [r1, #60]	@ 0x3c
2000121e:	63c3      	str	r3, [r0, #60]	@ 0x3c
20001220:	3040      	adds	r0, #64	@ 0x40
20001222:	3140      	adds	r1, #64	@ 0x40
20001224:	3a40      	subs	r2, #64	@ 0x40
20001226:	d2db      	bcs.n	200011e0 <memcpy+0x10>
20001228:	3230      	adds	r2, #48	@ 0x30
2000122a:	d30b      	bcc.n	20001244 <memcpy+0x74>
2000122c:	680b      	ldr	r3, [r1, #0]
2000122e:	6003      	str	r3, [r0, #0]
20001230:	684b      	ldr	r3, [r1, #4]
20001232:	6043      	str	r3, [r0, #4]
20001234:	688b      	ldr	r3, [r1, #8]
20001236:	6083      	str	r3, [r0, #8]
20001238:	68cb      	ldr	r3, [r1, #12]
2000123a:	60c3      	str	r3, [r0, #12]
2000123c:	3010      	adds	r0, #16
2000123e:	3110      	adds	r1, #16
20001240:	3a10      	subs	r2, #16
20001242:	d2f3      	bcs.n	2000122c <memcpy+0x5c>
20001244:	320c      	adds	r2, #12
20001246:	d305      	bcc.n	20001254 <memcpy+0x84>
20001248:	f851 3b04 	ldr.w	r3, [r1], #4
2000124c:	f840 3b04 	str.w	r3, [r0], #4
20001250:	3a04      	subs	r2, #4
20001252:	d2f9      	bcs.n	20001248 <memcpy+0x78>
20001254:	3204      	adds	r2, #4
20001256:	d008      	beq.n	2000126a <memcpy+0x9a>
20001258:	07d2      	lsls	r2, r2, #31
2000125a:	bf1c      	itt	ne
2000125c:	f811 3b01 	ldrbne.w	r3, [r1], #1
20001260:	f800 3b01 	strbne.w	r3, [r0], #1
20001264:	d301      	bcc.n	2000126a <memcpy+0x9a>
20001266:	880b      	ldrh	r3, [r1, #0]
20001268:	8003      	strh	r3, [r0, #0]
2000126a:	4660      	mov	r0, ip
2000126c:	4770      	bx	lr
2000126e:	bf00      	nop
20001270:	2a08      	cmp	r2, #8
20001272:	d313      	bcc.n	2000129c <memcpy+0xcc>
20001274:	078b      	lsls	r3, r1, #30
20001276:	d0b1      	beq.n	200011dc <memcpy+0xc>
20001278:	f010 0303 	ands.w	r3, r0, #3
2000127c:	d0ae      	beq.n	200011dc <memcpy+0xc>
2000127e:	f1c3 0304 	rsb	r3, r3, #4
20001282:	1ad2      	subs	r2, r2, r3
20001284:	07db      	lsls	r3, r3, #31
20001286:	bf1c      	itt	ne
20001288:	f811 3b01 	ldrbne.w	r3, [r1], #1
2000128c:	f800 3b01 	strbne.w	r3, [r0], #1
20001290:	d3a4      	bcc.n	200011dc <memcpy+0xc>
20001292:	f831 3b02 	ldrh.w	r3, [r1], #2
20001296:	f820 3b02 	strh.w	r3, [r0], #2
2000129a:	e79f      	b.n	200011dc <memcpy+0xc>
2000129c:	3a04      	subs	r2, #4
2000129e:	d3d9      	bcc.n	20001254 <memcpy+0x84>
200012a0:	3a01      	subs	r2, #1
200012a2:	f811 3b01 	ldrb.w	r3, [r1], #1
200012a6:	f800 3b01 	strb.w	r3, [r0], #1
200012aa:	d2f9      	bcs.n	200012a0 <memcpy+0xd0>
200012ac:	780b      	ldrb	r3, [r1, #0]
200012ae:	7003      	strb	r3, [r0, #0]
200012b0:	784b      	ldrb	r3, [r1, #1]
200012b2:	7043      	strb	r3, [r0, #1]
200012b4:	788b      	ldrb	r3, [r1, #2]
200012b6:	7083      	strb	r3, [r0, #2]
200012b8:	4660      	mov	r0, ip
200012ba:	4770      	bx	lr
200012bc:	0000      	movs	r0, r0
	...

200012c0 <__time_us_64_veneer>:
200012c0:	f85f f000 	ldr.w	pc, [pc]	@ 200012c4 <__time_us_64_veneer+0x4>
200012c4:	10001dd1 	.word	0x10001dd1

200012c8 <__tu_fifo_write_veneer>:
200012c8:	f85f f000 	ldr.w	pc, [pc]	@ 200012cc <__tu_fifo_write_veneer+0x4>
200012cc:	1000622d 	.word	0x1000622d

200012d0 <__tud_event_hook_cb_veneer>:
200012d0:	f85f f000 	ldr.w	pc, [pc]	@ 200012d4 <__tud_event_hook_cb_veneer+0x4>
200012d4:	10004bed 	.word	0x10004bed

200012d8 <__panic_veneer>:
200012d8:	f85f f000 	ldr.w	pc, [pc]	@ 200012dc <__panic_veneer+0x4>
200012dc:	10000eed 	.word	0x10000eed

200012e0 <__best_effort_wfe_or_timeout_veneer>:
200012e0:	f85f f000 	ldr.w	pc, [pc]	@ 200012e4 <__best_effort_wfe_or_timeout_veneer+0x4>
200012e4:	10001c71 	.word	0x10001c71

200012e8 <striped_spin_lock_num>:
200012e8:	00000010                                ....

200012ec <irq_handler_chain_slots>:
200012ec:	00000000 	.word	0x00000000
200012f0:	00010000 	.word	0x00010000
	...
200012fc:	00020000 	.word	0x00020000
	...
20001308:	00030000 	.word	0x00030000
	...
20001314:	00040000 	.word	0x00040000
	...
20001320:	00050000 	.word	0x00050000
	...
2000132c:	00ff0000 	.word	0x00ff0000
20001330:	00000000 	.word	0x00000000

20001334 <irq_handler_chain_first_slot>:
20001334:	b501      	push	{r0, lr}
20001336:	6848      	ldr	r0, [r1, #4]
20001338:	3101      	adds	r1, #1
2000133a:	468e      	mov	lr, r1
2000133c:	4700      	bx	r0

2000133e <irq_handler_chain_remove_tail>:
2000133e:	4670      	mov	r0, lr
20001340:	3809      	subs	r0, #9
20001342:	4901      	ldr	r1, [pc, #4]	@ (20001348 <irq_handler_chain_remove_tail+0xa>)
20001344:	4788      	blx	r1
20001346:	bd01      	pop	{r0, pc}
20001348:	10001349 	.word	0x10001349
2000134c:	00000000 	.word	0x00000000

20001350 <last_added.0>:
20001350:	ffffffff 7fffffff                       ........

20001358 <default_alarm_pool>:
	...
2000136c:	20001478                                x.. 

20001370 <stdio_usb>:
20001370:	10004281 1000422d 100041a5 10004115     .B..-B...A...A..
20001380:	00000000 00000100                       ........

20001388 <_usbd_qdef>:
20001388:	20001764 000c0010 00000000 00000000     d.. ............
	...

200013a4 <_usbd_rhport>:
200013a4:	000000ff                                ....

200013a8 <print_mutex>:
	...
