:020000041000EA
:10000000002008205B0100101B0100101D010010E2
:100010001101001011010010110100101101001058
:100020001901001019010010190100101F01001022
:10003000110100101901001021010010230100100E
:100040001101001011010010110100101101001028
:100050001101001011010010110100101101001018
:100060001101001011010010110100101101001008
:1000700011010010110100101101001011010010F8
:1000800011010010110100101101001011010010E8
:1000900011010010110100101101001011010010D8
:1000A00011010010110100101101001011010010C8
:1000B00011010010110100101101001011010010B8
:1000C00011010010110100101101001011010010A8
:1000D0001101001011010010110100101101001098
:1000E0001101001011010010110100101101001088
:1000F0001101001011010010110100101101001078
:100100001101001011010010110100101101001067
:10011000EFF30580103800BE00BE00BE00BE00BE7A
:1001200000BE00BEF2EB887198F60010B8F6001021
:100130009C01001090A31AE7D3DEFFFF42012110BB
:10014000FF01000048170100793512AB00201E495D
:10015000086006C881F3088810474FF050400068D7
:1001600008B10020F3E70DA40ECC002902D000F066
:1001700012F8F9E71549164A002000E001C1914242
:10018000FCD114498847144988471449884700BE60
:10019000FDE701C901C29A42FBD37047B8F60010CF
:1001A00010010020D8220020801801100000082033
:1001B000000008208018011000E0072000E0072060
:1001C000000000007047000008ED00E0D822002089
:1001D000F46D0020E1570010BD020010D957001047
:1001E00070B584B0044600F0FDFF4FF0000343EC0F
:1001F000444000220121204600F0D2FF022001F0FD
:100200009FFE1F2C4FF001022DD84FF050460021C9
:10021000756802FA04F31D42204614BF15460D46C8
:10022000039300F0BDFF022001F08AFE039B726879
:100230001A4214BF012300230022204611460393D3
:1002400000F0AEFF039B45BB174A1849AB4214BFF1
:1002500094468C462A462146CDF800C0144805F045
:10026000ABFC04B070BD4FF050460021B568A4F15E
:10027000200302FA03F31D42204614BF15460D4623
:10028000039300F08DFF022001F05AFE039BB26839
:10029000134214BF01230023CEE7064A0649002B70
:1002A0000CBF94468C46D5E778E5001040E5001079
:1002B000D0E50010A0E5001028E500102DE9F04F72
:1002C0009DB005F0B7FB00F0D9F902E0642001F021
:1002D00037FE05F099FE0028F8D04FF4FA7001F0CF
:1002E0002FFEB84805F0EAFB30231A221E21B6483B
:1002F00005F062FCB54805F0E1FB1E20FFF770FF3A
:100300001F20FFF76DFF2020FFF76AFFB04805F0C0
:10031000D5FB2720FFF764FF2820FFF761FF1E2091
:1003200000F060FF4FF000061E2046EC4400002263
:10033000012100F035FFA74805F0C0FB4FF0030A8C
:100340001A2546EC40504FF4967001F0F9FD142444
:1003500000274FF05048D8F804301420C3F38073BE
:100360001F4401F0EDFD013CF5D139469A4805F0F6
:1003700023FC4FF0010343EC40504FF4967001F022
:10038000DFFD14274FF05048D8F804301420C3F391
:1003900080731C4401F0D4FD013FF5D121468F4804
:1003A00005F00AFCBAF1010ACBD11A234AEC40301D
:1003B0004FF4FA798A4805F0FFFBDFF8508289484C
:1003C00005F07CFB0DF13907CDF800A0CDF804A0B5
:1003D0001A26009D0DF13B0B0DF1070AA8FB051431
:1003E000640909FB1454B4F5967F2CBF0021012148
:1003F00041EC4060142001F0A3FDB4F5967F2CBFC2
:100400002E2123214FF050440AF8011F6168143552
:1004100011F0804F0CBF2E212321BA450BF8011F8C
:10042000DCD10026019B02AA5D1C29466E480FAB59
:1004300001958DF86E608DF83A6005F0BDFB009A6D
:10044000062D02F57A720092C2D11A2346EC403092
:10045000664805F033FB4FF002094FF00108122304
:1004600046EC4030112348EC40304FF4C87001F0A6
:1004700067FD0027142563681420C3F380731F44AD
:1004800001F05EFD013DF6D13946594805F094FB77
:100490004FF4167001F054FD112346EC40304FF438
:1004A000C87001F04DFD142763681420C3F38073F6
:1004B0001D4401F045FD013FF6D129464D4805F0A8
:1004C0007BFB122348EC40304FF4C87001F038FD3C
:1004D000142563681420C3F380731F4401F030FDBA
:1004E000013DF6D13946444805F066FB4FF41670DD
:1004F00001F026FD122346EC40304FF4C87001F0A5
:100500001FFD142763681420C3F380731D4401F09A
:1005100017FD013FF6D12946364805F04DFBB9F1EC
:10052000010F45D1112347EC4030122347EC4030F6
:10053000324805F0C3FA636803F08044C3F380795E
:1005400001F046FE002938D04FF47A7200230DF0F6
:100550008FFF06467CB32A4B4A460021294805F006
:100560002BFB294C294F12E04FF47A7200230DF037
:100570007FFF234B811BB8F1000F08BF23462A469B
:10058000204805F019FB052001F0DAFCA9464FF0E0
:1005900050435B68C3F38075A94503F08048F2D0EF
:1005A00001F016FE0029DFD1A7FB00308009E0E74B
:1005B0004FF0010953E7144BCEE74FF47A73B0FBC9
:1005C000F3F6C7E720E600104CE6001098E60010AE
:1005D000C4E6001008E700104CE7001074E70010B4
:1005E0009CE70010E0E70010F8E7001018E80010A2
:1005F0005CE8001088E80010B4E80010E0E80010A3
:10060000ECE5001020E9001008E60010D34D621060
:100610000023FF22C0E90033C0E90233C0E90433FC
:10062000827170470000000000239FED057BC0E948
:10063000013380ED047B0380704700BFAFF300807F
:10064000000000000000000000239FED097B037004
:1006500080ED027B80ED067B80ED0A7B43600361C9
:1006600080F8203080F83030704700BFAFF3008052
:10067000000000000000000001F082BE2DE9F04FF4
:1006800097B008AB1C464FF0010900279F4A0DF1B7
:100690002C0807CA83E8070054F8045B284600F0DA
:1006A000A1FD4FF0010343EC44504FF0000646EC2F
:1006B00040504445F0D19648FFF7AAFF9548FFF710
:1006C000B3FF1E2000F08EFD1E2046EC44000022E9
:1006D000012100F065FD07F03FFC1F212E2000F0F6
:1006E00041FD00222E20114600F05AFD00212E204F
:1006F00000F068FD132000F075FD152000F072FD7C
:100700004FF0130846EC44804FF0150A46EC44A025
:1007100001220021404600F043FD01220021504605
:1007200000F03EFD03237C4D7C4ECDE901392A4685
:1007300031467B48CDF8008007AB07F0A7FF0028C3
:1007400040F081807749784807F08AFD03211C201A
:1007500000F008FD03211D2000F004FD002201210E
:100760001C2000F01DFD002201211D2000F018FDBD
:100770006E4800F0CDF900F02DFC092000F032FDAC
:100780004FF00104092344EC403044EC443044EC85
:1007900040300C2000F026FD0C2344EC403044ECAB
:1007A000443044EC40300D2000F01CFD0D2344EC9F
:1007B000403044EC443044EC40302F2000F012FD37
:1007C0002F2344EC403044EC443044EC4030584952
:1007D000584807F0A9FD0121082000F0C3FC0121C1
:1007E0000A2000F0BFFC01210B2000F0BBFC5248A6
:1007F00000F08EF900F068FA01F0EAFCC9B14FF49C
:100800007A7200230DF034FE024600234B4800F0BC
:10081000D5FB01F0DDFC89B14FF47A7200230DF0B5
:1008200027FE02460023464800F0C8FB17B0BDE88B
:10083000F08F444BA3FB00308209E6E7414BA3FB5A
:1008400000308209EEE700974246012329683068AC
:1008500007F042FE0097524601232968306807F0EE
:100860003BFE4FF480324FF4F833CDE910234FF4C0
:100870004023A4461293079B139703F10E02DB015A
:1008800043EA0233049323F0F8530DF1400B43F095
:10089000A852D8465F460592BBE80F00ACE80F00AF
:1008A0004FF0FF31A246A646049BCCF800100C93F3
:1008B000DCF800300493BAE80F00A8E80F00049BAE
:1008C000CBF800300FCFAEE80F004FF418230E9393
:1008D0001D4B059A0F934FF400230C920D93079A2A
:1008E00023462968306807F03DFE00287FF42AAFD0
:1008F00032682B68106809FA03F30343134914485C
:10090000136081F80090FFF79FFE1BE720EB0010BB
:100910008025002028250020D84D0020D44D00201F
:10092000F8EA0010A0860100B8200020941F0020E3
:1009300040420F0000800840681F0020D81F0020A0
:10094000C01F0020D34D6210FFFF10FEEC6D002091
:1009500040250020F0B5047889B0012C05461646E4
:100960001F468DF8171040D0447801F031FC4FF04D
:10097000FF326FF0004310F5FA5041F1000182425E
:1009800073EB010C3CBF104619460123CDE902016F
:100990000DF1170221462A48009307F08DFC00282C
:1009A00020DB6D7801F014FC4FF0FF326FF0004354
:1009B00010F5FA5041F10004824273EB04013CBF90
:1009C00010461C462946002502903B4632460394B9
:1009D00000951B4807F08CFCA842B4BF0020012002
:1009E00009B0F0BD002009B0F0BDCBB2022163F028
:1009F0007F038DF81F301348134B4268596003681A
:100A00000A4083F00703114903F0CF030B60104B3A
:100A10005A60AB784FF0000242EC403022460DF1B4
:100A20001F010DF045FD3B463246002105480DF003
:100A300047FDAB7844EC4030204609B0F0BD00BF24
:100A4000B82000200080084000B008400090084016
:100A500000A0084030B5037889B0012B04468DF81A
:100A60001C108DF81D2021D043784FF0FF341D4617
:100A700001F0AEFB6FF0004210F5FA5041F10003B7
:100A8000844272EB03013CBF204613460024CDE9AB
:100A900002032946022307AA0094184807F00CFC19
:100AA000A042B4BF0020012009B030BD144801F0BD
:100AB0007F018DF81C104268124902F0020C0222DC
:100AC00005934A600168DFF844E081F0070101F016
:100AD000CF01CEF800100C49C1F804C0A1784FF046
:100AE000000C4CEC401007A90DF0E2FCA278059B2D
:100AF00043EC4020184609B030BD00BFB8200020AC
:100B00000080084000B0084000A008400090084065
:100B100070B5D0220025037892B0012B80F82550C3
:100B200004468DF81F508DF8202000F09C804578F9
:100B300001F04EFB4FF0FF326FF0004310F5FA501A
:100B400041F1000C824273EB0C013CBF10469C4605
:100B5000012302902946574808AACDF80CC00093FB
:100B600007F0AAFB002822DB63784FF0FF351E4612
:100B700001F02EFB6FF0004210F5FA5041F1000336
:100B8000854272EB03013CBF2846134600250290C4
:100B900003933146012347480DF11F02009507F0EA
:100BA000A7FBA84203DB9DF81F30602B02D000207A
:100BB00012B070BD1A23882120460AAAFFF7CAFE88
:100BC0000028F4D00723E121204608AAFFF7C2FE3F
:100BD0000028ECD0BDF828209DF824309DF8230093
:100BE0009DF82510A280BDF82A202281BDF82C2076
:100BF0006281BDF82E20E2800C9AE2600D9A22619B
:100C00000E9A62610F9AA2619DF841202277BDF889
:100C10002020E2839DF8222062779DF8265003F081
:100C20000F021B0942EA001243EA01132284F22157
:100C300001222046638484F82450FFF70BFF00282C
:100C4000B5D02722F4212046FFF704FF0028AED0BC
:100C50004022F5212046FFF7FDFE0028A7D0012302
:100C600084F82530A4E702208DF82820124E134A7C
:100C7000716850603268014082F00702104802F04B
:100C8000CF0202600F4A5160A27845EC40201A461C
:100C90000AA9304605930DF00BFC059B0DF11F02D0
:100CA000294630460DF00CFCA278059B43EC402011
:100CB00079E700BFB82000200080084000B008405D
:100CC0000090084000A00840F0B500240C269FEDDD
:100CD000307B0321304D85B00095304B304D314A8B
:100CE000C3E9004414603048304A2E719C60304F94
:100CF000304B314E87ED007BC2E900448DF80F1078
:100D000094600A2114731C600B220823286034604D
:100D100000F05CF8287900F071F8284B2946009320
:100D20002448274B274A07F029FE28B1214B306081
:100D30001C60002005B0F0BD1E4C206807F01AFEB4
:100D4000034628B91949206807F004FF034660B13B
:100D50001848336008F010F80023164A1360134A4D
:100D6000C2E9003393601373E3E7174920680DF17C
:100D70000F0207F06FFE03460028E9D1206807F054
:100D8000A5FF03460028E3D10120D3E7AFF300809D
:100D9000000000000000000040420F00AC5A00209C
:100DA000C44D0020A45A002000800840BC6D0020E3
:100DB00078250020E04D0020A85A0020890F00105F
:100DC000D90E00101D0E00103CE9001030B583B0A4
:100DD0000D460699CDE9003207F0A6FA0446012136
:100DE000284600F0BFF90198012100F0BBF90098F6
:100DF000012100F0B7F9204603B030BD00B583B043
:100E0000019000F0EFF94FF00103019843EC40002E
:100E100043EC440043EC400003B000BD2DE9F04139
:100E200084B0ADF8061000283CD0002A38D0904697
:100E30000268022711461D4651F8043F90F804C08D
:100E4000044601F540500760106802F5805E80F0AE
:100E50000F003B4001F5005100F0CF00CEF800003C
:100E600000260B6046EC40C000BF00BF00BF01235E
:100E700020680DF10E020DF10601ADF80E600DF0C7
:100E80000FFB01281CD185B9002000BF00BF00BFA7
:100E90004FF00102237942EC403004B0BDE8F0810C
:100EA000002BC4D06FF00100F7E72B4642463146D5
:100EB00020680DF011FB8542E6D06FF00100E4E7F9
:100EC00000BF00BF00BF4FF00102237942EC403069
:100ED0004FF0FF30E1E700BF2DE9F04182B0ADF8FF
:100EE0000610002839D0002A35D01D460368022795
:100EF0009C4690465CF8042F01790CF5405637600B
:100F000003F5805E1B683A4083F00F030CF5005C2C
:100F100003F0CF030446CEF800304FF00000CCF8C9
:100F2000002040EC401000BF00BF00BF012220683D
:100F30000DF106010DF070FA01281BD185B9284684
:100F400000BF00BF00BF4FF00102237942EC4030E8
:100F500002B0BDE8F081002BC7D04FF0FF30F7E7BB
:100F60002A46414620680DF057FA281A18BF4FF05C
:100F7000FF30E5E700BF00BF00BF4FF0010223795B
:100F800042EC4030E9E700BF38B541F2883398427F
:100F900010D8044650B10A2C254628BF0A25FFF771
:100FA0006BFB284600F0CCFF641BF4D1FFF764FB19
:100FB000002038BD6FF0020038BD00BF002112F5DF
:100FC000FA7243F10003C0E9033182604170017598
:100FD000704700BF2DE9F0474FF000094FF0FE0ABF
:100FE0004F465D4C5D4E86B004F1040816F8015B77
:100FF00004F8017B002D3ED08DF813A001F0E8F835
:101000004FF0FF326FF0004310F57A6041F10001BC
:10101000824273EB010C3CBF104619460123CDE917
:1010200002010DF1130229464D48009307F044F9DF
:10103000002820DB01F0CCF84FF0FF326FF00043C6
:1010400010F57A6041F10001824273EB010C3CBF64
:10105000104619460097CDE902010223294640486F
:1010600005AA07F045F9002805DB44F65413BDF83E
:1010700014209A4205D04445B8D1484606B0BDE890
:10108000F087FF238DF8133001F0A2F84FF0FF3204
:101090006FF0004310F57A6041F10001824273EB7A
:1010A000010C3CBF104619460123CDE902010DF1A8
:1010B000130229462A48009307F0FEF80028DADBDD
:1010C00001F086F84FF0FF326FF0004310F57A60C0
:1010D00041F10001824273EB010C3CBF10461946FE
:1010E0000023CDE902010093294602231C4805AAEA
:1010F00007F0FEF80028BEDB46F22203BDF81420FC
:101100009A42B8D14FF48A43ADF8143027238DF8B2
:10111000163001F05DF84FF0FF326FF0004310F52C
:101120007A6041F10001824273EB010C3CBF104632
:1011300019460023CDE902010093294603230848FC
:1011400005AA07F0B9F8002895DB012309F1010988
:1011500004F8013C8FE700BFEC5A00202CEB001094
:10116000B82000204FF4807C0C4B00B553F82020B1
:1011700003EB8003C00082F0400200F1804003F5E1
:10118000805E02F0C00200F5203003F54053CEF837
:1011900000204160C3F800C000BD00BF04800340D0
:1011A000DFF81CC0C90041EA82015CF820200CEB8A
:1011B0008003514003F5805301F00C011960704722
:1011C00004800340064B402203EB800319B103F572
:1011D00000531A60704703F540531A60704700BF10
:1011E000048003404FF0000300B543EC440043EC9F
:1011F00040004FF0050E4FF4807C0C4BC20053F8BA
:10120000201003EB800081F0400102F1804303F5E0
:10121000203301F0C00200F5805100F540500A6013
:10122000C3F804E0C0F800C000BD00BF0480034064
:101230000FB400B5084883B004F040FC049B3BB1F8
:1012400005A91846019104F0ABFA044804F036FCF5
:10125000012004F0BDFA00BF54E9001038E9001085
:10126000EFF3108072B6064BD3E8CF1F012200299E
:10127000FAD1C3E8412F0029F6D1BFF35F8F704741
:10128000174C00200023034AC2E88F3F80F31088E8
:10129000704700BF174C002070B51646EFF310845E
:1012A00072B6DFF848E0DEE8CF2F0123002AFAD13A
:1012B000CEE8423F002AF6D1BFF35F8F012301F051
:1012C000070CCA0803FA0CF310F802C01CEA030565
:1012D00008D14CEA030C00F802C0CEE88F5F84F31B
:1012E000108870BD3046FFF7A3FF00BF174C0020E9
:1012F000F8B50F461946EFF3108672B61C4DD5E8C7
:10130000CF4F0123002CFAD1C5E8443F002CF6D181
:10131000BFF35F8F8A421BD8012402E00132914261
:1013200022D3D30810F803E002F0070C04FA0CFCF7
:101330001EEA0C0FF2D14EEA0C0E00F803E0104644
:101340000023C5E88F3F86F31088984207DBF8BD7D
:101350000023C5E88F3F86F310884FF0FF30002F41
:10136000F5D00698FFF764FF4FF0FF30E8E700BFC5
:10137000174C002000B5EFF3108E72B6104BD3E877
:10138000CFCF0122BCF1000FF9D1C3E84C2FBCF143
:10139000000FF4D1BFF35F8F01224FEAD10C01F0AF
:1013A000070102FA01F110F80C2022EA010200F80C
:1013B0000C200022C3E88F2F8EF3108800BD00BFE1
:1013C000174C0020044A1078431CDBB2182B28BFAE
:1013D00010231370704700BFF01F002000B5DFF826
:1013E0001CC083B001461F231822CDF800C002485C
:1013F000FFF77EFF03B000BD684D002064E90010D8
:101400004FF0E022936843F000539360704700BFB1
:101410000021044B03F12002C3E88F1F01339342E4
:10142000FAD170470C4C00204FF0E0234FF080328F
:10143000C3F80024C3F80424C3F80824C3F80C2418
:10144000C3F81024C3F81424C3F81824C3F81C24C8
:10145000C3F82024C3F82424C3F82824C3F82C2478
:10146000C3F8302462B67047012300F01F02934096
:10147000400941B1800000F1604000F56140C0F8D2
:10148000803103607047024A203042F820307047B4
:1014900000E100E00123064A410952F8212000F052
:1014A0001F008340134214BF01200020704700BF7B
:1014B00000E100E001224309034900F01F008240DF
:1014C000403341F82320704700E100E0054A103026
:1014D0009268054B52F82000C01A47288CBF0020A4
:1014E0000120704700ED00E0F41F002008B5EFF385
:1014F000108E72B6134BD3E8CFCF0122BCF1000F90
:10150000F9D1C3E84C2FBCF1000FF4D1BFF35F8FCA
:101510000D4A10309268DFF834C052F8202062453E
:1015200001D091420BD1084A926842F82010BFF3D3
:101530005F8F0022C3E88F2F8EF3108808BD00F064
:10154000F1FF00BF154C002000ED00E0110100107C
:101550002DE9F84F8B461146EFF3108872B6664FAF
:10156000D7E8CF2F0123002AFAD1C7E8423F002A4B
:10157000F6D1BFF35F8F614B93F90040002CC0F2AE
:10158000B88000F110055E4804EB440900EB8902C5
:1015900096794FEA89091E705A4B9B6853F825606B
:1015A000331A472B35D826F0010E9EF807308B42B0
:1015B00009D86FE00CEB4C0300EB830393F807A012
:1015C0008A4551D99E469EF906C0BCF1000FF1DA5A
:1015D0004BF601590EF1040A131FA3EB0A03C3F3E0
:1015E0004A036FEAC3436FEAD3438EF80640DFF83D
:1015F00020A104EB440400EB8402AEF8043040F870
:1016000024A0A2F8049082F806C0D171C2F808B0F4
:101610001DE03D4B9E426CD13C4BD17109F1020162
:101620000144043B5B1AC3F34A036FEAC3434FF41C
:1016300021416FEAD34320F809105380FF214BF674
:101640000153C2F808B09171938042F001062D4B0E
:101650009B6843F82560BFF35F8F0023C7E88F3F87
:1016600088F31088BDE8F88FF2466FF00703A3EB0C
:1016700009033AF8049F1B1A49F30A0909F1020900
:101680000AEB49099944C9F34A096FEAC9496FEA63
:10169000D949A1E76FF00703D1711C4909F1020490
:1016A00004440439091BA3EB0903C1F34A011B1AC3
:1016B0006FEAC1417344C3F34A036FEAC3436FEA5D
:1016C000D1414FF421466FEAD3435180104920F8AD
:1016D000096093804AF6AA2473461B1A5B415C4357
:1016E000240DC2F808B0947142F00106CEF8001043
:1016F000ADE700F017FF00BF154C0020ED6D002096
:10170000F41F002000ED00E0110100103C2000203B
:10171000014880472DE9F041EFF30583DBB29E4697
:10172000EFF3108572B62F49D1E8CF2F0123002A9D
:10173000FAD1C1E8423F002AF6D1BFF35F8FDFF84C
:10174000B48040F00106D8F808704AF6AA2357F88A
:101750002E700446244AA41A644163431B0DB74209
:101760005BB226D092F906409C4228D092F91240F2
:101770009C422FD092F91E409C422DD092F92A40D3
:101780009C422BD092F936409C4229D092F942409B
:101790009C4208BF052413D0144A002492F800C0CC
:1017A000137080F806C0C1E88F4F85F31088BDE83C
:1017B000F081D8F808200E4C42F82E40ECE70024C7
:1017C00004EB440402EB8402FF2494714BF60154B1
:1017D0009480E1E70124F3E70224F1E70324EFE733
:1017E0000424EDE7154C0020F41F0020ED6D0020CF
:1017F0001101001000ED00E000B5DFF824C083B057
:10180000014605230022CDF800C00448FFF770FD13
:101810000028A8BFC0F1330003B000BDF36D002065
:1018200080E90010014B0B44036070470C4C002012
:1018300070B5104C104DAC420ED2FF26236863B138
:10184000FFF7C0FD01462046FFF7ECFFA680BFF37F
:101850005F8F0834AC42F1D370BDFFF7B3FD014692
:101860002046FFF7DFFF2671BFF35F8F0834AC42DD
:10187000E4D370BDD0220020D822002010B5044649
:10188000FFF7A0FD01462046FFF7CCFFFF232371A1
:10189000BFF35F8F10BD00BF10B504460120FFF7F6
:1018A0009DFD034B03442360BFF35F8F10BD00BF5A
:1018B0000C4C0020024B0B440360BFF35F8F70475A
:1018C0000C4C002010490B68EFF3108072B6D3E87F
:1018D000CFCF0122BCF1000FF9D1C3E84C2FBCF1EE
:1018E000000FF4D1BFF35F8F084A4FF0000C13785C
:1018F000096801331370C1E88FCF80F3108840BFAF
:1019000000200021704700BFCC6D0020EF6D00204B
:101910002DE9F04F2DED028B85B0EFF30583DBB29F
:10192000103B9A0818BF01224FF0010103F0030B8E
:1019300018BFA94CA94B08BFA94C0BEB820253F866
:10194000225001FA0BF204F541539FEDA18B029254
:101950005A602FE0AB88190440F19480AB79002BDA
:1019600040F0DE80B5F90860002EC0F21C816B6982
:1019700006EB460603EBC603D3E90267B7F1FF3F68
:1019800008BFB6F1FF3F0ED004EB8B01A36A0A69D2
:10199000D21AF31A934205D30123226A03FA0BF3F6
:1019A000134200D10E61204600F00AFCB042B9415A
:1019B000C0F2F980B5F90860029B002EE363C9DB31
:1019C000D5F8149006EB460A09EBCA07BB68204617
:1019D000D7F80C80019300F0F3FB019B984271EB68
:1019E0000801B7DBB8F1000FC0F2C080D7E90431BD
:1019F0007C4A934200F0F8807A88B5F9080092B2E8
:101A000042EA0040984702460B4652EA030100F0C2
:101A1000AD80002B80F2CD800199B1EB020E68EB16
:101A2000030839F93A30C7E902E8002B92DB68690C
:101A300003EB430200EBC202D2E90271BE4578EB30
:101A4000010C4FEA430285DBAC462CF8083F06E068
:101A500003EB430100EBC1015A00D1E90271BE451D
:101A600078EB01011A4405DB30F9323000EBC20C8F
:101A7000002BEDDA29F83A30ACF80060AB88190495
:101A80003FF56CAF2B69EFF3108272B6D3E8CF0F3E
:101A900001210028FAD1C3E8401F0028F6D1BFF386
:101AA0005F8F4FF6FF76A8880023296900B2AE80C9
:101AB000C1E88F3F82F310889842FFF64FAF074688
:101AC000A1466E6905F10808B5F9083007EB470E25
:101AD000002BC44606EBCE0215DBD2E90240AA4633
:101AE000019704E036F935309446002B09DB03EB0F
:101AF000430506EBC502D2E90271BC4270EB01015D
:101B0000F0DA5546019FACF8007036F93E7026F8C1
:101B10003E30002FD8DAAB794C46002B3FF422AF91
:101B20000023AB71B5F90860721C33463BD068697D
:101B300005F1080E03E08E465A1C3FF415AF03EB87
:101B4000430200EBC2014F889C463F0430F932301B
:101B5000F1D5664581ED028BEED0AEF800302989D3
:101B6000664620F83210A5F808C0E5E739F83A30A3
:101B70002B812B69EFF3108272B6D3E8CF0F0121CE
:101B80000028FAD1C3E8401F0028F6D1BFF35F8FC9
:101B90006B88296929F83A3000236E80C1E88F3FAD
:101BA00082F31088D6E640BF05B0BDEC028BBDE8DD
:101BB000F08F20460393019200F002FB019A039BF1
:101BC00010EB020E43EB01082BE700BFAFF30080E0
:101BD000FFFFFFFFFFFFFFFF00800B40CC5A0020FC
:101BE00000000B401119001008460B69039198473B
:101BF0000028BBD00399D1E9002306E738B5384B5C
:101C00001C692CB1BDE838400A213648FFF70ABEEE
:101C10000321354800F0C2FA334D314BDD60FFF748
:101C2000D1FB324A4FF0504E024403202C4B4FF070
:101C30000F0C18701A61DEF800204FF6FF715A7011
:101C40005A69A3F802C014834FF00204A2F8484076
:101C50004FF00404A2F878404FF00504A2F8904039
:101C60004FF00604A2F8A8404FF00704A2F8C040C5
:101C70004FF00904A2F8F0404FF00A04A2F808411E
:101C80004FF00B04A2F820414FF00C04A2F83841A9
:101C90004FF0010414864FF00804A2F8D840144C09
:101CA0004FF00D0E4FF00E0C9C6008249980A2F8A6
:101CB00050E1A2F868C1A2F8600011800D4A2C62C0
:101CC0000D49D360FFF712FC01210320FFF7CCFB85
:101CD0000A4B0A211C640348BDE83840FFF7A2BD47
:101CE00060200020CC6D002000000B400C4C002038
:101CF000FFFF1000CC5A00201119001000200B40EB
:101D00000048704760200020F0B583B09DF828405F
:101D10001D46034654B9CDE9000200F059FA019A74
:101D2000009B824265EB0101A1425BDB1969EFF385
:101D3000108072B6D1E8CF6F0124002EFAD1C1E82D
:101D4000464F002EF6D1BFF35F8FB3F902401F69F3
:101D5000002C3EDBD3F814C004EB440E3CF83E10DC
:101D6000002659800CEBCE01C7E88F6F80F31088F6
:101D70004888C1E902250130C0F30E00012838BFB0
:101D80000120089A48800A61099A40EA04404A61A1
:101D90001A69EFF3108172B6D2E8CF7F0125002FC8
:101DA000FAD1C2E8475F002FF6D1BFF35F8F9A8860
:101DB0002CF83E201A699C80C2E88F6F81F310884E
:101DC00001211C78DA68A14002F50153596003B083
:101DD000F0BD0023C7E88F3F80F310884FF0FF303D
:101DE00003B0F0BD204603B0F0BD00BFF0B516460D
:101DF0001F4602690346EFF3108072B6D2E8CF4F58
:101E00000121002CFAD1C2E8441F002CF6D1BFF307
:101E10005F8FB3F902101D69002945DBD3F814E088
:101E200001EB41023EF832400EEBC20C5C80002414
:101E3000C5E88F4F80F3108805983546CCF8100020
:101E400006983E46CCF81400BCF80200CCE90256D5
:101E50000130C0F30E00012838BF0120ACF80200A9
:101E600040EA0140D3F810C0EFF3108572B6DCE809
:101E7000CF7F0126002FFAD1CCE8476F002FF6D193
:101E8000BFF35F8FB3F804C02EF832C099801A698F
:101E9000C2E88F4F85F3108801211C78DA68A140D1
:101EA00002F501535960F0BD0023C5E88F3F80F370
:101EB00010884FF0FF30F0BD03464089B0EB214F52
:101EC0003ADD58690A1402EB420210B5D3F810C08B
:101ED00000EBC200EFF3108E72B6DCE8CF4F0122A8
:101EE000002CFAD1CCE8442F002CF6D1BFF35F8F41
:101EF000428889B292B28A4207D000221B69C3E8A5
:101F00008F2F8EF31088002010BD6FEA42426FEAD7
:101F1000524242800121002218699971C0E88F2F36
:101F20008EF3108893F800C0DA68084602F5015372
:101F300001FA0CF1596010BD0020704740787047DD
:101F40002DE9F04383B0064600F042F94FF47A736E
:101F500004464FF0FF306FF00042E6FB0341A04221
:101F600072EB01033ABF044615460D46A61F45F124
:101F7000FF37B44275EB07033CBF0026374600F03D
:101F800027F9301A67EB0101012871F1000106DA27
:101F90002046294603B0BDE8F04300F023B900F025
:101FA00017F9864267EB010100290ADB00211D4B6E
:101FB000324600931C483B460191FFF717FF013062
:101FC000E6D04FF0000E194ADFF868C01849536A8E
:101FD0009F4204D8906AB042DAD29F42D8D1DCF84E
:101FE0000030EFF3108072B6D3E8CF9F5FF00108A6
:101FF000B9F1000FF8D1C3E8498FB9F1000FF3D15F
:10200000BFF35F8F0B785FFA83F8DCF80030C3E82A
:102010008FEF80F310880878804500D120BF20BF63
:10202000D5E700BFC51800106020002000000B405D
:10203000EF6D0020CC6D0020F0B5024685B0EFF3C7
:102040000585EDB2002D61D10B46424CD4E900016B
:10205000994208BF90424AD0CDE902233E4BDF6847
:102060001E78384600F0ACF806F1040C57F82CC086
:10207000029A039BACEB000C101A63EB0101604564
:1020800071F1000133DACDE9022300F0A1F8029AE0
:10209000039B824263EB0101002949DB2F492E4853
:1020A00000910195CDE90232FFF7A0FEDDE9023291
:1020B000011E3DDD2A48C4E90023446A9C4246D300
:1020C000806A904241D32448CDE90232FFF7F4FE02
:1020D0002349029B486A98421CD314BF0120002068
:1020E0008B6A039A934228BF40F001000CE020BFA6
:1020F0001B49486A98420DD314BF012000208B6A07
:10210000934228BF40F0010005B0F0BD1448436A77
:102110008B4202D2002005B0F0BD14BF0123002382
:10212000816A914234BF184643F0010005B0F0BD0A
:102130000B49486A9842EDD3C01A18BF01208B6A38
:10214000934228BF40F00100DEE79C42BBD120BF94
:10215000B9E700BF5820002060200020C5180010FB
:1021600000000B40084BD0E900C15A6A914208D8E0
:1021700014BF012000209B6A634528BF40F0010086
:1021800070470020704700BF00000B400146024826
:10219000C1E90023704700BF6521001010B4054B52
:1021A000054C064AA04214BF1846581C10BCFFF745
:1021B00073B800BF6C4D002000800B409CE90010FC
:1021C0000346416A0A46986A596A8A42FAD17047B8
:1021D000034B596A0A46986A596A9142FAD1704784
:1021E00000000B40074A536A9942FCD8994207D134
:1021F000044B02E05A6A914202D19A6A9042F9D89D
:10220000704700BF00000B4000EB400C4FEA8C0C05
:102210000CF1804C0CF5803C70B51E46DCF80430A7
:10222000041FB3F5803F38BF4FF48033E4B238BFAA
:10223000CCF80430012C2ED94FF40065284B0CF556
:10224000405ECEF8005053F820E0BEF1000F17D1E9
:10225000DCF800E0012C8EEA421202F0E0020CF5FC
:10226000805ECEF800202BD94FF4006143F8206047
:102270004FF480330CF500521160CCF8043070BD7F
:102280005D69B5FBFEFE0EF1010E0EEB4E0EBEF1CA
:10229000030EFCD2DCE70129CED103240CF5405318
:1022A0001C60DCF80830DB07FBD5DCF800300CF5EF
:1022B000805E83EA421303F0E003CEF80030084B5F
:1022C0000122DCF800404C4004F00304CEF800404A
:1022D00002FA01F1DCF808200A42FBD0C4E700BF93
:1022E000744D0020014B53F820007047744D0020BE
:1022F00010B5029C8E464FEA043C4CEA034C1C4B42
:10230000B3FBF1F30168B2FBF3F4002920DB194AB7
:10231000194B904214BF4FF480424FF400421749CA
:102320001A6003F580531A608B6832EA0303FBD10D
:10233000212200F540530433C0F800E084601A60A5
:102340000268002AFCDA0822C0F80CC01A6010BD2E
:10235000036803F03F037345D9D18368C3F30B03CC
:10236000A342D4D1C36803F4EE236345CFD110BD9B
:10237000001BB70000800540002002400000024022
:10238000024A034B12685A60704700BFBC5A0020D3
:1023900000800D404FF0804C214B00B5C3F800C0C9
:1023A000002839D0DFF888C0A3F54053C3F81CC01B
:1023B000DFF880C040F0010080EA0C0CC3F820C0B8
:1023C000596298624FF0804E4FF0E061144B15480F
:1023D000DFF864C0C3F800E0C0F808C019602AB98B
:1023E0004FF00042A3F580531A6000BD4FF47A739A
:1023F00003FB02F2B2F1807F2ABF6FF07F431346E6
:102400001A464FF08041DFF834C00748CCF800305E
:10241000064B4260196000BD034BD861D2E700BF94
:1024200000B00D4000A0014000800D4000A00D4014
:10243000D3C007B02D3FF84FF3FFFF01BC5A002077
:10244000012300EB4000800000F1804000F5841083
:1024500041600360704700BF10B5002482B00B4696
:10246000E48A002141E800F1CDE900034B0254BFAA
:102470001021042144F25220A047DDE900238646C2
:102480000A214FF48170F44602B0BDE81040604765
:102490000023DB8A002242E800F2520201D410211C
:1024A00018470421184700BF08B503460846191EFF
:1024B00002DB1AB140F03000FFF7CEFF40F0200001
:1024C000FAE700BF034AD2F82838002BFBD0BFF34D
:1024D0005F8F704700000E400021044B044ABFF399
:1024E0005F8F43F8041B9342F9D170470C080E40EC
:1024F0002C080E404FF42A6C4FF48D70054A064BA1
:102500000649C2F800C0D06019605368002BFCDA9D
:10251000704700BF0080044000A0044000B0FA00F3
:10252000704700BF08B50148FEF782FEC0E9001001
:1025300038B5054C054DAC4204D254F8043B9847DD
:10254000AC42FAD338BD00BFE0E4001020E5001033
:102550000648DFF828C0064B064A0749C0F800C005
:102560001A608B6832EA0303FBD1704700200240F7
:1025700000300240F6FFF303000002407F3BEFEF24
:10258000044BDB6CB3F5004F03D14FF48022024BB8
:10259000DA64704700001150002011504FF0E02223
:1025A000044BD2F8881D0B43C2F8883D10EE30046E
:1025B000704700BF030330006FF06041044B054AD1
:1025C00019609368DB4333F06043FAD1704700BF72
:1025D000003002400000024010B545F25320FFF7E2
:1025E00057FFBDE8104003460420184710B545F2D8
:1025F0005320FFF74DFFBDE8104003460120184768
:10260000FEF706BF1349144B70B55C1AA508442D9C
:102610002A4628BF4422114E920030460BF0E4FEB9
:10262000432D13D80E4A0FD0C5F144003319410889
:1026300003EBC101C3E9002208338B42FAD1C3077F
:1026400004D520F00100054446F82520054B9E6086
:1026500070BD00BF0000001010010010000000203D
:102660001101001000ED00E0002370B52B4C82B08A
:10267000C4F88430FFF73EFF0122294BDA63636C14
:10268000012BFCD10321264A244B11639C6B012CA6
:10269000FCD10226052521460523224A2248009620
:1026A000FFF726FE21462B46204A21480095FFF7DA
:1026B0001FFE0022042031461E4BFFF7A5FD2146D8
:1026C000284600221C4BFFF79FFD002208201146E0
:1026D0001A4BFFF799FD002209201146174BFFF70F
:1026E00093FD002206201146134BFFF78DFD0022BB
:1026F000114B07201146FFF787FD0420FFF7F2FD7D
:1027000000240F4BA3FB0035AD0CE0B22946013489
:10271000FFF796FE062CF8D102B070BD0000014014
:1027200000300140002F685900000540008C8647AA
:1027300000800540001BB70080D1F008006CDC026F
:1027400083DE1B43000000002DE9F04FC1F30A595E
:1027500016461F4689B0A9F2FF38B9F1000F30D0F4
:1027600040F2FF7291452CD00024C9F57F720332EC
:10277000201801EB025101F018F987A3D3E90023D7
:1027800000F004FD0022864B04460D4600F002FED8
:1027900048B1204629460022824B00F0BFFC044687
:1027A0000D46A9F2FE38B8F1000F22D132463B4661
:1027B0002046294600F0C6FC09B0BDE8F04F00F005
:1027C000ABBA01F0F2F874A3D3E9002300F0DEFC09
:1027D0000022734B04460D4600F0DCFD48B1204654
:1027E000294600226F4B00F099FC04460D46A9F2E1
:1027F000FE383046394600226B4B00F0B7FD48B139
:10280000B8F1000F4FF00000C0F2B680674909B080
:10281000BDE8F08F304639460022654B00F092FD4E
:102820008146002840F0A2803046394600F032FA56
:102830000B46024682468B463046394600F06EFC17
:102840001A22CDE9020100F003FA00F023FAC1F3E5
:102850000A5340F2FF7C06460F464BB1634507D052
:102860001A2BD5BF4E46064601F00047A1F1D0779E
:102870005946504600F00AFD8146404600F0E2FC11
:1028800032463B46CDE9040100F05CFC82468B46B3
:1028900000F000FA0A4601461346CDE9001202464E
:1028A0005946504600F03AFCDDE902AB32463B4661
:1028B000CDE906015046594600F030FCDDE904231D
:1028C00000F040FCDDE9062300F014FCCDE9040132
:1028D000484600F0B7FC22462B4600F033FC064683
:1028E0000F4600F0D7F90A4601461346CDE9021219
:1028F00002463946304600F011FCDDE9042300F0C1
:10290000F9FB06460F4622462B465046594600F034
:1029100019FC32463B4600F0EDFB00F0FDF9C1F337
:102920000A5440F2FF730D460646002C3FF46FAF89
:102930009C423FF46CAFDDE9000100F0A7FC08FB0E
:1029400009F70744DDE9020100F0A0FCC3191C44AB
:10295000002C1ADD40F2FE72944211DD05F00045B4
:1029600045F0FF41002041F4E00150E7B8F1000FCD
:102970004FF00000FFF64AAF002109B0BDE8F08F2C
:10298000002205EB0351901941E7002005F00041BA
:102990003DE700BFAFF30080EF39FAFE422EE63F7D
:1029A0000000E03F0000F03F0000B0400000F07F7A
:1029B0000000B0C0012A2DE9F84F6CD002EBD273B1
:1029C0005B10012B06460F46144698464FD013461F
:1029D000002AB8BFD31C9B10012B994600F08280BF
:1029E0001346002AB8BFD31DDB10012B9A4658D0DE
:1029F0001346002AB8BF02F10F031B11012B9B469F
:102A000073D01346002AB8BF02F11F035B11012BDC
:102A10001D4674D0002AB8BF3F329211FFF7CAFF9B
:102A200002460B4600F08EFBED0702460B465FD4D4
:102A30001046194600F086FB1BF0010F02460B46BC
:102A400005D032463B4600F07DFB02460B46104661
:102A5000194600F077FB1AF0010F02460B4622D010
:102A600032463B4600F06EFB02460B461BE0024638
:102A70000B461046194600F065FBE40702460B467C
:102A800005D532463B4600F05DFB02460B4610463C
:102A90001946BDE8F88F02460B4610461946BDE8B8
:102AA000F88F02460B461046194600F04BFB19F012
:102AB000010F02460B4605D032463B4600F042FB72
:102AC00002460B461046194600F03CFB18F0010F79
:102AD00002460B46CDD032463B4600F033FB024661
:102AE0000B46C6E702460B46ECE702460B46AEE74E
:102AF00032463B4600F026FB02460B4698E702466C
:102B00000B4695E700292DE9F04716461F46044677
:102B10000D4680F28D80C3F30A53A3F2FF33342BAA
:102B200026D84FF0FF31C3F1340CC3F1140801FA79
:102B300008FA01FA0CF9A3F1140E49EA0A0921FA7C
:102B40000EFA49EA0A0901FA0CF122EA010127EA20
:102B5000090951EA09010BD173B322FA0CF007FA03
:102B60000EFE40EA0E0027FA08F21043C30723D4F2
:102B700005F100431D46A04699463046394600F00F
:102B800085FB2B0D8246024607D040F2FF70834240
:102B900003D0C5F3130121431DD0BAF1000F17D0A4
:102BA0000AF12003402B30D932463B464046494685
:102BB000BDE8F047FFF7C8BD3B463246204605F169
:102BC0000041FFF79FFF01F100431946BDE8F08780
:102BD00000201C49FAE71C4AA3F2FF335245B8BF54
:102BE00052468242A8BF024602FB03F101F2FF33C4
:102BF000002B20DD40F2FE7293421FDC00221148C0
:102C000000EB015319461046E0E7BAF1000F09DA6C
:102C100042464B4600200B4900F0B8FA80468946F0
:102C2000CAF1000240464946BDE8F047FFF7C2BE80
:102C300080468946A1E700200021C7E7002003491C
:102C4000C4E700BF0000F03F00F8FFFF0000F07F86
:102C5000C1F30A53C3B110B540F2FF7E73450ED0E5
:102C60001344002B8C460BDD40F2FE718B420CDDD1
:102C700000200CF0004C4CF0FF4141F4E00110BD8D
:102C8000002001F0004110BD704700230CEB025101
:102C9000181810BDC1F30A53A3F2FF33B3F1FF3F7D
:102CA0000A462CDB2FD0332B28DC012170B50646D9
:102CB0000220C3F13304C3F1130E133B21FA03F3D3
:102CC00001FA0EFE4EEA030EA4F1200C01FA04F301
:102CD000C4F120059B1920FA05F100FA0CFC00FA5A
:102CE00004F042EB0E024CEA010ED0F1000C6EEB48
:102CF0004E0E0CEA03000EEA020170BD7047002080
:102D000001F00041704701F0004242F07F51002085
:102D100041F44011704700BF40F6FF7CBCEB115FEF
:102D200040D0F8B500222A4B05460E4600F00AFBBB
:102D3000A8BB002228463146264B00F017FB04466C
:102D400098BB28463146FFF7A5FF00F09FFA0746DB
:102D500000F078FA02460B462846314600F0DEF9CC
:102D600019A3D3E9002300F0EDF900F0A0FCC1F3B2
:102D70000A5340F2FF7C86460A467BB163450DD07C
:102D80003B44A34214DD40F2FE718B4214DD204629
:102D900002F0004242F0FF4141F4E001F8BD0020A2
:102DA0000021F8BD00200021704700200A49F8BD2D
:102DB000204601F00041F8BD14EB0E0002EB075174
:102DC000F8BD00BFAFF30080EF39FAFE422EE63FB8
:102DD0000000B0C00000B0400000F07F2DE9F04FCF
:102DE00014461D4683B00022AD4B8046894600F054
:102DF00083FA002840F08180C5F30A572E46BA4670
:102E00000194002F44D0404649460022A54B00F0D3
:102E100073FA002841D040F2FF739F4238D040F24D
:102E2000FF722B0D934200F0938040F2FF319D4BD7
:102E300040F6FF72300D904200F0A580AAF2FF32FA
:102E4000002AC0F20A81332A19DC4FF0FF31C2F1A7
:102E5000340EC2F1140C01FA0CFC01FA0EF0143A13
:102E600021FA02F240EA0C001043019A01FA0EF135
:102E700022EA010126EA0000014340F0EE802246EA
:102E80002B464046494603B0BDE8F04FFFF73ABE37
:102E90000020834903B0BDE8F08F4B46C9F30A52C6
:102EA000190D7ABB8542A7F2FF3235DB342A54D89C
:102EB0004FF0FF332746C2F13400C2F1140403FA85
:102EC00004FC03FA00F1A2F1140541EA0C0123FA13
:102ED00005FC41EA0C01834027EA030326EA0101CD
:102EE0000B433AD14AB1C74006FA05F547EA050057
:102EF00026FA04F42043C1072FD54046494603B0C3
:102F0000BDE8F08F40F2FF70814243D1002D4FF0B9
:102F100000001EDA0021BDE7342A19D84FF0FF3136
:102F20002746C2F11405C2F1340401FA05FE01FA84
:102F300004F0A2F1140C40EA0E0021FA0CFE40EA63
:102F40000E00A14027EA010126EA0000014307D054
:102F50000020554903B0BDE8F08F0020002199E71B
:102F600000204AB1E74006FA0CFC47EA0C0426FAB6
:102F700005F52C43E207ECD503F0004343F0FF4195
:102F800041F4E00186E740F2FE3399424FF0000041
:102F9000DFDDBFE740F6FF70814271D1002DA7F25F
:102FA000FF332CDB342BD3D84FF0FF322746C3F14D
:102FB0003400C3F1140402FA04FC02FA00F1A3F194
:102FC000140541EA0C0122FA05FC41EA0C01824099
:102FD00027EA020226EA01010A43B9D1002B48D0B0
:102FE000C74006FA05F547EA050026FA04F420432F
:102FF00010F0010F4FF00000ABD02C494AE7342B02
:10300000ABD84FF0FF322746C3F13400C3F11404AC
:1030100002FA04FC02FA00F1A3F1140541EA0C01E2
:1030200022FA05FC41EA0C01824027EA020226EA64
:1030300001010A4391D1FBB1C74006FA05F547EA01
:10304000050026FA04F4204310F0010F4FF00000B1
:103050003FF460AF4FF000411CE7002BFFF678AF64
:1030600022462B464046494603B0BDE8F04FFFF7E5
:103070006BBB00200D490DE700204FF0004109E730
:1030800040F2FF77280DB84211467FF4D1AE40F2EE
:10309000FE339A424FF000007FF73CAF59E700BF84
:1030A0000000F03F0000F0BF0000F07F0000F0FFE4
:1030B00086B003B451FC0804CDE9020151FC0904B7
:1030C000CDE9040151EC0A04CDE9060103BCF04747
:1030D000BDE800504EEC00C4BDE800504EEC01C409
:1030E000BDE800504EEC02C400BD000000B5FFF783
:1030F000DFFF02E010FE30F4F8D441EC100443ECA2
:10310000112400EE010410EE010480EE200451ECC5
:103110001004704700B5FFF7CBFF02E010FE30F45B
:10312000F8D441EC100443EC112400EE010410EE3D
:10313000210480EE200451EC3004704700B5FFF705
:10314000B7FF02E010FE30F4F8D410B541EC1004E3
:1031500043EC112451EC040453EC0524A0FB024C75
:103160005FF0000EE0FB03CEE1FB02CE4CEC20440E
:103170000024E1FB03E444EC30E480EE200451EC55
:10318000500410BD00B5FFF793FF02E010FE30F4CD
:10319000F8D441EC100443EC112451EC2104A0FBC1
:1031A00001126FEA820252FB100052FB12F252FB34
:1031B0001000A0EBD07C53EC04245CFB13F153EC27
:1031C0001524A1FB022001FB030053EC4424A2EBD5
:1031D000000050FB1CF24FEA111312EB017043EB9D
:1031E000E27140EA515020EA915020F0070053EC80
:1031F0007524A0FB023C53EC752400FB03CC01FBBF
:1032000002CC53EC0424ACEB824C40EA5C70A0F19D
:10321000010041EC400480EE200451EC7004704742
:1032200000B5FFF745FF02E010FE30F4F8D441ECA2
:10323000100480EE220410EEB204704700B5FFF7D0
:1032400037FF02E010FE30F4F8D440EC700400EEDA
:10325000010410EE210480EE200451EC300470478C
:1032600000B5FFF725FF02E010FE30F4F8D440EC83
:10327000600400EE010410EE210480EE200451EC05
:103280003004704700B5FFF713FF02E010FE30F482
:10329000F8D441EC800400EE010410EE010480EE4D
:1032A000400410EE1304704700B5FFF701FF02E081
:1032B00010FE30F4F8D441EC800400EE010410EE6E
:1032C000010480EE400410EE3304704700B5FFF7B0
:1032D000EFFE02E010FE30F4F8D441EC100443ECB1
:1032E000112400EE010410EE3004C0F300707047AA
:1032F00000B5FFF7DDFE02E010FE30F4F8D441EC3B
:10330000100443EC112400EE010410EE3004C0F36D
:103310008070704700B5FFF7CBFE02E010FE30F47E
:10332000F8D443EC102441EC110400EE010410EE3B
:1033300030F48CBF01200020704700BF00B5FFF7BC
:10334000B7FE02E010FE30F4F8D443EC102441EC58
:10335000110400EE010410EE30F42CBF0120002017
:10336000704700BF00B5FFF7A3FE02E010FE30F487
:10337000F8D441EC100443EC112400EE010410EEEB
:1033800030F42CBF01200020704700BF00B5FFF7CC
:103390008FFE02E010FE30F4F8D441EC100443EC50
:1033A000112400EE010410EE30F48CBF0120002047
:1033B000704700BF404261EB410140F2F334B1FA83
:1033C00081F20C2A0CD2153211FA02F3C2F120025A
:1033D000D04021FA02F12244584141EB025170479A
:1033E00069B1C2F12B0230FA02F3C2F1200291401E
:1033F00090401943A4EB020201EB02517047010017
:103400004FF00000A4F12004D9D17047012767F3E1
:103410001F5117FA03F817D0A0FB080701FB08712A
:10342000A1FB06785FEAD8469219A6FB047806FB52
:103430000588090351EA1051D7EB003061EB080110
:10344000A94238BF70470BE00C33012717FA03F885
:103450000FD0A0FB080701FB0871A94238BF7047D5
:1034600008BFA04238BF7047001B61EB0501013265
:10347000704703F1200311FA03F6D3F12003D8407B
:10348000D9403043704700000000000000000000F9
:103490000453B1086018850FC8E5F22A6E07271E8D
:1034A0000D12B2210412572F12557CBCDA30723F34
:1034B00017A717A55531994E9D0DBF0AEEE0AB5FDA
:1034C000E3EF6D9C7636AD6F697BCCE33D62BD7EEC
:1034D000F0810682F3FA428F37D5B78A5313C89E1C
:1034E0007FABB320491570AF000000000000000062
:1034F000025E88155580FF00907806B1A602FE0195
:10350000DC4E21F0EB88FB027A7C801F1615F80355
:103510003C5DA9D110A9F304AA466CF5C146EE059D
:10352000FF65E4EB09F0E70613C00C9EC3A6E007B5
:10353000E1BFEC91C46CD808D5AF5EFFDC43CF0986
:10354000466A72E4D72DC50A237E6E197B2CBA0B0E
:10355000BFF571648741AE0C61DFB88CB86EA10D08
:1035600009A9856DC5B5930E3153B1086018850F53
:103570003071E498359875105915550580FF0F0086
:1035800009C3EB8F80FB2F00B1910E9A82F34F009D
:103590001FE7FD2287E76F00C3A09A298FD78F000E
:1035A0004F4366AC9BC3AF00412A83A9ADABCF00AC
:1035B0004FB7B41EC68FEF00B6815F09E66F0F01EB
:1035C000678589660E4C2F011A52DA3240244F016A
:1035D000483A9B6A7CF86E01FF81B709C4C88E0126
:1035E0009C8DBC0B1895AE017010DA6B795DCE0125
:1035F0003A3BE224E921EE0138739533427FECA097
:103600003114FAF5BD8689916B02FAE6E0F29183F6
:10361000E682120713A85177212621686AB2736ADD
:103620009D0DBF0AEEE0AB5F19B4E0B71CB66A545B
:103630009596E53DEF07A548D1CBE555DC0E4E3C10
:10364000CE68ADE839B5A432CB3CFA96D9569A2863
:10365000C9B21CA1F9FCAE21864B6BE58AD2F016EB
:103660000453B1086018850F02C00C9EC3A6E00782
:103670000000000000000000AC79CFD1F71772B154
:10368000293BAAB84FEAC12040F00040490043F16D
:10369000200340F20001C3F6F071C3F10B0320FADE
:1036A00003F038BF7047404261F1000170475FEAA4
:1036B000D17CC1F30A53A3F2FF330C2B62DA13F16E
:1036C000200FDFDD2DE9F0413C4C70CC4FF00002C3
:1036D000FFF79CFE1CF0010F04D06FEA0202201AD3
:1036E00065EB010102F2FE3C40F2FE739C455CD2A8
:1036F0000A0F334B03EBC2030CCB02F03F0545F03E
:103700004005801A99410A0E2E4B03EBC20318CBD9
:1037100002F580725543C01AA1414A0D2A4B03EBB2
:10372000C20318CB124402F5805205FB0255C01AA1
:10373000A1418A0252EA905242F1000282FB023415
:103740005B0D53EAC423C01841EB545184FB02348F
:103750004FF0553383FB043454FB11F304EB930413
:1037600010EB440241EBE473E900A1FB0240C1FB12
:103770000301400A50EBC1504FEA512151EB0C516B
:10378000BDE8F081B3F5806F07D150EA01320CBF7C
:1037900021EAE17141F400217047002000211CF072
:1037A000010F08BFC7F6F07170474FF000004FF0EF
:1037B0000001A8BFC7F6F071BDE8F08178360010AF
:1037C00088340010E83400107835001040F2000111
:1037D000CFF6F0710020704750EA013218BF41F473
:1037E000002170477FEAA65540F019814FF48054BC
:1037F00020E18CEA11331B0640F0EE80BCF1000F93
:1038000067D1C90451EA5031C004B1FA81F4202CC7
:103810004BD20125A540A0FB052301FB0533A0FBEE
:1038200003C5A1FB02C6E1FB6356B2EB152263F1AF
:103830000003B2EB066273EB1623A0FB06C7A1FBE5
:1038400005C8E1FB66784FF05535A7FB05C65FF06C
:10385000000CE8FB056C16EB0C064CF1000C12EBAF
:10386000963243F1000312EB8C4243EB9C3358FB3E
:1038700011F55FF0333755FB11F656FB17F8A5EB42
:10388000581756FB11F5C2F6802656FB15F507EBC7
:103890001537B2EB472063EBD751C4F58064A4F130
:1038A0001504FFF78CFDBDE8F081B0FA80F410FA42
:1038B00004F1A0FB01234FF00000B0EB132061F1F5
:1038C0000001C4F58064A4F13504FFF778FDBDE87C
:1038D000F081890451EA90318004404261EB41015A
:1038E000B1FA81F4202C4ED2013C0125A540A0FB69
:1038F000052301FB0533A0FB03C5A1FB02C6E1FBC9
:10390000635612EB152243F1000312EB066253EBF0
:103910001623A0FB06C7A1FB05C8E1FB66784FF0A4
:103920005535A7FB05C65FF0000CE8FB056C16EBF0
:103930000C064CF1000C12EB963243F1000312EB33
:103940008C4243EB9C3358FB11F55FF0333755FB4A
:1039500011F656FB17F805EB581756FB11F5C2F692
:10396000802656FB15F507EB153712EB472043EB86
:10397000D751C4F58064A4F11504FFF720FD41F090
:103980000041BDE8F081B0FA80F410FA04F1A0FB28
:1039900001234FEA1320C4F58064A4F13504FFF736
:1039A0000EFD91F00041BDE8F0815FEA410CBFF4EB
:1039B0000DAF5FEA5C5C3FF409AFACF2FF3CBCF5D5
:1039C000806F3FF409AF012262F31F512DE9F041EE
:1039D000BCEBEC7F3FF40DAF0C0C4E4D05EBC4057A
:1039E00095E80C0002F03F0505F14005A5FB000637
:1039F00005FB01616FEAE14404F01F04464D05EB4D
:103A0000C40560CD521943EB060304F58074A4FB92
:103A1000000604FB01667FEA26643FF4E3AE3F4DF7
:103A200005EBC40522CD521843EB050341F2010515
:103A300005EB44046404A4FB0050C4EBC401E4FBA4
:103A4000060180EAE17481EAE175A5FB0567A4FB44
:103A500005487F084FEA360616EB080647F10007CF
:103A60008C0254EA905444F10004801B61EB07017E
:103A700054FB14F555FB14F655FB15F74FF0553470
:103A800056FB14F6B6EB173610EB860041EBA67129
:103A9000101A63EB0101224A24CA1CF1010C0BDD50
:103AA000A2FB0C230024E5FB0C34121A8B4164F1B9
:103AB00000045FF080410CE0DCF1000CA2FB0C2361
:103AC0000024E5FB0C3482184B4144F100045FF004
:103AD00040414CB91C0013000022B1F100711CB927
:103AE0001C000023B1F10071B4FA84F5A5F11D06A4
:103AF000A1EB0651AC4013FA05F0C5F12005EB40EF
:103B00001C43EA401043C00A50EB445041EBD4211F
:103B1000BDE8F08178350010E834001078350010E9
:103B200078360010012956D001EBD1725210012ACB
:103B300007EE100A0B4645D0F0B50029B8BF033197
:103B4000891001290C4685B062D01946002BB8BFF8
:103B5000D91DC91001290D4642D01946002BB8BF06
:103B600003F10F01091101290E4654D01946002B0B
:103B7000B8BF03F11F01491101290F4651D0194661
:103B8000002BB8BF03F13F018911CDE90223019059
:103B9000FFF7C8FFDDE9022307EE900A17F0010FD7
:103BA00067EEA77A9DED017A38D1F60767EEA77A1E
:103BB00001D567EE877AED0767EEA77A12D567EE33
:103BC000877A0FE067EE077ADB0748BF67EE877AF0
:103BD00017EE900A704707EE900A17EE900A7047AA
:103BE000F0EE477AE00767EEA77A01D567EE877AAD
:103BF00067EEA77AD10748BF67EE877ADA0767EEE4
:103C0000A77A01D567EE877A17EE900A05B0F0BD66
:103C1000F0EE477AECE7F0EE477ACCE767EE877A8A
:103C2000C3E7F0EE477AC0E710B5021E0C4682B03B
:103C300014DAC1F3C7537F3B172B0CD80120C3F113
:103C4000170C00FA0CF00138084204D173B321FAC2
:103C50000CF1CB072AD402F10042104607EE904A3D
:103C6000FDEEE77A12F0FF4317EE901A05D0B3F19C
:103C7000FF4F02D0C2F3160323B301B301F12003B7
:103C8000402B2FD90AF0CCFBFFF78FFE02460B46E4
:103C90002046CDE900230AF0C3FBDDE90023FFF74E
:103CA00051FAFFF704FDFFF7BFFA06E0214602F1E3
:103CB0000040FFF7B9FF00F1004002B010BD4FF027
:103CC0007E50FAE7D20D7F3A01F3080101FB02F3BF
:103CD00003F17F02002A15DDFE2A15DCDB0503F166
:103CE0007E50EAE7002908DA07EE100AF7EE007ABC
:103CF000C7EE877A17EE900A494202B0BDE810403D
:103D0000FFF710BF0020D8E74FF0FF40D5E700BF16
:103D1000C0F3C7530246A3B17F3B0CD4162B0FDC74
:103D20000120C3F117039840431ED10F01FB03226A
:103D3000404210407047002801DA034870470020D5
:103D4000704700F000407047000080BF08B500F0E9
:103D5000EBF8DFED047A07EE100A67EE277A17EE2C
:103D6000900A08BDD95BDE3E07EE900AB7EE007AF6
:103D7000F4EE477AF1EE10FA2DD011F0FF420B4627
:103D800026D0FFEE006AF4EE667AF1EE10FA10B576
:103D900082B021D1B2F1FF4F67D0CA0DFF2A43D0C4
:103DA0005D4812F0FF020CD07F3A64D4162A08DC7A
:103DB0004FF0010CC2F117020CFA02F2013A1A425A
:103DC00059D117EE900A02B0BDE81040FFF72CBFA2
:103DD00017EE100A7047704710F0FF4F19D10029F5
:103DE0004FEAD1522ADB7F3A172A24D80121C2F1A7
:103DF00017008140013919421DD1CAB39FED477A9E
:103E000023FA00F010F0010F47FE277A17EE900A10
:103E100008E04FEAD05CBCF1FF0F45D1002B0ADB74
:103E20004FF0FF4002B010BD40F27F1C5FFA8CFCE7
:103E3000BCF17E0FF4D8002002B010BDD2B27F3AA0
:103E4000172AEDD80121C2F1170C01FA0CF1013942
:103E50001942E5D122B123FA0CFC1CF0010FDFD08E
:103E600000F0004040F0FF40DCE717EE100AD9E711
:103E700017EE900AD6E70028D2DB17EE900A0C4620
:103E80000AF0CEFAFFF791FD02460B462046CDE937
:103E900000230AF0C5FADDE90023FFF753F9FFF725
:103EA00006FCFFF7C1F9BDE740F2FF1EF4454FEAFB
:103EB000D3520AD0FF2AB9D072457FF472AF5FFAAD
:103EC0008CFCBCF17E0FABD9B5E7002B10DB7F3A41
:103ED000172AA5D80121C2F11700814001391942E2
:103EE0009ED11AB123FA00F0C20799D50C4899E780
:103EF000D2B27F3A172A9ED80121C2F11700814021
:103F00000139194297D11AB123FA00F0C30792D5AB
:103F10004FF0004086E700BF000080BF00000000B7
:103F2000000080FF00000000B0F1FF4F3ED2C1153D
:103F30003ED04FF0010262F3DF5038BF400026A3AD
:103F400093EC034AAFF21C0303EB104323F0070387
:103F5000D3E9002300FB02F040EC103AFAEEC00A6D
:103F600020EEA01A61F17E0160EE811AC90521EEF2
:103F7000012A40F6FC3221EE041AC5F6B90261EEC0
:103F8000A41A51FB12F122EE052A03EE901A71EEEB
:103F9000C21AFAEEC53A31EE611A70EEC10A30EE7D
:103FA000200A30EE230A10EE100A704705DC0BD011
:103FB00010F1FF4F09D310F5000F40F4800003D833
:103FC00040F20000CFF6C070704740F20000CFF61C
:103FD00080707047AFF300800000003FABAAAA3E9C
:103FE0000000803E000000005501000001CB92BEA1
:103FF00048010000C3C87DBE3B010000685F54BE9D
:104000002F010000C7992CBE250100002C3C0ABEE0
:104010001A0100002F1AC6BD11010000C2AC83BDF9
:1040200008010000D814FCBC0001000000000000E2
:10403000F8000000EC0A023DF10000008E51773DCF
:10404000EA0000009806B83DE40000003B39ED3D71
:10405000DD000000088B163ED800000003FA2D3E5C
:10406000D2000000D7D24A3ECD000000DE7F633E82
:10407000C8000000E3C87C3EC3000000E65A8B3E47
:10408000BF00000084F7953EBA0000006E8CA33E8E
:10409000B6000000EFADAE3EB2000000C40EBA3E66
:1040A000AE000000CDB1C53EAB0000005F99CE3E32
:1040B0009A4238BF88547047704700BF2DE9F04FCF
:1040C00083B00F461146DDE90EB292079846DDE94E
:1040D0000C93064629D00D469BB109EB030405EB72
:1040E000040A01950D460D93AAEB040214F8010D84
:1040F00043463946B047A145F6D129460D9B019D5F
:104100001D440F9B9B070CD56C1AA34509D92A4661
:104110004346394620200134B0475C4505F101058E
:10412000F5D3284603B0BDE8F08F5B4515D28A462B
:104130001C468946ABEB03050D44524643463946BF
:1041400020200AF1010AB047AA45F6D14946234684
:10415000DDF83090002CC0D1E3E70D46002BBCD138
:10416000DFE700BF2DE9F04F0F460F9906469DF897
:104170002C008D079046DDE90CA299468346099CE8
:10418000DDF828C00E9B49D4002B42D1944545D27E
:1041900001F0010504F1FF3E3020E64405E00CF19A
:1041A000010C62450EF8010F02D9BCF1200FF6D1C7
:1041B000002D00F08780634530D9601E4FF0300E2F
:1041C000604405E00CF1010C9C4500F801EF25D09E
:1041D000BCF1200FF6D1CD060ED5480551D462456D
:1041E00064D0634562D0BAF1100F4DD0BAF1020F1E
:1041F00055D0BCF1200F2DD12022CDE90B310A92F0
:104200004B464246394630460994BDE8F04FFFF729
:1042100055BF11F001052ED19445BBD3CD061ED557
:104220004805E0D4BCF1000FD9D1BAF1100F5FD02E
:10423000BAF1020F74D030224FF0010C2270BBF1A2
:10424000000F12D1480742D52B2204F80C200CF1A4
:104250000102D2E762460CF1010C3020A054BCF1FF
:10426000200FC9D0BBF1000FECD02D2204F80C2098
:104270000CF10102C1E798B3944503F1FF3389D3F0
:1042800099E7BAF1100FB7D18D063DD5BCF1200FDB
:10429000B2D0582204F80C200CF1010CA9E7BCF1B3
:1042A000200FA9D062460CF1010C08E0BCF101021C
:1042B000BBD0BAF1100F35D0BAF1020FCDD16220C8
:1042C000A05496E7CD06CAD5480588D58BE70A07DE
:1042D00049BF2022624604F80C200CF101028CE751
:1042E00011F00C0F00D0013B9445FFF453AF62E78F
:1042F0008A0613D47822227030224FF0020C6270AA
:10430000BBF1000F9ED0B0E7BCF1200F3FF474AFBB
:10431000782204F80C200CF1010C6AE75822EAE735
:104320006222E8E78D06ACF1020004D54FF0580E8A
:1043300004F800E091E74FF0780E04F800E08CE715
:1043400000B9704701F078BB10B1D1E900311847CE
:10435000704700BF000000002DE9F04F97B09DEDC1
:10436000207BDDE9225B8046894651EC170B9A469B
:10437000249B0C92079302460B468DED047BFEF7BF
:10438000A9FF002840F0E381DDE904014FF0FF328E
:104390006FF48013FEF7C2FF002840F0CB80DDE908
:1043A00004014FF0FF32B24BFEF7F4FF002840F05B
:1043B0009F80DDE90467AAA3D3E90023304639468C
:1043C000FEF7E8FF002840F08280A7A3D3E900238E
:1043D00030463946FEF7A2FF002878D130463946EC
:1043E00000220023FEF79AFF002840F098800D90ED
:1043F000079B302113F4806F08BF06250EAA2B46B9
:10440000A5F1200605E0013BB34202F8011B00F0D4
:104410006581092BF7D81E46ED1ADDE90401FEF788
:1044200035FF944B044603EBC60393ED007B8DED03
:10443000087BFEF707FF02460B46DDE90401FEF7A5
:104440006DFEDDE90823FEF77DFECDE90A01FEF7EA
:104450002FFF0746FEF708FF02460B46DDE90A017B
:10446000FEF75CFE0022844BCDE90A01FEF792FFC5
:10447000002800F0888001373846FEF7F5FE024636
:104480000B46DDE90801FEF75DFF08B100270134A6
:10449000002E00F088800DF13703DFF8F0C15819C5
:1044A0000DE0ACFB0721C90801EB8102A7EB42023A
:1044B0003032092F00F8012F40F2FB800F46202DEB
:1044C00006F1FF3605F10105EBD1202586E0079BBB
:1044D0009DED047BCDE923B34946534640460C9AF3
:1044E0008DED207B229517B0BDE8F04F00F080B92C
:1044F000079B494658074CBF04230323404621939A
:104500005346079A48BF5D4CCDE922B258BF5C4C78
:104510000C9A209417B0BDE8F04FFFF7CFBD3B4693
:10452000324600200021FEF7F9FD0123CDE9040108
:104530000D935DE7079B03F002029C07049200F0D5
:10454000F4800C9F3D464F4E341D14F8010D2A4651
:1045500053464946C047A64205F10105F5D1049BE3
:104560003C1D63B10C9D631B9B4508D922465346F5
:10457000494620200134C047631B9B45F6D820469E
:1045800017B0BDE8F08F0022DDE90A013A4BFEF7D3
:10459000C5FE00287FF47CAF002F40F0C2800137B9
:1045A000002E7FF478AF2046FEF74CFE02460B4605
:1045B000DDE90401FEF7B2FD00222F4B06460F464F
:1045C000FEF7ACFE40B93046394600222A4BFEF7D2
:1045D000E1FE002800F0A1800DF137032A485919A7
:1045E0000EE080FB0476C2EBA60202EB8206A4EB8F
:1045F000460630361446013501F8016F002A47D0CF
:10460000202D4FEAE472ECD1079A02F00302012A4E
:1046100014D1BBF1000F11D00D9A002A60D00BF11C
:10462000FF3BBBF1200F09D930222B4404E00135B8
:104630005D4503F8012F31D2202DF8D1079B0EAC38
:10464000CDE902B300945346494640460C9A019581
:10465000FFF734FD0446204617B0BDE8F08F00BFD9
:104660000000000065CDCD410000000065CDCDC14A
:10467000FFFFEF7F88EB00100000E03F20EA001012
:1046800028EA001030EA001067666666CDCCCCCC14
:10469000079A02F00302012A00F09680202DCDD067
:1046A0000D9B3BB32D220DEB050383F8382001351C
:1046B000C4E7202D3FF409AF30212E445A1905E0FC
:1046C0000135202D02F8011F3FF4FFAEAE42F7D1B5
:1046D0002E226E44013586F838207FE720259CE69F
:1046E000079A12F00C0F5AD00BF1FF3BAB459BD849
:1046F000202DA3D0079B5A0706D52B220DEB0503CF
:1047000083F83820013599E71B0797D520220DEB58
:10471000050383F83820013590E7013424F00104C3
:104720005AE7F9077FF5B4AE39E7BBF1040F7FF61E
:1047300008AF0C9B1D46043B03EB0B072A46534670
:10474000494620200135C047AF42F7D1FAE6079B22
:1047500003F002029D07049225D00C9F3D46224E95
:10476000F41C14F8010D2A4653464946C047A64298
:1047700005F10105F5D1049BFC1C002B3FF4FFAEB5
:104780000C9D631B9B457FF6FAAE22465346494675
:1047900020200134C047631B9B45F6D8EFE6AB45AC
:1047A0003FF642AF4AE7BBF1030FD6D90C9B1D463B
:1047B000033B03EB0B072A465346494620200135AD
:1047C000C047BD42F7D1C9E7BBF1000F3FF466AF68
:1047D0000D9A002A84D00BF1FF3B5D45FFF424AF16
:1047E000202D7FF45FAF29E72CEA001000000000C5
:1047F0002DE9F04F9FB01E46DDE928ABDDE92B988F
:104800002A9B04460D460B920A9352465B4650463D
:104810005946FEF75FFD002840F0C68050465946D5
:104820004FF0FF327B4BFEF7B5FD002840F0BC8017
:10483000504659464FF0FF326FF48013FEF76EFD7D
:10484000002840F0B1805046594600220023FEF770
:1048500065FD002840F0DD81CDE908ABDDE90812F7
:1048600018F480600B460F4608F400610C92149116
:10487000159040F0A880134340F0D080002940F00C
:10488000EC8106230A9318F00202109240F0DD81B9
:104890004B46042B38BF04230E920422043B129291
:1048A00014935046594600220023FEF737FD002896
:1048B00040F02A829DED087B149B0B9A03930A9B80
:1048C0008DED007B029328F4006304932946334660
:1048D0002046FFF741FD024618F0200F33462946D7
:1048E0000CBF6520452002F10108A047129B0DF185
:1048F000580A03F1FF3B0E9B002283EAE37C5046FB
:10490000DFF814E10B9FACEBE37CD90FCDF82080EE
:1049100002E0202AC44610D0AEFB0C384FEAD8087B
:1049200008EB8803ACEB430301303033BCF1090FD3
:1049300002F1010200F8013CEBD805234FF0000C16
:1049400006930A23DDF82080CDE90121CDE9033C5F
:10495000CDF800A03346424629462046CDF814B093
:10496000FFF700FC109B8246D3B1A0EB0708C145BE
:1049700016D907EB080233462946202008F1010822
:10498000A047C145F5D87B1E4B44C7F10102A3EBFC
:104990000A035244914538BF00230AF1010A9A44A0
:1049A00050461FB0BDE8F08F334629462046CDE97A
:1049B00028AB0A9CCDE92B980B9A2A941FB0BDE82E
:1049C000F04FFFF7C9BC57EA020329D100293FF491
:1049D0005AAF00230E930A9B0E9A934200F3BA81BA
:1049E00000275046594600220023FEF797FC002876
:1049F00040F015819DED087B28F4006343F480634B
:104A00002C938DED287B334629462046CDE92A7923
:104A10000B9AD3E7FFFFEF7FCDCCCCCC06230A93D4
:104A20000C9BC3F30A50A0F2FF30FEF70BFCB2A3BD
:104A3000D3E90023FEF786FBB1A3D3E90023FEF7F9
:104A400059FB0C9BCDE90E01C3F3130343F07F51D7
:104A500038460022A24B41F44011FEF75FFB94A3BD
:104A6000D3E90023FEF76EFB02460B46DDE90E019B
:104A7000FEF740FBFEF70AFC0E90FEF7E3FB8EA369
:104A8000D3E90023CDE90C01FEF75CFB0022954B36
:104A9000FEF730FBFEF7FAFB89A3D3E900230746B4
:104AA000DDE90C01FEF74EFBCDE90C013846FEF7BF
:104AB000C9FB85A3D3E90023FEF744FB02460B465E
:104AC000DDE90C01FEF72AFB02460B46CDE90C237B
:104AD000FEF738FBCDE91001DDE90C0102460B467B
:104AE000FEF708FB0022CDE91201DDE910017E4B43
:104AF000FEF74CFB00227D4BFEF7FCFA02460B460C
:104B0000DDE91001FEF742FB0022794BFEF7F2FAD5
:104B100002460B46DDE91001FEF738FBCDE9100136
:104B2000DDE90C2300204FF08041FEF7F7FA024642
:104B30000B46DDE91001FEF7DDFA02460B46DDE922
:104B40001201FEF723FB00226A4BFEF7D3FA07F2AD
:104B5000FF3C00224FEA0C53FEF7F4FA02460B46E4
:104B6000DDE90801CDE90C23FEF7D8FB50B1DDE902
:104B70000C010E9B0022013B0E935C4BFEF706FBE3
:104B8000CDE90C01DDE90C010E9B02466333C62B17
:104B900008F002031093149B2DD8002B5FD0042340
:104BA00012930A433FF417AFDDE9080148A3D3E9A4
:104BB0000023FEF7DBFB48B1DDE9080146A3D3E99A
:104BC0000023FEF7ABFB00287FF405AF0A9B002B08
:104BD00051D0159A002A00F0AC80013B0A93129B39
:104BE000994505D9109B002B00F0AF80022310934C
:104BF0000023149344E02BBBB9F1050F4FD908F003
:104C00000203002B49D105231293A9F10503149344
:104C10003AE00BF10043CDF820A009931EE628F4FA
:104C2000006343F480632046CDE92A792C93334610
:104C3000DDE908673446294607F10045CDE92845F6
:104C40000B9ABBE605231293ABE7022200231092D6
:104C50000422149312920E9323E60527C1E6B9F1BC
:104C6000040F1FD9109B002B77D104231293A9F1B5
:104C70000403149304E0129B99455FD80A9B149394
:104C80000E9B002B3FF40DAEDDE90801DDE90C239E
:104C9000FEF77CFACDE9080103E602231093052311
:104CA0001293F1E704231293EAE700BFAFF3008009
:104CB00061436F63A787D23F71A379094F930A407D
:104CC0001655B5BBB16B0240EF39FAFE422EE63FF6
:104CD0002D431CEBE2361A3F0000000080842E4179
:104CE0000000F83F0000E03F00002C40000024409E
:104CF000000018400000F03FFB799F501344D33F61
:104D0000B3C8608B288AC63F149BDDE908A70393CC
:104D10000A9B07F1004B029328F400630B9A04935B
:104D2000294633462046CDE900ABFFF715FB024686
:104D3000D2E5129B994515D81492A1E7109B23B197
:104D40000A9B1493022310939AE7129BA9EB030387
:104D5000149395E79B1A5F1E43E6042312930223E4
:104D600010938DE7109B002BEFD002231492109329
:104D700086E700BF2DE9F04F91469A4C9A4AB1F16F
:104D8000000A9BB018BF834614601878974ADDF874
:104D9000908008BF9346002800F08A821D460026B6
:104DA000CDF8209008E032465146089BD84701369E
:104DB0002878002800F0C780252805F10105F2D1E8
:104DC00000222B4613F8011BA1F1200010280AD85D
:104DD000DFE800F03F09093B09090909090909371A
:104DE000093309092F00A1F13000092840F2898018
:104DF0002A2900F0E98000242E2900F09480002761
:104E0000A1F1680012282CD8DFE810F04E012B0029
:104E100049012B0040012B002B002B002B002B0005
:104E20002B002B0027002B002B002B002B002B002E
:104E300027001D4642F00102C3E71D4642F0020270
:104E4000BFE71D4642F00402BBE71D4642F01002D8
:104E5000B7E71D4642F00802B3E7697842F4807272
:104E6000013367291D467ED8242940F2B880A1F17C
:104E70002503422B00F2B380DFE813F05101B100AB
:104E8000B100B100B100B100B100B100B100B1009A
:104E9000B100B100B100B100B100B100B100B1008A
:104EA000B100B100B100B100B100B100B100B1007A
:104EB000B100B100B100B100B100B1001E013A0172
:104EC0001E01B100B100B100B100B100B100B100EC
:104ED000B100B100B100B100B100B100B100B1004A
:104EE000B100B401B100B100B100B100B100B10036
:104EF000B100B100B100B4015801B4011E013A0182
:104F00001E01002404EB840401EB440419781D46BF
:104F1000A1F130000928A4F1300403F10103F1D913
:104F20002E297FF46CAF69781846A1F13007092F5C
:104F300042F4806240F225812A2900F032811D4628
:104F4000002701335CE73446DDF82090B14501D8F5
:104F500009F1FF364B46324651460020D8472046DD
:104F60001BB0BDE8F08FA1F16903DBB20F2B36D87F
:104F7000012049F2410C984010EA0C0040F0F48006
:104F80000A2B35D0072B2AD158F8041B002940F0F2
:104F9000108122F0100412F4806144F0210400F02A
:104FA0000A8112AA082305931023CDE90020324676
:104FB0000694049703930023029351465846089B96
:104FC000FFF7D0F80646F3E658F8044B6978002C52
:104FD0001D46BCBF42F00202644201330CE70846A2
:104FE000E1E600BF754D0010B85A0020B94000102E
:104FF00058F8049B002F99F8000014BF3B464FF06F
:10500000FF33002800F08283494603EB090C04E0DB
:1050100011F8013F002B00F043818C45F8D1ACEB37
:105020000901530540F12081B94228BF394612F0E9
:10503000020300F083820223CDE909483246884604
:10504000089C37440B9307E023465146D84719F88C
:10505000010F013610B13246B742F5D10B9B4146E4
:10506000099CDDF82880002B3FF4A2AE37468C4225
:105070007FF69EAE2644089C761A3A462346514651
:1050800020200137D847B742F7D191E669786C29DB
:105090007FF4E4AEA97842F44072EB1CE1E6697853
:1050A00042F400720133DCE66978682900F0FB8085
:1050B00042F080020133D4E6672900F0C980472915
:1050C00000F0CD80452900F0CC80CDE9034208F105
:1050D0000708029728F007083246F8E802675146A9
:1050E000CDE900675846089BFFF782FB06465FE65E
:1050F000462908BF42F02002CDE9034208F1070823
:10510000029728F007083246F8E802675146CDE9D1
:1051100000675846089BFFF71FF9064648E63246E7
:1051200051462520089BD847013641E608F1040383
:105130009207099306F1010740F1C38032465146B8
:1051400098F80000089BD847012C40F2B48126440F
:10515000089C3A462346514620200137D847B7429B
:10516000F7D1DDF8248023E66F2974D040F2418224
:10517000782900F086814FF00A0922F010024B4690
:1051800038E0002707EB870701EB4701A1F1300763
:1051900010F8011FA1F13003092BF3D90546431C78
:1051A0002EE658F8047BA97802356B1C27EAE777CE
:1051B00026E642F0210412AA944602E020283FF499
:1051C000F1AE01F00F03092B94BF303337330F29B1
:1051D0008CF8003000F101000CF1010C4FEA1111C4
:1051E000ECD8DFE6582966D0622940F089804FF07C
:1051F00002094B4612F4806C00F0D48022F00D02BC
:10520000099212F4007140F07B8112F4807008F171
:10521000040940F03882510640F13A8198F80010B4
:10522000002940F04A81099A22F010020992BCF14B
:10523000000F00F04281084612AA0999CDE9033710
:10524000CDE9054101900023009202933246A1E08E
:1052500042F4006239E74FF008094B46CAE742F4CE
:10526000006242F0200230E712F0020300F08C816D
:105270000223CDE909481F468846089C324623464A
:105280005146D84719F8010F01360028F6D13B46A0
:105290004146099CDDF82880002B3FF489ADE5E606
:1052A000A1EB0901BDE6A97842F0C002EB1CD8E5EC
:1052B000044606464AE64FF0100942F020024B46EB
:1052C00098E7012C40F2F180374606F1FF39CDF81E
:1052D0002880DDF82080A1443A46434651462020EC
:1052E0000137D8474F45F7D1DDF828803A4698F87E
:1052F00000005146089BD8472644DDF8248057E536
:1053000012F4806300F0C1804FF4806322F011003A
:1053100010F4007E4AD110F4807C08F1040940F0BA
:105320003781410600F1A980020640F1E381B8F916
:10533000002082EAE271A1EBE2711FFA81FED10F37
:105340000991002A00F05F81734612AA9646DFF8A1
:10535000A0830A9403E0BCF1200F23460FD0A8FBE2
:105360000314E40804EB8401A3EB41010EF1010EE8
:105370003031092B0CF1010C0EF8011CEBD80A9C02
:10538000099B0092CDE901C30A233246CDE90540CD
:105390000497039351465846089BFEF7E3FEC84620
:1053A000064605E522F00C0209922AE708F10708F3
:1053B00028F00708D8F8042058F808CBD10F5CEA89
:1053C000020E6CD0002A634602DA5B4262EB4202B4
:1053D0009146099312AA94464FF0000ECDE90A189F
:1053E000CDE90C470E960F9203E0BEF1200F3B462D
:1053F00030D04FF0CC3213EB0901BD4F41F1000129
:10540000A7FB014626F0030404EB9604091B5C1A73
:1054100002FB04F63A4669F1000802FB0866052221
:10542000A4FB077407F001082644A8FB024864188F
:105430000A2B0CF1010C4FEA570704F1300479F103
:1054400000090EF1010E0CF8014C47EAC6774FEA4D
:105450005609CAD27346DDE90A18DDE90C470E9EEB
:105460000F9ACDF824E0CDE901310A230092CDE96D
:1054700005403246049703939FE598F8002096462E
:105480005DE74FF010094B46B4E622F010003FE70D
:1054900011064CBFB8F80010D8F80010C0E6002B79
:1054A00040F042819946099394E73246514698F874
:1054B0000000089BD8473E4653E6099A0A9412F02A
:1054C000200F14BF4FF041084FF0610812AA944614
:1054D000A8F10A0802E0202871460FD0B1FBF3FEC4
:1054E00003FB1E14092C94BF3034444499428CF8B9
:1054F000004000F101000CF1010CECD20A9C9CE68A
:1055000008F1070828F00708D8F8042058F8081B05
:105510000A920A438E467BD1099A22F01002099220
:10552000BCF1000F74D0002012AA0999CDE9002027
:10553000CDE905413246CDE903373CE58C4298BFC1
:1055400001317FF679AD4FF48063CDE90994994636
:10555000A2190B97089F541A32463B465146202009
:105560000136D847A642F7D1DDE90A474B46DDF8B8
:10557000249099F8000000283FF41AAC611C002B1D
:105580003FF477AE002357E58C42DED8013170E658
:10559000D8F80020D10F002A00F0B38082EAE2732D
:1055A000A3EBE27312AA9446CDE90914DFF8408117
:1055B00003E0BEF1200F23460FD0A8FB0314E4083C
:1055C00004EB8401A3EB41010CF1010C3031092BF8
:1055D0000EF1010E0CF8011CEBD8DDE909140A23C9
:1055E0000092CDE905403246CDE901E104970393ED
:1055F000D0E6692922F0100040F0918012F4806317
:105600003FF486AE80E6002B3FF49FAE12AAB7E6C9
:10561000099ACDE90B8412F0200F14BF41216121BA
:10562000CDE90D76CDE90F3BCDF844A00027F0463B
:105630000A9C12AE0DF1480BA1F10A0A03E0202FDB
:1056400080460C4613D021464A460023404608F0C7
:105650000FFFD2B2092A94BF30325244C84574F1C8
:105660000004327007F1010706F10106E7D238465F
:10567000DDE90B845A460E9E0D9F0F9BDDF844A07A
:10568000DDF840B051E7D8F800E0BEF1000F0DD1D1
:1056900022F010020992BCF1000F07D012AA09985B
:1056A000CDE90337CDE905400191CCE5099A12F027
:1056B000200F14BF4120612012AA94460A92A0F143
:1056C0000A0202E02029C6460FD0BEFBF3F803FB16
:1056D00018E0092894BF303080189E458CF80000EF
:1056E00001F101010CF1010CECD20A9AD7E700BFDD
:1056F000CDCCCCCCD8F8002082EAE27EAEEBE27EC4
:105700001DE6002B3FF44EAF12AA68E712F4806149
:105710000ED012F0020114D001463746A7E44FF034
:105720000A0902464B4665E5002312AA09939AE648
:1057300012F002037FF49AAC002C7FF406AFFFF75F
:1057400037BB002C7FF4FFAEFFF732BB0CB400B5C3
:1057500085B00DF1180C5CF8043B0A46CDF800C08A
:1057600001460548CDF80CC0FFF704FB05B05DF815
:1057700004EB02B0704700BFB14000108C4610B57A
:1057800084B000930290134602A94FF0FF32034801
:10579000CDF80CC0FFF7EEFA04B010BD494300107D
:1057A00010B5094A84B014684CB1034600914FF01B
:1057B000FF3203A90548A047012004B010BD00F046
:1057C0007DF9204604B010BDB85A002041430010B6
:1057D00000BEFDE7704700BF08B5FFF7F9FF00BF47
:1057E00038B5064C064DFCF7A3FEAC4204D254F883
:1057F000043B9847AC42FAD338BD00BF20E5001007
:1058000024E50010036808461146184770B50546A0
:105810000846697D82B000294FD0002A25DD037833
:1058200014460A2B064622D0012C4FF0000E0DD054
:105830003246012312F801CF1946BCF10A0F03F1D9
:10584000010320D09C42F5D1744505DD2B68A4EB03
:105850000E0106EB0E009847311911F8013CA3F137
:105860000D03B3FA83F35B092B7502B070BD2B7D7A
:10587000002BD9D102212B6813489847012CEBD07B
:105880004FF0010ED4E712F8010C0D28DAD08E4546
:1058900006EB0E00A1EB0E0105DACDE900322B6814
:1058A0009847DDE90032CDE9003202212B68064835
:1058B0009847009B019A9E46C4E711462B6802B0A8
:1058C000BDE87040184700BFD8EB00100B685A1CA9
:1058D000802A0B440A60187100D0704730B50E4B17
:1058E0000C46186883B0A0B10D1D01E0006980B1BD
:1058F0000368002BFAD0094B1B680BB18342F5D12A
:10590000294622680190FFF781FF0198006900286D
:10591000EED1206003B030BDCC4D0020DC4D002026
:105920002DE9F04782B090461C460D460746FCF72D
:105930004FFC4FF0FF3C6FF000462E4A821841F1B9
:105940000003944576EB03013CBF624633462A4888
:1059500008F09AFD6B1C824640D00CB3274E284BB2
:105960001C68B4B1B8F1000F1CD1DFF89C8001E0D5
:10597000246974B12368002BFAD0D8F800300BB139
:105980009C42F5D120462A463946B0472469002C6E
:10599000F0D1BAF1000F26D1284602B0BDE8F08759
:1059A000184EDCE74FF00A09DFF85C8002E024695A
:1059B000002CEED02368002BF9D0D8F800300BB1C2
:1059C000A342F4D12A4639462046B0470122204658
:1059D0000DF107018DF80790B047E8E7384608F069
:1059E000D5FC0546B9E7044808F022FD284602B078
:1059F000BDE8F08740420F00D02200200D58001073
:105A0000CC4D002005580010DC4D0020084A1368DA
:105A100023B90AE003F110021B6933B18342F9D1C3
:105A200029B9186910601961704701B11060704799
:105A3000CC4D002000F070BAF0B583B006468DF86A
:105A40000700FCF7C5FB4FF0FF356FF00044174A25
:105A5000821841F10003954274EB03013CBF2346D9
:105A60002A46134808F010FD124B07461C689CB1EB
:105A7000114D01E024697CB12368002BFAD02B681A
:105A80000BB19C42F6D1204601220DF10701FFF730
:105A9000BDFE2469002CEFD117B9304603B0F0BD2C
:105AA000034808F0C5FC304603B0F0BD40420F008B
:105AB000D0220020CC4D0020DC4D002038B504461B
:105AC00008F064FC012305461A4620462946FFF7E4
:105AD00027FF084B1C682CB163682BB198472469D9
:105AE000002CF9D1284638BD2469002CF4D1284671
:105AF00038BD00BFCC4D00202DE9F041A2B00E46CC
:105B00000546FCF765FB4FF0FF3C6FF00044254A6B
:105B1000821841F10003944574EB03013CBF234616
:105B20006246214808F0B0FC0024334607462A4666
:105B30001E4801A90194FFF721FE1D4E019B8046DE
:105B40003468BBB1002C2AD01A4D01E0246974B12D
:105B50002368002BFAD02B680BB1A342F6D1204664
:105B6000019A02A9FFF752FE2469002CF0D12346C6
:105B7000346801932CB1636843B198472469002CC1
:105B8000F9D12FB9404622B0BDE8F0812469F1E790
:105B9000054808F04DFC404622B0BDE8F081019474
:105BA000EFE700BF40420F00D0220020CD58001088
:105BB000CC4D0020DC4D00200FB400B583B004A90B
:105BC00051F8040B0191FFF797FF03B05DF804EB68
:105BD00004B07047024A034B10601960704700BF61
:105BE000604D0020644D0020184B70B51A68002AE3
:105BF00028D0EFF3108172B6D2E8CF4F0120002CED
:105C0000FAD1C2E8440F002CF6D1BFF35F8F002217
:105C10000F4C186859602270C0E88F2F81F31088EC
:105C2000002400250B4E3078FBF734FC20B900240B
:105C300000252046294670BD3078FBF73BFC204606
:105C4000294670BD4FF47A740025EBE7C45A002052
:105C5000F16D0020F06D0020014B1878FBF72ABC95
:105C6000F06D002038B5044600200D4601F0AAFB77
:105C7000A8B3002001F0BCFB88B3FCF7A9FA4FF0F1
:105C8000FF3E6FF0004C174A821841F10003964521
:105C90007CEB03013CBF72466346134808F0F4FBFB
:105CA000E8B1002001F08EFB58B901464FF0FF30FB
:105CB00000F092FD6FF002040B4808F0B9FB20469B
:105CC00038BD002001F094FB0028EED021462A4682
:105CD000002001F097FB04460028EDD1EAE76FF0C1
:105CE0000204ECE740420F00D06D002008B5FCF73D
:105CF0006FFA4FF0FF3E6FF0004C0F4A821841F1EF
:105D0000000396457CEB03013CBF724663460B489B
:105D100008F0BAFB70B14FF0FF30002100F05CFDDD
:105D2000002001F0B5FB0028F5D1BDE8084003488C
:105D300008F07EBB08BD00BF40420F00D06D0020C0
:105D40002DE9F04107460E46FCF742FA4FF0FF35C9
:105D50006FF00044324A821841F10003954274EB1F
:105D600003013CBF2A4623462E4808F08DFB08B9A4
:105D7000BDE8F081002001F025FB002845D0002E71
:105D80003EDD0025DFF8A48012E02246002001F06D
:105D9000C9FB002105444FF0FF3000F01DFD00203D
:105DA00001F076FBFCF714FAC8E90001AE4227DDEA
:105DB000002001F0D5FB741B8442A8BF044679196A
:105DC000002CE2D121464FF0FF3000F005FD2046C7
:105DD00001F05EFB204601F0F5FA88B1204601F0A3
:105DE000BFFB0028E2D1FCF7F3F90F4AD8F80030E6
:105DF0009B18D8F8042042F1000283428A41D5D290
:105E00000848BDE8F04108F013BB0020BDE8F041B0
:105E10000021064BC3E90001024808F009BB00BF9E
:105E200040420F00D06D002020A107002025002057
:105E300010B5002184B0324808F00EFB28BB314B6E
:105E40001A6802B3EFF3108172B6D2E8CFEF5FF0B9
:105E5000010CBEF1000FF8D1C2E84ECFBEF1000F29
:105E6000F3D1BFF35F8FDFF8A8C0D3F800E09CF850
:105E700000205960D3B201228CF80020CEE88F0FA9
:105E800081F31088CBB104B010BD00214FF0FF307A
:105E900000F0A2FC002001F0ABFA0446184808F01C
:105EA000C7FA002CEFD0184B1B68002BEBD0174A19
:105EB000106804B0BDE810401847FBF721FF044606
:105EC000FCF786F94FF0FF3E6FF0004C10F57A7248
:105ED00041F1000396457CEB030138BF63464FF068
:105EE00000014FF0010C38BF7246DFF828E0204671
:105EF000CDE9011CCDF800E0FBF706FF04B010BDB2
:105F0000D06D0020C45A0020604D0020644D002058
:105F1000F16D0020E95B00104FF0504330B585B0C3
:105F20001C68FBF7EDFEFCF709F8A04202D0002048
:105F300005B030BD00212C4B08461B7801F0E0FC79
:105F40002A480368002B4BD00120FBF755FC034681
:105F5000274C2849C0B22370FBF7C8FA20780121EA
:105F6000FBF782FA0E20FBF7B1FA60BB224B6FF011
:105F70000044C3E90000FBF7C3FE0546FCF728F91F
:105F80004FF0FF3C10F57A7241F10003944574EB39
:105F9000030138BF23464FF000014FF0010438BF22
:105FA0006246DFF860C02846CDE90114CDF800C094
:105FB000FBF7AAFE0028BADB01211048FFF726FDF7
:105FC000012005B030BD0120FBF708FA01460A4860
:105FD000FBF770FC00220E200949FBF7B9FAEBE74A
:105FE000FBF74CFCB0E700BFB4F60010D06D00200A
:105FF000F06D0020315E0010C45A0020782000208F
:10600000595C0010E95B0010002001F0DBB900BF13
:106010000048704754EC00100048704700EC001036
:1060200000B51C4A0346117883B031B363B940F21E
:1060300009424FF44173DFF860C0ACF80220164803
:10604000ACF8003003B000BD052B20D8134ADFF8B0
:1060500048C052F8231060460023013903E0132B97
:1060600020F8022F10D011F8012F0133DBB2002AE3
:10607000F5D15B0043F44073E1E701901121104634
:1060800000F024F8019BD1E74FF44A73D7E70020D2
:10609000D8E700BFD86D00209C4D0020E8EB001031
:1060A00000B545F247308BB0FCF7F2F90122034608
:1060B000092101A89847DDE90332034912BA1BBA46
:1060C000C1E900230BB000BDB46D0020012900F030
:1060D000BB80614A013913784FEA231CBCF1090FD8
:1060E000CCBF0CF1370C0CF1300C012980F800C04A
:1060F00000F0AD8003F00F03092B8CBF3733303332
:106100000229437000F0A38053784FEA231CBCF1AE
:10611000090FCCBF0CF1370C0CF1300C032980F8BF
:1061200002C000F0948003F00F03092B8CBF3733BB
:1061300030330429C37000F08A8093784FEA231C1F
:10614000BCF1090FCCBF0CF1370C0CF1300C052958
:1061500080F804C07BD003F00F03092B8CBF3733CA
:1061600030330629437172D0D3784FEA231CBCF137
:10617000090FCCBF0CF1370C0CF1300C072980F85B
:1061800006C064D003F00F03092B8CBF37333033C4
:106190000829C3715BD013794FEA231CBCF1090FA6
:1061A000CCBF0CF1370C0CF1300C092980F808C079
:1061B0004DD003F00F03092B8CBF373330330A293E
:1061C000437244D053794FEA231CBCF1090FCCBF72
:1061D0000CF1370C0CF1300C0B2980F80AC036D0CA
:1061E00003F00F03092B8CBF373330330C29C372F4
:1061F0002DD093794FEA231CBCF1090FCCBF0CF1D1
:10620000370C0CF1300C0D2980F80CC01FD003F0B6
:106210000F03092B8CBF373330330E29437316D04D
:10622000D3791A11092ACCBF373230320F29827341
:106230000DD003F00F03092B94BF303337331029EF
:10624000C37318BF103002D00023037070470023BF
:1062500008440370704700BFB46D0020704700BF52
:106260000022014B1A707047EE6D00204B79FF2B16
:106270000BD1887948B9CB79012B07D1082A05D9E8
:10628000034B8A7809201A7070470020704700BFBE
:10629000EE6D002001207047012901D001207047D8
:1062A00008B5104B91881B78994201D0002008BD99
:1062B0005378012B08D0022BF8D100216422084624
:1062C000FCF768F8012008BD518811F480721ABFEC
:1062D000C1F3C012480A4FF0FF3001F00301FCF790
:1062E000E3F800BFEE6D00200048704710ED00108D
:1062F000012907D15378012B02D19388072B03D0B2
:1063000000207047012070471146A623014A00F083
:106310001FBF00BF68EC00100346012201481A703D
:10632000704700BF34ED001008B50B68B3F5966FE9
:1063300000D008BD00224FF0FF301146FCF7B4F842
:1063400010B500F02DF90C231C4CFF22A3670E2082
:106350001B49FBF7FDF8402200211A4808F080F89D
:106360004FF0800C0120174A0023A2F822C0507081
:1063700010464022144902830287144A8160436018
:10638000C2F88430C2F8803080F8213080F83B3089
:1063900043620F4BC360C362803B836208F064F8C2
:1063A0004FF0005C4FF4803201200A490A4B206410
:1063B000C4F84CC0C4F89010DA6410BD000011504D
:1063C00099030020E44D002084001050000010507C
:1063D0000001105010D001000020115001210E20AA
:1063E000FBF742B800220248114600F0F9B800BF9E
:1063F000044E0020044B197021B14FF40032034BBE
:10640000C3F89020704700BFEA6D002000201150B3
:106410000B785B0600D070474B78052BFBD14B887F
:10642000014ADBB21360F6E700001150CB782DE98A
:10643000F04103F0030EBEF1010FC3F3010057D08A
:1064400000268C78DFF8D4C004F07F0253008988DE
:10645000984603EBD4130CEB4313E509D876C1F34C
:106460000A0185F001009C7019835870DE70D3001A
:106470006DBB254804330CEB82141F18A7601E5017
:106480006AB3224B03EBC20363603F318909BEF15B
:10649000020F14BF8B01CB011D4908EB05020CEB69
:1064A000421C0A681B48134483420B60CCF80C2042
:1064B00028D882F0A04383F48013DCF8042043EA58
:1064C0008E6343F0004313600120BDE8F0810E4865
:1064D0000CEB82140344A36240F832605AB91346AD
:1064E0000D4A0CEB451CCCF80C20CCF80430EBE743
:1064F0000020BDE8F081D20002F1A04202F5801236
:106500006262C2E7FCF70EF88000105004001050E1
:10651000C05A0020FF0F105000011050E44D002021
:1065200007F0A2BF08B59646DFF81CC001F07F0255
:10653000C80900EB42000CEB40101A46714600F00F
:106540004FF8012008BD00BFE44D002011F07F028C
:1065500005D100290CBF02200120064B9866C9090D
:10656000054B01EB420003EB40104FF400620021A9
:1065700007F09ABF00201150E44D002011F07F0376
:1065800000D17047002205485B0003EBD11300EBFC
:1065900043106FF40061C27007F086BFE44D002025
:1065A0004FF0805209480A4908B50A4B02600A6058
:1065B0009968C94311F08051FAD14FF480520648CE
:1065C00007F04EFF0922054B5A6708BD0020024024
:1065D0000030024000000240000010500000115046
:1065E00000234FF0010C10B5016180F81AC08282BF
:1065F000C382044607F000FF20B14FF40032074B7E
:10660000C3F89020204607F003FF10B10123237741
:1066100010BD2046BDE8104007F03ABF00201150E1
:106620002DE9F0414FF000081B4C05464246237807
:106630001A4F1B4E0DE0336813EB421323D0DB6877
:106640002846984708F1010823785FFA88F29342B8
:1066500006D39342A2EB0303EDD807EB4313EEE717
:10666000542200210F4807F0FBFE4FF0FF330D4C82
:106670002022C4E90133C4E90333FF21BDE8F0411E
:10668000094807F0EDBE4FF0E023D3F8F03DDB07FB
:1066900000D500BEBDE8F081E96D002054ED00108A
:1066A000304B0020384C00204C4C0020704700BF7D
:1066B000704700BF0020704700207047704700BF40
:1066C000704700BF704700BF704700BF024B58784B
:1066D000003818BF01207047384C0020024B187852
:1066E000C0F38000704700BF384C00202DE9F04710
:1066F0002D4F3B78FF2B54D100293DD054228A46A0
:1067000081460021294807F0ABFE0022284C294B86
:1067100020461A70FBF7B2F8274B28481C60284C1B
:10672000FBF7BAF8204601F0DDFB264A264B146041
:1067300023B12648FFF7F0FD254B18604FF0000805
:10674000224C43462278234E214D0DE02A6812EB5D
:10675000431311D05B687BB1984708F10108227898
:106760005FFA88F3934211D89342EFD39B1A06EB5A
:1067700043135B68002BEFD14FF0E023D3F8F03DDB
:10678000DB0700D500BE0020BDE8F0875146484633
:1067900087F80090FFF7D4FD0028EDD04846FFF7BA
:1067A0001DFE0120BDE8F087AC200020384C002001
:1067B000304C0020EB6D00208C4C0020A4200020E9
:1067C00090200020904C002019630010E96D0020FB
:1067D000304B002054ED0010A44B1B78FF2B00F031
:1067E00012812DE9F04FA24CA24DDFF89C82A24EFF
:1067F0008BB027687B69EFF3108272B6D3E8CF0FB6
:1068000001210028FAD1C3E8401F0028F6D1BFF3C8
:106810005F8FBA61384607A901F0AAF900237A69A7
:10682000C2E88F3FBB6983F31088002800F0C68060
:106830009DF81D30013B072B00F28383DFE803F056
:10684000A3AD91998A350A04089B002BD1D00998F1
:106850009847CEE79DF8201001F07F0705EB470031
:1068600000EBD11090F8343023F0010380F834307D
:1068700090F8343023F0040380F83430002F00F017
:10688000A080027D98F800309A4280F08F807B4B88
:106890001B6813EB421300F08A809F699DF821204A
:1068A000099B9DF81C00B847A3E73378002B7ED0E6
:1068B0003378013B3370337803F0FF00002B98D11D
:1068C000DFF8B0A19DF81CB09AF8003043F0010346
:1068D0008AF800309AF8343060F300038AF83430D4
:1068E0009AF8343060F382038AF834309AF83530FD
:1068F00060F300038AF835309AF8353060F382038C
:106900008AF8353000F088FC9DF8203003F06002F2
:10691000602A66D0402A77D003F01F03012B00F0D5
:10692000B580022B7CD0002B5BD1202A00F0E781C0
:10693000002A56D19DF82130092B52D8DFE813F0F8
:10694000AB019B015100BD0151008C01620151005E
:106950005601E7002B78D9077FF54BAFFFF7B4FE60
:1069600047E7EB78DA077FF544AF0898FFF7A0FE1A
:106970003FE72B78D8077FF53CAF2878C0F3C000FD
:10698000FFF7A0FE35E79DF81C00FFF749FE00F079
:1069900039FC9DF82030AB702BE79DF81C00FFF709
:1069A0003FFE00F02FFCFFF78BFE22E711D04FF0E7
:1069B000E023D3F8F03DDC0700D500BE0BB0BDE806
:1069C000F08F099B9DF821209DF81C0000F038FCF9
:1069D0000FE72B4B61E7FFF71FFB0246002840F053
:1069E00085814FF0E023D3F8F03DDF0700D500BEEE
:1069F0009DF81C000021FFF7A9FD80219DF81C00D7
:106A0000FFF7A4FDF5E670471E4800F005FC0121E4
:106A1000584608AAFFF76CFC00287FF4EAAEE7E7C7
:106A20009DF8241011F0700FDBD1174801F07F039F
:106A300090F800C00AEB430000EBD110007D6045E8
:106A400051D340F06E810E480090002A00F06D8115
:106A5000009F786900F0E0FB012158467B6908AA95
:106A6000984700287FF4C5AEC2E700BFAC200020E5
:106A7000904C0020384C0020EB6D0020304B002063
:106A800054ED0010F1620010E96D00209DF82430F3
:106A90000F2BADD8B14A53441B791278934230D3AF
:106AA000A6D1AF4F786900F0B7FB012158467B694A
:106AB00008AA984700287FF49CAE9DF8203013F078
:106AC000600795D19DF821300A3B012B90D800F04A
:106AD000A3FB9DF821300A2B00F00D82584608A92F
:106AE00000F01AFB85E6DFF87CC2DCF800C00CEB96
:106AF00040100090002A00F0188100283FF478AF81
:106B0000A6E7984A176817EB4317CBD170E79AF8B6
:106B100001209DF82230934200F05D819AF8012017
:106B2000002A40F0D2818AF80130002B00F0518118
:106B3000013BD8B2FFF770FA002800F06E8143786D
:106B4000022B40F06A81C2799AF80010C2F3401318
:106B50001B01C2F3801221F0300143EA42130B43C0
:106B60008AF80030438800F10901C3180293029BA0
:106B70008B4240F2BD814B780B2B00F0C681012087
:106B8000042B40F04A810022029B01925B1A1FFAFB
:106B900083F9724B00921B7803901EE0714B1B68C7
:106BA00013EB421300F039811F694A46584605919C
:106BB0000493B847019B082803F101030599019349
:106BC00003D98145049B80F00B81644B9DF8042020
:106BD0001B7800929342C0F02081009A9342A2EB6E
:106BE0000303DBD85E4A02EB4313DDE79AF801307A
:106BF00058468DF81A300DF11A02012308A900F049
:106C0000A7FAF6E5BDF82200030A5A1EC0B20E2A02
:106C10003FF6EEAE01A151F822F000BF4D6E00101C
:106C2000DB6C0010896E0010F1690010F169001032
:106C30006B6E0010DB6C0010F1690010F169001040
:106C4000F1690010F1690010F1690010F16900109C
:106C5000F16900103F6E001008A800F0E3FA5846F2
:106C60009DF82210FFF7BEFB9AF8003043F00203B4
:106C70008AF80030BDE5BDF82230012B7FF4B8AEB4
:106C80009AF80030584623F0080308A98AF8003023
:106C900000F042FAADE558469AF800309A0802F042
:106CA0000202C3F340131343ADF81A300DF11A0278
:106CB000022308A900F04CFA9BE5BDF82230012B15
:106CC0007FF496AE9AF80030584643F0080308A9BE
:106CD0008AF8003000F020FA8BE5022B3FF47BAEFF
:106CE000FFF7EAFC024600283FF482AE584653887C
:106CF00008A900F02DFA00287FF47BAD78E69DF816
:106D000024300F2B3FF674AE144A53441B7912788B
:106D100093421ED2134A176817EB43177FF499AEBC
:106D200066E6002A7FF464AE00929DF821C00CF064
:106D3000FD02012A18D0BCF1000F7FF452AE0AEB1D
:106D4000430303EBD11393F834305846C3F34003A5
:106D5000AAE77FF44DAE024F7BE600BFE96D00204D
:106D600054ED0010304B0020BDF82220DAB97948EC
:106D7000BCF1010F007800F08F80CDE90113FFF71F
:106D8000E5FB029B01990AEB430303EBD11393F854
:106D9000342042F0020283F8342093F8342042F089
:106DA000010283F83420009B002B3FF422AD1F46E4
:106DB000586900F031FA7B69012108AA58469847C2
:106DC000002000F029FA9AF83530DB073FF511ADC5
:106DD00084E6FFF775FC584608A900F09DF908E520
:106DE00002460398012800F0A580002800F0928058
:106DF000002391F802E007E0009F8CF804705FFA2E
:106E000083FC604540F286800EEB030C5AFA8CFC42
:106E10009CF804700133FF2FEED04FF0E023D3F83D
:106E2000F03DD90700D500BE4FF0E023D3F8F03D88
:106E3000DA0700D500BE00238AF80130D8E5FFF755
:106E400053FA024600287FF451AFD1E5FFF7E0F88E
:106E5000024600283FF4C5AD5846122308A900F0A9
:106E600077F900287FF4C5ACC2E5FFF723FC0246A2
:106E700000283FF4BDAD5846137808A900F068F922
:106E800000287FF4B6ACB3E5BDF82410FFF7C8F8CE
:106E900002460028EFD1ABE5CDE902320191FFF7C0
:106EA0006DFB029B01990AEB430303EBD11393F8AB
:106EB0003410039A62F3410183F8341093F83410CC
:106EC00062F3000183F834106DE700215846019306
:106ED000FFF790FA5846FFF723FB9AF8022058462E
:106EE0000092FFF79DFB009A019B8AF802201AE6A8
:106EF000FFF7E4FB6FE75846012308A90DF11A02DA
:106F00008DF81A7000F024F973E40B78C8781944EE
:106F10004B7835E6009F10483B46CDE9001200F063
:106F2000A1FDDDE9001211440C4A1378BB42BFF405
:106F30001EAE72E7D3F810C0094B9C4508BF022073
:106F400056E74FF0E023D3F8F03DDB077FF551AC77
:106F500000BE4EE4AC2000204C4C0020E96D002027
:106F6000697600102DE9F84F0A9F002A40D00C46A0
:106F70001E4615464FF0000BDFF88090DFF880804A
:106F800016E0204698F8021099F800A000F03AFDAB
:106F9000D0B121465046FFF749FAE0B1A3780BF192
:106FA000010BDA0920D1AB453B7021D023781C447A
:106FB0006378052B0FD1E17801F00301B1420AD1CA
:106FC000A37813F0700FDCD04FF0E023D3F8F03D3E
:106FD000DA0700D500BE4FF0E023D3F8F03DDB0721
:106FE00009D40020BDE8F88F0B9AAB451370DDD1B2
:106FF0000120BDE8F88F00BEF3E700BFAC20002001
:10700000384C00208B7813F0700F08D04FF0E0233D
:10701000D3F8F03DDA0700D500BE0020704710B568
:1070200082B0084601910C490C4A8978147800F026
:10703000E9FC48B94FF0E023D3F8F03DDB0700D579
:1070400000BE002002B010BD2046019902B0BDE88C
:107050001040FFF7EBB900BF384C0020AC200020F7
:107060000A46064B06481968D309343302F07F02FA
:1070700003EB4203184400F079BC00BF8C4C0020A5
:10708000384C00200A46064B06481968D3093433A9
:1070900002F07F0203EB4203184400F097BC00BFEC
:1070A0008C4C0020384C002010B5194801F07F04AA
:1070B00000EB440000EBD11090F834C01CF0010F3D
:1070C00008D04FF0E023D3F8F03DDA0700D500BE3A
:1070D000002010BD00F1300494F804C00D484CF0BD
:1070E000010C007884F804C0FFF71CFA0028F0D1E6
:1070F0004FF0E021227960F300022271227960F3DF
:1071000082022271D1F8F03DDB07E1D500BEDFE756
:10711000384C0020AC200020DFF830C0002362464D
:1071200010B58E46044608684968CCF80C3003C296
:107130009EF800102046BDE8104081F0FF011A467D
:1071400001F08001CCF80830FFF7AEBFF84B00200B
:10715000DFF8ACC070B51546624600248E46064680
:107160000868496882B003C2CCF80850ACF80E40F9
:10717000BEF80620934228BF1346ACF80C308AB103
:1071800033B3DDB19CF90020402B28BF4023002AF7
:1071900029DB21463046194AFFF786FF70B10120EE
:1071A00002B070BD9EF80010134681F0FF0130461A
:1071B00001F08001FFF778FF0028F0D14FF0E023C5
:1071C000D3F8F03DDB0700D500BE002002B070BD53
:1071D0001A469CF8001001F080013046FFF764FF6A
:1071E0000028DCD1EAE71A4629460448019307F053
:1071F000FBF88021014A019BEFE700BFB84B00205C
:10720000F84B00200022034BC3E90022C3E902220D
:107210001A617047F84B0020014B1861704700BF9E
:10722000F84B00200146054A4FF0000C1346006859
:107230004968C2E902CC03C3704700BFF84B002085
:1072400030B53E4CC90922780546B1EBD21F83B058
:1072500017D053B14FF0E023D3F8F03DDB0702D451
:10726000002003B030BD00BEFAE72146FFF7D0F89A
:1072700023691BB12246032128469847012003B009
:1072800030BD94F90020002A08DBA0680028E7D070
:107290001A462B49019307F0A7F8019BE089A168E2
:1072A000E288184480B219448242E081A16016D07D
:1072B0003F2B14D9A28994F90040131A9BB2402B9A
:1072C00028BF4023002C28DB90424FF0000132D031
:1072D0001B4A2846FFF7E8FE0028CFD1BAE723690A
:1072E00023B102212846154A984768B10023217826
:1072F000284681F0FF011A4601F08001FFF7D4FE15
:107300000028A7D00120BAE701462846FFF71EF95A
:1073100080212846FFF71AF9B0E7904208D01A46B4
:107320000748019307F060F88021054A019BD0E7E8
:1073300080210022CDE70A46CBE700BFF84B0020B2
:10734000B84B002070B582B00446FFF7BFF908B90A
:1073500002B070BDFFF7C2F902460028F8D1C82379
:1073600004FB03F315492546CC18E0780028EFD03C
:1073700010335E183046019200F0E8FB3F28E7D951
:10738000E1780198FFF76CFE0028E1D0304600F06C
:10739000DDFB3F28E1780AD94023DFF824C00198BB
:1073A0000CEBC51202B0BDE87040FFF77DBE01983E
:1073B00002B0BDE87040FFF765BE00BFD8220020D4
:1073C000344B002010B50446FFF780F908B90020BF
:1073D00010BDFFF783F90028F9D1C822034B02FB47
:1073E0000433187900F0010010BD00BFD82200203E
:1073F000C82208B5024B02FB003000F08DFB08BD2F
:10740000E82200204FF6FF732DE9F041C8249A428C
:1074100028BF1A4600FB04F41B4D04F1100382B090
:10742000804692B258195F1900F0F0FB0646FFF74C
:107430004DF918B9304602B0BDE8F081FFF74EF9BA
:107440000028F7D12544EA78002AF3D00190384685
:1074500000F07CFB3F28EDD90198E978FFF700FEAA
:107460000028E7D0384600F071FB3F28E97807D9BB
:10747000064A4023019802EBC812FFF715FED9E730
:107480000198FFF7FFFDD5E7D8220020344B0020FC
:10749000F0B583B00546FFF719F910B9002003B025
:1074A000F0BDFFF71BF904460028F7D1C82305FB00
:1074B00003F31A4A03F124018F183846009300F0B1
:1074C0002BFB0028EAD0154A009B2046D618B1783D
:1074D000FFF7C6FD0028E1D01149384601EBC51180
:1074E0004022009100F092FB96F802C0034670B172
:1074F000019061462046009AFFF7D6FD58B94FF03B
:10750000E023D3F8F03DDB07C8D500BEC6E76146EF
:10751000FFF7B8FDC2E70198C1E700BFD8220020FD
:10752000744B002070B505464FF6FF70C8238242A9
:1075300028BF0246094C92B203FB0544204600F0E6
:1075400029FC0646204600F0E7FA3F2801D83046DD
:1075500070BD2846FFF79CFF304670BDFC2200201E
:10756000C82208B5024B02FB003000F0EFFA08BD5C
:10757000FC22002070B5002482B0C82200211848E7
:1075800006F06EFFFF234FF4E13108221548047026
:1075900013480094064643718160827300F13801FC
:1075A00001234022103000F087FA0123402206F127
:1075B0007801009306F1B80506F1240000F07CFA8A
:1075C0002846FAF75BF906F1C000FAF757F906F119
:1075D000C000C6E90745C6E90C0402B070BD00BF93
:1075E000D8220020B44B00200A4B196B1A6A61B1F3
:1075F0003AB10022C3E90C22DA6100221A620120AA
:1076000070470120C3E90C227047002AF7D0D961E6
:10761000F3E700BFD82200200022104908B5104827
:107620000B7802600271DA0707D59B070CD5BDE81D
:10763000084001210B4800F071BC103000F052FCF2
:1076400006490B789B07F2D4064800F04BFCBDE8D6
:1076500008400121034800F061BC00BFB44B00208A
:10766000D8220020FC22002070B54B7984B0022B78
:1076700002D18B79022B03D00024204604B070BDC8
:107680002B4B9B783BB14FF0E023D3F8F03DDB0769
:10769000F2D500BEF0E78B780546254803700B78DD
:1076A000194491F801C0BCF1240F08BF092409D086
:1076B0003BE00B78194491F801C02344BCF1240F3E
:1076C0009CB207D19442F4D90020FFF73BFE20463C
:1076D00004B070BD6346BCF1050F16D0042BF3D186
:1076E0004B790A2BF0D1134B0A78019301330093A5
:1076F00002231646114428461A46FFF733FC002899
:10770000C1D00E3433199CB2DEE728460391FFF74F
:1077100079FC03990028B6D08B78054A53700B7812
:107720001A1919444B7894B2D8E763460924D2E772
:10773000D8220020DA220020137803F06003202BE7
:107740000BD100B5DFF8BCC093889CF800E083B093
:107750009E4504D0002003B000BD00207047537840
:10776000203B032BF6D8DFE803F02C270D0201297C
:1077700033D0032922D11E4B03B300205188AFF32D
:1077800000801BE0012928D0032917D1528819480D
:1077900002F0010383F0010101938CF804200092B0
:1077A00000F0BCFB144949B1009A00200199C2F3D2
:1077B0004002AFF3008001E0012912D0012003B0A4
:1077C00000BD01290DD00329F8D10C4B002BF5D0B9
:1077D00000200B49FEF7A8FDF0E71146FFF79CFCDF
:1077E000ECE711460723064AFFF7B2FCE6E700BFC5
:1077F00000000000FC2200200000000029630010AF
:10780000E0220020D82200202DE9F041354C0D4621
:10781000E27807468A421E4682B02FD0A3788B4278
:1078200009D04FF0E023D3F8F03DDB0724D400204B
:1078300002B0BDE8F0812C4B13B10020AFF3008003
:107840000020FFF725FE002847D1284800F064F902
:10785000002842D1002E40D016F03F053DD13846D9
:10786000A178FFF7FDFB002837D02B462A46384683
:10787000A178FFF719FC30E000BED8E79AB21C49A6
:1078800004F1100000F086FA1A4BD3B16279FF2A96
:1078900017D0B6B1164B03EB060802E0434510D0F3
:1078A000627913F8011B9142F8D11348019300F05B
:1078B00043F9019B0028F1D16179AFF30080019B6E
:1078C000ECE70E4B1BB10C4800F036F938B1002044
:1078D000FFF738FDA378AB42ADD00120A8E7AFF3A6
:1078E0000080F4E7D822002000000000FC220020E5
:1078F000344B002000000000E822002000000000BF
:1079000000B583B0D9B101280ED80B7863B1DFF888
:1079100058C0012B0CF8003002D0012003B000BD8C
:10792000FEF7E4FE0028F8D14FF0E023D3F8F03D55
:10793000DB0702D4002003B000BD00BEFAE701223D
:10794000084601A9ADF80420FEF7D0FE012238B99F
:107950004FF0E023D3F8F03DDA07ECD500BEEAE7BC
:10796000014B1A70E7E700BF2C4C0020037813F09E
:1079700001031ED130B50246007883B004464007AB
:1079800002D5184603B030BD08460D464FF0FF3112
:10799000019206F081FD019A137813F001030BD1D7
:1079A000117849070AD41178012341F004011170BC
:1079B00004E0002318467047C4F38003284601936F
:1079C00006F036FD019B184603B030BD70B50D467C
:1079D00004464FF0FF31284606F05EFD2378C3F3DE
:1079E00080065B0708D5237813F0010311BF00263A
:1079F000227863F382022270284606F019FD304691
:107A000070BD00BFC378828803F003000228C2F370
:107A10000A0215D003280AD001281CD1022940F2FD
:107A2000FF3308BF4FF4806393420DD370470229A0
:107A300014BF40234FF48063934205D30120704765
:107A400002290AD0402AF9D94FF0E023D3F8F03DBB
:107A5000DB0700D500BE00207047B2F5007FEDD0F7
:107A6000F2E700BF0A44914225D291F801C0BCF16F
:107A7000050F05D091F800C061448A42F5D87047DF
:107A800000B591F802C00CF07F0E00EB4E0E4FEAED
:107A9000DC1C0EF80C3091F800C061448A4209D910
:107AA00091F801C0BCF1050FEBD091F800C0614422
:107AB0008A42F5D800BD70472DE9F041B2F5004F7C
:107AC0009DF8185024D80446C06898460F461646BC
:107AD00018B14FF0FF3106F0DFFC206918B14FF00C
:107AE000FF3106F0D9FC0022C8F30E03E06843EA38
:107AF000C53362812760A680E380228108B106F049
:107B000097FC206908B106F093FC0120BDE8F081E4
:107B10000020BDE8F08100BF038942899BB292B288
:107B20008088934236BFC2EB40029B1A9B189BB2DF
:107B3000984228BF184670470289438990B29BB289
:107B4000C01AB0FA80F04009704700BF038942892B
:107B50009BB2808892B2934236BFC2EB40029B1A1E
:107B60009B189BB2984286BFC01A80B20020704713
:107B700030B5044600690D4683B018B14FF0FF31AF
:107B800006F08AFC2289618992B289B2A3888A426E
:107B900036BFC1EB4300501A801880B268B38342ED
:107BA00009D29A422CBFD21AD21891B28B4261816B
:107BB00003D8C91A89B28B42FBD9E2882368C2F381
:107BC0000E0202FB0131284606F00EFC6289A388F2
:107BD00092B2511C89B28A424FF0010210D90021A1
:107BE00003FA02F0091A2069618118B1019206F0C6
:107BF0001FFC019A104603B030BD0246618989B26C
:107C0000B1EB430F4FEA4300EDDBEBE72DE9F04129
:107C100005460069884682B028B14FF0FF310092D6
:107C200006F03AFC009A29896B8989B29BB2AC882C
:107C3000994236BFC3EB4406CE1A7618B6B2002E70
:107C40004BD0B44241D3B24228BF32469C4296B296
:107C500003D81B1B9BB29C42FBD9B5F806C0E01AA7
:107C6000296880B2CCF30E028642174602FB03114C
:107C700025D910FB02F2404692B20193009206F021
:107C8000B3FB019B009A341B234408EB020013FB57
:107C900007F2296892B206F0A7FB6A89AC8892B213
:107CA00093199BB29A421AD962009B1A28696B8178
:107CB00008B106F0BDFB304602B0BDE8F081404699
:107CC00006FB02F206F090FBE7E7A1422CBF091B7E
:107CD00009198BB226466B81B5E76B899BB2B3EB72
:107CE000440F4FEA4402E1DBDFE700BF70B5044612
:107CF000C0680E4682B018B14FF0FF3106F0CCFBE1
:107D00002589238961899BB289B2A2888B4236BFBB
:107D1000C1EB42015B1A5B189BB29A42ADB20BD821
:107D2000E179C90908D1E06818B1019106F080FB3A
:107D30000199084602B070BD954228BF2B4617D363
:107D40009B1A9BB29342FBD2E2882068C2F30E02D8
:107D500002FB0300314606F047FB6B1C9BB29D42C1
:107D6000A28811D9002351005B1A01212381DAE78F
:107D7000E2882068C2F30E0205FB0200314606F0DD
:107D800033FB0135A288ABB2B3EB420F4FEA42019D
:107D9000EBDBE9E72DE9F047154682B0002A4AD02F
:107DA0000446C068884618B14FF0FF3106F074FBF6
:107DB000E17926896389C909A288B6B29BB23ED10E
:107DC0009E4236BFC3EB4203F31A9B199BB2934208
:107DD00053D2D31A9BB2AB4228BF2B469DB2731924
:107DE000B4F806C01FFA83F9A5EB020A964233469F
:107DF00003D39B1A9BB29342FBD2D21A91B2206852
:107E0000CCF30E02A942174602FB030052D34146AF
:107E100005FB02F206F0E8FAA3884E454FEA43025A
:107E200002D8B9EB430F01DBA9EB0209E0682A464F
:107E3000A4F8089028BB104602B0BDE8F087954230
:107E400027D29E4236BFC3EB4201F11A891989B28B
:107E500050002944AF1A8142BA4608DB991889B20A
:107E60004E1BB6B2B342894638D9301A86B2AB1926
:107E70001FFA83F9B4F806C0B8E70022E0680028CA
:107E8000D9D0009206F0D4FA009A104602B0BDE8AC
:107E9000F087002AF2D0B4F806C0AD1A99181E4631
:107EA000CCF30E0303FB05884FF0000A15461FFABA
:107EB00081F99BE711FB02F2414692B201930092D5
:107EC00006F092FA019B009A534413FB07F308EB68
:107ED000020120689AB206F087FA9DE7B042C4DD3D
:107EE000C8E700BF10B50446C06818B14FF0FF31B5
:107EF00006F0D2FA206918B14FF0FF3106F0CCFA43
:107F00000023E0686381238108B106F091FA2069BB
:107F100008B106F08DFA012010BD00BF38B5044647
:107F2000C0680D4618B14FF0FF3106F0B5FA206970
:107F300018B14FF0FF3106F0AFFAE379E06865F36E
:107F4000C713E37108B106F073FA206908B106F0AF
:107F50006FFA012038BD00BF012307480749084ACE
:107F600003600B609368D907FCD50123054A1360B1
:107F70001368DB05FCD5704700200240003002404A
:107F80000000024000000A402DE9F04F054600279E
:107F90004FF0010C85B09DF83800DDE90F460290E6
:107FA0002868C7664160191EC0F86CC0019140F393
:107FB0008880029B571E01F1FF3883EA0C091CB12F
:107FC00061463046A04728684FF0000B2B799B0292
:107FD000C34514BF002109F0010117F8012F42EA3F
:107FE000412213430361ACB14FF0000A03E02B6858
:107FF0005A6BD2061ED400213046A0475FFA8AFA97
:108000000028F4D06FF0010B5846029B2B7105B08D
:10801000BDE8F08F436BD906FCD5D0F88020002A4C
:1080200041D1C34548D0019B0BF1010B5B45EBD01F
:108030000023CDE7D3F88020EAB9BAF1000F0ED1C2
:10804000C34509D0019B0BF1010B5B45DCD001213D
:108050003046A0472868EBE7029B002BF2D1039241
:1080600003E02B685A6B92050AD400213046A047E2
:108070000028F6D0C6E74FF0010A5B6D0392F4E7E3
:10808000039A1B6EBAF1000FDCD0E2B102F0090CCA
:10809000BCF1080F18BF4FF0FF3B5846029B2B71F5
:1080A00005B0BDE8F08F0121436D436B9B05FCD506
:1080B000036E0029B7D0E8E7029B002BB3D1194625
:1080C000F3E7BB46A0E74FF0FF3B9DE72DE9F04FFC
:1080D0004FF0010C174600220446006883B0B3F14C
:1080E0000009C2669DF830804160DDE90D65C0F889
:1080F0006CC060DD09F1FF33019388EA0C0A002EA1
:1081000057D0934601212846B04720680346416F67
:108110001029FCD0BBF1000F37D00021019A934504
:1081200014BF4FF0000C0AF0010C41EA4C2141F45D
:10813000807101613EB91AE02846B04700283CD161
:108140002368996F21BBD3F88010596B11F040015F
:10815000F2D0002128465B6DB0476FEA000B58460D
:1081600084F8048003B0BDE8F08F836FC3B9D0F802
:108170008030436B5B06F8D54FF0FF3B436D5846AC
:1081800084F8048003B0BDE8F08F21798902C5E747
:108190001B690BF1010BD94507F8013BB2D1DEE7B2
:1081A00003690BF1010BD94507F8013BD7D02068D3
:1081B000ACE7B346AAE79346D1E76FF0010BCEE7F1
:1081C000F0B5074683B005200191FAF78BF80199C5
:1081D0001F4A00EB510CBCFBF1FC0CEB4C05A2FB65
:1081E000052E1C4E4FEA9E04B14200EB4003ACEB5F
:1081F0009E0E27D8184AA2FB03239B0D01330022B1
:1082000039684F2DCA660A6801F5805682F004026B
:1082100002F006023260C1F81CE00C6298BF012433
:108220000A4688BF2409C1F8A040B0FBFCF0012435
:1082300052F87C5F6B409BB202F580521360CC66B3
:1082400003B0F0BD054AA2FB0323DB0D0133D6E7E3
:10825000CDCCCCCC3F420F006BCA5F6B893BE6555F
:10826000114A00B5904214BF10222022DFF840E0EE
:108270000E4BDFF840C0CEF800201A60DCF8083062
:1082800032EA0303FAD140F2651E4FF0030C026894
:108290000371D366C2F800E0D3635DF804EB936327
:1082A000C2F888C0FFF78CBFB02000200030024029
:1082B00000200240000002402DE9F0418AB006ACE7
:1082C000804617461E46DDE9122320469DF84050A1
:1082D0000591F9F75BFF3346CDE901043A46404684
:1082E00005990095FFF750FE0AB0BDE8F08100BF88
:1082F0002DE9F0418AB006AC804617461E46DDE9FE
:10830000122320469DF840500591F9F73FFF334670
:10831000CDE901043A46404605990095FFF7D6FE9F
:108320000AB0BDE8F08100BF3A4B2DE9F043984216
:1083300014BF4FF480234FF400230546364E374CCC
:10834000374A83B033602360946833EA0404FBD176
:108350004FF0020906200191F9F7C4FFAE464A46E4
:108360005EF8046F01990EF540574FEA41284346E5
:108370004FEAD15C1640C7F8009008E013EB080301
:1083800002F102024CEBD15CB2F5807F03D098423F
:1083900074EB0C09F2D24FF48073C2EB022C01E0B3
:1083A000012B34D0B0FBFCF841459946ACEB020CF4
:1083B00003F1FF33F4D209FB02F91C0202212B4620
:1083C000B0FBF9F04FF0030C2A612A680EF5005E4D
:1083D000624005F5805802F47F42C8F80020CEF8CC
:1083E00000606C68396053F8242B0C4082F007025F
:1083F00002F0CF0203F50053C8F80020CEF8004089
:10840000C3F800C0CEF8001003B0BDE8F083914679
:10841000D4E700BF00800840002002400030024046
:10842000000002402DE9F0411546D0F8682186464B
:10843000CB792AB1DA0705D56FF00A00BDE8F081E3
:108440005B07F9D491F90530002B01DB9D42F3D194
:108450000EF12F4303F560031A0D01230C791C481C
:10846000A3401646013B50F82220AB401A42174663
:10847000984629D104B30968AC46164A01EB440476
:108480000BE0B3F5005F38BF5B190CF11200A1429D
:108490004EF820300CF1010C0ED031F8023B03EA0B
:1084A0000200B0F5005FECD113F0600FEDD1DEF803
:1084B000680143409BB2E4E7054A47EA08032846BF
:1084C00042F82630BDE8F0816FF00800B6E700BF43
:1084D000544D002000E0FFFFF0B59E46D0F8683113
:1084E0009DF81450D21A1F2A39D80C464EF2800338
:1084F0004EF29F014FF4003704EB440C002D08BFEF
:10850000194600EBCC0303F5435300EBCC0CBEF152
:10851000050FDCF8DC60DCF8CC50DF600ED95301CD
:10852000AEF1050E43F0A0530532BEF1050FCCF8B5
:10853000DC3002F01F02CCF8D810F0D8520104EB66
:10854000440442EA8E6300EBC402C2F8DC3000202F
:10855000C2F8D810C2F8DC60C2F8CC50F0BD6FF0A1
:108560000400F0BD4FF0010C2DE9F0419046026887
:108570000CFA01FE22EA0E020260002B3DD01E69B9
:10858000DFF804E1F2439C681F6801EB41050EEA45
:10859000121E00EBC50502EA5202C5F8C87012EAC5
:1085A0000E0FC5F8D040D0F8684101FA0CFC0EEA75
:1085B00056060BD056EA040263D15E68DA680CEB0B
:1085C000010300EBC303C3F8CC600FE0002E4ED1D3
:1085D0005E68002CF2D0DA684FEA1E5386EA037612
:1085E000C5F8CC604FEA0E3E82EA1E220CEB010376
:1085F00000EBC303C3F8DC2015E04FF440254FF433
:1086000080364FF4F83401EB410200EBC202C2F8AD
:10861000C860C2F8D050D0F868514FEA410CC2F897
:10862000CC40C2F8DC304FF0013701224FF000445B
:108630008C4400EBCC0303F5865301F1040E01F1E9
:10864000080507FA01F11C6100EBCC0C1C6102FA71
:108650000EFE8160AA4000F50050C0F800E0026004
:10866000002008F01F06CCF8D860BDE8F08144B1C6
:108670005C68DA684FEA1E5384EA0373C5F8CC30AD
:10868000B0E76FF00A00F0E7218410002DE9F04F09
:108690008DB0DDE91656AC19302C9DF8607063D8AA
:1086A000002E61D0CDE9082301234FF0000C04F126
:1086B000FF3A4FEA1A1A2D0903FA0AFAAB407C1C5A
:1086C0004AEA0303CDE90601CDE90434DFF8249238
:1086D000844CCDF80CC04FEA145AAAF2025A039BFC
:1086E0004FEA8A06F51C002B00F097800DF12C0B49
:1086F00000270DF12C0802E00137042F38D02B465B
:10870000324600217848CDF80090F8F7F1FD831B40
:10871000B0425BB2C0F29680002B88F8003008F1BE
:108720000108E9DAA7F1040A002F00F0CC804FF02D
:108730000008C3441BF9011B6B48314408F10108D0
:10874000F8F718FE4745F5DCBAF1000F80F2AF806C
:10875000664BA4F580149C42BDD1DDF80CC0059B8E
:108760000CF1010C9C45B3D100200DB0BDE8F08F99
:10877000F8F776FD5E4B804653F82A302BB9049B00
:108780009B0003F01003C4F86831D4F86831002B63
:1087900036D0049BDD0736D401200699544B91F85E
:1087A00004C091F9051000FA0CF0002953F82A20B2
:1087B00000F1FF30CCF120035ADB99428C4622D8DD
:1087C00000FA01F111421ED1624620460699FFF7D8
:1087D00029FEB0F1000A6EDB079B089A1C609DF928
:1087E0002C3040461360099BC3F800A0F8F74AFDFF
:1087F000012F5CD004274FF001080DF12C0B98E7F6
:10880000049B5807C8D54046F8F73CFD4FF00008D8
:108810004FF0FF3A0DF12C0B8BE72B46324600212F
:108820003148CDF80090F8F763FD831BB0425BB28E
:1088300033DB002B8DF82C300CDBF8F711FD012712
:108840008046A2E7FF220DEB070383F82C20A7F157
:10885000040A69E7254B4FEA145AA4F580149C4298
:10886000AAF2035A3FF479AF4FEA8A06F31CD5E720
:10887000002B08DB00FA03F111429C4603F1FF33A1
:10888000A2D0591CF6D14046F8F7FCFC4FF0000886
:108890006FF0080A0DF12C0B4BE7144B4FEA145AFA
:1088A000A4F580149C42AAF2035ADDD155E70120B9
:1088B0000DB0BDE8F08F4046F8F7E4FC4FF000083B
:1088C0000DF12C0B35E7094AA4F5801393423FF4D0
:1088D00044AF4FEA145AAAF2035A4FEA8A061C46DA
:1088E000F51C05E700004050704D002000001050BE
:1088F000544D0020D4EA001070B50D46064688B3EA
:1089000000F052FA437A044673B3032B2CD005F0DF
:1089100047FB00232372A37223614FF48073A38269
:10892000C5B91E23A38140F2011363600F4B25706C
:10893000E3610F4B23624FF07F5363620123A36215
:10894000A3854FF07E5323634FF44073A386032324
:1089500084F83830304600F028FA2946BDE87040E7
:1089600001F0C4BE642070BDB420FCE7CDCCCC3F88
:10897000000020410021FFF7BFBF00002DE9F047B4
:108980000F46904699460446E8B0002856D0D0F8E5
:1089900000A0BAF1000F53D105F0EEFA04AB00933A
:1089A0000DF10E0205AB03A90DF10A0003F007FA61
:1089B000BDF80A30282B45D1254E2660304600F000
:1089C000F3F980F809A00546304600F0F0F9709BF5
:1089D0004246009339464B4601F0FEFB0446B0B9CF
:1089E000012730466F72FFF7C5FF0446804670B915
:1089F000304600F0DAF921463A46064603F029F9F6
:108A0000044640B1414630462A7A03F022F9204616
:108A100068B0BDE8F08748AB28AA08A9304603F043
:108A200013FD214607462A7A304603F012F9044620
:108A30005FB90028EBD102236B72E8E76424E6E714
:108A4000B424E4E74FF49674E1E73C46DFE700BF67
:108A5000645A002070B50E461546002861D00029E2
:108A60005FD0002A5DD000F09FF9437A0446022BC4
:108A700059D130462F4905F0ABFB18B92B68E3619B
:108A8000002070BD30462C4905F0A2FB18B92B78A8
:108A900084F82830F4E73046284905F099FB38B9C6
:108AA0002B7884F82B3084F8293084F82A30E7E7D3
:108AB0003046234905F08CFB10B92B682362DFE7B1
:108AC0003046204905F084FB10B92B88A385D7E7F1
:108AD00030461D4905F07CFB10B92B682363CFE7B6
:108AE00030461A4905F074FB80B92E88304605F0EF
:108AF000E3FC4FF080410546206A05F081FC014609
:108B0000284605F0B9FC80B9A681B9E7304610497E
:108B100005F05EFB58B92B7884F8353084F838308E
:108B2000AEE76420ADE7B420ABE77B20A9E7732074
:108B3000A7E700BF74ED00108CED0010A5ED00104C
:108B4000BCED0010CDED0010DDED0010F1ED0010DA
:108B500005EE00102DE9F0410F460446E2B0002872
:108B600045D0002943D000F01FF90646204600F00A
:108B70001CF9737A0546022B3BD1012102AA03F0AE
:108B80000BFC8A282DD1002128460DF1070202F0A6
:108B90008FFF0446804678B99DF80730012B0FD02F
:108BA00001460122284603F054F8044640B14146EC
:108BB0002846327A03F04DF8204662B0BDE8F081D5
:108BC00022AA02A9284642AB03F03EFC044600213B
:108BD0002846327A03F03DF8002CEDD108B1044666
:108BE000EAE70D22394602A801F060FCF7E76424A9
:108BF000E2E7B424E0E72DE9F74F884691460446C2
:108C000000285ED000F0D1F80546204600F0CCF8F0
:108C1000437A0746022B56D1032640F20123002156
:108C200028460DEB0602ADF804308DF8066002F020
:108C30003FFF044608BB9DF80330B34215D1002224
:108C40002846114601F07EFA0446B0B906460DF1F9
:108C5000040A16F80AB0A6B9B9F1000F1CD1072210
:108C60005946284602F0F5FF1AE0014632462846EA
:108C700002F0EFFF04460028E1D0204603B0BDE833
:108C8000F08FB8F1000FE7D04146284601F0EBFA2B
:108C900004460028E0D0F0E75946284602F064FD7B
:108CA00004460028E9D10136032ED2D100212846FE
:108CB00001F070FC04460028DFD105F09DF97E72BA
:108CC000DBE76424D9E7B424D7E70000F0B5074612
:108CD0008BB0002848D000F067F80546384600F011
:108CE00064F86B7A0646022B40D100210DF1270271
:108CF00002F0DEFE0446F8B99DF82730012B1ED1A4
:108D00006C46069505F1200CBCE80F000FC49CE8EA
:108D1000030084E80300164A3846EB69154900F061
:108D200048F8044698B9014601223846FFF763FF28
:108D3000044660B903236B7220460BB0F0BD0146B8
:108D40000122304602F085FF04460028D8D00223D5
:108D500000216B7295F8383030462A7A85F8353024
:108D6000A97202F076FFE7E76424E5E7B424E3E7BD
:108D70001BEE001021EE001038B5044680B10568E6
:108D800075B16B7A032B0DD005F048F905F13C0065
:108D900001F05AFA08B9206038BD00232360FBE7D0
:108DA0006420F9E7B420F7E77047C06B70473C30A8
:108DB000704782B02DE9F041E8B00F4616460446F0
:108DC000DDF8D8816F9300284FD0B8F1000F4CD058
:108DD000437A022B4BD1C56B002128460DF11F02AF
:108DE00002F0DAFE00283BD19DF81F3003F0FD03AE
:108DF000012B3ED1284648AB28AA08A903F024FB42
:108E000070BB0021709805F017FB58B904F11C0CD9
:108E10000DF5DE7EBEE80F00ACE80F009EE807000F
:108E20008CE807002846616A02F0D8FFC0B94146C5
:108E30000422204605F090F93946284600F012FE3B
:108E400070B96F4604F1240CBCE80F000FC7DCF8C2
:108E5000003031463B602846D4E9072303F0F6F999
:108E600068B0BDE8F04102B070476420F8E7B42074
:108E7000F6E77420F4E70000D0B50446C4F30220FE
:108E8000FAF7E0F90022124BFAF734F90646C4F378
:108E900001300F46FAF7E8F902460B4600204FF082
:108EA0008041F9F79BFF02460B4630463946FAF7F8
:108EB00049F902460B4604A1D1E90001FAF766F927
:108EC000D0BD00BFAFF3008000000000D01293417E
:108ED0000000F03F2DE9F8430C46FFF7CDFF630794
:108EE000064604F003004CBFDFF86C90DFF86C908E
:108EF0000F46FAF7B9F90022194BFAF7FBF80246C8
:108F00000B4600204FF08041F9F768FF4FF0000852
:108F100004460D4632463B4600201049FAF736F922
:108F20000022104BFAF70EF942464B46FAF70AF9BF
:108F300022462B46FAF706F902460B46002007495F
:108F4000FAF724F9FAF7B4F94FF0000360F30C03D1
:108F50001846BDE8F88300BF0000E03F0000F03F86
:108F600000001C40000050402DE9734F824610461F
:108F70001C460A9E8B46FFF77FFF6307CDE9000181
:108F800004F003004CBFDFF87C90DFF87C90FAF728
:108F90006BF900221D4BFAF7ADF802460B46002094
:108FA0004FF08041F9F71AFFDDE900234FF0000888
:108FB00004460D4600201449FAF7E8F80022144B45
:108FC000FAF7C0F842464B46FAF7BCF822462B4661
:108FD000FAF7B8F802460B4650465946FAF7D6F863
:108FE00004460D46FAF764F9294630802046FAF720
:108FF0005FF9B378000C60F30203B37002B0BDE810
:10900000708F00BF0000E03F0000F03F00001C40F8
:10901000000050402DE9F04F0E460446A1B0002854
:1090200000F0C08001F019F900F50C5050E902235E
:10903000B24273F10003C0F2B780002E00F0B4809A
:10904000204601F00AF96A4605463146204603F0FB
:10905000A3F90446002840F0A18005F5005696F8D3
:109060001403D5F8907100F0030005F025FA0146CD
:109070004FF08040FAF778FE0146384605F028FAAE
:1090800001464FF07E5005F023FA4FF086418246AC
:1090900005F0DEF907469DF84C0000F00F000130A6
:1090A00005F0CEF9394605F0D3F9404905F0D0F97D
:1090B0003F4905F0A5F99DF905308146002BACBF6D
:1090C0003C493D494FF07E5005F002FA3B4905F01E
:1090D000BFF9014605F094F939498046484605F044
:1090E000B7F90146404605F08BF9804696F816031D
:1090F00000F0070005F0E0F901464FF08040FAF774
:1091000033FE834696F81603C0F30110C0F1080041
:1091100005F096F901464FF08040FAF725FE8146AA
:109120005946504605F094F9494605F091F996F8EC
:109130001433814696F844035A0700F00F004CBFE1
:109140004FF0844B4FF0854B05F0B6F901464FF0D8
:109150008040FAF709FE82465946384605F078F90C
:10916000514605F075F907461649404605F048F99D
:10917000494605F045F9394605F042F94946C5F832
:10918000B801404605F03CF996F84433DB0648BF89
:109190000027394605F034F9C5F8BC01204621B056
:1091A000BDE8F08F6424F9E76624F7E7000030415A
:1091B00095BFD637002474490024F4490000844444
:1091C0000000A04017B7D138F8B5002837D001F01B
:1091D00044F800F5005797F814330446B7F80C0329
:1091E0005B07C0F30C004CBF4FF07C564FF07E562F
:1091F00005F026F9D4F8901105464FF07E5005F0A1
:1092000067F94FF0854105F023F9314605F020F963
:10921000064697F8140300F00300073005F010F934
:1092200001464FF08040FAF79FFD0146304605F0B9
:109230000FF9294605F00CF9A0600020F8BD642064
:10924000FCE700002DE9F04F87B09046DDE91459A6
:109250009A46DDF848B003910290002800F05F8143
:10926000002900F05C81002A00F059811468002177
:10927000204605F0E1F8002840F053814FF07E5180
:10928000204605F0C1F8002840F04B81029B4FF0CA
:109290007E511F68384605F0EFF8002840F0418104
:1092A000039B4FF07E511E68304605F0E5F800281C
:1092B00040F037813146384605F09AF820230028DF
:1092C00000F00C8189F801304FF07C51304605F0F8
:1092D000BFF8394605F0FCF80DF1160300930322A0
:1092E000052105AB03F0F6FB0446002840F0F280B0
:1092F000BDF81430BDF8162003F01F0343EA4213F3
:1093000089F800300122BBF8003013996FF30C0389
:10931000ABF80030139B4FF07E501B780DF1160711
:1093200062F305030B70314605F0D2F805220821DF
:10933000009705AB03F0CEFB0446002840F0CA803E
:10934000BDF81430BDF816202B706B78D8F80010DB
:1093500062F304036B70304605F07AF80122BAF824
:109360000030014664F30C03AAF80030109B4FF064
:109370007E501B7862F30503109A137005F0A8F86D
:1093800005220821009705AB03F0A4FB0446002842
:1093900040F0A080119ABDF8143013705378BDF8D6
:1093A000162062F30403119A537099F8000000220A
:1093B0005D4B410900F01F0003F00EFB01464FF02A
:1093C0007E5005F085F8139B06461978BBF800001F
:1093D0000022564B01F03F01C0F30C0003F0FCFAF1
:1093E00069780022524B074601F01F01287803F0EC
:1093F000F3FA0146384605F06BF8314605F028F8D7
:10940000029B0022186099F80100474B410900F0C7
:109410001F0003F0E1FA01464FF07E5005F058F8C6
:10942000139B06461978BBF8000000223F4B01F061
:109430003F01C0F30C0003F0CFFA697800223C4BE7
:10944000074601F01F01287803F0C6FA01463846A6
:1094500005F03EF8314604F0FBFF039B0022186044
:10946000109BBAF800001978C0F30C002F4B01F0E4
:109470003F0103F0B1FA119B06465978119800227A
:109480002B4B01F01F01007803F0A6FA014630468D
:1094900005F01EF8139B06461978BBF80000002261
:1094A000224B01F03F01C0F30C0003F095FA6978FC
:1094B00000221F4B074601F01F01287803F08CFAA9
:1094C0000146384605F004F80146304605F000F83C
:1094D000C8F80000204607B0BDE8F08F89F80030DA
:1094E0004FF07C51384604F0B3FF314604F0F0FFF2
:1094F0000DF1160300930322052105AB03F0EAFAF0
:1095000004460028E6D1BDF81430BDF8162003F05B
:109510001F0343EA42133E4689F80130F2E6642411
:10952000D8E77324D6E700BF0000144000002A40AB
:10953000000020402DE9F04F0C4691460646B9B098
:10954000002800F08682002900F08382002A00F0C3
:109550008082AC49204604F03BFEAB4905462046DC
:1095600004F036FE8046002D00F02E81B0FA80F324
:109570005B0904222046A5490C9304F0B3FD0028A2
:1095800040F06982A249204604F022FEA1498346A8
:10959000204604F01DFEA0491190204604F018FE5C
:1095A0009E490546204604F013FE9D49079020463B
:1095B00004F00EFE9B490890204604F009FE9A49EB
:1095C0000746204604F004FE0E90304600F045FEAB
:1095D00099F80030824643F0700389F8003099F81A
:1095E0000130B8F1000F40F0F18043F0020389F838
:1095F0000130B9F8083043F4B27343F00103A9F81D
:10960000083099F80A30304623F03F0343F03F0317
:1096100089F80A30A02389F8123099F8033043F012
:10962000800389F80330B9F8043023F45C5323F045
:10963000030343F40053A9F8043002F0DDFB99F86A
:1096400014309AF8CF2162F3010389F81430BBF18A
:10965000000F00F0C880B7FA87F35B09D9F814202F
:109660009B0022F45C1243F4E02322F00402134333
:10967000C9F81430089B1BB94FF07C53CAF8C031AD
:10968000DAF8C0810021404604F0D6FE30AC002854
:1096900040F0AB80404604F0C3FE0094B9F81430AB
:1096A000B9F80420FFF760FCBDF8C03099F810202D
:1096B000A9F80E309DF8C230C3F3020363F302022F
:1096C00089F81020B9F81410B9F80400FFF702FC6B
:1096D000002F14BF0A220222B9F8443042F48072EB
:1096E00023F4F85323F01F0343F4A05343F019036A
:1096F000A9F84430B9F84630A9F80C0023F49F7358
:1097000023F001031343A9F84630079B13B10C9BC8
:10971000002B74D0DFF814810E9B0BB9DFF8108199
:109720004FF07E573046CDF84880139700F095FDF6
:109730008446002D00F08080C0F89481C0F89881A4
:10974000C0F89C81C0F8A081C0F8A481C0F8A881AD
:10975000C0F8AC71C0F8B071C0F8B47100F5CA7649
:1097600000F5D07509F1380B09F1420709F14008FD
:1097700009F13E03029309F13C03019309F13A0315
:10978000009330465B46CDE90474CDF80C8006F1B9
:10979000180206F10C01FFF755FD002840F0568134
:1097A0000436AE42E4D1BDF8C030A9F82830A9F89B
:1097B0002A30A9F82C30A9F82E30A9F83030A9F8B1
:1097C0003230A9F8343006E10123D2E643F0010338
:1097D00089F80130B9F8063043F4B27343F001035D
:1097E000A9F806300DE7012338E7002299F8103078
:1097F000A9F80E2062F3020389F8103062E7DFF85F
:10980000348089E728EE001021EE00102FEE0010C2
:1098100034EE00103AEE001040EE001046EE00105C
:109820004CEE001052EE001058EE00100000A8415F
:1098300000004842000098412646DFF820E2CCF8BC
:10984000AC71BEE80F000FC69EE80F0086E80F005F
:109850002E46834BCCF8B0711293CCF89431CCF8EF
:109860009831CCF89C31CCF8A031CCF8A431CCF8AC
:10987000A83114AB0A9318AB08931CAB099320AB27
:10988000079324AB0B932CABCCF8B4710DF1A00B68
:109890000D930A9BDDF834E01A4622F8026B0A9217
:1098A000089AF046114621F8026B0891099928F8A8
:1098B000026B084620F8026B09900798CDF83480B7
:1098C000074627F8026B07970B9FBC462CF8026BE4
:1098D000CDF82CC0DC462BF8026BCDE90021CDE998
:1098E0000207CDE904CE13AA04EB850112A8FFF705
:1098F000A9FC002840F0AA80BDF850300F930A9BC5
:109900000F9A33F8023C9A4240F09F80089BBDF8C2
:1099100060E033F8023C9E4540F09780099BBDF81B
:1099200070C033F8023C9C4540F08F80079BBDF827
:10993000807033F8023C9F4240F087800B9BBDF85B
:10994000900033F8023C98427FD1BDF8A0103BF85C
:10995000023C994279D138AB03EB450212F82F3C17
:10996000013510935B09984612F8303C082D68F3D6
:109970004713DDF8408068F3040302F8303C88D1D7
:109980000F9BA9F83AE0A9F83830BDF8B030A9F833
:109990003CC0A9F82830BDF8B230A9F83E70A9F84B
:1099A0002A30BDF8B430A9F84000A9F82C30BDF831
:1099B000B630A9F84210A9F82E30BDF8B830A9F891
:1099C0003030BDF8BA30A9F83230BDF8BC30A9F853
:1099D0003430BDF8BE30A9F83630119B002B0CBFD7
:1099E0000222012242F01F2343EA0243D9F8182041
:1099F00002F0E0321A43C9F81820D9F81C2002F00E
:109A0000E0321A43C9F81C20D9F8202002F0E032D5
:109A10001A43C9F82020D9F8242002F0E032134379
:109A2000C9F824300E9B0BB10C9B2BB199F84A302E
:109A300043F0020389F84A3040F20113AAF8CC310E
:109A4000012300208AF8CE3100E0A02039B0BDE823
:109A5000F08F6420FAE76820F8E700BF80EE00107E
:109A60008FC27D412DE9F0470C46074694B000288F
:109A700000F06683002900F0638300F0EEFB0546EA
:109A8000384600F0EBFB814605F50D50802221465B
:109A9000183004F061FB0121032248460DF10E034A
:109AA00002F070FEBDF80E1005F50C56012930804D
:109AB00000F242830121202248460DF10E0302F0FC
:109AC00061FEBDF80E107080012900F2358301217E
:109AD000232248460DF10E0302F054FEBDF80E108D
:109AE000B080012900F228830121732248460DF13C
:109AF0000E0302F047FEBDF80E10F080012900F2BF
:109B00001B830121752248460DF10E0302F03AFE37
:109B1000BDF80E103081012900F20E830121A02230
:109B200048460DF10E0302F02DFEBDF80E107081B7
:109B3000012900F201830121A12248460DF10E0303
:109B400002F020FEBDF80E107082012900F2F482AE
:109B500001214FF4837248460DF10E0302F012FE0C
:109B6000BDF80E10B081012900F2E682012140F219
:109B7000071248460DF10E0302F004FEBDF80E1068
:109B8000F081012900F2D88201214FF48472484605
:109B90000DF10E0302F0F6FDBDF80E103082012922
:109BA00000F2CA82012140F2091248460DF10E036B
:109BB00002F0E8FDBDF80E10B082012900F2BC826F
:109BC00001214FF4857248460DF10E0302F0DAFDD3
:109BD000BDF80E10F082012900F2AE8201214FF48F
:109BE000897248460DF10E0302F0CCFDBDF80E104F
:109BF0003083012900F2A082012140F2131248466D
:109C00000DF10E0302F0BEFDBDF80E1070830129A8
:109C100000F2928201214FF48A7248460DF10E0340
:109C200002F0B0FDBDF80E10B083012900F284826D
:109C3000012140F2151248460DF10E0302F0A2FD7B
:109C4000BDF80E10F083012900F2768201214FF455
:109C50008B7248460DF10E0302F094FDBDF80E1014
:109C60003084012900F26882012140F2171248462F
:109C70000DF10E0302F086FDBDF80E10708401296F
:109C800000F25A8201214FF48C7248460DF10E0306
:109C900002F078FDBDF80E10B084012900F24C826C
:109CA000012140F2191248460DF10E0302F06AFD3F
:109CB000BDF80E10F084012900F23E8201214FF41C
:109CC0008D7248460DF10E0302F05CFDBDF80E10DA
:109CD0003085012900F23082012140F21B124846F2
:109CE0000DF10E0302F04EFDBDF80E107085012936
:109CF00000F2228201214FF48E7248460DF10E03CC
:109D000002F040FDBDF80E10B085012900F214826A
:109D1000012140F21D1248460DF10E0302F032FD02
:109D2000BDF80E10F085012900F2068201214FF4E2
:109D30008F7248460DF10E0302F024FDBDF80E109F
:109D40003086012900F2F881012140F21F124846B5
:109D50000DF10E0302F016FDBDF80E1070860129FC
:109D600000F2EA8101214FF4907248460DF10E0392
:109D700002F008FDBDF80E10B086012900F2DC816A
:109D8000012140F2211248460DF10E0302F0FAFCC7
:109D9000BDF80E10F086012900F2CE81012140F2BB
:109DA0000F1248460DF10E0302F0ECFCBDF80E1048
:109DB0003087012900F2C08101214FF488724846A2
:109DC0000DF10E0302F0DEFCBDF80E1070870129C4
:109DD00000F2B281012140F2111248460DF10E034A
:109DE00002F0D0FCBDF80E10B087012900F2A4816A
:109DF000012140F2231248460DF10E0302F0C2FC8D
:109E0000BDF80E10F087012900F2968101214FF470
:109E1000927248460DF10E0302F0B4FCBDF80E102C
:109E2000A6F84000012900F28781012140F22512A5
:109E300048460DF10E0302F0A5FCBDF80E10A6F881
:109E40004200012900F2788101214FF491724846C5
:109E50000DF10E0302F096FCBDF80E10A6F84400BA
:109E6000012900F2698101214FF4937248460DF1F6
:109E70000E0302F087FCBDF80E10A6F8460001297B
:109E800000F25A81012140F22B1248460DF10E03D7
:109E900002F078FCBDF80E10A6F84800012900F287
:109EA0004B8101214FF4987248460DF10E0302F0E8
:109EB00069FCBDF80E10A6F84A00012900F23C81A9
:109EC000214632463846FFF735FB0146002840F070
:109ED00033814FF00108334603224846CDF8008015
:109EE00002F0F2FC0146002840F02681202248467C
:109EF000CDF80080B31C02F0E7FC0146002840F0DA
:109F00001B8123224846CDF80080331D02F0DCFC83
:109F10000146002840F0108173224846CDF80080A9
:109F2000B31D02F0D1FC0146002840F005817522E6
:109F30004846CDF8008006F1080302F0C5FC014652
:109F4000002840F0F98005F50054B4F80A33A02247
:109F5000ADF81030B4F812334846ADF81230022391
:109F6000009304AB02F0B0FC0146002840F0E4800E
:109F7000B4F81033D4F80C23ADF81830B4F8143317
:109F80000592ADF81A30B4F816334FF48372ADF879
:109F90001C3005234846009305AB02F095FC0146B2
:109FA000002840F0C980B4F83C33D4F83823ADF829
:109FB0002430B4F818330892ADF82630B4F81A33C8
:109FC00040F20F12ADF82830B4F81C334846ADF813
:109FD0002A30B4F81E33ADF82C30B4F82033ADF885
:109FE0002E30B4F82233ADF83030B4F82433ADF865
:109FF0003230B4F82633ADF83430B4F82833ADF845
:10A000003630B4F82A33ADF83830B4F82C33ADF824
:10A010003A30B4F82E33ADF83C30B4F83033ADF804
:10A020003E30B4F83233ADF84030B4F83433ADF8E4
:10A030004230B4F83633ADF84430B4F84433ADF8B8
:10A040004630B4F83E33ADF84830B4F84033ADF89C
:10A050004A30B4F84233ADF84C30B4F84633ADF87A
:10A060004E301823009308AB02F02EFC0146002866
:10A0700062D140F22B124846CDF8008006F1480329
:10A0800002F022FC0146002856D14FF4987248464F
:10A09000CDF8008006F14A0302F016FC01460028C4
:10A0A0004AD1B088FEF7E8FEF9F7BEF840F2011396
:10A0B00094F80A630322C6F34001C5F89001A5F89D
:10A0C000D43185F8D68105F2D71004F0C9F9C6F36A
:10A0D000800385F8DA3185F8DB3185F8DC31C6F3A9
:10A0E000C00385F8DD3185F8DE3185F8DF31C6F350
:10A0F000001385F8E03185F8E13185F8E231B4F8F4
:10A100000C33C6F34016C3F30C03414685F8E361F4
:10A1100085F8E46185F8E5613846C4F8C432FEF795
:10A1200079FF014640B93846FFF74EF8014618B9A5
:10A13000A5F8CC0185F8CE01084614B0BDE8F0873B
:10A140006421F9E7F0B505461646084687B0002DAC
:10A150003FD040F20123ADF81430032304AA0DF1DF
:10A160000E018DF8163000F004FABDF80E40BDF86F
:10A170001030A34202D2002007B0F0BD04F1180352
:10A180006B4413F8047C284600F068F84FF498728A
:10A1900039460DF1120302F0F5FAADF80C00BDF8E6
:10A1A00012000128E8D89DF80C30284666F3000319
:10A1B0008DF80C3000F052F801234FF498720093A0
:10A1C000394603AB02F080FB0028D5D10134A4B29C
:10A1D000CDE76420D0E700002DE9F04198460E4617
:10A1E00017460546069B48B341B33AB3B8F1000F92
:10A1F00024D01BB3124CFF2104F500520460C2F8B6
:10A20000F03204F10C004FF4C07204F029F90D4B48
:10A210003A46A4F88C3184F88E312868434600F51C
:10A2200011503146183002F095FA28B90322002364
:10A2300004F50C5444E90223BDE8F0816420FBE7F7
:10A24000982500200101010028B1006800F5115097
:10A25000183002F0A3BB64207047704700F500502F
:10A26000D0F85804704708B5034608465BB103F5BB
:10A270000053D3F8F03233B19847002840F22F1042
:10A2800008BF002008BD6420FCE740B139B100F5EB
:10A290000C5050E902230020C1E9002370476420DC
:10A2A0007047A0B1B0F86E3073B9B0F870205AB9E9
:10A2B000B0F8723043B9B0F874203AB9B0F876000B
:10A2C000B0FA80F040097047002070471846704788
:10A2D0001FB5002859D090F87230C3F38403032BC4
:10A2E0008ABF04210021B0F8523001F1100284BF6E
:10A2F000ADF80030B0F86C306A4488BFADF8023079
:10A30000B0F86E3002F8103C01F110026A441B0AEA
:10A3100002F80F3CB0F8703001F110026A4402F804
:10A320000E3C01F110026A441B0A02F80D3CB0F821
:10A33000723001F110026A4402F80C3C01F1100283
:10A340006A441B0A02F80B3CB0F8743001F11002A9
:10A350006A4402F80A3C01F110026A441B0A02F83E
:10A36000093CB0F8763001F110026A4402F8083C6A
:10A3700001F110026A441B0A68460A3102F8073CE0
:10A3800002F01AFBB0FA80F0400905B05DF804FB5A
:10A390002DE9F04F85B0129EDDE90EECDDE9107875
:10A3A000002800F0818000297ED0BEF1000F7BD014
:10A3B000BCF1000F78D0002F76D0B8F1000F73D029
:10A3C000002E71D0052A6BD990F8705090F8734028
:10A3D00005F00309240944EA0914ADF8044090F893
:10A3E0007140AD08ADF8065004F03F05ADF80850D7
:10A3F00090F86E50A40905F00F0544EA8504ADF805
:10A400000A40B0F86E400DF10409C4F30514ADF82C
:10A410000C4090F86F404D1EA408ADF80E4001F1BD
:10A42000050A39F802BB5FFA8BF4BBF1190F94BF30
:10A4300041341634E4B205F8014F5545F1D10624F4
:10A440000025944228DBB0F87220C2F3C4121A80AF
:10A4500090F87230C3F38403A8F8003090F8743099
:10A4600003F07F03AEF8003090F8753003F07F03FF
:10A47000ACF8003090F877303B8090F8763003F0FD
:10A480000103337073B1FFF723FF00280CBF9A203C
:10A49000002005B0BDE8F08F0D55013424B2D0E79F
:10A4A0007320F6E79C20F4E76420F2E7F0B50F464E
:10A4B000154606468DB0002843D0002941D0234BD5
:10A4C0000AA918689A889B790A908DF82E30002383
:10A4D000ADF81E30ADF82030ADF822300DF11D037F
:10A4E00004930DF12603039309AB02930DF12203AC
:10A4F000019308ABADF82C20009307220DF11E0349
:10A500003046FFF745FFBDF8223004460293BDF800
:10A51000203029460193BDF81E30384600930C4A7E
:10A520000AABFBF713F985420DD91CB13046FFF792
:10A53000B8FE18B10C2D8CBF0024732420460DB03A
:10A54000F0BD6424FAE77324F8E700BFA0EE001022
:10A550005FEE001001207047012806D0022806D0C7
:10A5600003280CBF02200320704700207047012001
:10A570007047022809D003280AD0013818BF0120EB
:10A58000002340000B801080704701231846F9E734
:10A590000223FBE7F7B50446084674B301A90DF1A1
:10A5A0000602FFF7E6FF42F2BC26002142F2EC274A
:10A5B0004FF0000CBDF80430BDF806509D4208D2A3
:10A5C000002004F50054D4F8C432C4F8C03203B0FB
:10A5D000F0BD04EB830202F50052E0180133C2F82B
:10A5E000A412C2F8B0129BB28155C155C2F8C8126C
:10A5F000C2F8D412C2F8E0C2E0E76420E7E7000046
:10A6000070B50E46044600286AD04FF01063C0F8BB
:10A610005C3340F609130025A0F860334FF48063E3
:10A6200000F50052C0F85853C0E9D455C2F8C432FE
:10A6300000238360C0F89031C0F89431C0F898319D
:10A64000C0F89C31C0F8A031C0F8A431C0F8A831DE
:10A65000C0F8AC31C0F8B031C0F8B431C0F8B8318E
:10A66000C0F8BC31C0F8C031C0F8C431C0F8C8313E
:10A670001C4B2946C0F8CC311B4BC0F8D0314FF0F1
:10A680000133C0E97533C0E9773340F20113A0F814
:10A69000E431C2E9A95500F55970C2E9AB55C2E9E8
:10A6A000AD55A2F8BC5282F8BE524FF4C86203F016
:10A6B000D7FE4FF4C862294604F6A41003F0D0FE7A
:10A6C00029464FF4C86204F6E47003F0C9FE294637
:10A6D0002046FFF75FFF10B90EB984F8620370BD22
:10A6E0006420FCE7010101000000C0402DE9F04FAB
:10A6F00089B004460391002865D0012200F5005579
:10A700001146D5F858040DF11A0302F03BF8ADF8E4
:10A710001400BDF81A00012849D19DF815300090A9
:10A7200043F0800302468DF815300021D5F8580417
:10A7300005AB02F0C9F80228ADF81A0037D1642140
:10A740002046FFF790FD90BB40F201230DF11C085D
:10A75000ADF81C30A61E0323B146C34601278DF871
:10A760001E3004F1040A009700221BF8011BD5F8E3
:10A77000580406AB02F040F8C8B99DF8183029F823
:10A78000023FD145EFD10146D5F8580401F0B6FF9C
:10A7900068B9002318F8011B1A46D5F8580401F0CF
:10A7A000F1FF36F8023FC0B2984203D06B2009B0E7
:10A7B000BDE8F08F5645ECD12046039909B0BDE8BD
:10A7C000F04FFFF71DBF6420F1E77FB50E46154639
:10A7D0001C4608B302B3FFF741FD0223A3220093F6
:10A7E000314603AB02F008F8A0B9BDF80E302B805B
:10A7F00014B1BDF80C3023809DF80D3013F0300FEC
:10A800000CD140F6FF72BDF80C30C3F30B0393423A
:10A8100008BFD52004B070BD6420FBE70320F9E732
:10A8200073B50E4615461C4658B152B1A400FFF749
:10A8300015FD2B46A5223146009401F0DDFF02B044
:10A8400070BD6420FBE70288034642B9408840B9E6
:10A850009A883AB9D888B0FA80F040097047002049
:10A8600070471046704743783F2B9DBF90F9030017
:10A87000C043C00F0020704743783F2B9ABF90F928
:10A880000300C00F00207047437803F0C003402B43
:10A8900003BF90F90300C043C00F00207047437806
:10A8A00003F0C003402B07D1C07800F0C000A0F136
:10A8B000800358425841704700207047437803F0A6
:10A8C000C003402B07D1C07800F0C000A0F1C00346
:10A8D0005842584170470020704700002DE9F84F5A
:10A8E0000D464FF000080023CE78DFF86090044654
:10A8F0004246B1F800A091F800B0036106F01F01D4
:10A900004B46A87802F068F86979074642464B46FC
:10A91000287901F01F0102F05FF86A79EB88CAF329
:10A92000041ACBF3020B520943EA024384F800B045
:10A93000C6F3401284F801A0C6F38016A060A2708E
:10A940002046E6706760E360BDE8F88F00002040B5
:10A95000F0B591F803C091F800E08F784E790D7949
:10A96000CC798A794978CEF3050ECCF3050CC7F380
:10A970000507C6F30506C5F30505C4F30504C2F3D0
:10A980000502C1F30501017080F801E080F802C002
:10A99000C770067145718471C271F0BD002230B577
:10A9A000C0E902228D88CC8802614A88098842F376
:10A9B000090241F30901018042808580C48030BDD5
:10A9C000C2798379002002F0010143EA0123C2F336
:10A9D000400143EA4123C2F3800143EA8123C2F3E9
:10A9E000C00143EAC123C2F3001243EA0232DBB2E0
:10A9F00063F30700120A82B062F30F2002B07047BF
:10AA0000002210B54C79C0F8062042818A88C98896
:10AA10006409C2F30B0241EA04410160828010BD67
:10AA200073B50E4615461C46FFF717FC00F50C5093
:10AA300050E90223B24273F100030CDB01232946E3
:10AA400068466370FFF784FF00980199231D03C3D4
:10AA5000002002B070BD6620FBE72DE9F04186B012
:10AA6000804668461C46032306460F46637011461F
:10AA7000251DFFF793FF0FCE0FC53368B4F904000F
:10AA80002B6001F079FCF8F7CFFBE0604046FFF760
:10AA9000E4FB05463846FFF75FFD05EBC0150C35B6
:10AAA0002946608900F0CCFF29466061208900F0CA
:10AAB000E3FF2061002006B0BDE8F081F8B51E4636
:10AAC0000D461746FFF7C9FB04463046FFF744FD25
:10AAD00004EB800101F50051D1F8B0320133C1F827
:10AAE000B032D1F8A432632B1ED84FF0640C0CFBAB
:10AAF00000302A6904EB0010C0F8642380F8716309
:10AB00002A78013380F872236C7880F873436C687C
:10AB1000C0F86843AC68C0F86C43BA5C80F8702336
:10AB20000020C1F8A432F8BD0420FCE72DE9F04F65
:10AB30004B788DB0082B8946059003D1AE200DB01F
:10AB4000BDE8F08FFFF789FB99F800308046184682
:10AB50000393FFF701FD08EB000393F8D721834629
:10AB6000069293F8DD2193F8E0310792049399F867
:10AB70000130082BE2D00598FFF76FFB054699F8E6
:10AB80000000FFF7E9FC2B1893F8D41193F8D77164
:10AB900093F8DA4193F8DD2193F8E0C193F8E331BB
:10ABA0000646019399F8013011B9002B00F03C8260
:10ABB00017B9012B00F0388214B9022B00F034824F
:10ABC00012B9032B00F03082BCF1000F02D1042B2C
:10ABD00000F02A82019810B9052B00F0258205EBC0
:10ABE000060E9EF85F03092B02904AD0092843D134
:10ABF000062B46D806200290002900F0A48087F09A
:10AC0000010E8DF828E08DF829704FF0000E002F0E
:10AC100053D1002C40F08F80002A00F09080204615
:10AC20009246A6468DF82CE04FF0010E8DF82A00D2
:10AC300001988DF82EE08DF82D0003F130008DF88D
:10AC40002BA00DEB000E1EF808EC8DF820E04FF065
:10AC5000000E8DF821E0002C40F04A814FF0000EEC
:10AC60008DF822E0002A40F08E818DF82320BCF17F
:10AC7000000F00F0928016E1062B02D802980628F9
:10AC8000BAD90922AB1983F85F230022012783F880
:10AC9000502383F8532383F8562383F8592383F8EA
:10ACA0005C2399F80130042B00F2D581DFE813F022
:10ACB000C201F20104021602280203F13000ADF8CD
:10ACC0002AE0ADF82CE08DF82EE00DEB000E1EF81A
:10ACD00008EC8DF820E081F0010E8DF828108DF839
:10ACE00029E08DF82A40002C40F0AE804FF0010E94
:10ACF000002A3BD001988DF82BE08DF82D0003F150
:10AD000030008DF82C408DF82EE00DEB000A1AF87B
:10AD100008AC8DF822408DF821A0BCF1000F40F066
:10AD20005F81002900F05481ADF828E04FF0000E5B
:10AD30004FF0010C36E12046BA46BE4672E7104697
:10AD40009246E6466EE78DF82010002FC3D18DF8AD
:10AD50002170002C82D0002A40F00381BCF1000F4A
:10AD600040F0EA80BC464FF0000EC9E08DF82B2081
:10AD7000BCF1000F40F0868001988DF82C208DF8F2
:10AD80002D0003F130008DF82EE00DEB000C1CF8C7
:10AD900008CCADF822208DF821C04FF0000C0198AE
:10ADA0008DF824C0002800F0398100290CBFBA4674
:10ADB0004FF0000A002C40F02D81B2FA82FC96463A
:10ADC0004FEA5C1C8DF82CC04FF0010C03F13000F1
:10ADD0008DF82DC08DF82EC08DF828108DF829A083
:10ADE0008DF82A408DF82BE00DEB000C1CF808ECD8
:10ADF000002918BF0027002C40F01381B2FA82FC12
:10AE00004FEA5C1C8DF82B20019A30338DF82D20F1
:10AE100001228DF828108DF829708DF82A408DF8C0
:10AE20002CC08DF82E206B4413F8083C8DF825E0DB
:10AE30008DF82630029B30336B4413F8103C002B06
:10AE40003FF41FAF00272CE74FF0000E8DF82BE0EA
:10AE50008DF82CE04FF0010E01988DF82EE08DF862
:10AE60002D0003F130000DEB000E1EF808EC8DF8FC
:10AE700021E0002A75D1BCF1000F5DD100293FF41B
:10AE800071AF39E001988DF82CE08DF82D0003F1B9
:10AE900030008DF82EE00DEB000C1CF808CCADF85E
:10AEA00022208DF821C000290CBFBA464FF0000ABD
:10AEB000002C40F0AB80B2FA82FC96464FEA5C1C54
:10AEC0008DF82CC04FF0010C01988DF82EC08DF834
:10AED0002D0003F130008DF828108DF829A08DF891
:10AEE0002A408DF82BE00DEB000C1CF808CC56E73F
:10AEF000BABBBCF1000F1FD14FF0010E4FF0000C98
:10AF00008DF828E08DF829C04FF0010E4FF0000CAD
:10AF10000198ADF82AE08DF82D0003F130008DF88E
:10AF20002EE08DF82CC00DEB000E1EF808EC8DF80D
:10AF300022E08DF823C030E74FF0000C4FF0010EF7
:10AF400003F13000ADF82CE0CDF828C08DF82EC00C
:10AF50000DEB000E1EF808EC8DF822E08DF823C0F2
:10AF6000A1E74FF0807ECDF828E04FF0000E03F10E
:10AF70003000ADF82CE08DF82EE00DEB000E1EF841
:10AF800008EC8DF822E0BCF1000F29D101B34FF09D
:10AF9000010CADF828C0002C3FF4C8AE4FF0010EF4
:10AFA0004FF0000C8DF82BC04FF0000C8DF82CC02A
:10AFB0004FF0010C01988DF82EC08DF82D0003F193
:10AFC00030008DF82AE00DEB000C1CF808CCB0E73F
:10AFD0004FF0000C8DF828C09FB98DF82970DAE782
:10AFE0004FF0000C4FF0010E03F13000CDF828C0F7
:10AFF0008DF82EC0ADF82CE00DEB000C1CF808CC41
:10B00000ACE74FF0010C8DF829C0C4E74FF0000EFB
:10B01000F44655E74FF0000EF446D3E6DDF804E0C1
:10B02000E6E600229446EDE609232E44D22086F877
:10B030005F3384E51824CC4604FB0654BCE80F00BB
:10B0400004F5F4740FC401229CE80300AB1984E8F2
:10B05000030083F8502399F80130354485F85F33B5
:10B06000002B5FD1069B002B74D1002F40F0AD80E8
:10B0700008EB0B0494F85033002B00F0828094F816
:10B08000533323B198F86253002D68D0002384F81D
:10B09000503376E01824CC4604FB0654BCE80F007D
:10B0A00004F50C740FC401229CE80300AB1984E87A
:10B0B000030083F85323CEE71824CC4604FB065440
:10B0C000BCE80F0004F51E740FC401229CE80300C5
:10B0D000AB1984E8030083F85623BCE71824CC4658
:10B0E00004FB0654BCE80F0004F530740FC40122C1
:10B0F0009CE80300AB1984E8030083F85923AAE70E
:10B100001824CC4604FB0654BCE80F0004F5427436
:10B110000FC401229CE80300AB1984E8030083F804
:10B120005C2398E7012BA0D0022B0BD1079B8BB996
:10B13000049B7BB9002F48D1002208EB0B0383F856
:10B1400050231EE0032BF3D0042BF3D0052BF1D0BA
:10B15000062BEFD0002F0CBF0020D120EFE41821E8
:10B1600001FB0BF101F50D7201F5F671039B0598DA
:10B1700042444144FFF7A2FC042804D0B8B984F843
:10B180005003002001E084F850530023D84488F88D
:10B19000533388F8563388F8593388F85C330923D9
:10B1A00088F85F33031F584258418000C7E40923E1
:10B1B00084F8505384F8535384F8565384F8595301
:10B1C00084F85C5384F85F33B9E4D120B7E4F8B570
:10B1D0000D46FFF742F804462846F8F745F804F50F
:10B1E00000540646B4F80C030F46C0F30C00F8F701
:10B1F0003BF802460B4630463946F7F7C7FFF8F7EB
:10B2000013F8F8BD2DE9F0410C4616461D46FFF730
:10B2100024F880462046FFF79FF908EB800404F5E8
:10B22000005408F5005C3268D4F8C812BCF80C73FE
:10B23000511AC7F30C07C1F31200C7F5002383426C
:10B2400014DA98F86213D4F8D432C4F8C82241B999
:10B25000834206DCC1188B4206D94FF0FF31D4205F
:10B260000EE0A0F50020C118002009E0B0F5003F75
:10B2700013D8D4F8D432C4F8C82219180028EAD157
:10B28000C4F8D412BCF80C233160C2F30C020AB12A
:10B29000B1FBF7F22A60BDE8F081D320FBE72DE98E
:10B2A000F04788B08A461D4614468146FEF7D5FF12
:10B2B00080465046FFF750F908EB000393F8CC3175
:10B2C000074603BB21466C4668466B702E1DFFF790
:10B2D00005FB0FCC0FC6236851463360484607ABC9
:10B2E00005F11002FFF78EFF044640B94846296970
:10B2F000FFF76DFF07F6B807686148F8270020469A
:10B3000008B0BDE8F0876824F9E72DE9F7431C464B
:10B31000042363700E4691460746FEF79EFF804663
:10B320003046FFF719F999F80520B9F806305209A7
:10B3300043EA0243636000233146A360054601AB44
:10B340003846221DFFF75EFF064640B93846616861
:10B35000FFF73DFF05F6B805A06048F82500304628
:10B3600003B0BDE8F0832DE9F04387B00E46914667
:10B370001C460746FEF771FF80463046FFF7ECF8A3
:10B3800006230546684649466370FFF739FB07C840
:10B3900004F1040C8CE8070005AB314662463846E0
:10B3A000FFF730FF064640B938466168FFF70FFFE8
:10B3B00005F6B805E06048F82500304607B0BDE85E
:10B3C000F0832DE9F0410E4614461D46074600283D
:10B3D00070D0FEF742FF00F50C5050E90223B24254
:10B3E00073F1000368DB002E66D020462E70FFF755
:10B3F0002AFA10B108236B7029E02046FFF733FAD0
:10B4000038B12B46224631463846BDE8F041FFF7B9
:10B4100046BF2046FFF730FA38B12B462246314668
:10B420003846BDE8F041FFF7FBBA2046FFF72CFA9B
:10B4300080B102236B7063882288A088E188C3F3FF
:10B440000E03C2F30D02AA80EB80288169810020DF
:10B45000BDE8F0812046FFF722FA38B12B4622469C
:10B4600031463846BDE8F041FFF7F7BA2046FFF70E
:10B4700025FA38B12B46224631463846BDE8F04120
:10B48000FFF743BF637803F0C003802B06D1052389
:10B4900020466B70FFF794FAA880D8E7C02B07D13D
:10B4A0002B46224631463846BDE8F041FFF75BBFE8
:10B4B0000923A0E76420CBE76620C9E72DE9F04F18
:10B4C0000E46934699468046ADF6440D002860D05E
:10B4D000002A5ED0002B5CD0FEF7BFFE00F50C50BA
:10B4E00050E90223B24273F1000354DB002E52D024
:10B4F0006A463146404601ABFFF767F9044608B19A
:10B50000032832D1BDF80070C7F30807B7F5827F72
:10B5100043D83B463146404608AAFFF781F9054625
:10B5200000283DD1B9F800A0BA4528BFBA46A9F80D
:10B5300000A01FFA85F9CA454FEAC50208D808AB32
:10B540009D184F4516D884B9574588BFD0240CE0C4
:10B55000182308A903FB05B30A4440463146FFF708
:10B5600030FF013504460028E3D020460DF6440D97
:10B57000BDE8F08F2A463146404602ABFFF721FF77
:10B58000083504460028F0D109F101091FFA89F9AC
:10B59000D7E76424E9E76624E7E740F29314E4E799
:10B5A0006924E2E7F0B585B00C46DDE90A75064688
:10B5B00000283DD0002D3BD000213980298072B376
:10B5C00003B3FEF74BFE022370220093214603AB28
:10B5D00001F012F908BBBDF80C303B80BDF80E300D
:10B5E0002B802B785B060BD53046FEF736FE0546E2
:10B5F0002046FEF7B1FF42F2EC2301220544EA5453
:10B6000000200AE0FEF72AFE0123702200933B4649
:10B61000214601F0F1F80028E3D005B0F0BD002B81
:10B62000DFD0FEF71BFE0123712200932B46EFE7CC
:10B630006420F2E700F47B6200F0B000C30614D48B
:10B64000830614D4130614D4130AD20513D49A070C
:10B6500017D45A0711D41A0711D40B0611D411F4B8
:10B66000807F14BF782000207047A5207047A62057
:10B670007047A8207047A9207047AB207047AC20C6
:10B680007047AA2070477FB50D461646044658B34A
:10B690000DF10B0200F00CFA20BB9DF80B30072BCC
:10B6A00024D02046FEF7DAFD4FF4987229460DF1BA
:10B6B0000E0301F067F8ADF80C00BDF80E0001288C
:10B6C00010D89DF80C30204666F341038DF80C30FD
:10B6D000FEF7C4FD01234FF498720093294603AB93
:10B6E00001F0F2F804B070BD6420FBE77420F9E7C4
:10B6F00030B50D46144685B090B18AB1FEF7AEFD67
:10B7000001234FF498720093294603AB01F074F8BB
:10B7100020B99DF80C30C3F34003237005B030BD51
:10B720006420FBE7F0B589B001AA064614460D4B2C
:10B7300003F11807154618685968083303C5BB425A
:10B740002A46F7D11B880D202B80234633F8022B85
:10B75000B24205D0013880B20028F7D109B0F0BD5F
:10B760000120FBE7A8EE0010F7B50D46044678B3BC
:10B7700081B3072200F06DFA064610B9002003B02D
:10B78000F0BDFFF7CFFF08B30123294620460DF196
:10B7900007028DF80730FFF7ABFF0028EFD19DF8C7
:10B7A000077029467A1E18BF01222046FFF76BFF5B
:10B7B0000028E4D107222946204600F04AFA002852
:10B7C000DCD03A4629462046FFF75DFF3046D6E7F3
:10B7D0006420D4E76620D2E708B512221021B0F920
:10B7E0001E0001F0E7F90022034BF7F7ABFC002243
:10B7F000024BF7F7A7FC08BD000010C00000603F37
:10B8000008B513221021B0F9200001F0D3F900226D
:10B81000034BF7F797FC0022024BF7F793FC08BDA8
:10B82000000030400000D03E2DE9F84F16461F467C
:10B830008246002870D00A9B002B6DD0FEF78AFE4E
:10B84000002857D0072208219AF96D0001F0B2F9BB
:10B8500033A3D3E90023F7F775FC0022364BF7F743
:10B8600049FC31A3D3E90023F7F76CFC04465046AA
:10B870000D46FFF7B1FF804650468946FFF7C0FFEF
:10B88000002282468B46304639462C4BF7F746FC61
:10B8900000222B4BF7F756FC00222A4BF7F752FCFD
:10B8A00006460F4602460B4640464946F7F74AFC15
:10B8B0000022214BF7F71EFC3246804689463B4664
:10B8C00050465946F7F73EFC32463B46F7F73AFCFE
:10B8D00002460B4640464946F7F70CFC0B4602462B
:10B8E00029462046F7F752FC0A9BC3E900010020D5
:10B8F000BDE8F88FBAF82E00C0F3090373B10B222C
:10B9000018460A2101F02AF902460B4608A1D1E99E
:10B910000001F7F73BFCA9E76420E9E78A20E7E7A5
:10B920009A9999999999C93FF168E388B5F8743F54
:10B93000FA7E6ABC7493583F0000F03F0000394023
:10B94000000010C00000603F2DE9F84F14461D466E
:10B950008046002860D00A9B002B5DD0072208217A
:10B9600090F96C0001F026F92DA3D3E90023F7F735
:10B97000E9FB00222E4BF7F7BDFB2BA3D3E90023F5
:10B98000F7F7E0FB122282468B46B8F91E00102121
:10B9900001F010F9132206460F46B8F920001021D5
:10B9A00001F008F900228046894620462946214BAD
:10B9B000F7F7B4FB0022204BF7F7C4FB00221F4B24
:10B9C000F7F7C0FB04460D4602460B4630463946A3
:10B9D000F7F7B8FB0022164BF7F78CFB224606461A
:10B9E0000F462B4640464946F7F7ACFB22462B460E
:10B9F000F7F7A8FB02460B4630463946F7F77AFBC5
:10BA00000B46024659465046F7F7C0FB0A9BC3E96E
:10BA100000010020BDE8F88F6420FBE7AFF3008051
:10BA20009A9999999999C93F8DEDB5A0F7C6503F5C
:10BA30000000F03F00003940000010C00000603FEF
:10BA40001FB502AB0446009300220846094BFFF7DE
:10BA50007BFF18B102F030FD04B010BD102220466B
:10BA6000114601F07BF8DDE90223F7F76BFBF7F7EE
:10BA7000DBFBF1E7000049401FB502AB0446009331
:10BA800000220846094BFFF7CFFE18B102F014FD63
:10BA900004B010BD11222046102101F05FF8DDE94D
:10BAA0000223F7F74FFBF7F7BFFBF1E70000494030
:10BAB0002DE9F0470E461446074686B0002863D0AD
:10BAC000002A61D040F20123ADF8103003234FF07B
:10BAD000010930460DF10E0203A98DF81230FEF770
:10BAE00048FD2C4BBDF80C50ADF814308DF81630D5
:10BAF000BDF80EC0AC4518D2BDF80C2056B90123D4
:10BB0000511C02F1180089B20DEB00058C452DD2B5
:10BB1000002B3DD0002002F118030DEB030212F8B8
:10BB2000043C237006B0BDE8F08705F118030DEB67
:10BB3000030818F808AC3846FEF790FB90225146EF
:10BB4000CDF8009002AB00F057FE0028EAD19DF836
:10BB50000830C3F30212012A08F8042C03D902F0BA
:10BB60000303032B12D10135ADB2C1E74BB101F193
:10BB70001800684415F8043C10F8040C181A4342E5
:10BB80004341013189B2C1E76420CBE77420C9E7A2
:10BB90007220C7E7080808002DE9F3410E46154654
:10BBA0000746A8B3A2B3FEF759FB902231460DF128
:10BBB000060300F0E7FD0446BDF8060001281BD887
:10BBC0003846FEF74BFB042231460DF1060300F028
:10BBD000D9FD0246BDF80600C4F3021801280BD8AF
:10BBE00004F007034345C4F3020102D15440620745
:10BBF00005D0082374202B7002B0BDE8F081012B22
:10BC000003D903F00303032BF3D100202970F3E7DA
:10BC10006420F1E71FB50C46B8B1072A17D88B236B
:10BC2000D340DB0713D50023ADF80C3062F30203D9
:10BC30008DF80C30FEF712FB0123042200932146FD
:10BC400003AB00F041FE04B010BD6420FBE774209C
:10BC5000F9E72DE9F04F0F4615460646C9B0002812
:10BC600000F0A780072A00F2A6808B23D340DB07D1
:10BC700040F1A18040F20123ADF81C300323384687
:10BC800006AA0DF116018DF81E30FEF772FC072D85
:10BC90000DF11C090CD100243046FEF7DEFA2044D9
:10BCA00090F8CC31002B40F088800134032CF3D184
:10BCB0002A4639463046FFF7ADFF0446002874D1C6
:10BCC0000A213046FEF7CFFA044600286DD13946E6
:10BCD00030460DF10F02FFF7EBFE9DF80F300446E2
:10BCE000AB4221D1002860D0072D5ED100230893FC
:10BCF000ADF824300A2330460AA9ADF81A30FEF711
:10BD0000C4FABDF816700DF12008BDF81820BA422B
:10BD100010D2BDF816309A4208D338F81350002DCF
:10BD200042D101339BB2F6E7072DDFD0002C08BFCC
:10BD300071243AE0F02200210CA819F807B002F0B3
:10BD40008FFB0A23ADF81A3004AB009301230DF1E9
:10BD5000140A1A4659463046CDF804A0FFF722FCD3
:10BD6000054608BB594630460DF11A030CAAFFF7E9
:10BD7000A5FB4FF0180BBDF81A20ABB29A420AD8B7
:10BD8000BAF80010BDF81000FFF754FC28F81700AF
:10BD90000137BFB2B9E7A9B20CAB30460BFB01319A
:10BDA000FEF7C4FE0135E6E72C46204649B0BDE863
:10BDB000F08F6424F9E77424F7E79D24F5E7F7B5DD
:10BDC000089F48B141B13AB133B12FB1009701F0AA
:10BDD000CBFE002003B0F0BD6420FBE710B50C469D
:10BDE00028B1FEF73AFAC0F8D041002010BD642017
:10BDF000FCE70000000000002DE9F04393B0FEF7DF
:10BE00002CFA00F500530546B3F80403FDF734F8A7
:10BE10000022334B06460F46F7F780FA10B12CA7E5
:10BE2000D7E900672AA1D1E9000132463B46F7F77E
:10BE3000ADF9F7F72BFAF7F705FA02460B460020A3
:10BE40002849F7F7A3F96F4601244FF00008CDE920
:10BE50000201DFF8949002AE4B46D6E9000142465B
:10BE6000F7F770F9032C2346A8BF03230134082CED
:10BE7000E6E9020107F8013FEED10FF25C09D9E9CA
:10BE80000089072412AFD5F8D00102F0C9FA424662
:10BE90004B46F7F757F902F0D7FA4246064677E9DC
:10BEA00002014B46F7F74EF902F0CEFA86420ADC61
:10BEB00004F148036B4413F8483C204685F8CF3121
:10BEC00013B0BDE8F083013CDDD12346F5E700BFA8
:10BED00000000000D0127341000000000088C34041
:10BEE0000000F03F000018400000E03F70B50C4635
:10BEF00006461146CEB0C2B94FF49C72684602F0B5
:10BF0000AFFA684601F0BCFDBDF8B8506A460121A1
:10BF1000304600F06AFB30B99DF855309B0818BFD9
:10BF2000BDF8565025804EB070BDB2F8B850EDE760
:10BF30002DE9F8431546044600287DD0002A7BD021
:10BF4000B0F8600000F01F0041B9F7F78DF9C5E9BE
:10BF500000012046BDE8F84300F0A0BB02284DD008
:10BF600004D8012831D040F22D1066E003380128B2
:10BF7000F9D8082963D80139C1F34603313334F8BD
:10BF80001300CB0754BFC0B2000A5FFA81F8F7F77D
:10BF900059F9DFF8B090064609EBC80358680F4618
:10BFA00002F03EFA02460B4630463946F7F7B6F83D
:10BFB000064659F838000F4602F032FA02460B46A0
:10BFC00030463946F7F7E2F8C1E702290AD00329DB
:10BFD0000DD0012933D10B221021B4F8620000F0FA
:10BFE000BDFDB4E70E221021B4F86400F7E7132278
:10BFF000B4F96600102100F0DDFDA8E7013903293E
:10C000001DD8DFE801F00204060B0D22E4E70F2241
:10C01000E9E70F221021B4F86600E0E70C22B4F83B
:10C020006800102100F09AFD024601F10043002053
:10C030000549F6F7D3FE8AE76420BDE8F8834FF49C
:10C040009770FAE7C4EE0010000024402DE9F04795
:10C05000E2B0804614461D460E469DF8A8A1002970
:10C0600000F0EB80002A00F0E8807549304602F0CD
:10C07000AFF874498146304602F0AAF80746B9F194
:10C08000000F00D028B965B1BAF12F0F09D873207D
:10C0900004E015B1BAF12F0FF9D9002062B0BDE864
:10C0A000F0872246404602A9FFF720FF0028F5D17D
:10C0B000BDF80800A4F8B8001DB1F7F7D5F8C5E938
:10C0C0000001B9F1000F01D0002FE6D1404642AB8C
:10C0D00022AA02A900F0B8F90028DFD1002200232B
:10C0E0009DF85D600146CDE9002302A86A46B608C6
:10C0F000FFF71EFF0028D1D17FB9032E0AD1DDE959
:10C1000000010022504BF7F709F918B9B4F8B8301C
:10C11000032B5ED84FF4D170C0E7022E56D1DDE973
:10C120000001F7F7C5F886B2022EB6D16A460121A2
:10C1300002A8FFF7FDFE0028B0D1DDE90001F7F706
:10C1400073F86A46C4F8BC00314602A8FFF7F0FE57
:10C150000028A3D1DDE90001F7F766F86A46C4F8C4
:10C16000C000032102A8FFF7E3FE002896D1DDE915
:10C170000001F7F759F86A46C4F8C400042102A880
:10C18000FFF7D6FE002889D1DDE90001F7F74CF86A
:10C190000646C4F8C800002D3FF47FAFD4F8BC00B9
:10C1A00002F03EF9C5E90201D4F8C00002F038F906
:10C1B000C5E90401D4F8C40002F032F9C5E906016A
:10C1C000304602F02DF9C5E9080166E7032E7FF439
:10C1D00064AFDDE90001F7F76BF880B202287FF663
:10C1E0005CAF0127002621E06A4639464846FFF742
:10C1F0009FFE00287FF452AFDDE900011DB105EB81
:10C20000C603C3E90A01F7F70FF806F1320A01364F
:10C21000F6B204EB8A0AB045CAF8040009F18009B5
:10C22000E2D10137FFB2092F3FF437AF06F103081F
:10C230000DF108095FFA88F8D6E764202EE700BF01
:10C240006EEE00101BEE00100000084082B02DE9D9
:10C25000F043D1B00E4658A9074681E80C000028EB
:10C2600000F08280002E7FD0FDF7F7FF044600F536
:10C270000F5080223146183001F06EFF3C493046A5
:10C2800001F0A6FF80463B49304601F0A1FFB8F11E
:10C29000000F65D0B0FA80F56D0902A801F0F0FB3F
:10C2A00094F8CC31002B61D194F8CD31002B5DD1C5
:10C2B00094F8CE81B8F1000F58D1D4F898313846AF
:10C2C0000493D4F8A4310593FDF7C7FFD0F89091FB
:10C2D00094F8CF0102F0F0F801464FF08040F7F7F4
:10C2E00043FD0146484602F0F3F80290002D39D094
:10C2F000589B04F500540393599B94F81423169308
:10C300009DF86C31C2F380028DF8AA309DF8783127
:10C310008DF834218DF8AD309DF86D3131468DF8B2
:10C32000AB309DF86E3138468DF8AC30BDF87031C9
:10C33000CDF80080ADF8B8305D9B02AA2F939DF830
:10C340007931ADF836314346FFF780FE044602A846
:10C3500001F034FE204651B0BDE8F04302B0704712
:10C3600001259AE76824F2E76424F3E77324F1E7F0
:10C370006EEE00101BEE001008B5F6F763FF00220A
:10C38000034BF6F7DFFE0022024BF6F7B3FE08BDC3
:10C390000000D0BF0000394070B50C461646054677
:10C3A00008B9642070BDFDF758FF00F50C5050E946
:10C3B0000223A24273F100031DDBE4B1002EF0D092
:10C3C0002846FDF74AFF05462046FEF7C5F82B181C
:10C3D00093F88C4134B180220021304602F040F8BD
:10C3E0008A20DFE705EBC011802230460C3101F0D6
:10C3F000FBFF2046D6E76620D4E7000030B50446B0
:10C40000A1B0E0B180220021684602F029F80023A3
:10C4100019460C4A12F8010B40B120AD481C05EB3F
:10C42000410134F8135021F8805C81B20133402B74
:10C43000F0D149000139684689B200F0BDFA21B057
:10C4400030BD00BF04EF00102DE9F04788461746C5
:10C450001E4605468CB0002800F0C580002900F07B
:10C46000C280002A00F0BF80002B00F0BC80FDF7E6
:10C47000F4FE90F88C310446DBB990F88D31C3B9E5
:10C4800090F88E31ABB900F10C018022404601F0EA
:10C49000ABFF802204F18C01384601F0A5FF802219
:10C4A000304604F5867101F09FFF00200CB0BDE816
:10C4B000F08740F2012303242846CDE90987ADF82F
:10C4C00010308DF812400B96FDF7C8FE002107468C
:10C4D0000DF10F022846FFF7EBFA0028E6D19DF890
:10C4E0000F6006F0FD06012E77D10DF110080096C1
:10C4F0005422384618F8011B07AB00F07DF90028DC
:10C50000D4D19DF81C30DB0769D5013CA4B2002CC6
:10C51000EDD14CF6CC43ADF81860ADF8163009AE4D
:10C520000323512200930021384605ABADF8144097
:10C5300000F0CAF90028B9D180464FF0040A0DF185
:10C540001009CDF800A05122384619F8011B07AB9D
:10C5500000F052F90028A9D19DF81C3003F03F03E8
:10C56000A3423CD19DF8203003F00303012B36D1C8
:10C570009DF8223003F00303012B30D156F8283008
:10C58000BDF81E2008F10108B8F1030F23F81420AC
:10C59000D7D10134402CC3D18046074656F8044B0E
:10C5A0002046FFF72BFF94F87B30834219D12846B1
:10C5B000FDF753FE00EBC810802221460C3001F03D
:10C5C00013FF2846FDF749FE404408F10108B8F181
:10C5D000030F80F88C71E1D167E78C2066E7852036
:10C5E00064E7992062E7642060E7F0B50D461746DE
:10C5F0000446E1B010B9642061B0F0BDFDF72DFE36
:10C6000000F50C5050E90223AA4273F100031DDB30
:10C61000E5B1002FEFD02046FDF71FFE0646284665
:10C62000FDF79AFF064496F88C313BB169462046E7
:10C6300040AB20AAFFF708FF0028DDD13A46294683
:10C64000204661B0BDE8F040FFF7A6BE6620D3E704
:10C65000F0B5034687B0F8B16A4600F15E0100F11B
:10C660006A0714460E46104631F8025F023404F899
:10C67000025CB9424FEA152504F8015CF4D152334B
:10C6800033F8021F023291729E424FEA1121D17299
:10C69000F6D1172100F090F907B0F0BD10B50446AF
:10C6A000FFF7D6FF94F85F30834214BF9F2000202D
:10C6B00010BDF0B54FF4347500244D43059E00EBDA
:10C6C0004200A5F53175B44200D1F0BD1719BFB2D3
:10C6D000B7F5B47FF9D233F814C059B9A0F80CC03B
:10C6E000A0F8DCC2A0F8ACC5A52F00F10200ECD088
:10C6F0000134E8E720F805C0F6E7000010B504466D
:10C7000020B3036813B3836803B34368F3B1A9B9D3
:10C710004FF434720E490C3001F066FE4FF434725F
:10C720000B4904F5377001F05FFE4FF4347208498D
:10C7300004F2AC5001F058FE002010BD4FF43472EA
:10C74000013902FB010002490C30F3E76420F4E7F1
:10C7500014F2001010B480B179B172B16BB1084C11
:10C760000460C4E901324FF4FE732160C4F87C38E0
:10C770000021006810BCFFF7C1BF642010BC7047E7
:10C78000E451002030B528B104681CB184680CB1B4
:10C79000446824B90BB164221A80002030BDB2F580
:10C7A000B47F03D3002BF8D06522F5E779B900EB0D
:10C7B00042018D89B1F8DC42AC4203D1B1F8AC152D
:10C7C000A14203D0002BE8D06622E5E70121094C05
:10C7D000A45C1CB123B101241C8001E0002BFBD11F
:10C7E0004FF4B473013903FB012200EB420080894E
:10C7F000D4E700BFACF000102DE9F04F85B00F4634
:10C8000015469A460446DDF838B0002855D003682E
:10C81000002B52D08368002B4FD04368002B4CD0A4
:10C8200000294CD0A52A04D902EB0B03B3F5B47F41
:10C8300047D2A846002607F003034FEA43395E4576
:10C8400009D3204653462A463946CDF800B0FFF7B3
:10C8500030FF00201EE041F6F07101EA08116FEA96
:10C860004141D4F87C28ABEB060390B26FEA51410A
:10C87000834228BF034641EA090138BF9BB22068C2
:10C88000D4F808C089B20AEB46020393E047039B41
:10C8900018B1692005B0BDE8F08FB8F1A50F434489
:10C8A00001D8A52B06DC1FFA83F8D4F87C38334472
:10C8B0009EB2C4E74FF0A508F7E76420EAE76620D8
:10C8C000E8E76520E6E700002DE9F04F85B08A46ED
:10C8D00014469B4605460E9E002857D00368002B41
:10C8E00054D08368002B51D04368002B4ED0A52A2A
:10C8F00003D99319B3F5B47F4AD2A1464FF000088B
:10C900000AF003035F03B0450DD35B462246009651
:10C9100051462846FFF7CDFE23461F4A2644B34220
:10C920002DD9002017E0D5F87C28A6EB080390B29B
:10C9300041F6F071834228BF0346D5E9000C01EAB5
:10C94000091138BF9BB239430BEB48020393E04710
:10C95000039B18B16A2005B0BDE8F08FB9F1A50FAF
:10C960004B4401D8A52B07DC1FFA83F9D5F87C3896
:10C9700043441FFA83F8C6E74FF0A509F6E7105DB8
:10C9800040B9A52CE7D001339BB2C8E76420E2E7A9
:10C990006520E0E70220DEE744EF001050B10368B5
:10C9A0001A683AB19A682AB15B68002B14BF00205C
:10C9B000642070476420704703460144002010B58E
:10C9C000044C8B4200D110BD13F8012B4240A05CF7
:10C9D000F7E700BFE4F400102DE9F84305460C46E4
:10C9E00039B303F1004300204FF08041F6F7F6F928
:10C9F000064660420F46F6F725FC02460B4600202D
:10CA00004FF08041F6F7EAF9804689462846F6F766
:10CA10002BFC32463B46F6F795FB0022064BF6F719
:10CA200069FB42464B46F6F78DFBF6F7FDFBBDE88A
:10CA3000F8830020FBE700BF0000F03F2DE9F8433A
:10CA40000646184690460F46F6F70EFC02460B4681
:10CA500000204FF08041F6F7C1F932463B46F6F729
:10CA600071FBF6F717F9044640460D46F6F7FCFB56
:10CA700002460B468046894600204FF08041F6F77B
:10CA8000ADF90022124BF6F749FB22462B46F6F78A
:10CA900045FC60B142464B4600204FF08041F6F71E
:10CAA0009DF900220A4BF6F739FB04460D46002299
:10CAB000002330463946F6F731FC08B10024002542
:10CAC00020462946F6F7F4FB80B2BDE8F88300BFA4
:10CAD0000000F03F2DE9F8438846002104469146C6
:10CAE0001D46089E01F0C8FC002835D14FF07E514C
:10CAF000204601F07DFC074670BB0021204601F076
:10CB00009BFC20B12F8037800020BDE8F8830127EF
:10CB1000308007FA09F74FF07E51204601F0ACFC57
:10CB200060B94FF07E51204601F0AAFC01F078FC7C
:10CB300043464246FFF782FF2880E5E7214620462C
:10CB400001F05EFC04463088013080B287423080BC
:10CB5000E1D8002333802B807320D6E7F8B5064652
:10CB600010460F46F6F780FB02460B4600204FF0BA
:10CB70008041F6F733F904464FF0FF300D46B840D8
:10CB800026EA0000F6F770FB22462B46F6F7FEFA7F
:10CB9000F8BD4FF0FF3301228B4020EA030310B5AC
:10CBA0004C1E18B202FA04F48442DEBF8A409B1A7B
:10CBB00018B210BD70B580B21446FFF7EAFF064602
:10CBC0002046F6F751FB02460B4600204FF080410D
:10CBD000F6F704F904460D463046F6F733FB2246D5
:10CBE0002B46F6F7D3FA70BDF0B500248DB00239AC
:10CBF0000494059406940794089409940A940B9459
:10CC000003293BD8DFE801F030024E44DFF8A0E012
:10CC1000DFF8A0C0284F294E294D2A4C2A490791F8
:10CC20002A49039608912A492A4E09912A49CDF8A2
:10CC300000E00A912949CDF804C0029704960595B1
:10CC400006940B910CA9013801EB001050F82C1C34
:10CC5000116050F8282C1A6050F8242C129B50F8C0
:10CC6000300C1A600DB0F0BDDFF874E0DFF874C06E
:10CC70001D4F1E4E1E4D1F4C1F49D0E7DFF87CE0B4
:10CC8000DFF87CC01F4F204E194D204C2049C6E7CD
:10CC9000204D214C21482249029000950120019409
:10CCA0000391CFE71F4D204C20482149F4E700BFF6
:10CCB000C520B03C083D1B3D9CC40840A1F8B13ED6
:10CCC0004ED1913C2F6EE33E4D846D3F1B2F5D3C5A
:10CCD00024B97C3D0AD7233C575B613FB22EEE3E20
:10CCE000B9FC873C8FC2F53CABCF0140FE439A3E76
:10CCF000CDCCCC3D33C4F13E986E823F211F743CB5
:10CD0000DDB5843C2E9034403BDF8F3ED122BB3ECC
:10CD10003D9B153F0586AC3C02840F3D984C01407D
:10CD20009E07573E0C94943C193C0C3DB30CE13FDC
:10CD3000143F663EF8B5044615461E4603292AD818
:10CD4000DFE801F00A021C2E0023A0F854301C4B2F
:10CD50001B688365E3651EE00123A0F8543010468C
:10CD600001F0B4F9164F30B9304601F0AFF910B107
:10CD7000A5653B68EEE7134BA365FAE70223A0F82D
:10CD80005430104601F0A2F930B9304601F09EF956
:10CD900010B9A565E665F8BD0B4BA3650B4BD9E74C
:10CDA0000223A0F85430104601F090F920B9304623
:10CDB00001F08CF90028ECD0054BA365054BC9E7C1
:10CDC000C42000209A99993ECDCCCC3D0AD7A33CF3
:10CDD000CDCCCC3C0AD7233C38B504460D4601F0F7
:10CDE00075F908B13C4B1CE0284601F06FF90028AA
:10CDF000F8D1284601F04AF9E8B124F000444FF098
:10CE00007E51204601F018FB60B94FF07E5120465C
:10CE100001F0FAFA002138B1284601F0F5FA40B1E4
:10CE20002E4B1C68204638BD284601F0EDFA00283C
:10CE3000F6D00024F6E70021284601F0FDFA00288C
:10CE400041D14FF07E5125F0004001F0F5FA60B17C
:10CE50000021284601F0D8FA0028E3D121464FF0FE
:10CE60007E5001F035FB0446DCE74FF08041284658
:10CE700001F0E2FA20B12146204601F0E9FAF2E79A
:10CE80004FF07C51284601F0D7FA002140B12046EE
:10CE900001F0AEFAD0B12046BDE8384001F0C4BA86
:10CEA000204601F0E9FA40B12846F6F731FF014685
:10CEB000284601F0A9FA002894D129462046BDE869
:10CEC0003840F6F751BF4FF07E54ABE700212046C3
:10CED00001F0D2FAEFE700BFC4200020C0200020FC
:10CEE000704B2DE9F74F054608460E461C6801F0C9
:10CEF000EDF8002840F0A0803046F6F727FF044602
:10CF00006869F6F723FF0646E869F6F71FFF07464C
:10CF10000146304601F074FA4FF07C5101F098FA66
:10CF200039468246304601F093FA5F4981463046E1
:10CF3000FFF752FF31468346304601F089FA5146E9
:10CF400001F086FA59498046584601F081FA0146B7
:10CF5000404601F055FA49468046304601F078FADD
:10CF60000146404601F08CFAA9698046286A01F022
:10CF700087FA4D4900903846FFF72EFF3946834621
:10CF8000384601F065FA514601F062FA47490190CE
:10CF9000584601F05DFA0146019801F031FA494620
:10CFA0008346384601F054FA0146584601F068FAC3
:10CFB000414601F065FA0146009801F089FA3146D0
:10CFC0008346204601F080FA10B1414640462AE0EF
:10CFD0003146204601F018FA002831D03946204663
:10CFE00001F072FA00282BD02F492046FFF7F4FEFB
:10CFF00021460746204601F02BFA514601F028FA57
:10D000002A490646384601F023FA0146304601F027
:10D01000F7F949460646204601F01AFA014630461D
:10D0200001F02EFA414601F02BFA594601F010FAB0
:10D03000A96901F0E5F90446204603B0BDE8F08F88
:10D040003946204601F0E0F90028BED0394638467E
:10D0500001F0D6F93146074601F012FA01462046A2
:10D0600001F032FA0028B0D02146384601F008FA23
:10D070000D490446FFF7B0FE21460746204601F061
:10D08000E7F9514601F0E4F908490646384601F04F
:10D09000DFF90146304601F0B3F92146064648461D
:10D0A000BAE700BFC420002000004040ABAAAABEDF
:10D0B0000378BBB9012303704368012B12D102230B
:10D0C0004360037A73B1084B00211A680346C260BB
:10D0D00001610162426243F8281F503043F8042F77
:10D0E0008342FBD1704700BFC42000202DE9F04FE0
:10D0F000364CABB02069364901F0EAF9B4F8BC30DF
:10D10000D4F87452D4F8CC90D4F8D0A0D4F8D4B0D9
:10D110000493D4F8C8306022E86004F1D80112A862
:10D120000393B4F8C480CDF82090CDF828A0CDF8B2
:10D1300024B001F059F9274B00221F680CAB1946A7
:10D1400012AE56F8040BCDE90623059100F0BEFFA0
:10D15000069A05990132182A079B01F8010BF0D1B4
:10D16000002113F8012B0AB1012202E00131182934
:10D17000F7D15046059200F0A9FF8DF82C005846D3
:10D1800000F0A4FF8DF82D00039800F09FFF8DF8AC
:10D190002E00484600F09AFF0BAE31460023059A58
:10D1A0008DF82F0011F8010BB0B1DAB109AB009383
:10D1B00041460AAB049808AAFFF716FD089B686170
:10D1C000AB610A9BEB61099B2B62D0E1F05A002016
:10D1D000CDCCCC3FC42000200133042BE2D1002A67
:10D1E00040F0BD81B8F1050F40F2AF81B849129807
:10D1F00001F046F9B6498146139801F041F9B44966
:10D200008046149801F03CF9B2490746484601F0BF
:10D210001FF9B14901F0F4F8AE498246404601F0E9
:10D2200017F9AD4901F0ECF80146504601F0E8F875
:10D23000A8498246384601F00BF9A74901F0E0F809
:10D240000146504601F0DCF8A4490890484601F038
:10D25000FFF8A34901F0D4F8A0498146404601F007
:10D26000F7F89F4901F0CCF80146484601F0C8F8AC
:10D270009A498046384601F0EBF8994901F0C0F828
:10D280000146404601F0BCF896490990159801F016
:10D29000F7F894498246169801F0F2F891498146D0
:10D2A000179801F0EDF890498046504601F0D0F80B
:10D2B0008E4901F0A5F88C490746484601F0C8F8A8
:10D2C0008A4901F09DF80146384601F099F88649EF
:10D2D0000746404601F0BCF8844901F091F8014648
:10D2E000384601F08DF8824901F0F2F8814907468D
:10D2F000504601F0ADF8804901F082F87D49824640
:10D30000484601F0A5F87C4901F07AF801465046FC
:10D3100001F076F877498146404601F099F8764960
:10D3200001F06EF80146484601F06AF8704901F0D4
:10D33000CFF80A90089B7149AB610A9B6F61EB6162
:10D34000099B28462B62FFF7CBFD6D49686201F00F
:10D35000BFF8249FDDF89C80A862E36D4046AB6077
:10D36000D4F8C0302B6100F0B1FE38B9384600F077
:10D37000ADFE18B9C4F8B87AC4F8BC8AC4F87452BF
:10D38000604DA5F5A5670FCF0FC50FCF0FC53B6843
:10D390006A1C2B70A5F22753A5F2075553F8041BFE
:10D3A000AB4242F8041BF9D11B781370564BB4F80A
:10D3B000C450A3F2755203CA5960E16DE268C4F823
:10D3C000B011216EC4F8A821C4F84812E169C4F86C
:10D3D0000426C4F8EC15216AA3F27552C4F8FC15B2
:10D3E000616A1860C4F8F81503CAC4F809065963DD
:10D3F00094F8383184F8083647F6FF73AB4228BFFB
:10D400002B46A4F8123685BBD4F8D490D4F8C88043
:10D41000D4F8CC70D4F8D000CDF82090CDF8288086
:10D42000099700F053FEB0FA80F040098DF82C0007
:10D43000484600F04BFEB0FA80F040098DF82D0010
:10D44000404600F043FEB0FA80F040098DF82E000F
:10D45000384600F03BFEB0FA80F040098DF82F000E
:10D4600016F8013B002B40F08F80B4F91236042BE4
:10D4700002DD0423A4F81236E368D4F83C21B4F8A2
:10D480003A11C4F80C342148D4F84031FFF752FC6B
:10D490000023D4F83C21B4F83A11A4F8B8341C485D
:10D4A000D4F84031FFF746FC0123D4F83C21A4F81E
:10D4B0001C35B4F83A11D4F840311648FFF73AFC5D
:10D4C0000223A4F88035E36DC4F8C83A24E000BF15
:10D4D000CD4C9043DFF22238E71D273CF3CD913944
:10D4E0007368913DD3BCE33CF6281C3F96438B3CCC
:10D4F00000004040E17A4142A8C6BB3FCDCC4C3D44
:10D500006AFA0A3E84600020C9600020485F00205B
:10D51000AC5F002010600020A369C4F8CC3A94F8F6
:10D52000AF3084F8AC3A94F8B03084F8AD3AD4F81F
:10D53000B430C4F8A03AD4F8B830C4F8A43AE368D8
:10D54000C4F8A83A2BB0BDE8F08F09AB0093414670
:10D5500001200AAB08AAFFF747FB0746EAE6039B50
:10D56000C5F814A0C5F818B0EB61C5F820900A49B9
:10D570002846FFF7B5FC0949804600F0A9FFC5F829
:10D580002480A862B846E8E60135042D7FF468AF30
:10D590004FF6FF736EE700BFCDCC4C3D6AFA0A3EF2
:10D5A000F0B587B06E4600240C4B0D4D05930D4B26
:10D5B0000D4F00930D4B01930D4B02930D4B0393B5
:10D5C0000D4B0493384656F8041BFFF705FC013455
:10D5D000062C45F8040FF5D107B0F0BD3BCD7140E6
:10D5E000705D002013441340000020414E2C264063
:10D5F0008A143940C5FC4B4000E55E401D4B10B518
:10D60000C0F894310123C0F87C311B4B0446C0F8AC
:10D6100098311A4B43624FF07C53C0F89C31184B41
:10D620008362FFF7BDFF4FF4A872002104F12C00C4
:10D6300000F016FF0023134AC4F88031C4F8A0217B
:10D64000114AC4F88431C4F8A421104AC4F88831BE
:10D650001068C4F88C31C4F89031C4F8A83104F5CE
:10D66000D47204F5EC7142F8040F8A42FBD1C4F87D
:10D67000DC3110BD8096984ACDCCCC3D00004843AB
:10D680000080BB451F85EB3E295CAF3FC4200020D6
:10D690004C4BD3F8C02A012A04BF0222C3F8C02A87
:10D6A000D3F874221168012904BF02211160D3F854
:10D6B000A021012A04BF0222C3F8A021D3F84022EE
:10D6C000012A04BF0222C3F84022D3F8E425012A2C
:10D6D00004BF0222C3F8E425D3F8982A012A04BF24
:10D6E0000222C3F8982AD3F8B02A012A04BF0222E2
:10D6F000C3F8B02AD3F85C24012A19D10222C3F856
:10D700005C2493F860249AB12F4A304811680022B3
:10D71000C3F86824C3F87824C3F880240022C3F82F
:10D720006414C3F87C1401320A2A40F8041FFAD1A9
:10D73000D3F8C024012A19D10222C3F8C02493F8D7
:10D74000C4249AB1204A224811680022C3F8CC248C
:10D75000C3F8DC24C3F8E4240022C3F8C814C3F8D7
:10D76000E01401320A2A40F8041FFAD1D3F8242524
:10D77000012A19D10222C3F8242593F828259AB149
:10D78000114A144811680022C3F83025C3F8402517
:10D79000C3F848250022C3F82C15C3F844150132FC
:10D7A0000A2A40F8041FFAD1D3F87C22012A08D1B2
:10D7B0000222C3F87C2293F8803213B10648FFF7A7
:10D7C0001DBF7047F05A0020C4200020705F002069
:10D7D000D45F002038600020685D0020012310B570
:10D7E0001E4C4FF08041A4F8783600231C4AC4F840
:10D7F0009016C4F894261B4AC4F8903A1268C4F8EC
:10D80000943A04F5C26001330F2B40F8042FFAD18B
:10D810000023154801330A2B40F8042FFAD1134B8B
:10D82000C4F87C26C4F8EC35114BC4F88026C4F843
:10D83000F835104BC4F88426C4F88C26C4F80016BA
:10D840004FF47C7200210C48C4F8FC3500F008FE4F
:10D850000023C4F88C3A84F8983610BDF05A0020A2
:10D8600000004040C42000203C61002017B7D1399F
:10D870000000F0410000C0408C61002070B5634C96
:10D880000026D4F8C03A012B13D17822002104F6E7
:10D89000D420C4F8D06A00F0E3FD7822002104F619
:10D8A0004C3000F0DDFD7822002104F6C43000F099
:10D8B000D7FD574BD4F8A0211D680023012AC4F8D6
:10D8C0005051C4F85451C4F87051C4F88061C4F880
:10D8D0004451C4F85851C4F86451C4F87461C4F890
:10D8E0008451C4F89051C4F84851C4F85C51C4F84C
:10D8F0006851C4F87861C4F88851C4F89451C4F8E8
:10D900004C51C4F86051C4F86C51C4F87C61C4F83F
:10D910008C51C4F89851C4F89C310DD13D4AC4F8DB
:10D920003C62C4F8B851C4F8BC51C4F8C0510133CA
:10D930001E2B42F8045FFAD1D4F8E435012B01D153
:10D94000FFF74CFFD4F83C3C012B08D10023324AAE
:10D95000C4F8603F0133C82B42F8045FFAD1D4F811
:10D96000643F012B09D100232C4AC2F888329C3A2B
:10D970000133C82B42F8045FFAD1D4F85C34012B90
:10D9800010D10023264AC4F86454C4F87C54C4F867
:10D990006864C4F87864C4F8806401330A2B42F8E0
:10D9A000045FFAD1D4F8C034012B10D100231D4AF2
:10D9B000C4F8C854C4F8E054C4F8CC64C4F8DC64B7
:10D9C000C4F8E46401330A2B42F8045FFAD1D4F8B6
:10D9D0002435012B10D10023134AC4F82C55C4F868
:10D9E0004455C4F83065C4F84065C4F8486501334F
:10D9F0000A2B42F8045FFAD1D4F87C32012B04D10F
:10DA0000BDE870400948FFF7F9BD70BDF05A00202D
:10DA1000C4200020B05C00202C670020F06A0020A9
:10DA2000705F0020D45F002038600020685D002017
:10DA30000023104A436082650F4AA0F86030C26537
:10DA400002220023A0F854200C4A03621268836269
:10DA5000036143618361C361C260426200F12803D4
:10DA600000F1500143F8042F8B42FBD100230370D7
:10DA7000704700BFCDCCCC3C0AD7233CC42000204B
:10DA800070B504462B4B2C4D03602C4B00F110025B
:10DA900043602B4B05F1400683602A4BC3602B4645
:10DAA00003CBB342106051601D4602F10802F6D16B
:10DAB0000025254B46222365244B25496365A56532
:10DAC000E56504F1600000F08FFC224B2246C4F8AB
:10DAD000A830214BA4F8B850C4F8AC300123A4F806
:10DAE000B0304FF07E53C4F8B4301C4B04F5947141
:10DAF0001B68C4F8BC30C4F8C030C4F8C43042F865
:10DB0000C83F42F8043F9142FBD1002284F82C2107
:10DB10000322C4F83031C4F83431114BA4F82E215B
:10DB20001B782BB14FF49C7220460E4900F05CFC30
:10DB300070BD00BF8096984AE4F50010CDCCCC3F74
:10DB40000000084200009841000020410000F04120
:10DB500024F600106F12033B00409C45C4200020B7
:10DB6000F26D0020FC5A002010B528240480022009
:10DB700008800020054910800A681A604A685A60C7
:10DB80008A689A60029B186010BD00BF74EE001096
:10DB90002DE9F84FD64B1D78002D40F0A781D54CCC
:10DBA000D54BD64F2361D64B04F11C066361D54B90
:10DBB000DFF85483A3610FCF0FC60FCF0FC60FCF6F
:10DBC0000FC6DFF848936560C4F80C8097E80F0033
:10DBD00086E80F00CE4B4622CE4904F16C00E36587
:10DBE000C4E91955C4F8609000F0FEFBCA4B4FF031
:10DBF0007E5BC4F8B430C94B2146C4F8B830012369
:10DC0000C74AA4F8BC301268C4F8C0B0A4F8C45025
:10DC1000C4F8C820C4F8CC20C4F8D02041F8D42FD0
:10DC20000135182D41F8042FFAD1002600210320D8
:10DC3000BC4D84F83811C5F88C12A4F83A01C4F828
:10DC40009C11C5F8A022C4F83C21C4F84021C4F8B6
:10DC50004421C4F84821C4F84C21C4F85021C4F828
:10DC60005421C4F85821C4F85C21C4F86021C4F8D8
:10DC70006421C4F86821C4F86C21C4F87021C4F888
:10DC80008421C4F88821C4F88C21C4F89021C4F8F8
:10DC90009421C4F89821C5F894B2C5F898B2C5F893
:10DCA0009CB2C4F87461C4F87861C4F87C61C4F8AB
:10DCB0008061C5F8A422C5F8A822C5F8AC22C5F831
:10DCC000B022C5F8B42205F52372C4F874220122EB
:10DCD000C4F8F423944ADFF854A2C4F81024944AF8
:10DCE000944FC4F89C224FF07C52C4F81424924AFA
:10DCF000C5F8BCA2C5F8C072C5F8B8B2C4F87C12A9
:10DD0000C4F8A022C4F80C84FFF74AFC0021A5F651
:10DD10005C504FF4A87200F0A3FB0021C4F818A4D3
:10DD2000DFF8FCA1C4F81C74DAF80070C4F8F863DA
:10DD3000C4F8FC63C4F80064C4F80464C4F808645C
:10DD4000C4F82064A5F53E6501310C2945F8047F2F
:10DD5000FAD100224FF080457849C4F8546484F821
:10DD60007822C4F8A021C4F8A881C4F8AC51C4F842
:10DD7000B0B1C4F83C62C4F8B871C4F8BC71C4F85E
:10DD8000C07101321E2A41F8047FFAD100212122FC
:10DD90006B48C4F84012C4F89015C4F8489200F0DB
:10DDA0005FFB012284F89425664A674902F124004A
:10DDB00052F804CB824241F804CBF9D10120002271
:10DDC000A4F8780661486249C4F8EC0561484A60E5
:10DDD000C4F8F00500F10430C4F8F4055E480A60A8
:10DDE000C4F8FC055D48C4F8E425A4F81226C4F87C
:10DDF000F895C4F80056C4F8048684F80826C4F8D8
:10DE00009406373101320F2A41F8047FFAD10022FB
:10DE1000534901320A2A41F8047FFAD1C4F89056D6
:10DE200000254FF47C7229464E48C4F87C76C4F82D
:10DE30008076C4F88476C4F88C7684F8985600F01E
:10DE40000FFB40F20112344BA4F8AC2A464A474873
:10DE5000C4F8A03AC4F8B82A304B454AC4F8A43AEA
:10DE6000C4F8BC2AC4F88C5AC4F8905AC4F8945A1E
:10DE7000C4F8985AC4F8A88AC4F8B05AFFF7D8FD75
:10DE80006430FFF7D5FD6430FFF7D2FD29464FF42B
:10DE9000B47200F2B450C4F88465C4F88865C4F85C
:10DEA0008C65C4F8C05AC4F8C8BAC4F8D06A00F087
:10DEB000D7FADAF800102F4BC4F83C5CC4F8605F66
:10DEC0000135C82D43F8041FFAD10023154AC4F8C0
:10DED000643FC2F888329C3A0133C82B42F8041FD1
:10DEE000FAD1002323700123014A1370BDE8F88F93
:10DEF000F26D0020F05A0020CDCCCC3FE4F50010AC
:10DF000000000842000098418096984A0000F041C5
:10DF10000000204124F600106F12033B00409C4596
:10DF2000C4200020F06A0020CDCCCC3D1F85EB3E04
:10DF300000004843295CAF3F0080BB45B05C002037
:10DF4000846000206AF60010A560002017B7D13960
:10DF5000C9600020000102030000C04000004040F2
:10DF60003C6100208C61002000006042485F00207E
:10DF70001EA7E83B2C6700200122074B1A7083F88C
:10DF8000782283F8202583F8BC2483F858240022C3
:10DF9000024B1A70FFF7FCBDF05A0020F26D002012
:10DFA000044B1B782BB1044B5B68012B01D1FFF7AD
:10DFB00065BC7047F26D0020F05A002038B50B4B5D
:10DFC00001461B7883B10A4C6368012B0CD0094DC4
:10DFD0004FF49C7204F10C0000F006FA2946E06D43
:10DFE00000F012FA00B1E56538BD00BFF26D002007
:10DFF000F05A00200000204138B5064B1B783BB199
:10E0000000230125044C23726560FFF76FF8257229
:10E0100038BD00BFF26D0020F05A002010B5164C3C
:10E02000237853B9012323706368012B05D10223A0
:10E030006360237A0BB1FFF72BFB1048FFF738F82A
:10E040000F48FFF735F80F48FFF732F894F87832A9
:10E050008BB9012384F87832D4F87C32012B0AD1B1
:10E060000223C4F87C3294F8803223B1BDE810401A
:10E070000548FFF7C3BA10BDF05A0020485F0020E2
:10E08000AC5F002010600020685D0020D0B500F07B
:10E09000C7F921F000474FF0FF3239460A4B0646D8
:10E0A0004FF00104F5F716F940B94FF0FF32304652
:10E0B0003946054BF5F746F900B9044684F00100EE
:10E0C00000F00100D0BD00BFFFFFEF7F08B500F0FA
:10E0D000A7F902460B46F5F7FDF8003818BF0120F6
:10E0E00008BD000082B340EA01039B0730B5044637
:10E0F0008E4617D1032A07D814E0043A22D01CF028
:10E10000803F1FD1032A23D923687146DEF80050CF
:10E110002046A3F1013C0434AB420EF1040E2CEA7C
:10E12000030CEAD003780C78A3420FD1013A0244E1
:10E1300006E03BB110F8013F11F8014FA34205D1B1
:10E140009042F6D1002030BD10467047181B30BDFC
:10E1500020467146E6E700BF40EA01039B0710B581
:10E16000044601D1032A19D8A44601F1FF3E07E075
:10E170001EF8011F501E03F8011B31B102469C46D8
:10E180006346002AF4D1204610BD0028FBD09444F9
:10E1900003F8011B6345FBD1204610BD0846A44689
:10E1A000D0F800E001460430AEF1013323EA0E035B
:10E1B00013F0803FD9D1043A4CF804EB032AEFD88E
:10E1C0000146D2E7014B1868704700BFC820002005
:10E1D00080EA010C1CF0030F37D110F0030C20F083
:10E1E000030021F0030150F8042B08BF51F8043B51
:10E1F0000ED08CF0030C6FF07F434FEACC0C23FA67
:10E200000CFC51F8043B42EA0C0243EA0C0300BF49
:10E21000A2F1013C9A4201BF2CEA020C1CF0803FA3
:10E2200050F8042B51F8043BF2D04FEA02604FEA59
:10E230001222012828BFB0EB036F08BF1B0AF4D0DD
:10E2400003F0FF03000EC01A704710F0030F0AD04E
:10E2500010F8012B11F8013B012A28BF9A42F4D093
:10E26000A2EB0300704720B450F8042B01F0030523
:10E2700021F0030151F8043B022D27D04ED800BFF6
:10E2800022F07F45B5EB132FA2F1013C2CEA020CE2
:10E290000DD11CF0803C08BF51F8043B0AD185EA3F
:10E2A0000205B5EB036F0CD150F8042BE8E74FEAF9
:10E2B00013235BE03CF07F4C54D10B784FEA12659E
:10E2C00054E04FEA126503F0FF034FE04FEA0245C6
:10E2D000A2F1013C4FEA15452CEA020CB5EB134FB5
:10E2E00018D11CF0803C08BF51F8043B07D185EAE7
:10E2F0000205B5EB034F09D150F8042BE6E75FEABE
:10E300000C4C2FD10B884FEA12452FE04FEA034304
:10E310004FEA12454FEA134328E000BF02F0FF0521
:10E32000B5EB136FA2F1013C2CEA020C0DD11CF0ED
:10E33000803C08BF51F8043B0AD185EA0205B5EBE1
:10E34000032F0AD150F8042BE8E74FEA13630DE0DE
:10E3500012F0FF0F06D051F8043B4FEA122523F0CC
:10E360007F4303E04FF0000020BC704705F0FF0240
:10E3700003F0FF00012828BF904204BF2D0A1B0AAA
:10E38000F4D0A2EB000020BC704700BF20F00301D6
:10E3900010F00300C0F1000051F8043B00F1040C40
:10E3A0004FEACC0C6FF000021CBF22FA0CF21343B0
:10E3B0004FF0010C4CEA0C2C4CEA0C4CA3EB0C0279
:10E3C00022EA030212EACC1204BF51F8043B0430E3
:10E3D000F4D0C2F1000102EA0102B2FA82F2C2F103
:10E3E0001F0200EBD20070475FF800F0411E0020D2
:10E3F0005FF800F01D1A00205FF800F0550A0020B9
:10E400005FF800F0A91400205FF800F0311A002036
:10E410005FF800F07D0A00205FF800F0310F002067
:10E420005FF800F0ED1300205FF800F0BD10002051
:10E430005FF800F0610200205FF800F0E1190020B1
:10E440005FF800F0111600205FF800F03510002092
:10E450005FF800F0B91600205FF800F0110100200D
:10E460005FF800F0B91D00205FF800F0A90200205D
:10E470005FF800F0451A00205FF800F0F519002061
:10E480005FF800F0A51400205FF800F0F101002013
:10E490005FF800F0F90A00205FF800F02902002080
:10E4A0005FF800F0B10E00205FF800F0B10A002024
:10E4B0005FF800F0AD0D00205FF800F009160020B5
:10E4C0005FF800F03D0E00205FF800F0091A002010
:10E4D0005FF800F0211800205FF800F0C10F002065
:10E4E000D925001051250010812500106926001043
:10E4F000B9250010D924001001260010C5240010F1
:10E500003118001005260010FD1B001021250010F9
:10E51000ED2500109D250010011400102914001095
:04E52000A1600010E6
:10E5280064726976656E2048494748206578746545
:10E53800726E616C6C79000068656C64204C4F5792
:10E548002065787465726E616C6C792028636C6FD5
:10E5580073656420737769746368202F2073686F0C
:10E568007274202F2070756C6C2D646F776E290083
:10E5780070753D302070643D31202D206E6F742001
:10E588006120737461746520612070696E20636115
:10E598006E20626520696E00666C6F6174696E67D3
:10E5A8003A20666F6C6C6F7773207468652070759D
:10E5B8006C6C2C206E6F7468696E6720686F6C6471
:10E5C80073206974000000004750252D32753A20E9
:10E5D80070753D25642070643D2564202D3E2025FE
:10E5E800730A000048494748202F206C6966746503
:10E5F80064203D20616374756174656400000000E7
:10E608004C4F57202F2070726573736564203D202E
:10E6180072657374696E67000A3D3D3D206D656DD6
:10E628006272616E65207377697463682070726FB7
:10E638006265202862656E636820746F6F6C29209C
:10E648003D3D3D0050494E5F4D454D4252414E457E
:10E658005F53454E5345203D20475025752C20508B
:10E66800494E5F4D454D4252414E455F50574D20F2
:10E678003D20475025752C204E554D5F42414E4B4D
:10E68800305F4750494F53203D2025750A00000050
:10E698000A2D2D20312E20706173736976652070E4
:10E6A800756C6C207375727665792028647269764A
:10E6B80065206C6F7729202D2D0000002020203246
:10E6C80034205620726567756C61746F72207069AA
:10E6D8006E732C2072656164206F6E6C79202847F8
:10E6E8005033392056525F3234565F454E2C2047FE
:10E6F8005034302056525F3234565F5047293A0022
:10E708000A2D2D20322E207374656164792064727D
:10E71800697665207374617465732C2047503330B3
:10E7280020776974682070756C6C2D75702028329C
:10E73800302073616D706C65732065616368292092
:10E748002D2D0000475032363D30202872656C650B
:10E7580061736564293A20475033302068696768D7
:10E76800202532752F32300A00000000475032361B
:10E778003D312028656E657267697A6564293A209B
:10E78800475033302068696768202532752F32304A
:10E798000A0000000A2D2D20332E203220487A202E
:10E7A8002F203630202525206F6E20475032362006
:10E7B800666F72203620733B203230206D732073D1
:10E7C800616D706C65732C2031206C696E652F73D8
:10E7D800202D2D0A000000002020202823203D2085
:10E7E800686967682C202E203D206C6F772900000F
:10E7F800743D25752020475032362025730A202085
:10E8080020202020475033302025730A00000000C4
:10E818000A2D2D20342E20482D62726964676520E8
:10E82800475031372F475031382C2047503330204C
:10E83800776974682070756C6C2D7570202832307B
:10E848002073616D706C6573206561636829202D84
:10E858002D00000048422066776420284750313751
:10E868003D3120475031383D30293A204750333028
:10E878002068696768202532752F32300A00000049
:10E888004842206F66662028475031373D30204780
:10E898005031383D30293A20475033302068696775
:10E8A80068202532752F32300A0000004842207255
:10E8B80065762028475031373D3020475031383D64
:10E8C80031293A204750333020686967682025325B
:10E8D800752F32300A0000000A2D2D20352E2061B8
:10E8E8006C6C20647269766573206F66662E206C86
:10E8F8006976652077617463683A2070726573730E
:10E908002074686520627574746F6E20627920685F
:10E91800616E642E202D2D00743D25366C75206D9A
:10E92800732020475033303D256420282573290A59
:10E93800000000006D6561737572656D656E745FCA
:10E94800616C676F726974686D0000000A2A2A2A70
:10E958002050414E4943202A2A2A0A004E6F20732C
:10E9680070696E6C6F636B7320617265206176618C
:10E97800696C61626C6500004E6F2075736572206A
:10E98800495251732061726520617661696C6162D8
:10E998006C650000486172647761726520616C6122
:10E9A800726D20256420616C726561647920636CE6
:10E9B80061696D6564000000486172642061737369
:10E9C8006572740052656C6561736500626F6F747F
:10E9D800325F77323571303830000000322E332EF6
:10E9E80030000000636C6F7564735F6361727269F5
:10E9F800657200006D656D6272616E655F7377693F
:10EA08007463685F70726F62650000005365702000
:10EA18003238203230323600666E692B0000000032
:10EA2800666E69006E616E00666E692D00000000FA
:10EA380055534220737464696E202F207374646F79
:10EA48007574000052617370626572727920506942
:10EA5800000000005069636F00000000426F61729F
:10EA6800642043444300000052657365740000004D
:10EA7800556E68616E646C65642049525120307827
:10EA880025780A0065702025303258207761732078
:10EA9800616C726561647920617661696C61626C30
:10EAA8006500000043616E277420636F6E74696EA1
:10EAB80075652078666572206F6E20696E61637473
:10EAC8006976652065702025303258004E6F2050D9
:10EAD800494F207374617465206D616368696E6560
:10EAE800732061726520617661696C61626C650092
:10EAF80000EB00100FFF0100A020203F42ADC3A093
:10EB0800014026A04000CC004AA08A004AA00D007F
:10EB18008D00C2A0008000001A0000001100000053
:10EB2800120000004000444506005250D3F07542E0
:10EB3800CCE9001006005250E182887FD4E9001029
:10EB480006005250ABB36053E4E90010060052507F
:10EB5800BBFF3CB6ECE9001006005250861C0302CD
:10EB6800FCE90010060052505422A29D14EA00103D
:10EB780005005250DE65F46894180110000000008A
:10EB8800000000000000F03F0000000000002440EA
:10EB980000000000000059400000000000408F40C5
:10EBA800000000000088C34000000000006AF84030
:10EBB8000000000080842E4100000000D012634154
:10EBC8000000000084D797410000000065CDCD41CA
:10EBD8000D0A00000600525053B4F4A138EA0010A0
:10EBE800000000004CEA00105CEA0010D86D00201C
:10EBF80064EA001070EA0010090254000301008062
:10EC08007D080B0002020200000904000001020254
:10EC18000004052400200105240100010424020643
:10EC280005240600010705810308001009040100F6
:10EC3800020A0000000705020240000007058202E0
:10EC48004000000904020000FF0001051201100243
:10EC5800EF0201408A2E09000001010203010000B1
:10EC68000A00000000000306A600080002000200D7
:10EC78009C001400030057494E5553420000000001
:10EC8800000000000000800004000100280044008B
:10EC98006500760069006300650049006E00740035
:10ECA800650072006600610063006500470055005A
:10ECB8004900440000004E007B00620063003700FA
:10ECC800330039003800630031002D00370033006D
:10ECD800630064002D0034006300620037002D00DB
:10ECE80039003800620038002D0039003100330047
:10ECF800610038006600630061003700620066004A
:10ED080036007D0000000000050F2100011C1005E1
:10ED180000DF60DDD88945C74C9CD2659D9E648A1A
:10ED28009F00000306A6000100000000000000008C
:10ED38005D62001000000000616200106D6200104A
:10ED480099620010956200100000000000000000A9
:10ED580075750010E97500101976001069760010B5
:10ED6800397700100978001000000000766F6C7584
:10ED78006D65747269635F6D6173735F64656E73EB
:10ED880069747900646F5F6F627374727563746914
:10ED98006F6E5F646574656374696F6E00646F5F3E
:10EDA800766962726174696F6E5F66696C746572A8
:10EDB800696E6700696E746567726174696F6E5F0A
:10EDC80074696D6500646973747269627574696FDA
:10EDD8006E5F696400706D32355F7363616C696E74
:10EDE800675F666163746F7200647574795F6379D5
:10EDF800636C696E675F706572696F64006D6561E9
:10EE0800737572656D656E745F616C676F72697436
:10EE1800686D00342E302E3000312E302E31360001
:10EE2800312E302E313500312E302E00312E302E3D
:10EE38003100312E302E3200312E302E3300312E5B
:10EE4800302E3400312E302E3500312E302E390040
:10EE5800312E302E3133002573253032582530328B
:10EE6800582530325800332E302E3000383238339F
:10EE78003833336165356100B81EA741295CA1416B
:10EE88009A999B410AD795417B149041EC518A414C
:10EE9800D7A384418FC27D4100000000000000001C
:10EEA80071007200A100A200A300A500A600A7009F
:10EEB800A800AA00AB00AC00780000000000003FEA
:10EEC800000096C200401C46000048C30000A04154
:10EED8000000F0C300002041008089C40000803F8A
:10EEE800000000000000803F000000000000A0417A
:10EEF80000007AC400401C46000000000101010126
:10EF080001010101010101010101010101010101E9
:10EF180001010101010101010101010101010101D9
:10EF280001010101010000000000000000000000D4
:10EF380000000000000000000001000001010100C5
:10EF480000000000000000010101010101010101B0
:10EF5800010101010101010101010101000000009D
:10EF68000100000000000000000000000000000098
:10EF78000000000000000101010101010100000082
:10EF8800000101010101010101010101000000006E
:10EF9800010101010101010101010101010101005A
:10EFA800000000000101010101010101010100004F
:10EFB800000000010101010101010101010000003F
:10EFC800000001010101010101010101010101012B
:10EFD800010101010101010101010101000000011C
:10EFE800010000010101010101010101010101010B
:10EFF80001010101010101010101010101010101F9
:10F0080001010101010101010101010101010101E8
:10F0180001010101010101010101010101010101D8
:10F0280001010101010101010101010101010101C8
:10F0380001010101010101010101010100000101BA
:10F0480001010000000000000100000000000000B5
:10F0580000000000000000000000000000000000A8
:10F06800000000010101010001010101000001008F
:10F078000100000001000000000000000000000086
:10F088000000000000000000000000000000010176
:10F09800010101010101010101010101000000015B
:10F0A8000001010001010100010100000000000150
:10F0B8000000000000000000000000000000000048
:10F0C8000000000000000000010100000000000036
:10F0D8000000000000000000000000000000000028
:10F0E8000000000001000100000100000000000015
:10F0F8000000000001010101010000000000000003
:10F1080000000000010101000001000100000000F2
:10F1180000000000010100000000000000000000E5
:10F1280000000000010000000000000000000000D6
:10F1380000000000010000000000000000000000C6
:10F1480000000000000000010101000000000000B4
:10F1580000000000000000000000000000000000A7
:10F168000000000000000000000000000000000097
:10F178000000000000000000000000000000000087
:10F188000000000000000000000000000000000077
:10F198000000000000000000000000000000000067
:10F1A8000000000000010101010100000000000052
:10F1B8000100000000000000000000000000000046
:10F1C8000000000000000000000000010101010033
:10F1D8000000000000000100010000010100000023
:10F1E8000000000000000000000000000000000017
:10F1F8000000000000010000000000000000000006
:10F208000000000000010001000101017900000078
:10F218004000700000000000000000000000000036
:10F2280000000000000000000000000000000000D6
:10F2380000000000000000000000000000000000C6
:10F2480000000000000000000000000006000000B0
:10F258000000002000000000E40000000000400062
:10F26800008094545F0600000000000000000000C9
:10F278000000000000000000000000000000000086
:10F288000000000000000000000000007900FFFFFF
:10F29800000800000000000000000000000000005E
:10F2A8000000000000000000000000000000000056
:10F2B8000000000000000000000000000000000046
:10F2C800000000000000000000000000000700002F
:10F2D80000007F02807F0000048100000000000021
:10F2E8000000000000000000000000000000000016
:10F2F8000000000000000000000000000000000006
:10F3080000000000000000000000000000000000F5
:10F3180000000000000000000000000000000000E5
:10F3280000000000000000000000000000000000D5
:10F3380000000000000000000000000000000000C5
:10F348000000000000000000000000003F003F0037
:10F3580000000000000000000000000000000000A5
:10F368000000000000000000000000000000000095
:10F378000000000000000000000000000000000085
:10F388000000000000000000000000000000000075
:10F398000000000000000000000000000000000065
:10F3A8000000000000000000000000000000000055
:10F3B8000000000000000000000000000000000045
:10F3C8000000000000000000000000000000000035
:10F3D8000000000000000000000000000000000025
:10F3E8000000000000000000000000000000000015
:10F3F8000000000000000000000000000000000005
:10F4080000000000000000000000000000000000F4
:10F4180000000000000000000004000000000000E0
:10F428000700FF7F00002233445500000100AF05AC
:10F43800001F001F001F001F001F001F001F001FCC
:10F448004420442044204420442044204420442094
:10F45800091400000100AF050F00000000000000C3
:10F468000000000000000000000000000100000093
:10F4780000000200000003080F4000000000000028
:10F488000000000000000000000000000000000074
:10F498000000000000000000000000000000000064
:10F4A8000000000000000000000000000000000054
:10F4B8000000000000000000000000000000000044
:10F4C8000000000000000000000000000000000034
:10F4D80000000000000000000000000000070E0906
:10F4E8001C1B1215383F363124232A2D70777E795C
:10F4F8006C6B6265484F464154535A5DE0E7EEE94C
:10F50800FCFBF2F5D8DFD6D1C4C3CACD90979E993B
:10F518008C8B8285A8AFA6A1B4B3BABDC7C0C9CE2B
:10F52800DBDCD5D2FFF8F1F6E3E4EDEAB7B0B9BE1B
:10F53800ABACA5A28F88818693949D9A2720292E0B
:10F548003B3C35321F18111603040D0A5750595EFB
:10F558004B4C45426F68616673747D7A898E8780EB
:10F5680095929B9CB1B6BFB8ADAAA3A4F9FEF7F0DB
:10F57800E5E2EBECC1C6CFC8DDDAD3D4696E6760CB
:10F5880075727B7C51565F584D4A4344191E1710BB
:10F5980005020B0C21262F283D3A33344E494047AB
:10F5A80052555C5B7671787F6A6D64633E3930379B
:10F5B80022252C2B0601080F1A1D1413AEA9A0A78B
:10F5C800B2B5BCBB9691989F8A8D8483DED9D0D77B
:10F5D800C2C5CCCBE6E1E8EFFAFDF4F317B7D139B1
:10F5E8000000C0400000F041000070418AD7B538E3
:10F5F8000000A0400000F041000070419C50083914
:10F608000000B8400000F0410000704117B7D13940
:10F618009A9949410000F041000070410100000042
:10F6280000000000000000000000000000000000D2
:10F6380000000000000000000000000000010100C0
:10F6480000000000000000000000000000000000B2
:10F6580000000000000000000000000000000000A2
:10F668000000010100000000000000000000000090
:10F678000000000000000000000000000000000082
:08F68800000000010101000077
:08F6900040EBFF7F01000000C8
:10F6980030EB00103CEB001048EB001054EB00106E
:10F6A80060EB00106CEB001078EB0010DCEB001046
:10F6B800034600B50268EFF3108C72B6D2E8CFEFBC
:10F6C8000120BEF1000FF9D1C2E84E0FBEF1000FC4
:10F6D800F4D1BFF35F8F93F90420002A09DB01B14D
:10F6E8000A60002000221B68C3E88F2F8CF3108863
:10F6F80000BD4FF05042126801201A71F2E700BFB6
:10F708004FF050412DE9F8431F460B680446164652
:10F7180000259946DFF874802368EFF3108272B6EB
:10F72800D3E8CF0F01210028FAD1C3E8401F0028F1
:10F73800F6D1BFF35F8F94F904302168002B1BDBEF
:10F7480098F80030DBB2C1E88F5F82F3108898F830
:10F7580000209A4208D03046394601F0C1FE002800
:10F76800DAD00020BDE8F88320BF3046394601F0E2
:10F77800B7FE0028D0D0F4E7002384F80490C1E84D
:10F788008F3F82F310880120BDE8F883EF6D0020D9
:10F7980070B582B001A9064614461D46FFF788FFDA
:10F7A80038B94FF050439DF9042093F900309A423C
:10F7B80001D102B070BD22462B46304602B0BDE8EA
:10F7C8007040FFF79DBF00BF70B505460C4601F0BD
:10F7D8008FFE02460B464FF47A704FF0FF3E6FF0F3
:10F7E800004CE4FB002396457CEB030138BF7246CE
:10F7F8002846BDE8704038BF6346FFF781BF00BFA9
:10F808000368EFF3108172B6D3E8CFCF0122BCF1C1
:10F81800000FF9D1C3E84C2FBCF1000FF4D1BFF3AE
:10F828005F8F4FF0FF0C074A80F804C0137801334C
:10F83800137000230268C2E88F3F81F3108840BF2D
:10F84800704700BFEF6D0020002108B5134B4FF43F
:10F85800707299601248D960196159619961D961CA
:10F86800196259629962D962196359639963D963B4
:10F87800196459649964D964196559659965D96594
:10F88800196659669966D966196759679967D96774
:10F8980001F062FD034B044A1A6008BD00001050D5
:10F8A800244E0020C05A0020800110502DE9F04756
:10F8B8001E4B84B0D3F858A0BAF1000F21D0002411
:10F8C80001254FF4E069DFF86C80194F05E0013439
:10F8D800E4B2202C4FEA450513D01AEA050FF6D0FA
:10F8E800E34304F0FE0603F001031E4407EB46164B
:10F8F8003046C8F8585000F001FC28B93AEA050A21
:10F90800E5D104B0BDE8F087B378F28A8DF8083005
:10F91800002301A80121ADF8049003928DF8093065
:10F9280000F00AFC304600F08DFBE7E700001150BC
:10F93800E44D00200030115070B5B24B86B0D3F8BA
:10F94800984014F4003574D0AF4AB04B906A93F8DD
:10F958003B20AF49022A086000F0E680002593F8B2
:10F968007B20022A00F0B28193F8BB20022A00F023
:10F97800A28193F8FB20022A00F0928193F83B21A0
:10F98800022A00F0818193F87B21022A00F071811C
:10F9980093F8BB21022A00F0618193F8FB21022A27
:10F9A80000F0508193F83B22022A00F03F8193F83F
:10F9B8007B22022A00F01A8193F8BB22022A00F067
:10F9C800098193F8FB22022A00F0F88093F83B2380
:10F9D800022A00F0E78093F87B23022A00F0B78020
:10F9E80093F8BB23022A00F07C8193F8FB23022AB8
:10F9F80000F0C7803DB9874B1B7823B94FF400321C
:10FA0800854BC3F890204FF440727E4B01219B6CCC
:10FA180003A8C3F30A030493ADF80C2000F08CFB91
:10FA2800E3064FF400357D4E07D5FFF73FFF354617
:10FA380003E0E3064FF01006F7D4E0031DD5734842
:10FA48000226837E45F4803533BB4FF00103012E37
:10FA5800C37000F120001BD14FF4C062704BADF8A9
:10FA68000C2093E80300CDE90401314603A800F017
:10FA780063FB4FF40032684B1A65E1043ED462041C
:10FA88002ED423041DD4A54240F0BB8106B070BD1E
:10FA9800837E0126002BD8D0624B5A4A1E66536ECD
:10FAA80036EA0303FBD14FF440520021019000F0E5
:10FAB800CFFA019800F0C6FA574B01985E661E66A9
:10FAC800C3E74FF4A063012103A8ADF80C3000F0A0
:10FAD80033FB4FF40062504B45F400451A65D2E7FA
:10FAE8004FF48063012103A8ADF80C3000F024FB2B
:10FAF8001022494B45F480451A65C2E70026414B60
:10FB080045F480551E60FFF79FFE4FF48073012176
:10FB180003A8ADF80C308DF8106000F00DFB4FF421
:10FB280000223D4B1A65AAE793F83A50002D3FF49E
:10FB380016AF93F83C20002A3FF411AF002203F1DE
:10FB4800200083F83C2000F0A7FA304B07E793F831
:10FB58007A63002E3FF444AF93F87C23002A40F0E8
:10FB6800408193F8BB23022A40F0C48093F8BA235B
:10FB7800002A40F0BB8093F8FB23022A7FF443AFAE
:10FB8800354693F8FA23002A3FF434AF93F8FC2360
:10FB9800002A3FF438AF0022234883F8FC2300F002
:10FBA8007BFA30E793F83A63002E3FF414AF93F8EA
:10FBB8003C23002A40F0A98035460CE793F8FA6206
:10FBC800002E3FF403AF93F8FC22002A40F0AF80E8
:10FBD8003546FBE693F8BA62002E3FF4F2AE93F88E
:10FBE800BC22002A40F09A803546EAE693F87A6209
:10FBF800002E3FF4E1AE93F87C22002A40F0CD803D
:10FC08003546D9E60000115000000B40E44D0020B5
:10FC1800D04D0020EA6D0020003011501000020085
:10FC28000000105000201150C451002093F83A628F
:10FC3800002E3FF4BCAE93F83C22002A40F0A4808A
:10FC48003546B4E693F8FA61002E3FF4ABAE93F86C
:10FC5800FC21002A40F08F803546A3E693F8BA616C
:10FC6800002E3FF49AAE93F8BC21002A7AD135468B
:10FC780093E693F87A61002E3FF48AAE93F87C21DC
:10FC8800002A66D1354683E693F83A61002E3FF4A0
:10FC98007AAE93F83C21002A40F09180354672E60E
:10FCA80093F8FA60002E3FF469AE93F8FC20002A1E
:10FCB8007CD1354662E693F8BA60002E3FF459AE1F
:10FCC80093F8BC20002A3BD1354652E693F87A6077
:10FCD800002E3FF449AE93F87C20002A78D13546AF
:10FCE80042E693F8BA23002A3FF47FAE93F8BC2388
:10FCF800002A7ED193F8FB23022A7FF484AE93F87E
:10FD0800FA23002A3FF47FAE40E700223F4883F8F9
:10FD18003C23354600F0C0F93D4B5CE600223D48E7
:10FD280083F8BC22354600F0B7F9394B49E6002282
:10FD3800394883F8FC22354600F0AEF9344B45E6E5
:10FD48000022364883F8BC20354600F0A5F9304B30
:10FD58000FE60022324883F87C21354600F09CF9F2
:10FD68002B4B15E600222F4883F8BC21354600F0BE
:10FD780093F9274B11E600222B4883F8FC213546DE
:10FD880000F08AF9224B0DE60022284883F83C222D
:10FD9800354600F081F91E4B09E60022244883F815
:10FDA8007C22354600F078F9194B05E600222148F7
:10FDB80083F8FC20354600F06FF9154BDEE500228C
:10FDC8001D4883F83C21354600F066F9104BDAE50A
:10FDD80000221A4883F87C20354600F05DF90C4B68
:10FDE800C2E50022164883F87C2300F055F9084B39
:10FDF800B7E60022134883F8BC2300F04DF9044B02
:10FE080078E7114885EA040101F07AFB04510020E3
:10FE1800E44D002084500020C4500020844E00206F
:10FE2800444F0020844F0020C44F0020045000207D
:10FE380044500020C44E0020044F0020444E0020AF
:10FE4800445100208451002078EA00102DE9F04345
:10FE5800828AB0F818E003469645C07828BF9646CF
:10FE6800041E18BF012480F001000D46A2EB0E020B
:10FE78005978D87092B24EF480609A8240EA443041
:10FE8800A1BB1969BEF1000F2CD00EF1FF34DA685E
:10FE9800052CA14602EB85182FD9A8EB0104013CDB
:10FEA800022CC4460A4628D94FEA9E0701EB87066A
:10FEB80052F8044B96424CF8044BF9D1BEEB870F2D
:10FEC8000ED011F82720B9EB870108F8272008EB96
:10FED800870205D074780129547001D0B1789170E7
:10FEE80019699A8A7144196140F400400AB940F4CA
:10FEF800804005B10004BDE8F08308F1FF3201EB52
:10FF08000E0611F8014BB14202F8014FF9D1E7E7AB
:10FF180083682DE9F0410546186801B1000C6A783C
:10FF2800C0F309004AB9EB8A0344EB822B8B834266
:10FF380084BF0023AB82BDE8F081D5F810C088B338
:10FF4800421EEB68052A164603EB811E31D989014A
:10FF58004C1C1C44ACEB0404022C624629D900F466
:10FF68007F7173460F464FEA90085C1853F8041BDC
:10FF7800A34242F8041BF9D1B84211D01EF8283028
:10FF8800BE440CF82830F31BBC4409D09EF801206D
:10FF9800012B8CF8012003D09EF802308CF8023037
:10FFA800D5F810C0EA8A0CEB00030244EA822B6100
:10FFB800BCE70CF1FF3C0EEB00021EF8013B72455A
:10FFC8000CF8013FF9D1EBE710B50446836800212E
:10FFD8001B68FFF79DFF63681B685B0002D5238BD6
:10FFE800834200D010BD2046BDE810400121FFF734
:08FFF8008FBF00BF084B1B6C1A
:020000041001E9
:1000000013F0020302D18278D20901D10020704797
:10001000C07EA0F10200B0FA80F04009704700BF36
:100020000000115008B5FFF7E9FF50B1054A064B33
:10003000906A1B68A0F54870C01AC6288CBF0020C3
:10004000012008BD00000B40D04D00200023C0E976
:1000500004338376704700BF08B5836819B1D3F8BD
:1000600000C001EA0C018AB1114352050ED51A688D
:1000700052050DD4084A21F4806CC3F800C0126CFC
:10008000920703D40C23033BFDD28368196008BD9B
:100090008178024801F038FA000011508CEA001013
:1000A00030B54368002183B005461C68FFF7D2FED7
:1000B000134B40F48052196CAB7889070ED55B0660
:1000C0000ED024F0A04444F00054002128466B6870
:1000D0001C6003B0BDE83040FFF7BEBFDB09F0D0C5
:1000E000AB8A002BEDD0012128460192FFF7B2FE2A
:1000F000019A24F00054024344F0A044E5E700BF15
:100100000000115038B5857E044695B1FFF760FFB9
:10011000A38A0BB9284638BD2046FFF783FF20B1DC
:10012000012323770025284638BD2046FFF7B8FF76
:10013000F8E78178014801F0E7F900BFACEA001068
:1001400070B543780446023B0E4686B0042B13D8A4
:10015000DFE803F00349677044000021774B1A7809
:1001600022F001021A701A7822F002021A705970F5
:100170001A7861F382021A70714B1B685A69EFF3A7
:10018000108072B6D2E8CFCF0121BCF1000FF9D1B7
:10019000C2E84C1FBCF1000FF4D1BFF35F8F2146C2
:1001A00098611846019301F0A3F9019B0022596957
:1001B000C1E88F2F9B6983F3108840B94FF0E0238B
:1001C000D3F8F03DDB0707D500BE06B070BD324660
:1001D0006178207801F094F906B070BD594A13781F
:1001E00001331370C8E70022574B1878134611E00B
:1001F0005649096811EB431308D0DB6933B1207805
:10020000616801929847504B019A18780132D3B235
:10021000834218D89842EBD84D491B1A01EB43137F
:10022000EBE7464B1A78D207D6D51A7842F004028B
:100230001A70A1E7414B1A78D507CDD51A7822F06C
:1002400004021A7098E73D4B1A78500733D4DB78D4
:10025000DA07C1D503223A4B207861681B688DF814
:100260000C008DF80D205A690491EFF3108172B6DD
:10027000D2E8CF4F0120002CFAD1C2E8440F002C65
:10028000F6D1BFF35F8F9961184603A9019301F07E
:100290002FF9019B00225969C1E88F2F9B6983F3D5
:1002A000108800288AD032469DF80D109DF80C0069
:1002B00001F026F990E7002505201978CDE90455CD
:1002C00021F00401039519708DF80D001C4A217866
:1002D00012688DF80C105169EFF3108072B6D1E8F6
:1002E000CFEF5FF0010CBEF1000FF8D1C1E84ECFA7
:1002F000BEF1000FF3D1BFF35F8F906103A91046E9
:10030000019201F0F5F8019A5169C1E88F5F926995
:1003100082F31088094B38B94FF0E022D2F8F02D63
:10032000D10794D500BE92E732469DF80D109DF896
:100330000C0001F0E5F8014B89E700BF384C0020C4
:10034000904C0020EB6D0020E96D0020304B002028
:1003500054ED001084466AB3013900B502EB010E7A
:10036000DCF80C309B07FBD511F8013F7145CCF848
:100370000830F5D1DCF80C30580705D5DCF808302A
:10038000DCF80C305807F9D4DCF80C30D90606D567
:10039000DCF80C30D906F7D401E0DCF80830DCF8E2
:1003A0000C305B07F9D401231046CCF8203000BD97
:1003B000DCF80830DCF80C305807F9D4DCF80C30E5
:1003C000D90606D5DCF80C30D906F7D401E0DCF804
:1003D0000830DCF80C305B07F9D401231046CCF868
:1003E0002030704730B50D4619469E46E1B1A3B1A5
:1003F000D0F80CC003F108041CF0020F03D0A14296
:1004000026D28560013BC4686407F0D58468013951
:1004100002F8014B0029EAD106E0C4686407F5D46C
:10042000C4686407F2D4F8E74BB1C2689107FCD501
:1004300013F1080F05D0013B8560002BF5D1704604
:1004400030BDC2689207F0D5C2689207F9D4ECE7D4
:10045000C4686407DAD4CBE730B50C4619469E462B
:10046000F1B1B3B1D0F80CC003F108051CF0020FD4
:1004700005D0A9422CD234F8025B013B8560C568E7
:100480006D07EED58568013922F8025B0029E8D1B5
:1004900006E0C5686D07F5D4C5686D07F2D4F8E7C6
:1004A0006BB1C2689107FCD513F1080F09D0214642
:1004B00031F8022B013B0C468260002BF1D17046D3
:1004C00030BDC2689207ECD5C2689207F9D4E8E75C
:1004D000C5686D07D6D4C5E784466AB3023900B54E
:1004E00001EB420EDCF80C309B07FBD531F8023FE4
:1004F0008E45CCF80830F5D1DCF80C30580705D51E
:10050000DCF80830DCF80C305807F9D4DCF80C3093
:10051000D90606D5DCF80C30D906F7D401E0DCF8B2
:100520000830DCF80C305B07F9D401231046CCF816
:10053000203000BDDCF80830DCF80C305807F9D466
:10054000DCF80C30D90606D5DCF80C30D906F7D427
:1005500001E0DCF80830DCF80C305B07F9D401234B
:100560001046CCF82030704730B50D4619469E46EF
:10057000E1B1A3B1D0F80CC003F108041CF0020FE4
:1005800003D0A14226D28560013BC4686407F0D540
:100590008468013922F8024B0029EAD106E0C468D8
:1005A0006407F5D4C4686407F2D4F8E74BB1C268B5
:1005B0009107FCD513F1080F05D0013B8560002B96
:1005C000F5D1704630BDC2689207F0D5C268920777
:1005D000F9D4ECE7C4686407DAD4CBE70A1E38B56F
:1005E000C2F30A55A8BF4FF0010EC2F31302B8BF01
:1005F0004FF0FF3EA5F2FF3C42F48012BCF1130F16
:100600000CDCBCF1000F21DB4FF40023CCF1140112
:1006100043FA0CF3134423FA01F213E0BCF11E0F6A
:100620001BD8A5F213454FF00041E9404318CCF127
:10063000340128BF0132CB40AA401343BCF1140F50
:1006400018BF1A4602FB0EFE704638BDBCF1FF3FD4
:1006500018BF4FF0000E704638BD00F041FF8646CF
:10066000704638BD00B52DED028B08EE100A83B040
:1006700000F024F8B4EE488AF1EE10FA06D6DFED69
:100680000E7AB4EEE78AF1EE10FA03D403B0BDECB3
:10069000028B00BDCDED017A00F01EFFDDED017A89
:1006A00003462122C7EEA77A1A6017EE900A03B01C
:1006B000BDEC028B00BD00BF0000000007EE900AF9
:1006C000F1EEE77A17EE900A704700BF81F0004123
:1006D00002E000BF83F0004330B54FEA41044FEA27
:1006E000430594EA050F08BF90EA020F1FBF54EAC2
:1006F000000C55EA020C7FEA645C7FEA655C00F05E
:10070000E2804FEA5454D4EB5555B8BF6D420CDD2E
:100710002C4480EA020281EA030382EA000083EAB1
:10072000010180EA020281EA0303362D88BF30BD51
:1007300011F0004F4FEA01314FF4801C4CEA1131A7
:1007400002D0404261EB410113F0004F4FEA033306
:100750004CEA133302D0524263EB430394EA050F91
:1007600000F0A780A4F10104D5F1200E0DDB02FA00
:100770000EFC22FA05F2801841F1000103FA0EF294
:10078000801843FA05F359410EE0A5F120050EF15A
:10079000200E012A03FA0EFC28BF4CF0020C43FA8B
:1007A00005F3C01851EBE37101F0004507D54FF098
:1007B000000EDCF1000C7EEB00006EEB0101B1F5E8
:1007C000801F1BD3B1F5001F0CD349085FEA30002E
:1007D0004FEA3C0C04F101044FEA445212F5800F39
:1007E00080F09A80BCF1004F08BF5FEA500C50F1D6
:1007F000000041EB045141EA050130BD5FEA4C0CB9
:10080000404141EB0101013C28BFB1F5801FE9D215
:1008100091F0000F04BF01460020B1FA81F308BF38
:100820002033A3F10B03B3F120020CDA0C3208DD04
:1008300002F1140CC2F10C0201FA0CF021FA02F1DF
:100840000CE002F11402D8BFC2F1200C01FA02F14F
:1008500020FA0CFCDCBF41EA0C019040E41AA2BF74
:1008600001EB0451294330BD6FEA04041F3C1CDA3C
:100870000C340EDC04F11404C4F1200220FA04F05C
:1008800001FA02F340EA030021FA04F345EA030106
:1008900030BDC4F10C04C4F1200220FA02F001FAC8
:1008A00004F340EA0300294630BD21FA04F029464A
:1008B00030BD94F0000F83F4801306BF81F48011E3
:1008C0000134013D4EE77FEA645C18BF7FEA655C56
:1008D00029D094EA050F08BF90EA020F05D054EA28
:1008E000000C04BF1946104630BD91EA030F1EBF2D
:1008F0000021002030BD5FEA545C05D14000494131
:1009000028BF41F0004130BD14F580043CBF01F523
:10091000801130BD01F0004545F0FE4141F4700109
:100920004FF0000030BD7FEA645C1ABF19461046E4
:100930007FEA655C1CBF0B46024650EA013406BFE5
:1009400052EA033591EA030F41F4002130BD00BFA4
:1009500090F0000F04BF0021704730B54FF4806461
:1009600004F132044FF000054FF0000150E700BFE2
:1009700090F0000F04BF0021704730B54FF4806441
:1009800004F1320410F0004548BF40424FF000012E
:100990003EE700BF42004FEAE2014FEA31014FEA71
:1009A00002701FBF12F07F4393F07F4F81F06051C0
:1009B000704732F07F4208BF704793F07F4F04BF0B
:1009C00041F40021704730B54FF4607401F00045E8
:1009D00021F000411CE700BF50EA010208BF704748
:1009E00030B54FF000050AE050EA010208BF704739
:1009F00030B511F0004502D5404261EB41014FF4A2
:100A0000806404F132045FEA915C3FF4D8AE4FF0A9
:100A100003025FEADC0C18BF03325FEADC0C18BF8C
:100A2000033202EBDC02C2F1200300FA03FC20FADD
:100A300002F001FA03FE40EA0E0021FA02F114442A
:100A4000BDE600BF80F0004002E000BF81F0004141
:100A500042001FBF5FEA410392EA030F7FEA226C64
:100A60007FEA236C6AD04FEA1262D2EB1363C1BFF4
:100A7000D218414048404140B8BF5B42192B88BF63
:100A8000704710F0004F40F4000020F07F4018BF86
:100A9000404211F0004F41F4000121F07F4118BFA6
:100AA000494292EA030F3FD0A2F1010241FA03FC4E
:100AB00010EB0C00C3F1200301FA03F100F0004336
:100AC00002D5494260EB4000B0F5000F13D3B0F1FE
:100AD000807F06D340084FEA310102F10102FE2A6D
:100AE00051D2B1F1004F40EBC25008BF20F00100DD
:100AF00040EA03007047490040EB0000013A28BF7C
:100B0000B0F5000FEDD2B0FA80FCACF1080CB2EBFE
:100B10000C0200FA0CF0AABF00EBC250524218437C
:100B2000BCBFD0401843704792F0000F81F4000121
:100B300006BF80F400000132013BB5E74FEA4103F4
:100B40007FEA226C18BF7FEA236C21D092EA030F60
:100B500004D092F0000F08BF0846704790EA010FDA
:100B60001CBF0020704712F07F4F04D1400028BF07
:100B700040F00040704712F100723CBF00F50000E9
:100B8000704700F0004343F0FE4040F4000070471F
:100B90007FEA226216BF08467FEA236301464202CB
:100BA00006BF5FEA412390EA010F40F480007047DE
:100BB0004FF0000304E000BF10F0004348BF404284
:100BC0005FEA000C08BF704743F0964301464FF0C0
:100BD00000001CE050EA010208BF70474FF000031C
:100BE0000AE000BF50EA010208BF704711F000435D
:100BF00002D5404261EB41015FEA010C02BF84462D
:100C00000146002043F0B64308BFA3F18053A3F58B
:100C10000003BCFA8CF2083AA3EBC25310DB01FAD2
:100C200002FC634400FA02FCC2F12002BCF1004F56
:100C300020FA02F243EB020008BF20F001007047E7
:100C400002F1200201FA02FCC2F1200250EA4C003B
:100C500021FA02F243EB020008BF20EADC70704781
:100C60004FF0FF0C1CEAD0521EBF1CEAD15392EA8F
:100C70000C0F93EA0C0F6FD01A4480EA010C40026B
:100C800018BF5FEA41211ED04FF0006343EA5010C5
:100C900043EA5111A0FB01310CF00040B1F5000F07
:100CA0003EBF490041EAD3715B0040EA010062F1B6
:100CB0007F02FD2A1DD8B3F1004F40EBC25008BFA0
:100CC00020F00100704790F0000F0CF0004C08BFBE
:100CD00049024CEA502040EA51207F3AC2BFD2F18B
:100CE000FF0340EAC250704740F400004FF0000399
:100CF000013A5DDC12F1190FDCBF00F000407047D3
:100D0000C2F10002410021FA02F1C2F1200200FA10
:100D100002FC5FEA310040F1000053EA4C0308BFD7
:100D200020EADC70704792F0000F00F0004C02BF28
:100D3000400010F4000F013AF9D040EA0C0093F0A3
:100D4000000F01F0004C02BF490011F4000F013BFD
:100D5000F9D041EA0C018FE70CEAD15392EA0C0F6B
:100D600018BF93EA0C0F0AD030F0004C18BF31F0D6
:100D7000004CD8D180EA010000F00040704790F0AC
:100D8000000F17BF90F0004F084691F0000F91F050
:100D9000004F14D092EA0C0F01D142020FD193EA16
:100DA0000C0F03D14B0218BF084608D180EA01009E
:100DB00000F0004040F0FE4040F40000704740F07A
:100DC000FE4040F4400070474FF0FF0C1CEAD05248
:100DD0001EBF1CEAD15392EA0C0F93EA0C0F69D0A4
:100DE000A2EB030280EA010C49024FEA402037D00F
:100DF0004FF0805343EA111143EA10130CF0004006
:100E00008B4238BF5B0042F17D024FF4000C8B42F5
:100E100024BF5B1A40EA0C00B3EB510F24BFA3EBD5
:100E2000510340EA5C00B3EB910F24BFA3EB9103A5
:100E300040EA9C00B3EBD10F24BFA3EBD10340EAFF
:100E4000DC001B0118BF5FEA1C1CE0D1FD2A3FF645
:100E500050AF8B4240EBC25008BF20F001007047FA
:100E60000CF0004C4CEA50207F32C2BFD2F1FF039D
:100E700040EAC250704740F400004FF00003013ACE
:100E800037E792F0000F00F0004C02BF400010F472
:100E9000000F013AF9D040EA0C0093F0000F01F086
:100EA000004C02BF490011F4000F013BF9D041EAA8
:100EB0000C0195E70CEAD15392EA0C0F08D14202DB
:100EC0007FF47DAF93EA0C0F7FF470AF084676E7AE
:100ED00093EA0C0F04D14B023FF44CAF08466EE787
:100EE00030F0004C18BF31F0004CCAD130F0004255
:100EF0007FF45CAF31F000437FF43CAF5FE700BFAD
:100F00004FF0FF3C06E000BF4FF0010C02E000BFD5
:100F10004FF0010C4DF804CD4FEA40024FEA410377
:100F20007FEA226C18BF7FEA236C11D001B052EA2D
:100F3000530C18BF90EA010F58BFB2EB030088BFF3
:100F4000C81738BF6FEAE17018BF40F00100704762
:100F50007FEA226C02D15FEA402C05D17FEA236C44
:100F6000E4D15FEA412CE1D05DF8040B704700BF8B
:100F7000844608466146FFE70FB5FFF7C9FF002822
:100F800048BF10F1000F0FBD4DF808EDFFF7F4FF5B
:100F90000CBF012000205DF808FB00BF4DF808EDF4
:100FA000FFF7EAFF34BF012000205DF808FB00BF17
:100FB0004DF808EDFFF7E0FF94BF012000205DF839
:100FC00008FB00BF4DF808EDFFF7D2FF94BF0120EA
:100FD00000205DF808FB00BF4DF808EDFFF7C8FFE3
:100FE00034BF012000205DF808FB00BF53B94AB9A7
:100FF000002908BF00281CBF4FF0FF314FF0FF3021
:1010000000F0ACB9ADF1080C6DE904CE00F006F8C3
:10101000DDF804E0DDE9022304B070472DE9F04774
:10102000064682B0174608460A9AB4460D46002B7B
:101030004DD18F42BE4665D9B7FA87F149B1C1F1AA
:1010400020038D4007FA01FE06FA01FC26FA03F39D
:101050001D434FEA1E461FFA8EF04FEA1C43B5FBB4
:10106000F6F406FB145543EA054304FB00F59D42E4
:1010700006D91EEB030302D29D4200F24C81013CD3
:101080005B1B1FFA8CFCB3FBF6F506FB153305FB67
:1010900000F04CEA034C60450AD91EEB0C0C2CBF47
:1010A00001230023604502D9002B00F03781013D68
:1010B000ACEB000C45EA0440002422B12CFA01F309
:1010C0000021C2E90031214602B0BDE8F0878B4221
:1010D00008D90AB1C2E9006100242046214602B0C5
:1010E000BDE8F087B3FA83F4002C4DD18B42C0F0F9
:1010F0000581B74240F202812046002AE3D0C2E9CE
:1011000000C5E0E7002F00F0A2801946B7FA87F388
:10111000002B40F0B480C31B1FFA8EF83F0C012453
:101120004FEA1C40B3FBF7F507FB153340EA0343D6
:1011300008FB05F098420AD91EEB03032CBF0126D9
:101140000026984202D9002E00F0E280013D1B1AD1
:101150001FFA8CFCB3FBF7F007FB10334CEA034C8F
:1011600008FB00F363450AD91EEB0C0C2CBF0126CB
:101170000026634502D9002E00F0C7800138ACEB91
:10118000030C40EA054098E7C4F12008A34006FAA2
:1011900004FAA14027FA08FC20FA08F007FA04F93B
:1011A0004CEA030C26FA08F34FEA1C460B431FFADD
:1011B0008CFE190CB0FBF6F706FB170041EA004164
:1011C00007FB0EF088420AD91CEB01012CBF012558
:1011D0000025884202D9002D00F0B280013F091A93
:1011E0009BB2B1FBF6F006FB101100FB0EFE43EACA
:1011F00001439E450AD91CEB03032CBF01210021AA
:101200009E4502D9002900F09E80013840EA07403F
:10121000A3EB0E03A0FB09E18B4276460F4602D3F7
:1012200007D1F24505D2BEEB090661EB0C0101388E
:101230000F4652B1BAEB060163EB070303FA08F558
:10124000E140E3400D43C2E9005300243BE773084B
:10125000B8464908019743EAC0734FEAC67C1C0CA4
:101260009BB244EA014443EA0443B4FBF7F4B1FB04
:10127000F7F51F21019844EA05441B1A50E7194667
:1012800007FA03FEC3F1200300FA01F44FEA1E47F8
:10129000D84026FA03F31FFA8EF806FA01FC23431E
:1012A000B0FBF7F51C0C07FB150044EA004005FBFA
:1012B00008F484424AD91EEB00002CBF0126002608
:1012C000844200D98EB3001B013DB0FBF7F404FB50
:1012D00008F6A146019607FB19009BB2019E43EA5E
:1012E0000043B342C6D21EEB03032CBF01200020F3
:1012F000B34200D2A8B109F1FF34BBE7B6EB070C4B
:1013000060EB030301201D46F7E6F444023836E79C
:10131000023D73441BE7023C7344B1E6F444023DD2
:10132000C6E6A9F102047344A4E7AEEB0404023D4F
:101330002044B0FBF7F404FB08F6A1460196CAE787
:10134000023F61444BE7023863445FE7001BB0FB98
:10135000F7F404FB08F6A1460196BCE7704700BF0E
:1013600030B584078646034606D0A2B303F8011BB6
:10137000980702F1FF32F8D1032A26D95FFA81FCDF
:101380000F2A0CEB0C2C0CEB0C402AD922F00F0C82
:101390009C44C3E90000C3E9020010336345F8D15F
:1013A00012F00C0F02F00F0517D04FEA950C1A46F9
:1013B0000CF1FF3403EB8C0C42F8040B6245FBD1BB
:1013C000043305F0030203EB840322B11A4403F84B
:1013D000011B9A42FBD1704630BD2A46002AF5D146
:1013E000F9E71546E1E700BF844641EA000313F040
:1013F000030349D1403A23D30B6803604B68436031
:101400008B688360CB68C3600B6903614B69436180
:101410008B698361CB69C3610B6A03624B6A436268
:101420008B6A8362CB6AC3620B6B03634B6B436350
:101430008B6B8363CB6BC36340304031403ADBD26C
:1014400030320BD30B6803604B6843608B6883605A
:10145000CB68C36010301031103AF3D20C3205D390
:1014600051F8043B40F8043B043AF9D2043208D066
:10147000D2071CBF11F8013B00F8013B01D30B88D8
:1014800003806046704700BF082A13D38B07B1D092
:1014900010F00303AED0C3F10403D21ADB071CBF64
:1014A00011F8013B00F8013BA4D331F8023B20F8CE
:1014B000023B9FE7043AD9D3013A11F8013B00F807
:1014C000013BF9D20B7803704B7843708B788370B3
:1014D00060467047000000005FF800F0C5E10010B2
:1014E0005FF800F08D3200105FF800F03920001036
:1014F0005FF800F0ED7C00105FF800F0D1210010E3
:101500005FF800F0AD6600105FF800F031120010D7
:1015100001000900000000000000000000000000C1
:1015200000000000000000000000000000000000BB
:101530000000000000000000000000000076000035
:10154000000000000000000000000000000000009B
:10155000000000000000000000000000000000008B
:101560000000000000000000280000000000000053
:10157000000000000000000000000000000000006B
:101580002900000000000000000000000000000032
:10159000000000000000000010000000000000003B
:1015A0000000010000000000000000000000020038
:1015B0000000000000000000000003000000000028
:1015C0000000000000000400000000000000000017
:1015D0000000050000000000000000000000FF0007
:1015E0000000000001B5486801318E460047704692
:1015F00009380149884701BD151700100000000097
:10160000FFFFFFFFFFFFFF7F000000000000000062
:10161000000000000000000000000000A0230020E7
:10162000415D0010ED5C0010655C0010D55B0010A2
:101630000000000000010000944C002010000C008D
:10164000000000000000000000000000000000009A
:1016500000000000FF0000000080094000000000C2
:1016600000000940000000000000807F0000C07FF3
:10167000D02000200000000000000000F8490020F9
:10168000604A0020C84A002000000000000000005E
:10169000000000000000000000000000000000004A
:1016A000000000000000000000000000000000003A
:1016B000000000000000000000000000000000002A
:1016C000000000000000000000000000000000001A
:1016D000000000000000000000000000000000000A
:1016E00000000000000000000000000000000000FA
:1016F00000000000000000000000000000000000EA
:1017000000000000000000000000000000000000D9
:1017100001000000000000000E33CDAB34126DE676
:10172000ECDE05000B0000000000000000000000DF
:1017300000000000000000000000000000000000A9
:101740000000000000000000000000000000000099
:101750000000000000000000000000000000000089
:101760000000000000000000000000000000000079
:101770000000000000000000000000000000000069
:101780000000000000000000000000000000000059
:101790000000000000000000000000000000000049
:1017A0000000000000000000000000000000000039
:1017B0000000000000000000000000000000000029
:1017C0000000000000000000000000000000000019
:1017D0000000000000000000000000000000000009
:1017E00000000000000000000000000000000000F9
:1017F00000000000000000000000000000000000E9
:1018000000000000000000000000000000000000D8
:1018100000000000000000000000000000000000C8
:1018200000000000000000000000000000000000B8
:1018300000000000000000000000000000000000A8
:101840000000000000000000000000000000000098
:101850000000000000000000000000000000000088
:101860000000000000000000000000000000000078
:101870000000000000000000000000000000000068
:10188000D3DEFFFFFE010000FF010000B8E8FEFF0D
:04189000793512ABE9
:040000051000014D99
:00000001FF
